[{"path":"docs/AboutUs.md","fileType":"docs","lines":[{"lineNumber":1,"author":{"gitId":"-"},"content":"---","lastModifiedDate":"2020-05-23"},{"lineNumber":2,"author":{"gitId":"-"},"content":"layout: page","lastModifiedDate":"2020-05-23"},{"lineNumber":3,"author":{"gitId":"-"},"content":"title: About Us","lastModifiedDate":"2020-05-23"},{"lineNumber":4,"author":{"gitId":"-"},"content":"---","lastModifiedDate":"2020-05-23"},{"lineNumber":5,"author":{"gitId":"-"},"content":"","lastModifiedDate":"2020-05-23"},{"lineNumber":6,"author":{"gitId":"-"},"content":"We are a team based in the [School of Computing, National University of Singapore](http://www.comp.nus.edu.sg).","lastModifiedDate":"2020-05-23"},{"lineNumber":7,"author":{"gitId":"-"},"content":"","lastModifiedDate":"2020-05-23"},{"lineNumber":8,"author":{"gitId":"-"},"content":"You can reach us at the email `syamfarh@comp.nus.edu.sg`","lastModifiedDate":"2023-09-18"},{"lineNumber":9,"author":{"gitId":"-"},"content":"","lastModifiedDate":"2020-06-17"},{"lineNumber":10,"author":{"gitId":"-"},"content":"## Project team","lastModifiedDate":"2020-06-07"},{"lineNumber":11,"author":{"gitId":"-"},"content":"","lastModifiedDate":"2020-05-23"},{"lineNumber":12,"author":{"gitId":"-"},"content":"### Lim Zhe Rui","lastModifiedDate":"2023-09-18"},{"lineNumber":13,"author":{"gitId":"-"},"content":"","lastModifiedDate":"2020-05-23"},{"lineNumber":14,"author":{"gitId":"-"},"content":"\u003cimg src\u003d\"images/zherui.png\" width\u003d\"200px\"\u003e","lastModifiedDate":"2023-09-18"},{"lineNumber":15,"author":{"gitId":"-"},"content":"","lastModifiedDate":"2020-05-23"},{"lineNumber":16,"author":{"gitId":"-"},"content":"[[github](https://github.com/johndoe)]","lastModifiedDate":"2020-06-17"},{"lineNumber":17,"author":{"gitId":"-"},"content":"","lastModifiedDate":"2020-05-23"},{"lineNumber":18,"author":{"gitId":"-"},"content":"* Role: Project Advisor","lastModifiedDate":"2020-05-23"},{"lineNumber":19,"author":{"gitId":"-"},"content":"","lastModifiedDate":"2020-05-23"},{"lineNumber":20,"author":{"gitId":"-"},"content":"### Bhanuka Bandara Ekanayake ","lastModifiedDate":"2023-09-18"},{"lineNumber":21,"author":{"gitId":"-"},"content":"","lastModifiedDate":"2020-05-23"},{"lineNumber":22,"author":{"gitId":"bhnuka"},"content":"\u003cimg src\u003d\"images/bhnuka.png\" width\u003d\"200px\"\u003e","lastModifiedDate":"2023-10-01"},{"lineNumber":23,"author":{"gitId":"-"},"content":"","lastModifiedDate":"2020-05-23"},{"lineNumber":24,"author":{"gitId":"-"},"content":"[[github](http://github.com/bhnuka)]","lastModifiedDate":"2023-09-18"},{"lineNumber":25,"author":{"gitId":"-"},"content":"","lastModifiedDate":"2020-05-23"},{"lineNumber":26,"author":{"gitId":"-"},"content":"* Role: Team Lead","lastModifiedDate":"2020-05-23"},{"lineNumber":27,"author":{"gitId":"-"},"content":"* Responsibilities: UI","lastModifiedDate":"2020-05-23"},{"lineNumber":28,"author":{"gitId":"-"},"content":"","lastModifiedDate":"2020-05-23"},{"lineNumber":29,"author":{"gitId":"-"},"content":"### Daphne Shaine Wilhelmina","lastModifiedDate":"2023-09-18"},{"lineNumber":30,"author":{"gitId":"-"},"content":"","lastModifiedDate":"2020-05-23"},{"lineNumber":31,"author":{"gitId":"Daphne789"},"content":"\u003cimg src\u003d\"images/daphne789.png\" width\u003d\"200px\"\u003e","lastModifiedDate":"2023-10-02"},{"lineNumber":32,"author":{"gitId":"-"},"content":"","lastModifiedDate":"2020-05-23"},{"lineNumber":33,"author":{"gitId":"-"},"content":"[[github](http://github.com/Daphne789)] ","lastModifiedDate":"2023-09-18"},{"lineNumber":34,"author":{"gitId":"-"},"content":"","lastModifiedDate":"2020-05-23"},{"lineNumber":35,"author":{"gitId":"-"},"content":"* Role: Developer","lastModifiedDate":"2020-05-23"},{"lineNumber":36,"author":{"gitId":"-"},"content":"* Responsibilities: Data","lastModifiedDate":"2020-05-23"},{"lineNumber":37,"author":{"gitId":"-"},"content":"","lastModifiedDate":"2020-05-23"},{"lineNumber":38,"author":{"gitId":"-"},"content":"### Glenn Ng Jun Jie","lastModifiedDate":"2023-09-18"},{"lineNumber":39,"author":{"gitId":"-"},"content":"","lastModifiedDate":"2020-05-23"},{"lineNumber":40,"author":{"gitId":"glenngnng"},"content":"\u003cimg src\u003d\"images/glenngnng.png\" width\u003d\"200px\"\u003e","lastModifiedDate":"2023-10-01"},{"lineNumber":41,"author":{"gitId":"-"},"content":"","lastModifiedDate":"2020-05-23"},{"lineNumber":42,"author":{"gitId":"-"},"content":"[[github](http://github.com/glenngnng)]","lastModifiedDate":"2023-09-18"},{"lineNumber":43,"author":{"gitId":"-"},"content":"","lastModifiedDate":"2020-05-23"},{"lineNumber":44,"author":{"gitId":"-"},"content":"* Role: Developer","lastModifiedDate":"2020-05-23"},{"lineNumber":45,"author":{"gitId":"-"},"content":"* Responsibilities: Dev Ops + Threading","lastModifiedDate":"2020-05-23"},{"lineNumber":46,"author":{"gitId":"-"},"content":"","lastModifiedDate":"2020-05-23"},{"lineNumber":47,"author":{"gitId":"-"},"content":"### Lim Zhen Wy","lastModifiedDate":"2023-09-18"},{"lineNumber":48,"author":{"gitId":"-"},"content":"","lastModifiedDate":"2020-05-23"},{"lineNumber":49,"author":{"gitId":"limzhenwy"},"content":"\u003cimg src\u003d\"images/limzhenwy.png\" width\u003d\"200px\"\u003e","lastModifiedDate":"2023-10-01"},{"lineNumber":50,"author":{"gitId":"-"},"content":"","lastModifiedDate":"2020-05-23"},{"lineNumber":51,"author":{"gitId":"-"},"content":"[[github](http://github.com/limzhenwy)]","lastModifiedDate":"2023-09-18"},{"lineNumber":52,"author":{"gitId":"-"},"content":"","lastModifiedDate":"2023-09-18"},{"lineNumber":53,"author":{"gitId":"-"},"content":"* Role: Developer","lastModifiedDate":"2023-09-18"},{"lineNumber":54,"author":{"gitId":"-"},"content":"* Responsibilities: UI","lastModifiedDate":"2023-09-18"},{"lineNumber":55,"author":{"gitId":"-"},"content":"","lastModifiedDate":"2023-09-18"},{"lineNumber":56,"author":{"gitId":"-"},"content":"### Muhammad Syam Farhan bin Agus Rizal","lastModifiedDate":"2023-09-18"},{"lineNumber":57,"author":{"gitId":"-"},"content":"","lastModifiedDate":"2023-09-18"},{"lineNumber":58,"author":{"gitId":"syamfarh"},"content":"\u003cimg src\u003d\"images/syamfarh.png\" width\u003d\"200px\"\u003e","lastModifiedDate":"2023-10-01"},{"lineNumber":59,"author":{"gitId":"-"},"content":"","lastModifiedDate":"2023-09-18"},{"lineNumber":60,"author":{"gitId":"-"},"content":"[[github](http://github.com/syamfarh)]","lastModifiedDate":"2023-09-18"},{"lineNumber":61,"author":{"gitId":"-"},"content":"","lastModifiedDate":"2020-05-23"},{"lineNumber":62,"author":{"gitId":"-"},"content":"* Role: Developer","lastModifiedDate":"2020-05-23"},{"lineNumber":63,"author":{"gitId":"-"},"content":"* Responsibilities: UI","lastModifiedDate":"2020-05-23"}],"authorContributionMap":{"Daphne789":1,"glenngnng":1,"limzhenwy":1,"bhnuka":1,"syamfarh":1,"-":58}}]
