{"authorDailyContributionsMap":{"limzhenwy":[{"date":"2023-10-01","commitResults":[{"hash":"91ba45ce12edbdaab48334ce983407e182fa977b","isMergeCommit":false,"messageTitle":"Change image name","messageBody":"","fileTypesAndContributionMap":{"docs":{"insertions":1,"deletions":1}}},{"hash":"d285e2bad43b726f23ad6f1cb2b03953b21cc3e8","isMergeCommit":true,"messageTitle":"Merge branch \u0027branch-AboutUs\u0027","messageBody":"","fileTypesAndContributionMap":{}}]},{"date":"2023-10-02","commitResults":[{"hash":"317d64d2061d9e735e53a5d0d61dabdf67b5b5b0","isMergeCommit":true,"messageTitle":"Merge pull request #22 from Daphne789/about-us","messageBody":"Update the filename of the profile photo","fileTypesAndContributionMap":{}},{"hash":"17ac49e30bbd2a06578c75c9f149aa621ecdaf05","isMergeCommit":false,"messageTitle":"Add skeletal PPP","messageBody":"","fileTypesAndContributionMap":{"docs":{"insertions":41,"deletions":46}}},{"hash":"1d22d6402c7d5b04858c7324f610d83f5f28f5bd","isMergeCommit":false,"messageTitle":"Add more details to PPP","messageBody":"","fileTypesAndContributionMap":{"docs":{"insertions":17,"deletions":17}}},{"hash":"da5ee3fc1fe93c08568cae8f36f0ba43c4788ab9","isMergeCommit":false,"messageTitle":"Edit user stories in DG","messageBody":"","fileTypesAndContributionMap":{"docs":{"insertions":7,"deletions":8}}},{"hash":"d25544bea6caf0b246266af26d317f4594afac73","isMergeCommit":false,"messageTitle":"Update Find command in UG","messageBody":"","fileTypesAndContributionMap":{"docs":{"insertions":2,"deletions":3}}}]},{"date":"2023-10-03","commitResults":[{"hash":"3387258a96997885e6c070927564137604aa53db","isMergeCommit":true,"messageTitle":"Merge pull request #40 from glenngnng/Update-dev-guide","messageBody":"Update DG: non-functional requirements","fileTypesAndContributionMap":{}}]},{"date":"2023-10-04","commitResults":[{"hash":"27dd68218c9219aa65c586414eeee63163fba454","isMergeCommit":false,"messageTitle":"Remove traces of AB3","messageBody":"","fileTypesAndContributionMap":{"other":{"insertions":1,"deletions":1},"docs":{"insertions":12,"deletions":12}}}]},{"date":"2023-10-16","commitResults":[{"hash":"51e83f70fc44cdbe1bad6b7c01e01d83cf9f7443","isMergeCommit":true,"messageTitle":"Merge pull request #53 from glenngnng/Undo","messageBody":"Add undo functionality for delete","fileTypesAndContributionMap":{}}]}],"glenngnng":[{"date":"2023-10-01","commitResults":[{"hash":"d4bb485acd50b4faa82b60e06a71835502f28d70","isMergeCommit":false,"messageTitle":"Change filename in AboutUs.md for glenngnng","messageBody":"","fileTypesAndContributionMap":{"docs":{"insertions":1,"deletions":1}}},{"hash":"7f28a0ba2bec7b3c156c17a069c31936f5c47cca","isMergeCommit":true,"messageTitle":"Merge pull request #14 from syamfarh/update-readme-aboutus","messageBody":"Update readme aboutus","fileTypesAndContributionMap":{}},{"hash":"61e5f7e0d0871a06e198eefb526c7a9f6b2e8530","isMergeCommit":false,"messageTitle":"Add skeletal PPP, glenngnng.md","messageBody":"","fileTypesAndContributionMap":{"docs":{"insertions":40,"deletions":0}}}]},{"date":"2023-10-02","commitResults":[{"hash":"3a5d38f73433b454f7ee00eb26b462c5b1989ab6","isMergeCommit":true,"messageTitle":"Merge branch \u0027master\u0027 of https://github.com/glenngnng/tp","messageBody":"","fileTypesAndContributionMap":{}},{"hash":"af217573f737b94e89432e9e1e01b103d2daa2a3","isMergeCommit":true,"messageTitle":"Merge pull request #24 from syamfarh/update-PPP","messageBody":"Update PPP for syamfarh","fileTypesAndContributionMap":{}},{"hash":"0bffb26ac61455ec174fa26351d54274f1e4cc89","isMergeCommit":true,"messageTitle":"Merge pull request #25 from bhnuka/update-PPP","messageBody":"Update ppp","fileTypesAndContributionMap":{}},{"hash":"3aa0e2e26f8cbc20fdfe85271cb532307a9c5983","isMergeCommit":true,"messageTitle":"Merge pull request #28 from Daphne789/skeletal-PPP","messageBody":"Add Skeletal for Daphne\u0027s Project Portfolio Page","fileTypesAndContributionMap":{}},{"hash":"4e5c59cbf757655901417d84a2ad97044f600c0c","isMergeCommit":true,"messageTitle":"Merge branch \u0027master\u0027 of https://github.com/glenngnng/tp","messageBody":"","fileTypesAndContributionMap":{}}]},{"date":"2023-10-03","commitResults":[{"hash":"92946372f01a96747ef829fec643dbb8ee208cf5","isMergeCommit":true,"messageTitle":"Merge branch \u0027master\u0027 of https://github.com/glenngnng/tp","messageBody":"","fileTypesAndContributionMap":{}},{"hash":"cd85f9a59d1bc5b9f4c9fa0b30591ed9a3244503","isMergeCommit":false,"messageTitle":"Update delete feature segment of user guide.","messageBody":"","fileTypesAndContributionMap":{"docs":{"insertions":17,"deletions":3}}},{"hash":"05c323a0fc2bf43109242768d19d5d5b5d983777","isMergeCommit":false,"messageTitle":"Update non-functional requirements segment of the developer guide","messageBody":"","fileTypesAndContributionMap":{"docs":{"insertions":13,"deletions":3}}}]},{"date":"2023-10-04","commitResults":[{"hash":"f8404659a9a617595bf6602b4549762ef817f5ee","isMergeCommit":true,"messageTitle":"Merge branch \u0027master\u0027 of https://github.com/glenngnng/tp","messageBody":"","fileTypesAndContributionMap":{}}]},{"date":"2023-10-15","commitResults":[{"hash":"92bc6d5d3b6350734a2d81d532e1f4534ea4ac22","isMergeCommit":true,"messageTitle":"Merge branch \u0027master\u0027 of https://github.com/glenngnng/tp","messageBody":"","fileTypesAndContributionMap":{}},{"hash":"568d229e2cfd06331e934ac60c48e9da039dd80b","isMergeCommit":false,"messageTitle":"Add Undo feature to undo a singular, most recent delete command","messageBody":"","fileTypesAndContributionMap":{"functional-code":{"insertions":65,"deletions":0}}},{"hash":"f55f2ff3040bfeb60cf23a1a8cb990b6763324cd","isMergeCommit":false,"messageTitle":"Fix coding style","messageBody":"","fileTypesAndContributionMap":{"functional-code":{"insertions":2,"deletions":2}}},{"hash":"a9b9bf334067b5a1634e2bf8c19dfd451063681c","isMergeCommit":false,"messageTitle":"Fix ModelStub in AddCommandTest","messageBody":"ModelStub now contains and overrrides storeDeletedPerson(deletedPerson)\nand getDeletedPerson() methods.\n","fileTypesAndContributionMap":{"test-code":{"insertions":10,"deletions":0}}},{"hash":"a8b36adf3c1c53301c8620c8d6aa566da4c729ee","isMergeCommit":false,"messageTitle":"Add Javadocs","messageBody":"","fileTypesAndContributionMap":{"functional-code":{"insertions":8,"deletions":0}}},{"hash":"9ce892a555f0c49e70aa38815cdfafc8867af5c8","isMergeCommit":false,"messageTitle":"Add UndoCommandTest","messageBody":"Test Undo success and Undo Failure due to a previous undo statement\n(i.e. undo command typed out twice without a delete in between).\n","fileTypesAndContributionMap":{"functional-code":{"insertions":13,"deletions":0},"test-code":{"insertions":69,"deletions":0}}},{"hash":"72dbfae435d81fd5d7470d9e13ec12488a6c0bb4","isMergeCommit":false,"messageTitle":"Fix code style","messageBody":"","fileTypesAndContributionMap":{"test-code":{"insertions":2,"deletions":3}}},{"hash":"8ca860f20162b134c8b22dff94d49d9a233f2883","isMergeCommit":false,"messageTitle":"Remove non-useful commented code","messageBody":"","fileTypesAndContributionMap":{"test-code":{"insertions":0,"deletions":8}}}]},{"date":"2023-10-16","commitResults":[{"hash":"f9aa04c437d0ec38a514116e6009c1a60f4b3022","isMergeCommit":false,"messageTitle":"Update UG for undo function","messageBody":"","fileTypesAndContributionMap":{"docs":{"insertions":25,"deletions":0}}},{"hash":"799c4a357ba39fdc101162d344c84d5c9431b6f5","isMergeCommit":false,"messageTitle":"Rename exception message","messageBody":"","fileTypesAndContributionMap":{"functional-code":{"insertions":5,"deletions":4},"test-code":{"insertions":2,"deletions":3}}},{"hash":"441fef25a9bf3ca435d848f29201addfef8a65fe","isMergeCommit":false,"messageTitle":"Fix bug in UndoCommandTest due to placeholder","messageBody":"","fileTypesAndContributionMap":{"test-code":{"insertions":4,"deletions":3}}},{"hash":"069d30ced3ab809d71297a5d19ad854728669547","isMergeCommit":false,"messageTitle":"Fix coding style","messageBody":"","fileTypesAndContributionMap":{"test-code":{"insertions":1,"deletions":0}}}]}],"Daphne789":[{"date":"2023-10-01","commitResults":[{"hash":"55d591b096390831d08e6ba1406bbcbbb0762aea","isMergeCommit":true,"messageTitle":"Merge pull request #16 from bhnuka/update-project-website","messageBody":"Update project website","fileTypesAndContributionMap":{}}]},{"date":"2023-10-02","commitResults":[{"hash":"8da14fda9fa67f2d6ba8c74b8e507e2c061de4f1","isMergeCommit":false,"messageTitle":"Update the filename of the profile photo","messageBody":"","fileTypesAndContributionMap":{"docs":{"insertions":1,"deletions":1}}},{"hash":"a1b3f94c35313242d4592f5e3f20dffdcb5f6a17","isMergeCommit":false,"messageTitle":"Create Skeletal for Project Portfolio Page","messageBody":"","fileTypesAndContributionMap":{"docs":{"insertions":40,"deletions":0}}},{"hash":"6a5308cb1be843946ef17dbd76b17caf8578e66e","isMergeCommit":true,"messageTitle":"Merge pull request #27 from bhnuka/update-the-ug","messageBody":"Updated the UG with add command details","fileTypesAndContributionMap":{}}]},{"date":"2023-10-03","commitResults":[{"hash":"d99869193842a2a0bc25a4202cc95d7ceb67e5fc","isMergeCommit":true,"messageTitle":"Merge pull request #39 from glenngnng/Update-user-guide","messageBody":"Update user guide","fileTypesAndContributionMap":{}},{"hash":"8ad9167ea47fac00529dd231c630f7be7c345f39","isMergeCommit":false,"messageTitle":"Update the User Guide for Help Feature","messageBody":"","fileTypesAndContributionMap":{"docs":{"insertions":12,"deletions":12}}},{"hash":"8fabc433c4687b3bc39014de85fb2348d01c2db1","isMergeCommit":false,"messageTitle":"Update Use Cases in the Developer Guide","messageBody":"","fileTypesAndContributionMap":{"docs":{"insertions":114,"deletions":9}}},{"hash":"6aa2adc0e7b3a5e8100b620462ce2accf1423b9d","isMergeCommit":false,"messageTitle":"Change \u0027persons\u0027 to \u0027person\u0027 on line 353","messageBody":"","fileTypesAndContributionMap":{"docs":{"insertions":1,"deletions":1}}}]},{"date":"2023-10-13","commitResults":[{"hash":"5f9312f032c4a3568f27b285a3ef794c55e0646d","isMergeCommit":false,"messageTitle":"Modify the help window to show main commands directly","messageBody":"","fileTypesAndContributionMap":{"functional-code":{"insertions":49,"deletions":4}}}]},{"date":"2023-10-14","commitResults":[{"hash":"e1bacd8c05165caf9dd21cc4295e1fae3ae226aa","isMergeCommit":true,"messageTitle":"Merge pull request #49 from bhnuka/updated-with-occupation","messageBody":"Update with occupation","fileTypesAndContributionMap":{}},{"hash":"1b928584cc6ec83865ac44d4e41b13688bc85f2d","isMergeCommit":false,"messageTitle":"Change the PREFIX_ADDRESS from ad/ to a/","messageBody":"","fileTypesAndContributionMap":{"functional-code":{"insertions":1,"deletions":1}}}]}],"bhnuka":[{"date":"2023-10-01","commitResults":[{"hash":"a8e5d835fbe846032b0a93c9d9f992809444340d","isMergeCommit":true,"messageTitle":"Merge branch \u0027master\u0027 of https://github.com/bhnuka/tp","messageBody":"","fileTypesAndContributionMap":{}},{"hash":"9d2d3e68d0d4f4124dfd01b3f9da4e2b277b86a7","isMergeCommit":false,"messageTitle":"Add AboutUs, UI, and New PNG","messageBody":"Absence of AboutUs content, UI updates, and new image\n\nEnhance user experience with AboutUs, UI improvements, and fresh image\n\nThis commit adds AboutUs content, updates the UI for improved usability, and includes a new PNG image\n\nTo provide users with information, a better UI, and visual enhancements\n\nNo functional changes; only additions for user satisfaction\n","fileTypesAndContributionMap":{"docs":{"insertions":1,"deletions":1}}},{"hash":"a952956ac48a0a1979af34bc67c7ded0f667b45d","isMergeCommit":true,"messageTitle":"Merge pull request #13 from glenngnng/Change-profile-picture-file-name","messageBody":"Change profile picture file name to github username.","fileTypesAndContributionMap":{}}]},{"date":"2023-10-02","commitResults":[{"hash":"adc71506357fd21762c9c9541f47eb7656a38176","isMergeCommit":true,"messageTitle":"Merge branch \u0027master\u0027 of https://github.com/bhnuka/tp","messageBody":"","fileTypesAndContributionMap":{}},{"hash":"8a653a043eaacf88a57779f8b1d37cf3a5a33dda","isMergeCommit":true,"messageTitle":"Merge branch \u0027master\u0027 of https://github.com/bhnuka/tp","messageBody":"","fileTypesAndContributionMap":{}},{"hash":"af4adf9bddad0e1962f68a69fae0263a9e77ec7b","isMergeCommit":false,"messageTitle":"Create Skeletal Project Portfolio Page (PPP)","messageBody":"Project Portfolio Page (PPP) is absent\n\nBegin developing the PPP to showcase project details\n\nThis commit establishes a skeletal PPP structure\n\nStart the PPP creation process to display project information\n\nInitial setup without detailed content\n","fileTypesAndContributionMap":{"docs":{"insertions":39,"deletions":0}}},{"hash":"cd155c6fa88ed53bd7063d32f61bed21c19a1b0e","isMergeCommit":false,"messageTitle":"Update User Guide","messageBody":"User guide requires revision and updates\n\nEnsure user documentation remains accurate and helpful\n\nThis commit includes revisions and updates to the user guide\n\nTo provide users with up-to-date and accurate instructions\n\nUser guide improvements for better user experience\n","fileTypesAndContributionMap":{"docs":{"insertions":1,"deletions":1}}},{"hash":"5cc382b45fd1705c3abe9ad5f102e6c723df00b5","isMergeCommit":false,"messageTitle":"Updated person with occupation","messageBody":"","fileTypesAndContributionMap":{"functional-code":{"insertions":116,"deletions":7}}},{"hash":"17d032da4da9b21a315f613ec8b043c18594219c","isMergeCommit":false,"messageTitle":"Further updated guide to update add command details","messageBody":"","fileTypesAndContributionMap":{"docs":{"insertions":22,"deletions":5}}},{"hash":"696fd6825bf101d80ffbb81736831a0a7f8a968e","isMergeCommit":false,"messageTitle":"Updated PPP to include RepoSense link","messageBody":"","fileTypesAndContributionMap":{"docs":{"insertions":1,"deletions":1}}},{"hash":"c2297ba8d1ee4db5e12e5f1ec0065f43c8d57e55","isMergeCommit":true,"messageTitle":"Merge pull request #29 from syamfarh/update-UG","messageBody":"Update ug","fileTypesAndContributionMap":{}},{"hash":"f8281e88b174841fa5540ecc27b050e8bef8f92f","isMergeCommit":true,"messageTitle":"Merge branch \u0027master\u0027 of https://github.com/bhnuka/tp","messageBody":"","fileTypesAndContributionMap":{}},{"hash":"2cfc979ec86a1cbec6cc5fb06df93d4f9c6c6ebb","isMergeCommit":false,"messageTitle":"Added images to the user guide for add command","messageBody":"","fileTypesAndContributionMap":{"docs":{"insertions":4,"deletions":0}}},{"hash":"39a768f690561153579c0d27adac30e90b387473","isMergeCommit":true,"messageTitle":"Merge pull request #17 from glenngnng/Add-skeletal-PPP","messageBody":"Add skeletal PPP, glenngnng.md","fileTypesAndContributionMap":{}},{"hash":"b3804fa40cec5bbad9752f92330809bb30a80441","isMergeCommit":true,"messageTitle":"Merge branch \u0027master\u0027 of https://github.com/bhnuka/tp","messageBody":"","fileTypesAndContributionMap":{}},{"hash":"d6db42de40b64a8777f20440062c6993df4a47ed","isMergeCommit":false,"messageTitle":"Updated the target user profile and the value proposition","messageBody":"","fileTypesAndContributionMap":{"docs":{"insertions":6,"deletions":1}}}]},{"date":"2023-10-03","commitResults":[{"hash":"703bafe2db4dae594df87db80409684033741645","isMergeCommit":true,"messageTitle":"Merge pull request #32 from limzhenwy/branch-DevGuide","messageBody":"Edit user stories in DG","fileTypesAndContributionMap":{}},{"hash":"5670c3ab4e861b8062daac1f33642132e07ee0fb","isMergeCommit":true,"messageTitle":"Merge pull request #38 from limzhenwy/branch-UserGuide","messageBody":"Update Find command in UG","fileTypesAndContributionMap":{}},{"hash":"4fcb3a83af0b94fc59215e50a7eb127971eb9a87","isMergeCommit":true,"messageTitle":"Merge branch \u0027master\u0027 of https://github.com/bhnuka/tp","messageBody":"","fileTypesAndContributionMap":{}},{"hash":"16bd7d51dbbfae7d73bdbea63963964bef05707c","isMergeCommit":true,"messageTitle":"Merge pull request #42 from Daphne789/update-user-guide","messageBody":"Update the User Guide for Help Feature","fileTypesAndContributionMap":{}},{"hash":"55a306a9e335eb63f4d8c523bbbe91b300020cda","isMergeCommit":true,"messageTitle":"Merge branch \u0027master\u0027 of https://github.com/bhnuka/tp","messageBody":"","fileTypesAndContributionMap":{}},{"hash":"4db0306be42b192df013731f116d4849eab3beb2","isMergeCommit":false,"messageTitle":"Updated readme with details relevant to FAPro, while removing references to AddressBook3 (AB3)","messageBody":"","fileTypesAndContributionMap":{"docs":{"insertions":16,"deletions":11}}},{"hash":"bfcd58db9add7905d2d2fad3f56ab10fd8141984","isMergeCommit":true,"messageTitle":"Merge pull request #45 from syamfarh/update-UG","messageBody":"Update config.yml","fileTypesAndContributionMap":{}},{"hash":"42cde32b99bf0302fa62ef8eed1cfeae5f66a466","isMergeCommit":false,"messageTitle":"Removed references to AB3 and touched up on some formatting (to include occupation field)","messageBody":"","fileTypesAndContributionMap":{"docs":{"insertions":10,"deletions":10}}},{"hash":"0082d0b3d5dd0fc8c8ea226ed705780ec0c9a51f","isMergeCommit":true,"messageTitle":"Merge pull request #43 from Daphne789/update-developer-guide","messageBody":"Update Use Cases in the Developer Guide","fileTypesAndContributionMap":{}}]},{"date":"2023-10-04","commitResults":[{"hash":"ed661b8113f77e09f0310b224ebb19a2b8af93f1","isMergeCommit":true,"messageTitle":"Merge pull request #47 from limzhenwy/branch-RemoveAB3","messageBody":"Remove traces of AB3","fileTypesAndContributionMap":{}}]},{"date":"2023-10-13","commitResults":[{"hash":"f75192f46f5688c74763d64f14605c3fdb53ce45","isMergeCommit":false,"messageTitle":"additional changes to accomodate addperson","messageBody":"","fileTypesAndContributionMap":{"functional-code":{"insertions":37,"deletions":19},"test-code":{"insertions":83,"deletions":24}}},{"hash":"58b2d7bc456356fffb1ad7e11dc0e6a372fb8515","isMergeCommit":false,"messageTitle":"even more","messageBody":"","fileTypesAndContributionMap":{"functional-code":{"insertions":3,"deletions":1},"test-code":{"insertions":15,"deletions":3}}},{"hash":"8af73acfd152096c59928044a80043e3a19f2ff6","isMergeCommit":false,"messageTitle":"Add Occupation Parameter, Class, Testing and Changes to AddCommand","messageBody":"Contact lacks occupation information\n\nEnhance contact information to provide a more comprehensive view\n\nThis commit adds an occupation parameter and class for comprehensive contact details\n\nTo include occupation details for a more detailed contact profile\n","fileTypesAndContributionMap":{"functional-code":{"insertions":19,"deletions":5},"test-code":{"insertions":122,"deletions":35}}}]},{"date":"2023-10-14","commitResults":[{"hash":"f10f7417a332d68565fd013f975016612f92fb3e","isMergeCommit":true,"messageTitle":"Merge pull request #50 from Daphne789/help-window","messageBody":"Modify the help window","fileTypesAndContributionMap":{}},{"hash":"2fb3f5ca6bd63c0e1a44ce28f7fede8a174e9ee3","isMergeCommit":true,"messageTitle":"Merge pull request #52 from syamfarh/edit-command","messageBody":"Bug fix edit command","fileTypesAndContributionMap":{}}]}],"syamfarh":[{"date":"2023-10-01","commitResults":[{"hash":"3117c3c44776046cf2789b5284b11867643f65d7","isMergeCommit":false,"messageTitle":"Update AboutUs.md for syamfarh","messageBody":"","fileTypesAndContributionMap":{"docs":{"insertions":1,"deletions":1}}},{"hash":"769cb0fde97b0525af273aefbf88ffbd98a44b6f","isMergeCommit":true,"messageTitle":"Merge pull request #11 from limzhenwy/master","messageBody":"Change image name","fileTypesAndContributionMap":{}},{"hash":"cc21eee791d12f7d21e2c1e3ce448877d22f778f","isMergeCommit":true,"messageTitle":"Merge pull request #15 from limzhenwy/branch-AboutUs","messageBody":"Change image file name for limzhenwy.png","fileTypesAndContributionMap":{}},{"hash":"f4ff02ffcd5cead664958291ddb58e13a107513a","isMergeCommit":true,"messageTitle":"Merge branch \u0027master\u0027 of https://github.com/syamfarh/tp","messageBody":"","fileTypesAndContributionMap":{}}]},{"date":"2023-10-02","commitResults":[{"hash":"f42904024ef165f1b837be9a5d267de1cc41d5b2","isMergeCommit":false,"messageTitle":"Create PPP for syamfarh","messageBody":"","fileTypesAndContributionMap":{"docs":{"insertions":30,"deletions":0}}},{"hash":"f3ef473ebd018d1cebe8b628533bb30c215ee6b9","isMergeCommit":false,"messageTitle":"Add RepoSense link to syamfarh.md","messageBody":"","fileTypesAndContributionMap":{"docs":{"insertions":1,"deletions":1}}},{"hash":"c471da3ebe95991d4bad94627408d01d122949ac","isMergeCommit":true,"messageTitle":"Merge branch \u0027AY2324S1-CS2103T-W09-1:master\u0027 into master","messageBody":"","fileTypesAndContributionMap":{}},{"hash":"ab32baaed22cd59a94108d86177123fcfbb5269a","isMergeCommit":false,"messageTitle":"Update UG for Edit command","messageBody":"Modify the description of edit format to taylor to new parameters that will be updated.\nAdd pictures of edit format and success when successfully execute edit command.\n","fileTypesAndContributionMap":{"docs":{"insertions":16,"deletions":1}}},{"hash":"3c7db7f57fc07c95fff6d43e95530fb8f24407bd","isMergeCommit":true,"messageTitle":"Merge branch \u0027AY2324S1-CS2103T-W09-1:master\u0027 into master","messageBody":"","fileTypesAndContributionMap":{}},{"hash":"9aaa0d840575ae66a0f2c165b061a35c2634abb8","isMergeCommit":true,"messageTitle":"Merge branch \u0027master\u0027 of https://github.com/syamfarh/tp into update-UG","messageBody":"","fileTypesAndContributionMap":{}},{"hash":"3e821dcfe845636850fe86c19a52a2480f91271a","isMergeCommit":true,"messageTitle":"Merge branch \u0027master\u0027 of https://github.com/syamfarh/tp","messageBody":"","fileTypesAndContributionMap":{}},{"hash":"1feb73db1ad4bcf3223a97b3248b0abbcceaa377","isMergeCommit":true,"messageTitle":"Merge pull request #30 from bhnuka/update-the-ug","messageBody":"Add images to the user guide for add command","fileTypesAndContributionMap":{}},{"hash":"0fb0c213e3b1327005b37f252d5c89e75b832649","isMergeCommit":true,"messageTitle":"Merge pull request #26 from limzhenwy/branch-PPP","messageBody":"Add skeletal PPP","fileTypesAndContributionMap":{}},{"hash":"9b04a84199a67a590bfafc4f8324e9cf0942a554","isMergeCommit":true,"messageTitle":"Merge branch \u0027AY2324S1-CS2103T-W09-1:master\u0027 into master","messageBody":"","fileTypesAndContributionMap":{}},{"hash":"c22bc5e9d59afcf2230e283b6cd61c767250fde1","isMergeCommit":true,"messageTitle":"Merge branch \u0027master\u0027 of https://github.com/syamfarh/tp","messageBody":"","fileTypesAndContributionMap":{}}]},{"date":"2023-10-03","commitResults":[{"hash":"210f49ba005aba6930eb997ea04457928e926da2","isMergeCommit":true,"messageTitle":"Merge pull request #37 from bhnuka/update-dg","messageBody":"Update target user profile and the value proposition in DG","fileTypesAndContributionMap":{}},{"hash":"f1e4cbf42c7cd98152ce47e074af77effb492ab1","isMergeCommit":true,"messageTitle":"Merge branch \u0027AY2324S1-CS2103T-W09-1:master\u0027 into master","messageBody":"","fileTypesAndContributionMap":{}},{"hash":"280d36e3bc96b2457ccc7d852e5ee8ca05879ec4","isMergeCommit":true,"messageTitle":"Merge branch \u0027master\u0027 of https://github.com/syamfarh/tp","messageBody":"","fileTypesAndContributionMap":{}},{"hash":"9e1c4340d6ab5b51d41a5284a6bf3a398f575929","isMergeCommit":true,"messageTitle":"Merge pull request #44 from bhnuka/update-readme","messageBody":"Update readme.md\r\n\r\n","fileTypesAndContributionMap":{}},{"hash":"80e790e768f0c8a187a76250b95426fbfe6e4de8","isMergeCommit":true,"messageTitle":"Merge branch \u0027AY2324S1-CS2103T-W09-1:master\u0027 into master","messageBody":"","fileTypesAndContributionMap":{}},{"hash":"d799299190043504bb21e7a1c01d09496d1806d7","isMergeCommit":true,"messageTitle":"Merge branch \u0027master\u0027 of https://github.com/syamfarh/tp","messageBody":"","fileTypesAndContributionMap":{}},{"hash":"d31024d80f6b13c589e7ff980a3f989693ebd74c","isMergeCommit":true,"messageTitle":"Merge pull request #46 from bhnuka/update-ug-remove-ab3","messageBody":"Remove references to AB3 and touched up on some formatting (to inclu…","fileTypesAndContributionMap":{}},{"hash":"4f60be5a571065304aab5e1ca3af0fa815eeaf7e","isMergeCommit":true,"messageTitle":"Merge branch \u0027AY2324S1-CS2103T-W09-1:master\u0027 into master","messageBody":"","fileTypesAndContributionMap":{}},{"hash":"f994264bc799f4a608454776ad11a19a0162cce9","isMergeCommit":true,"messageTitle":"Merge branch \u0027master\u0027 of https://github.com/syamfarh/tp","messageBody":"","fileTypesAndContributionMap":{}}]},{"date":"2023-10-14","commitResults":[{"hash":"eabf031e2e76b8906d699bdb591f1e9c82330bb9","isMergeCommit":true,"messageTitle":"Merge branch \u0027AY2324S1-CS2103T-W09-1:master\u0027 into master","messageBody":"","fileTypesAndContributionMap":{}},{"hash":"ca6e4f48d31ce46e4e52e70d3ff7a19f0742a103","isMergeCommit":true,"messageTitle":"Merge branch \u0027master\u0027 of https://github.com/syamfarh/tp","messageBody":"","fileTypesAndContributionMap":{}},{"hash":"3b4864c74906d0d4582f018ef36148742b811e47","isMergeCommit":false,"messageTitle":"Bug fix edit command","messageBody":"Edit command not working for occupation parameter.\n","fileTypesAndContributionMap":{"functional-code":{"insertions":1,"deletions":1}}},{"hash":"80da7931387826d4ff2f7c31fcdaf8f67966428c","isMergeCommit":false,"messageTitle":"Typo fix on Messages format method","messageBody":"Format display typo fixed for occupation.\n","fileTypesAndContributionMap":{"functional-code":{"insertions":1,"deletions":1}}}]}]},"authorFileTypeContributionMap":{"limzhenwy":{"docs":54,"functional-code":0,"test-code":0,"other":1},"glenngnng":{"docs":90,"functional-code":87,"test-code":71},"Daphne789":{"docs":160,"functional-code":49,"test-code":0},"bhnuka":{"docs":97,"functional-code":161,"test-code":217},"syamfarh":{"docs":47,"functional-code":2,"test-code":0}},"authorContributionVariance":{"limzhenwy":776.74225,"glenngnng":1384.9215,"Daphne789":974.2947,"bhnuka":6498.3433,"syamfarh":92.00004},"authorDisplayNameMap":{"limzhenwy":"CS2103T-W09-1 LIM ..N WY","glenngnng":"CS2103T-W09-1 GLEN.. JIE","Daphne789":"CS2103T-W09-1 DAPH..MINA","bhnuka":"CS2103T-W09-1 BHAN..YAKE","syamfarh":"CS2103T-W09-1 MUHA..IZAL"}}
