{"authorDailyContributionsMap":{"javinchua":[{"date":"2023-10-02","commitResults":[{"hash":"89abc3652b1304e20756d56f8c64e62edc847ea0","isMergeCommit":true,"messageTitle":"Merge pull request #21 from jinyang628/update-CreateNewEntry2","messageBody":"Rectify the constraints for create command","fileTypesAndContributionMap":{}},{"hash":"e8471a9b864aab2ee4509ee53ca3caf0c608f4b9","isMergeCommit":true,"messageTitle":"Merge pull request #22 from jinyang628/update-AboutUs3","messageBody":"Update JY\u0027s Project Portfolio","fileTypesAndContributionMap":{}},{"hash":"695a77086fa99a7f4d4cae143f95bcc523e8da8d","isMergeCommit":false,"messageTitle":"Delete Internship","messageBody":"","fileTypesAndContributionMap":{"functional-code":{"insertions":74,"deletions":11},"test-code":{"insertions":122,"deletions":32}}},{"hash":"53af651173608f5205d29fc91241ffd7301dd420","isMergeCommit":false,"messageTitle":"Revert \"Delete Internship\"","messageBody":"This reverts commit 695a77086fa99a7f4d4cae143f95bcc523e8da8d.\n","fileTypesAndContributionMap":{"functional-code":{"insertions":11,"deletions":74},"test-code":{"insertions":32,"deletions":122}}},{"hash":"9f55ff114da1d2f8b870d692887de4c61eb7bbd8","isMergeCommit":false,"messageTitle":"Revert \"Revert \"Delete Internship\"\"","messageBody":"This reverts commit 53af651173608f5205d29fc91241ffd7301dd420.\n","fileTypesAndContributionMap":{"functional-code":{"insertions":74,"deletions":11},"test-code":{"insertions":122,"deletions":32}}},{"hash":"1d7196ce7467e2f62143d8bcb23d3c594d6c40fb","isMergeCommit":false,"messageTitle":"update checkstyle violations","messageBody":"","fileTypesAndContributionMap":{"functional-code":{"insertions":6,"deletions":7}}},{"hash":"7b6ffe9e6fbf005a2d82f60fc2a7994b59e11fd2","isMergeCommit":false,"messageTitle":"Fix checkstyle violation errors","messageBody":"","fileTypesAndContributionMap":{"test-code":{"insertions":7,"deletions":5}}},{"hash":"503cda789f3311e8bbd31f8c07bf9e021729e382","isMergeCommit":false,"messageTitle":"fix test case","messageBody":"","fileTypesAndContributionMap":{"test-code":{"insertions":2,"deletions":2}}},{"hash":"edb1734f525e36e6bd94b2fd6244793b3f2a12ca","isMergeCommit":false,"messageTitle":"Remove unnecessary test case","messageBody":"","fileTypesAndContributionMap":{"test-code":{"insertions":8,"deletions":20}}},{"hash":"825755d4a3d77d837141e77f8bf6b9ce9a0aa8d2","isMergeCommit":false,"messageTitle":"Update AddressBookTest.java","messageBody":"","fileTypesAndContributionMap":{"test-code":{"insertions":0,"deletions":1}}},{"hash":"d11365f30e889104dad69729c7b316225465cb9a","isMergeCommit":false,"messageTitle":"Add PPP","messageBody":"","fileTypesAndContributionMap":{"docs":{"insertions":44,"deletions":0}}},{"hash":"7fbf4e0d6c0c80eed41a50ffc072770e01937797","isMergeCommit":false,"messageTitle":"Remove unused import","messageBody":"","fileTypesAndContributionMap":{"test-code":{"insertions":0,"deletions":1}}},{"hash":"c3429bdd8a0bf00347c23245c783f6799bd06c7a","isMergeCommit":false,"messageTitle":"Update name of file","messageBody":"","fileTypesAndContributionMap":{"docs":{"insertions":1,"deletions":1}}},{"hash":"19121653aff0112d95e3fee2dce0c06b160d4a00","isMergeCommit":false,"messageTitle":"Update User Guide and PPP","messageBody":"","fileTypesAndContributionMap":{"docs":{"insertions":11,"deletions":10}}}]},{"date":"2023-10-04","commitResults":[{"hash":"6b7e548024d1a96980600b9f2d50ef5a0b7d2c2d","isMergeCommit":true,"messageTitle":"Merge branch \u0027master\u0027 into issue-33-updateUG","messageBody":"","fileTypesAndContributionMap":{}},{"hash":"6b459a5f080491a54a28b4adbe41d9f86f5d4237","isMergeCommit":true,"messageTitle":"Merge pull request #48 from s-kybound/issue-33-updateUG","messageBody":"Update user guide","fileTypesAndContributionMap":{}},{"hash":"ad1ed1c73230a3a550d88bd2f9be775869f70429","isMergeCommit":true,"messageTitle":"Merge pull request #55 from shashahchk/issue-12-DG","messageBody":"Issue 12 dg","fileTypesAndContributionMap":{}},{"hash":"100f735e7f02f440a209f6ab982bdc6d08ed7dd6","isMergeCommit":true,"messageTitle":"Merge pull request #50 from s-kybound/issue-29-updatePPP","messageBody":"Update PPP","fileTypesAndContributionMap":{}}]},{"date":"2023-10-06","commitResults":[{"hash":"ece7531afc8951255ed45a7f0c208f1d853bbb65","isMergeCommit":true,"messageTitle":"Merge pull request #58 from shashahchk/fix-DG-1","messageBody":"modify user profile and value prop","fileTypesAndContributionMap":{}}]},{"date":"2023-10-14","commitResults":[{"hash":"d861722e6e6ec0d90c4b3b6092dc586e79e77a36","isMergeCommit":true,"messageTitle":"Merge pull request #68 from jinyang628/issue-67-testCasesStorage","messageBody":"Include test cases for storage","fileTypesAndContributionMap":{}}]},{"date":"2023-10-16","commitResults":[{"hash":"e654b3b2bc942892bd99130d5e1d283b49bdb291","isMergeCommit":false,"messageTitle":"Added test cases","messageBody":"","fileTypesAndContributionMap":{"functional-code":{"insertions":22,"deletions":25},"test-code":{"insertions":728,"deletions":70}}}]},{"date":"2023-10-19","commitResults":[{"hash":"d4740cb2a4324fcdbcc570ba395e1ff0250c6f6a","isMergeCommit":true,"messageTitle":"Merge pull request #77 from yongning0310/issue-76-javadocs","messageBody":"modified javadocs and labelled files to be removed","fileTypesAndContributionMap":{}}]},{"date":"2023-10-21","commitResults":[{"hash":"80055142b793c7c66c868ab9f69a738ebfdf8b00","isMergeCommit":false,"messageTitle":"adding sort command and test cases for fields","messageBody":"","fileTypesAndContributionMap":{"functional-code":{"insertions":268,"deletions":11},"test-code":{"insertions":184,"deletions":0}}},{"hash":"270db7e7db423097bfabff82a19a143a781cc195","isMergeCommit":false,"messageTitle":"Update build.gradle","messageBody":"","fileTypesAndContributionMap":{"other":{"insertions":1,"deletions":1}}},{"hash":"2ab6669bf8a423accb83464ea6830787ca6909fb","isMergeCommit":true,"messageTitle":"Merge branch \u0027master\u0027 into issue-71-addSortCommand","messageBody":"","fileTypesAndContributionMap":{}},{"hash":"9512bbb98d86ad5ab9d232735ab3ecd37c1636ac","isMergeCommit":false,"messageTitle":"added test cases and fix checkstyle","messageBody":"","fileTypesAndContributionMap":{"functional-code":{"insertions":92,"deletions":41},"test-code":{"insertions":244,"deletions":0}}}]},{"date":"2023-10-22","commitResults":[{"hash":"a586a1ba3f49ae9f72df7fcc8e9a5a89470117b7","isMergeCommit":false,"messageTitle":"Add default sort and test cases","messageBody":"","fileTypesAndContributionMap":{"functional-code":{"insertions":27,"deletions":1},"test-code":{"insertions":47,"deletions":1}}},{"hash":"875f9a2beebe1fb82ab445c3ffc43008714bcf19","isMergeCommit":false,"messageTitle":"Update javinchua.md","messageBody":"","fileTypesAndContributionMap":{"docs":{"insertions":6,"deletions":0}}},{"hash":"f4f03a1f697600ec2a20d0a8d52cdc3c0d80343f","isMergeCommit":false,"messageTitle":"update test cases","messageBody":"","fileTypesAndContributionMap":{"functional-code":{"insertions":1,"deletions":1},"test-code":{"insertions":2,"deletions":19}}}]},{"date":"2023-10-24","commitResults":[{"hash":"bc2d1104a27a84b86f19af34250e0d319246bd6a","isMergeCommit":false,"messageTitle":"Update build.gradle","messageBody":"","fileTypesAndContributionMap":{"other":{"insertions":4,"deletions":0}}}]},{"date":"2023-10-25","commitResults":[{"hash":"63a2f1ee673653ee383a4451323ec78fc11f1dc6","isMergeCommit":true,"messageTitle":"Merge pull request #96 from jinyang628/issue-91-createDG","messageBody":"Insert create command section in DG","fileTypesAndContributionMap":{}},{"hash":"9c901f919d5d2dc004cd911241de7551b1b6f24f","isMergeCommit":false,"messageTitle":"Update DeveloperGuide.md","messageBody":"","fileTypesAndContributionMap":{"docs":{"insertions":1,"deletions":1}}},{"hash":"557c510d98e8d3f093c8e683ca1e66127afbfc4c","isMergeCommit":false,"messageTitle":"Update developer guide","messageBody":"","fileTypesAndContributionMap":{"docs":{"insertions":241,"deletions":8}}},{"hash":"108a566cdf8147758ead131a5a2c531e0af331c0","isMergeCommit":false,"messageTitle":"add sort default","messageBody":"","fileTypesAndContributionMap":{"docs":{"insertions":1,"deletions":1}}},{"hash":"00c5847108d12855d51f096a8dddb17368c2b1ae","isMergeCommit":false,"messageTitle":"Update DeveloperGuide.md","messageBody":"","fileTypesAndContributionMap":{"docs":{"insertions":1,"deletions":1}}},{"hash":"db79305cf6b63ae6f96f9994fa55fffbc9749ed8","isMergeCommit":false,"messageTitle":"Update UserGuide.md","messageBody":"","fileTypesAndContributionMap":{"docs":{"insertions":3,"deletions":1}}},{"hash":"826b477652452e0a86219d41e827948e42b1caae","isMergeCommit":false,"messageTitle":"Update object diagram","messageBody":"","fileTypesAndContributionMap":{"docs":{"insertions":17,"deletions":13}}}]},{"date":"2023-10-27","commitResults":[{"hash":"aeb2189381c7fc3cab056f2eb48008f246ffb02e","isMergeCommit":true,"messageTitle":"Merge pull request #101 from shashahchk/issue-70-addfiltercommand","messageBody":"Add filter command and tests","fileTypesAndContributionMap":{}}]},{"date":"2023-10-28","commitResults":[{"hash":"9f40d326706f7f68b272546187ba27256868fa55","isMergeCommit":false,"messageTitle":"update sort message","messageBody":"","fileTypesAndContributionMap":{"functional-code":{"insertions":4,"deletions":3}}},{"hash":"04c7dd233673312bd2f3fa3ecbf723f4fa22b686","isMergeCommit":false,"messageTitle":"Update SortCommandParserTest.java","messageBody":"","fileTypesAndContributionMap":{"test-code":{"insertions":7,"deletions":6}}}]},{"date":"2023-10-29","commitResults":[{"hash":"af0c807c03f8a10d4166b99853ff738380c527ea","isMergeCommit":true,"messageTitle":"Merge pull request #118 from yongning0310/issue-115-UIerror","messageBody":"fixed UI","fileTypesAndContributionMap":{}}]},{"date":"2023-11-01","commitResults":[{"hash":"28b2f13d3aa34e12dd7d53923664150590ac03a9","isMergeCommit":false,"messageTitle":"update user guide","messageBody":"","fileTypesAndContributionMap":{"docs":{"insertions":28,"deletions":21}}},{"hash":"955c8390116cdaf34a308f0262aae80a39e64a5d","isMergeCommit":false,"messageTitle":"Update Ui diagram","messageBody":"","fileTypesAndContributionMap":{"docs":{"insertions":26,"deletions":21}}}]}],"shashahchk":[{"date":"2023-10-03","commitResults":[{"hash":"63cd4c43c9bca6c37e01232a06d54122bd0f77d2","isMergeCommit":true,"messageTitle":"Merge pull request #24 from javinchua/delete-internships","messageBody":"Remove unnecessary test case","fileTypesAndContributionMap":{}},{"hash":"694d5f09816d124a282f0ebfd94feafefcc53828","isMergeCommit":false,"messageTitle":"add readme and change ui image","messageBody":"","fileTypesAndContributionMap":{"docs":{"insertions":94,"deletions":10}}},{"hash":"69470bfacd186efbd42feaeff00861745aec0b81","isMergeCommit":false,"messageTitle":"add PPP","messageBody":"","fileTypesAndContributionMap":{"docs":{"insertions":57,"deletions":1}}},{"hash":"ec1acbe2d629932a6bc2f41708ca8230d1935769","isMergeCommit":false,"messageTitle":"remove whitespace","messageBody":"","fileTypesAndContributionMap":{"docs":{"insertions":1,"deletions":1}}},{"hash":"47c30f84b663cc902f8ab799e9e81a6bf95ca22a","isMergeCommit":false,"messageTitle":"remove whitespace","messageBody":"","fileTypesAndContributionMap":{"docs":{"insertions":5,"deletions":2}}},{"hash":"589d3121b486ccf201f2328f2707476a4d8fa4a6","isMergeCommit":false,"messageTitle":"remove whitespace","messageBody":"","fileTypesAndContributionMap":{"docs":{"insertions":1,"deletions":1}}},{"hash":"959cd089a9fb0767b2da2a83c7bc5e0b7982da70","isMergeCommit":false,"messageTitle":"remove whitespace","messageBody":"","fileTypesAndContributionMap":{"docs":{"insertions":1,"deletions":1}}},{"hash":"b59afdfeb84faa2f79b73ef46cf77ade8cd7e5fb","isMergeCommit":false,"messageTitle":"remove whitespace","messageBody":"","fileTypesAndContributionMap":{"docs":{"insertions":1,"deletions":1}}},{"hash":"b87446967e75e9dee77f9e75735838095dcfc23f","isMergeCommit":false,"messageTitle":"add user guide","messageBody":"","fileTypesAndContributionMap":{"docs":{"insertions":22,"deletions":16}}},{"hash":"a83f14fbec9fa2a6550b02e8f3578fbce133eda5","isMergeCommit":false,"messageTitle":"edit dev guide","messageBody":"","fileTypesAndContributionMap":{"docs":{"insertions":44,"deletions":30}}}]},{"date":"2023-10-04","commitResults":[{"hash":"62e48c6cc6db438f058f06cd7cd565bd69ccdf0a","isMergeCommit":true,"messageTitle":"Merge pull request #56 from yongning0310/issue-35-yongning-UG","messageBody":"modifyFunction","fileTypesAndContributionMap":{}},{"hash":"7b2d3f8cd1d85e2155a6525a1bb6584b630f3345","isMergeCommit":true,"messageTitle":"Merge pull request #43 from yongning0310/issue-27-week7PPP","messageBody":"edited PPP for week 7","fileTypesAndContributionMap":{}}]},{"date":"2023-10-06","commitResults":[{"hash":"86d5f8241a9110df27ceb350e89824566e7b375b","isMergeCommit":false,"messageTitle":"edit dev guide to include more user stories, more use cases, glossary edit, NFRs","messageBody":"","fileTypesAndContributionMap":{"docs":{"insertions":53,"deletions":14}}},{"hash":"42ee86d33dd761765f5f3fd7cad961a64ca78cde","isMergeCommit":false,"messageTitle":"modify grammar for user stories","messageBody":"","fileTypesAndContributionMap":{"docs":{"insertions":8,"deletions":8}}},{"hash":"3c52a4608e5abdb560411f5f2b766e13c4e8c372","isMergeCommit":false,"messageTitle":"modify user profile and value prop","messageBody":"","fileTypesAndContributionMap":{"docs":{"insertions":5,"deletions":5}}}]},{"date":"2023-10-11","commitResults":[{"hash":"5ac22ebe4ad9fca8aa09bdb1f03efb9e1f3b015c","isMergeCommit":true,"messageTitle":"Merge pull request #63 from jinyang628/issue-62-testCasesCreate","messageBody":"Write test cases to test the Create Command","fileTypesAndContributionMap":{}}]},{"date":"2023-10-14","commitResults":[{"hash":"ff7b22dd2c9bec82ca787fd7104ade67f5236b45","isMergeCommit":false,"messageTitle":"Currently, there are no existing test cases for the Internship model component.","messageBody":"Test cases are crucial in ensuring code runs smoothly and that bugs are swiftly identified with the addition of new code.\n\nWrite more test cases to fully test the Internship model component.\n","fileTypesAndContributionMap":{"docs":{"insertions":6,"deletions":1},"test-code":{"insertions":409,"deletions":0}}},{"hash":"9b0ea555acc9f9384e0c067d5052212aedc63256","isMergeCommit":false,"messageTitle":"fixed styling","messageBody":"","fileTypesAndContributionMap":{"test-code":{"insertions":45,"deletions":29}}},{"hash":"21cbd50d2745e907200256cb9ae7aae1a42992fe","isMergeCommit":false,"messageTitle":"fixed naming in tests","messageBody":"","fileTypesAndContributionMap":{"test-code":{"insertions":8,"deletions":14}}}]},{"date":"2023-10-21","commitResults":[{"hash":"da8e2b87794695cee81b985088d7dbd874e63be3","isMergeCommit":true,"messageTitle":"Merge pull request #87 from javinchua/issue-86-releaseFile","messageBody":"Update build.gradle","fileTypesAndContributionMap":{}}]},{"date":"2023-10-26","commitResults":[{"hash":"000f760ae5f26dc86942f752fdd4eb1a300f5772","isMergeCommit":false,"messageTitle":"Add filter command and tests","messageBody":"There currently isn\u0027t a command that allows users to view a subset of data.\n\nImplementing a filter command that allows users to filter by category will allow for better user experience and better viewing of data.\n\nLet\u0027s implement the filter command to improve overall functionality and tests to ensure no bugs are introduced.\n","fileTypesAndContributionMap":{"functional-code":{"insertions":527,"deletions":21},"test-code":{"insertions":225,"deletions":0}}},{"hash":"37b389deb6fda9f1af90d6f0d7c1b18bc50745f2","isMergeCommit":true,"messageTitle":"Resolve merge conflicts and add filter to InternshipBookParser.","messageBody":"Currently, there are conflicts with the upstream team repo.\n\nThese conflicts must be resolved to ensure the program runs correctly and smoothly.\n\nLet\u0027s resolve these merge conflicts and add filter command to be the InternshipBookParser.\n","fileTypesAndContributionMap":{}},{"hash":"ad3776a01e127b22fc6938d534475cc6f33ede72","isMergeCommit":false,"messageTitle":"Support Deadline in filter command and fix style errors.","messageBody":"Currently the filter command does not support the newly added Deadline category and has some style errors.\n\nAdding deadline as a filter category will allow for better user experience.\n\nLet\u0027s implement filter with Deadline and fix style errors to improve functionality of the programme.\n","fileTypesAndContributionMap":{"functional-code":{"insertions":128,"deletions":32},"test-code":{"insertions":14,"deletions":5}}},{"hash":"ba74f66705213bfd20273ca3952916fb5cc303f1","isMergeCommit":false,"messageTitle":"Fix test error.","messageBody":"The current filter command test is outdated and has failed tests.\n\nFixing the tests would allow the programme to run smoothly.\n\nLet\u0027s fix FilterCommandTest.\n","fileTypesAndContributionMap":{"test-code":{"insertions":5,"deletions":5}}},{"hash":"0d5c4d9da351e2b76f992a1961d14d2b2c900def","isMergeCommit":false,"messageTitle":"Remove unused imports","messageBody":"","fileTypesAndContributionMap":{"test-code":{"insertions":0,"deletions":2}}}]},{"date":"2023-10-27","commitResults":[{"hash":"9d0510e4be75d42f7d8ef6ef6f27f04dc7b6fd6b","isMergeCommit":false,"messageTitle":"Add Filter to DG","messageBody":"Currently, the DG is not updated with information about the newly added Filter Command and relevant UML diagrams.\n\nIt is important to update the DG to allow future developers to understand and build on top of the existing code.\n\nLet\u0027s add details about filter command to the DG.\n","fileTypesAndContributionMap":{"docs":{"insertions":188,"deletions":60}}},{"hash":"76e675e6abb9c942e76fa90865b97b3abb6b7ed6","isMergeCommit":false,"messageTitle":"Add test cases for predicates","messageBody":"Currently, there are insufficient test cases for the various predicates.\n\nTest cases are important to ensure that bugs can be easily identified and that the programme runs smoothly.\n\nLet\u0027s add test cases for predicates.\n","fileTypesAndContributionMap":{"test-code":{"insertions":492,"deletions":1}}},{"hash":"b4f73e0721d65d0a0bd8eb444b6f3f6af6d376d5","isMergeCommit":false,"messageTitle":"Add test cases for predicates","messageBody":"Currently, there are insufficient test cases for the various predicates.\n\nTest cases are important to ensure that bugs can be easily identified and that the programme runs smoothly.\n\nLet\u0027s add test cases for predicates.\n","fileTypesAndContributionMap":{"functional-code":{"insertions":2,"deletions":2},"test-code":{"insertions":157,"deletions":0}}},{"hash":"2eb9d3ee4a09fa93643034d0ba00bc9b809982df","isMergeCommit":false,"messageTitle":"Use variables in command usage message to allow for flexibility","messageBody":"","fileTypesAndContributionMap":{"functional-code":{"insertions":30,"deletions":8}}}]},{"date":"2023-10-28","commitResults":[{"hash":"ad15ad211232f8924ade6e16af8e8585780aa8dc","isMergeCommit":false,"messageTitle":"Add filter command to InternshipBookParser, fix styling, and increase abstraction","messageBody":"Currently, the parser does not parse filter commands.\n\nFilter command is a necessary integration to increase navigation and convenience.\n\nLet\u0027s add filter command to InternshipBookParser and improve overall code quality.\n","fileTypesAndContributionMap":{"functional-code":{"insertions":46,"deletions":13},"test-code":{"insertions":9,"deletions":8}}}]}],"s-kybound":[{"date":"2023-09-26","commitResults":[{"hash":"cab8eefcdbd2d9840222c2524f7f4370898dadea","isMergeCommit":false,"messageTitle":"Update Project Portfolio Page","messageBody":"The current Project Portfolio Page johndoe.md is a template for the AB3\nproject containing dummy information.\n\nIt needs to be updated to be contextualised to the needs of our own\nproject, Flagship.\n\nUpdate the overview of template Project Portfolio Page johndoe.md to\nreflect our Flagship project.\n\nRearrange the segments of the Project Portfolio Page for better\nreadability.\n","fileTypesAndContributionMap":{"docs":{"insertions":25,"deletions":27}}},{"hash":"704f26f68ac1407ae7724df1cea0fc5ccfd112f3","isMergeCommit":false,"messageTitle":"Amend indentation","messageBody":"","fileTypesAndContributionMap":{"docs":{"insertions":1,"deletions":1}}},{"hash":"751e2c68ee3137a3d65e0028532ce7a98898470f","isMergeCommit":false,"messageTitle":"Amend file formatting","messageBody":"","fileTypesAndContributionMap":{"docs":{"insertions":1,"deletions":1}}},{"hash":"a722088a745416decb4ee215edf7729ed0c8acc4","isMergeCommit":true,"messageTitle":"Merge pull request #18 from jinyang628/update-AboutUs2","messageBody":"Correct  naming errors of AboutUs Images","fileTypesAndContributionMap":{}}]},{"date":"2023-10-03","commitResults":[{"hash":"1ee408bfeedb9fc61866de33413073c043366927","isMergeCommit":false,"messageTitle":"Update user guide","messageBody":"","fileTypesAndContributionMap":{"docs":{"insertions":10,"deletions":10}}},{"hash":"0fec3e372fef8fb6852d22c56271e7a96fc73b00","isMergeCommit":true,"messageTitle":"Merge pull request #38 from jinyang628/issue-26-updatePPP","messageBody":"Update JY\u0027s PPP","fileTypesAndContributionMap":{}},{"hash":"c4299156b79456590fde6743ef9c06a1788ade69","isMergeCommit":true,"messageTitle":"Merge pull request #36 from jinyang628/issue-31-updateUG","messageBody":"Update User Guide (Create Command)","fileTypesAndContributionMap":{}},{"hash":"54d25d5974409a707eb4e26b45d3b8197848b2a3","isMergeCommit":false,"messageTitle":"Update DDD","messageBody":"","fileTypesAndContributionMap":{"docs":{"insertions":42,"deletions":0}}}]},{"date":"2023-10-04","commitResults":[{"hash":"0c1ac898f7d7ce520bd902c012a34088f95c1b72","isMergeCommit":false,"messageTitle":"Update about us","messageBody":"","fileTypesAndContributionMap":{"docs":{"insertions":1,"deletions":1}}},{"hash":"8feee8287596b99dd00614883d40a53778d7589a","isMergeCommit":false,"messageTitle":"Remove trailing whitespace","messageBody":"","fileTypesAndContributionMap":{"docs":{"insertions":1,"deletions":1}}}]},{"date":"2023-10-11","commitResults":[{"hash":"e217677b7fd78dd578e59889eef07e4ef104b15c","isMergeCommit":true,"messageTitle":"Merge pull request #59 from yongning0310/issue-4-modifyInternship","messageBody":"Issue 4 modify internship","fileTypesAndContributionMap":{}}]},{"date":"2023-10-17","commitResults":[{"hash":"cebbbd35b1d2b0a723100ba441e70f997095d6d1","isMergeCommit":true,"messageTitle":"Merge pull request #1 from jinyang628/issue-72-deadlineParameter","messageBody":"Issue 72 deadline parameter","fileTypesAndContributionMap":{}},{"hash":"1009124891b4fed8942485feb243cd2d099733c5","isMergeCommit":false,"messageTitle":"Revert \"Issue 72 deadline parameter\"","messageBody":"","fileTypesAndContributionMap":{"functional-code":{"insertions":32,"deletions":187},"docs":{"insertions":2,"deletions":3},"test-code":{"insertions":23,"deletions":422}}},{"hash":"a74f444a2ea568d253a89e6136f950750670791d","isMergeCommit":true,"messageTitle":"Merge pull request #2 from s-kybound/revert-1-issue-72-deadlineParameter","messageBody":"Revert \"Issue 72 deadline parameter\"","fileTypesAndContributionMap":{}},{"hash":"f07b2fc6081af5bd23eb6de46d979a7e560a2c31","isMergeCommit":false,"messageTitle":"Revert \"Revert \"Issue 72 deadline parameter\"\"","messageBody":"","fileTypesAndContributionMap":{"functional-code":{"insertions":187,"deletions":32},"docs":{"insertions":3,"deletions":2},"test-code":{"insertions":422,"deletions":23}}},{"hash":"5201d8688ebb1b1fc778b87e731e1bbfdfb5fd52","isMergeCommit":true,"messageTitle":"Merge pull request #3 from s-kybound/revert-2-revert-1-issue-72-deadlineParameter","messageBody":"Revert \"Revert \"Issue 72 deadline parameter\"\"","fileTypesAndContributionMap":{}}]},{"date":"2023-10-18","commitResults":[{"hash":"f5c3bff6ed779aa01e93ab8b7f41af3cea96046a","isMergeCommit":false,"messageTitle":"Implement first tests for logic components","messageBody":"","fileTypesAndContributionMap":{"test-code":{"insertions":772,"deletions":224}}},{"hash":"bcbd157876458c1532129923f020926a2837187b","isMergeCommit":false,"messageTitle":"Replace wildcards with qualified import statements","messageBody":"","fileTypesAndContributionMap":{"test-code":{"insertions":32,"deletions":4}}}]},{"date":"2023-10-19","commitResults":[{"hash":"08344d555fcae02626dc057c98c46b46a84270ee","isMergeCommit":false,"messageTitle":"Improve tests for Logic components","messageBody":"","fileTypesAndContributionMap":{"test-code":{"insertions":329,"deletions":143}}},{"hash":"0ebe4f67b4190cca905a5161283e1152c2e825b8","isMergeCommit":false,"messageTitle":"Update project portfolio","messageBody":"","fileTypesAndContributionMap":{"docs":{"insertions":2,"deletions":1}}},{"hash":"b46e4bd3621ad1e6075136648469d732e989586c","isMergeCommit":false,"messageTitle":"Implement test cases for Modify Command","messageBody":"","fileTypesAndContributionMap":{"test-code":{"insertions":265,"deletions":0}}},{"hash":"64e67741321e310de8d4dc2d997725e9eae8d3e7","isMergeCommit":false,"messageTitle":"Update project portfolio","messageBody":"","fileTypesAndContributionMap":{"docs":{"insertions":2,"deletions":1}}},{"hash":"d54e5dfc48094dc2f5f26bda32bf1d0839e3f1ea","isMergeCommit":false,"messageTitle":"Fix test styling","messageBody":"","fileTypesAndContributionMap":{"test-code":{"insertions":362,"deletions":271}}},{"hash":"06379f11a4d6faf1c22473fe5c64bc193d817dff","isMergeCommit":false,"messageTitle":"Remove debug print statement","messageBody":"","fileTypesAndContributionMap":{"functional-code":{"insertions":0,"deletions":1}}}]},{"date":"2023-10-20","commitResults":[{"hash":"bcb28b734140e43b822015d75b77dd03759bf2c6","isMergeCommit":true,"messageTitle":"Merge pull request #80 from yongning0310/issue-78-updateUserGuide","messageBody":"changed UG guide to include latest features","fileTypesAndContributionMap":{}},{"hash":"ca45c69aa1f3ce031bc5f503f3555e5f23794ba3","isMergeCommit":true,"messageTitle":"Merge pull request #82 from yongning0310/issue-78-updateUserGuide","messageBody":"modified UG","fileTypesAndContributionMap":{}},{"hash":"b1885a7555b58addbd3c5bfe5618c6ace07d687d","isMergeCommit":false,"messageTitle":"Remove AB3 Files","messageBody":"","fileTypesAndContributionMap":{"functional-code":{"insertions":14,"deletions":3576},"other":{"insertions":0,"deletions":0},"test-code":{"insertions":14,"deletions":3490}}},{"hash":"7f15ecda441989128564f7caa9979ce44b7587dd","isMergeCommit":false,"messageTitle":"Remove references to AB3 code","messageBody":"","fileTypesAndContributionMap":{"functional-code":{"insertions":4,"deletions":12},"test-code":{"insertions":63,"deletions":139}}},{"hash":"4ae661608e331f1838c5c8382e6cb94ab0e07d73","isMergeCommit":false,"messageTitle":"Update PPP","messageBody":"","fileTypesAndContributionMap":{"docs":{"insertions":5,"deletions":3}}},{"hash":"86de958b00df42570a8b8e7cc7249e8793948e05","isMergeCommit":false,"messageTitle":"Fix styling issues","messageBody":"","fileTypesAndContributionMap":{"test-code":{"insertions":15,"deletions":3}}}]},{"date":"2023-10-21","commitResults":[{"hash":"a43d9380a0438dd57edc59d81c9d9160b10a26d0","isMergeCommit":true,"messageTitle":"Merge pull request #84 from s-kybound/issue-83-removeAB3","messageBody":"Remove AB3 Code","tags":["v1.2"],"fileTypesAndContributionMap":{}}]},{"date":"2023-10-25","commitResults":[{"hash":"4f6e4851004f3fbcd859ed2b088a952a74d71fed","isMergeCommit":false,"messageTitle":"Update user guide","messageBody":"","fileTypesAndContributionMap":{"docs":{"insertions":2,"deletions":0}}}]},{"date":"2023-10-26","commitResults":[{"hash":"655986043c6b52b4a77fffe63a3880f52e8d79a2","isMergeCommit":false,"messageTitle":"Update DG for Delete","messageBody":"","fileTypesAndContributionMap":{"docs":{"insertions":153,"deletions":32}}}]},{"date":"2023-10-29","commitResults":[{"hash":"653aeee8aec2742c68864b61628ffe1cb8b78173","isMergeCommit":false,"messageTitle":"Implement UI Bar","messageBody":"","fileTypesAndContributionMap":{"functional-code":{"insertions":154,"deletions":13}}},{"hash":"e0883de159f4c27dff77c202bc8b86b58c663ed4","isMergeCommit":false,"messageTitle":"Improve stability of UI","messageBody":"","fileTypesAndContributionMap":{"functional-code":{"insertions":12,"deletions":24}}},{"hash":"07ee2f6d7566161b98a83e59e4439491cefbd098","isMergeCommit":false,"messageTitle":"Implement better sort information","messageBody":"","fileTypesAndContributionMap":{"functional-code":{"insertions":77,"deletions":16}}},{"hash":"7b1e5061c79f9ec97d19d6ad70b22a45a1bd0bae","isMergeCommit":false,"messageTitle":"Implement better filter information","messageBody":"","fileTypesAndContributionMap":{"functional-code":{"insertions":91,"deletions":34}}},{"hash":"1fa3ea4aef80746dbe6418a8457bb8d6d773693d","isMergeCommit":false,"messageTitle":"Update tests","messageBody":"","fileTypesAndContributionMap":{"test-code":{"insertions":39,"deletions":0}}},{"hash":"c901e431897b48da2bf50f57256f2065375a381d","isMergeCommit":false,"messageTitle":"Update PPP","messageBody":"","fileTypesAndContributionMap":{"docs":{"insertions":9,"deletions":9}}}]},{"date":"2023-11-03","commitResults":[{"hash":"a6e414fdd45550d878994751240b094daba81549","isMergeCommit":true,"messageTitle":"Merge pull request #132 from javinchua/issue-127-updateDG","messageBody":"Update Ui diagram","fileTypesAndContributionMap":{}},{"hash":"4df681b0f52fe66707c8c826679c23a218ad9428","isMergeCommit":true,"messageTitle":"Merge pull request #130 from jinyang628/issue-124-updateDGJY","messageBody":"Update Create and Storage DG","fileTypesAndContributionMap":{}}]}],"yongning0310":[{"date":"2023-09-26","commitResults":[{"hash":"76bb344d50d16e5d8bc9d61403f78213932693d6","isMergeCommit":true,"messageTitle":"Merge pull request #17 from jinyang628/update-AboutUs","messageBody":"Update AboutUs.md","fileTypesAndContributionMap":{}}]},{"date":"2023-09-30","commitResults":[{"hash":"14a87a72e7298ef9932cb4fced362aa1eaece96d","isMergeCommit":true,"messageTitle":"Merge pull request #19 from jinyang628/update-CreateNewEntry","messageBody":"Rewrite the AB3 foundation and the create command","fileTypesAndContributionMap":{}}]},{"date":"2023-10-03","commitResults":[{"hash":"1568babc4820c228babd17a35823cad64822662e","isMergeCommit":false,"messageTitle":"edited PPP for week 7","messageBody":"","fileTypesAndContributionMap":{"docs":{"insertions":51,"deletions":0}}}]},{"date":"2023-10-04","commitResults":[{"hash":"50135cf540f7c43686539608da5a0277e8f611af","isMergeCommit":false,"messageTitle":"modifyFunction","messageBody":"","fileTypesAndContributionMap":{"docs":{"insertions":9,"deletions":10}}},{"hash":"9920f4429fadf7a33ac997fb789b1f3e5ed539bd","isMergeCommit":true,"messageTitle":"Merge pull request #39 from javinchua/issue-34-update-ug","messageBody":"Update User Guide and PPP","fileTypesAndContributionMap":{}},{"hash":"7e6b9c504d5293a07ab90f86c40dd53a2a9ad7f9","isMergeCommit":true,"messageTitle":"Merge pull request #51 from shashahchk/issue-25-PPP","messageBody":"Issue 25 ppp","fileTypesAndContributionMap":{}},{"hash":"aeb262470508926091f60c71e51a54f4462f263f","isMergeCommit":true,"messageTitle":"Merge branch \u0027master\u0027 into issue-8-addreadme","messageBody":"","fileTypesAndContributionMap":{}},{"hash":"c3460e687e3939710fb9b4473a6aec3a4eb59d14","isMergeCommit":true,"messageTitle":"Merge pull request #52 from shashahchk/issue-8-addreadme","messageBody":"add readme and change ui image","fileTypesAndContributionMap":{}},{"hash":"a5696f6729aff194cb73ad85d0d99cdda013ebdb","isMergeCommit":true,"messageTitle":"Merge pull request #54 from shashahchk/issue-32-UG","messageBody":"add user guide","fileTypesAndContributionMap":{}},{"hash":"8a83d8d1363c100be99d6c85af8731aec2a6fd00","isMergeCommit":false,"messageTitle":"changed file name","messageBody":"","fileTypesAndContributionMap":{"docs":{"insertions":1,"deletions":1}}},{"hash":"6f69879ca83613f161a757009e6f3506f748696e","isMergeCommit":true,"messageTitle":"Merge branch \u0027master\u0027 into issue-35-yongning-UG","messageBody":"","fileTypesAndContributionMap":{}},{"hash":"92774df0a9af058ca094a4d7aee5bc3c6e154850","isMergeCommit":true,"messageTitle":"Merge branch \u0027master\u0027 into issue-27-week7PPP","messageBody":"","fileTypesAndContributionMap":{}},{"hash":"6956c909639a111008913756711707b4e9490d2b","isMergeCommit":false,"messageTitle":"added line","messageBody":"","fileTypesAndContributionMap":{"docs":{"insertions":1,"deletions":1}}},{"hash":"6eb0b40cd7205f1c925624e5267c89f80a4d126e","isMergeCommit":false,"messageTitle":"updated caps","messageBody":"","fileTypesAndContributionMap":{"docs":{"insertions":2,"deletions":2}}},{"hash":"d267811c9fe1669ba458b3be91ddeb9d120a9a0f","isMergeCommit":false,"messageTitle":"EOF","messageBody":"","fileTypesAndContributionMap":{"docs":{"insertions":2,"deletions":1}}},{"hash":"beedfeb229b5e6f42e73e8aceadbf682693945e8","isMergeCommit":true,"messageTitle":"Merge branch \u0027master\u0027 into issue-27-week7PPP","messageBody":"","fileTypesAndContributionMap":{}}]},{"date":"2023-10-10","commitResults":[{"hash":"7271a7a822991e271dcb245f81d02927ff389876","isMergeCommit":false,"messageTitle":"porting over from prev branch","messageBody":"","fileTypesAndContributionMap":{"functional-code":{"insertions":338,"deletions":11}}},{"hash":"591102d5f22e6fe39a398aa66ae434abac6d074e","isMergeCommit":false,"messageTitle":"modified list view and added edit command","messageBody":"","fileTypesAndContributionMap":{"functional-code":{"insertions":2000,"deletions":20}}},{"hash":"a03a2707c9baa846ebb0cf937d857613f9a75eda","isMergeCommit":false,"messageTitle":"fixed styling","messageBody":"","fileTypesAndContributionMap":{"functional-code":{"insertions":104,"deletions":86}}},{"hash":"f5f4a4c1831636e30848cda473a970f6f537a99c","isMergeCommit":false,"messageTitle":"fixed styling","messageBody":"","fileTypesAndContributionMap":{"functional-code":{"insertions":2,"deletions":2}}},{"hash":"357c24c1d83a2bae1ec1bce279eff0ebe283a44c","isMergeCommit":false,"messageTitle":"commented out test cases for create and delete","messageBody":"","fileTypesAndContributionMap":{"test-code":{"insertions":126,"deletions":89}}},{"hash":"a840f8ea593e87365cc4e6edfedd2af80cf7d32b","isMergeCommit":false,"messageTitle":"commented out test cases for create and delete","messageBody":"","fileTypesAndContributionMap":{"test-code":{"insertions":7,"deletions":7}}},{"hash":"730f86b77cd123b50fac856d1ad0d62fca2ccf95","isMergeCommit":false,"messageTitle":"commented out test cases for create and delete","messageBody":"","fileTypesAndContributionMap":{"test-code":{"insertions":5,"deletions":5}}},{"hash":"cbd41dad0be8e06e50e510acc2663d0ddf03d7b5","isMergeCommit":false,"messageTitle":"commented out test cases for create and delete","messageBody":"","fileTypesAndContributionMap":{"test-code":{"insertions":5,"deletions":5}}},{"hash":"e317eb0e8f0722ba1d09cef6d09eee7400bc9c14","isMergeCommit":false,"messageTitle":"commented out test cases for create and delete","messageBody":"","fileTypesAndContributionMap":{"test-code":{"insertions":1,"deletions":1}}}]},{"date":"2023-10-11","commitResults":[{"hash":"9a6550bcfab03528cc9bc7739323fc2d678f5f07","isMergeCommit":false,"messageTitle":"edited based on kyriel\u0027s comment","messageBody":"","fileTypesAndContributionMap":{"functional-code":{"insertions":12,"deletions":12}}},{"hash":"c7d4313f1628dfb13a92de6e9b04fcf0173dedb5","isMergeCommit":false,"messageTitle":"internshipMainApp, changed address to internship","messageBody":"","fileTypesAndContributionMap":{"functional-code":{"insertions":4,"deletions":4}}},{"hash":"0a511edd2ab6d58ef509830d9d09f46ccf82b476","isMergeCommit":false,"messageTitle":"internshipMainApp, changed address to internship","messageBody":"","fileTypesAndContributionMap":{"functional-code":{"insertions":3,"deletions":2}}}]},{"date":"2023-10-18","commitResults":[{"hash":"d8bdf114dc7fc3a34eea0f8da4c7497151a0fda1","isMergeCommit":false,"messageTitle":"modified javadocs and labelled files to be removed","messageBody":"","fileTypesAndContributionMap":{"functional-code":{"insertions":128,"deletions":43}}}]},{"date":"2023-10-19","commitResults":[{"hash":"cdca8e7600e85a30c32a3b43f40cc3e9e691d889","isMergeCommit":true,"messageTitle":"Merge pull request #75 from jinyang628/issue-72-deadlineParameter","messageBody":"Implement deadline parameter in create command","fileTypesAndContributionMap":{}},{"hash":"5a8b405c460a82b68039ba620a0a4e47e7d3ac45","isMergeCommit":true,"messageTitle":"Merge pull request #79 from s-kybound/issue-65-logicTests","messageBody":"Added test cases for Logic Component","fileTypesAndContributionMap":{}}]},{"date":"2023-10-20","commitResults":[{"hash":"7fce633529bfc82523dd548d66f437a736ff25fa","isMergeCommit":false,"messageTitle":"changed UG guide to include latest features","messageBody":"","fileTypesAndContributionMap":{"functional-code":{"insertions":1,"deletions":1},"docs":{"insertions":105,"deletions":101}}},{"hash":"e2c9bfb7ec3a13b5d7ac23d32f3e11fa0b0590a5","isMergeCommit":false,"messageTitle":"fixed typo","messageBody":"","fileTypesAndContributionMap":{"docs":{"insertions":1,"deletions":1}}},{"hash":"382a2c63bee46d95316829800d32198f4ed91ff6","isMergeCommit":false,"messageTitle":"modified UG","messageBody":"","fileTypesAndContributionMap":{"docs":{"insertions":3,"deletions":5}}}]},{"date":"2023-10-25","commitResults":[{"hash":"85db8b8f317cfcc0ad7b9d459542c2fcbe7f054c","isMergeCommit":true,"messageTitle":"Merge pull request #97 from javinchua/fix-markdown","messageBody":"Update DeveloperGuide.md","fileTypesAndContributionMap":{}},{"hash":"9d52886285ba2b921d31d8fcff2872f9b84dc07f","isMergeCommit":true,"messageTitle":"Merge pull request #98 from javinchua/issue-89-DG","messageBody":"Update developer guide","fileTypesAndContributionMap":{}}]},{"date":"2023-10-26","commitResults":[{"hash":"7e141dcb46744db6bc33cf1c76dc2141aa572c9a","isMergeCommit":false,"messageTitle":"updated DG for modify","messageBody":"","fileTypesAndContributionMap":{"docs":{"insertions":184,"deletions":0}}},{"hash":"98de1ea60d8f9e36923fb7e29b8bc4fae842a43c","isMergeCommit":true,"messageTitle":"Merge pull request #102 from yongning0310/issue-93-DG","messageBody":"Update Developer Guide with \u0027modify\u0027 Feature Documentation","fileTypesAndContributionMap":{}},{"hash":"befac8f940553fbef18484baf56c47c156bb05b5","isMergeCommit":false,"messageTitle":"fixed UI to display the correct deadline and duration","messageBody":"","fileTypesAndContributionMap":{"functional-code":{"insertions":7,"deletions":3}}},{"hash":"47ce458506390e820e43c92b583c068805b6f731","isMergeCommit":false,"messageTitle":"added test case for internshipCard","messageBody":"","fileTypesAndContributionMap":{"test-code":{"insertions":39,"deletions":2}}},{"hash":"b625ce1371a813f4ae7b2066d1e63edf2ff2563e","isMergeCommit":false,"messageTitle":"removed internshipCard test","messageBody":"","fileTypesAndContributionMap":{"test-code":{"insertions":0,"deletions":37}}},{"hash":"276c56b28a11ab86dae8c5b5abb50c64c952b826","isMergeCommit":false,"messageTitle":"removed personCard","messageBody":"","fileTypesAndContributionMap":{"functional-code":{"insertions":0,"deletions":44}}},{"hash":"00198d2ee4a077cdefeba14b50a3b3f0615246be","isMergeCommit":false,"messageTitle":"added test case for index","messageBody":"","fileTypesAndContributionMap":{"test-code":{"insertions":45,"deletions":40}}},{"hash":"61c64df7d61eac2b75175330986f3ab0347feb30","isMergeCommit":false,"messageTitle":"added test case for index","messageBody":"","fileTypesAndContributionMap":{"test-code":{"insertions":3,"deletions":3}}},{"hash":"0ca02c62d247f50b93e6adfaf07d69941a145a59","isMergeCommit":false,"messageTitle":"added test case for index","messageBody":"","fileTypesAndContributionMap":{"test-code":{"insertions":24,"deletions":11}}}]},{"date":"2023-10-27","commitResults":[{"hash":"5f6601f7f0962fcdb1f756dacf0ac8f4d67963db","isMergeCommit":true,"messageTitle":"Merge pull request #103 from yongning0310/issue-81-UIfix","messageBody":"fixed UI to display the correct deadline and duration","fileTypesAndContributionMap":{}},{"hash":"6d03389416df1efab1cf169d5a9ddc2e2c420655","isMergeCommit":true,"messageTitle":"Merge pull request #109 from s-kybound/issue-92-UpdateDG","messageBody":"Update DG for Delete","fileTypesAndContributionMap":{}},{"hash":"2461b2e935ee8fee5c4d51493c9ed2617a1323f8","isMergeCommit":true,"messageTitle":"Merge pull request #111 from shashahchk/issue-90-addFilterToDG","messageBody":"Add Filter to DG","fileTypesAndContributionMap":{}}]},{"date":"2023-10-28","commitResults":[{"hash":"8e74d2a1e9006f14c7ea3f1ecf2792491871c2ed","isMergeCommit":false,"messageTitle":"fixed UI","messageBody":"","fileTypesAndContributionMap":{"functional-code":{"insertions":1,"deletions":1}}}]},{"date":"2023-10-29","commitResults":[{"hash":"7ac5980c698fe2a27b88469bb58bdf9d12d67cf0","isMergeCommit":true,"messageTitle":"Merge pull request #119 from s-kybound/issue-73-filtersortstatus","messageBody":"Issue 73 filtersortstatus","fileTypesAndContributionMap":{}}]}],"jinyang628":[{"date":"2023-09-26","commitResults":[{"hash":"5f9780674d1d0735f9ab9c4e5986ac25793cad8f","isMergeCommit":false,"messageTitle":"Update AboutUs.md","messageBody":"","fileTypesAndContributionMap":{"docs":{"insertions":23,"deletions":22}}},{"hash":"57f70f657be42ffce6cef45f473e6cda69f604e2","isMergeCommit":true,"messageTitle":"Merge pull request #15 from s-kybound/update-PPP","messageBody":"Update Project Portfolio Page","fileTypesAndContributionMap":{}},{"hash":"9a289de841fb48970570dd40a6fe8bd9b14567f3","isMergeCommit":true,"messageTitle":"Merge branch \u0027master\u0027 of https://github.com/jinyang628/tp","messageBody":"","fileTypesAndContributionMap":{}},{"hash":"bece4411ee9abae7155fda732eae2090ae9f0874","isMergeCommit":false,"messageTitle":"Update .gitignore and AboutUs.md","messageBody":"","fileTypesAndContributionMap":{"docs":{"insertions":6,"deletions":6}}},{"hash":"88dedc8da02b0f9e06a90c38bfdd8bb5687c631a","isMergeCommit":false,"messageTitle":"Rewrite the AB3 foundation to repurpose it for Flagship and implement the create command","messageBody":"","fileTypesAndContributionMap":{"functional-code":{"insertions":1060,"deletions":18}}},{"hash":"8fe8899f326386ab0ac6feba2bb3e61b83d5e72b","isMergeCommit":false,"messageTitle":"Make minor bug fixes","messageBody":"","fileTypesAndContributionMap":{"functional-code":{"insertions":1,"deletions":1}}},{"hash":"b8eeb15627df8962e07ab4c79086e51b77decf67","isMergeCommit":false,"messageTitle":"Remove trailing white spaces","messageBody":"","fileTypesAndContributionMap":{"functional-code":{"insertions":1,"deletions":2}}},{"hash":"1a7bb29dc4ff97950ab8034aca0b4e098ff646a9","isMergeCommit":false,"messageTitle":"Fix import order","messageBody":"","fileTypesAndContributionMap":{"functional-code":{"insertions":64,"deletions":32},"test-code":{"insertions":11,"deletions":0}}},{"hash":"bb8ac1164f5931edaf481d658f8ce27a83d18db6","isMergeCommit":false,"messageTitle":"Add test cases to improve code coverage","messageBody":"","fileTypesAndContributionMap":{"functional-code":{"insertions":66,"deletions":5},"test-code":{"insertions":383,"deletions":7}}}]},{"date":"2023-09-30","commitResults":[{"hash":"97f56436740a9a542e44313d422e3d7316defcf6","isMergeCommit":false,"messageTitle":"Rectify the constraints for create command","messageBody":"","fileTypesAndContributionMap":{"functional-code":{"insertions":2,"deletions":2}}},{"hash":"a97c213d910baf243e3b6056177a1b43b96ae1a5","isMergeCommit":false,"messageTitle":"Fix the MESSAGE_USAGE for Create Command","messageBody":"","fileTypesAndContributionMap":{"functional-code":{"insertions":3,"deletions":3}}}]},{"date":"2023-10-01","commitResults":[{"hash":"47487dffc461bc20c7607d9aeea39e3f475424e6","isMergeCommit":false,"messageTitle":"Update .gitignore to exclude bin/*","messageBody":"","fileTypesAndContributionMap":{"other":{"insertions":580,"deletions":0},"docs":{"insertions":52,"deletions":1}}},{"hash":"a58a918cb39f33047c92bb2d25ad2de33466a9de","isMergeCommit":false,"messageTitle":"Remove already commited bin files","messageBody":"","fileTypesAndContributionMap":{"other":{"insertions":0,"deletions":580}}}]},{"date":"2023-10-02","commitResults":[{"hash":"f6106119e1a174efa1e983900fafa0e26681c7a7","isMergeCommit":true,"messageTitle":"Merge pull request #23 from javinchua/delete-internships","messageBody":"Delete internships","fileTypesAndContributionMap":{}},{"hash":"4bf0a1071e46ad584d662bfaee8ead2749c6d716","isMergeCommit":false,"messageTitle":"Update User Guide (Create Command)","messageBody":"","fileTypesAndContributionMap":{"functional-code":{"insertions":4,"deletions":4},"docs":{"insertions":12,"deletions":12}}},{"hash":"2baa33432a9969b2423d14d95954b3785062c016","isMergeCommit":false,"messageTitle":"Update JY\u0027s PPP","messageBody":"","fileTypesAndContributionMap":{"docs":{"insertions":11,"deletions":18}}},{"hash":"8c8c8ae46cec3e45f45b75a82de62099fb0b4489","isMergeCommit":true,"messageTitle":"Merge pull request #30 from javinchua/add-javin-ppp","messageBody":"Add PPP of Javin","fileTypesAndContributionMap":{}},{"hash":"221ba04073d777672ce627e88ce781c943f9b50d","isMergeCommit":false,"messageTitle":"Rectify style errors in JY\u0027s PPP","messageBody":"","fileTypesAndContributionMap":{"docs":{"insertions":2,"deletions":2}}}]},{"date":"2023-10-06","commitResults":[{"hash":"db590e88e1f989d1db34607fac5c47862abb493f","isMergeCommit":true,"messageTitle":"Merge pull request #57 from shashahchk/fix-DG-1","messageBody":"edit dev guide to include more user stories, more use cases, glossary…","fileTypesAndContributionMap":{}}]},{"date":"2023-10-11","commitResults":[{"hash":"d893927fa2ee0b9a2d5ac525ede514ab6437c52a","isMergeCommit":false,"messageTitle":"Write test cases to test the Create Command","messageBody":"","fileTypesAndContributionMap":{"docs":{"insertions":6,"deletions":3},"test-code":{"insertions":48,"deletions":80}}},{"hash":"8c5058028b1cee9a389452467b327d3d4b24cbd6","isMergeCommit":false,"messageTitle":"Remove star imports from CreateCommandTest","messageBody":"","fileTypesAndContributionMap":{"test-code":{"insertions":4,"deletions":1}}}]},{"date":"2023-10-13","commitResults":[{"hash":"3f85352852c24cb482b7d72e03316bf707ee6aee","isMergeCommit":false,"messageTitle":"Include test cases for storage","messageBody":"","fileTypesAndContributionMap":{"functional-code":{"insertions":3,"deletions":2},"test-code":{"insertions":541,"deletions":15}}},{"hash":"4bd8faef9a32f43cb54ab3aa807ae255012784e9","isMergeCommit":false,"messageTitle":"Correct minor typo","messageBody":"","fileTypesAndContributionMap":{"test-code":{"insertions":1,"deletions":1}}}]},{"date":"2023-10-15","commitResults":[{"hash":"7cfb47752752060d6d3156ba24605902fdb4a813","isMergeCommit":true,"messageTitle":"Merge pull request #69 from shashahchk/issue-66-addTestForInternship","messageBody":"Write test cases to test Internship model component","fileTypesAndContributionMap":{}}]},{"date":"2023-10-17","commitResults":[{"hash":"aa093aae41c5ba937cc8de6df079ec6c6f5caf96","isMergeCommit":true,"messageTitle":"Merge pull request #74 from javinchua/issue-66-model-component","messageBody":"Added test cases for model component","fileTypesAndContributionMap":{}},{"hash":"b7ed52ace8c6aa23b4589bded4c96a5006710530","isMergeCommit":false,"messageTitle":"Implement deadline parameter in create command","messageBody":"","fileTypesAndContributionMap":{"functional-code":{"insertions":181,"deletions":28},"docs":{"insertions":3,"deletions":2},"test-code":{"insertions":146,"deletions":21}}},{"hash":"32817b7fff9e356c31912eb67882af71b89152d4","isMergeCommit":false,"messageTitle":"Fix error in success message of create command","messageBody":"","fileTypesAndContributionMap":{"functional-code":{"insertions":6,"deletions":4}}},{"hash":"a306bfe736a6dabf8cf767f9312f2635d0d5f0c3","isMergeCommit":false,"messageTitle":"Include more test cases to improve code coverage","messageBody":"","fileTypesAndContributionMap":{"test-code":{"insertions":280,"deletions":4}}},{"hash":"d6d9b41b0ab236bd2da1634d33fcaf7b1de2c5cd","isMergeCommit":false,"messageTitle":"Fix styling errors","messageBody":"","fileTypesAndContributionMap":{"test-code":{"insertions":0,"deletions":2}}}]},{"date":"2023-10-24","commitResults":[{"hash":"ef60aa29f2ba61e156c9de2b20642dada9e133ac","isMergeCommit":true,"messageTitle":"Merge pull request #88 from javinchua/issue-71-addSortCommand","messageBody":"Issue 71 add sort command","fileTypesAndContributionMap":{}},{"hash":"d9c5804e8a5004bafd449d537f029ec1479af255","isMergeCommit":true,"messageTitle":"Merge pull request #95 from javinchua/issue-94-enableAssertions","messageBody":"Enable Assertions","fileTypesAndContributionMap":{}}]},{"date":"2023-10-25","commitResults":[{"hash":"d2d09a680978631b93d77258deb2bccf87adcb35","isMergeCommit":false,"messageTitle":"Insert create command section in DG","messageBody":"","fileTypesAndContributionMap":{"functional-code":{"insertions":1,"deletions":2},"docs":{"insertions":170,"deletions":51}}},{"hash":"5129431fddcf97eed7dde426c2d7d297d1046227","isMergeCommit":false,"messageTitle":"Correct path names for UML diagrams","messageBody":"","fileTypesAndContributionMap":{"docs":{"insertions":3,"deletions":3}}},{"hash":"d99526914fa39e40fa37f3891c4afdeb8753d46c","isMergeCommit":true,"messageTitle":"Merge pull request #100 from s-kybound/s-kybound-update-ug","messageBody":"Update user guide","fileTypesAndContributionMap":{}},{"hash":"931d549af5c82e20e51a731c992fae069e89fffd","isMergeCommit":true,"messageTitle":"Merge pull request #99 from javinchua/issue-89-DG","messageBody":"Update Object diagram","fileTypesAndContributionMap":{}}]},{"date":"2023-10-28","commitResults":[{"hash":"b7975200ae356f59e89d0f9619b78870abec708b","isMergeCommit":false,"messageTitle":"Implement shared elements of UG","messageBody":"","fileTypesAndContributionMap":{"functional-code":{"insertions":0,"deletions":1},"docs":{"insertions":108,"deletions":57}}},{"hash":"1f025f663ca8f2057dda5cf555f2c9f7381416fa","isMergeCommit":true,"messageTitle":"Merge pull request #114 from shashahchk/issue-70-addfiltercommand","messageBody":"Add filter command to InternshipBookParser, fix styling, and increase…","fileTypesAndContributionMap":{}},{"hash":"9f16f6b398987322307b363da0d583e6887809a3","isMergeCommit":true,"messageTitle":"Merge pull request #113 from javinchua/issue-112-updateSortErrorMessage","messageBody":"Update Sort Error Message","fileTypesAndContributionMap":{}},{"hash":"c0e865a841ca303974be5614b529ca2d61d4f11d","isMergeCommit":false,"messageTitle":"Make application status private","messageBody":"","fileTypesAndContributionMap":{"functional-code":{"insertions":6,"deletions":2}}},{"hash":"270e11763d5fde8f6b1dd3c2c49b465b028a51ef","isMergeCommit":false,"messageTitle":"Update JY\u0027s PPP for this PR","messageBody":"","fileTypesAndContributionMap":{"docs":{"insertions":3,"deletions":2}}},{"hash":"80b570ad5475f402952c73180155585985a21ac9","isMergeCommit":true,"messageTitle":"Merge remote-tracking branch \u0027origin/master\u0027 into issue-107-updateUGJY","messageBody":"","fileTypesAndContributionMap":{}},{"hash":"dccc217ea8a34c2e19cadb883339a32c1b959b31","isMergeCommit":false,"messageTitle":"Implement getter for private application status","messageBody":"","fileTypesAndContributionMap":{"functional-code":{"insertions":7,"deletions":0},"test-code":{"insertions":2,"deletions":2}}}]},{"date":"2023-10-29","commitResults":[{"hash":"0c3d1196b5e8a5a6649f635189e2240256f274ac","isMergeCommit":true,"messageTitle":"Merge pull request #120 from s-kybound/issue-73-updatePPP","messageBody":"Update PPP","fileTypesAndContributionMap":{}},{"hash":"ab64cf9ed4e554be7b7e921d949743c21cb1c7c7","isMergeCommit":false,"messageTitle":"Improve UG layout","messageBody":"","fileTypesAndContributionMap":{"functional-code":{"insertions":11,"deletions":11},"docs":{"insertions":51,"deletions":7},"test-code":{"insertions":26,"deletions":13}}},{"hash":"3a032081b4be6b0ff95bd19639411b64340e66db","isMergeCommit":false,"messageTitle":"Implement test cases for SSM","messageBody":"","fileTypesAndContributionMap":{"test-code":{"insertions":45,"deletions":13}}},{"hash":"5ba01d5427632a0814bf48fe31bf54c4e38a8449","isMergeCommit":false,"messageTitle":"Implement more test cases for SSM","messageBody":"","fileTypesAndContributionMap":{"test-code":{"insertions":53,"deletions":2}}},{"hash":"6facc16bed29de28fe5e8ef6a8e3c249cc786d56","isMergeCommit":false,"messageTitle":"Rectify style errors","messageBody":"","fileTypesAndContributionMap":{"test-code":{"insertions":0,"deletions":2}}},{"hash":"9b83354dcf0cfbbb223bf3e58f41d5bf04ea775a","isMergeCommit":true,"messageTitle":"Merge pull request #116 from jinyang628/issue-107-updateUGJY","messageBody":"Implement shared elements of UG","fileTypesAndContributionMap":{}}]},{"date":"2023-10-31","commitResults":[{"hash":"cda99b1a02e92666155850ce5b5380b2fe5951b8","isMergeCommit":false,"messageTitle":"Update Create and Storage DG","messageBody":"","fileTypesAndContributionMap":{"docs":{"insertions":117,"deletions":40}}}]},{"date":"2023-11-01","commitResults":[{"hash":"5a4d1cbc8f5f9925e16a216b30b99b9d716cea1d","isMergeCommit":true,"messageTitle":"Merge pull request #131 from javinchua/issue-104-updateUserGuide","messageBody":"Update user guide for sort","tags":["v1.3"],"fileTypesAndContributionMap":{}},{"hash":"3c56c5b341d36affce57ce7a0e36a910d426ada0","isMergeCommit":false,"messageTitle":"Rectify error in sequence diagram","messageBody":"","fileTypesAndContributionMap":{"docs":{"insertions":20,"deletions":19}}}]}]},"authorFileTypeContributionMap":{"javinchua":{"docs":350,"functional-code":378,"test-code":1101,"other":3},"shashahchk":{"docs":353,"functional-code":657,"test-code":1296},"s-kybound":{"docs":216,"functional-code":283,"test-code":1409},"yongning0310":{"docs":283,"functional-code":1549,"test-code":68},"jinyang628":{"docs":453,"functional-code":1119,"test-code":1115}},"authorContributionVariance":{"javinchua":47030.918,"shashahchk":46067.35,"s-kybound":1292781.0,"yongning0310":182928.92,"jinyang628":109830.64},"authorDisplayNameMap":{"javinchua":"CS2103T-W17-1 CHUA..AVIN","shashahchk":"CS2103T-W17-1 CHOK..AMIN","s-kybound":"CS2103T-W17-1 KYRI..ABAD","yongning0310":"CS2103T-W17-1 LEE ..NING","jinyang628":"CS2103T-W17-1 CHEN..YANG"}}
