{"authorDailyContributionsMap":{"rayyan35p":[{"date":"2023-10-01","commitResults":[{"hash":"455c9d4adfff6cf715a72578b07420b2b1fe9270","isMergeCommit":false,"messageTitle":"Add skeletal PPP for Rayyan","messageBody":"","fileTypesAndContributionMap":{"docs":{"insertions":10,"deletions":0}}},{"hash":"250f91159865849507bb379b1fcf12e953aba0f8","isMergeCommit":false,"messageTitle":"Update AboutUs for Rayyan","messageBody":"","fileTypesAndContributionMap":{"docs":{"insertions":6,"deletions":5}}}]},{"date":"2023-10-04","commitResults":[{"hash":"79c03c3973a891fc1e2714721529077553f6f684","isMergeCommit":false,"messageTitle":"Add skeletal PPP for Rayyan","messageBody":"","fileTypesAndContributionMap":{"docs":{"insertions":1,"deletions":1}}},{"hash":"d72e82835051d587f56e8799ebed74ebb7e872d9","isMergeCommit":false,"messageTitle":"Update AboutUs","messageBody":"","fileTypesAndContributionMap":{"docs":{"insertions":0,"deletions":1}}},{"hash":"c4871f5e575f91fab07512cc9ce1cdd540fca3eb","isMergeCommit":true,"messageTitle":"Merge branch \u0027master\u0027 of https://github.com/AY2324S1-CS2103T-T08-3/tp into rayyan-aboutus","messageBody":"# Conflicts:\n#\tdocs/AboutUs.md\n","fileTypesAndContributionMap":{}},{"hash":"ffef7a7acaa2410f00585c71f487f417cfa1b106","isMergeCommit":false,"messageTitle":"Change Rayyan\u0027s skeletal PPP name to fit specified format","messageBody":"","fileTypesAndContributionMap":{"docs":{"insertions":1,"deletions":1}}},{"hash":"3266f0077998ce5391c9de31b38d7b95bfc02751","isMergeCommit":false,"messageTitle":"Update Rayyan\u0027s image source to correct file name","messageBody":"","fileTypesAndContributionMap":{"docs":{"insertions":1,"deletions":1}}},{"hash":"e2d9beeb7ed4f9c192a6385ae7937f510ccbb7a1","isMergeCommit":true,"messageTitle":"Merge branch \u0027master\u0027 of https://github.com/AY2324S1-CS2103T-T08-3/tp into userguide-branch","messageBody":"","fileTypesAndContributionMap":{}},{"hash":"9cdada5149a4658d76ec8dd5e771e30794beedaf","isMergeCommit":false,"messageTitle":"Update list and clear command in User Guide","messageBody":"","fileTypesAndContributionMap":{"docs":{"insertions":6,"deletions":4}}},{"hash":"7cfdf755d024fa14a7a9e1de57631f0112080020","isMergeCommit":true,"messageTitle":"Merge branch \u0027master\u0027 of https://github.com/AY2324S1-CS2103T-T08-3/tp","messageBody":"","fileTypesAndContributionMap":{}},{"hash":"9645d79f3787eb66a4d5bb915c9c0a619a571df3","isMergeCommit":false,"messageTitle":"Add non-functional requirements to Developer Guide","messageBody":"","fileTypesAndContributionMap":{"docs":{"insertions":3,"deletions":0}}},{"hash":"7c0a6137a47fb224765b729cc4fa8dc702569c93","isMergeCommit":true,"messageTitle":"Merge pull request #65 from rayyan35p/userguide-branch","messageBody":"Update listE and clear commands in User Guide","fileTypesAndContributionMap":{}},{"hash":"7b15d35775d7ff7f5c66ed47d5ebfd91413eceb4","isMergeCommit":true,"messageTitle":"Merge pull request #76 from Chandan8186/br-website","messageBody":"Update TaskHub Website","fileTypesAndContributionMap":{}},{"hash":"67fa1d3c8fada66e33edf82c0b27c02ddf340b69","isMergeCommit":true,"messageTitle":"Merge pull request #79 from antonTan96/AboutusAndPPPUpdate-branch","messageBody":"Refactor file names","fileTypesAndContributionMap":{}},{"hash":"88c86e2d07c04c827438d09d8a466075d26be26e","isMergeCommit":true,"messageTitle":"Merge pull request #73 from aslam341/aslam-aboutus-ppp","messageBody":"Add Skeletal PPP and About Us - Aslam","fileTypesAndContributionMap":{}},{"hash":"2863296f329fe3350ef34886b43f2fd3963639db","isMergeCommit":false,"messageTitle":"Update Non-Functional Requirements","messageBody":"","fileTypesAndContributionMap":{"docs":{"insertions":3,"deletions":4}}},{"hash":"1d487fdc4862e3f70da63097c0f47518ce53b1be","isMergeCommit":true,"messageTitle":"Merge pull request #63 from timleow/branch-GuideUpdates","messageBody":"Update Developer Guide and User Guide - Tim","fileTypesAndContributionMap":{}},{"hash":"27b976bb1c693d8ec0b7ac8842f33e5c579d4380","isMergeCommit":true,"messageTitle":"Merge pull request #80 from aslam341/br-userguide","messageBody":"Add addE and deleteE commands to User Guide","fileTypesAndContributionMap":{}},{"hash":"5a10168b988d016619761433a402aa7cd12b2df9","isMergeCommit":true,"messageTitle":"Merge pull request #75 from antonTan96/UserGuideUpdate-branch","messageBody":"User guide update branch","fileTypesAndContributionMap":{}},{"hash":"7b36f08bfb61989492ea43c0749b8fd21cad0f89","isMergeCommit":true,"messageTitle":"Merge pull request #82 from aslam341/br-developerguide","messageBody":"Add user stories to Developer Guide","fileTypesAndContributionMap":{}}]},{"date":"2023-10-15","commitResults":[{"hash":"5346c49b2714db72bf5caac893ab215930054fd2","isMergeCommit":true,"messageTitle":"Merge branch \u0027master\u0027 of https://github.com/AY2324S1-CS2103T-T08-3/tp","messageBody":"","fileTypesAndContributionMap":{}},{"hash":"22d30f1de92bc71b98275368f275a7b9bc3c91e5","isMergeCommit":false,"messageTitle":"Refactor list command to listE","messageBody":"","fileTypesAndContributionMap":{"functional-code":{"insertions":3,"deletions":3},"other":{"insertions":6,"deletions":6},"docs":{"insertions":1,"deletions":1},"test-code":{"insertions":7,"deletions":7}}}]},{"date":"2023-10-18","commitResults":[{"hash":"3c8b80431eb03fb8840aed6699b2077a794411de","isMergeCommit":true,"messageTitle":"Merge pull request #102 from aslam341/br-userguide","messageBody":"Fix addE example in user guide","fileTypesAndContributionMap":{}}]},{"date":"2023-10-22","commitResults":[{"hash":"426f954c5c61b49dd878f44e771840a724c9ec81","isMergeCommit":true,"messageTitle":"Merge branch \u0027master\u0027 of https://github.com/AY2324S1-CS2103T-T08-3/tp","messageBody":"","fileTypesAndContributionMap":{}}]},{"date":"2023-10-24","commitResults":[{"hash":"114c4a797808ef6f78ccb5a4372cf59bfa55030f","isMergeCommit":true,"messageTitle":"Merge branch \u0027master\u0027 of https://github.com/AY2324S1-CS2103T-T08-3/tp","messageBody":"","fileTypesAndContributionMap":{}}]},{"date":"2023-10-25","commitResults":[{"hash":"90bdf07299f11d0c93ee9b90b2331ff44cdb4d26","isMergeCommit":false,"messageTitle":"Add priorityP command","messageBody":"","fileTypesAndContributionMap":{"functional-code":{"insertions":267,"deletions":3}}},{"hash":"10bbfbf6f64aff29012696478b253992352c6ad7","isMergeCommit":true,"messageTitle":"Merge branch \u0027master\u0027 of https://github.com/AY2324S1-CS2103T-T08-3/tp into project-priority-branch","messageBody":"","fileTypesAndContributionMap":{}},{"hash":"9d53db0e94f2e4980c1361cf12ae2ddecc6bf28c","isMergeCommit":false,"messageTitle":"Fix success message for priorityP command","messageBody":"","fileTypesAndContributionMap":{"functional-code":{"insertions":1,"deletions":0}}},{"hash":"d694e862c271f327b80a597a540cd7841e1097ab","isMergeCommit":false,"messageTitle":"Fix existing testcases","messageBody":"","fileTypesAndContributionMap":{"functional-code":{"insertions":0,"deletions":1},"test-code":{"insertions":31,"deletions":5}}},{"hash":"423814f8e9d22e6a082617a766b3099aabcd3881","isMergeCommit":false,"messageTitle":"Add new tests for project priority","messageBody":"","fileTypesAndContributionMap":{"functional-code":{"insertions":6,"deletions":0},"test-code":{"insertions":198,"deletions":1}}},{"hash":"c0c71227fdd89a2776eb3ebdbfe882d3c0a2c0e9","isMergeCommit":true,"messageTitle":"Merge branch \u0027master\u0027 of https://github.com/AY2324S1-CS2103T-T08-3/tp into project-priority-branch","messageBody":"# Conflicts:\n#\tsrc/main/java/seedu/address/logic/parser/CliSyntax.java\n#\tsrc/main/java/seedu/address/logic/parser/ParserUtil.java\n#\tsrc/main/java/seedu/address/logic/parser/TaskHubParser.java\n#\tsrc/main/java/seedu/address/model/project/Project.java\n#\tsrc/main/java/seedu/address/storage/JsonAdaptedProject.java\n#\tsrc/main/java/seedu/address/ui/ProjectCard.java\n#\tsrc/test/java/seedu/address/storage/JsonAdaptedProjectTest.java\n#\tsrc/test/java/seedu/address/testutil/ProjectBuilder.java\n#\tsrc/test/java/seedu/address/testutil/TypicalIndexes.java\n","fileTypesAndContributionMap":{}},{"hash":"72c32d0e28be2e5fd7b85e29ed119aefd8a610c9","isMergeCommit":false,"messageTitle":"Update user guide with priorityP","messageBody":"","fileTypesAndContributionMap":{"docs":{"insertions":16,"deletions":2}}},{"hash":"83cc241f9dc3581dd5de55d13ca231f8e648ad9c","isMergeCommit":false,"messageTitle":"Remove need for project prefix for index for priorityP command","messageBody":"","fileTypesAndContributionMap":{"functional-code":{"insertions":10,"deletions":7},"test-code":{"insertions":1,"deletions":1}}},{"hash":"b1566675ff6455f12af4e432f04818cf3a40858e","isMergeCommit":false,"messageTitle":"Fix checkstyle issues","messageBody":"","fileTypesAndContributionMap":{"functional-code":{"insertions":0,"deletions":4}}},{"hash":"2579c4a5c7c4423b904b9cd9cdae64ecb2e39c1f","isMergeCommit":true,"messageTitle":"Merge branch \u0027master\u0027 of https://github.com/AY2324S1-CS2103T-T08-3/tp into project-priority-branch","messageBody":"# Conflicts:\n#\tsrc/main/java/seedu/address/logic/parser/TaskHubParser.java\n","fileTypesAndContributionMap":{}},{"hash":"e94c62b835bc05324d000edc1c78a7cadd8b9b76","isMergeCommit":false,"messageTitle":"Change ProjectPriority class to use enums","messageBody":"","fileTypesAndContributionMap":{"functional-code":{"insertions":30,"deletions":5}}},{"hash":"d02aac6f92709e672b0e5e05043a21ecdeb9e897","isMergeCommit":true,"messageTitle":"Merge branch \u0027master\u0027 of https://github.com/AY2324S1-CS2103T-T08-3/tp","messageBody":"","fileTypesAndContributionMap":{}}]},{"date":"2023-10-26","commitResults":[{"hash":"b7b05f3ef39b33de821fe304bf628f99bd870053","isMergeCommit":true,"messageTitle":"Merge pull request #117 from aslam341/fix-priority","messageBody":"Fix bug where project priority and deadline are not stored simultaneously","fileTypesAndContributionMap":{}},{"hash":"1da0727789a2dbbbaf6718ac5539beeeb42f6bf1","isMergeCommit":true,"messageTitle":"Merge pull request #119 from aslam341/enable-assertions-in-gradle","messageBody":"Enable java assertions in gradle","fileTypesAndContributionMap":{}},{"hash":"6d10b7dd001fdb14b5c630daf9701f3909042aac","isMergeCommit":true,"messageTitle":"Merge branch \u0027master\u0027 of https://github.com/AY2324S1-CS2103T-T08-3/tp","messageBody":"","fileTypesAndContributionMap":{}},{"hash":"e4e1caa04a4d346eb7eba0b1ee51ad6416077d02","isMergeCommit":true,"messageTitle":"Merge pull request #111 from antonTan96/add-deleteP-branch","messageBody":"Add deleteP command","fileTypesAndContributionMap":{}}]},{"date":"2023-10-27","commitResults":[{"hash":"4c2b4e0ec03469417376f0bf8ddb9cadaa1a2ffe","isMergeCommit":true,"messageTitle":"Merge branch \u0027master\u0027 of https://github.com/AY2324S1-CS2103T-T08-3/tp","messageBody":"","fileTypesAndContributionMap":{}},{"hash":"7462407b49156ed35a75e2985220099b95875a7c","isMergeCommit":true,"messageTitle":"Merge branch \u0027master\u0027 of https://github.com/rayyan35p/tp","messageBody":"","fileTypesAndContributionMap":{}},{"hash":"a0b76972c59f2e1c3fe870921ef32c8da64da0fb","isMergeCommit":false,"messageTitle":"Update DG with implementation of PriorityP command","messageBody":"","fileTypesAndContributionMap":{"docs":{"insertions":82,"deletions":0}}},{"hash":"9f2802c7c061e2334a4d711c36d6c52841af3cce","isMergeCommit":true,"messageTitle":"Merge pull request #124 from antonTan96/update-developerGuide-branch","messageBody":"Fix spelling error of Developer Guide","fileTypesAndContributionMap":{}},{"hash":"7b2c8e5506ecade6153e9e55b9feb84cfb7f00f3","isMergeCommit":true,"messageTitle":"Merge branch \u0027master\u0027 of https://github.com/AY2324S1-CS2103T-T08-3/tp","messageBody":"","fileTypesAndContributionMap":{}},{"hash":"b5cc3c1aa68a72f948134869ac88a5c4a67a71e6","isMergeCommit":false,"messageTitle":"Update version number to 1.2.1","messageBody":"","fileTypesAndContributionMap":{"functional-code":{"insertions":1,"deletions":1}}},{"hash":"f889a0258fb5371f95a612d2165c6b22fa3bf1fb","isMergeCommit":false,"messageTitle":"Fix formatting in DG","messageBody":"","fileTypesAndContributionMap":{"docs":{"insertions":3,"deletions":3}}}]},{"date":"2023-10-30","commitResults":[{"hash":"ae7138cd548e74695866f7b8c0269f0071d5b4b0","isMergeCommit":true,"messageTitle":"Merge pull request #154 from timleow/branch-deleteT","messageBody":"Implement deleteT","fileTypesAndContributionMap":{}}]}],"Chandan8186":[{"date":"2023-09-27","commitResults":[{"hash":"3e78f9ba0eb231b1063cd491e16ba46d2cc8af03","isMergeCommit":false,"messageTitle":"Add and fix Remark testing","messageBody":"","fileTypesAndContributionMap":{"test-code":{"insertions":200,"deletions":7}}},{"hash":"d4189ba410e8cbf606d39861c024b2a38f52cd71","isMergeCommit":false,"messageTitle":"Add newlines to necessary files","messageBody":"","fileTypesAndContributionMap":{"functional-code":{"insertions":2,"deletions":2},"test-code":{"insertions":5,"deletions":5}}},{"hash":"7412c0540dad3d1a123cc80410b1b7a64dc09aba","isMergeCommit":false,"messageTitle":"Fix some checkstyle issues","messageBody":"","fileTypesAndContributionMap":{"functional-code":{"insertions":12,"deletions":2}}}]},{"date":"2023-09-28","commitResults":[{"hash":"fbc25b8e5a294e45437d8030c61632842125753c","isMergeCommit":false,"messageTitle":"Fix more checkstyle issues","messageBody":"","fileTypesAndContributionMap":{"functional-code":{"insertions":5,"deletions":2}}},{"hash":"a651630236f1e4d2787c539b5aaf8b98d110c0c4","isMergeCommit":false,"messageTitle":"Fix checkstyle errors in test files","messageBody":"","fileTypesAndContributionMap":{"test-code":{"insertions":3,"deletions":3}}},{"hash":"095e311c91a499f796cff505b4b77cd71989e473","isMergeCommit":true,"messageTitle":"Merge branch \u0027master\u0027 of https://github.com/Chandan8186/tp into tutorial-adding-command","messageBody":"","fileTypesAndContributionMap":{}},{"hash":"0602064dd8faca41a03a1d44391181288fa23b4b","isMergeCommit":false,"messageTitle":"Add more tests for remarks","messageBody":"","fileTypesAndContributionMap":{"functional-code":{"insertions":48,"deletions":2},"test-code":{"insertions":79,"deletions":0}}}]},{"date":"2023-10-01","commitResults":[{"hash":"f8dad6b2ed4278fe2df0d813bd581840d5fa6bbf","isMergeCommit":false,"messageTitle":"Add skeletal PPP and update About Us","messageBody":"","fileTypesAndContributionMap":{"docs":{"insertions":14,"deletions":3}}},{"hash":"23905da4ffcf7c24d4e15c95b22795676f3a07b3","isMergeCommit":false,"messageTitle":"Update README and Ui image","messageBody":"","fileTypesAndContributionMap":{"docs":{"insertions":5,"deletions":3}}}]},{"date":"2023-10-02","commitResults":[{"hash":"4bd3b1b976e10bf1812ba1b696bcd12c5078ed0c","isMergeCommit":false,"messageTitle":"Add personal image and make changes to PPP","messageBody":"","fileTypesAndContributionMap":{"docs":{"insertions":17,"deletions":1}}}]},{"date":"2023-10-03","commitResults":[{"hash":"001c45a96fae155f8f69fc0a67fefb42359694d1","isMergeCommit":true,"messageTitle":"Merge pull request #56 from antonTan96/AboutusAndPPPUpdate-branch","messageBody":"Aboutus and ppp update branch - Anton","fileTypesAndContributionMap":{}}]},{"date":"2023-10-04","commitResults":[{"hash":"da9e5bcd7f53c4f3f18484a6ab9f1eb891c88738","isMergeCommit":true,"messageTitle":"Merge branch \u0027master\u0027 of https://github.com/AY2324S1-CS2103T-T08-3/tp","messageBody":"","fileTypesAndContributionMap":{}},{"hash":"e5fa51a66b9d3beda632cb9c64e08555750a2170","isMergeCommit":false,"messageTitle":"Fix PPP file name","messageBody":"","fileTypesAndContributionMap":{"docs":{"insertions":1,"deletions":1}}},{"hash":"074c39319a31b2518f7e5498832a6e96d570d1e8","isMergeCommit":false,"messageTitle":"Update user guide","messageBody":"","fileTypesAndContributionMap":{"docs":{"insertions":12,"deletions":5}}},{"hash":"85ac9536ab0cd6e20074ea333163942bdf78cddd","isMergeCommit":true,"messageTitle":"Merge pull request #57 from rayyan35p/rayyan-aboutus","messageBody":"Add Skeletal PPP and update AboutUs - Rayyan","fileTypesAndContributionMap":{}},{"hash":"dd854838e2469ffdf5d60b32b49d2e437b922e09","isMergeCommit":true,"messageTitle":"Merge pull request #58 from timleow/branch-timleowPPP","messageBody":"Update About Us and individual PPP - Tim","fileTypesAndContributionMap":{}},{"hash":"e4367ebffd47d2858272b1a4ff4736ba39e1a501","isMergeCommit":true,"messageTitle":"Merge branch \u0027master\u0027 of https://github.com/AY2324S1-CS2103T-T08-3/tp","messageBody":"","fileTypesAndContributionMap":{}},{"hash":"ec81ff486f2532a0671d5f9715d91b99602cbf12","isMergeCommit":true,"messageTitle":"Merge branch \u0027master\u0027 into br-devguide","messageBody":"","fileTypesAndContributionMap":{}},{"hash":"e2567baaa1989056dcfa86955c39d7ea36002616","isMergeCommit":false,"messageTitle":"Fix command format","messageBody":"","fileTypesAndContributionMap":{"docs":{"insertions":1,"deletions":1}}},{"hash":"0806b549e179834d0d0f87583d4a9fa5dbd8e626","isMergeCommit":false,"messageTitle":"Add a minor test commit","messageBody":"","fileTypesAndContributionMap":{"docs":{"insertions":1,"deletions":1}}}]},{"date":"2023-10-05","commitResults":[{"hash":"5186118bee3ebbbdeb4eddd5e1293a81e9513a19","isMergeCommit":true,"messageTitle":"Merge branch \u0027master\u0027 of https://github.com/AY2324S1-CS2103T-T08-3/tp","messageBody":"","fileTypesAndContributionMap":{}}]},{"date":"2023-10-07","commitResults":[{"hash":"8a1489c1fd2165c791b9fd9b9d48c4dd4c18d5fb","isMergeCommit":true,"messageTitle":"Merge branch \u0027master\u0027 into tutorial-adding-command","messageBody":"","fileTypesAndContributionMap":{}},{"hash":"dc9634814066e653c1e5b825d6548eeb93496002","isMergeCommit":true,"messageTitle":"Merge pull request #83 from aslam341/refactor-person-to-employee","messageBody":"Refactor person to employee in code","fileTypesAndContributionMap":{}},{"hash":"bc4a2fe72cb3eb79d67947c4bfa53272bd2ce791","isMergeCommit":true,"messageTitle":"Merge branch \u0027master\u0027 of https://github.com/AY2324S1-CS2103T-T08-3/tp","messageBody":"","fileTypesAndContributionMap":{}},{"hash":"d0a51cf50a9ec167dec3564cf9c3d3c21e382d5c","isMergeCommit":true,"messageTitle":"Merge branch \u0027master\u0027 into tutorial-adding-command","messageBody":"# Conflicts:\n#\tsrc/main/java/seedu/address/logic/Messages.java\n#\tsrc/main/java/seedu/address/logic/commands/EditCommand.java\n#\tsrc/main/java/seedu/address/logic/parser/AddCommandParser.java\n#\tsrc/main/java/seedu/address/logic/parser/ParserUtil.java\n#\tsrc/main/java/seedu/address/model/employee/Employee.java\n#\tsrc/main/java/seedu/address/model/employee/Remark.java\n#\tsrc/main/java/seedu/address/model/util/SampleDataUtil.java\n#\tsrc/main/java/seedu/address/storage/JsonAdaptedEmployee.java\n#\tsrc/main/java/seedu/address/ui/EmployeeCard.java\n#\tsrc/test/java/seedu/address/logic/parser/AddressBookParserTest.java\n#\tsrc/test/java/seedu/address/logic/parser/ParserUtilTest.java\n#\tsrc/test/java/seedu/address/model/employee/EmployeeTest.java\n#\tsrc/test/java/seedu/address/model/employee/RemarkTest.java\n#\tsrc/test/java/seedu/address/storage/JsonAdaptedEmployeeTest.java\n#\tsrc/test/java/seedu/address/testutil/EmployeeUtil.java\n#\tsrc/test/java/seedu/address/testutil/PersonBuilder.java\n#\tsrc/test/java/seedu/address/testutil/TypicalEmployees.java\n","fileTypesAndContributionMap":{}},{"hash":"90b3e34960fb763dac71a570751dbe8e9837a301","isMergeCommit":false,"messageTitle":"Fix checkstyle issues","messageBody":"","fileTypesAndContributionMap":{"functional-code":{"insertions":6,"deletions":5},"test-code":{"insertions":14,"deletions":8}}}]},{"date":"2023-10-15","commitResults":[{"hash":"7ed5f783348b52b2803a4785c4b53561b555676a","isMergeCommit":true,"messageTitle":"Merge branch \u0027master\u0027 of https://github.com/AY2324S1-CS2103T-T08-3/tp","messageBody":"","fileTypesAndContributionMap":{}},{"hash":"c2bc3a3b9a5330f3e4845e56c0c48df7c0ba1a3a","isMergeCommit":false,"messageTitle":"Add placeholder pane for projects","messageBody":"","fileTypesAndContributionMap":{"functional-code":{"insertions":162,"deletions":6}}},{"hash":"0eea881e90b35200e52ec5aadbb81945961445bd","isMergeCommit":false,"messageTitle":"Fix checkstyle issues","messageBody":"","fileTypesAndContributionMap":{"functional-code":{"insertions":0,"deletions":3}}},{"hash":"e1a4621940e507a79585696c2103a395cc10153e","isMergeCommit":false,"messageTitle":"Add a junit test","messageBody":"","fileTypesAndContributionMap":{"test-code":{"insertions":8,"deletions":0}}},{"hash":"1267360de8f9492226316c7f604d796394bc4156","isMergeCommit":false,"messageTitle":"Add more junit tests","messageBody":"","fileTypesAndContributionMap":{"test-code":{"insertions":32,"deletions":0}}},{"hash":"75f261e69590a2034f07cc2a9f95b4a67c51526c","isMergeCommit":false,"messageTitle":"Add additional junit tests","messageBody":"","fileTypesAndContributionMap":{"test-code":{"insertions":32,"deletions":0}}},{"hash":"71041b56a7dd7a3bc3abfb0f4623c7a895d43b27","isMergeCommit":false,"messageTitle":"Add some more junit tests","messageBody":"","fileTypesAndContributionMap":{"test-code":{"insertions":20,"deletions":0}}},{"hash":"5191204d2b65dcf4efdb2bc2f4cfb7d6c9967f9f","isMergeCommit":false,"messageTitle":"Refactor find command to findE for employees","messageBody":"","fileTypesAndContributionMap":{"functional-code":{"insertions":3,"deletions":3},"other":{"insertions":28,"deletions":28},"test-code":{"insertions":4,"deletions":4}}},{"hash":"b2fea913ab988e7db4983f374f0d5b585f9c6334","isMergeCommit":false,"messageTitle":"Fix checkstyle issue","messageBody":"","fileTypesAndContributionMap":{"test-code":{"insertions":2,"deletions":1}}},{"hash":"14d05e3cb6863ae9d333e3956d1eaaa0a9387f3b","isMergeCommit":true,"messageTitle":"Merge branch \u0027master\u0027 into br-devguide","messageBody":"","fileTypesAndContributionMap":{}},{"hash":"07c9cd80f821360996904db882895d4df0fd5648","isMergeCommit":false,"messageTitle":"Update glossary","messageBody":"","fileTypesAndContributionMap":{"docs":{"insertions":1,"deletions":2}}}]},{"date":"2023-10-17","commitResults":[{"hash":"30f431772f9f05fec31dd37c63815278be258b07","isMergeCommit":false,"messageTitle":"Add comments about UI employee placeholder","messageBody":"","fileTypesAndContributionMap":{"functional-code":{"insertions":6,"deletions":1},"test-code":{"insertions":1,"deletions":0}}},{"hash":"349aeaf6b4bb3a4a8bd0dafc7a1c2773d891512c","isMergeCommit":true,"messageTitle":"Merge pull request #88 from rayyan35p/list-employee-branch","messageBody":"Refactor list command to listE","fileTypesAndContributionMap":{}}]},{"date":"2023-10-18","commitResults":[{"hash":"c2cc32e4c9f1fd1c9d212c1c79a14dd372c58e03","isMergeCommit":true,"messageTitle":"Merge pull request #97 from aslam341/refactor-docs","messageBody":"Refactor docs to remove occurrences of addressbook and person","fileTypesAndContributionMap":{}},{"hash":"9b6de4f4123f3107c483e85bee94708993c92b61","isMergeCommit":true,"messageTitle":"Merge pull request #100 from antonTan96/refactor-remark-to-project","messageBody":"Refactor remark to project","fileTypesAndContributionMap":{}},{"hash":"68d47c4e2c0585d47ce3941af340d29c016536da","isMergeCommit":true,"messageTitle":"Merge branch \u0027master\u0027 of https://github.com/AY2324S1-CS2103T-T08-3/tp","messageBody":"","fileTypesAndContributionMap":{}},{"hash":"b748d97abe7846b8ef7d90637b4a79bb318d85b8","isMergeCommit":false,"messageTitle":"Display projects on project list UI pane","messageBody":"","fileTypesAndContributionMap":{"functional-code":{"insertions":50,"deletions":20}}},{"hash":"199804315c3889bde8374f7ea6c7d5a4cf79cdee","isMergeCommit":false,"messageTitle":"Fix checkstyle issues","messageBody":"","fileTypesAndContributionMap":{"functional-code":{"insertions":2,"deletions":4}}},{"hash":"b9b648a965bc383f886c7403f13bd68a6c329120","isMergeCommit":false,"messageTitle":"Implement listP command","messageBody":"","fileTypesAndContributionMap":{"functional-code":{"insertions":46,"deletions":0}}},{"hash":"d19371fc1335b5103f2a91835dc29fdecb6b8c47","isMergeCommit":false,"messageTitle":"Fix some junit tests","messageBody":"","fileTypesAndContributionMap":{"functional-code":{"insertions":0,"deletions":1},"test-code":{"insertions":11,"deletions":1}}},{"hash":"007b09f8dc8d35b72c5b3b593c6ab96e3d561a80","isMergeCommit":false,"messageTitle":"Add simple panel titles","messageBody":"","fileTypesAndContributionMap":{"functional-code":{"insertions":17,"deletions":0}}},{"hash":"f77d0be951cb0003e7b33f86fb1184bc295480f2","isMergeCommit":false,"messageTitle":"Remove unnecessary comments","messageBody":"","fileTypesAndContributionMap":{"functional-code":{"insertions":1,"deletions":6},"test-code":{"insertions":0,"deletions":1}}},{"hash":"11d964450a26d78717a56cfca6f907e845c9d1dc","isMergeCommit":true,"messageTitle":"Merge branch \u0027master\u0027 of https://github.com/AY2324S1-CS2103T-T08-3/tp","messageBody":"","fileTypesAndContributionMap":{}}]},{"date":"2023-10-23","commitResults":[{"hash":"9366fe763ce39e54a4cd728bd9368fddeab0770d","isMergeCommit":false,"messageTitle":"Add findP command","messageBody":"","fileTypesAndContributionMap":{"functional-code":{"insertions":126,"deletions":17},"other":{"insertions":18,"deletions":18},"test-code":{"insertions":19,"deletions":19}}},{"hash":"d707976380546044e9e29e01c3671347f677d78e","isMergeCommit":true,"messageTitle":"Merge branch \u0027master\u0027 of https://github.com/AY2324S1-CS2103T-T08-3/tp","messageBody":"","fileTypesAndContributionMap":{}},{"hash":"88b3d056b1d8ebb3b6aafb30c428276147aa0913","isMergeCommit":true,"messageTitle":"Merge branch \u0027master\u0027 into br-find-pr-and-em","messageBody":"","fileTypesAndContributionMap":{}},{"hash":"c5d7fde6cef15a2189db4db702ef9ecd54e14a21","isMergeCommit":false,"messageTitle":"Fix bug in error message displayed","messageBody":"","fileTypesAndContributionMap":{"functional-code":{"insertions":3,"deletions":4},"other":{"insertions":1,"deletions":4}}},{"hash":"b6a50f4aa132cf2897299f631c8941d02f272e05","isMergeCommit":false,"messageTitle":"Update find commands to filter both employees and projects","messageBody":"","fileTypesAndContributionMap":{"functional-code":{"insertions":160,"deletions":13},"test-code":{"insertions":16,"deletions":8}}}]},{"date":"2023-10-24","commitResults":[{"hash":"b9f494618290fc23539c67690090cfecc5416b68","isMergeCommit":true,"messageTitle":"Merge branch \u0027master\u0027 of https://github.com/AY2324S1-CS2103T-T08-3/tp","messageBody":"","fileTypesAndContributionMap":{}},{"hash":"6d683dc27a3118eb1df24954c4fd6721256dd602","isMergeCommit":true,"messageTitle":"Merge branch \u0027master\u0027 into br-find-pr-and-em","messageBody":"# Conflicts:\n#\tsrc/test/java/seedu/address/logic/parser/TaskHubParserTest.java\n","fileTypesAndContributionMap":{}},{"hash":"fe9322092762f306b3b41cd4a5eb8373a59d692b","isMergeCommit":false,"messageTitle":"Fix issues caused by refactoring","messageBody":"","fileTypesAndContributionMap":{"functional-code":{"insertions":5,"deletions":5},"other":{"insertions":4,"deletions":4}}},{"hash":"18b7a84ebedf637e626120a2e552c8cbc28139da","isMergeCommit":false,"messageTitle":"Add and modify tests for find commands","messageBody":"","fileTypesAndContributionMap":{"test-code":{"insertions":212,"deletions":15}}},{"hash":"ecc08f748498a002e0a8896c6a99f96df5c9c271","isMergeCommit":false,"messageTitle":"Fix previous test issues","messageBody":"","fileTypesAndContributionMap":{"test-code":{"insertions":1,"deletions":1}}},{"hash":"a18abe383ef637f83c29312b904af55865dc84eb","isMergeCommit":false,"messageTitle":"Fix bugs and add more tests for find commands","messageBody":"","fileTypesAndContributionMap":{"functional-code":{"insertions":1,"deletions":1},"test-code":{"insertions":35,"deletions":0}}},{"hash":"eb3c451877fd31897567232a0d8ec24f966d7846","isMergeCommit":false,"messageTitle":"Make small change to master branch","messageBody":"","fileTypesAndContributionMap":{"docs":{"insertions":1,"deletions":1}}},{"hash":"1b3a8e0fe2bf62299623df763b0d593aab09d189","isMergeCommit":false,"messageTitle":"Make test commit","messageBody":"","fileTypesAndContributionMap":{"docs":{"insertions":1,"deletions":1}}},{"hash":"e592e88531abb33b3fd34562a0e98bfc2021b484","isMergeCommit":false,"messageTitle":"Add tests for new predicate classes","messageBody":"","fileTypesAndContributionMap":{"test-code":{"insertions":200,"deletions":0}}},{"hash":"0a1868c4fc7fb63e68c6a82e459f9924933eacd8","isMergeCommit":false,"messageTitle":"Modify find command messages","messageBody":"","fileTypesAndContributionMap":{"functional-code":{"insertions":2,"deletions":2}}},{"hash":"81cfbbd0c025cdf9463090eb9c056f5757453fb9","isMergeCommit":false,"messageTitle":"Add more tests","messageBody":"","fileTypesAndContributionMap":{"functional-code":{"insertions":2,"deletions":2},"test-code":{"insertions":27,"deletions":8}}}]},{"date":"2023-10-25","commitResults":[{"hash":"a0f1b7a5b42ff66a6442cce2da72dfbd1afb9b10","isMergeCommit":true,"messageTitle":"Merge branch \u0027master\u0027 of https://github.com/AY2324S1-CS2103T-T08-3/tp","messageBody":"","fileTypesAndContributionMap":{}},{"hash":"bb6fb6b8fae6dfee0539b041a74a541cef187a5b","isMergeCommit":false,"messageTitle":"Implement list command","messageBody":"","fileTypesAndContributionMap":{"functional-code":{"insertions":29,"deletions":0}}},{"hash":"34ae7ccc7f755a957f30a936453038c4eec86ae6","isMergeCommit":false,"messageTitle":"Add necessary tests","messageBody":"","fileTypesAndContributionMap":{"functional-code":{"insertions":1,"deletions":1},"test-code":{"insertions":113,"deletions":0}}},{"hash":"883872a726eac68afb3f1c8331113b9c12dfbb43","isMergeCommit":false,"messageTitle":"Update user guide","messageBody":"","fileTypesAndContributionMap":{"docs":{"insertions":51,"deletions":19}}},{"hash":"a12e4311c72d6cbe4e395101e0c7e0075ca8d27e","isMergeCommit":false,"messageTitle":"Make small change to command messages","messageBody":"","fileTypesAndContributionMap":{"functional-code":{"insertions":2,"deletions":2}}},{"hash":"3447d977b4921af937bea80ec8bd150d36f0a062","isMergeCommit":true,"messageTitle":"Merge pull request #109 from aslam341/add-project-deadline-command","messageBody":"Edit deadlines for projects","fileTypesAndContributionMap":{}},{"hash":"f8de6411d5706cefed3ff99133351a5cfbcc88e4","isMergeCommit":true,"messageTitle":"Merge branch \u0027master\u0027 of https://github.com/AY2324S1-CS2103T-T08-3/tp","messageBody":"","fileTypesAndContributionMap":{}},{"hash":"52909c98c0533ae5143de3db33b59fe4a749cff0","isMergeCommit":true,"messageTitle":"Merge branch \u0027master\u0027 into br-list-all","messageBody":"# Conflicts:\n#\tdocs/UserGuide.md\n#\tsrc/main/java/seedu/address/logic/parser/TaskHubParser.java\n#\tsrc/test/java/seedu/address/logic/commands/CommandTestUtil.java\n","fileTypesAndContributionMap":{}},{"hash":"411f16f16ce558c5b09c9413b6af51e8a8b36027","isMergeCommit":false,"messageTitle":"Add additional test for listP","messageBody":"","fileTypesAndContributionMap":{"test-code":{"insertions":11,"deletions":4}}},{"hash":"d10d0a4a7a0302b75a2eaaea0514bb8ca8ae7ddc","isMergeCommit":false,"messageTitle":"Add and modify tests for list commands","messageBody":"","fileTypesAndContributionMap":{"test-code":{"insertions":9,"deletions":2}}},{"hash":"67e6ebf7fa26052e913be0976198bd5eda5456ff","isMergeCommit":false,"messageTitle":"Fix checkstyle","messageBody":"","fileTypesAndContributionMap":{"test-code":{"insertions":1,"deletions":1}}}]},{"date":"2023-10-26","commitResults":[{"hash":"5dbb37f57b1bfafe0d7971abb01430ede6c56d41","isMergeCommit":true,"messageTitle":"Merge branch \u0027master\u0027 of https://github.com/AY2324S1-CS2103T-T08-3/tp","messageBody":"","fileTypesAndContributionMap":{}}]},{"date":"2023-10-27","commitResults":[{"hash":"c62101841b97f0cc9ec1d89548dc0d06060e32a1","isMergeCommit":true,"messageTitle":"Merge pull request #130 from aslam341/br-developerguide","messageBody":"Update Developer Guide with implementation of MarkP command","fileTypesAndContributionMap":{}},{"hash":"fcc8681bda59e5c3869e25661175227f1b12458c","isMergeCommit":true,"messageTitle":"Merge branch \u0027master\u0027 of https://github.com/AY2324S1-CS2103T-T08-3/tp","messageBody":"","fileTypesAndContributionMap":{}},{"hash":"88dfecea9ba9204217bd96e6c177ef6ce1e654dd","isMergeCommit":true,"messageTitle":"Merge branch \u0027master\u0027 into br-devguide-2","messageBody":"","fileTypesAndContributionMap":{}},{"hash":"bedd2df21035d37f4f6e7293fee62ce85f47bf25","isMergeCommit":false,"messageTitle":"Add findP feature description to DG","messageBody":"","fileTypesAndContributionMap":{"docs":{"insertions":31,"deletions":1}}},{"hash":"e111649414abc783fae3bc48619461506ddc3909","isMergeCommit":false,"messageTitle":"Amend some naming issues","messageBody":"","fileTypesAndContributionMap":{"docs":{"insertions":8,"deletions":9}}},{"hash":"823b5a48c7c1dc98fa4adc08ef4d2660074a0f78","isMergeCommit":true,"messageTitle":"Merge branch \u0027master\u0027 of https://github.com/AY2324S1-CS2103T-T08-3/tp","messageBody":"","fileTypesAndContributionMap":{}},{"hash":"a9a7730884a790a4bb424ed71956bfc1490203f6","isMergeCommit":false,"messageTitle":"Add sequence diagram for Find Projects feature","messageBody":"","fileTypesAndContributionMap":{"docs":{"insertions":60,"deletions":0}}}]},{"date":"2023-10-28","commitResults":[{"hash":"b36b6f94a7ebb586abde0d26fced7968747c6ead","isMergeCommit":false,"messageTitle":"Update model components and web links","messageBody":"","fileTypesAndContributionMap":{"docs":{"insertions":104,"deletions":23}}},{"hash":"a54ce6251fd83055e213c477b7b86e8234140656","isMergeCommit":false,"messageTitle":"Fix checkstyle","messageBody":"","fileTypesAndContributionMap":{"docs":{"insertions":2,"deletions":2}}},{"hash":"c2133949c4b96cc9b902b88975a98d73ad77df98","isMergeCommit":true,"messageTitle":"Merge branch \u0027master\u0027 of https://github.com/AY2324S1-CS2103T-T08-3/tp","messageBody":"","fileTypesAndContributionMap":{}}]},{"date":"2023-10-29","commitResults":[{"hash":"721ad01735ba6a90473658d627911e7e26c5bac8","isMergeCommit":true,"messageTitle":"Merge pull request #138 from timleow/branch-TasksModel","messageBody":"Implement Tasks Model and addT, along with Ui template for tasks.","fileTypesAndContributionMap":{}},{"hash":"41728fd282846ada0deb118cace9301ffa8b94e0","isMergeCommit":true,"messageTitle":"Merge branch \u0027master\u0027 of https://github.com/AY2324S1-CS2103T-T08-3/tp","messageBody":"","fileTypesAndContributionMap":{}},{"hash":"11f779a999717997b85e085caffa57296fa14097","isMergeCommit":true,"messageTitle":"Merge branch \u0027master\u0027 into br-mark-unmark-task","messageBody":"","fileTypesAndContributionMap":{}},{"hash":"651befeb9cc9ade99eb90fbdd1a9119d3837f3c9","isMergeCommit":false,"messageTitle":"Implement markT command","messageBody":"","fileTypesAndContributionMap":{"functional-code":{"insertions":219,"deletions":0}}},{"hash":"9c3ab90daac9e12733b34d9a3fb4f5fc162a966f","isMergeCommit":false,"messageTitle":"Implement unmarkT command","messageBody":"","fileTypesAndContributionMap":{"functional-code":{"insertions":165,"deletions":4}}},{"hash":"80c54d9420730b8ef40ac6643d720a36f7ae4357","isMergeCommit":false,"messageTitle":"Fix bugs","messageBody":"","fileTypesAndContributionMap":{"other":{"insertions":1,"deletions":1}}}]},{"date":"2023-10-30","commitResults":[{"hash":"4d78cde18509bb4707840dc500ffd7bdf7bd14f4","isMergeCommit":false,"messageTitle":"Add tests for markT and unmarkT","messageBody":"","fileTypesAndContributionMap":{"functional-code":{"insertions":5,"deletions":2},"test-code":{"insertions":562,"deletions":0}}},{"hash":"b6c89ab41e248607c10b0a2777647f35ec16d9a8","isMergeCommit":false,"messageTitle":"Add wrap text property to Ui elements","messageBody":"","fileTypesAndContributionMap":{"functional-code":{"insertions":8,"deletions":8}}},{"hash":"23350948cdb51f406c041e15418ba11aa10f3147","isMergeCommit":false,"messageTitle":"Update user guide with markT and unmarkT commands","messageBody":"","fileTypesAndContributionMap":{"docs":{"insertions":33,"deletions":0}}},{"hash":"d03825430c6e36f32391da4606792d87aa1eda5e","isMergeCommit":false,"messageTitle":"Update command success message to include project name","messageBody":"","fileTypesAndContributionMap":{"functional-code":{"insertions":12,"deletions":4},"test-code":{"insertions":4,"deletions":4}}},{"hash":"171d6ee256bd95625195bda1191182ad37a9ef5c","isMergeCommit":true,"messageTitle":"Merge pull request #149 from antonTan96/remove-fullscreen-whitespace","messageBody":"Remove whitespace at bottom of screen","fileTypesAndContributionMap":{}}]}],"antonTan96":[{"date":"2023-10-03","commitResults":[{"hash":"d98d84ba58e5b550aff6982cb5b75f30c6418d79","isMergeCommit":true,"messageTitle":"Merge pull request #46 from Chandan8186/br-aboutusppp","messageBody":"Add Skeletal PPP and About Us - Chandan","fileTypesAndContributionMap":{}},{"hash":"97436ceba04e9f76d0d60017c03817cbb9d2baa1","isMergeCommit":false,"messageTitle":"Modify AboutUs","messageBody":"","fileTypesAndContributionMap":{"docs":{"insertions":5,"deletions":6}}},{"hash":"85b84263921eb5f7dab21e73fc3264d43ae63bdf","isMergeCommit":false,"messageTitle":"Add Skeletal PPP","messageBody":"","fileTypesAndContributionMap":{"docs":{"insertions":10,"deletions":0}}},{"hash":"d2d0ccb41977e5ab578ecde352fa3e9c4c1ec75f","isMergeCommit":false,"messageTitle":"Fix checkstyle","messageBody":"","fileTypesAndContributionMap":{"docs":{"insertions":1,"deletions":1}}},{"hash":"36a371ca34dab5d9605ede003893be237eba309b","isMergeCommit":true,"messageTitle":"Merge pull request #53 from Chandan8186/br-readme","messageBody":"Update README and Ui image","fileTypesAndContributionMap":{}}]},{"date":"2023-10-04","commitResults":[{"hash":"eda804835120185ce01f61d1546f9400b139e180","isMergeCommit":false,"messageTitle":"Fix checkstyle","messageBody":"","fileTypesAndContributionMap":{"docs":{"insertions":36,"deletions":0}}},{"hash":"52c104dd77efdec7886225582ea1afdaf44493e9","isMergeCommit":false,"messageTitle":"Add to UserGuide","messageBody":"","fileTypesAndContributionMap":{"docs":{"insertions":36,"deletions":0}}},{"hash":"de96c646404465d7b9104b10504b476211c37e9c","isMergeCommit":false,"messageTitle":"Update Developer Guide","messageBody":"","fileTypesAndContributionMap":{"docs":{"insertions":59,"deletions":2}}},{"hash":"1f034bc312e62567566b34cb23c639ff8a7bd793","isMergeCommit":false,"messageTitle":"Standardize User Guide","messageBody":"","fileTypesAndContributionMap":{"docs":{"insertions":9,"deletions":9}}},{"hash":"3c0f32f9232124a1bc364828eb9d1a0a177b44d3","isMergeCommit":false,"messageTitle":"Refactor file names","messageBody":"","fileTypesAndContributionMap":{"docs":{"insertions":1,"deletions":1}}},{"hash":"d7e326459f4286b34a8ea44a478bf5cccc3911d5","isMergeCommit":true,"messageTitle":"Merge pull request #70 from rayyan35p/developerguide-branch","messageBody":"Add non-functional requirements to Developer Guide","fileTypesAndContributionMap":{}},{"hash":"0ac7f8447a9d95bcc0555b01e7894c1cabef1dd0","isMergeCommit":true,"messageTitle":"Merge pull request #71 from Chandan8186/br-userguide","messageBody":"Add findE and listP commands to User Guide","fileTypesAndContributionMap":{}},{"hash":"a4c473a5835ab78b2391d1ae89bcf25ddd8d561a","isMergeCommit":false,"messageTitle":"Standardize User Guide","messageBody":"","fileTypesAndContributionMap":{"docs":{"insertions":3,"deletions":3}}},{"hash":"3a97e752b1c105b8b515939a472ed913f5420b77","isMergeCommit":true,"messageTitle":"Merge branch \u0027AY2324S1-CS2103T-T08-3:master\u0027 into DeveloperGuideUseCase-branch","messageBody":"","fileTypesAndContributionMap":{}},{"hash":"2f491989e39646d2e099d33294b465130b0e2b11","isMergeCommit":false,"messageTitle":"Improve Developer Guide fix formatting issue","messageBody":"","fileTypesAndContributionMap":{"docs":{"insertions":10,"deletions":9}}},{"hash":"4d47614666eda9a46235ab5f57de2d5144e248b0","isMergeCommit":false,"messageTitle":"Improve Developer Guide replace the \"System\" from Addressbook to TaskHub","messageBody":"","fileTypesAndContributionMap":{"docs":{"insertions":1,"deletions":1}}},{"hash":"6c69d112da4290b60403ffd955da758567ff4722","isMergeCommit":true,"messageTitle":"Merge pull request #77 from antonTan96/DeveloperGuideUseCase-branch","messageBody":"Update Developer Guide","fileTypesAndContributionMap":{}}]},{"date":"2023-10-14","commitResults":[{"hash":"25bea701eca9a9a7428c8b1513b3ca5e1f995080","isMergeCommit":false,"messageTitle":"Refactor Remark to Project","messageBody":"","fileTypesAndContributionMap":{"functional-code":{"insertions":56,"deletions":56},"other":{"insertions":73,"deletions":73},"docs":{"insertions":1,"deletions":1},"test-code":{"insertions":141,"deletions":141}}},{"hash":"c2aa54808ea9b68de8211be4a6cf458ad5d3c2d6","isMergeCommit":true,"messageTitle":"Merge pull request #87 from aslam341/refactor-addressbook-to-taskhub","messageBody":"Refactor addressbook to taskhub in code","fileTypesAndContributionMap":{}},{"hash":"5b75422934333fc1aa5f04003e0f597b180e56c6","isMergeCommit":false,"messageTitle":"Add basic functionality to Project","messageBody":"","fileTypesAndContributionMap":{"functional-code":{"insertions":23,"deletions":3},"test-code":{"insertions":22,"deletions":0}}},{"hash":"92a99e57a57ddaecb2ba1f687b821b52460f229c","isMergeCommit":true,"messageTitle":"Fix merge conflict","messageBody":"","fileTypesAndContributionMap":{}}]},{"date":"2023-10-15","commitResults":[{"hash":"83483c00209943573a71d368fcad7b5cbf7ef31e","isMergeCommit":false,"messageTitle":"Remodel Taskhub to Support Projects","messageBody":"","fileTypesAndContributionMap":{"functional-code":{"insertions":476,"deletions":17},"test-code":{"insertions":5,"deletions":5}}}]},{"date":"2023-10-16","commitResults":[{"hash":"d452c6bc550efea37941ce4a1086e490f1ec32c4","isMergeCommit":false,"messageTitle":"Add ability to assign employees to project when creating project","messageBody":"","fileTypesAndContributionMap":{"functional-code":{"insertions":44,"deletions":6}}},{"hash":"380eb8d144ac0695ee52f12a328d7e92dc513ffb","isMergeCommit":false,"messageTitle":"Fix checkstyle issues","messageBody":"","fileTypesAndContributionMap":{"functional-code":{"insertions":52,"deletions":36}}}]},{"date":"2023-10-17","commitResults":[{"hash":"63057b951d402315efca4ee31832b2390a111de9","isMergeCommit":false,"messageTitle":"Modify Test cases","messageBody":"","fileTypesAndContributionMap":{"test-code":{"insertions":37,"deletions":7}}},{"hash":"6601ce5c6a9c2f3d25a2951a27a37b12dc022078","isMergeCommit":false,"messageTitle":"Fix Checkstyle errors","messageBody":"","fileTypesAndContributionMap":{"test-code":{"insertions":14,"deletions":10}}},{"hash":"893e80dc0be12f3cf896c33f3425e182b36c5ee9","isMergeCommit":false,"messageTitle":"Minimize original changes to test files","messageBody":"","fileTypesAndContributionMap":{"functional-code":{"insertions":2,"deletions":1},"test-code":{"insertions":2,"deletions":0}}},{"hash":"4e9963e087c0d3925fdf1902bdba081c84c7c597","isMergeCommit":true,"messageTitle":"Merge pull request #89 from Chandan8186/br-projectuiframe","messageBody":"Add placeholder UI panel frame for projects","fileTypesAndContributionMap":{}},{"hash":"adf741ab578fb923c0f44eb51406b98aeff802c1","isMergeCommit":false,"messageTitle":"Update Project and CLISyntax","messageBody":"","fileTypesAndContributionMap":{"functional-code":{"insertions":4,"deletions":3}}}]},{"date":"2023-10-18","commitResults":[{"hash":"cfa0aefd5b87f2fa344121f40860942a42ec65e5","isMergeCommit":true,"messageTitle":"Merge branch \u0027master\u0027 of https://github.com/antonTan96/tp into refactor-remark-to-project","messageBody":"","fileTypesAndContributionMap":{}},{"hash":"62988371c1cc126418a030b015bf67b865c02ca5","isMergeCommit":false,"messageTitle":"Set up test cases and utilities for testing Projects","messageBody":"","fileTypesAndContributionMap":{"test-code":{"insertions":129,"deletions":1}}},{"hash":"8850e410a00fccf3f9a79bff1cfacf97295031a3","isMergeCommit":false,"messageTitle":"Test UniqueProjectList","messageBody":"","fileTypesAndContributionMap":{"test-code":{"insertions":88,"deletions":1}}},{"hash":"59299ecd6164e1225d6a0ea3d9fd6d251f5469dc","isMergeCommit":true,"messageTitle":"Merge branch \u0027master\u0027 of https://github.com/antonTan96/tp into refactor-remark-to-project","messageBody":"","fileTypesAndContributionMap":{}},{"hash":"2cc93a8f9b9f57d29a352d9a2bb266e4568a5d3c","isMergeCommit":false,"messageTitle":"Add test cases","messageBody":"","fileTypesAndContributionMap":{"functional-code":{"insertions":7,"deletions":4},"test-code":{"insertions":271,"deletions":9}}},{"hash":"e9c915320852f74219f1c79fbdb150619d7dc2bd","isMergeCommit":true,"messageTitle":"Merge branch \u0027master\u0027 of https://github.com/antonTan96/tp into refactor-remark-to-project","messageBody":"","fileTypesAndContributionMap":{}},{"hash":"6e1875f2018ca94ea7647615440adf19258a1c4c","isMergeCommit":false,"messageTitle":"Fix Checkstyle issues","messageBody":"","fileTypesAndContributionMap":{"test-code":{"insertions":69,"deletions":54}}},{"hash":"d71644fedfc1923911cdf977c9ead63a97944086","isMergeCommit":false,"messageTitle":"Add more coverage to test cases","messageBody":"","fileTypesAndContributionMap":{"test-code":{"insertions":25,"deletions":1}}},{"hash":"48b0f63fa5e1ef2c5b7422b55c6b81a52a3fdec8","isMergeCommit":false,"messageTitle":"Add extra code coverage to test cases","messageBody":"","fileTypesAndContributionMap":{"test-code":{"insertions":2,"deletions":1}}},{"hash":"f0383edd40dd1ca16a7a09e664e32cfe60f77e6f","isMergeCommit":false,"messageTitle":"Add extra test case for Taskhub parser","messageBody":"","fileTypesAndContributionMap":{"test-code":{"insertions":10,"deletions":0}}},{"hash":"0409f797f6a1f2b8ef10a99f7a9d7ad789ac7bec","isMergeCommit":false,"messageTitle":"Fix checkstyle isssues","messageBody":"","fileTypesAndContributionMap":{"test-code":{"insertions":1,"deletions":2}}},{"hash":"426402b7b272598db777918e2a20c95952d8338b","isMergeCommit":false,"messageTitle":"Implement AssignE","messageBody":"","fileTypesAndContributionMap":{"functional-code":{"insertions":97,"deletions":31},"test-code":{"insertions":18,"deletions":4}}},{"hash":"dca177485dff3ea6d3c3f159cba9b3f0e0f2b516","isMergeCommit":true,"messageTitle":"Merge pull request #101 from Chandan8186/br-list-projects","messageBody":"Implement listP command","tags":["v1.2"],"fileTypesAndContributionMap":{}},{"hash":"a0217880cb7c8b33b57a4c0d4e229ca330fcbb88","isMergeCommit":false,"messageTitle":"Fix comment description","messageBody":"","fileTypesAndContributionMap":{"functional-code":{"insertions":8,"deletions":5}}},{"hash":"4982f09520c8464a9d9788a51915e0e18a292b15","isMergeCommit":true,"messageTitle":"Merge branch \u0027master\u0027 of https://github.com/antonTan96/tp into add-assignE-branch","messageBody":"","fileTypesAndContributionMap":{}}]},{"date":"2023-10-19","commitResults":[{"hash":"6614cfbc218cd2b19d3033f6a45a45bf6368f961","isMergeCommit":false,"messageTitle":"Remove unnecessary statements","messageBody":"","fileTypesAndContributionMap":{"functional-code":{"insertions":5,"deletions":7},"test-code":{"insertions":0,"deletions":1}}},{"hash":"e11d18290fdbdc9245098e2c898ef2fdf0b020ba","isMergeCommit":false,"messageTitle":"Refactor Project to use UniqueEmployeeList","messageBody":"","fileTypesAndContributionMap":{"functional-code":{"insertions":9,"deletions":8},"test-code":{"insertions":10,"deletions":5}}},{"hash":"2585be01c2fe6976885cdaf5446f220901ec3825","isMergeCommit":false,"messageTitle":"Fix checkstyle issues","messageBody":"","fileTypesAndContributionMap":{"functional-code":{"insertions":0,"deletions":3},"test-code":{"insertions":1,"deletions":5}}},{"hash":"cbe42df508b1dc36d555c57d0d3f4771e9e03963","isMergeCommit":false,"messageTitle":"Add DeleteProject Command","messageBody":"","fileTypesAndContributionMap":{"functional-code":{"insertions":77,"deletions":1}}},{"hash":"971d02d287b1bbbca7f8baaf3197b3730b5bb2a7","isMergeCommit":true,"messageTitle":"Merge branch \u0027refactor-project-to-use-uniqueEmployeeList\u0027 into add-assignE-branch","messageBody":"","fileTypesAndContributionMap":{}}]},{"date":"2023-10-20","commitResults":[{"hash":"88cb04df1f9d8969ad803c36a13b9cbd84223f5c","isMergeCommit":false,"messageTitle":"Add JUnit Test Cases","messageBody":"","fileTypesAndContributionMap":{"functional-code":{"insertions":12,"deletions":9},"other":{"insertions":14,"deletions":15},"test-code":{"insertions":135,"deletions":150}}},{"hash":"628bb4cf76be1d3cdfd826aec65d5e5405cdd100","isMergeCommit":false,"messageTitle":"Fix Checkstle issues","messageBody":"","fileTypesAndContributionMap":{"functional-code":{"insertions":10,"deletions":22},"test-code":{"insertions":33,"deletions":32}}},{"hash":"10febf41ae61b28aedebf3523e91e7db2d2b3b38","isMergeCommit":true,"messageTitle":"Merge branch \u0027master\u0027 of https://github.com/antonTan96/tp into add-assignE-branch","messageBody":"","fileTypesAndContributionMap":{}},{"hash":"d3dddcabcd11622f669b5c4196d2c8566b48d0e4","isMergeCommit":false,"messageTitle":"Update comment of AssignEmployeeParser","messageBody":"","fileTypesAndContributionMap":{"functional-code":{"insertions":3,"deletions":3}}},{"hash":"87122ee7b30a481d517baae4495ff4dea45c3ef6","isMergeCommit":false,"messageTitle":"Relocate files to create Project model","messageBody":"","fileTypesAndContributionMap":{"functional-code":{"insertions":21,"deletions":20},"other":{"insertions":9,"deletions":6},"test-code":{"insertions":15,"deletions":12}}},{"hash":"14b5b5d3b1c021f7fe30fd5e117be79ce3542e0a","isMergeCommit":false,"messageTitle":"Fix Checkstyle Issues","messageBody":"","fileTypesAndContributionMap":{"functional-code":{"insertions":4,"deletions":6},"other":{"insertions":2,"deletions":5},"test-code":{"insertions":2,"deletions":2}}}]},{"date":"2023-10-25","commitResults":[{"hash":"77e7e02939639401821bd8cbe9ed66b3571b6a36","isMergeCommit":true,"messageTitle":"Merge branch \u0027master\u0027 of https://github.com/antonTan96/tp into add-deleteP-branch","messageBody":"","fileTypesAndContributionMap":{}},{"hash":"78bace768237573c43a063e6a40076732cc72035","isMergeCommit":false,"messageTitle":"Fix merge conflict","messageBody":"","fileTypesAndContributionMap":{"functional-code":{"insertions":0,"deletions":4}}},{"hash":"598f9cec3bab59094deb2b4f7469ee258cd8bbc9","isMergeCommit":false,"messageTitle":"Update DeleteProjectCommand","messageBody":"","fileTypesAndContributionMap":{"functional-code":{"insertions":11,"deletions":12}}},{"hash":"f8f947f4bed533e25edd2d94f57db1eaefbce369","isMergeCommit":false,"messageTitle":"Fix interactivity bug between project and employee","messageBody":"","fileTypesAndContributionMap":{"functional-code":{"insertions":21,"deletions":9}}},{"hash":"8c3652ad2f89fb745829c335996eceb3fbb48a13","isMergeCommit":false,"messageTitle":"Fix Checkstyle issues","messageBody":"","fileTypesAndContributionMap":{"functional-code":{"insertions":23,"deletions":18}}},{"hash":"4003c43f4cedaec5913a45e83ef8e8936dfac266","isMergeCommit":false,"messageTitle":"Update User Guide","messageBody":"","fileTypesAndContributionMap":{"docs":{"insertions":4,"deletions":2}}}]},{"date":"2023-10-26","commitResults":[{"hash":"98f6971b55585f6c2abd2299d23e554ae5d339b9","isMergeCommit":false,"messageTitle":"Add Test Cases","messageBody":"","fileTypesAndContributionMap":{"functional-code":{"insertions":15,"deletions":0},"test-code":{"insertions":98,"deletions":0}}},{"hash":"3f9d27f45c24b270fb5641f15b86399d8a9a6028","isMergeCommit":false,"messageTitle":"Fix checkstyle Issues","messageBody":"","fileTypesAndContributionMap":{"test-code":{"insertions":13,"deletions":11}}},{"hash":"0ac032f48e200ad1583fa6a4a5a6955d0d4e2d00","isMergeCommit":true,"messageTitle":"Merge branch \u0027master\u0027 of https://github.com/antonTan96/tp into add-deleteP-branch","messageBody":"","fileTypesAndContributionMap":{}}]},{"date":"2023-10-27","commitResults":[{"hash":"d910ba8ecd05119c46148c6597690f2a25d7aa17","isMergeCommit":false,"messageTitle":"Update Developer Guide","messageBody":"","fileTypesAndContributionMap":{"docs":{"insertions":24,"deletions":6}}},{"hash":"eba545396a9018f06768446eec82bbcbad0733cc","isMergeCommit":false,"messageTitle":"Fix spelling error of Developer Guide","messageBody":"","fileTypesAndContributionMap":{"docs":{"insertions":2,"deletions":2}}},{"hash":"8e29def166ac6c82cd5fde97a1f9f747e7ca1b08","isMergeCommit":true,"messageTitle":"Merge pull request #128 from rayyan35p/version-number-update-branch","messageBody":"Version number update branch","tags":["v1.2.1"],"fileTypesAndContributionMap":{}},{"hash":"c07c5007c9205997ed9a1d62083587cf0d2c95b4","isMergeCommit":true,"messageTitle":"Merge pull request #132 from timleow/DG-Update-Help","messageBody":"Add changes for upgraded help command to developer guide","fileTypesAndContributionMap":{}}]},{"date":"2023-10-28","commitResults":[{"hash":"0d17b19837af7865061b540da860d02b927d8c58","isMergeCommit":false,"messageTitle":"Replace redundant code","messageBody":"","fileTypesAndContributionMap":{"functional-code":{"insertions":4,"deletions":7}}},{"hash":"b98bb9b3725539ff3e3a21df0ae5d0ee4336ef81","isMergeCommit":false,"messageTitle":"Fix checkstyle error","messageBody":"","fileTypesAndContributionMap":{"functional-code":{"insertions":0,"deletions":1}}}]},{"date":"2023-10-29","commitResults":[{"hash":"7a48898d3f1ae64684f50bd3f737fa9edf18883c","isMergeCommit":false,"messageTitle":"Refactor Employee to not store Projects","messageBody":"","fileTypesAndContributionMap":{"functional-code":{"insertions":22,"deletions":57},"test-code":{"insertions":13,"deletions":31}}}]},{"date":"2023-10-30","commitResults":[{"hash":"068399b24a6f009cc136557ef84b18bdc64ff761","isMergeCommit":false,"messageTitle":"Fix checkstyle Issues","messageBody":"","fileTypesAndContributionMap":{"functional-code":{"insertions":0,"deletions":14},"test-code":{"insertions":6,"deletions":5}}},{"hash":"fa135ad008cd811744763c25ebe253c82d10b34f","isMergeCommit":true,"messageTitle":"Merge pull request #143 from Chandan8186/br-mark-unmark-task","messageBody":"Implement markT and unmarkT commands","fileTypesAndContributionMap":{}},{"hash":"1fdd939c37adf0aedc1cc0a1c9a5df62a183df50","isMergeCommit":false,"messageTitle":"Remove whitespace at bottom of screen","messageBody":"","fileTypesAndContributionMap":{"functional-code":{"insertions":1,"deletions":1}}},{"hash":"e2fda8237addede2a261fa1d18bbbde816ee16d6","isMergeCommit":false,"messageTitle":"Fix bug of Project Card","messageBody":"","fileTypesAndContributionMap":{"functional-code":{"insertions":7,"deletions":0}}},{"hash":"5550a99dbfe5f137dab4bc9b54cde2469c8feca0","isMergeCommit":false,"messageTitle":"Fix checkstyle issues","messageBody":"","fileTypesAndContributionMap":{"functional-code":{"insertions":4,"deletions":4}}},{"hash":"bf23aad6a46aa493062f7f5bf4289b0c0a30f7bd","isMergeCommit":false,"messageTitle":"Fix checkstyle issues","messageBody":"","fileTypesAndContributionMap":{"functional-code":{"insertions":2,"deletions":2}}}]}],"aslam341":[{"date":"2023-10-01","commitResults":[{"hash":"ca596efb4227df348ea240fbbf11fa34459adb7b","isMergeCommit":true,"messageTitle":"Merge branch \u0027master\u0027 of https://github.com/AY2324S1-CS2103T-T08-3/tp","messageBody":"","fileTypesAndContributionMap":{}},{"hash":"d6306d627631fb2e319961fe72ea3c8945211919","isMergeCommit":false,"messageTitle":"Update AboutUs page and skeletal PPP","messageBody":"","fileTypesAndContributionMap":{"docs":{"insertions":37,"deletions":6}}},{"hash":"d1e95a6e7a2667d9749c86a99a313888a12d9ce0","isMergeCommit":false,"messageTitle":"Refactor file names with person to employee","messageBody":"","fileTypesAndContributionMap":{"functional-code":{"insertions":121,"deletions":130},"other":{"insertions":214,"deletions":220},"test-code":{"insertions":349,"deletions":349}}},{"hash":"195edf6414364958a9d71429a70a1b912ef80f07","isMergeCommit":false,"messageTitle":"Fix checkstyle issues","messageBody":"","fileTypesAndContributionMap":{"functional-code":{"insertions":16,"deletions":4},"test-code":{"insertions":17,"deletions":10}}},{"hash":"37a2e5b8f4cdc18b9006745f8d098c41d33086a5","isMergeCommit":false,"messageTitle":"Refactor code occurences of person to employee","messageBody":"","fileTypesAndContributionMap":{"functional-code":{"insertions":221,"deletions":218},"test-code":{"insertions":365,"deletions":359}}}]},{"date":"2023-10-04","commitResults":[{"hash":"3b17ead0b1c4f487a6f948443dd01621a26c8d13","isMergeCommit":true,"messageTitle":"Merge pull request #69 from Chandan8186/br-aboutuspppamended","messageBody":"Fix PPP file name - Chandan","fileTypesAndContributionMap":{}},{"hash":"8fafdaca2a73ea9ee31c4f4b8c0908a64a2de995","isMergeCommit":false,"messageTitle":"Change name to github username","messageBody":"","fileTypesAndContributionMap":{"docs":{"insertions":2,"deletions":2}}},{"hash":"72160751f20dbd49616606b4eef81f4b96446512","isMergeCommit":true,"messageTitle":"Merge remote-tracking branch \u0027upstream/master\u0027","messageBody":"","fileTypesAndContributionMap":{}},{"hash":"d7380f5699c92c1e5e3988dfa60f35eaec2d77b4","isMergeCommit":false,"messageTitle":"Add addE and deleteE commands to user guide","messageBody":"","fileTypesAndContributionMap":{"docs":{"insertions":21,"deletions":13}}},{"hash":"6043c6a73d2a8dcce5782c08bed6bb53921d0b5e","isMergeCommit":false,"messageTitle":"Fix inconsistent command format usage","messageBody":"","fileTypesAndContributionMap":{"docs":{"insertions":3,"deletions":3}}},{"hash":"26b52da5597c20f55fa32612b5f3570bdb6e1bbb","isMergeCommit":false,"messageTitle":"Remove acceptable parameters section for addE","messageBody":"","fileTypesAndContributionMap":{"docs":{"insertions":0,"deletions":8}}},{"hash":"38ee6d000dcc02e78db846effba75f7eb3990d86","isMergeCommit":true,"messageTitle":"Merge remote-tracking branch \u0027upstream/master\u0027","messageBody":"","fileTypesAndContributionMap":{}},{"hash":"7d9cca62135fedd9928512304d35aa4d64a76bbc","isMergeCommit":true,"messageTitle":"Merge branch \u0027master\u0027 of https://github.com/AY2324S1-CS2103T-T08-3/tp","messageBody":"","fileTypesAndContributionMap":{}},{"hash":"b2f92831bb7fa99fef4d989c0496d5dc3f6bd7d9","isMergeCommit":false,"messageTitle":"Add user stories","messageBody":"","fileTypesAndContributionMap":{"docs":{"insertions":18,"deletions":8}}}]},{"date":"2023-10-11","commitResults":[{"hash":"15dd2596e005f3d9eb2eb3dfdfb068ab8040dc22","isMergeCommit":true,"messageTitle":"Merge pull request #36 from Chandan8186/tutorial-adding-command","messageBody":"Add Remark Command - Chandan","fileTypesAndContributionMap":{}}]},{"date":"2023-10-13","commitResults":[{"hash":"692bc6a6279921d1677ddbc86bab557b42542622","isMergeCommit":false,"messageTitle":"Refactor addressbook to taskhub in main","messageBody":"","fileTypesAndContributionMap":{"functional-code":{"insertions":189,"deletions":188},"other":{"insertions":57,"deletions":57}}},{"hash":"cf0ddb03314eb07c015a85c6d431d761c7ad841f","isMergeCommit":false,"messageTitle":"Refactor addressbook to taskhub in test","messageBody":"","fileTypesAndContributionMap":{"other":{"insertions":44,"deletions":44},"test-code":{"insertions":255,"deletions":255}}},{"hash":"8568557e3e5424bf4ca4fbd3876bba1d2cd7e78d","isMergeCommit":false,"messageTitle":"Change name of jar file generated","messageBody":"","fileTypesAndContributionMap":{"other":{"insertions":1,"deletions":1}}},{"hash":"bda0100acf6a2ac73b4ea25db9835ad95fb3b3cf","isMergeCommit":false,"messageTitle":"Fix checkstyle issues from import statements","messageBody":"","fileTypesAndContributionMap":{"functional-code":{"insertions":5,"deletions":5},"test-code":{"insertions":7,"deletions":7}}}]},{"date":"2023-10-14","commitResults":[{"hash":"6767779197afb52f7fe531a78ed74dbd0978bdf3","isMergeCommit":false,"messageTitle":"Add some test cases for LogicManager","messageBody":"","fileTypesAndContributionMap":{"test-code":{"insertions":14,"deletions":0}}}]},{"date":"2023-10-17","commitResults":[{"hash":"70292b07384a8f6ea0223b198e3c9a0a55ef1494","isMergeCommit":true,"messageTitle":"Merge pull request #91 from Chandan8186/br-devguide","messageBody":"Update Glossary in Developer Guide","fileTypesAndContributionMap":{}}]},{"date":"2023-10-18","commitResults":[{"hash":"e32641c587d6c64c61340f00027ceae86911a344","isMergeCommit":false,"messageTitle":"Refactor addressbook to taskhub in docs","messageBody":"","fileTypesAndContributionMap":{"functional-code":{"insertions":3,"deletions":3},"docs":{"insertions":123,"deletions":123}}},{"hash":"c1d2d333e7beeed72bf985b138160c70504fe6b8","isMergeCommit":false,"messageTitle":"Refactor add to addE","messageBody":"","fileTypesAndContributionMap":{"functional-code":{"insertions":3,"deletions":3},"other":{"insertions":42,"deletions":42},"test-code":{"insertions":10,"deletions":10}}},{"hash":"1a415ad6e46cb7a306ce9374863b9939697a47d1","isMergeCommit":false,"messageTitle":"Fix checkstyle","messageBody":"","fileTypesAndContributionMap":{"test-code":{"insertions":2,"deletions":1}}},{"hash":"5994452bb8018e79fdcfc246136141bb9f84155c","isMergeCommit":false,"messageTitle":"Refactor delete to deleteE","messageBody":"","fileTypesAndContributionMap":{"functional-code":{"insertions":3,"deletions":3},"other":{"insertions":41,"deletions":40},"test-code":{"insertions":6,"deletions":6}}},{"hash":"a57f7e4401671bb7fc369be61c10629c36e7e87d","isMergeCommit":false,"messageTitle":"Refactor person to employee in docs","messageBody":"","fileTypesAndContributionMap":{"docs":{"insertions":134,"deletions":134}}},{"hash":"34013e096bad3dcbc62f616b2228de9e9e751abb","isMergeCommit":true,"messageTitle":"Merge pull request #92 from timleow/branch-help","messageBody":"Implement help command and user guide fixes.","fileTypesAndContributionMap":{}},{"hash":"259d377885d7fc13593dac1ad5fa1e666dbb8403","isMergeCommit":true,"messageTitle":"Merge upstream/master to branch","messageBody":"","fileTypesAndContributionMap":{}},{"hash":"42d73af7f9afd4f4549038c0bbab7918598d80b3","isMergeCommit":false,"messageTitle":"Update url links and fix typo","messageBody":"","fileTypesAndContributionMap":{"docs":{"insertions":3,"deletions":3}}},{"hash":"125a78790aaaac40c955e95de595bfa8954a7838","isMergeCommit":false,"messageTitle":"Fix addE example in user guide","messageBody":"","fileTypesAndContributionMap":{"docs":{"insertions":1,"deletions":1}}}]},{"date":"2023-10-23","commitResults":[{"hash":"52b18b88b8b90c65f0fba13665cc69bf1fdb8c0d","isMergeCommit":true,"messageTitle":"Merge pull request #106 from antonTan96/add-assignE-branch","messageBody":"Implement AssignE","fileTypesAndContributionMap":{}}]},{"date":"2023-10-24","commitResults":[{"hash":"d5e7ef22d4d8fbcecec1a14c2e718a49c0cb9ae1","isMergeCommit":false,"messageTitle":"Add deadline to projects","messageBody":"","fileTypesAndContributionMap":{"functional-code":{"insertions":285,"deletions":13}}},{"hash":"62641561aa2881d5f4e7cc8a27c07335b2775b36","isMergeCommit":false,"messageTitle":"Fix checkstyle errors in main code","messageBody":"","fileTypesAndContributionMap":{"functional-code":{"insertions":45,"deletions":22}}}]},{"date":"2023-10-25","commitResults":[{"hash":"7884e7f3eb6a77e0ce925086b52c84897f56a0f6","isMergeCommit":false,"messageTitle":"Fix existing test failures","messageBody":"","fileTypesAndContributionMap":{"test-code":{"insertions":13,"deletions":3}}},{"hash":"3f66d98020761026aa36a68c7f8c273aa670e2c0","isMergeCommit":true,"messageTitle":"Merge pull request #108 from Chandan8186/br-find-pr-and-em","messageBody":"Implement and modify findP and findE commands","fileTypesAndContributionMap":{}},{"hash":"38b774fb06aac097669db1f2b0be6a81e2003b1c","isMergeCommit":false,"messageTitle":"Fix deadline removal not showing in UI immediately","messageBody":"","fileTypesAndContributionMap":{"functional-code":{"insertions":1,"deletions":1}}},{"hash":"aef987070ef9901f5ab6ae3b950044b19bc8da53","isMergeCommit":true,"messageTitle":"Merge branch \u0027master\u0027 into add-project-deadline-command","messageBody":"","fileTypesAndContributionMap":{}},{"hash":"6d5396c2e89a079db7f6f191ca18904d9dc8b322","isMergeCommit":false,"messageTitle":"Fix missing implementation of interface","messageBody":"","fileTypesAndContributionMap":{"functional-code":{"insertions":1,"deletions":1}}},{"hash":"e6de90b6cd8a2a47bce7803fa2d3d85f4f795e7b","isMergeCommit":false,"messageTitle":"Add new tests for project deadline","messageBody":"","fileTypesAndContributionMap":{"test-code":{"insertions":329,"deletions":3}}},{"hash":"3e59716d529ddb57f735936a1e86abea6b2e0be9","isMergeCommit":false,"messageTitle":"Fix checkstyle issues","messageBody":"","fileTypesAndContributionMap":{"test-code":{"insertions":5,"deletions":4}}},{"hash":"077cc4f4e168ab6e58c70612dcf2cc0130ff4e97","isMergeCommit":false,"messageTitle":"Add deadline command to user guide","messageBody":"","fileTypesAndContributionMap":{"docs":{"insertions":18,"deletions":0}}},{"hash":"8af6d6684f818ff6d4fca9fd1c490041d6a7e5a2","isMergeCommit":false,"messageTitle":"Fix some typographical errors","messageBody":"","fileTypesAndContributionMap":{"functional-code":{"insertions":9,"deletions":9},"docs":{"insertions":12,"deletions":12},"test-code":{"insertions":1,"deletions":1}}},{"hash":"fccb169da36ed5f8ac54f423606180dc0718b8a9","isMergeCommit":false,"messageTitle":"Change deadline validation method","messageBody":"","fileTypesAndContributionMap":{"functional-code":{"insertions":31,"deletions":15}}},{"hash":"7a3f7bc7110cc3ae6113fc94d2694a1303a28136","isMergeCommit":false,"messageTitle":"Update current tests","messageBody":"","fileTypesAndContributionMap":{"test-code":{"insertions":22,"deletions":20}}},{"hash":"7e6f0b214a8524f07dfa65532e1587a3669cec70","isMergeCommit":false,"messageTitle":"Update user guide","messageBody":"","fileTypesAndContributionMap":{"docs":{"insertions":5,"deletions":4}}},{"hash":"7847e7adddfd7666dbaf8922a8f0f463ab939c66","isMergeCommit":false,"messageTitle":"Fix wrong date format shown in comment","messageBody":"","fileTypesAndContributionMap":{"functional-code":{"insertions":1,"deletions":1}}},{"hash":"2d1dd93d4ec73ec85ef0eedf51c23eb263a37dba","isMergeCommit":true,"messageTitle":"Merge pull request #110 from Chandan8186/br-list-all","messageBody":"Implement list command","fileTypesAndContributionMap":{}},{"hash":"d96fbc5caee465e95d0474a96e7cc6b4ec0e2138","isMergeCommit":true,"messageTitle":"Merge pull request #113 from rayyan35p/project-priority-branch","messageBody":"Implement priorityP command","fileTypesAndContributionMap":{}}]},{"date":"2023-10-26","commitResults":[{"hash":"cb18deec335c8ba44dba61fab62f134158f8badc","isMergeCommit":false,"messageTitle":"Remove calls to invalid project constructors","messageBody":"","fileTypesAndContributionMap":{"functional-code":{"insertions":9,"deletions":33},"test-code":{"insertions":3,"deletions":2}}},{"hash":"f781e698f3b3e2106501eb313055a1195c63987b","isMergeCommit":false,"messageTitle":"Add a test case for project model","messageBody":"","fileTypesAndContributionMap":{"test-code":{"insertions":12,"deletions":0}}},{"hash":"3edb0b17c1ceef730fcb1ba1ebba0d00bab78b3a","isMergeCommit":false,"messageTitle":"Enable java assertions in gradle","messageBody":"","fileTypesAndContributionMap":{"other":{"insertions":4,"deletions":0}}}]},{"date":"2023-10-27","commitResults":[{"hash":"a2ee8a1f1878e1155f68bc68bc36be75142ef6f1","isMergeCommit":false,"messageTitle":"Add completion status attribute to project","messageBody":"","fileTypesAndContributionMap":{"functional-code":{"insertions":190,"deletions":10}}},{"hash":"4d594e501945d5a7e38b22c0a6256dc266e6110d","isMergeCommit":true,"messageTitle":"Merge branch \u0027master\u0027 into add-mark-project-command","messageBody":"","fileTypesAndContributionMap":{}},{"hash":"c727e30884f54144495a8acbe87c269136c6d4e6","isMergeCommit":false,"messageTitle":"Enhance code readability","messageBody":"","fileTypesAndContributionMap":{"functional-code":{"insertions":21,"deletions":24}}},{"hash":"f3b85282c1943899e40f3bd98d36042555fa13b4","isMergeCommit":false,"messageTitle":"Fix existing test cases","messageBody":"","fileTypesAndContributionMap":{"test-code":{"insertions":29,"deletions":9}}},{"hash":"15489b9f32fcf5907cd9b13f825faaa3e11493d6","isMergeCommit":false,"messageTitle":"Fix checkstyle issues","messageBody":"","fileTypesAndContributionMap":{"functional-code":{"insertions":27,"deletions":18}}},{"hash":"37759c6c415499b77aab162dd30b9132c993a86f","isMergeCommit":false,"messageTitle":"Update ui to show completion status","messageBody":"","fileTypesAndContributionMap":{"functional-code":{"insertions":22,"deletions":3}}},{"hash":"f57a3a6e7e51dd11586801c51f9e3646ae41c3cb","isMergeCommit":false,"messageTitle":"Add unmark project command","messageBody":"","fileTypesAndContributionMap":{"functional-code":{"insertions":118,"deletions":0}}},{"hash":"9ce24429ac57b5cacd61eb8ac3ea4f0c0233bbef","isMergeCommit":true,"messageTitle":"Merge pull request #123 from antonTan96/update-developerGuide-branch","messageBody":"Update Developer Guide to include adding Projects","fileTypesAndContributionMap":{}},{"hash":"6efe24b59ca831dbfc30150c0e93ca2a955125a8","isMergeCommit":false,"messageTitle":"Add implementation of mark project to dg","messageBody":"","fileTypesAndContributionMap":{"docs":{"insertions":18,"deletions":0}}},{"hash":"2c4d75dcc6d3343f8b0584a19f37581f62cbfc00","isMergeCommit":false,"messageTitle":"Add markP sequence diagram","messageBody":"","fileTypesAndContributionMap":{"docs":{"insertions":65,"deletions":3}}},{"hash":"941f25e89bbcf75456563365ee3596c4c865291c","isMergeCommit":false,"messageTitle":"Add newline at EOF","messageBody":"","fileTypesAndContributionMap":{"docs":{"insertions":1,"deletions":1}}},{"hash":"e05e8bbcbf0f18f377a02dd422b3ad7a1bc4dac1","isMergeCommit":true,"messageTitle":"Merge pull request #126 from rayyan35p/dg-update-branch","messageBody":"Update Developer Guide with implementation of PriorityP command","fileTypesAndContributionMap":{}},{"hash":"336a015f1ac487376104900ed666dcaaf7a38a76","isMergeCommit":true,"messageTitle":"Resolve merge conflict","messageBody":"","fileTypesAndContributionMap":{}},{"hash":"fc99ce89e1c6c17fc33eebc62912b85c4888c72b","isMergeCommit":false,"messageTitle":"Add label to indicate proposed feature","messageBody":"","fileTypesAndContributionMap":{"docs":{"insertions":1,"deletions":1}}},{"hash":"3e2d26d63fea68b34364feb7e1eafcacbe27cde0","isMergeCommit":false,"messageTitle":"Change label to standardise","messageBody":"","fileTypesAndContributionMap":{"docs":{"insertions":2,"deletions":2}}},{"hash":"6e873fd04f5d81cdded14cfbcf082becbc3b1b9b","isMergeCommit":false,"messageTitle":"Fix capitalization of command","messageBody":"","fileTypesAndContributionMap":{"docs":{"insertions":1,"deletions":1}}},{"hash":"106bc0ba5a784e41c3dd9b8de7c7aeba57232561","isMergeCommit":true,"messageTitle":"Merge pull request #131 from Chandan8186/br-devguide-2","messageBody":"Update Developer Guide with findP command feature","fileTypesAndContributionMap":{}},{"hash":"767efd017a1a4d5c8e2cf177cb8d252e8178273d","isMergeCommit":true,"messageTitle":"Merge branch \u0027master\u0027 into add-mark-project-command","messageBody":"","fileTypesAndContributionMap":{}},{"hash":"c0920bc29dc405effa4d73aa872060b5f2f8e170","isMergeCommit":false,"messageTitle":"Improve equals method","messageBody":"","fileTypesAndContributionMap":{"functional-code":{"insertions":27,"deletions":3}}},{"hash":"7b48a1c5f7fa6f8c01fe95e01227d772156459ba","isMergeCommit":false,"messageTitle":"Add new tests for mark and unmark commands","messageBody":"","fileTypesAndContributionMap":{"test-code":{"insertions":353,"deletions":7}}}]},{"date":"2023-10-28","commitResults":[{"hash":"696ecf4a235f3b5e8d9165638f8527645a9acb67","isMergeCommit":false,"messageTitle":"Improve success messages","messageBody":"","fileTypesAndContributionMap":{"functional-code":{"insertions":3,"deletions":3}}},{"hash":"e35d379f9d7bc54228a062dc6a2d90197eda2170","isMergeCommit":false,"messageTitle":"Add tests for parseIndexes method","messageBody":"","fileTypesAndContributionMap":{"test-code":{"insertions":36,"deletions":0}}},{"hash":"26d588faeef84aa4579075991b29e5bfca449a4c","isMergeCommit":false,"messageTitle":"Update developer guide","messageBody":"","fileTypesAndContributionMap":{"docs":{"insertions":1,"deletions":1}}},{"hash":"b5d6cfa66b240debe4ea83cfdcb9bd8fcbf0546a","isMergeCommit":false,"messageTitle":"Update user guide with mark and unmark commands","messageBody":"","fileTypesAndContributionMap":{"docs":{"insertions":44,"deletions":14}}},{"hash":"d7d15de83231ea50ecd6b6bf85ef674a2d6057ca","isMergeCommit":false,"messageTitle":"Add logging and assertions","messageBody":"","fileTypesAndContributionMap":{"functional-code":{"insertions":37,"deletions":0}}},{"hash":"94a366ba13edb7822ec3bd7f4a6db5733489f898","isMergeCommit":true,"messageTitle":"Merge pull request #134 from Chandan8186/br-devguide-3","messageBody":"Update findP sequence diagram and Model Component in DG","fileTypesAndContributionMap":{}},{"hash":"4e2b1149bc6d9957fd576d27f59890823299d09f","isMergeCommit":true,"messageTitle":"Merge pull request #140 from antonTan96/update-AddProjectCommand-and-AssignEmployeeCommand-branch","messageBody":"Update AddProjectCommand and AssignEmployeeCommand to use new method in ParserUtil","fileTypesAndContributionMap":{}}]},{"date":"2023-10-30","commitResults":[{"hash":"f46ca4425ff1cce88e6d7eb4a22e23735b8dd95b","isMergeCommit":true,"messageTitle":"Merge pull request #142 from antonTan96/update-employee-multipleProjects","messageBody":"Refactor Employee to not store Projects","fileTypesAndContributionMap":{}},{"hash":"e899fbee7c22c57a2c9e8053f04c2696e7e45838","isMergeCommit":true,"messageTitle":"Merge pull request #152 from antonTan96/update-projectCard","messageBody":"Fix bug of Project Card","fileTypesAndContributionMap":{}}]}],"timleow":[{"date":"2023-10-04","commitResults":[{"hash":"73e4ad168c94ca337c47fd9aa9e74e6b46b2cc57","isMergeCommit":false,"messageTitle":"Update About Us and individual PPP","messageBody":"","fileTypesAndContributionMap":{"docs":{"insertions":39,"deletions":4}}},{"hash":"9c1770c384ca48c84c2378a32ac260220aef6d1d","isMergeCommit":false,"messageTitle":"Update Developer Guide and User Guide - Tim","messageBody":"","fileTypesAndContributionMap":{"docs":{"insertions":32,"deletions":14}}},{"hash":"0ca8389ab7b522a7306d8ead63855d506771ce0b","isMergeCommit":false,"messageTitle":"Minor updates to PPP and About Us - Tim","messageBody":"","fileTypesAndContributionMap":{"docs":{"insertions":3,"deletions":3}}},{"hash":"c12a907ab72f2475ae9db672960358a1cb3dd863","isMergeCommit":false,"messageTitle":"Fix grammatical error in user guide","messageBody":"","fileTypesAndContributionMap":{"docs":{"insertions":1,"deletions":1}}},{"hash":"45876eac086f46268aaae7cb1069dbba7374c4d4","isMergeCommit":false,"messageTitle":"Update commands in Quick Start of UG","messageBody":"","fileTypesAndContributionMap":{"docs":{"insertions":4,"deletions":4}}},{"hash":"a50ccc58078eef7137e90b01b85d899c4a6f9cf8","isMergeCommit":false,"messageTitle":"Update \u0027notes about the command format\u0027 in UG","messageBody":"","fileTypesAndContributionMap":{"docs":{"insertions":1,"deletions":1}}},{"hash":"d1361b5e9fc00b2322bba431ba36e9192cc14720","isMergeCommit":true,"messageTitle":"Merge pull request #81 from timleow/branch-GuideUpdates","messageBody":"Update commands in Quick Start of UG","fileTypesAndContributionMap":{}}]},{"date":"2023-10-16","commitResults":[{"hash":"5d941870cd39dea2c2e386a8e7cb7970c0fedb0e","isMergeCommit":false,"messageTitle":"Implement help functionality (quick guide) and minor UG command reworks","messageBody":"","fileTypesAndContributionMap":{"functional-code":{"insertions":142,"deletions":40},"docs":{"insertions":16,"deletions":16}}},{"hash":"2c07ca39c49fc4bf65f28a3fea74684c5b5232c8","isMergeCommit":false,"messageTitle":"Fix minor checkstyle issues for HelpWindow.java","messageBody":"","fileTypesAndContributionMap":{"functional-code":{"insertions":27,"deletions":29}}}]},{"date":"2023-10-18","commitResults":[{"hash":"e654e1570584d8fa9486534e1ba27369ed6c482c","isMergeCommit":true,"messageTitle":"Merge branch \u0027master\u0027 into branch-help","messageBody":"","fileTypesAndContributionMap":{}},{"hash":"fec6177e859cc0d4fd7d6cf93c10ed264e67aab7","isMergeCommit":true,"messageTitle":"Merge pull request #90 from Chandan8186/br-find-employee","messageBody":"Refactor find command to findE for employees","fileTypesAndContributionMap":{}},{"hash":"67b3e163f676d3a8aba41feca34962ac3a44f7b6","isMergeCommit":false,"messageTitle":"Match help pop-up and user guide with new emloyee prefix \u0027em\u0027","messageBody":"","fileTypesAndContributionMap":{"functional-code":{"insertions":2,"deletions":2},"docs":{"insertions":6,"deletions":6}}},{"hash":"ca2db720c13e4711d5a30a76f878aeb98f61cc6f","isMergeCommit":true,"messageTitle":"Reconcile remote and local changes","messageBody":"","fileTypesAndContributionMap":{}},{"hash":"52615a308bbc3461fdf07f028eba736df3e1897e","isMergeCommit":false,"messageTitle":"Fix minor user guide prefix issue","messageBody":"","fileTypesAndContributionMap":{"docs":{"insertions":2,"deletions":2}}},{"hash":"c37a0e79f385dcc858e1788852284308c3f59bef","isMergeCommit":true,"messageTitle":"Merge pull request #98 from aslam341/refactor-add-to-addE","messageBody":"Refactor add command to addE for employees","fileTypesAndContributionMap":{}},{"hash":"b878a95e32078ca7f8562a4c6151cd7ef532ab5e","isMergeCommit":true,"messageTitle":"Merge pull request #99 from aslam341/refactor-delete-to-deleteE","messageBody":"Refactor delete command to deleteE for employees","fileTypesAndContributionMap":{}}]},{"date":"2023-10-25","commitResults":[{"hash":"b3d2b1e5b50feea76035872b773978f6d3b11650","isMergeCommit":false,"messageTitle":"Create task model","messageBody":"","fileTypesAndContributionMap":{"functional-code":{"insertions":285,"deletions":12}}}]},{"date":"2023-10-27","commitResults":[{"hash":"aca71116585870cd8659702495a285ee0d015712","isMergeCommit":false,"messageTitle":"Implement storing of tasks into taskhub.json","messageBody":"","fileTypesAndContributionMap":{"functional-code":{"insertions":265,"deletions":4},"other":{"insertions":5,"deletions":0}}},{"hash":"6926839e05e6600e36e22cbfe2c9ded367609d48","isMergeCommit":true,"messageTitle":"Sync tasksModel branch with upstream","messageBody":"","fileTypesAndContributionMap":{}},{"hash":"9a9afbf6f2b55f31403d25d0a41fb1ec4d6ddada","isMergeCommit":false,"messageTitle":"Add changes for upgraded help command to developer guide","messageBody":"","fileTypesAndContributionMap":{"docs":{"insertions":43,"deletions":0}}}]},{"date":"2023-10-28","commitResults":[{"hash":"992c6e035a853eff624d7c85a4a3bb31ec2fce4b","isMergeCommit":true,"messageTitle":"Merge branch \u0027master\u0027 into branch-TasksModel","messageBody":"* master:\n  Add changes for upgraded help command to developer guide\n  Amend some naming issues\n  Add findP feature description to DG\n  Fix capitalization of command\n  Change label to standardise\n  Add label to indicate proposed feature\n  Add newline at EOF\n  Update PriorityP sequence diagram in DG to reflect changes\n  Fix formatting in DG\n  Add markP sequence diagram\n  Add implementation of mark project to dg\n  Update DG with implementation of PriorityP command\n","fileTypesAndContributionMap":{}},{"hash":"25bb730607934d4c20f0352ce0f5bf7a6f77691f","isMergeCommit":true,"messageTitle":"Merge pull request #137 from aslam341/add-mark-project-command","messageBody":"Add mark and unmark project commands","fileTypesAndContributionMap":{}},{"hash":"7cbf59eeb9888e3f1c69539868f46cf9ec9a7058","isMergeCommit":false,"messageTitle":"Implement addT with reasonable Ui, but without tests yet","messageBody":"","fileTypesAndContributionMap":{"functional-code":{"insertions":430,"deletions":92}}},{"hash":"711ad2569904697f50a207e4dec77beb305a9938","isMergeCommit":true,"messageTitle":"Implement addT with Tasks Model and Ui","messageBody":"","fileTypesAndContributionMap":{}},{"hash":"0247c4aac6f91f07cce54cc5d8b906ee28d0e93b","isMergeCommit":false,"messageTitle":"Add Test for JsonAdaptedTask","messageBody":"","fileTypesAndContributionMap":{"test-code":{"insertions":36,"deletions":0}}},{"hash":"277403b0c35accf9ed4a5e85a231d630d7e0f032","isMergeCommit":false,"messageTitle":"Add test to cover Task and TaskList","messageBody":"","fileTypesAndContributionMap":{"functional-code":{"insertions":0,"deletions":27},"test-code":{"insertions":151,"deletions":1}}}]},{"date":"2023-10-29","commitResults":[{"hash":"65209ef458ad6f404d53c94ec8660b63afc1b518","isMergeCommit":false,"messageTitle":"Add more tests and changes requested in PR #138","messageBody":"","fileTypesAndContributionMap":{"functional-code":{"insertions":33,"deletions":32},"other":{"insertions":0,"deletions":5},"test-code":{"insertions":33,"deletions":8}}},{"hash":"882955f7cfabf59e7de95288174a3c25f9e3cfe1","isMergeCommit":false,"messageTitle":"Modify task added successfully message to display deadline as dd MMM yyyy hh:mma","messageBody":"","fileTypesAndContributionMap":{"functional-code":{"insertions":7,"deletions":1}}},{"hash":"4f7452a81edadb5821cafe1c49a190a531496ace","isMergeCommit":true,"messageTitle":"Merge branch \u0027master\u0027 into branch-TasksModel","messageBody":"* master:\n  Fix checkstyle error\n  Replace redundant code\n  Fix checkstyle\n  Update model components and web links\n  Add sequence diagram for Find Projects feature\n","fileTypesAndContributionMap":{}},{"hash":"879c30be65692e29ad4c16f744dde7eefec082ff","isMergeCommit":false,"messageTitle":"Modify error error messages to make them more appropriate for the use case, and remove the list of all tasks from JsonSerializableTaskHub.java","messageBody":"","fileTypesAndContributionMap":{"functional-code":{"insertions":10,"deletions":17},"test-code":{"insertions":44,"deletions":0}}},{"hash":"f4c53961c3e7714fa297d5e82c88e233ac45d677","isMergeCommit":false,"messageTitle":"Modify Ui according to PR comments and add some tests","messageBody":"","fileTypesAndContributionMap":{"functional-code":{"insertions":5,"deletions":6},"test-code":{"insertions":7,"deletions":0}}},{"hash":"474eafde31dea4e2ee343fa12230b725830dee42","isMergeCommit":false,"messageTitle":"Fix minor checkstyle issue","messageBody":"","fileTypesAndContributionMap":{"functional-code":{"insertions":0,"deletions":1}}},{"hash":"6134e0d6763afabf2f3f9439467faeee9816fb72","isMergeCommit":false,"messageTitle":"Add tests to increase code cov","messageBody":"","fileTypesAndContributionMap":{"test-code":{"insertions":18,"deletions":0}}},{"hash":"dbad9069718a15e40498e3b5783c23b4f5aa12a3","isMergeCommit":false,"messageTitle":"Change yyyy-MM-dd to dd-MM-yyyy","messageBody":"","fileTypesAndContributionMap":{"functional-code":{"insertions":7,"deletions":7},"test-code":{"insertions":1,"deletions":1}}}]},{"date":"2023-10-30","commitResults":[{"hash":"7f307054c2f57fac23f27124e1da2691cb21e3f6","isMergeCommit":true,"messageTitle":"Merge branch \u0027br-mark-unmark-task\u0027 into branch-deleteT","messageBody":"* br-mark-unmark-task:\n  Update command success message to include project name\n  Update user guide with markT and unmarkT commands\n  Add wrap text property to Ui elements\n  Add tests for markT and unmarkT\n  Fix bugs\n  Implement unmarkT command\n  Implement markT command\n","fileTypesAndContributionMap":{}},{"hash":"251d00da38dc0713131052aed5d3974acf7a03ad","isMergeCommit":false,"messageTitle":"Implement deleteT with tests","messageBody":"","fileTypesAndContributionMap":{"functional-code":{"insertions":198,"deletions":4},"test-code":{"insertions":237,"deletions":224}}},{"hash":"31e28fd1ac1cfdc2a172af6b64d5993f472066f4","isMergeCommit":false,"messageTitle":"Disallow duplicate prefixes for markT, unmarkT, deleteT","messageBody":"","fileTypesAndContributionMap":{"functional-code":{"insertions":3,"deletions":3}}}]}]},"authorFileTypeContributionMap":{"rayyan35p":{"docs":116,"functional-code":288,"test-code":248},"Chandan8186":{"docs":313,"functional-code":927,"test-code":1277,"other":1},"antonTan96":{"docs":121,"functional-code":776,"test-code":924},"aslam341":{"docs":455,"functional-code":1292,"test-code":1739,"other":5},"timleow":{"docs":117,"functional-code":1192,"test-code":829}},"authorContributionVariance":{"rayyan35p":8781.993,"Chandan8186":26389.504,"antonTan96":36158.047,"aslam341":229838.25,"timleow":29276.934},"authorDisplayNameMap":{"rayyan35p":"CS2103T-T08-3 RAYY..MAIL","Chandan8186":"CS2103T-T08-3 CHAN..BABU","antonTan96":"CS2103T-T08-3 ANTO.. ZHI","aslam341":"CS2103T-T08-3 ASLA..SLAM","timleow":"CS2103T-T08-3 LEOW..OTHY"}}
