{"authorDailyContributionsMap":{"feifeiraindrops":[{"date":"2023-10-02","commitResults":[{"hash":"99a939f327599e4d75358e8ab0975b86409a7fa1","isMergeCommit":false,"messageTitle":"Add personal photo, descriptions and skeletal PPP","messageBody":"","fileTypesAndContributionMap":{"docs":{"insertions":32,"deletions":5}}}]},{"date":"2023-10-03","commitResults":[{"hash":"edffb3f35860f8960c3b8c72857ee112eca0a215","isMergeCommit":false,"messageTitle":"Edit features related to Student class and general information","messageBody":"","fileTypesAndContributionMap":{"docs":{"insertions":41,"deletions":53}}},{"hash":"edf687e65b84795be98d6ca05232016a9bc93e8f","isMergeCommit":true,"messageTitle":"Merge pull request #13 from seraphimstreets/photoAddEdison","messageBody":"Updated AboutUs and uploaded photo for Edison","fileTypesAndContributionMap":{}},{"hash":"d1eed307a33ffe5f757f6820fa6f0fc046426a7d","isMergeCommit":true,"messageTitle":"Merge pull request #12 from seraphimstreets/DG-UserStories","messageBody":"Update user stories in Developer Guide","fileTypesAndContributionMap":{}}]},{"date":"2023-10-13","commitResults":[{"hash":"56ca8a0728eea8877ca3b8c3b9e2e92283f59ded","isMergeCommit":false,"messageTitle":"Add new fields to Student constructor and related classes","messageBody":"","fileTypesAndContributionMap":{"functional-code":{"insertions":251,"deletions":2}}},{"hash":"bcd0c6aefb3792b43c0089e1a8009d9a81edfb6f","isMergeCommit":false,"messageTitle":"Fix checkstyle issues","messageBody":"","fileTypesAndContributionMap":{"functional-code":{"insertions":19,"deletions":14}}}]},{"date":"2023-10-15","commitResults":[{"hash":"9906686b62dec8d8b21270fdfe7ac1b2ca6e743a","isMergeCommit":false,"messageTitle":"Add command for edit and delete student","messageBody":"","fileTypesAndContributionMap":{"functional-code":{"insertions":548,"deletions":30}}},{"hash":"d6dced469d2ddb69bc996a10c69f4f022e82b2c9","isMergeCommit":false,"messageTitle":"Fix check style errors","messageBody":"","fileTypesAndContributionMap":{"functional-code":{"insertions":56,"deletions":55}}}]},{"date":"2023-10-17","commitResults":[{"hash":"82063923359a377493544ec60b8bcfcfefada541","isMergeCommit":false,"messageTitle":"Fix format checking for student ID and tutorial group","messageBody":"","fileTypesAndContributionMap":{"functional-code":{"insertions":26,"deletions":15}}}]},{"date":"2023-10-26","commitResults":[{"hash":"2c86b96f92a97e172dcdd8df9a58917eacf71d76","isMergeCommit":false,"messageTitle":"Add and display tags in the student card","messageBody":"","fileTypesAndContributionMap":{"functional-code":{"insertions":13,"deletions":3}}},{"hash":"611e66a1dfa0afdb62c37fb8d91b59767d27651d","isMergeCommit":false,"messageTitle":"Add Storage for student tags","messageBody":"","fileTypesAndContributionMap":{"functional-code":{"insertions":13,"deletions":2}}},{"hash":"c4b0998e98cbbb4aeaa6e56f289958e8053c798b","isMergeCommit":false,"messageTitle":"Add storage for student tags","messageBody":"","fileTypesAndContributionMap":{"functional-code":{"insertions":14,"deletions":1}}},{"hash":"8580a1cc7b7052f14e912cdbc16bedcaf57c5b52","isMergeCommit":false,"messageTitle":"Add tags to StudentScore class","messageBody":"","fileTypesAndContributionMap":{"functional-code":{"insertions":138,"deletions":16}}},{"hash":"abe8d8eb387c0e3f13c8fb6c6ecdfcccd212076d","isMergeCommit":false,"messageTitle":"Update logic section and apendix on manual testing in the developer guide","messageBody":"","fileTypesAndContributionMap":{"docs":{"insertions":17,"deletions":13}}},{"hash":"ac26162342facbaa163d03a701f48c7087db4bc8","isMergeCommit":false,"messageTitle":"Fix checkstyle","messageBody":"","fileTypesAndContributionMap":{"functional-code":{"insertions":4,"deletions":2}}}]},{"date":"2023-10-27","commitResults":[{"hash":"0c7655f60045361b32be375b25ea8b08de10e7e1","isMergeCommit":true,"messageTitle":"Merge pull request #84 from marioalvaro/branch-edit-DG","messageBody":"Add proposed implementation of Auto-grading in DeveloperGuide.md and add additional MSS","fileTypesAndContributionMap":{}}]},{"date":"2023-10-29","commitResults":[{"hash":"7396294a9f92f03279e3b5db61f9ba6e684c0cc8","isMergeCommit":true,"messageTitle":"Merge pull request #86 from siqirua/branch-Stats","messageBody":"Extend the functionality of stats command","fileTypesAndContributionMap":{}},{"hash":"ceb618332ca4965215f9dcaac5ae4b73843d81d5","isMergeCommit":true,"messageTitle":"Fix merging conflict","messageBody":"","fileTypesAndContributionMap":{}}]},{"date":"2023-10-30","commitResults":[{"hash":"4b9c7109fb4ca46cfa2681f6b435cd0c67965808","isMergeCommit":false,"messageTitle":"Implement find for scores and graded components","messageBody":"","fileTypesAndContributionMap":{"functional-code":{"insertions":161,"deletions":15}}}]},{"date":"2023-10-31","commitResults":[{"hash":"3469609e5ec55a5b901ad555d5f96ce7d0327422","isMergeCommit":true,"messageTitle":"Merge branch \u0027AY2324S1-CS2103T-W08-2:master\u0027 into master","messageBody":"","fileTypesAndContributionMap":{}},{"hash":"0bb7d54c7181685f2a7e018a93816cc1ec76a476","isMergeCommit":false,"messageTitle":"Merge from team repo","messageBody":"","fileTypesAndContributionMap":{"functional-code":{"insertions":1,"deletions":1}}}]},{"date":"2023-11-01","commitResults":[{"hash":"2f3cab69bc846cd097be340a0e8df043d4e65deb","isMergeCommit":false,"messageTitle":"Update UserGuide for command format, glossary and navigation","messageBody":"","fileTypesAndContributionMap":{"functional-code":{"insertions":2,"deletions":1},"docs":{"insertions":87,"deletions":13}}},{"hash":"cb1bf9e5579ccb02b7bf8c79383c70f5e6029009","isMergeCommit":true,"messageTitle":"Merge branch \u0027master\u0027 of https://github.com/feifeiraindrops/tp","messageBody":"","fileTypesAndContributionMap":{}},{"hash":"5102b7223720cdc4ed403c2260e24a55ca1a2cec","isMergeCommit":true,"messageTitle":"Merge branch \u0027master\u0027 of https://github.com/feifeiraindrops/tp into update-ug","messageBody":"","fileTypesAndContributionMap":{}}]},{"date":"2023-11-02","commitResults":[{"hash":"15489112bdff77555df50bcb32d8c36677868578","isMergeCommit":true,"messageTitle":"Merge branch \u0027master\u0027 of https://github.com/feifeiraindrops/tp","messageBody":"","fileTypesAndContributionMap":{}},{"hash":"f6e0a93cd2a565111c70c346fcc3f5ef851d3062","isMergeCommit":false,"messageTitle":"Add ug documentation for find and listAll commands","messageBody":"","fileTypesAndContributionMap":{"docs":{"insertions":33,"deletions":3}}},{"hash":"58089614983f4b6be31df2bba21c4e816bd41ecb","isMergeCommit":false,"messageTitle":"Seperate the find command and add listAll","messageBody":"","fileTypesAndContributionMap":{"functional-code":{"insertions":428,"deletions":57}}}]},{"date":"2023-11-03","commitResults":[{"hash":"ce399d21be4ac49645cfd0966482fa69f2897279","isMergeCommit":true,"messageTitle":"Merge pull request #94 from siqirua/branch-UG","messageBody":"Update UG and fix some bugs","tags":["v1.3"],"fileTypesAndContributionMap":{}}]}],"siqirua":[{"date":"2023-10-02","commitResults":[{"hash":"1c8d8fd87319f033ef4fbf95f268ada46e5147a5","isMergeCommit":false,"messageTitle":"Update personal infomation in AboutUs.md","messageBody":"","fileTypesAndContributionMap":{"docs":{"insertions":42,"deletions":6}}},{"hash":"853563c7db175fec6653f74c1466e57c4077e778","isMergeCommit":false,"messageTitle":"Add \u0027find\u0027 into the feature list section of UG","messageBody":"","fileTypesAndContributionMap":{"docs":{"insertions":5,"deletions":11}}},{"hash":"63a5db1a57f412f08c6c3c393cd0a802044c301f","isMergeCommit":false,"messageTitle":"Update target user, use cases and other sections based on our project","messageBody":"","fileTypesAndContributionMap":{"docs":{"insertions":12,"deletions":10}}},{"hash":"3f16a9f4371fc79601315383fc60a36484573517","isMergeCommit":false,"messageTitle":"Edit \u0027find\u0027 feature in UG","messageBody":"","fileTypesAndContributionMap":{"docs":{"insertions":1,"deletions":1}}},{"hash":"e0ea913488f687dbfd07671a8095521d38e7e71b","isMergeCommit":false,"messageTitle":"Change responsibility","messageBody":"","fileTypesAndContributionMap":{"docs":{"insertions":1,"deletions":1}}}]},{"date":"2023-10-03","commitResults":[{"hash":"274a22d32344de0d6cbf22178968f3ff4eb601c0","isMergeCommit":false,"messageTitle":"Change the naming of the app in DG","messageBody":"","fileTypesAndContributionMap":{"docs":{"insertions":4,"deletions":4}}},{"hash":"f6cce90122583796dc9cd06936fb06b555c34c63","isMergeCommit":false,"messageTitle":"Change the naming of app in PPP","messageBody":"","fileTypesAndContributionMap":{"docs":{"insertions":2,"deletions":2}}},{"hash":"44815824fa7ed3a88d9b1078a64c052658126999","isMergeCommit":true,"messageTitle":"Merge branch \u0027master\u0027 into master","messageBody":"","fileTypesAndContributionMap":{}},{"hash":"ad8db2e7594af8048c1b5a2bc7c50e13c2eddd85","isMergeCommit":true,"messageTitle":"Merge pull request #18 from marioalvaro/master","messageBody":"Add Photo and PPP for Mario","fileTypesAndContributionMap":{}}]},{"date":"2023-10-04","commitResults":[{"hash":"e22b2e849ca78d400d7560f1697824b07ebae9e6","isMergeCommit":true,"messageTitle":"Merge pull request #19 from marioalvaro/master","messageBody":"Repair several check style and marioalvaro.md file","fileTypesAndContributionMap":{}}]},{"date":"2023-10-08","commitResults":[{"hash":"e4a63d002488a7e0f58a109460455d28d530a332","isMergeCommit":true,"messageTitle":"Merge pull request #27 from seraphimstreets/branch-twoPanels","messageBody":"Update FXML to show 2 panels","fileTypesAndContributionMap":{}},{"hash":"cbc2f4891302596403afc472a616347818d2f238","isMergeCommit":false,"messageTitle":"Add more NFRs","messageBody":"","fileTypesAndContributionMap":{"docs":{"insertions":7,"deletions":3}}}]},{"date":"2023-10-13","commitResults":[{"hash":"6bbc4192e7aa07ae11fed35ed296fbb2aac08270","isMergeCommit":false,"messageTitle":"Modify one NFR slightly","messageBody":"","fileTypesAndContributionMap":{"docs":{"insertions":1,"deletions":1}}},{"hash":"dbc1dd717729735f1da56eb0a78cbbc105970541","isMergeCommit":true,"messageTitle":"Merge pull request #45 from marioalvaro/branch-Edit-StudentScore-1","messageBody":"Add building blocks for the Student Score","fileTypesAndContributionMap":{}}]},{"date":"2023-10-15","commitResults":[{"hash":"278bfbd8e00431b515a0a303e97bc2c0677ce3dc","isMergeCommit":true,"messageTitle":"Merge pull request #48 from seraphimstreets/master","messageBody":"Implement add, edit and delete commands for gradedComponent","fileTypesAndContributionMap":{}},{"hash":"77463505843331e1da7796f021fc7c9d7c96f0b0","isMergeCommit":false,"messageTitle":"Implement FindByStudentIdCommand (not tested)","messageBody":"","fileTypesAndContributionMap":{"functional-code":{"insertions":140,"deletions":0}}},{"hash":"1b5e86733dec59cf04aae58c89971aa39bbc64db","isMergeCommit":false,"messageTitle":"Improve code quality","messageBody":"","fileTypesAndContributionMap":{"functional-code":{"insertions":36,"deletions":36},"other":{"insertions":22,"deletions":22}}}]},{"date":"2023-10-16","commitResults":[{"hash":"1d18b0673aaf55cef8f3e8276c72486dcdd55319","isMergeCommit":false,"messageTitle":"Fix some minor bugs","messageBody":"","fileTypesAndContributionMap":{"functional-code":{"insertions":1,"deletions":1},"docs":{"insertions":10,"deletions":10}}},{"hash":"86c734afc86057be3100ca9f18db6e8db581ea51","isMergeCommit":false,"messageTitle":"Improve code quality","messageBody":"","fileTypesAndContributionMap":{"functional-code":{"insertions":3,"deletions":3}}},{"hash":"4c38d6fc126c85522628b90ba0565935cbb740c0","isMergeCommit":true,"messageTitle":"Merge pull request #54 from marioalvaro/Add-DeleteStudentScoreCommand","messageBody":"Add delete student score command","fileTypesAndContributionMap":{}}]},{"date":"2023-10-17","commitResults":[{"hash":"3c7ce25334946c1487f1cc0b287216033b8a1ba9","isMergeCommit":true,"messageTitle":"Merge pull request #56 from seraphimstreets/branch-threePanels","messageBody":"Third panel and GradedComponents add/delete their associated StudentScores","fileTypesAndContributionMap":{}},{"hash":"91ba1503badde8503365107fcd6ea089f78f5877","isMergeCommit":true,"messageTitle":"Merge pull request #57 from feifeiraindrops/add-fromat-check","messageBody":"Fix format checking for student ID and tutorial group","fileTypesAndContributionMap":{}},{"hash":"cfcc979b711c724dab6b1e38d586a82a27f5d404","isMergeCommit":true,"messageTitle":"Merge pull request #58 from SinhaVedant/branch-Storage","messageBody":"StudentBook Storage","fileTypesAndContributionMap":{}},{"hash":"2279e260088f00e7969aff2af0815dbd14aa92b4","isMergeCommit":false,"messageTitle":"Implement listStu command and further extend the functionality of find Command","messageBody":"","fileTypesAndContributionMap":{"functional-code":{"insertions":165,"deletions":82},"other":{"insertions":6,"deletions":6}}}]},{"date":"2023-10-18","commitResults":[{"hash":"009fd3e95b80261065b3888ce6efb4bfa4e6c0b8","isMergeCommit":false,"messageTitle":"Implement storage for student score book","messageBody":"","fileTypesAndContributionMap":{"functional-code":{"insertions":404,"deletions":9}}},{"hash":"85fd9a5aa8fa4157349399243582107b95374412","isMergeCommit":false,"messageTitle":"Update JsonSerializableStudentScoreBook.java","messageBody":"","fileTypesAndContributionMap":{"functional-code":{"insertions":1,"deletions":1}}}]},{"date":"2023-10-23","commitResults":[{"hash":"48ee50378dd3e92a5c1995168d8fd9e164c55c2e","isMergeCommit":false,"messageTitle":"Implement ClearAll command","messageBody":"Currently there are only methods to delete one specific students, scores\nand graded component respectively and it is very inefficient if we want\nto delete all the existing data.\n\nAs a step to make the codes more efficient, let\u0027s implement a command\nso that we can clear the existing data efficiently.\n","fileTypesAndContributionMap":{"functional-code":{"insertions":96,"deletions":0}}},{"hash":"19477b2ed145c895347097cd3bb03ee83d94a28c","isMergeCommit":true,"messageTitle":"Merge branch \u0027branch-ClearCommand\u0027","messageBody":"","fileTypesAndContributionMap":{}}]},{"date":"2023-10-24","commitResults":[{"hash":"7c5e706890b71c030cab125e6b20c4b679dfd7e2","isMergeCommit":false,"messageTitle":"Implement Sort command Partially","messageBody":"Currently, there is no sorting command. As a result, it is hard to\narrange extensive amount of students in order.\n\nLet\u0027s implement the sortStu command by alphabetical order of name first.\n","fileTypesAndContributionMap":{"functional-code":{"insertions":94,"deletions":5}}},{"hash":"fdc4d26ec0a98b4f00702f8543958880072004a5","isMergeCommit":true,"messageTitle":"Merge pull request #68 from seraphimstreets/master","messageBody":"Allow calculation of scores between classes","fileTypesAndContributionMap":{}},{"hash":"d1ff214ac69a0a2f6b176e5eee074e73e4d1e3d8","isMergeCommit":false,"messageTitle":"Extend the functionality of SortStudentCommand","messageBody":"Currently SortStudentCommand can only sort the name in alphabetical\norder in a decreasing order. As a result, its functionality is very\nlimited when we need to sort based on other attributes. Let\u0027s extend\nthe functionality by allowing it to sort based on different attributes\nand can choose whether to reverse. In addition, let\u0027s sort only the\ndisplayed students instead of all students.\n","fileTypesAndContributionMap":{"functional-code":{"insertions":160,"deletions":32}}},{"hash":"4137bbc0eb9d14b99f99f3606124f1cf47b85cc4","isMergeCommit":true,"messageTitle":"Merge branch \u0027master\u0027 into branch-SortCommand","messageBody":"","fileTypesAndContributionMap":{}},{"hash":"be528108d64a6cca8c44974ab648ce0c1f234263","isMergeCommit":false,"messageTitle":"Update ClearAllCommand.java","messageBody":"","fileTypesAndContributionMap":{"functional-code":{"insertions":1,"deletions":1}}},{"hash":"3ca05a33ebe827e840c2ed3c7ba9805d0e3daaa4","isMergeCommit":false,"messageTitle":"Implement stats calculaton for the overall scores","messageBody":"","fileTypesAndContributionMap":{"functional-code":{"insertions":103,"deletions":0}}}]},{"date":"2023-10-25","commitResults":[{"hash":"a7e61f317f610b4716348b07846d4e8fca8f498e","isMergeCommit":false,"messageTitle":"Implement CompStats command to calculate the stats of a given component","messageBody":"","fileTypesAndContributionMap":{"functional-code":{"insertions":272,"deletions":17}}},{"hash":"aef6121d44b95ac3f892ac01712ed4f59da5a7b5","isMergeCommit":false,"messageTitle":"Fix some typos","messageBody":"","fileTypesAndContributionMap":{"functional-code":{"insertions":1,"deletions":1}}}]},{"date":"2023-10-26","commitResults":[{"hash":"10c9876e408d0b6eb043d10c6f2e2a7a8e99209a","isMergeCommit":false,"messageTitle":"Include one more use case","messageBody":"","fileTypesAndContributionMap":{"docs":{"insertions":17,"deletions":0}}}]},{"date":"2023-10-28","commitResults":[{"hash":"9beaace81f03962953375613cc6576e7292122bc","isMergeCommit":false,"messageTitle":"Extend the functionality of stats command","messageBody":"Currently we can only show all the stats at the same time, however,\nthis may not be very clear sometime. Let\u0027s extend the functionality of\nstats command so that it can just show selected stats instead.\n","fileTypesAndContributionMap":{"functional-code":{"insertions":137,"deletions":43}}}]},{"date":"2023-10-30","commitResults":[{"hash":"8285bf2cd05fbf7fe87083a4bc7e1e9110448201","isMergeCommit":false,"messageTitle":"Further implement sort command","messageBody":"Currently the sort command is only for students, however, we may be more\ninterested in their performance in certain graded components. Let\u0027s\nimplement the sort command for the student scores and show the\nassociated students in that order.\n","fileTypesAndContributionMap":{"functional-code":{"insertions":391,"deletions":38}}}]},{"date":"2023-10-31","commitResults":[{"hash":"9e9fb6c09ac0a21da1881cf8d86fa528da6bf6b1","isMergeCommit":false,"messageTitle":"Include some new features in UG","messageBody":"","fileTypesAndContributionMap":{"functional-code":{"insertions":3,"deletions":2},"docs":{"insertions":55,"deletions":6}}},{"hash":"65262b41bc42bd15bba199e26c45fa3509fd1de4","isMergeCommit":true,"messageTitle":"Merge branch \u0027master\u0027 into branch-SortCommand","messageBody":"","fileTypesAndContributionMap":{}},{"hash":"5176d5515e5454eb8692dc47af09375123c9ebe0","isMergeCommit":false,"messageTitle":"Update UniqueStudentList.java","messageBody":"","fileTypesAndContributionMap":{"functional-code":{"insertions":0,"deletions":1}}},{"hash":"de232344210bb984fe7daeaf130b80b70c357246","isMergeCommit":false,"messageTitle":"Update StudentBook.java","messageBody":"","fileTypesAndContributionMap":{"functional-code":{"insertions":1,"deletions":1}}},{"hash":"69f81ebde8534ea04c207fa985183affc1b646de","isMergeCommit":false,"messageTitle":"Update SortStudentCommandParser.java","messageBody":"","fileTypesAndContributionMap":{"functional-code":{"insertions":1,"deletions":1}}}]},{"date":"2023-11-02","commitResults":[{"hash":"8792fe96e478ac76d4a63cf022c4d16470baec81","isMergeCommit":false,"messageTitle":"Fix some bugs","messageBody":"","fileTypesAndContributionMap":{"functional-code":{"insertions":26,"deletions":66},"docs":{"insertions":16,"deletions":0}}},{"hash":"35517c11dba5aa8a6322541cc8aaa3ccfc3ec083","isMergeCommit":false,"messageTitle":"Fix some checkstyle error","messageBody":"","fileTypesAndContributionMap":{"functional-code":{"insertions":7,"deletions":6}}},{"hash":"241f543509638716b6f2e7d531977f44be3ce6ed","isMergeCommit":true,"messageTitle":"Merge pull request #93 from feifeiraindrops/update-ug-2","messageBody":"Update the find commands and listAll command in the user guide","fileTypesAndContributionMap":{}},{"hash":"27a72d60511d2f8fa9e3f34c2ccfaa80fa57ce5f","isMergeCommit":true,"messageTitle":"Merge pull request #92 from feifeiraindrops/seperate-find","messageBody":"Seperate find and add a listAll command","fileTypesAndContributionMap":{}}]},{"date":"2023-11-03","commitResults":[{"hash":"a40fc91ef803d87cbb41a446e260e5b982d7d7b7","isMergeCommit":true,"messageTitle":"Merge branch \u0027master\u0027 into branch-UG","messageBody":"","fileTypesAndContributionMap":{}},{"hash":"10211ded2bf567a5890acd9b379c123e3a90be6f","isMergeCommit":false,"messageTitle":"Update ScoreMatchPredicate.java","messageBody":"","fileTypesAndContributionMap":{"functional-code":{"insertions":2,"deletions":2}}},{"hash":"2e71e542a5492eb7462ec8da685d674a892485cf","isMergeCommit":false,"messageTitle":"Update ScoreMatchPredicate.java","messageBody":"","fileTypesAndContributionMap":{"functional-code":{"insertions":1,"deletions":1}}},{"hash":"db8005c3691ae0961a5239a33d1f31c532116586","isMergeCommit":false,"messageTitle":"Update ScoreMatchPredicate.java","messageBody":"","fileTypesAndContributionMap":{"functional-code":{"insertions":3,"deletions":5}}}]}],"seraphimstreets":[{"date":"2023-10-02","commitResults":[{"hash":"081beddac5278ddb6d6873c3834456af29b63f2b","isMergeCommit":false,"messageTitle":"update fxml to show 2 panels","messageBody":"","fileTypesAndContributionMap":{"functional-code":{"insertions":30,"deletions":5}}}]},{"date":"2023-10-03","commitResults":[{"hash":"161f153551f0d336946ef7b105c7d0d087d14de9","isMergeCommit":false,"messageTitle":"add user stories to DG","messageBody":"","fileTypesAndContributionMap":{"docs":{"insertions":16,"deletions":9}}},{"hash":"ae436e4f708304ccece7b2d317340569d304db28","isMergeCommit":false,"messageTitle":"update AboutUs.md","messageBody":"","fileTypesAndContributionMap":{"docs":{"insertions":36,"deletions":52}}},{"hash":"e4ef253d8475ae473e4cb4bddc0009364b7fb88c","isMergeCommit":false,"messageTitle":"fix formatting","messageBody":"","fileTypesAndContributionMap":{"docs":{"insertions":4,"deletions":3}}},{"hash":"a0d59145676b8e9f18d48c16089b01594ae45701","isMergeCommit":true,"messageTitle":"Merge pull request #9 from siqirua/branch-AboutUs","messageBody":"Update AboutUs.md for Siqi\u0027s section","fileTypesAndContributionMap":{}},{"hash":"e33db171a9253b1d860855bd0a38983f906e8701","isMergeCommit":true,"messageTitle":"Merge pull request #10 from siqirua/branch-DG","messageBody":"Update DG components except user stories","fileTypesAndContributionMap":{}},{"hash":"9ce5e8dbe6744a0082655e103ae5b3888a2dbc6b","isMergeCommit":true,"messageTitle":"Merge pull request #11 from siqirua/branch-UG","messageBody":"Update \u0027find\u0027 feature in UG feature list","fileTypesAndContributionMap":{}}]},{"date":"2023-10-05","commitResults":[{"hash":"d99b3194edbe24e289f70e65d0513b5276945fdd","isMergeCommit":false,"messageTitle":"update dev guide and readme","messageBody":"","fileTypesAndContributionMap":{"docs":{"insertions":8,"deletions":14}}}]},{"date":"2023-10-08","commitResults":[{"hash":"fbe7351817fff67d3604c95b7c4362ae277e6587","isMergeCommit":false,"messageTitle":"remove unused import","messageBody":"","fileTypesAndContributionMap":{"functional-code":{"insertions":0,"deletions":1}}}]},{"date":"2023-10-09","commitResults":[{"hash":"567872defe73bcfaa867ceac14c2c2a8cab87ae2","isMergeCommit":true,"messageTitle":"Merge pull request #28 from siqirua/branch-DG","messageBody":"Add more NFRs","fileTypesAndContributionMap":{}}]},{"date":"2023-10-12","commitResults":[{"hash":"1c861f0c660b650587f470e139604932d1b5afde","isMergeCommit":false,"messageTitle":"add 3 basic classes","messageBody":"","fileTypesAndContributionMap":{"functional-code":{"insertions":328,"deletions":0}}},{"hash":"d270c93e9cc27ed2186d3052f4ed184cbc69d2e9","isMergeCommit":false,"messageTitle":"add AssociatedScoreList","messageBody":"","fileTypesAndContributionMap":{"functional-code":{"insertions":163,"deletions":0}}},{"hash":"f75ab880d32014fb90be8b3f2c4612820bcbee80","isMergeCommit":false,"messageTitle":"move UniqueScoreList under studentScore","messageBody":"","fileTypesAndContributionMap":{"other":{"insertions":7,"deletions":7}}},{"hash":"7173ca2e56e2cbe09e9cfc4d79bca43f72e1d50b","isMergeCommit":false,"messageTitle":"add student and gc unique lists","messageBody":"","fileTypesAndContributionMap":{"functional-code":{"insertions":376,"deletions":29}}},{"hash":"b3d65013205ad680e3e7d314838d1c8002429469","isMergeCommit":false,"messageTitle":"fix some javadocs","messageBody":"","fileTypesAndContributionMap":{"functional-code":{"insertions":7,"deletions":7}}},{"hash":"449cdc1834df536ca72f67693cbd95849232b6be","isMergeCommit":false,"messageTitle":"fix some checkstyle","messageBody":"","fileTypesAndContributionMap":{"functional-code":{"insertions":17,"deletions":15}}},{"hash":"2b4e728f5caa04ce809fbe8115e1d80de387a0f4","isMergeCommit":false,"messageTitle":"fix checkstyle again","messageBody":"","fileTypesAndContributionMap":{"functional-code":{"insertions":4,"deletions":4}}}]},{"date":"2023-10-13","commitResults":[{"hash":"7b5da0598cc4856ca4b24d66e5e483e037c40c25","isMergeCommit":true,"messageTitle":"Merge pull request #36 from seraphimstreets/branch-associatedScoreList","messageBody":"Add template classes for Student, StudentScore, GradedComponent","fileTypesAndContributionMap":{}},{"hash":"8e306ac1e4e0a982341a9e953eb760c289f29c6a","isMergeCommit":false,"messageTitle":"Revert \"fix checkstyle again\"","messageBody":"This reverts commit 2b4e728f5caa04ce809fbe8115e1d80de387a0f4.\n","fileTypesAndContributionMap":{"functional-code":{"insertions":4,"deletions":4}}},{"hash":"f31c74c5076a1fba057b280a50e537d549e244ab","isMergeCommit":true,"messageTitle":"Merge pull request #42 from SinhaVedant/Update-ArchiveFileName","messageBody":"Update archiveFileName to ModuLight","fileTypesAndContributionMap":{}},{"hash":"e8ecfaf62f1a55a19896226fe8fc1eb0682a06de","isMergeCommit":false,"messageTitle":"restructure for new commands","messageBody":"","fileTypesAndContributionMap":{"functional-code":{"insertions":972,"deletions":893},"other":{"insertions":26,"deletions":26},"test-code":{"insertions":141,"deletions":142}}},{"hash":"3f4ae12535149859446436b9eb95e219bbc0f930","isMergeCommit":true,"messageTitle":"Merge pull request #43 from feifeiraindrops/add-student-command","messageBody":"Add new fields to Student constructor and related classes","fileTypesAndContributionMap":{}},{"hash":"1c901dd97ef47adcad7fd52e55a24b73b3ccd773","isMergeCommit":false,"messageTitle":"add more student fields","messageBody":"","fileTypesAndContributionMap":{"functional-code":{"insertions":274,"deletions":16}}},{"hash":"05721de6d00a457094565cf16b1cb898e176c51b","isMergeCommit":true,"messageTitle":"fix merge conflicts","messageBody":"","fileTypesAndContributionMap":{}},{"hash":"66969e5f261c402d68b159febc3b570b9033d207","isMergeCommit":false,"messageTitle":"fix some checkstyle","messageBody":"","fileTypesAndContributionMap":{"functional-code":{"insertions":5,"deletions":7},"test-code":{"insertions":143,"deletions":141}}},{"hash":"7c19bbb3f2d605cd82d4205727e8829f11786935","isMergeCommit":false,"messageTitle":"fix more checkstyle","messageBody":"","fileTypesAndContributionMap":{"functional-code":{"insertions":10,"deletions":8}}},{"hash":"17ca769f6e630b52fc5b32817568935fe77bc245","isMergeCommit":false,"messageTitle":"removed tests","messageBody":"","fileTypesAndContributionMap":{"test-code":{"insertions":0,"deletions":5023}}},{"hash":"249d90b65ad50254cada8f1d133e271d8e88ffba","isMergeCommit":false,"messageTitle":"restore some tests","messageBody":"","fileTypesAndContributionMap":{"test-code":{"insertions":1148,"deletions":0}}}]},{"date":"2023-10-14","commitResults":[{"hash":"808db443614d3a1fa650dbad3edecce74a1e827d","isMergeCommit":false,"messageTitle":"add, edit and delete commands for gradedComponent","messageBody":"","fileTypesAndContributionMap":{"functional-code":{"insertions":770,"deletions":9}}},{"hash":"a4fdd0dedbf7a027c4a3583a3a865c61a61dc3d6","isMergeCommit":true,"messageTitle":"resolve merge conflict","messageBody":"","fileTypesAndContributionMap":{}},{"hash":"0d99e5985b8841b2d578a53da0f781299de7b43a","isMergeCommit":false,"messageTitle":"fix wildcard import","messageBody":"","fileTypesAndContributionMap":{"functional-code":{"insertions":7,"deletions":2}}}]},{"date":"2023-10-16","commitResults":[{"hash":"3d2f541e197fef05bb875306e57400059b4b7297","isMergeCommit":true,"messageTitle":"Merge pull request #52 from feifeiraindrops/add-student-command","messageBody":"Add command for edit and delete student","fileTypesAndContributionMap":{}},{"hash":"2e6d1eb9d69dea891f58a53af81f2e135de04f50","isMergeCommit":true,"messageTitle":"Merge pull request #51 from marioalvaro/Add-AddStudentScoreCommand","messageBody":"Partially complete AddStudentScoreCommand and its related code","fileTypesAndContributionMap":{}},{"hash":"202794a703856e22049efb90b7c1ce527e2fc17d","isMergeCommit":true,"messageTitle":"Merge branch \u0027master\u0027 into Add-EditStudentScoreCommand","messageBody":"","fileTypesAndContributionMap":{}},{"hash":"52aeff41845d0cceca683bf63f1d5ba860f8a02f","isMergeCommit":true,"messageTitle":"Merge pull request #53 from marioalvaro/Add-EditStudentScoreCommand","messageBody":"Add edit student score command","fileTypesAndContributionMap":{}}]},{"date":"2023-10-17","commitResults":[{"hash":"d9726d5227be354412105cdf566995f5287ca39e","isMergeCommit":false,"messageTitle":"add third panel and auto gradedComp","messageBody":"","fileTypesAndContributionMap":{"functional-code":{"insertions":235,"deletions":43}}}]},{"date":"2023-10-18","commitResults":[{"hash":"d61b5a3051c3850f2526e4f639dec325193b468d","isMergeCommit":true,"messageTitle":"Merge pull request #62 from SinhaVedant/branch-SampleData","messageBody":"Branch sample data","fileTypesAndContributionMap":{}},{"hash":"cc6ab04676086392f8be7872ff90fc291cdb9df2","isMergeCommit":false,"messageTitle":"enable edit and student-side auto commands","messageBody":"","fileTypesAndContributionMap":{"functional-code":{"insertions":65,"deletions":5}}},{"hash":"52a1355e3440c1467e04b170015be700a4b2e43c","isMergeCommit":false,"messageTitle":"remove debug line","messageBody":"","fileTypesAndContributionMap":{"functional-code":{"insertions":0,"deletions":2}}}]},{"date":"2023-10-20","commitResults":[{"hash":"4df5dc0fbdcd19cb20e14714ae88c4af5080806b","isMergeCommit":true,"messageTitle":"Merge pull request #65 from SinhaVedant/fixBugs","messageBody":"Fix some bug in JsonAdaptedStudentScore","fileTypesAndContributionMap":{}}]},{"date":"2023-10-21","commitResults":[{"hash":"05d913ab09c683c7aec47822284aa0904ce19343","isMergeCommit":true,"messageTitle":"Merge pull request #64 from SinhaVedant/branch-Storage","messageBody":"GradedComponentBook","fileTypesAndContributionMap":{}}]},{"date":"2023-10-23","commitResults":[{"hash":"51d5cd5f9fa0b0d07ae57a75bcabb6b4d284e13c","isMergeCommit":false,"messageTitle":"EditStuScore based on id instead of index","messageBody":"","fileTypesAndContributionMap":{"functional-code":{"insertions":2,"deletions":0}}},{"hash":"fe2f681394fc027cc04bb895062089b49a55f80f","isMergeCommit":false,"messageTitle":"Change EditStuScore","messageBody":"","fileTypesAndContributionMap":{"functional-code":{"insertions":111,"deletions":33}}},{"hash":"bfe1ef5748f4cf4aeea26cb3c4e8e540860c4474","isMergeCommit":false,"messageTitle":"Remove unused import","messageBody":"","fileTypesAndContributionMap":{"functional-code":{"insertions":0,"deletions":1}}},{"hash":"fc619474d3dbf5e6f65e7ffdb879f4d1120cbf47","isMergeCommit":true,"messageTitle":"Merge pull request #66 from siqirua/branch-ClearCommand","messageBody":"Implement ClearAll command","fileTypesAndContributionMap":{}}]},{"date":"2023-10-24","commitResults":[{"hash":"b6300b090153c58b4af254665d49919a94dfc095","isMergeCommit":false,"messageTitle":"Create references between classes","messageBody":"","fileTypesAndContributionMap":{"functional-code":{"insertions":349,"deletions":72}}},{"hash":"3c324ca4b1a6278f6603487653b25392e7f3ea8e","isMergeCommit":false,"messageTitle":"Add ability to calculate scores for Student and GradedComp","messageBody":"","fileTypesAndContributionMap":{"functional-code":{"insertions":25,"deletions":9}}},{"hash":"b8f05522a73b60919dd71ebeb37031a571d5b59c","isMergeCommit":true,"messageTitle":"Resolve merge conflict","messageBody":"","fileTypesAndContributionMap":{}},{"hash":"e81fbcdfc7e226fb8e6915dd8980e6afdd14372f","isMergeCommit":false,"messageTitle":"Fix some JavaFX display","messageBody":"","fileTypesAndContributionMap":{"functional-code":{"insertions":61,"deletions":39}}},{"hash":"3c0df76e9ba70958e415a4ca7d97cc9fd976b3c3","isMergeCommit":false,"messageTitle":"Fix some checkstyle","messageBody":"","fileTypesAndContributionMap":{"functional-code":{"insertions":14,"deletions":21}}}]},{"date":"2023-10-26","commitResults":[{"hash":"b2a21e61d69762c77a1e9a4722c18e1ee3ea61dc","isMergeCommit":true,"messageTitle":"Merge pull request #77 from feifeiraindrops/add-tags","messageBody":"Add tags to student and student score","fileTypesAndContributionMap":{}},{"hash":"92461d3a439be3f582258f404f32817950121e5d","isMergeCommit":true,"messageTitle":"Merge pull request #69 from siqirua/branch-SortCommand","messageBody":"Implement SortStudentCommand","fileTypesAndContributionMap":{}},{"hash":"10ee6fd2cad6259b07b93c75e13a233c2d11b537","isMergeCommit":true,"messageTitle":"Merge branch \u0027master\u0027 into branch-Stats","messageBody":"","fileTypesAndContributionMap":{}},{"hash":"d406e68c19c487b1237ee1b7482713bf65a888bc","isMergeCommit":true,"messageTitle":"Merge pull request #76 from siqirua/branch-Stats","messageBody":"Implement Stats related command","fileTypesAndContributionMap":{}},{"hash":"0e5bd5fc95e9a12685537c2b1b1f1e608a62a26b","isMergeCommit":true,"messageTitle":"Merge pull request #80 from SinhaVedant/branch-Docs","messageBody":"Update developer guide","tags":["v1.3_trial"],"fileTypesAndContributionMap":{}},{"hash":"cc702e998d1a7db824353474bb6a4adcdded579b","isMergeCommit":false,"messageTitle":"Update UI section and target audience section of developer guide","messageBody":"","fileTypesAndContributionMap":{"docs":{"insertions":12,"deletions":10}}},{"hash":"db047f2af21525d7c39b53a475a04e58b65708da","isMergeCommit":false,"messageTitle":"Enable assertions for Gradle","messageBody":"","fileTypesAndContributionMap":{"other":{"insertions":4,"deletions":0}}}]},{"date":"2023-10-31","commitResults":[{"hash":"dc9d6000cd9576b5d3df58a709af7960b2e7cf41","isMergeCommit":true,"messageTitle":"Merge pull request #89 from marioalvaro/branch-add-Autograde","messageBody":"Implement AutoGradeCommand for user to automatically grade based on passing grade","fileTypesAndContributionMap":{}},{"hash":"fc965c3613b1cec169841fe3c9c55b75f4e27a7f","isMergeCommit":true,"messageTitle":"Merge pull request #90 from siqirua/branch-UG","messageBody":"Include some new features in UG","fileTypesAndContributionMap":{}},{"hash":"960931dc98ab076bfe0469f6b639bc0e98a67212","isMergeCommit":true,"messageTitle":"Merge branch \u0027master\u0027 into add-find","messageBody":"","fileTypesAndContributionMap":{}},{"hash":"63b1871bca88440bc306c7ae796030ffbda604a7","isMergeCommit":true,"messageTitle":"Merge pull request #87 from feifeiraindrops/add-find","messageBody":"Add find for student scores and graded component","fileTypesAndContributionMap":{}}]},{"date":"2023-11-01","commitResults":[{"hash":"41b3d2769a38f91b4b429127dc82b9c0f6db1098","isMergeCommit":true,"messageTitle":"Merge pull request #88 from siqirua/branch-SortCommand","messageBody":"Further implement sort command","fileTypesAndContributionMap":{}}]},{"date":"2023-11-03","commitResults":[{"hash":"8eedeb72f1eb3378868ac91dd3fe2c4faebd0b20","isMergeCommit":true,"messageTitle":"Merge pull request #95 from SinhaVedant/branch-UserGuide","messageBody":"Branch user guide","fileTypesAndContributionMap":{}}]}],"SinhaVedant":[{"date":"2023-10-03","commitResults":[{"hash":"1f8fa654b7c1d6c6b88eb8ab1ee26abfe6674d2c","isMergeCommit":false,"messageTitle":"Add my PPP","messageBody":"","fileTypesAndContributionMap":{"docs":{"insertions":26,"deletions":0}}},{"hash":"83d44206917a357e1829599cbc7d5551f6fc89ed","isMergeCommit":false,"messageTitle":"Update AboutUs page","messageBody":"","fileTypesAndContributionMap":{"docs":{"insertions":5,"deletions":5}}},{"hash":"eb8f81899aef1813bca8a935a922aa30b7e6feb7","isMergeCommit":false,"messageTitle":"Update User Guide","messageBody":"","fileTypesAndContributionMap":{"docs":{"insertions":7,"deletions":3}}},{"hash":"14709d0253442ed856956ec0564b896cfe80bdb3","isMergeCommit":true,"messageTitle":"Merge pull request #8 from feifeiraindrops/add-yufei-info","messageBody":"Add photo, description and PPP for feifeiraindrops","fileTypesAndContributionMap":{}},{"hash":"477e9d43911b2cf50ce51ab844d2e41b58763900","isMergeCommit":true,"messageTitle":"Merge pull request #14 from feifeiraindrops/add-userguide","messageBody":"Edit features related to Student class and general information in the UG","fileTypesAndContributionMap":{}}]},{"date":"2023-10-05","commitResults":[{"hash":"a8386407de09bdd3ebc12f8e4061ef4d763e1188","isMergeCommit":true,"messageTitle":"Merge pull request #24 from seraphimstreets/m11HotFix","messageBody":"Update Non functional requirements and Readme","fileTypesAndContributionMap":{}},{"hash":"2f6b809e8a6fcc309ce4d0f886eca957028d291c","isMergeCommit":true,"messageTitle":"Merge branch \u0027master\u0027 into master","messageBody":"","fileTypesAndContributionMap":{}},{"hash":"3f67bf774d6e9049f6069ae6803d2ee2144fa7d1","isMergeCommit":true,"messageTitle":"Merge pull request #22 from marioalvaro/master","messageBody":"Edit README file, change Ui mockup, and add student mark to User Guide","fileTypesAndContributionMap":{}}]},{"date":"2023-10-06","commitResults":[{"hash":"660fb8b3704e43a1ddc3fa08f3022de79900f78d","isMergeCommit":true,"messageTitle":"Merge pull request #25 from marioalvaro/branch-Hotfix","messageBody":"Add codecov badge in README.md","fileTypesAndContributionMap":{}}]},{"date":"2023-10-13","commitResults":[{"hash":"5332b14d61f379235f3d1caae44a3ed9f6281166","isMergeCommit":false,"messageTitle":"Update archiveFileName to ModuLight","messageBody":"","fileTypesAndContributionMap":{"other":{"insertions":1,"deletions":1}}}]},{"date":"2023-10-16","commitResults":[{"hash":"775983810ff767da17f03d014292064ec6ccc836","isMergeCommit":false,"messageTitle":"Create new JsonAdaptedStudent class","messageBody":"","fileTypesAndContributionMap":{"functional-code":{"insertions":21,"deletions":0}}},{"hash":"89d8039c01fe29f5e6630dad1fc5bcd090251c48","isMergeCommit":false,"messageTitle":"Update JsonAdaptedStudent class","messageBody":"","fileTypesAndContributionMap":{"functional-code":{"insertions":75,"deletions":7}}},{"hash":"52672520d4b84d5b7df8ea17d031cc7dc47338ea","isMergeCommit":false,"messageTitle":"Create class JsonSerializableStudentBook","messageBody":"","fileTypesAndContributionMap":{"functional-code":{"insertions":59,"deletions":0}}},{"hash":"f6e63cc091f6e641d58834b545d321297cb97a3a","isMergeCommit":false,"messageTitle":"Create interface StudentBookStorage","messageBody":"","fileTypesAndContributionMap":{"functional-code":{"insertions":44,"deletions":0}}},{"hash":"c2caeb6ae4b28083d4a5c05bd6530482fdb2134c","isMergeCommit":false,"messageTitle":"Create class JsonStudentBookStorage","messageBody":"","fileTypesAndContributionMap":{"functional-code":{"insertions":76,"deletions":0}}},{"hash":"8aa360a8feedef00dffe5fc69cb5a1735aaa2567","isMergeCommit":false,"messageTitle":"Update Storage class","messageBody":"","fileTypesAndContributionMap":{"functional-code":{"insertions":8,"deletions":8}}},{"hash":"ee2dca31391f0051231342c585a049828256d91c","isMergeCommit":false,"messageTitle":"Update StorageManager class","messageBody":"","fileTypesAndContributionMap":{"functional-code":{"insertions":11,"deletions":11}}}]},{"date":"2023-10-17","commitResults":[{"hash":"3d03e112ffe8d049f8e96a83aba780952e9807bc","isMergeCommit":false,"messageTitle":"Complete the storage and loading of student data","messageBody":"","fileTypesAndContributionMap":{"functional-code":{"insertions":64,"deletions":21}}},{"hash":"4eb78191a05be4575b4d726c765b96e5a4d043e3","isMergeCommit":true,"messageTitle":"Merge branch \u0027master\u0027 of https://github.com/AY2324S1-CS2103T-W08-2/tp","messageBody":"","fileTypesAndContributionMap":{}},{"hash":"779615fd64410261222e9f250ee5a526dd134e05","isMergeCommit":true,"messageTitle":"Merge branch \u0027master\u0027 into branch-Storage","messageBody":"","fileTypesAndContributionMap":{}},{"hash":"ea8cba24d59135df3e893f740c162288ae8864e8","isMergeCommit":false,"messageTitle":"Debug problems occurring due to Student class","messageBody":"","fileTypesAndContributionMap":{"functional-code":{"insertions":35,"deletions":12}}},{"hash":"b806f42303e836c6023b0158de441a6e6be9d525","isMergeCommit":true,"messageTitle":"Merge branch \u0027master\u0027 of https://github.com/AY2324S1-CS2103T-W08-2/tp","messageBody":"","fileTypesAndContributionMap":{}},{"hash":"97fbc72e7126c60c9bd70454b9d55267db726267","isMergeCommit":true,"messageTitle":"Merge branch \u0027master\u0027 into branch-Storage","messageBody":"","fileTypesAndContributionMap":{}},{"hash":"cfb4902cad712ba8a192e393843c57fb42c69185","isMergeCommit":false,"messageTitle":"Fix checkstyle issues","messageBody":"","fileTypesAndContributionMap":{"functional-code":{"insertions":56,"deletions":39}}},{"hash":"f7fddfc74a628c9e2b01ce5a76bbba9b9145ccfe","isMergeCommit":false,"messageTitle":"Fix more checkstyle issues","messageBody":"","fileTypesAndContributionMap":{"functional-code":{"insertions":1,"deletions":1}}}]},{"date":"2023-10-18","commitResults":[{"hash":"5755f71531cd7bf8b2df0764a52cbb50fbeb8c35","isMergeCommit":false,"messageTitle":"Update MainApp.java","messageBody":"","fileTypesAndContributionMap":{"functional-code":{"insertions":3,"deletions":4}}},{"hash":"b8d099c34a22320a0d4c9171b015ceebe4d6d858","isMergeCommit":false,"messageTitle":"Update SampleStudentScoreDataUtil.java","messageBody":"","fileTypesAndContributionMap":{"functional-code":{"insertions":1,"deletions":1}}},{"hash":"df352d843d3488f2763102d00057343c67e3af73","isMergeCommit":false,"messageTitle":"Fix checkstyle issues","messageBody":"","fileTypesAndContributionMap":{"functional-code":{"insertions":2,"deletions":8}}},{"hash":"ec6fbf2c1d95787361d3c73aabee5bc3a38d1510","isMergeCommit":false,"messageTitle":"Fix some checkstyle issues","messageBody":"","fileTypesAndContributionMap":{"functional-code":{"insertions":10,"deletions":7}}},{"hash":"f63689e9b1a84e149846b727b27c27e66d9a4abe","isMergeCommit":false,"messageTitle":"Fix checkstyle problems","messageBody":"","fileTypesAndContributionMap":{"functional-code":{"insertions":3,"deletions":2}}},{"hash":"fcb511e9cfede7dfb6d8d367949203d50a093e17","isMergeCommit":false,"messageTitle":"Update JsonStudentScoreBookStorage.java","messageBody":"","fileTypesAndContributionMap":{"functional-code":{"insertions":7,"deletions":6}}},{"hash":"daa42b3ab52598c560aa55ab63196d6b63422a1e","isMergeCommit":false,"messageTitle":"Update StudentScoreBookStorage.java","messageBody":"","fileTypesAndContributionMap":{"functional-code":{"insertions":4,"deletions":3}}},{"hash":"0e15948928e18fcfd6e855aa3e33fba308765840","isMergeCommit":false,"messageTitle":"Fix more checkstyle problems","messageBody":"","fileTypesAndContributionMap":{"functional-code":{"insertions":1,"deletions":2}}},{"hash":"f1d00ce037504274e71b774d82c1cc50e0ad57d4","isMergeCommit":true,"messageTitle":"Merge pull request #60 from siqirua/branch-StudentScoreStorage","messageBody":"Implement storage for student score book","fileTypesAndContributionMap":{}},{"hash":"27b304455318951bc6a8a2fde296ffe065e23b6d","isMergeCommit":false,"messageTitle":"Update sample student data","messageBody":"","fileTypesAndContributionMap":{"functional-code":{"insertions":6,"deletions":6}}},{"hash":"66b85688f45669f1c39a04bd3b514886a2be2c5e","isMergeCommit":false,"messageTitle":"Update sample student data","messageBody":"","fileTypesAndContributionMap":{"functional-code":{"insertions":1,"deletions":1}}}]},{"date":"2023-10-19","commitResults":[{"hash":"81aebe0debcb73c33941b6b59343dc5be9ccb871","isMergeCommit":true,"messageTitle":"Merge branch \u0027master\u0027 into branch-Storage","messageBody":"","fileTypesAndContributionMap":{}},{"hash":"df425b91012ed261c4282dcc9eb725fa76c89350","isMergeCommit":false,"messageTitle":"Add JsonAdaptedGradedComponent class","messageBody":"","fileTypesAndContributionMap":{"functional-code":{"insertions":89,"deletions":6}}},{"hash":"7927bf2befbc16b213fef9aeab5f473c79e3282d","isMergeCommit":false,"messageTitle":"Add JsonSerializableGcBook class","messageBody":"","fileTypesAndContributionMap":{"functional-code":{"insertions":48,"deletions":0}}},{"hash":"f02b2d60659afd7a5ab72b643d0a3ee60d2d75c1","isMergeCommit":false,"messageTitle":"Update JsonSerializableGcBook","messageBody":"","fileTypesAndContributionMap":{"functional-code":{"insertions":18,"deletions":3}}},{"hash":"a5d0fb3966353bd5245681f7f4a749ff28e471b8","isMergeCommit":false,"messageTitle":"Add GradedComponentBookStorage class","messageBody":"","fileTypesAndContributionMap":{"functional-code":{"insertions":44,"deletions":0}}},{"hash":"54d1a816af5dde85bc63e03f8b6d2af7bb375d5d","isMergeCommit":false,"messageTitle":"Add JsonGradedComponentBookStorage class","messageBody":"","fileTypesAndContributionMap":{"functional-code":{"insertions":81,"deletions":2}}},{"hash":"cfc99687cc88a235cfce939115ff3376896dd304","isMergeCommit":false,"messageTitle":"Update Storage and StorageManager","messageBody":"","fileTypesAndContributionMap":{"functional-code":{"insertions":44,"deletions":2}}},{"hash":"05a2cd2f19f006d2f1258ca0b0b8db9e0f7425b6","isMergeCommit":false,"messageTitle":"Add sample grading component data","messageBody":"","fileTypesAndContributionMap":{"functional-code":{"insertions":23,"deletions":0}}},{"hash":"981db60381d2229f590d5c564fa38dfdfa909046","isMergeCommit":false,"messageTitle":"Update UserPrefs","messageBody":"","fileTypesAndContributionMap":{"functional-code":{"insertions":5,"deletions":0}}},{"hash":"cb71408188a074fd9af4d42dc960650878c6514f","isMergeCommit":false,"messageTitle":"Update ModelManager and LogicManager","messageBody":"","fileTypesAndContributionMap":{"functional-code":{"insertions":4,"deletions":2}}},{"hash":"6a1ab1dbffc6227f81fe2d7f7768a87bb3346b55","isMergeCommit":false,"messageTitle":"Update MainApp","messageBody":"","fileTypesAndContributionMap":{"functional-code":{"insertions":19,"deletions":5}}},{"hash":"eacf1d3d3fe3a0357228a776749bc96beafe8e40","isMergeCommit":false,"messageTitle":"Improve code style","messageBody":"","fileTypesAndContributionMap":{"functional-code":{"insertions":1,"deletions":1}}}]},{"date":"2023-10-20","commitResults":[{"hash":"607866d939498cabd5c8b5cc89352e36361d7fa7","isMergeCommit":false,"messageTitle":"Fix some bug in JsonAdaptedStudentScore","messageBody":"","fileTypesAndContributionMap":{"functional-code":{"insertions":0,"deletions":14}}}]},{"date":"2023-10-21","commitResults":[{"hash":"d88ecc275c6b8e74da3ca0cd07f04f8ed1158d55","isMergeCommit":true,"messageTitle":"Fix merge conflict","messageBody":"","fileTypesAndContributionMap":{}},{"hash":"5faee8ee26bba0a2639423ed68aa8eefe892f1b0","isMergeCommit":false,"messageTitle":"Fix code style","messageBody":"","fileTypesAndContributionMap":{"functional-code":{"insertions":1,"deletions":1}}},{"hash":"6f2b06d64fb0517c806933bfad7a8eed4688f01c","isMergeCommit":true,"messageTitle":"Merge pull request #63 from seraphimstreets/branch-editCommands","messageBody":"StudentId/GradedComponent/StuentScore edit cohesion and Student-side auto addition","fileTypesAndContributionMap":{}}]},{"date":"2023-10-26","commitResults":[{"hash":"49b7f1bd3c3bf938a0373eaf9924c35c845c4ff2","isMergeCommit":true,"messageTitle":"Merge pull request #78 from feifeiraindrops/add-dg","messageBody":"Update logic and apendix on manual testing in the developer guide","fileTypesAndContributionMap":{}},{"hash":"3abf460a84ec5cb7b74c5dbd568e6e73a313a1df","isMergeCommit":false,"messageTitle":"Update developer guide","messageBody":"","fileTypesAndContributionMap":{"docs":{"insertions":9,"deletions":4}}},{"hash":"858c04973ec4dfb1d1f5f085587d92f561722c69","isMergeCommit":true,"messageTitle":"Merge pull request #82 from seraphimstreets/master","messageBody":"Update UI section and target audience section of developer guide","fileTypesAndContributionMap":{}}]},{"date":"2023-11-01","commitResults":[{"hash":"1c79710be80e5dab6375ad5a4aa431857b7dbbbf","isMergeCommit":true,"messageTitle":"Merge pull request #91 from feifeiraindrops/update-ug","messageBody":"Update UserGuide.md","fileTypesAndContributionMap":{}}]},{"date":"2023-11-03","commitResults":[{"hash":"a3cd2299ee4c054dd73b78f92782504e19af91fd","isMergeCommit":false,"messageTitle":"Update user guide","messageBody":"","fileTypesAndContributionMap":{"docs":{"insertions":22,"deletions":13}}}]}],"marioalvaro":[{"date":"2023-10-03","commitResults":[{"hash":"f8c92a7b00d00c92bc6fa513b0c66968f50ee412","isMergeCommit":false,"messageTitle":"Add Photo to docs and create PPP","messageBody":"","fileTypesAndContributionMap":{"docs":{"insertions":6,"deletions":3}}},{"hash":"93f000322b48381ea106597d660caec9c96b0978","isMergeCommit":true,"messageTitle":"Merge pull request #1 from marioalvaro/branch-Add-Photo-PPP","messageBody":"Add Photo to docs and create PPP","fileTypesAndContributionMap":{}},{"hash":"b5d3421df793a292d2eabf6b27cc6822d2d10951","isMergeCommit":true,"messageTitle":"Merge pull request #15 from SinhaVedant/branch-UpdateDocs","messageBody":"Branch update docs","fileTypesAndContributionMap":{}},{"hash":"c0ca6b27c252131fe24ce87ee702d715b2938ec5","isMergeCommit":true,"messageTitle":"Merge pull request #16 from SinhaVedant/branch-UpdateUG","messageBody":"Update User Guide","fileTypesAndContributionMap":{}},{"hash":"975f42a5b713a78e78cccb929c7dd83a7217a775","isMergeCommit":false,"messageTitle":"Repair marioalvaro.md files and correct styles","messageBody":"","fileTypesAndContributionMap":{"docs":{"insertions":33,"deletions":12}}},{"hash":"050782c207c25eba42fb723a5abc2723e45ab8aa","isMergeCommit":true,"messageTitle":"Merge pull request #2 from marioalvaro/branch-Repair-checks","messageBody":"Repair marioalvaro.md files and correct styles","fileTypesAndContributionMap":{}}]},{"date":"2023-10-04","commitResults":[{"hash":"097ac0337f17d1e59c5511c8f6aa5f3356c45ec9","isMergeCommit":false,"messageTitle":"Edit README.md according to the requirements","messageBody":"","fileTypesAndContributionMap":{"docs":{"insertions":12,"deletions":12}}},{"hash":"ac29ea2d154cdb7ef46c944a3145b57b14851ba3","isMergeCommit":true,"messageTitle":"Merge pull request #3 from marioalvaro/branch-Edit-Readme","messageBody":"Edit README.md according to the requirements","fileTypesAndContributionMap":{}}]},{"date":"2023-10-05","commitResults":[{"hash":"5bb967d7f816a7cf9f9f88bac772d77232eb5fe4","isMergeCommit":false,"messageTitle":"Edit User Guide for student mark, including add, edit, delete","messageBody":"","fileTypesAndContributionMap":{"docs":{"insertions":39,"deletions":9}}},{"hash":"7382f935f2469e22ff3040d9438f45b42c13f9bd","isMergeCommit":true,"messageTitle":"Merge pull request #4 from marioalvaro/branch-Edit-UG","messageBody":"Edit User Guide for student mark, including add, edit, delete","fileTypesAndContributionMap":{}},{"hash":"ee3fed31e78144e19759c2b663907e0a235dba36","isMergeCommit":false,"messageTitle":"Add codecov badge in README.md","messageBody":"","fileTypesAndContributionMap":{"docs":{"insertions":1,"deletions":0}}}]},{"date":"2023-10-13","commitResults":[{"hash":"c886f2569afee57e2434c4106342ac5d288eb62f","isMergeCommit":true,"messageTitle":"Merge pull request #44 from seraphimstreets/branch-associatedScoreList","messageBody":"Restructure Model and FXML to facilitate project.","fileTypesAndContributionMap":{}},{"hash":"a78eaba2f128f51aacec52f0f95d6fe1305bf8d1","isMergeCommit":false,"messageTitle":"Change name from StudentMark to StudentScore","messageBody":"","fileTypesAndContributionMap":{"functional-code":{"insertions":5,"deletions":5},"docs":{"insertions":32,"deletions":32}}},{"hash":"cb2276a190e6ec1590e92dc762e64fa764fb5078","isMergeCommit":true,"messageTitle":"Merge pull request #5 from marioalvaro/branch-Rename-StudentMark-to-StudentScore","messageBody":"Change name from StudentMark to StudentScore","fileTypesAndContributionMap":{}},{"hash":"d7c9768c3eee1ae97427c76691a7c57216f27d98","isMergeCommit":false,"messageTitle":"Add initial building blocks for Student Score","messageBody":"","fileTypesAndContributionMap":{"functional-code":{"insertions":91,"deletions":0}}},{"hash":"9ac1421f9372305ecd18c8ac8ce758edba40f025","isMergeCommit":false,"messageTitle":"Fix Checkstyle","messageBody":"","fileTypesAndContributionMap":{"functional-code":{"insertions":18,"deletions":2}}},{"hash":"48157dd90088c5a5512d01a330775014545e508f","isMergeCommit":true,"messageTitle":"Merge pull request #46 from siqirua/branch-DG","messageBody":"Modify one NFR slightly","fileTypesAndContributionMap":{}}]},{"date":"2023-10-15","commitResults":[{"hash":"af2a273c6865820d1c529fd325f6e8e96d8fd83e","isMergeCommit":true,"messageTitle":"Merge pull request #50 from siqirua/branch-FindCommand","messageBody":"Implement FindByStudentIdCommand","fileTypesAndContributionMap":{}},{"hash":"613cfd28569655bbe1311a86715ecaf1214653c7","isMergeCommit":false,"messageTitle":"Partially complete AddStudentScoreCommand and its related code","messageBody":"","fileTypesAndContributionMap":{"functional-code":{"insertions":76,"deletions":9}}},{"hash":"ac315e739bf04365671e783f0c29b121efb135d7","isMergeCommit":false,"messageTitle":"CheckStyle","messageBody":"","fileTypesAndContributionMap":{"functional-code":{"insertions":18,"deletions":10}}},{"hash":"288b3588ea9271892e0d724de4d425534b12b3d3","isMergeCommit":true,"messageTitle":"Merge pull request #6 from marioalvaro/Add-AddStudentScoreCommand","messageBody":"Add add student score command","fileTypesAndContributionMap":{}}]},{"date":"2023-10-16","commitResults":[{"hash":"5d69e2afd4bea4b62d4ecb5fc5ae21db413ecae0","isMergeCommit":false,"messageTitle":"Add EditStudentScoreCommand Feature","messageBody":"","fileTypesAndContributionMap":{"functional-code":{"insertions":295,"deletions":1}}},{"hash":"edabafe10c48fb1b5cc3962820728c4818f4814f","isMergeCommit":true,"messageTitle":"Merge pull request #7 from marioalvaro/Add-EditStudentScoreCommand","messageBody":"Add EditStudentScoreCommand Feature","fileTypesAndContributionMap":{}},{"hash":"86bb5181d03a643fcbf2631387958b382bf7aebb","isMergeCommit":false,"messageTitle":"Add DeleteStudentScoreCommand Feature","messageBody":"","fileTypesAndContributionMap":{"functional-code":{"insertions":106,"deletions":3}}},{"hash":"606c9d20722f4451660c8126723cea09ca0ce73f","isMergeCommit":true,"messageTitle":"Merge branch \u0027master\u0027 into Add-DeleteStudentScoreCommand","messageBody":"","fileTypesAndContributionMap":{}},{"hash":"4dd7d4e4a8aec088fc106dc0021563e45504d921","isMergeCommit":false,"messageTitle":"fix check style","messageBody":"","fileTypesAndContributionMap":{"functional-code":{"insertions":1,"deletions":1}}},{"hash":"b170a2b17158c8ae2179093cfb6579c174c70e2f","isMergeCommit":true,"messageTitle":"Merge pull request #55 from siqirua/branch-Debug","messageBody":"Fix some minor bugs","fileTypesAndContributionMap":{}}]},{"date":"2023-10-18","commitResults":[{"hash":"adb0f35a0182f4040498de8812d0169a1d307941","isMergeCommit":true,"messageTitle":"Merge pull request #59 from siqirua/branch-ListCommand","messageBody":"Implement listStu and extend the functionality of find Command","fileTypesAndContributionMap":{}}]},{"date":"2023-10-26","commitResults":[{"hash":"d43658d04cd0d82991612654a454204113647795","isMergeCommit":true,"messageTitle":"Merge pull request #81 from siqirua/branch-DG","messageBody":"Include one more use case","fileTypesAndContributionMap":{}}]},{"date":"2023-10-27","commitResults":[{"hash":"49cd0d8b4ac75079a073703555d0ee8d2c9f2deb","isMergeCommit":false,"messageTitle":"Add proposed implementation of Auto-grading in DeveloperGuide.md","messageBody":"","fileTypesAndContributionMap":{"docs":{"insertions":91,"deletions":3}}},{"hash":"867192a112aa481394846ee198cb9c2cb35e6c82","isMergeCommit":true,"messageTitle":"Merge branch \u0027master\u0027 into branch-edit-DG","messageBody":"","fileTypesAndContributionMap":{}},{"hash":"44573c90cae12b4e9529528b7bdb90f510b0894e","isMergeCommit":true,"messageTitle":"Merge pull request #83 from seraphimstreets/master","messageBody":"Enable assertions for Gradle","fileTypesAndContributionMap":{}}]},{"date":"2023-10-31","commitResults":[{"hash":"3d2054774087b0825dfd81087c0316a293abfdb6","isMergeCommit":false,"messageTitle":"Implement AutoGradeCommand for user to automatically grade based on passing grade","messageBody":"","fileTypesAndContributionMap":{"functional-code":{"insertions":405,"deletions":6}}},{"hash":"999e60d094b294e93b9530cc01068a8e8c92f1b6","isMergeCommit":false,"messageTitle":"Fix MESSAGE_USAGE in SortStudentCommand","messageBody":"","fileTypesAndContributionMap":{"functional-code":{"insertions":2,"deletions":1}}}]}]},"authorFileTypeContributionMap":{"feifeiraindrops":{"docs":182,"functional-code":1362,"test-code":0},"siqirua":{"docs":139,"functional-code":1694,"test-code":0},"seraphimstreets":{"docs":65,"functional-code":3263,"test-code":5,"other":2},"SinhaVedant":{"docs":68,"functional-code":749,"test-code":0,"other":1},"marioalvaro":{"docs":159,"functional-code":877,"test-code":0}},"authorContributionVariance":{"feifeiraindrops":19211.64,"siqirua":14729.968,"seraphimstreets":1845350.9,"SinhaVedant":6796.1953,"marioalvaro":8302.558},"authorDisplayNameMap":{"feifeiraindrops":"CS2103T-W08-2 SUN ..UFEI","siqirua":"CS2103T-W08-2 LI S..SIQI","seraphimstreets":"CS2103T-W08-2 EDIS..IONG","SinhaVedant":"CS2103T-W08-2 SINH..DANT","marioalvaro":"CS2103T-W08-2 MARI..VARO"}}
