{"authorDailyContributionsMap":{"lsyurea":[{"date":"2023-09-24","commitResults":[{"hash":"668e1426767d6c1db540c557c038b821b9bba7ab","isMergeCommit":true,"messageTitle":"Merge branch \u0027AY2324S1-CS2103T-T12-1:master\u0027 into master","messageBody":"","fileTypesAndContributionMap":{}}]},{"date":"2023-10-03","commitResults":[{"hash":"fb1050ac95caeadad05d45c0e3c5fef7007bbdc8","isMergeCommit":false,"messageTitle":"Update DeveloperGuide.md","messageBody":"Added the glossary and non-functional requirements.\n","fileTypesAndContributionMap":{"docs":{"insertions":7,"deletions":0}}}]},{"date":"2023-10-04","commitResults":[{"hash":"c756cd358587954edf87a33ab10be85a2daf8398","isMergeCommit":true,"messageTitle":"Merge pull request #35 from et-irl/fix-PPP-naming","messageBody":"Fix PPP names","fileTypesAndContributionMap":{}}]},{"date":"2023-10-05","commitResults":[{"hash":"4abdfd14a6f26f218b798852babbd72bdd9bcd64","isMergeCommit":true,"messageTitle":"Merge pull request #38 from Vanessamae23/update-user-guide","messageBody":"Update and remove ab3 in the user guide","fileTypesAndContributionMap":{}}]}],"et-irl":[{"date":"2023-10-03","commitResults":[{"hash":"0828e7de8117b7e66dcfcf3f0e74575128f53134","isMergeCommit":false,"messageTitle":"Add a skeletal PPP","messageBody":"","fileTypesAndContributionMap":{"docs":{"insertions":28,"deletions":1}}},{"hash":"6abe975131649232e04111ac86a544a8e27120dc","isMergeCommit":false,"messageTitle":"Add use cases to the developer guide","messageBody":"","fileTypesAndContributionMap":{"docs":{"insertions":54,"deletions":1}}},{"hash":"751cf06e943d2bebcd976b29a929929b3f40e8c9","isMergeCommit":true,"messageTitle":"Merge pull request #27 from Vanessamae23/update-user-guide","messageBody":"Update user guide","fileTypesAndContributionMap":{}},{"hash":"d0b7df39205a1ab75c5b2b113ca963c49ebb16eb","isMergeCommit":true,"messageTitle":"Merge pull request #32 from proto-aiken-13/branch-a-ReadMeUi","messageBody":"Update the Ui.png","fileTypesAndContributionMap":{}}]},{"date":"2023-10-04","commitResults":[{"hash":"8604597b2f8e2639db283e773cfb4f441a616f3e","isMergeCommit":true,"messageTitle":"Merge pull request #33 from lsyurea/developer-guide-patch","messageBody":"Update DeveloperGuide.md","fileTypesAndContributionMap":{}},{"hash":"2c878c195e70fe875ab9ae892c496ed5bf98cd98","isMergeCommit":true,"messageTitle":"Merge pull request #31 from Vanessamae23/add-vanessa-pic","messageBody":"Add picture and update markdown","fileTypesAndContributionMap":{}},{"hash":"211d9ec0d3ae21a0518db59ff9bbb9732227f34d","isMergeCommit":false,"messageTitle":"Fix PPP names","messageBody":"","fileTypesAndContributionMap":{"docs":{"insertions":0,"deletions":0}}}]},{"date":"2023-10-05","commitResults":[{"hash":"a6a0a68eec6005c337be38f95e2014acf2fd922c","isMergeCommit":false,"messageTitle":"Point CI banners to own project","messageBody":"","fileTypesAndContributionMap":{"docs":{"insertions":1,"deletions":1}}},{"hash":"cfd001499aa4bbb23ec09ce7c620901eea37ac2d","isMergeCommit":false,"messageTitle":"Remove traces of AB3 in README","messageBody":"","fileTypesAndContributionMap":{"docs":{"insertions":4,"deletions":10}}},{"hash":"61c1da02288c229e1eb446b652e91debea744916","isMergeCommit":false,"messageTitle":"Update AboutUs.md","messageBody":"","fileTypesAndContributionMap":{"docs":{"insertions":26,"deletions":28}}}]},{"date":"2023-10-06","commitResults":[{"hash":"120c2c7c9688d5396cb7278cd1e258b91bbe15e9","isMergeCommit":true,"messageTitle":"Merge branch \u0027master\u0027 into branch-a-miguelppp","messageBody":"","fileTypesAndContributionMap":{}},{"hash":"9cc7cdd47be48b36988da31cc29ebf16ab09242d","isMergeCommit":true,"messageTitle":"Merge pull request #36 from proto-aiken-13/branch-a-miguelppp","messageBody":"Update miguel.md","fileTypesAndContributionMap":{}}]}],"proto-aiken-13":[{"date":"2023-09-24","commitResults":[{"hash":"4be16879f5e2788f50fa7d76d4416d34d6235aa4","isMergeCommit":false,"messageTitle":"Add particulars to miguel.md","messageBody":"In every software engineering project, it is paramount to include\ndeveloper details.\n\nLet\u0027s add my details and my contributions thus far!\n","fileTypesAndContributionMap":{"docs":{"insertions":14,"deletions":46}}}]},{"date":"2023-10-04","commitResults":[{"hash":"ea4078d126e04b19026d704f20b6468d9ca3368f","isMergeCommit":false,"messageTitle":"Update miguel.md","messageBody":"We need to keep track of all our contributions (on our end) to the tP.\n\nLet\u0027s add some headers to categorize our contributions! Added headers\nto miguel.md file.\n","fileTypesAndContributionMap":{"docs":{"insertions":15,"deletions":1}}}]},{"date":"2023-10-05","commitResults":[{"hash":"a0ba70ec4a92a24684c72a843ecf75081dedfd7d","isMergeCommit":false,"messageTitle":"Update proto-aiken-13","messageBody":"It is paramount to keep track of what contributions I made the tP.\n\nLet\u0027s update my (proto-aiken-13) PPP page!\n","fileTypesAndContributionMap":{"docs":{"insertions":29,"deletions":0}}}]},{"date":"2023-10-06","commitResults":[{"hash":"cfb3ac573f435b551919b89984bb3b1893c84480","isMergeCommit":false,"messageTitle":"Delete miguel.md","messageBody":"Deleted miguel.md, the misnamed file.\n","fileTypesAndContributionMap":{"docs":{"insertions":0,"deletions":28}}}]}],"Choonyan02":[{"date":"2023-10-03","commitResults":[{"hash":"a7e82d09625bf78e80bf18635fbbab37ab85149d","isMergeCommit":false,"messageTitle":"Update DeveloperGuide.md and team images","messageBody":"Updated target user profile, value proposition, and user stories.\n","fileTypesAndContributionMap":{"docs":{"insertions":15,"deletions":10}}}]},{"date":"2023-10-05","commitResults":[{"hash":"f695ab90379c26342f0de2503ae952816f721e2a","isMergeCommit":false,"messageTitle":"Update DeveloperGuide.md","messageBody":"Updated the priority of some user stories.\n","fileTypesAndContributionMap":{"docs":{"insertions":2,"deletions":2}}},{"hash":"7628f8e95074e6226495dd1b244196b5382c7ca3","isMergeCommit":true,"messageTitle":"Merge pull request #37 from Choonyan02/v1.1-pr","messageBody":"Update DeveloperGuide.md","fileTypesAndContributionMap":{}}]}],"Vanessamae23":[{"date":"2023-10-03","commitResults":[{"hash":"914a1cdfeac47ccdacfafcfc1952438405caa819","isMergeCommit":false,"messageTitle":"Update user guide","messageBody":"","fileTypesAndContributionMap":{"docs":{"insertions":57,"deletions":11}}},{"hash":"0369c6e6249d55b39155de5f8adef0e4de22ea2c","isMergeCommit":true,"messageTitle":"Merge pull request #28 from Choonyan02/master","messageBody":"Update DeveloperGuide.md and team images","fileTypesAndContributionMap":{}},{"hash":"2357c3ff18e6a67df14c95a4232c44e61ef44b80","isMergeCommit":true,"messageTitle":"Merge pull request #29 from et-irl/master","messageBody":"Week 7 Tasks","fileTypesAndContributionMap":{}},{"hash":"416502844e3323f025ae9d42b1dd593f1b556f81","isMergeCommit":false,"messageTitle":"Add picture","messageBody":"","fileTypesAndContributionMap":{"docs":{"insertions":27,"deletions":0}}},{"hash":"97537ed091367af03a0299120d3b60fc18448179","isMergeCommit":false,"messageTitle":"Fix trailing whitespace","messageBody":"","fileTypesAndContributionMap":{"docs":{"insertions":1,"deletions":1}}}]},{"date":"2023-10-05","commitResults":[{"hash":"e3cc668c0ab6624ce40ea9f58ef153500afd2a6b","isMergeCommit":false,"messageTitle":"Update and remove ab3","messageBody":"","fileTypesAndContributionMap":{"docs":{"insertions":15,"deletions":83}}},{"hash":"a6750b42e9da38d45bbb94c56ed9b84b07acb540","isMergeCommit":true,"messageTitle":"Merge pull request #44 from et-irl/v1.1-cleanup","messageBody":"V1.1 cleanup","fileTypesAndContributionMap":{}}]}]},"authorFileTypeContributionMap":{"lsyurea":{"docs":7,"functional-code":0,"test-code":0},"et-irl":{"docs":113,"functional-code":0,"test-code":0},"proto-aiken-13":{"docs":29,"functional-code":0,"test-code":0},"Choonyan02":{"docs":13,"functional-code":0,"test-code":0},"Vanessamae23":{"docs":82,"functional-code":0,"test-code":0}},"authorContributionVariance":{"lsyurea":3.0488887,"et-irl":691.66223,"proto-aiken-13":286.78214,"Choonyan02":38.99556,"Vanessamae23":1098.5333},"authorDisplayNameMap":{"lsyurea":"CS2103T-T12-1 LEE ..YUAN","et-irl":"CS2103T-T12-1 TAN ..LUNA","proto-aiken-13":"CS2103T-T12-1 JOSE..CENA","Choonyan02":"CS2103T-T12-1 NAH .. YAN","Vanessamae23":"CS2103T-T12-1 VANE.. MAE"}}
