{"authorDailyContributionsMap":{"lsyurea":[{"date":"2023-09-24","commitResults":[{"hash":"668e1426767d6c1db540c557c038b821b9bba7ab","isMergeCommit":true,"messageTitle":"Merge branch \u0027AY2324S1-CS2103T-T12-1:master\u0027 into master","messageBody":"","fileTypesAndContributionMap":{}}]},{"date":"2023-10-03","commitResults":[{"hash":"fb1050ac95caeadad05d45c0e3c5fef7007bbdc8","isMergeCommit":false,"messageTitle":"Update DeveloperGuide.md","messageBody":"Added the glossary and non-functional requirements.\n","fileTypesAndContributionMap":{"docs":{"insertions":7,"deletions":0}}}]},{"date":"2023-10-04","commitResults":[{"hash":"c756cd358587954edf87a33ab10be85a2daf8398","isMergeCommit":true,"messageTitle":"Merge pull request #35 from et-irl/fix-PPP-naming","messageBody":"Fix PPP names","fileTypesAndContributionMap":{}}]},{"date":"2023-10-05","commitResults":[{"hash":"4abdfd14a6f26f218b798852babbd72bdd9bcd64","isMergeCommit":true,"messageTitle":"Merge pull request #38 from Vanessamae23/update-user-guide","messageBody":"Update and remove ab3 in the user guide","fileTypesAndContributionMap":{}}]},{"date":"2023-10-15","commitResults":[{"hash":"940c40117831d3bfa093eba76af5502b51df504e","isMergeCommit":false,"messageTitle":"Create CommentTest.java","messageBody":"Created testing for Comment.\n","fileTypesAndContributionMap":{"test-code":{"insertions":58,"deletions":0}}},{"hash":"33691e147865fa8dfde8b0d4d468ad74a973f998","isMergeCommit":false,"messageTitle":"Update AttendanceTest.java","messageBody":"Added testing for different types and hashcode.\n","fileTypesAndContributionMap":{"test-code":{"insertions":11,"deletions":0}}},{"hash":"eb0797551d3b088e035ecdf96b058be9cabd38d9","isMergeCommit":false,"messageTitle":"Update EmailTest.java","messageBody":"Added testing for hashcode.\n","fileTypesAndContributionMap":{"test-code":{"insertions":6,"deletions":0}}},{"hash":"5a62234b57c7a4e9edbc3947ef4121f41dc0e954","isMergeCommit":false,"messageTitle":"Update NameTest.java","messageBody":"Added testing for hashcode.\n","fileTypesAndContributionMap":{"test-code":{"insertions":6,"deletions":0}}},{"hash":"625412a2fc23103ed3d7b8bc4da7e91b335a8f0d","isMergeCommit":false,"messageTitle":"Update PersonTest.java","messageBody":"Added testing for hashcode, get attendance, getcomments, gettags, getname, getphone, getemail, getweekspresent and gettotalweeks.\n","fileTypesAndContributionMap":{"test-code":{"insertions":59,"deletions":0}}},{"hash":"7ed47f5c7280b6a4f9222276ce16231636ab5d50","isMergeCommit":false,"messageTitle":"Update PhoneTest.java","messageBody":"Added testing for hashcode and tostring.\n","fileTypesAndContributionMap":{"test-code":{"insertions":12,"deletions":0}}},{"hash":"270cd6881c9f96d7f21c961f587cb161e1409e4e","isMergeCommit":false,"messageTitle":"Update UniquePersonListTest.java","messageBody":"Added testing for hashcode, equals method and iteratormethod.\n","fileTypesAndContributionMap":{"test-code":{"insertions":20,"deletions":0}}},{"hash":"5788b4720b83819e016ae171f0936a28c60c3096","isMergeCommit":false,"messageTitle":"Update TagTest.java","messageBody":"Added testing for equal method.\n","fileTypesAndContributionMap":{"test-code":{"insertions":24,"deletions":1}}},{"hash":"f7509362cb2fd1de74c9b6a276b7f93e195cb0ae","isMergeCommit":false,"messageTitle":"Update AddressBookTest.java","messageBody":"Do testing for SampleData.\n","fileTypesAndContributionMap":{"test-code":{"insertions":25,"deletions":0}}},{"hash":"4cca2815d8dcf7eb6b06b85c2b2ad330db149f9a","isMergeCommit":false,"messageTitle":"Update UserPrefsTest.java","messageBody":"Do testing for equals and hashcode.\n","fileTypesAndContributionMap":{"test-code":{"insertions":17,"deletions":0}}},{"hash":"285076bd0027425e155abdd3bc780e64d060f9ec","isMergeCommit":false,"messageTitle":"Create SampleDataUtilTest.java","messageBody":"Do testing for sampledata.\n","fileTypesAndContributionMap":{"test-code":{"insertions":32,"deletions":0}}},{"hash":"ecb1a53c5524d04da86d4382370ad56b33e0fe76","isMergeCommit":false,"messageTitle":"Update CommentTest.java","messageBody":"Conform to checkstyle spacing.\n","fileTypesAndContributionMap":{"test-code":{"insertions":5,"deletions":3}}},{"hash":"cea78e4537f6eb77ac377595c2d6747387eb15fc","isMergeCommit":false,"messageTitle":"Update TagTest.java","messageBody":"Conform to checkstyle spacing.\n","fileTypesAndContributionMap":{"test-code":{"insertions":1,"deletions":0}}},{"hash":"c35bea4c71b131baaf65a8ef119e636deefd2475","isMergeCommit":false,"messageTitle":"Update SampleDataUtilTest.java","messageBody":"Conform to checkstyle import order and spacing.\n","fileTypesAndContributionMap":{"test-code":{"insertions":5,"deletions":4}}},{"hash":"1c80d6d069009b5389c0126078f3bbe7a9537753","isMergeCommit":true,"messageTitle":"Merge pull request #65 from lsyurea/testing-branch2","messageBody":"Update Test Coverage","fileTypesAndContributionMap":{}},{"hash":"aa7840f877667473aba5e5398c7e80c20455b720","isMergeCommit":false,"messageTitle":"Update AttendanceTest.java","messageBody":"Created test cases for modeltype and constructors.\n","fileTypesAndContributionMap":{"test-code":{"insertions":1,"deletions":1}}},{"hash":"c37d47c4d6118bd4ef4e9ba0404e0fc39555dca3","isMergeCommit":false,"messageTitle":"Update EmailTest.java","messageBody":"Refactor testing methods.\n","fileTypesAndContributionMap":{"test-code":{"insertions":1,"deletions":1}}},{"hash":"b49af319171f2a1a60261482599e8829b7a866ac","isMergeCommit":false,"messageTitle":"Update PersonTest.java","messageBody":"Refactor testing method naming convention.\n","fileTypesAndContributionMap":{"test-code":{"insertions":10,"deletions":10}}},{"hash":"75e04e6af3ba3b7d4e6130d90efebab2eb9b3cd5","isMergeCommit":false,"messageTitle":"Update UniquePersonListTest.java","messageBody":"Refactor testing method naming convention.\n","fileTypesAndContributionMap":{"test-code":{"insertions":3,"deletions":3}}},{"hash":"5676eefa446f5af93d188a3659da8814a55c871b","isMergeCommit":false,"messageTitle":"Create JsonAdaptedCommentTest.java","messageBody":"Created test cases for JsonAdaptedComment for constructor, modeltype.\n","fileTypesAndContributionMap":{"test-code":{"insertions":48,"deletions":0}}},{"hash":"072c65d0c2e96dac16287e31ce06c1cc25b9c291","isMergeCommit":false,"messageTitle":"Update AppParametersTest.java","messageBody":"Added testing for initialisation of main class.\n","fileTypesAndContributionMap":{"test-code":{"insertions":10,"deletions":4}}},{"hash":"32071ad430a5e837c4d69e36d93a5533a859e6fb","isMergeCommit":false,"messageTitle":"Create MainAppTest.java","messageBody":"Added testing for initialisaiton of main application class.\n","fileTypesAndContributionMap":{"test-code":{"insertions":11,"deletions":0}}},{"hash":"bdaf90e552e40b3106d8eebd7cff05dd31cd75d2","isMergeCommit":false,"messageTitle":"Create MainTest.java","messageBody":"Added testing for main.class.\n","fileTypesAndContributionMap":{"test-code":{"insertions":11,"deletions":0}}},{"hash":"07d9bee5e8b5fb3151b9542b813f2ce6282ebae0","isMergeCommit":false,"messageTitle":"Update checkstyle","messageBody":"Updated the checkstyles for the method names.\n","fileTypesAndContributionMap":{"test-code":{"insertions":28,"deletions":26}}},{"hash":"81f9fbc43f2064f5f7b38d80e7bf8477fe383efa","isMergeCommit":false,"messageTitle":"Update DarkTheme.css","messageBody":"Changed background color and annotated key components.\n","fileTypesAndContributionMap":{"functional-code":{"insertions":20,"deletions":17}}}]},{"date":"2023-10-20","commitResults":[{"hash":"b54091fe88d54b8fd2379bfac4f9a8682860d606","isMergeCommit":true,"messageTitle":"Merge pull request #68 from proto-aiken-13/branch-Ui-v1.2b","messageBody":"Amend the UI fxml and css files to create a more complete UI.","fileTypesAndContributionMap":{}}]},{"date":"2023-10-22","commitResults":[{"hash":"2a3bb778e9840d52cfdf83844eea4029a597c7c0","isMergeCommit":true,"messageTitle":"Merge pull request #70 from Vanessamae23/add-telegram-link","messageBody":"Added telegram link.","fileTypesAndContributionMap":{}}]},{"date":"2023-10-23","commitResults":[{"hash":"c97506efa52f5961da75bbd5e9226a85377ad136","isMergeCommit":false,"messageTitle":"Update PersonBuilder.java","messageBody":"Use of optionals to make commands optional.\n","fileTypesAndContributionMap":{"test-code":{"insertions":6,"deletions":1}}},{"hash":"f76cd1205c93ebede762ed27cf142259f9fd05fc","isMergeCommit":false,"messageTitle":"Update AddCommandParserTest.java","messageBody":"Remove unnecessary optional prefix checks.\n","fileTypesAndContributionMap":{"test-code":{"insertions":0,"deletions":12}}},{"hash":"ab3158cf27f5d7d899d940ddc2f49b521437e9e8","isMergeCommit":false,"messageTitle":"Update JsonAdaptedPerson.java","messageBody":"Updated constructor to take in optional model fields.\n","fileTypesAndContributionMap":{"functional-code":{"insertions":4,"deletions":2}}},{"hash":"3e6ffa5b25a19176c168c6eb8cd4c0e3a1848e14","isMergeCommit":false,"messageTitle":"Update SampleDataUtil.java","messageBody":"Updated sample data to follow the current structure of using optionals.\n","fileTypesAndContributionMap":{"functional-code":{"insertions":32,"deletions":23}}},{"hash":"97edbf9f53d55ac554a28bfbc148cdbf30fc273e","isMergeCommit":false,"messageTitle":"Update TelegramHandle.java","messageBody":"Added default telegram handle.\n","fileTypesAndContributionMap":{"functional-code":{"insertions":2,"deletions":0}}},{"hash":"27621128e50c6639536f553384c05c9060e9fa4d","isMergeCommit":false,"messageTitle":"Update Phone.java","messageBody":"Added default phone field.\n","fileTypesAndContributionMap":{"functional-code":{"insertions":2,"deletions":1}}},{"hash":"c11f538bc0fdef159f3c644875906921a6d590ac","isMergeCommit":false,"messageTitle":"Update Person.java","messageBody":"Updated optional fields to use optional.\n","fileTypesAndContributionMap":{"functional-code":{"insertions":37,"deletions":15}}},{"hash":"d9afc5285191c21e23789b334056a9747dd86c91","isMergeCommit":false,"messageTitle":"Update Email.java","messageBody":"Updated default email domain\n","fileTypesAndContributionMap":{"functional-code":{"insertions":3,"deletions":0}}},{"hash":"85a86b0a9377a4243e57534363a28eb5a9d62d24","isMergeCommit":false,"messageTitle":"Update AddCommandParser.java","messageBody":"Fill in the optional fields with default fields.\n","fileTypesAndContributionMap":{"functional-code":{"insertions":18,"deletions":5}}},{"hash":"b6943d3e9fa37d17b69d9047ab467048889c3da7","isMergeCommit":false,"messageTitle":"Update UnmarkAttendanceCommand.java","messageBody":"Use of optionals in the fields.\n","fileTypesAndContributionMap":{"functional-code":{"insertions":5,"deletions":2}}},{"hash":"c35ce1d8d724655f996634ee72e07982f23ed8b5","isMergeCommit":false,"messageTitle":"Update MarkAttendanceCommand.java","messageBody":"Use of optionals in the optional fields.\n","fileTypesAndContributionMap":{"functional-code":{"insertions":4,"deletions":2}}},{"hash":"2ff91bd764440b39fc55daf4213ce83508805514","isMergeCommit":false,"messageTitle":"Update EditCommand.java","messageBody":"Use of optionals in the fields of Person.\n","fileTypesAndContributionMap":{"functional-code":{"insertions":5,"deletions":2}}},{"hash":"5b491b690243ba980a78f6f8157d424a1b19cc7b","isMergeCommit":false,"messageTitle":"Update AssignmentCommand.java","messageBody":"Use of optionals in the fields.\n","fileTypesAndContributionMap":{"functional-code":{"insertions":5,"deletions":2}}},{"hash":"c70d5163ce53547abc03447cc50dd2ae0ab99ec1","isMergeCommit":false,"messageTitle":"Update AddCommand.java","messageBody":"Updated message_usage to give example of which fields to fill.\n","fileTypesAndContributionMap":{"functional-code":{"insertions":7,"deletions":3}}},{"hash":"27291e0fddfa1a0a90c0bb205624231751091dca","isMergeCommit":false,"messageTitle":"Update lsyurea.md","messageBody":"Updated my contribution page.\n","fileTypesAndContributionMap":{"docs":{"insertions":52,"deletions":3}}},{"hash":"00c4d8991f567d1fac9e3babd66a2f484b5a7000","isMergeCommit":false,"messageTitle":"Update checkstyles","messageBody":"Updated checkstyles to pass CLI checks.\n","fileTypesAndContributionMap":{"docs":{"insertions":14,"deletions":14}}},{"hash":"6007a300e61f787a0339bc2c89c5b1985dfb1317","isMergeCommit":false,"messageTitle":"Update lsyurea.md","messageBody":"Included contributions.\n","fileTypesAndContributionMap":{"docs":{"insertions":1,"deletions":1}}},{"hash":"5a11284f04069b27b2b94cbebe41205551026412","isMergeCommit":false,"messageTitle":"Update AddCommand.java","messageBody":"Added [] to show optionality.\n","fileTypesAndContributionMap":{"functional-code":{"insertions":4,"deletions":3}}},{"hash":"ddcfe84f70319d64d4215afcdbe0fc783aebcda3","isMergeCommit":false,"messageTitle":"Update Person.java","messageBody":"Returns 0 instead of -1.\n","fileTypesAndContributionMap":{"functional-code":{"insertions":1,"deletions":1}}}]},{"date":"2023-10-24","commitResults":[{"hash":"a38525c8e9f95822c01e6d80df37cc523475ed17","isMergeCommit":true,"messageTitle":"Merge pull request #76 from et-irl/telegram-linux","messageBody":"Fix crashing bug in Linux.","fileTypesAndContributionMap":{}},{"hash":"8b5a5042dceddfb4cd84bfaea713882278df2640","isMergeCommit":false,"messageTitle":"Update HelpWindow.java","messageBody":"Changed the link to our user guide instead.\n","fileTypesAndContributionMap":{"functional-code":{"insertions":1,"deletions":1}}},{"hash":"9e36c06b792d3044efa3d07c669a51878626f817","isMergeCommit":false,"messageTitle":"Update Message Usage","messageBody":"Updated the commands of message usage and show it when help is called.\n","fileTypesAndContributionMap":{"functional-code":{"insertions":19,"deletions":5}}},{"hash":"54048d03ab2cb2d2dda7dbf4705463bc2bc17fae","isMergeCommit":false,"messageTitle":"Update lsyurea.md","messageBody":"Updated my code contribution.\n","fileTypesAndContributionMap":{"docs":{"insertions":2,"deletions":17}}},{"hash":"9abc03fd9901dcd08d2a82b7c5f95da4437a598a","isMergeCommit":false,"messageTitle":"Update HelpCommand.java","messageBody":"Adhered to checkstyles.\n","fileTypesAndContributionMap":{"functional-code":{"insertions":12,"deletions":12}}},{"hash":"24f68950a290265b6be432f08b45a0d17e29b808","isMergeCommit":false,"messageTitle":"Update help documentation","messageBody":"Switched the messages to appear in the UI.\n","fileTypesAndContributionMap":{"functional-code":{"insertions":17,"deletions":15}}},{"hash":"70545a3214217ac369ebd566920840e9fd47b6be","isMergeCommit":false,"messageTitle":"Update HelpWindow.java","messageBody":"Updated import to adhere to checkstyles.\n","fileTypesAndContributionMap":{"functional-code":{"insertions":11,"deletions":1}}},{"hash":"101e165662a886d2a6325ea402a6d5b343618719","isMergeCommit":true,"messageTitle":"Merge pull request #81 from et-irl/tag-colours","messageBody":"Add tag colours and distinguish the different types of information.","fileTypesAndContributionMap":{}},{"hash":"b5c961c6a982a39cc85ac4178700b5f9e838da65","isMergeCommit":true,"messageTitle":"Merge pull request #83 from et-irl/bug-memory-persistence","messageBody":"Fixed bug where comments and assignments are forgotten upon closing.","fileTypesAndContributionMap":{}},{"hash":"ae2ebc4ef9cf0c0f98acc006a7eb90cefd9d6f59","isMergeCommit":false,"messageTitle":"Update DeveloperGuide.md","messageBody":"Updated edit use case and add person use case to reflect optional fields.\n","fileTypesAndContributionMap":{"docs":{"insertions":12,"deletions":3}}},{"hash":"17c2acdc9c98f02267eabb528c700b10a6ab0936","isMergeCommit":true,"messageTitle":"Merge pull request #85 from Vanessamae23/vanessa/add-grade-command","messageBody":"Add the grade command for the assignments .","fileTypesAndContributionMap":{}},{"hash":"197b86191ae3ea3cf1bf05cf35e9c2405d94212f","isMergeCommit":false,"messageTitle":"Update lsyurea.md","messageBody":"Modify my contribution to the help command.\n","fileTypesAndContributionMap":{"docs":{"insertions":1,"deletions":1}}},{"hash":"f84a57e1d8bdd4bc402727de56398ce0053a1b66","isMergeCommit":false,"messageTitle":"Update Help UI","messageBody":"Ensures that it opens up the link instead of copying.\n","fileTypesAndContributionMap":{"functional-code":{"insertions":39,"deletions":24}}},{"hash":"39e14fb77afe283e579efb3aa156635f0e57b64e","isMergeCommit":false,"messageTitle":"Update checkstyles","messageBody":"","fileTypesAndContributionMap":{"functional-code":{"insertions":4,"deletions":5}}},{"hash":"eb62f07175ecd238bc0b5ebce2a9d82928cc7dcc","isMergeCommit":false,"messageTitle":"Update build.gradle","messageBody":"Enable assertions for defensive programming.\n","fileTypesAndContributionMap":{"other":{"insertions":4,"deletions":0}}},{"hash":"e8fdf5891b9f4ce7a09c0a1685e2b39cadd8e9a4","isMergeCommit":false,"messageTitle":"Update LogicManagerTest.java","messageBody":"Added assertion for defensive programming and logging to update opening of link.\n","fileTypesAndContributionMap":{"test-code":{"insertions":16,"deletions":0}}},{"hash":"ad1f3954d7f7782bde747b360dc1116e3fa8987e","isMergeCommit":false,"messageTitle":"Update UiUtil.java","messageBody":"Added Assertion.\n","fileTypesAndContributionMap":{"functional-code":{"insertions":5,"deletions":0}}},{"hash":"2525746f0293d8713a4a555f290a718d665f123c","isMergeCommit":true,"messageTitle":"Merge branch \u0027master\u0027 into help-branch","messageBody":"","fileTypesAndContributionMap":{}},{"hash":"f46e207c8aa482bd899d0b7959401080a6829e7f","isMergeCommit":false,"messageTitle":"Update checkstyles","messageBody":"","fileTypesAndContributionMap":{"functional-code":{"insertions":1,"deletions":1},"test-code":{"insertions":2,"deletions":2}}},{"hash":"98925a4669359890a3af44509d6aab6f5fa2286d","isMergeCommit":false,"messageTitle":"Update checkstyles","messageBody":"","fileTypesAndContributionMap":{"functional-code":{"insertions":0,"deletions":1},"docs":{"insertions":5,"deletions":5}}},{"hash":"011292c25b5b28108a8268c751bfa479768b3217","isMergeCommit":true,"messageTitle":"Merge pull request #92 from Vanessamae23/vanessa/fixed-saving-assignment-grades","messageBody":"Fixed saving assignment grades.","fileTypesAndContributionMap":{}}]},{"date":"2023-10-25","commitResults":[{"hash":"a424d4d5765f2e6312ddef1d815be759fa76da53","isMergeCommit":false,"messageTitle":"Update Group Command","messageBody":"Updated the ability to add group as attributes.\n","fileTypesAndContributionMap":{"functional-code":{"insertions":291,"deletions":31},"test-code":{"insertions":119,"deletions":35}}},{"hash":"44ca37a9c8235f830247aba84c6b15cf5da24e9b","isMergeCommit":false,"messageTitle":"Update CreateGroupCommand.java","messageBody":"Updated to show error message if the prev group has error.\n","fileTypesAndContributionMap":{"functional-code":{"insertions":5,"deletions":0}}},{"hash":"db077f4c59f0cf78e49a31c877b3d1c9230e7750","isMergeCommit":false,"messageTitle":"Update UserGuide.md","messageBody":"Group commands, add and edit updated in user guide.\n","fileTypesAndContributionMap":{"docs":{"insertions":17,"deletions":3}}},{"hash":"d40d397340d9230641a912a96f8895ed83d4f736","isMergeCommit":false,"messageTitle":"Update lsyurea.md","messageBody":"Updated contributions.\n","fileTypesAndContributionMap":{"docs":{"insertions":3,"deletions":1}}},{"hash":"21a92b3b0ecd395c29a4901aedb95f0d26a12329","isMergeCommit":false,"messageTitle":"Update DeveloperGuide.md","messageBody":"Updated the use case for groups.\n","fileTypesAndContributionMap":{"docs":{"insertions":10,"deletions":0}}},{"hash":"6852ea3d2f6656c48cf81ffb87b7995297f9765d","isMergeCommit":true,"messageTitle":"Merge pull request #100 from Choonyan02/master","messageBody":"Update choonyan02.md","fileTypesAndContributionMap":{}},{"hash":"19f641ad7e134e100e0f02017110b869f8545775","isMergeCommit":true,"messageTitle":"Merge branch \u0027master\u0027 into group-branch","messageBody":"","fileTypesAndContributionMap":{}},{"hash":"2c25444680b6dc3759894eea9135a633be19ba71","isMergeCommit":true,"messageTitle":"Merge pull request #102 from Choonyan02/week10","messageBody":"Add Participation Points Features","fileTypesAndContributionMap":{}},{"hash":"51b94d9042e9f2f0844d420b2c8c8f034a17e39b","isMergeCommit":false,"messageTitle":"Update documentation","messageBody":"Reflect optional fields and updated contributions.\n","fileTypesAndContributionMap":{"docs":{"insertions":31,"deletions":23}}},{"hash":"e9612db389714886cec0a5aa571125ff53dc9b97","isMergeCommit":false,"messageTitle":"Create markGroupAtd","messageBody":"Created a feature to allow group marking.\n","fileTypesAndContributionMap":{"functional-code":{"insertions":157,"deletions":0}}},{"hash":"5152610d582e9b2d99134838312894fe2e0314aa","isMergeCommit":false,"messageTitle":"Update lsyurea.md","messageBody":"Updated contributions.\n","fileTypesAndContributionMap":{"docs":{"insertions":1,"deletions":0}}},{"hash":"7eca4be84d26c3e35a0ebe82ed9630c40949cce7","isMergeCommit":false,"messageTitle":"Update UserGuide.md","messageBody":"Updated the markGroupAtd command.\n","fileTypesAndContributionMap":{"docs":{"insertions":15,"deletions":0}}},{"hash":"1659add66fb37d3e225ae24a7a0854efddd3dfa1","isMergeCommit":true,"messageTitle":"Merge pull request #108 from et-irl/reorder-ui","messageBody":"Reorder comments and assignments","fileTypesAndContributionMap":{}},{"hash":"53308c71cb5c33c9985188e9cc8f27ece7a68c93","isMergeCommit":false,"messageTitle":"Create Testing for markGroupAtd","messageBody":"Added testing for markGroupAtd parser and command.\n","fileTypesAndContributionMap":{"functional-code":{"insertions":2,"deletions":3},"test-code":{"insertions":160,"deletions":0}}},{"hash":"f23e26774092bb01343228c841e91d358c5f850c","isMergeCommit":false,"messageTitle":"Update lsyurea.md","messageBody":"Updated contribution.\n","fileTypesAndContributionMap":{"docs":{"insertions":1,"deletions":0}}},{"hash":"5a7acdaad42b682942de9bf82d5c7e902a624939","isMergeCommit":true,"messageTitle":"Merge pull request #110 from et-irl/individual-tasks","messageBody":"Individual tasks","fileTypesAndContributionMap":{}},{"hash":"d65667475252f742e2ade54c75a7c326c708edb1","isMergeCommit":true,"messageTitle":"Merge pull request #111 from Choonyan02/ListParticipationCommand","messageBody":"Add listParticipation command","fileTypesAndContributionMap":{}},{"hash":"8d702f3661a2e4c104c864bda5107438ab52debb","isMergeCommit":true,"messageTitle":"Merge pull request #112 from et-irl/ui-changes","messageBody":"UI changes","fileTypesAndContributionMap":{}}]},{"date":"2023-10-26","commitResults":[{"hash":"33c2918515a2b43bebf87363b4f08e9e446dbe5b","isMergeCommit":true,"messageTitle":"Merge pull request #114 from Vanessamae23/vanessa/upgrade-ui","messageBody":"Upgrade UI","fileTypesAndContributionMap":{}},{"hash":"d27d0c0cd3d26586d7e1e12f3752cec74d3aa453","isMergeCommit":true,"messageTitle":"Merge pull request #115 from Choonyan02/ListParticipationCommand","messageBody":"Update Attendance.java","fileTypesAndContributionMap":{}},{"hash":"80e852b7bab3eb56677281bd42b901fcef94df51","isMergeCommit":false,"messageTitle":"Update documentation","messageBody":"Updated contributions.\n","fileTypesAndContributionMap":{"docs":{"insertions":29,"deletions":6}}},{"hash":"d9ae3ef5d75ec73871d38162de51c933d8ec3531","isMergeCommit":false,"messageTitle":"Create unmark group attendance","messageBody":"Created unmark group attendance.\n","fileTypesAndContributionMap":{"functional-code":{"insertions":158,"deletions":0}}},{"hash":"a1f6b3a7f363327f898d645bb8ea1b4c97a1a60c","isMergeCommit":true,"messageTitle":"Merge branch \u0027master\u0027 into unmark-group-branch","messageBody":"","fileTypesAndContributionMap":{}},{"hash":"b16ae3ab1bfa93f98f9d8688e8bf4e71ff1709ad","isMergeCommit":false,"messageTitle":"Create assignGroup command","messageBody":"Created assignment by group.\n","fileTypesAndContributionMap":{"functional-code":{"insertions":162,"deletions":0}}},{"hash":"050bc209f8f4e28808a7cd9be5d840db4bf989fc","isMergeCommit":false,"messageTitle":"Update contributions","messageBody":"","fileTypesAndContributionMap":{"docs":{"insertions":24,"deletions":8}}},{"hash":"8006a06d1542786f187b80ecabec1d6db2a7df68","isMergeCommit":false,"messageTitle":"Update AssignmentGroupCommandParser.java","messageBody":"Updated to conform to checkstyles.\n","fileTypesAndContributionMap":{"functional-code":{"insertions":4,"deletions":2}}},{"hash":"2cf75414fa4f44ee7f1fd3bcb7bb70a9303d099d","isMergeCommit":false,"messageTitle":"Update GradeCommand.java","messageBody":"removed updatefFlteredPersonList as it is not necessary as no person are added or deleted.\n","fileTypesAndContributionMap":{"functional-code":{"insertions":0,"deletions":2}}},{"hash":"5705545a0807479d8c3225b106328f2fe9d215e0","isMergeCommit":false,"messageTitle":"Update grade group","messageBody":"Enable grading by groups.\n","fileTypesAndContributionMap":{"functional-code":{"insertions":175,"deletions":4}}},{"hash":"4844d558e3676820fdf5024e906931a69cab8d50","isMergeCommit":false,"messageTitle":"Update contributions","messageBody":"","fileTypesAndContributionMap":{"docs":{"insertions":13,"deletions":0}}},{"hash":"bd7796e55b16b498435ee4217eadd4e0d08a8238","isMergeCommit":false,"messageTitle":"Update AssignmentGroupCommand.java","messageBody":"Updated to correct the parameters.\n","fileTypesAndContributionMap":{"functional-code":{"insertions":6,"deletions":3}}},{"hash":"ceb8961a1753f03e52d341731f3ea1277089ec2a","isMergeCommit":false,"messageTitle":"Update GradeGroupCommand.java","messageBody":"Updated to check if group is correct.\n","fileTypesAndContributionMap":{"functional-code":{"insertions":3,"deletions":1}}},{"hash":"ab0eca1a48431fd5432dc972d0aa66120346d0d7","isMergeCommit":false,"messageTitle":"Update AssignmentGroupCommand.java","messageBody":"updated checkstyle.\n","fileTypesAndContributionMap":{"functional-code":{"insertions":1,"deletions":1}}},{"hash":"c2355666a48d5ad6978f67779d114c93fa1da554","isMergeCommit":false,"messageTitle":"Create UnmarkGroupAttendanceCommandTest.java","messageBody":"Created test cases.\n","fileTypesAndContributionMap":{"test-code":{"insertions":83,"deletions":0}}},{"hash":"9da70b8e90e1cc55173e7fad028932f7e2d0c123","isMergeCommit":false,"messageTitle":"Update UnmarkGroupAttendanceCommandTest.java","messageBody":"Updated test cases.\n","fileTypesAndContributionMap":{"test-code":{"insertions":6,"deletions":5}}},{"hash":"5d174c4fe4c36cfcfc142665194b8ca7ba0c6134","isMergeCommit":true,"messageTitle":"Merge pull request #123 from Choonyan02/master","messageBody":"Update DeveloperGuide","fileTypesAndContributionMap":{}},{"hash":"c609e2c32844815504d9e2ca1c1e81851fcc8f6f","isMergeCommit":true,"messageTitle":"Merge pull request #125 from Vanessamae23/vanessa/reformat-ug","messageBody":"Reformat User Guide","fileTypesAndContributionMap":{}},{"hash":"1f67592a7487a42dbfcd7331142da077db6f8afc","isMergeCommit":false,"messageTitle":"Update UserGuide.md","messageBody":"Updated Commands.\n","fileTypesAndContributionMap":{"docs":{"insertions":21,"deletions":20}}},{"hash":"53f28cd8fba4f0e6b965d082141a4fd935c47bf2","isMergeCommit":true,"messageTitle":"Merge pull request #126 from Vanessamae23/vanessa/reformat-ug-2","messageBody":"Reformat User Guide","tags":["v1.3.trial"],"fileTypesAndContributionMap":{}},{"hash":"4759e26d71c55c35d237ec6295d3dbe1858b841d","isMergeCommit":false,"messageTitle":"Update testing","messageBody":"Testing for gradeGroup and parser.\n","fileTypesAndContributionMap":{"functional-code":{"insertions":1,"deletions":1},"test-code":{"insertions":213,"deletions":0}}},{"hash":"c0743006ebd1c69390d87d2cd0e5afc7f2995079","isMergeCommit":false,"messageTitle":"Update lsyurea.md","messageBody":"Updated contributions.\n","fileTypesAndContributionMap":{"docs":{"insertions":1,"deletions":0}}},{"hash":"8ce6017dbcecc18ec76dac11e845f1e69b6b206c","isMergeCommit":true,"messageTitle":"Merge pull request #128 from et-irl/ui-changes-2","messageBody":"Further UI changes","fileTypesAndContributionMap":{}},{"hash":"d4f2677be52cd3ea016bf073d36d714edc556fdd","isMergeCommit":false,"messageTitle":"Create findGroup command","messageBody":"Created a new findGroup command to find by the group strings.\n","fileTypesAndContributionMap":{"functional-code":{"insertions":160,"deletions":1}}},{"hash":"4411ea45a633be29c4760501a1c88ca272b6875d","isMergeCommit":false,"messageTitle":"Update contributions","messageBody":"Updated contributions.\n","fileTypesAndContributionMap":{"docs":{"insertions":44,"deletions":0}}},{"hash":"4ba40ea84391a3c3a527aadef8fec4d195afa47f","isMergeCommit":true,"messageTitle":"Merge branch \u0027master\u0027 into find-group-branch","messageBody":"","fileTypesAndContributionMap":{}},{"hash":"6758aa75f9e0e10d144122514b91b2577d025c3d","isMergeCommit":false,"messageTitle":"Update lsyurea.md","messageBody":"Updated contributions.\n","fileTypesAndContributionMap":{"docs":{"insertions":3,"deletions":2}}},{"hash":"70c5771d89240095bda19da74bc6e143a169ee3d","isMergeCommit":false,"messageTitle":"Create testing for findCommand","messageBody":"Created testing and made changes according to testing.\n","fileTypesAndContributionMap":{"functional-code":{"insertions":1,"deletions":1},"test-code":{"insertions":73,"deletions":0}}},{"hash":"4e48cf1978068f02a20d9b92e1d269d1e22f5e8e","isMergeCommit":false,"messageTitle":"Create FindGroupCommandParserTest.java","messageBody":"Created testing.\n","fileTypesAndContributionMap":{"test-code":{"insertions":32,"deletions":0}}},{"hash":"081d72aaaab3452e0bae86c4fa05de9054f85d42","isMergeCommit":false,"messageTitle":"Update checkstyles","messageBody":"","fileTypesAndContributionMap":{"test-code":{"insertions":22,"deletions":18}}},{"hash":"a7244bd88b4d76c8963bdd232b36e3dd09791da5","isMergeCommit":false,"messageTitle":"Update UserGuide.md","messageBody":"","fileTypesAndContributionMap":{"docs":{"insertions":7,"deletions":0}}},{"hash":"cd2943039acdf9eabebf1ea7bb87d173d5712e97","isMergeCommit":false,"messageTitle":"Update UserGuide.md","messageBody":"Added punctuation.\n","fileTypesAndContributionMap":{"docs":{"insertions":1,"deletions":1}}},{"hash":"b10fc3888071ee99b4c059cd65465dd69ae93c83","isMergeCommit":true,"messageTitle":"Merge pull request #131 from et-irl/deassign-command","messageBody":"Deassign command","fileTypesAndContributionMap":{}},{"hash":"77e4994b1b340f06500c22feb288bbb212a9c78d","isMergeCommit":true,"messageTitle":"Merge pull request #132 from et-irl/assignIndiv-command","messageBody":"Assign indiv command","fileTypesAndContributionMap":{}}]},{"date":"2023-10-27","commitResults":[{"hash":"00455d797545732a57196fd8c25a28474b15d595","isMergeCommit":true,"messageTitle":"Merge pull request #138 from Choonyan02/master","messageBody":"Update DG","fileTypesAndContributionMap":{}},{"hash":"0b040f85e66dbc1edc34d13ab6b9282723333c27","isMergeCommit":true,"messageTitle":"Merge pull request #134 from et-irl/rename-telegram-link-method","messageBody":"Rename Open Telegram Link Method","fileTypesAndContributionMap":{}}]},{"date":"2023-10-28","commitResults":[{"hash":"33294455b6afb369fdcffe9bd2064a3304308974","isMergeCommit":true,"messageTitle":"Merge pull request #150 from Choonyan02/master","messageBody":"Add inputGroupPP command","fileTypesAndContributionMap":{}}]}],"et-irl":[{"date":"2023-10-03","commitResults":[{"hash":"0828e7de8117b7e66dcfcf3f0e74575128f53134","isMergeCommit":false,"messageTitle":"Add a skeletal PPP","messageBody":"","fileTypesAndContributionMap":{"docs":{"insertions":28,"deletions":1}}},{"hash":"6abe975131649232e04111ac86a544a8e27120dc","isMergeCommit":false,"messageTitle":"Add use cases to the developer guide","messageBody":"","fileTypesAndContributionMap":{"docs":{"insertions":54,"deletions":1}}},{"hash":"751cf06e943d2bebcd976b29a929929b3f40e8c9","isMergeCommit":true,"messageTitle":"Merge pull request #27 from Vanessamae23/update-user-guide","messageBody":"Update user guide","fileTypesAndContributionMap":{}},{"hash":"d0b7df39205a1ab75c5b2b113ca963c49ebb16eb","isMergeCommit":true,"messageTitle":"Merge pull request #32 from proto-aiken-13/branch-a-ReadMeUi","messageBody":"Update the Ui.png","fileTypesAndContributionMap":{}}]},{"date":"2023-10-04","commitResults":[{"hash":"8604597b2f8e2639db283e773cfb4f441a616f3e","isMergeCommit":true,"messageTitle":"Merge pull request #33 from lsyurea/developer-guide-patch","messageBody":"Update DeveloperGuide.md","fileTypesAndContributionMap":{}},{"hash":"2c878c195e70fe875ab9ae892c496ed5bf98cd98","isMergeCommit":true,"messageTitle":"Merge pull request #31 from Vanessamae23/add-vanessa-pic","messageBody":"Add picture and update markdown","fileTypesAndContributionMap":{}},{"hash":"211d9ec0d3ae21a0518db59ff9bbb9732227f34d","isMergeCommit":false,"messageTitle":"Fix PPP names","messageBody":"","fileTypesAndContributionMap":{"docs":{"insertions":0,"deletions":0}}}]},{"date":"2023-10-05","commitResults":[{"hash":"a6a0a68eec6005c337be38f95e2014acf2fd922c","isMergeCommit":false,"messageTitle":"Point CI banners to own project","messageBody":"","fileTypesAndContributionMap":{"docs":{"insertions":1,"deletions":1}}},{"hash":"cfd001499aa4bbb23ec09ce7c620901eea37ac2d","isMergeCommit":false,"messageTitle":"Remove traces of AB3 in README","messageBody":"","fileTypesAndContributionMap":{"docs":{"insertions":4,"deletions":10}}},{"hash":"61c1da02288c229e1eb446b652e91debea744916","isMergeCommit":false,"messageTitle":"Update AboutUs.md","messageBody":"","fileTypesAndContributionMap":{"docs":{"insertions":26,"deletions":28}}}]},{"date":"2023-10-06","commitResults":[{"hash":"120c2c7c9688d5396cb7278cd1e258b91bbe15e9","isMergeCommit":true,"messageTitle":"Merge branch \u0027master\u0027 into branch-a-miguelppp","messageBody":"","fileTypesAndContributionMap":{}},{"hash":"9cc7cdd47be48b36988da31cc29ebf16ab09242d","isMergeCommit":true,"messageTitle":"Merge pull request #36 from proto-aiken-13/branch-a-miguelppp","messageBody":"Update miguel.md","tags":["v1.1"],"fileTypesAndContributionMap":{}}]},{"date":"2023-10-10","commitResults":[{"hash":"220ee2d69346cac7b2a53f7fe9622f5fca6dc24c","isMergeCommit":false,"messageTitle":"Rename package tag to fields","messageBody":"The tag package name is too specialised for only one purpose.\n\nTo accommodate for features such as comments, we need to generalise\nthe package name.\n\nLet\u0027s change the name of the package to be more generic.\n","fileTypesAndContributionMap":{"functional-code":{"insertions":70,"deletions":8},"other":{"insertions":1,"deletions":1},"test-code":{"insertions":7,"deletions":7}}},{"hash":"a103010d4c668c6864d44ae1154a2341224367da","isMergeCommit":false,"messageTitle":"Add the Comment field to Person","messageBody":"As a teaching assistant, we would like to remember small details\nabout each person.\n\nAs it stands, there is no field associated with people to remember\nlittle details.\n\nLet\u0027s add this field!\n","fileTypesAndContributionMap":{"functional-code":{"insertions":166,"deletions":17},"test-code":{"insertions":15,"deletions":2}}}]},{"date":"2023-10-11","commitResults":[{"hash":"71768b0be5a12326bd597063728491dc2bc51d3d","isMergeCommit":false,"messageTitle":"Update the user guide","messageBody":"","fileTypesAndContributionMap":{"docs":{"insertions":7,"deletions":4}}},{"hash":"367aeea4871f555a11b72b0f049be3ac24318020","isMergeCommit":false,"messageTitle":"Modify edit command to edit comments","messageBody":"","fileTypesAndContributionMap":{"functional-code":{"insertions":28,"deletions":4},"test-code":{"insertions":2,"deletions":1}}},{"hash":"ffb1b04550631287d1737bc37fc338318dd648bb","isMergeCommit":false,"messageTitle":"Update the user guide","messageBody":"","fileTypesAndContributionMap":{"docs":{"insertions":12,"deletions":4}}}]},{"date":"2023-10-13","commitResults":[{"hash":"163e7b1f1f1330e663fe524b580ec7f87b6f95bb","isMergeCommit":true,"messageTitle":"Merge pull request #56 from Vanessamae23/change-address-to-telegram","messageBody":"Change address to telegram","fileTypesAndContributionMap":{}}]},{"date":"2023-10-22","commitResults":[{"hash":"a5e1c3815f53d00545c90c3e48f762715ed5f5c3","isMergeCommit":false,"messageTitle":"Update project portfolio","messageBody":"","fileTypesAndContributionMap":{"docs":{"insertions":9,"deletions":6}}},{"hash":"6cd62deab28d84e9cdeabb575284a2fc7589d583","isMergeCommit":false,"messageTitle":"Add Assignment class","messageBody":"","fileTypesAndContributionMap":{"functional-code":{"insertions":89,"deletions":0}}}]},{"date":"2023-10-23","commitResults":[{"hash":"56ec39b748f2f6d2443542d9673700c880d78eaf","isMergeCommit":false,"messageTitle":"Add assignments field to Person","messageBody":"","fileTypesAndContributionMap":{"functional-code":{"insertions":132,"deletions":17},"test-code":{"insertions":13,"deletions":4}}},{"hash":"120ccfc1a830d06be5c5a90615e5d9944b8ac6fb","isMergeCommit":true,"messageTitle":"Merge branch \u0027master\u0027 into v1.3","messageBody":"","fileTypesAndContributionMap":{}},{"hash":"65de1ac0e3ba0328a170ada40721d0ce11cba47c","isMergeCommit":false,"messageTitle":"Reorder prefixes in alphabetical order","messageBody":"","fileTypesAndContributionMap":{"functional-code":{"insertions":3,"deletions":3}}},{"hash":"eb5d53b70a53f6b6ec7df716058baa61d9dd27ad","isMergeCommit":false,"messageTitle":"Add assignment command","messageBody":"","fileTypesAndContributionMap":{"functional-code":{"insertions":177,"deletions":10}}},{"hash":"5fcf9fe07aa2eca215f30386374e117cbc61eddd","isMergeCommit":false,"messageTitle":"Adjust UI to make assignments visible","messageBody":"","fileTypesAndContributionMap":{"functional-code":{"insertions":3,"deletions":0}}},{"hash":"9788f257ed3d7607ddccdf5abbda278a6371e65f","isMergeCommit":false,"messageTitle":"Update message usage","messageBody":"","fileTypesAndContributionMap":{"functional-code":{"insertions":24,"deletions":11}}},{"hash":"d218df203b25b6a643f9af76769ed1b61195e1cc","isMergeCommit":false,"messageTitle":"Update documentation","messageBody":"","fileTypesAndContributionMap":{"docs":{"insertions":11,"deletions":2}}},{"hash":"87c4eb12b81c0d7286c73acb24a9c76db31d95cd","isMergeCommit":false,"messageTitle":"Update project portfolio page","messageBody":"","fileTypesAndContributionMap":{"docs":{"insertions":1,"deletions":0}}},{"hash":"c28894c9e19c69d757edf7156760f2890eeb17ad","isMergeCommit":false,"messageTitle":"Fix style errors","messageBody":"","fileTypesAndContributionMap":{"functional-code":{"insertions":3,"deletions":2}}},{"hash":"61a5e95f6a85e76a1d4aaa4a795c3248ed302dea","isMergeCommit":false,"messageTitle":"Fix unmarkAtd typo","messageBody":"","fileTypesAndContributionMap":{"docs":{"insertions":1,"deletions":1}}},{"hash":"42272bd5a478199660e0d2fd86e79986b8ad233f","isMergeCommit":false,"messageTitle":"Handle duplicate assignment name case","messageBody":"","fileTypesAndContributionMap":{"functional-code":{"insertions":1,"deletions":0}}},{"hash":"ceec79b5024b81c0672da99b1170202c2187e987","isMergeCommit":true,"messageTitle":"Merge pull request #74 from lsyurea/optional-command-branch","messageBody":"Optional command branch","fileTypesAndContributionMap":{}}]},{"date":"2023-10-24","commitResults":[{"hash":"bca502d81987af177fe005183e75b983d0a4644b","isMergeCommit":false,"messageTitle":"Fix crashing bug in Linux","messageBody":"","fileTypesAndContributionMap":{"functional-code":{"insertions":22,"deletions":8}}},{"hash":"56737720c2969be093af12dbfb329a7e6398a271","isMergeCommit":false,"messageTitle":"Differentiate tags, comments and assignments","messageBody":"","fileTypesAndContributionMap":{"functional-code":{"insertions":29,"deletions":6}}},{"hash":"65b28e3b05f965eb3158bbe23912eb9d727f7189","isMergeCommit":false,"messageTitle":"Reorder comments and assignments","messageBody":"","fileTypesAndContributionMap":{"functional-code":{"insertions":1,"deletions":1}}},{"hash":"e1b2b4702d737ae7ff20e58015f6f8f6a611542f","isMergeCommit":false,"messageTitle":"Fixed bug where comments and assignments are forgotten upon closing","messageBody":"","fileTypesAndContributionMap":{"functional-code":{"insertions":6,"deletions":1}}},{"hash":"d074d603bf65245c407328ec9afb81f997c708e6","isMergeCommit":false,"messageTitle":"Fix crashing bug in Linux","messageBody":"","fileTypesAndContributionMap":{"functional-code":{"insertions":22,"deletions":8}}},{"hash":"de4498a6aece7c4ff3f12e75ef09e1db1741385e","isMergeCommit":false,"messageTitle":"Differentiate tags, comments and assignments","messageBody":"","fileTypesAndContributionMap":{"functional-code":{"insertions":29,"deletions":6}}},{"hash":"6fec8ee438aa0dabef3d90ab1d656c1989f2153c","isMergeCommit":false,"messageTitle":"Reorder comments and assignments","messageBody":"","fileTypesAndContributionMap":{"functional-code":{"insertions":1,"deletions":1}}},{"hash":"1f4a34c2e55c5a32413047f137d57f9f87fbf1b6","isMergeCommit":false,"messageTitle":"Fixed bug where comments and assignments are forgotten upon closing","messageBody":"","fileTypesAndContributionMap":{"functional-code":{"insertions":6,"deletions":1}}},{"hash":"77802160d1a52b2683c02c25fc426ecf76e6dfc4","isMergeCommit":false,"messageTitle":"Add PR Template","messageBody":"","fileTypesAndContributionMap":{"docs":{"insertions":17,"deletions":0}}},{"hash":"d970801d3b4e298d5b64fa3e4731cd237750eb07","isMergeCommit":false,"messageTitle":"Update user guide","messageBody":"","fileTypesAndContributionMap":{"docs":{"insertions":19,"deletions":8}}},{"hash":"662549ad857c2ba1899626671e5c4755f93105c6","isMergeCommit":false,"messageTitle":"Update project portfolio","messageBody":"","fileTypesAndContributionMap":{"docs":{"insertions":3,"deletions":0}}},{"hash":"f9836dca9515d7a42649a226ab8628b4abb48120","isMergeCommit":false,"messageTitle":"Re-add accidental deletion","messageBody":"","fileTypesAndContributionMap":{"docs":{"insertions":4,"deletions":0}}},{"hash":"93f5bdc744738731dbbd7724d07389d727ec7159","isMergeCommit":false,"messageTitle":"Add error handling for unsupported OS","messageBody":"","fileTypesAndContributionMap":{"functional-code":{"insertions":3,"deletions":1}}},{"hash":"fa0eaef86626efe383d7b7004163ddbdbab0c000","isMergeCommit":true,"messageTitle":"Merge branch \u0027master\u0027 into individual-tasks","messageBody":"","fileTypesAndContributionMap":{}},{"hash":"5d25bf40818428f22a69ff716e4e725db852c3f8","isMergeCommit":false,"messageTitle":"Add developer guide for assignments","messageBody":"","fileTypesAndContributionMap":{"docs":{"insertions":42,"deletions":1}}}]},{"date":"2023-10-25","commitResults":[{"hash":"7f721093c5becabd00fb7ae2f4ba7df69cf1262c","isMergeCommit":false,"messageTitle":"Update user guide","messageBody":"","fileTypesAndContributionMap":{"docs":{"insertions":19,"deletions":8}}},{"hash":"6f7509268b1f4b0b8bb604083dad28579cf5e0a7","isMergeCommit":false,"messageTitle":"Update project portfolio","messageBody":"","fileTypesAndContributionMap":{"docs":{"insertions":3,"deletions":0}}},{"hash":"026cb9dc7fce204001462f6ee09456fc86ba84b8","isMergeCommit":false,"messageTitle":"Re-add accidental deletion","messageBody":"","fileTypesAndContributionMap":{"docs":{"insertions":4,"deletions":0}}},{"hash":"c8c7f42fc9b5ee628a312f6e757cd5eec917de08","isMergeCommit":false,"messageTitle":"Reorder comments and assignments","messageBody":"","fileTypesAndContributionMap":{"functional-code":{"insertions":1,"deletions":1}}},{"hash":"389012e796197e48874d4ccbb11bf9b9ccd8b253","isMergeCommit":false,"messageTitle":"Reorder comments and assignments","messageBody":"","fileTypesAndContributionMap":{"functional-code":{"insertions":1,"deletions":1}}},{"hash":"16f5407c17f0e9ebdfd87d7f99e86a09e42eefeb","isMergeCommit":true,"messageTitle":"Merge branch \u0027master\u0027 into individual-tasks","messageBody":"","fileTypesAndContributionMap":{}},{"hash":"9e2a5c071428f1b91aa2f67fcee4381fc56ee9ce","isMergeCommit":false,"messageTitle":"Update project portfolio","messageBody":"","fileTypesAndContributionMap":{"docs":{"insertions":1,"deletions":0}}},{"hash":"853fe51248b93074180a20b3e279daa00c389916","isMergeCommit":false,"messageTitle":"Make font size bigger","messageBody":"","fileTypesAndContributionMap":{"functional-code":{"insertions":4,"deletions":4}}},{"hash":"95b07b154357c96cde5743745eaea36f4adf34a6","isMergeCommit":false,"messageTitle":"Split personal info to new line","messageBody":"","fileTypesAndContributionMap":{"functional-code":{"insertions":7,"deletions":5}}},{"hash":"2306aef852a5ae93a78f751b3d19452005b8a382","isMergeCommit":false,"messageTitle":"Add clarity of tags, comments and assignments","messageBody":"","fileTypesAndContributionMap":{"functional-code":{"insertions":12,"deletions":3}}},{"hash":"957fa87b1186275c26a5bba4acf515b25107f6ba","isMergeCommit":false,"messageTitle":"Update project portfolio","messageBody":"","fileTypesAndContributionMap":{"docs":{"insertions":1,"deletions":0}}}]},{"date":"2023-10-26","commitResults":[{"hash":"d9846aa8b61cf26911c19a72efb0010ea8484126","isMergeCommit":false,"messageTitle":"Make important info stand out more","messageBody":"","fileTypesAndContributionMap":{"functional-code":{"insertions":22,"deletions":6}}},{"hash":"64ccb23d9b7bcd743a838e9dd1e61a53d3b312e5","isMergeCommit":false,"messageTitle":"Make labels and emoji bigger","messageBody":"","fileTypesAndContributionMap":{"functional-code":{"insertions":4,"deletions":4}}},{"hash":"04a87ae62ffd32282919e47f13d791658c0d3aaf","isMergeCommit":false,"messageTitle":"Add telegram handle to name","messageBody":"","fileTypesAndContributionMap":{"functional-code":{"insertions":3,"deletions":8}}},{"hash":"80a1eba8f029cf22317c16365e6158e8beb4e9fa","isMergeCommit":false,"messageTitle":"Remove contact button","messageBody":"","fileTypesAndContributionMap":{"functional-code":{"insertions":0,"deletions":11}}},{"hash":"d1af2283f1cfb9cab9e0c092a31b20eefa183bba","isMergeCommit":true,"messageTitle":"Merge pull request #120 from lsyurea/assign-group-branch","messageBody":"Assign and grade group branch","fileTypesAndContributionMap":{}},{"hash":"e3d47042827e55f78cba4985b113678e96147a2b","isMergeCommit":false,"messageTitle":"Add styled attendance to UI","messageBody":"","fileTypesAndContributionMap":{"functional-code":{"insertions":40,"deletions":2}}},{"hash":"ed0e4196a07e5a5efc75ca8af6013c3508f7acb7","isMergeCommit":false,"messageTitle":"Make fields aligned and participation separate","messageBody":"","fileTypesAndContributionMap":{"functional-code":{"insertions":12,"deletions":8},"docs":{"insertions":2,"deletions":0}}},{"hash":"87c770bbf7ef14552917b1cade93338e8ab26d3e","isMergeCommit":false,"messageTitle":"Add gif header","messageBody":"","fileTypesAndContributionMap":{"functional-code":{"insertions":1,"deletions":1}}},{"hash":"a9831cd2639959e0e449719956908664ba6b4735","isMergeCommit":true,"messageTitle":"Merge pull request #129 from lsyurea/group-test-branch","messageBody":"Update testing","fileTypesAndContributionMap":{}},{"hash":"c99dd2bc589d1c2cff49c8c101c05686d925f597","isMergeCommit":false,"messageTitle":"Add deassignment command","messageBody":"","fileTypesAndContributionMap":{"functional-code":{"insertions":155,"deletions":0}}},{"hash":"55396cbc8923f5f891dac0683a0dd530e8362f1f","isMergeCommit":false,"messageTitle":"Add elementary tests","messageBody":"","fileTypesAndContributionMap":{"test-code":{"insertions":26,"deletions":0}}},{"hash":"015cba49520de02b6305ce9fb04da71467f27423","isMergeCommit":false,"messageTitle":"Update user guide","messageBody":"","fileTypesAndContributionMap":{"docs":{"insertions":20,"deletions":13}}},{"hash":"8ddc36c7441b8554e5f89a7d24f30fe7fec65076","isMergeCommit":false,"messageTitle":"Update project portfolio","messageBody":"","fileTypesAndContributionMap":{"docs":{"insertions":3,"deletions":0}}},{"hash":"d90545a65b5cec4195669c3511f9c32137f90ca2","isMergeCommit":false,"messageTitle":"Reorder summary of user guide","messageBody":"","fileTypesAndContributionMap":{"docs":{"insertions":3,"deletions":3}}},{"hash":"ac013e648ab7c6bd2b0b8e32c75cb4a2326184fd","isMergeCommit":false,"messageTitle":"Fix javadocs","messageBody":"","fileTypesAndContributionMap":{"functional-code":{"insertions":1,"deletions":1}}},{"hash":"58f8b1759b20138a9180ebcbcfd17ec4037cc6e4","isMergeCommit":false,"messageTitle":"Fix grammar","messageBody":"","fileTypesAndContributionMap":{"docs":{"insertions":6,"deletions":6}}},{"hash":"fbfc72b2ba75e3ad5f4c80ea10cd95c6d8d45bb3","isMergeCommit":true,"messageTitle":"Merge pull request #130 from lsyurea/find-group-branch","messageBody":"Update findGroup command","fileTypesAndContributionMap":{}},{"hash":"548902e4cadc2ac8c37354b626fbf55d8abb3963","isMergeCommit":true,"messageTitle":"Merge branch \u0027master\u0027 into deassign-command","messageBody":"","fileTypesAndContributionMap":{}},{"hash":"88e0161193b21a8cfb893a174307e31e42fd87e3","isMergeCommit":false,"messageTitle":"Add individual assignment command","messageBody":"","fileTypesAndContributionMap":{"functional-code":{"insertions":178,"deletions":0}}},{"hash":"c57c71123f11a3a18eb61380ae9bbaf9cb7ff542","isMergeCommit":false,"messageTitle":"Update project portfolio","messageBody":"","fileTypesAndContributionMap":{"docs":{"insertions":4,"deletions":0}}},{"hash":"5610962d4c04ec12dd76faacaf2575b93a10be6a","isMergeCommit":false,"messageTitle":"Update user guide","messageBody":"","fileTypesAndContributionMap":{"docs":{"insertions":39,"deletions":23}}},{"hash":"dd2c455f939ce3a269ebcda2d3181a1fea5853a0","isMergeCommit":false,"messageTitle":"Fix checkstyle","messageBody":"","fileTypesAndContributionMap":{"functional-code":{"insertions":7,"deletions":4}}}]},{"date":"2023-10-27","commitResults":[{"hash":"7aa9c508cea690ccb061440280a95d2f0a5c9d14","isMergeCommit":false,"messageTitle":"Make help command more responsive","messageBody":"","fileTypesAndContributionMap":{"functional-code":{"insertions":1,"deletions":5}}},{"hash":"76c208c5c6abfd1e2667f749e5ece2b37e1b7936","isMergeCommit":false,"messageTitle":"Remove help window","messageBody":"","fileTypesAndContributionMap":{"functional-code":{"insertions":2,"deletions":138}}},{"hash":"a9ec22c07d4771e15bb794835b29e51a55d66aed","isMergeCommit":false,"messageTitle":"Update project portfolio","messageBody":"","fileTypesAndContributionMap":{"docs":{"insertions":1,"deletions":0}}},{"hash":"0e225758448a64dc3609b5984cda8801af8d4f88","isMergeCommit":false,"messageTitle":"Update user guide","messageBody":"","fileTypesAndContributionMap":{"docs":{"insertions":2,"deletions":2}}},{"hash":"671a8610b67ed709f87745434b72598811f377b6","isMergeCommit":false,"messageTitle":"Rename method","messageBody":"","fileTypesAndContributionMap":{"functional-code":{"insertions":3,"deletions":3}}},{"hash":"c748fc6720a3d87e3314e8a913c44455fb5deae0","isMergeCommit":false,"messageTitle":"Fix terse language in the user guide","messageBody":"","fileTypesAndContributionMap":{"docs":{"insertions":9,"deletions":9}}},{"hash":"dbf635d8dd42373de4743ef62cb2216dac7b44d3","isMergeCommit":false,"messageTitle":"Fix troubleshooting grammar","messageBody":"","fileTypesAndContributionMap":{"docs":{"insertions":8,"deletions":8}}},{"hash":"2fb7d5786933efe502c99eaaf5bfa3754babee24","isMergeCommit":false,"messageTitle":"Update project porfolio","messageBody":"","fileTypesAndContributionMap":{"docs":{"insertions":1,"deletions":0}}}]},{"date":"2023-10-28","commitResults":[{"hash":"4521476d94856d89fb99dd35b9182e6e0e95566e","isMergeCommit":true,"messageTitle":"Merge pull request #133 from et-irl/fast-help","messageBody":"Fast help","fileTypesAndContributionMap":{}}]},{"date":"2023-10-29","commitResults":[{"hash":"bd2180508a3092b90e73b67fb54995d14605e879","isMergeCommit":true,"messageTitle":"Merge branch \u0027master\u0027 into vanessa/update-regex","messageBody":"","fileTypesAndContributionMap":{}},{"hash":"635748dfe9174e9f2d1cf654ee777d85d2d0a7db","isMergeCommit":true,"messageTitle":"Merge pull request #147 from Vanessamae23/vanessa/update-regex","messageBody":"Update regex for telegram","fileTypesAndContributionMap":{}}]}],"proto-aiken-13":[{"date":"2023-09-24","commitResults":[{"hash":"4be16879f5e2788f50fa7d76d4416d34d6235aa4","isMergeCommit":false,"messageTitle":"Add particulars to miguel.md","messageBody":"In every software engineering project, it is paramount to include\ndeveloper details.\n\nLet\u0027s add my details and my contributions thus far!\n","fileTypesAndContributionMap":{"docs":{"insertions":14,"deletions":46}}}]},{"date":"2023-10-04","commitResults":[{"hash":"ea4078d126e04b19026d704f20b6468d9ca3368f","isMergeCommit":false,"messageTitle":"Update miguel.md","messageBody":"We need to keep track of all our contributions (on our end) to the tP.\n\nLet\u0027s add some headers to categorize our contributions! Added headers\nto miguel.md file.\n","fileTypesAndContributionMap":{"docs":{"insertions":15,"deletions":1}}}]},{"date":"2023-10-05","commitResults":[{"hash":"a0ba70ec4a92a24684c72a843ecf75081dedfd7d","isMergeCommit":false,"messageTitle":"Update proto-aiken-13","messageBody":"It is paramount to keep track of what contributions I made the tP.\n\nLet\u0027s update my (proto-aiken-13) PPP page!\n","fileTypesAndContributionMap":{"docs":{"insertions":29,"deletions":0}}}]},{"date":"2023-10-06","commitResults":[{"hash":"cfb3ac573f435b551919b89984bb3b1893c84480","isMergeCommit":false,"messageTitle":"Delete miguel.md","messageBody":"Deleted miguel.md, the misnamed file.\n","fileTypesAndContributionMap":{"docs":{"insertions":0,"deletions":28}}}]},{"date":"2023-10-20","commitResults":[{"hash":"50574724a1a4739f67e960c034ec2b0a1e3044b7","isMergeCommit":false,"messageTitle":"Amend the UI fxml and css files to create a more complete UI.","messageBody":"Our application needs to have a unique and functional AI from the\noriginal AB3 design.\n\nLet\u0027s finish the AI for good! Updated DarkTheme and MainWindow.fxml\nto show a more complete UI.\n","fileTypesAndContributionMap":{"functional-code":{"insertions":84,"deletions":55},"docs":{"insertions":6,"deletions":2}}},{"hash":"61f8b4c8de0c0b461589cac4bb7b9779b7e7b169","isMergeCommit":false,"messageTitle":"Remove trailing WhiteSpace from MainWindow.fxml.","messageBody":"This is to ensure the CLI checks pass when publishing\nthe Pull Request.\n","fileTypesAndContributionMap":{"functional-code":{"insertions":3,"deletions":3}}},{"hash":"71f01acd31bac3ba79963603e98daa7f52c4b475","isMergeCommit":false,"messageTitle":"Remove trailing WhiteSpace from MainWindow.fxml","messageBody":"This is to ensure the CLI checks pass when publishing\nthe Pull Request.\n","fileTypesAndContributionMap":{"functional-code":{"insertions":2,"deletions":2}}},{"hash":"ed83d3dec0e473847a2194d9463355fff3144a85","isMergeCommit":false,"messageTitle":"Add a comment tag to be displayed in the UI","messageBody":"Previously, comments could not be seen in the UI.\n\nAs such, the PersonCard class has been updated to\nshow comments.\n","fileTypesAndContributionMap":{"functional-code":{"insertions":6,"deletions":0}}},{"hash":"43d49571021808ccb838a1acad388d72b5198220","isMergeCommit":false,"messageTitle":"Add a comment tag to be displayed in the UI","messageBody":"Previously, comments could not be seen in the UI.\n\nAs such, the PersonCard class has been updated to\nshow comments.\n","fileTypesAndContributionMap":{"functional-code":{"insertions":0,"deletions":1}}}]},{"date":"2023-10-27","commitResults":[{"hash":"4195155c63bf911b293f3ec37c8e5c2a9d7e2a54","isMergeCommit":true,"messageTitle":"Merge pull request #135 from et-irl/ug-tone","messageBody":"Fix Terse English in User Guide","fileTypesAndContributionMap":{}}]},{"date":"2023-10-28","commitResults":[{"hash":"66dcccb9e74f32ec32f0af32213be0c70d2df772","isMergeCommit":true,"messageTitle":"Merge pull request #143 from Vanessamae23/vanessa/change-logic","messageBody":"Change logic for default","fileTypesAndContributionMap":{}}]}],"Choonyan02":[{"date":"2023-10-03","commitResults":[{"hash":"a7e82d09625bf78e80bf18635fbbab37ab85149d","isMergeCommit":false,"messageTitle":"Update DeveloperGuide.md and team images","messageBody":"Updated target user profile, value proposition, and user stories.\n","fileTypesAndContributionMap":{"docs":{"insertions":15,"deletions":10}}}]},{"date":"2023-10-05","commitResults":[{"hash":"f695ab90379c26342f0de2503ae952816f721e2a","isMergeCommit":false,"messageTitle":"Update DeveloperGuide.md","messageBody":"Updated the priority of some user stories.\n","fileTypesAndContributionMap":{"docs":{"insertions":2,"deletions":2}}},{"hash":"7628f8e95074e6226495dd1b244196b5382c7ca3","isMergeCommit":true,"messageTitle":"Merge pull request #37 from Choonyan02/v1.1-pr","messageBody":"Update DeveloperGuide.md","fileTypesAndContributionMap":{}}]},{"date":"2023-10-11","commitResults":[{"hash":"f56fce14d52350e46ef04eaabe07a8d8663c7939","isMergeCommit":true,"messageTitle":"Merge pull request #55 from et-irl/feature/comment-command","messageBody":"Feature/comment command","fileTypesAndContributionMap":{}}]},{"date":"2023-10-13","commitResults":[{"hash":"7cf9dcd86c1eb5678295447fdd5c8d20e676352d","isMergeCommit":false,"messageTitle":"Add MarkAttendanceCommand and UnMarkAttendanceCommand","messageBody":"This commit adds the ability to mark and unmark attendance in the MarkAttendanceCommand and UnMarkAttendanceCommand classes\n","fileTypesAndContributionMap":{"functional-code":{"insertions":482,"deletions":8},"test-code":{"insertions":10,"deletions":9}}},{"hash":"a7a8cae50e8d207ebb594714099a035b90408532","isMergeCommit":false,"messageTitle":"Fix Checkstyle errors","messageBody":"","fileTypesAndContributionMap":{"functional-code":{"insertions":18,"deletions":9}}},{"hash":"6f63f4d17c055ad7093a1c554c222753e9024c16","isMergeCommit":false,"messageTitle":"Update PersonBuilder","messageBody":"","fileTypesAndContributionMap":{"test-code":{"insertions":14,"deletions":1}}},{"hash":"3cc8ff0b5442c535d91a0d432e9d51535884d79c","isMergeCommit":false,"messageTitle":"Update JsonAdaptedPersonTest","messageBody":"","fileTypesAndContributionMap":{"test-code":{"insertions":18,"deletions":9}}},{"hash":"a6113b29408ef75ccab6d714c9dc7cc5e924c6f5","isMergeCommit":false,"messageTitle":"Fix some errors","messageBody":"","fileTypesAndContributionMap":{"functional-code":{"insertions":6,"deletions":6},"test-code":{"insertions":27,"deletions":12}}},{"hash":"dec171415ef2f46362cda7da8217b4788cdc3b25","isMergeCommit":false,"messageTitle":"Fix some fields","messageBody":"","fileTypesAndContributionMap":{"functional-code":{"insertions":8,"deletions":8},"test-code":{"insertions":3,"deletions":2}}},{"hash":"c7183f9b25f981fc49c74aa193202d821d378d43","isMergeCommit":false,"messageTitle":"Fix 1 test case","messageBody":"","fileTypesAndContributionMap":{"functional-code":{"insertions":1,"deletions":1},"test-code":{"insertions":2,"deletions":1}}},{"hash":"85ea7d11313b7b712173e31b4b28bcbad26a72b8","isMergeCommit":false,"messageTitle":"Fix some errors","messageBody":"","fileTypesAndContributionMap":{"test-code":{"insertions":1,"deletions":0}}},{"hash":"225a8aacc273aee2771a6bf6bc7a656a165819f0","isMergeCommit":false,"messageTitle":"Implement equals in Attendance","messageBody":"","fileTypesAndContributionMap":{"functional-code":{"insertions":15,"deletions":0}}},{"hash":"3e908cadc5a8a0d51fe7f6942ed621609f83cbcf","isMergeCommit":false,"messageTitle":"Add AttendanceTest, and changed week to tutorial","messageBody":"","fileTypesAndContributionMap":{"functional-code":{"insertions":58,"deletions":58},"test-code":{"insertions":87,"deletions":0}}},{"hash":"fab13ecfb14175c295fbfe217aa18c2943da4fe3","isMergeCommit":false,"messageTitle":"Update AddressBookParserTest","messageBody":"","fileTypesAndContributionMap":{"functional-code":{"insertions":33,"deletions":3},"test-code":{"insertions":18,"deletions":0}}},{"hash":"103e30f277f67784b3a80e1545c74d97fa736c29","isMergeCommit":false,"messageTitle":"Minor fix","messageBody":"","fileTypesAndContributionMap":{"test-code":{"insertions":1,"deletions":1}}},{"hash":"cbe5e890ca1c2a87420c26f3adfb715a2d606d67","isMergeCommit":false,"messageTitle":"Update ParserUtilTest","messageBody":"","fileTypesAndContributionMap":{"functional-code":{"insertions":13,"deletions":13},"test-code":{"insertions":23,"deletions":0}}},{"hash":"0de2d80ac3990bc792370406ba15bb9169315ef1","isMergeCommit":false,"messageTitle":"Add tests for mark and unmark attendance","messageBody":"","fileTypesAndContributionMap":{"functional-code":{"insertions":19,"deletions":14},"test-code":{"insertions":192,"deletions":5}}},{"hash":"876624afa202aabb81dff8f2875776321cefbdf1","isMergeCommit":false,"messageTitle":"Add Mark and Unmark Parser Tests","messageBody":"","fileTypesAndContributionMap":{"functional-code":{"insertions":4,"deletions":4},"test-code":{"insertions":124,"deletions":0}}},{"hash":"4ebb14c05d71d9b319af737f63f5aeaab5574568","isMergeCommit":false,"messageTitle":"Rename UnMarkAttendanceParser.java to UnmarkAttendanceParser.java","messageBody":"","fileTypesAndContributionMap":{"other":{"insertions":0,"deletions":0}}},{"hash":"cb6e90425407182429575e2256545dcac4f36322","isMergeCommit":false,"messageTitle":"Rename UnMarkAttendanceCommand.java to UnmarkAttendanceCommand.java","messageBody":"","fileTypesAndContributionMap":{"other":{"insertions":0,"deletions":0}}},{"hash":"455a5f333093abe83ea2ad8ed4e009e674dce261","isMergeCommit":false,"messageTitle":"Update UserGuide.md, Add Mark and Unmark Attendance feature","messageBody":"Closes #48.\nThis commit adds the ability to mark and unmark attendance in the MarkAttendanceCommand and UnMarkAttendanceCommand classes\n","fileTypesAndContributionMap":{"docs":{"insertions":32,"deletions":0}}},{"hash":"b3efcefc6747ab06bc40f575d96ae5b60ace314c","isMergeCommit":false,"messageTitle":"Rename UnMarkAttendanceParser.java to UnmarkAttendanceParser.java","messageBody":"","fileTypesAndContributionMap":{"other":{"insertions":0,"deletions":0}}},{"hash":"5fee302cfee8c3b3d956255cfcedcb6ab6b0eed9","isMergeCommit":false,"messageTitle":"Rename UnMarkAttendanceCommand.java to UnmarkAttendanceCommand.java","messageBody":"","fileTypesAndContributionMap":{"other":{"insertions":0,"deletions":0}}},{"hash":"f62f39368d4d298c0b75c83f65446c176a88a6a1","isMergeCommit":false,"messageTitle":"Fix typo in UserGuide.md","messageBody":"","fileTypesAndContributionMap":{"docs":{"insertions":1,"deletions":1}}},{"hash":"cefb40c8121772d0158c40976a0dda49992c3e4d","isMergeCommit":true,"messageTitle":"Merge branch \u0027attendance-userguide\u0027 of https://github.com/Choonyan02/tp into attendance-userguide","messageBody":"","fileTypesAndContributionMap":{}},{"hash":"f8b0234dd7b7e93d0ecbdaf6cd9857856aa29aa0","isMergeCommit":true,"messageTitle":"Merge pull request #1 from Choonyan02/attendance-userguide","messageBody":"Attendance userguide","fileTypesAndContributionMap":{}},{"hash":"4b4357f45386e842e1ed4dd6fcd2fb79388fef52","isMergeCommit":false,"messageTitle":"Fix bug for unmark Attendance","messageBody":"","fileTypesAndContributionMap":{"functional-code":{"insertions":1,"deletions":1}}},{"hash":"1c427581ae409574ab1ed96b96a72aeb923b1e19","isMergeCommit":false,"messageTitle":"Correct code logic for unmark Attendance","messageBody":"","fileTypesAndContributionMap":{"functional-code":{"insertions":2,"deletions":2}}},{"hash":"140968b4c216433a2ad3c7a9f658e84962e6e1a0","isMergeCommit":false,"messageTitle":"Update Message","messageBody":"","fileTypesAndContributionMap":{"functional-code":{"insertions":3,"deletions":2}}},{"hash":"a968f114e6ed21a8ac971cddeb260d40b1153949","isMergeCommit":false,"messageTitle":"Update UserGuide.md","messageBody":"","fileTypesAndContributionMap":{"docs":{"insertions":5,"deletions":5}}},{"hash":"b4b6ab7e61f7824f8a7e73aaee30efc723373133","isMergeCommit":true,"messageTitle":"Merge branch \u0027AY2324S1-CS2103T-T12-1:master\u0027 into master","messageBody":"","fileTypesAndContributionMap":{}},{"hash":"a33b6264179e0bab80adad8135560f5cd96e4f89","isMergeCommit":false,"messageTitle":"Update choonyan02.md","messageBody":"","fileTypesAndContributionMap":{"docs":{"insertions":41,"deletions":2}}}]},{"date":"2023-10-15","commitResults":[{"hash":"6f350e0b08ad31c92ee61f9ce125a39148cc0bf8","isMergeCommit":true,"messageTitle":"Merge pull request #66 from lsyurea/testing-branch2","messageBody":"Update Test Coverage","fileTypesAndContributionMap":{}},{"hash":"5ff975ca8232b49cfb624d40b58b6902cd64ec71","isMergeCommit":true,"messageTitle":"Merge branch \u0027AY2324S1-CS2103T-T12-1:master\u0027 into master","messageBody":"","fileTypesAndContributionMap":{}}]},{"date":"2023-10-22","commitResults":[{"hash":"e2b9d131be853526c6c9ebbc725f77a678b713b4","isMergeCommit":true,"messageTitle":"Merge branch \u0027AY2324S1-CS2103T-T12-1:master\u0027 into master","messageBody":"","fileTypesAndContributionMap":{}}]},{"date":"2023-10-24","commitResults":[{"hash":"c3f37a7b3470812a7d4a8cbf63b9bccd90949a26","isMergeCommit":true,"messageTitle":"Merge pull request #95 from et-irl/update-ug","messageBody":"Update ug","fileTypesAndContributionMap":{}}]},{"date":"2023-10-25","commitResults":[{"hash":"74669761bb313fcf6ef54ee74b7b3cf5c13a6721","isMergeCommit":true,"messageTitle":"Merge branch \u0027AY2324S1-CS2103T-T12-1:master\u0027 into master","messageBody":"","fileTypesAndContributionMap":{}},{"hash":"c7713f28a2a80e55c18220d6a7442ebf863a1e43","isMergeCommit":true,"messageTitle":"Merge pull request #99 from Vanessamae23/vanessa/update-ug-team","messageBody":"Update the User Guide","fileTypesAndContributionMap":{}},{"hash":"9b6e6b7df8505c9fc8099f5b503ea23e77ce198b","isMergeCommit":true,"messageTitle":"Merge branch \u0027AY2324S1-CS2103T-T12-1:master\u0027 into master","messageBody":"","fileTypesAndContributionMap":{}},{"hash":"765ca77802df3745029c186ef686becb6bd28d00","isMergeCommit":false,"messageTitle":"Update choonyan02.md","messageBody":"","fileTypesAndContributionMap":{"docs":{"insertions":41,"deletions":2}}},{"hash":"2dad4220d50bc5f6e6669a9df838777f3d1dbf60","isMergeCommit":true,"messageTitle":"Merge pull request #98 from lsyurea/group-branch","messageBody":"Create group command","fileTypesAndContributionMap":{}},{"hash":"5d1960e3a96092f834b979a94ffc2c630648ce19","isMergeCommit":false,"messageTitle":"Add Participation Record Features","messageBody":"","fileTypesAndContributionMap":{"functional-code":{"insertions":294,"deletions":25},"test-code":{"insertions":246,"deletions":40}}},{"hash":"21a8c339233f0bfc7174588c7f3a4550122ae6c1","isMergeCommit":false,"messageTitle":"Update UserGuide","messageBody":"","fileTypesAndContributionMap":{"docs":{"insertions":86,"deletions":35}}},{"hash":"d852d02d9ca7bee2a38555dcba595c2341206f09","isMergeCommit":true,"messageTitle":"Merge pull request #104 from lsyurea/update-documentation","messageBody":"Update documentation","fileTypesAndContributionMap":{}},{"hash":"d3e1db5726a7619fe845bad977d09d320e87e627","isMergeCommit":true,"messageTitle":"Merge pull request #109 from lsyurea/group-attendance","messageBody":"Create markGroupAtd","fileTypesAndContributionMap":{}},{"hash":"90f274c8797a822226f53e59e9745f1b9901be3b","isMergeCommit":false,"messageTitle":"Add listParticipation command","messageBody":"","fileTypesAndContributionMap":{"functional-code":{"insertions":119,"deletions":0},"docs":{"insertions":17,"deletions":1}}},{"hash":"8cb6becf5dd51983e4be1e1e6dc3ce4e28644806","isMergeCommit":false,"messageTitle":"Add test cases","messageBody":"","fileTypesAndContributionMap":{"functional-code":{"insertions":5,"deletions":3},"test-code":{"insertions":103,"deletions":0}}}]},{"date":"2023-10-26","commitResults":[{"hash":"1641fc2300a5a63cb95621ecbda2951b2a2106d1","isMergeCommit":false,"messageTitle":"Update Attendance.java","messageBody":"","fileTypesAndContributionMap":{"functional-code":{"insertions":8,"deletions":5}}},{"hash":"c6407cabcdf427a5d98752e09fc5ebe24a90a8b1","isMergeCommit":false,"messageTitle":"Update Attendance.java","messageBody":"","fileTypesAndContributionMap":{"functional-code":{"insertions":8,"deletions":5}}},{"hash":"ef1914888ba7f0e4e921802f56e66b467670fa87","isMergeCommit":true,"messageTitle":"Merge pull request #117 from lsyurea/unmark-group-branch","messageBody":"Unmark group branch","fileTypesAndContributionMap":{}},{"hash":"4192b867ae86149cb3c0f39daee5a45a7bd65df3","isMergeCommit":false,"messageTitle":"Update DeveloperGuide","messageBody":"","fileTypesAndContributionMap":{"docs":{"insertions":72,"deletions":9}}}]},{"date":"2023-10-27","commitResults":[{"hash":"3a533187ba02ac64ccdd696d348014db65d503c9","isMergeCommit":false,"messageTitle":"Update DG","messageBody":"","fileTypesAndContributionMap":{"docs":{"insertions":32,"deletions":34}}},{"hash":"5306aab1ce3e34d8745a26a0af8ed294f215ee6e","isMergeCommit":false,"messageTitle":"Update DG on UML diagram for inputPP","messageBody":"","fileTypesAndContributionMap":{"docs":{"insertions":99,"deletions":0}}},{"hash":"0e1125a1cf252e3e41d8a94ee598ff69be1b5117","isMergeCommit":false,"messageTitle":"Update md","messageBody":"","fileTypesAndContributionMap":{"docs":{"insertions":3,"deletions":1}}},{"hash":"2f2b99006832290781a27853766644a7f5c485cc","isMergeCommit":false,"messageTitle":"Fix EOF","messageBody":"","fileTypesAndContributionMap":{"docs":{"insertions":8,"deletions":8}}},{"hash":"8f51c426d29f57f12d99e449474e303d5a4bc169","isMergeCommit":false,"messageTitle":"Increase Test Coverage","messageBody":"","fileTypesAndContributionMap":{"test-code":{"insertions":54,"deletions":1}}},{"hash":"a23fc14964c54217d7f2ade03efb3122e0eb0be1","isMergeCommit":false,"messageTitle":"Simplified some commands","messageBody":"","fileTypesAndContributionMap":{"functional-code":{"insertions":44,"deletions":58},"test-code":{"insertions":5,"deletions":0}}},{"hash":"c5b800d80cca13c63227f19997195d736f5250ed","isMergeCommit":true,"messageTitle":"Merge pull request #142 from Vanessamae23/vanessa/changeDG","messageBody":"Change Developer Guide Diagrams","fileTypesAndContributionMap":{}}]},{"date":"2023-10-28","commitResults":[{"hash":"5b43129e2ad00063351967216772dba20e5f636f","isMergeCommit":false,"messageTitle":"Update choonyan02.md","messageBody":"","fileTypesAndContributionMap":{"docs":{"insertions":3,"deletions":0}}},{"hash":"b50c45363aa4a3f2d002b9b63819e6b9cb157575","isMergeCommit":false,"messageTitle":"Add ConfirmClearCommand","messageBody":"","fileTypesAndContributionMap":{"functional-code":{"insertions":41,"deletions":8},"docs":{"insertions":14,"deletions":8},"test-code":{"insertions":30,"deletions":13}}},{"hash":"2960bad33afc22ddf6021b7d45e0f98b1f01a1ea","isMergeCommit":false,"messageTitle":"Update Boolean Variable","messageBody":"","fileTypesAndContributionMap":{"functional-code":{"insertions":4,"deletions":4}}},{"hash":"31d0acdf66457acb6dcc18333450af82fa81c294","isMergeCommit":false,"messageTitle":"Add inputGroupPP command","messageBody":"","fileTypesAndContributionMap":{"functional-code":{"insertions":154,"deletions":1},"docs":{"insertions":29,"deletions":4},"test-code":{"insertions":198,"deletions":0}}},{"hash":"b379f26ff678cb9d493b054fd24f730d3cfa9a26","isMergeCommit":false,"messageTitle":"Minor edits","messageBody":"","fileTypesAndContributionMap":{"docs":{"insertions":18,"deletions":20}}}]}],"Vanessamae23":[{"date":"2023-10-03","commitResults":[{"hash":"914a1cdfeac47ccdacfafcfc1952438405caa819","isMergeCommit":false,"messageTitle":"Update user guide","messageBody":"","fileTypesAndContributionMap":{"docs":{"insertions":57,"deletions":11}}},{"hash":"0369c6e6249d55b39155de5f8adef0e4de22ea2c","isMergeCommit":true,"messageTitle":"Merge pull request #28 from Choonyan02/master","messageBody":"Update DeveloperGuide.md and team images","fileTypesAndContributionMap":{}},{"hash":"2357c3ff18e6a67df14c95a4232c44e61ef44b80","isMergeCommit":true,"messageTitle":"Merge pull request #29 from et-irl/master","messageBody":"Week 7 Tasks","fileTypesAndContributionMap":{}},{"hash":"416502844e3323f025ae9d42b1dd593f1b556f81","isMergeCommit":false,"messageTitle":"Add picture","messageBody":"","fileTypesAndContributionMap":{"docs":{"insertions":27,"deletions":0}}},{"hash":"97537ed091367af03a0299120d3b60fc18448179","isMergeCommit":false,"messageTitle":"Fix trailing whitespace","messageBody":"","fileTypesAndContributionMap":{"docs":{"insertions":1,"deletions":1}}}]},{"date":"2023-10-05","commitResults":[{"hash":"e3cc668c0ab6624ce40ea9f58ef153500afd2a6b","isMergeCommit":false,"messageTitle":"Update and remove ab3","messageBody":"","fileTypesAndContributionMap":{"docs":{"insertions":15,"deletions":83}}},{"hash":"a6750b42e9da38d45bbb94c56ed9b84b07acb540","isMergeCommit":true,"messageTitle":"Merge pull request #44 from et-irl/v1.1-cleanup","messageBody":"V1.1 cleanup","fileTypesAndContributionMap":{}}]},{"date":"2023-10-10","commitResults":[{"hash":"14c5dbec9e58ff3b444290060724cc4686495d3d","isMergeCommit":false,"messageTitle":"Change address to telegram handle.","messageBody":"","fileTypesAndContributionMap":{"functional-code":{"insertions":73,"deletions":82},"other":{"insertions":10,"deletions":10},"docs":{"insertions":57,"deletions":57},"test-code":{"insertions":101,"deletions":107}}}]},{"date":"2023-10-11","commitResults":[{"hash":"61ac6fdb52ffdd15309061359e30b5ba1626b3c0","isMergeCommit":false,"messageTitle":"Change address to telegram handle.","messageBody":"","fileTypesAndContributionMap":{"functional-code":{"insertions":15,"deletions":15},"test-code":{"insertions":110,"deletions":106}}}]},{"date":"2023-10-13","commitResults":[{"hash":"4b96df923c7713c6c4dd85b494194b61baaeac9f","isMergeCommit":true,"messageTitle":"Merge et comments branch.","messageBody":"","fileTypesAndContributionMap":{}},{"hash":"a89e13add70c1ccfb5b5a34d61dd7d2083ebc209","isMergeCommit":false,"messageTitle":"Fix checkstyle","messageBody":"","fileTypesAndContributionMap":{"functional-code":{"insertions":35,"deletions":28},"test-code":{"insertions":42,"deletions":34}}},{"hash":"35a46e9dc8af9a803c1941a4f90cfd388fb6e876","isMergeCommit":false,"messageTitle":"Fix regression","messageBody":"","fileTypesAndContributionMap":{"functional-code":{"insertions":11,"deletions":11},"docs":{"insertions":6,"deletions":4}}},{"hash":"2a8d951c21c2809a4f9d47caa5d7c6ce65eb89f1","isMergeCommit":false,"messageTitle":"Fix markdown details","messageBody":"","fileTypesAndContributionMap":{"docs":{"insertions":1,"deletions":1}}},{"hash":"3e78a5e0d4fcf37932cbd5b3ee4fdd3f6b8ed537","isMergeCommit":false,"messageTitle":"Change wrong directory","messageBody":"","fileTypesAndContributionMap":{"docs":{"insertions":17,"deletions":7}}},{"hash":"832a98bf60c8d1871147e7072f9a6e0d94d8e368","isMergeCommit":false,"messageTitle":"Change broken links","messageBody":"","fileTypesAndContributionMap":{"docs":{"insertions":31,"deletions":37}}},{"hash":"4b65707d9a0c00316223148007858bbd62bff434","isMergeCommit":true,"messageTitle":"Merge pull request #61 from Choonyan02/attendance-userguide","messageBody":"Update UserGuide.md, Add Mark and Unmark Attendance feature","fileTypesAndContributionMap":{}},{"hash":"ff6be18b1c4d28e5a37cb658a20c2744e6309047","isMergeCommit":false,"messageTitle":"Change address book phrase","messageBody":"","fileTypesAndContributionMap":{"docs":{"insertions":12,"deletions":12}}},{"hash":"0744f5b0888473d2454dcb7449de74b5290b60e2","isMergeCommit":true,"messageTitle":"Merge Choon Yan attendance feature","messageBody":"","fileTypesAndContributionMap":{}},{"hash":"c9f4cc8445771f4b33aa5b8f3c976f2eea502aa6","isMergeCommit":false,"messageTitle":"Fix regression","messageBody":"","fileTypesAndContributionMap":{"functional-code":{"insertions":2,"deletions":0}}},{"hash":"d58bf71e94fbd74db8d96b127eb47bdd9ac41cd7","isMergeCommit":false,"messageTitle":"Add some minor changes","messageBody":"","fileTypesAndContributionMap":{"functional-code":{"insertions":0,"deletions":2},"docs":{"insertions":2,"deletions":2}}}]},{"date":"2023-10-21","commitResults":[{"hash":"31c940f4c6273ab084412ea9a4aa0d18e02bccd9","isMergeCommit":false,"messageTitle":"Add telegram link","messageBody":"","fileTypesAndContributionMap":{"functional-code":{"insertions":34,"deletions":7}}},{"hash":"666bc5db3c89bcf0a4d5a42b7c24e0a6f58b15be","isMergeCommit":false,"messageTitle":"Fix checkstyle issue","messageBody":"","fileTypesAndContributionMap":{"functional-code":{"insertions":26,"deletions":8}}}]},{"date":"2023-10-23","commitResults":[{"hash":"fd06b3ea23825b1553c0d0f990e4272c1e7e92db","isMergeCommit":true,"messageTitle":"Merge pull request #71 from et-irl/v1.3","messageBody":"Add Distribute Assignments Command","fileTypesAndContributionMap":{}}]},{"date":"2023-10-24","commitResults":[{"hash":"23a98cf92ada1b258c749bfe953ebc9b20c8e182","isMergeCommit":true,"messageTitle":"Merge pull request #78 from lsyurea/help-branch","messageBody":"Update Help Command","fileTypesAndContributionMap":{}},{"hash":"a7de6493f52d86fbc186ff423ed7cd4c044bb906","isMergeCommit":false,"messageTitle":"Add grade command","messageBody":"","fileTypesAndContributionMap":{"functional-code":{"insertions":213,"deletions":0},"docs":{"insertions":13,"deletions":5},"test-code":{"insertions":227,"deletions":0}}},{"hash":"5501c714a1f08fe023703836b56106c9335d5ecc","isMergeCommit":true,"messageTitle":"Merge branch \u0027master\u0027 of https://github.com/AY2324S1-CS2103T-T12-1/tp into vanessa/add-grade-command","messageBody":"","fileTypesAndContributionMap":{}},{"hash":"64b53eb22c284c12ee8f03be3e9640faa58cf9ed","isMergeCommit":false,"messageTitle":"Update DG and UG","messageBody":"","fileTypesAndContributionMap":{"functional-code":{"insertions":4,"deletions":2},"docs":{"insertions":40,"deletions":4}}},{"hash":"3ff75fe8b7c277f2e1cccf26838073c399be5cfc","isMergeCommit":false,"messageTitle":"Update checkstyle","messageBody":"","fileTypesAndContributionMap":{"functional-code":{"insertions":9,"deletions":13},"test-code":{"insertions":2,"deletions":3}}},{"hash":"5791cceb5f87a849cb7a2ec8c95d2817865985dc","isMergeCommit":false,"messageTitle":"Add grade command","messageBody":"","fileTypesAndContributionMap":{"functional-code":{"insertions":213,"deletions":0},"docs":{"insertions":13,"deletions":5},"test-code":{"insertions":227,"deletions":0}}},{"hash":"f42e56678c7901674a84eeb13d6efed59ab7b245","isMergeCommit":false,"messageTitle":"Update DG and UG","messageBody":"","fileTypesAndContributionMap":{"functional-code":{"insertions":4,"deletions":2},"docs":{"insertions":40,"deletions":4}}},{"hash":"44ce73692eef1c415888957645906fe1aaf8046a","isMergeCommit":false,"messageTitle":"Update checkstyle","messageBody":"","fileTypesAndContributionMap":{"functional-code":{"insertions":9,"deletions":13},"test-code":{"insertions":2,"deletions":3}}},{"hash":"53aec2c7ec7a354c4122fa38f481ce1ee362e9c6","isMergeCommit":true,"messageTitle":"Merge pull request #86 from lsyurea/help-branch","messageBody":"Update help command","fileTypesAndContributionMap":{}},{"hash":"2a72b5f4451560eca9909db07295babcb253b3e5","isMergeCommit":false,"messageTitle":"Fix assignment and grade issue","messageBody":"","fileTypesAndContributionMap":{"functional-code":{"insertions":63,"deletions":27},"docs":{"insertions":2,"deletions":1}}},{"hash":"e6aed4d6d39059ca2164346a07e018d35cfeab13","isMergeCommit":false,"messageTitle":"Fix checkstyle issue","messageBody":"","fileTypesAndContributionMap":{"functional-code":{"insertions":2,"deletions":9},"test-code":{"insertions":29,"deletions":14}}},{"hash":"7095aaf9172d37f8973749ebcc42a3655b3361ed","isMergeCommit":true,"messageTitle":"Merge pull request #94 from et-irl/pr-template","messageBody":"Add PR Template","fileTypesAndContributionMap":{}}]},{"date":"2023-10-25","commitResults":[{"hash":"6868250f80878c519e05c49d2cafbb39e8c83259","isMergeCommit":false,"messageTitle":"Change User Guide","messageBody":"","fileTypesAndContributionMap":{"docs":{"insertions":118,"deletions":36}}},{"hash":"f1abe30735d5702f3dc157fb5d2e6358b988dbaa","isMergeCommit":false,"messageTitle":"Change User Guide","messageBody":"","fileTypesAndContributionMap":{"docs":{"insertions":118,"deletions":36}}},{"hash":"8d0e9c078cf9a2d9b63ffdf9c4b77d00d2899379","isMergeCommit":false,"messageTitle":"Upgrade UI","messageBody":"","fileTypesAndContributionMap":{"functional-code":{"insertions":27,"deletions":12}}}]},{"date":"2023-10-26","commitResults":[{"hash":"460e3f21d54374bdfb1955628de13095f0c9aed1","isMergeCommit":true,"messageTitle":"Upgrade UI","messageBody":"","fileTypesAndContributionMap":{}},{"hash":"efe7dd59d652eb85788538aa8328b5cec4fd5c7d","isMergeCommit":false,"messageTitle":"Upgrade UI","messageBody":"","fileTypesAndContributionMap":{"functional-code":{"insertions":30,"deletions":28}}},{"hash":"c1e4e2b0ac1b873c605a5743758d2250e32f2119","isMergeCommit":false,"messageTitle":"Reformat User Guide","messageBody":"","fileTypesAndContributionMap":{"docs":{"insertions":46,"deletions":37}}},{"hash":"c84f93d7f3d670e20eb8ed9cff41f6cd5fbd1402","isMergeCommit":false,"messageTitle":"Reformat User Guide","messageBody":"","fileTypesAndContributionMap":{"docs":{"insertions":103,"deletions":30}}},{"hash":"aada85e1a2f779f8764670157e111faec9c5e77d","isMergeCommit":true,"messageTitle":"Merge branch \u0027master\u0027 of https://github.com/AY2324S1-CS2103T-T12-1/tp into vanessa/reformat-ug-2","messageBody":"","fileTypesAndContributionMap":{}}]},{"date":"2023-10-27","commitResults":[{"hash":"eb4f504ee3f7b98e3bc47541a4457fe2f044516f","isMergeCommit":true,"messageTitle":"Merge pull request #139 from Choonyan02/master","messageBody":"Update DG on UML diagram for inputPP","fileTypesAndContributionMap":{}},{"hash":"6a1f1fd1be9679e2dff17a2095fbc48a48e52834","isMergeCommit":true,"messageTitle":"Merge pull request #141 from Choonyan02/updatePerson","messageBody":"Simplified some commands","fileTypesAndContributionMap":{}},{"hash":"d20751526527133d5fd2712b4db2fb7d85883605","isMergeCommit":false,"messageTitle":"Change DG Diagrams","messageBody":"","fileTypesAndContributionMap":{"docs":{"insertions":257,"deletions":19}}}]},{"date":"2023-10-28","commitResults":[{"hash":"786e4cdf641fc4752d62f2b553a6af6c001d2d3f","isMergeCommit":false,"messageTitle":"Change logic for default","messageBody":"","fileTypesAndContributionMap":{"functional-code":{"insertions":43,"deletions":46},"docs":{"insertions":2,"deletions":0},"test-code":{"insertions":69,"deletions":17}}},{"hash":"f616c24c0fceb5d88f746813ff9e6f2c0994b079","isMergeCommit":false,"messageTitle":"Update regex for telegram","messageBody":"","fileTypesAndContributionMap":{"functional-code":{"insertions":3,"deletions":2},"docs":{"insertions":12,"deletions":2},"test-code":{"insertions":5,"deletions":5}}},{"hash":"358d95586195cfdc701cc625250dc11f60ad5fcb","isMergeCommit":true,"messageTitle":"Merge pull request #144 from Choonyan02/master","messageBody":"Add ConfirmClearCommand","fileTypesAndContributionMap":{}},{"hash":"9fce5375500c24cb5a883d2273fbff6979b21334","isMergeCommit":false,"messageTitle":"Update regex fix","messageBody":"","fileTypesAndContributionMap":{"functional-code":{"insertions":1,"deletions":1}}},{"hash":"b0c36588c24da1ad95549efddcbff5a437a88b6d","isMergeCommit":false,"messageTitle":"Update regex fix","messageBody":"","fileTypesAndContributionMap":{"functional-code":{"insertions":4,"deletions":3},"docs":{"insertions":4,"deletions":4},"test-code":{"insertions":1,"deletions":1}}},{"hash":"179c27758147deace3a774f51db7f61d47029a63","isMergeCommit":false,"messageTitle":"Update regex fix","messageBody":"","fileTypesAndContributionMap":{"functional-code":{"insertions":1,"deletions":1},"test-code":{"insertions":1,"deletions":1}}},{"hash":"7cb65c25f59eb37f5abcaa5c23a7e43a8c6f28b8","isMergeCommit":false,"messageTitle":"Update regex fix","messageBody":"","fileTypesAndContributionMap":{"test-code":{"insertions":3,"deletions":1}}}]}]},"authorFileTypeContributionMap":{"lsyurea":{"docs":189,"functional-code":1212,"test-code":1043,"other":4},"et-irl":{"docs":249,"functional-code":1057,"test-code":55},"proto-aiken-13":{"docs":33,"functional-code":79,"test-code":0},"Choonyan02":{"docs":377,"functional-code":1129,"test-code":1087},"Vanessamae23":{"docs":565,"functional-code":387,"test-code":483,"other":39}},"authorContributionVariance":{"lsyurea":70357.31,"et-irl":17054.412,"proto-aiken-13":790.9395,"Choonyan02":84703.89,"Vanessamae23":49354.547},"authorDisplayNameMap":{"lsyurea":"CS2103T-T12-1 LEE ..YUAN","et-irl":"CS2103T-T12-1 TAN ..LUNA","proto-aiken-13":"CS2103T-T12-1 JOSE..CENA","Choonyan02":"CS2103T-T12-1 NAH .. YAN","Vanessamae23":"CS2103T-T12-1 VANE.. MAE"}}
