[{"path":"docs/AboutUs.md","fileType":"docs","lines":[{"lineNumber":1,"author":{"gitId":"-"},"content":"---","lastModifiedDate":"2020-05-23"},{"lineNumber":2,"author":{"gitId":"-"},"content":"  layout: default.md","lastModifiedDate":"2023-09-12"},{"lineNumber":3,"author":{"gitId":"-"},"content":"  title: \"About Us\"","lastModifiedDate":"2023-09-12"},{"lineNumber":4,"author":{"gitId":"-"},"content":"---","lastModifiedDate":"2020-05-23"},{"lineNumber":5,"author":{"gitId":"-"},"content":"","lastModifiedDate":"2020-05-23"},{"lineNumber":6,"author":{"gitId":"-"},"content":"# About Us","lastModifiedDate":"2023-09-12"},{"lineNumber":7,"author":{"gitId":"-"},"content":"","lastModifiedDate":"2023-09-12"},{"lineNumber":8,"author":{"gitId":"-"},"content":"We are a team based in the [School of Computing, National University of Singapore](http://www.comp.nus.edu.sg).","lastModifiedDate":"2020-05-23"},{"lineNumber":9,"author":{"gitId":"-"},"content":"","lastModifiedDate":"2020-05-23"},{"lineNumber":10,"author":{"gitId":"-"},"content":"You can reach us at the email `seer[at]comp.nus.edu.sg`","lastModifiedDate":"2020-06-17"},{"lineNumber":11,"author":{"gitId":"-"},"content":"","lastModifiedDate":"2020-06-17"},{"lineNumber":12,"author":{"gitId":"-"},"content":"## Project team","lastModifiedDate":"2020-06-07"},{"lineNumber":13,"author":{"gitId":"-"},"content":"","lastModifiedDate":"2020-05-23"},{"lineNumber":14,"author":{"gitId":"rocketninja7"},"content":"### Andrew Yapp","lastModifiedDate":"2023-10-02"},{"lineNumber":15,"author":{"gitId":"-"},"content":"","lastModifiedDate":"2020-05-23"},{"lineNumber":16,"author":{"gitId":"rocketninja7"},"content":"\u003cimg src\u003d\"images/rocketninja7.png\" width\u003d\"200px\"\u003e","lastModifiedDate":"2023-10-02"},{"lineNumber":17,"author":{"gitId":"-"},"content":"","lastModifiedDate":"2020-05-23"},{"lineNumber":18,"author":{"gitId":"rocketninja7"},"content":"[[github](https://github.com/rocketninja7)]","lastModifiedDate":"2023-10-02"},{"lineNumber":19,"author":{"gitId":"rocketninja7"},"content":"[[portfolio](team/andrewyapp.md)]","lastModifiedDate":"2023-10-02"},{"lineNumber":20,"author":{"gitId":"-"},"content":"","lastModifiedDate":"2020-05-23"},{"lineNumber":21,"author":{"gitId":"rocketninja7"},"content":"* Role: Software Developer","lastModifiedDate":"2023-10-02"},{"lineNumber":22,"author":{"gitId":"-"},"content":"","lastModifiedDate":"2020-05-23"},{"lineNumber":23,"author":{"gitId":"-"},"content":"### Jane Doe","lastModifiedDate":"2020-06-17"},{"lineNumber":24,"author":{"gitId":"-"},"content":"","lastModifiedDate":"2020-05-23"},{"lineNumber":25,"author":{"gitId":"-"},"content":"\u003cimg src\u003d\"images/johndoe.png\" width\u003d\"200px\"\u003e","lastModifiedDate":"2020-06-17"},{"lineNumber":26,"author":{"gitId":"-"},"content":"","lastModifiedDate":"2020-05-23"},{"lineNumber":27,"author":{"gitId":"-"},"content":"[[github](http://github.com/johndoe)]","lastModifiedDate":"2020-06-17"},{"lineNumber":28,"author":{"gitId":"-"},"content":"[[portfolio](team/johndoe.md)]","lastModifiedDate":"2020-05-23"},{"lineNumber":29,"author":{"gitId":"-"},"content":"","lastModifiedDate":"2020-05-23"},{"lineNumber":30,"author":{"gitId":"-"},"content":"* Role: Team Lead","lastModifiedDate":"2020-05-23"},{"lineNumber":31,"author":{"gitId":"-"},"content":"* Responsibilities: UI","lastModifiedDate":"2020-05-23"},{"lineNumber":32,"author":{"gitId":"-"},"content":"","lastModifiedDate":"2020-05-23"},{"lineNumber":33,"author":{"gitId":"ji-just-ji"},"content":"### Wong Ji Kean","lastModifiedDate":"2023-10-04"},{"lineNumber":34,"author":{"gitId":"-"},"content":"","lastModifiedDate":"2020-05-23"},{"lineNumber":35,"author":{"gitId":"-"},"content":"\u003cimg src\u003d\"images/johndoe.png\" width\u003d\"200px\"\u003e","lastModifiedDate":"2020-06-17"},{"lineNumber":36,"author":{"gitId":"-"},"content":"","lastModifiedDate":"2020-05-23"},{"lineNumber":37,"author":{"gitId":"ji-just-ji"},"content":"[[github](http://github.com/ji-just-ji)]","lastModifiedDate":"2023-10-04"},{"lineNumber":38,"author":{"gitId":"ji-just-ji"},"content":"[[portfolio](team/johndoe.md)]","lastModifiedDate":"2023-10-04"},{"lineNumber":39,"author":{"gitId":"-"},"content":"","lastModifiedDate":"2020-05-23"},{"lineNumber":40,"author":{"gitId":"-"},"content":"* Role: Developer","lastModifiedDate":"2020-05-23"},{"lineNumber":41,"author":{"gitId":"-"},"content":"* Responsibilities: Data","lastModifiedDate":"2020-05-23"},{"lineNumber":42,"author":{"gitId":"-"},"content":"","lastModifiedDate":"2020-05-23"},{"lineNumber":43,"author":{"gitId":"xCOLOURx"},"content":"### Kyle Zheng Ching Chan","lastModifiedDate":"2023-10-04"},{"lineNumber":44,"author":{"gitId":"-"},"content":"","lastModifiedDate":"2020-05-23"},{"lineNumber":45,"author":{"gitId":"xCOLOURx"},"content":"\u003cimg src\u003d\"images/xcolourx.png\" width\u003d\"200px\"\u003e","lastModifiedDate":"2023-10-04"},{"lineNumber":46,"author":{"gitId":"-"},"content":"","lastModifiedDate":"2020-05-23"},{"lineNumber":47,"author":{"gitId":"xCOLOURx"},"content":"[[github](https://github.com/xCOLOURx)]","lastModifiedDate":"2023-10-04"},{"lineNumber":48,"author":{"gitId":"xCOLOURx"},"content":"[[portfolio](team/xcolourx.md)]","lastModifiedDate":"2023-10-04"},{"lineNumber":49,"author":{"gitId":"-"},"content":"","lastModifiedDate":"2020-05-23"},{"lineNumber":50,"author":{"gitId":"-"},"content":"* Role: Developer","lastModifiedDate":"2020-05-23"},{"lineNumber":51,"author":{"gitId":"-"},"content":"* Responsibilities: Dev Ops + Threading","lastModifiedDate":"2020-05-23"},{"lineNumber":52,"author":{"gitId":"-"},"content":"","lastModifiedDate":"2020-05-23"},{"lineNumber":53,"author":{"gitId":"-"},"content":"### James Doe","lastModifiedDate":"2020-06-17"},{"lineNumber":54,"author":{"gitId":"-"},"content":"","lastModifiedDate":"2020-05-23"},{"lineNumber":55,"author":{"gitId":"-"},"content":"\u003cimg src\u003d\"images/johndoe.png\" width\u003d\"200px\"\u003e","lastModifiedDate":"2020-06-17"},{"lineNumber":56,"author":{"gitId":"-"},"content":"","lastModifiedDate":"2020-05-23"},{"lineNumber":57,"author":{"gitId":"-"},"content":"[[github](http://github.com/johndoe)]","lastModifiedDate":"2020-06-17"},{"lineNumber":58,"author":{"gitId":"-"},"content":"[[portfolio](team/johndoe.md)]","lastModifiedDate":"2020-05-23"},{"lineNumber":59,"author":{"gitId":"-"},"content":"","lastModifiedDate":"2020-05-23"},{"lineNumber":60,"author":{"gitId":"-"},"content":"* Role: Developer","lastModifiedDate":"2020-05-23"},{"lineNumber":61,"author":{"gitId":"-"},"content":"* Responsibilities: UI","lastModifiedDate":"2020-05-23"}],"authorContributionMap":{"rocketninja7":5,"xCOLOURx":4,"ji-just-ji":3,"-":49}},{"path":"docs/team/andrewyapp.md","fileType":"docs","lines":[{"lineNumber":1,"author":{"gitId":"rocketninja7"},"content":"---","lastModifiedDate":"2023-10-02"},{"lineNumber":2,"author":{"gitId":"rocketninja7"},"content":"  layout: default.md","lastModifiedDate":"2023-10-02"},{"lineNumber":3,"author":{"gitId":"rocketninja7"},"content":"  title: \"Andrew Yapp\u0027s Project Portfolio Page\"","lastModifiedDate":"2023-10-02"},{"lineNumber":4,"author":{"gitId":"rocketninja7"},"content":"---","lastModifiedDate":"2023-10-02"},{"lineNumber":5,"author":{"gitId":"rocketninja7"},"content":"","lastModifiedDate":"2023-10-02"},{"lineNumber":6,"author":{"gitId":"rocketninja7"},"content":"### Project: ModCraft","lastModifiedDate":"2023-10-02"},{"lineNumber":7,"author":{"gitId":"rocketninja7"},"content":"","lastModifiedDate":"2023-10-02"},{"lineNumber":8,"author":{"gitId":"rocketninja7"},"content":"ModCraft is an app that provides a fast and easy way for students to track courses ","lastModifiedDate":"2023-10-02"},{"lineNumber":9,"author":{"gitId":"rocketninja7"},"content":"to take to meet graduation requirements and plan courses to take. The user interacts ","lastModifiedDate":"2023-10-02"},{"lineNumber":10,"author":{"gitId":"rocketninja7"},"content":"with it using a CLI, and it has a GUI created with JavaFX.","lastModifiedDate":"2023-10-02"},{"lineNumber":11,"author":{"gitId":"rocketninja7"},"content":"","lastModifiedDate":"2023-10-02"},{"lineNumber":12,"author":{"gitId":"rocketninja7"},"content":"Given below are my contributions to the project.","lastModifiedDate":"2023-10-02"},{"lineNumber":13,"author":{"gitId":"rocketninja7"},"content":"","lastModifiedDate":"2023-10-02"},{"lineNumber":14,"author":{"gitId":"rocketninja7"},"content":"* **to be added soon**","lastModifiedDate":"2023-10-02"},{"lineNumber":15,"author":{"gitId":"rocketninja7"},"content":"","lastModifiedDate":"2023-10-02"},{"lineNumber":16,"author":{"gitId":"rocketninja7"},"content":"* **Code contributed**: [RepoSense link](https://nus-cs2103-ay2324s1.github.io/tp-dashboard/#/widget/?search\u003d\u0026sort\u003dgroupTitle\u0026sortWithin\u003dtitle\u0026timeframe\u003dcommit\u0026mergegroup\u003d\u0026groupSelect\u003dgroupByRepos\u0026breakdown\u003dtrue\u0026checkedFileTypes\u003ddocs~functional-code~test-code\u0026since\u003d2023-09-22\u0026chartGroupIndex\u003d46\u0026chartIndex\u003d0)","lastModifiedDate":"2023-10-02"},{"lineNumber":17,"author":{"gitId":"rocketninja7"},"content":"","lastModifiedDate":"2023-10-02"},{"lineNumber":18,"author":{"gitId":"rocketninja7"},"content":"* **Project management**:","lastModifiedDate":"2023-10-02"},{"lineNumber":19,"author":{"gitId":"rocketninja7"},"content":"  * to be added soon","lastModifiedDate":"2023-10-02"},{"lineNumber":20,"author":{"gitId":"rocketninja7"},"content":"","lastModifiedDate":"2023-10-02"},{"lineNumber":21,"author":{"gitId":"rocketninja7"},"content":"* **Enhancements to existing features**:","lastModifiedDate":"2023-10-02"},{"lineNumber":22,"author":{"gitId":"rocketninja7"},"content":"  to be added soon","lastModifiedDate":"2023-10-02"},{"lineNumber":23,"author":{"gitId":"rocketninja7"},"content":"","lastModifiedDate":"2023-10-02"},{"lineNumber":24,"author":{"gitId":"rocketninja7"},"content":"* **Documentation**:","lastModifiedDate":"2023-10-02"},{"lineNumber":25,"author":{"gitId":"rocketninja7"},"content":"  * User Guide:","lastModifiedDate":"2023-10-02"},{"lineNumber":26,"author":{"gitId":"rocketninja7"},"content":"    * to be added soon","lastModifiedDate":"2023-10-02"},{"lineNumber":27,"author":{"gitId":"rocketninja7"},"content":"  * Developer Guide:","lastModifiedDate":"2023-10-02"},{"lineNumber":28,"author":{"gitId":"rocketninja7"},"content":"    * to be added soon","lastModifiedDate":"2023-10-02"},{"lineNumber":29,"author":{"gitId":"rocketninja7"},"content":"","lastModifiedDate":"2023-10-02"},{"lineNumber":30,"author":{"gitId":"rocketninja7"},"content":"* **Community**:","lastModifiedDate":"2023-10-02"},{"lineNumber":31,"author":{"gitId":"rocketninja7"},"content":"  * PRs reviewed (with non-trivial review comments): to be added soon","lastModifiedDate":"2023-10-02"},{"lineNumber":32,"author":{"gitId":"rocketninja7"},"content":"  * Contributed to forum discussions (examples: to be added soon)","lastModifiedDate":"2023-10-02"},{"lineNumber":33,"author":{"gitId":"rocketninja7"},"content":"  * Reported bugs and suggestions for other teams in the class (examples: to be added soon)","lastModifiedDate":"2023-10-02"},{"lineNumber":34,"author":{"gitId":"rocketninja7"},"content":"  * Some parts of some feature I added was adopted by several other class mates (to be added soon)","lastModifiedDate":"2023-10-02"},{"lineNumber":35,"author":{"gitId":"rocketninja7"},"content":"","lastModifiedDate":"2023-10-02"},{"lineNumber":36,"author":{"gitId":"rocketninja7"},"content":"* **Tools**:","lastModifiedDate":"2023-10-02"},{"lineNumber":37,"author":{"gitId":"rocketninja7"},"content":"  * to be added soon","lastModifiedDate":"2023-10-02"}],"authorContributionMap":{"rocketninja7":37}},{"path":"docs/team/xcolourx.md","fileType":"docs","lines":[{"lineNumber":1,"author":{"gitId":"xCOLOURx"},"content":"---","lastModifiedDate":"2023-10-04"},{"lineNumber":2,"author":{"gitId":"xCOLOURx"},"content":"layout: default.md","lastModifiedDate":"2023-10-04"},{"lineNumber":3,"author":{"gitId":"xCOLOURx"},"content":"title: \"Kyle Zheng Ching Chan\u0027s Project Portfolio Page\"","lastModifiedDate":"2023-10-04"},{"lineNumber":4,"author":{"gitId":"xCOLOURx"},"content":"---","lastModifiedDate":"2023-10-04"},{"lineNumber":5,"author":{"gitId":"xCOLOURx"},"content":"","lastModifiedDate":"2023-10-04"},{"lineNumber":6,"author":{"gitId":"xCOLOURx"},"content":"### Project: ModCraft","lastModifiedDate":"2023-10-04"},{"lineNumber":7,"author":{"gitId":"xCOLOURx"},"content":"","lastModifiedDate":"2023-10-04"},{"lineNumber":8,"author":{"gitId":"xCOLOURx"},"content":"ModCraft is an app that provides a fast and easy way for students to track courses","lastModifiedDate":"2023-10-04"},{"lineNumber":9,"author":{"gitId":"xCOLOURx"},"content":"to take to meet graduation requirements and plan courses to take. The user interacts","lastModifiedDate":"2023-10-04"},{"lineNumber":10,"author":{"gitId":"xCOLOURx"},"content":"with it using a CLI, and it has a GUI created with JavaFX.","lastModifiedDate":"2023-10-04"},{"lineNumber":11,"author":{"gitId":"xCOLOURx"},"content":"","lastModifiedDate":"2023-10-04"},{"lineNumber":12,"author":{"gitId":"xCOLOURx"},"content":"Given below are my contributions to the project.","lastModifiedDate":"2023-10-04"},{"lineNumber":13,"author":{"gitId":"xCOLOURx"},"content":"","lastModifiedDate":"2023-10-04"},{"lineNumber":14,"author":{"gitId":"xCOLOURx"},"content":"* **to be added soon**","lastModifiedDate":"2023-10-04"},{"lineNumber":15,"author":{"gitId":"xCOLOURx"},"content":"","lastModifiedDate":"2023-10-04"},{"lineNumber":16,"author":{"gitId":"xCOLOURx"},"content":"* **Code contributed**: [RepoSense link]()","lastModifiedDate":"2023-10-04"},{"lineNumber":17,"author":{"gitId":"xCOLOURx"},"content":"","lastModifiedDate":"2023-10-04"},{"lineNumber":18,"author":{"gitId":"xCOLOURx"},"content":"* **Project management**:","lastModifiedDate":"2023-10-04"},{"lineNumber":19,"author":{"gitId":"xCOLOURx"},"content":"    * to be added soon","lastModifiedDate":"2023-10-04"},{"lineNumber":20,"author":{"gitId":"xCOLOURx"},"content":"","lastModifiedDate":"2023-10-04"},{"lineNumber":21,"author":{"gitId":"xCOLOURx"},"content":"* **Enhancements to existing features**:","lastModifiedDate":"2023-10-04"},{"lineNumber":22,"author":{"gitId":"xCOLOURx"},"content":"    * to be added soon","lastModifiedDate":"2023-10-04"},{"lineNumber":23,"author":{"gitId":"xCOLOURx"},"content":"","lastModifiedDate":"2023-10-04"},{"lineNumber":24,"author":{"gitId":"xCOLOURx"},"content":"* **Documentation**:","lastModifiedDate":"2023-10-04"},{"lineNumber":25,"author":{"gitId":"xCOLOURx"},"content":"    * to be added soon","lastModifiedDate":"2023-10-04"},{"lineNumber":26,"author":{"gitId":"xCOLOURx"},"content":"","lastModifiedDate":"2023-10-04"},{"lineNumber":27,"author":{"gitId":"xCOLOURx"},"content":"* **Community**:","lastModifiedDate":"2023-10-04"},{"lineNumber":28,"author":{"gitId":"xCOLOURx"},"content":"    * to be added soon","lastModifiedDate":"2023-10-04"},{"lineNumber":29,"author":{"gitId":"xCOLOURx"},"content":"","lastModifiedDate":"2023-10-04"},{"lineNumber":30,"author":{"gitId":"xCOLOURx"},"content":"* **Tools**:","lastModifiedDate":"2023-10-04"},{"lineNumber":31,"author":{"gitId":"xCOLOURx"},"content":"    * to be added soon","lastModifiedDate":"2023-10-04"},{"lineNumber":32,"author":{"gitId":"xCOLOURx"},"content":"","lastModifiedDate":"2023-10-04"}],"authorContributionMap":{"xCOLOURx":32}}]
