{"authorDailyContributionsMap":{"howenc":[{"date":"2023-09-23","commitResults":[{"hash":"e788d6809629f0e8ebc311075d689022f957bbb8","isMergeCommit":false,"messageTitle":"Complete Tutorial for tp","messageBody":"","fileTypesAndContributionMap":{"functional-code":{"insertions":269,"deletions":147},"test-code":{"insertions":154,"deletions":228}}}]},{"date":"2023-09-25","commitResults":[{"hash":"3314e823537fa9163242bd2953df94cdd4a3e60a","isMergeCommit":true,"messageTitle":"Merge branch \u0027master\u0027 into tutorial-adding-command","messageBody":"","fileTypesAndContributionMap":{}},{"hash":"dace84aeb07d2ebdd59781f66d07415be1f34856","isMergeCommit":false,"messageTitle":"Change line separator","messageBody":"","fileTypesAndContributionMap":{"functional-code":{"insertions":199,"deletions":199},"test-code":{"insertions":65,"deletions":65}}}]},{"date":"2023-10-02","commitResults":[{"hash":"c55cbee6d9d29515a24e3d3fea8762b6fc6084c8","isMergeCommit":true,"messageTitle":"Merge pull request #13 from howenc/tutorial-adding-command","messageBody":"Tutorial adding command","fileTypesAndContributionMap":{}},{"hash":"3b9a00978f6d37a713f080a6d46a86b9f8d14219","isMergeCommit":false,"messageTitle":"Meetings are now inside","messageBody":"1. Meetings will be stored like this\n2. Attendees are not considered when finding duplicates\n3. You can add as much attendees in a meeting\n4. Attendees do not correspond to the persons in the contact list\n(need more work to fix this)\n5. currently only way to view is from the data storage\n","fileTypesAndContributionMap":{"functional-code":{"insertions":1042,"deletions":5},"test-code":{"insertions":6,"deletions":1}}},{"hash":"2f987a99812254e2b4a8d502037030d312888da2","isMergeCommit":false,"messageTitle":"Add attendee to meeting fix","messageBody":"Attendee now corresponds to a valid person\n","fileTypesAndContributionMap":{"functional-code":{"insertions":36,"deletions":6}}},{"hash":"a3b931e71563c2c94f6c8d47606ac4d885c1fba4","isMergeCommit":false,"messageTitle":"Clean up","messageBody":"","fileTypesAndContributionMap":{"functional-code":{"insertions":77,"deletions":29},"test-code":{"insertions":44,"deletions":1}}},{"hash":"061bc90a3483ecf8abbbb0e5c7c651ce7e5dac17","isMergeCommit":false,"messageTitle":"Add tests for meetings","messageBody":"Added Test classes\n1. AttendeeTest\n2. LocationTest\n3. MeetingTest\n4. MeetingTimeTest\n5. TitleTest\n6. UniqueMeetingListTest\n\nAll of them are similar to the person tests\n","fileTypesAndContributionMap":{"functional-code":{"insertions":39,"deletions":1},"test-code":{"insertions":647,"deletions":0}}},{"hash":"7f5fbf6f4af445659c32df072d8dcfa2406b0fae","isMergeCommit":false,"messageTitle":"Clean up","messageBody":"","fileTypesAndContributionMap":{"functional-code":{"insertions":23,"deletions":8},"test-code":{"insertions":11,"deletions":24}}}]},{"date":"2023-10-04","commitResults":[{"hash":"716f09ed2c9d66019162cbfa355a85d3c9b8148f","isMergeCommit":false,"messageTitle":"Add Meeting and Parser Test","messageBody":"","fileTypesAndContributionMap":{"functional-code":{"insertions":2,"deletions":2},"test-code":{"insertions":457,"deletions":2}}},{"hash":"2e30a6e5af9b239e3901397d580acdb3408895b0","isMergeCommit":false,"messageTitle":"Update README","messageBody":"","fileTypesAndContributionMap":{"docs":{"insertions":9,"deletions":10}}},{"hash":"f7a0a9b4867dc8fcc23a3909c0094ed05f2d2c69","isMergeCommit":true,"messageTitle":"Merge pull request #29 from howenc/Update_README","messageBody":"Update README","fileTypesAndContributionMap":{}},{"hash":"6d03f993db358f9b3a40c0845446efaa300dae31","isMergeCommit":true,"messageTitle":"Merge pull request #28 from LoMaply/master","messageBody":"Modify user guide, Edit names in portfolio page","fileTypesAndContributionMap":{}}]},{"date":"2023-10-06","commitResults":[{"hash":"4170d96fc6fed3a12db17aeb07c6b7526ec59ded","isMergeCommit":false,"messageTitle":"Update Model\u0026Storage","messageBody":"","fileTypesAndContributionMap":{"functional-code":{"insertions":1005,"deletions":16},"test-code":{"insertions":813,"deletions":11}}}]},{"date":"2023-10-10","commitResults":[{"hash":"6696caffa5d30ab88221982e3ad8d891e50fb28c","isMergeCommit":true,"messageTitle":"Merge branch \u0027master\u0027 into Issue_2_Add_Meetings","messageBody":"","fileTypesAndContributionMap":{}},{"hash":"1fc22fe4fcd97e54b721c5df95b4ac0d40705cef","isMergeCommit":false,"messageTitle":"Minor edits","messageBody":"","fileTypesAndContributionMap":{"functional-code":{"insertions":0,"deletions":15}}},{"hash":"ce49409b73700592dd20f6bc4aede3bc3474c162","isMergeCommit":false,"messageTitle":"Removed add attendee functionality","messageBody":"But the underlying structure is still there\n","fileTypesAndContributionMap":{"functional-code":{"insertions":2,"deletions":5},"test-code":{"insertions":6,"deletions":4}}}]},{"date":"2023-10-11","commitResults":[{"hash":"76b15c7680cf0579700582ea8dc5293240b316e0","isMergeCommit":true,"messageTitle":"Merge branch \u0027master\u0027 into Issue_2_Add_Meetings","messageBody":"# Conflicts:\n#\tsrc/main/java/seedu/address/logic/parser/AddressBookParser.java\n","fileTypesAndContributionMap":{}},{"hash":"6897db5fced6d1ceea3cfb951a814ce54c936168","isMergeCommit":false,"messageTitle":"Minor edit","messageBody":"","fileTypesAndContributionMap":{"functional-code":{"insertions":1,"deletions":1}}},{"hash":"e3d519cb13d97bf9ea61756d6229d305d569f239","isMergeCommit":false,"messageTitle":"Edit Test","messageBody":"","fileTypesAndContributionMap":{"functional-code":{"insertions":0,"deletions":1},"test-code":{"insertions":2,"deletions":12}}}]},{"date":"2023-10-12","commitResults":[{"hash":"8fa03ef79acb75d8de59d391a1eb6b2ba90c4448","isMergeCommit":true,"messageTitle":"Merge pull request #53 from LoMaply/f-viewContactDetails","messageBody":"Add viewc command + prototype UI","fileTypesAndContributionMap":{}},{"hash":"1d1eab143e94f187575c8285be67aca96aab0476","isMergeCommit":false,"messageTitle":"Add Meeting schedule","messageBody":"Similar to contact list\n","fileTypesAndContributionMap":{"functional-code":{"insertions":147,"deletions":7}}},{"hash":"c3e982b216086d7fb4f89a5eb3ba7e68d08955be","isMergeCommit":false,"messageTitle":"Checkstyle edit","messageBody":"","fileTypesAndContributionMap":{"functional-code":{"insertions":0,"deletions":2}}}]},{"date":"2023-10-13","commitResults":[{"hash":"8b09def50b84143f21c849bf3e4b210461f620dc","isMergeCommit":true,"messageTitle":"Merge branch \u0027master\u0027 into View_meeting_UI","messageBody":"","fileTypesAndContributionMap":{}},{"hash":"9a347515855acef83642db290526d6bd48d619ed","isMergeCommit":true,"messageTitle":"Merge pull request #58 from juzzztinsoong/delete-meetings","messageBody":"Delete meetings","fileTypesAndContributionMap":{}}]},{"date":"2023-10-16","commitResults":[{"hash":"b8e2eb77e44a4104e9f5680f7ec33658df6cab5f","isMergeCommit":false,"messageTitle":"Fix attendee appearing in schedule","messageBody":"","fileTypesAndContributionMap":{"functional-code":{"insertions":0,"deletions":6}}},{"hash":"1ae339739138d9587b715d2b8683055a5724c579","isMergeCommit":false,"messageTitle":"Fix check style error","messageBody":"","fileTypesAndContributionMap":{"functional-code":{"insertions":0,"deletions":2}}}]},{"date":"2023-10-17","commitResults":[{"hash":"c94a5e75d8029e77fa6a9de5025068c062e8acfb","isMergeCommit":true,"messageTitle":"Merge pull request #63 from jason-raiin/meeting-tags","messageBody":"Add tags to meetings","fileTypesAndContributionMap":{}},{"hash":"d7619b81944b7b79e11c59b420e3e34a35718a97","isMergeCommit":false,"messageTitle":"General filter meeting based on all fields","messageBody":"","fileTypesAndContributionMap":{"functional-code":{"insertions":159,"deletions":0},"docs":{"insertions":5,"deletions":3}}},{"hash":"a92a2cefb1a0581becbbc37c41e1bdb623426fce","isMergeCommit":true,"messageTitle":"Merge pull request #64 from jason-raiin/unique-tags","messageBody":"Unique tags","fileTypesAndContributionMap":{}}]},{"date":"2023-10-18","commitResults":[{"hash":"9c03a148de964f744104bce0faa1717b7762bc5d","isMergeCommit":true,"messageTitle":"Merge pull request #68 from LoMaply/f-viewMeetingDetails","messageBody":"View meeting details","fileTypesAndContributionMap":{}},{"hash":"21a6ca7ca93bc94157e6ba06f744beccfafd07f0","isMergeCommit":false,"messageTitle":"Create predicates for all fields in meeting","messageBody":"","fileTypesAndContributionMap":{"functional-code":{"insertions":200,"deletions":3}}},{"hash":"2ff40f6f42b6c8fd8b4009c1e8aa4f73aca2c2af","isMergeCommit":true,"messageTitle":"Merge branch \u0027master\u0027 into Sort\u0026FilterMeetings","messageBody":"","fileTypesAndContributionMap":{}},{"hash":"d1c0b7c3dc481e0980e29184bfb043b4e6a9df8f","isMergeCommit":false,"messageTitle":"Filter meetings done","messageBody":"","fileTypesAndContributionMap":{"functional-code":{"insertions":110,"deletions":46}}},{"hash":"e262135cd6b21c465e61910e001c6c0389c89056","isMergeCommit":false,"messageTitle":"Add test for FilterMeetingCommand","messageBody":"","fileTypesAndContributionMap":{"functional-code":{"insertions":6,"deletions":3},"test-code":{"insertions":333,"deletions":9}}},{"hash":"c31cce472882a5ddd177232525d941a4163e57b2","isMergeCommit":false,"messageTitle":"Add test for predicate classes","messageBody":"","fileTypesAndContributionMap":{"functional-code":{"insertions":2,"deletions":0},"test-code":{"insertions":719,"deletions":0}}},{"hash":"169c619faf41d308359f020bc7eb69862ff1e7ee","isMergeCommit":false,"messageTitle":"change filterm to findm","messageBody":"","fileTypesAndContributionMap":{"functional-code":{"insertions":3,"deletions":3},"other":{"insertions":171,"deletions":171},"test-code":{"insertions":4,"deletions":4}}},{"hash":"9fd6f54b9338e3ba5707cb160f9000021200e7bc","isMergeCommit":false,"messageTitle":"Minor edit","messageBody":"","fileTypesAndContributionMap":{"functional-code":{"insertions":130,"deletions":130}}}]}],"jason-raiin":[{"date":"2023-10-03","commitResults":[{"hash":"8bc7816eba73dc9e123eeb46ff5111876cf20cbd","isMergeCommit":false,"messageTitle":"Add PPPs for all members","messageBody":"","fileTypesAndContributionMap":{"docs":{"insertions":180,"deletions":46}}},{"hash":"b9b4dbaaea919ac65bc0f62cef71fec5b1f068d5","isMergeCommit":false,"messageTitle":"Rename PPPs to github usernames","messageBody":"","fileTypesAndContributionMap":{"docs":{"insertions":0,"deletions":0}}},{"hash":"43366651735f021de56810402ed93bc531f28499","isMergeCommit":false,"messageTitle":"Add proposed user stories","messageBody":"","fileTypesAndContributionMap":{"docs":{"insertions":91,"deletions":76}}},{"hash":"22e3b142c308dd830d345791d430db9d16306036","isMergeCommit":false,"messageTitle":"Add representative use cases: adding and removing contact from meeting","messageBody":"","fileTypesAndContributionMap":{"docs":{"insertions":60,"deletions":10}}},{"hash":"b09f0d61b7d6a195b2b6a88a64103ee03aaf7d79","isMergeCommit":true,"messageTitle":"Merge pull request #25 from jason-raiin/skeletal-ppp","messageBody":"Add skeletal PPPs for all members","fileTypesAndContributionMap":{}},{"hash":"04219a619013095defe78f7da0675ed321541eff","isMergeCommit":true,"messageTitle":"Merge branch \u0027master\u0027 into dg-functional-requirements","messageBody":"","fileTypesAndContributionMap":{}},{"hash":"1c1e18a3cade24ec550808ebcaadc2d7c5b99b11","isMergeCommit":false,"messageTitle":"Update PPP","messageBody":"","fileTypesAndContributionMap":{"docs":{"insertions":6,"deletions":2}}},{"hash":"644ecdf6f01acfdf596b5b0d169ea35321b48554","isMergeCommit":true,"messageTitle":"Merge pull request #26 from jason-raiin/gitignore","messageBody":"Add bin folder to gitignore","fileTypesAndContributionMap":{}}]},{"date":"2023-10-04","commitResults":[{"hash":"0ba8db6ff198412ebf35528665b45967747ad5f2","isMergeCommit":true,"messageTitle":"Merge branch \u0027master\u0027 into dg-functional-requirements","messageBody":"","fileTypesAndContributionMap":{}}]},{"date":"2023-10-06","commitResults":[{"hash":"2f8f06daf45867e45ac6365fbb0c713546d0a334","isMergeCommit":true,"messageTitle":"Merge pull request #39 from juzzztinsoong/dg-nfr","messageBody":"Add non-functional requirements to Developer Guide","fileTypesAndContributionMap":{}},{"hash":"b18ac8239155998c40a84dc9e3bad18a74f2c3fa","isMergeCommit":true,"messageTitle":"Merge pull request #41 from juzzztinsoong/dg-glossary","messageBody":"Update Glossary in Developer Guide","fileTypesAndContributionMap":{}}]},{"date":"2023-10-07","commitResults":[{"hash":"5b82fa7dab6bbd193e98c29a0cd8e6c71b7b426f","isMergeCommit":true,"messageTitle":"Merge pull request #42 from howenc/Update_Model\u0026Storage","messageBody":"Update Model\u0026Storage","fileTypesAndContributionMap":{}}]},{"date":"2023-10-08","commitResults":[{"hash":"5339c77af120baa2b165da3ff9094e7c8001d3de","isMergeCommit":false,"messageTitle":"Add gradle dependencies for vscode junit testing","messageBody":"","fileTypesAndContributionMap":{"other":{"insertions":2,"deletions":0}}}]},{"date":"2023-10-09","commitResults":[{"hash":"221d52ac078450e66a14a51cef3a40cfbe7324ef","isMergeCommit":false,"messageTitle":"Add skeleton for rmmc command","messageBody":"","fileTypesAndContributionMap":{"functional-code":{"insertions":79,"deletions":6}}},{"hash":"f8c4735baab88b5633bc378156aabb94d8bf751c","isMergeCommit":false,"messageTitle":"Add basic testing","messageBody":"","fileTypesAndContributionMap":{"functional-code":{"insertions":1,"deletions":1},"test-code":{"insertions":139,"deletions":44}}},{"hash":"9353fe2a5bc2d5c2a3d61d44b005fb7085d5f356","isMergeCommit":false,"messageTitle":"Add handling logic for rmmc, add tests for rmmc MSS","messageBody":"","fileTypesAndContributionMap":{"functional-code":{"insertions":46,"deletions":7},"test-code":{"insertions":34,"deletions":5}}},{"hash":"ba75f5a51a106cc1dd11422bd56b092035cbb2f3","isMergeCommit":false,"messageTitle":"Add tests for invalid index arguments","messageBody":"","fileTypesAndContributionMap":{"functional-code":{"insertions":5,"deletions":1},"test-code":{"insertions":27,"deletions":7}}},{"hash":"6f559c1e13ce8818fbdd9834aae373cae95049d6","isMergeCommit":false,"messageTitle":"Add method to parse multiple indexes","messageBody":"","fileTypesAndContributionMap":{"functional-code":{"insertions":29,"deletions":4},"test-code":{"insertions":33,"deletions":7}}},{"hash":"1d72bdc3caca6b07c2ed79831d16b5b31201ddc6","isMergeCommit":false,"messageTitle":"Add parser for rmmc","messageBody":"","fileTypesAndContributionMap":{"functional-code":{"insertions":40,"deletions":0},"test-code":{"insertions":47,"deletions":0}}},{"hash":"378b460191a0ac498cb6408bfed3a4e7f06de6fa","isMergeCommit":false,"messageTitle":"Fix checkstyle","messageBody":"","fileTypesAndContributionMap":{"functional-code":{"insertions":68,"deletions":69},"other":{"insertions":2,"deletions":2},"test-code":{"insertions":115,"deletions":123}}},{"hash":"0ea4dd853e6685223d780371a28d5deacacaafb2","isMergeCommit":false,"messageTitle":"Hook rmmc command to main parser","messageBody":"","fileTypesAndContributionMap":{"functional-code":{"insertions":4,"deletions":0},"test-code":{"insertions":13,"deletions":6}}},{"hash":"0659a4c71c9150807028141029a7b89390918fa0","isMergeCommit":false,"messageTitle":"Update PPP","messageBody":"","fileTypesAndContributionMap":{"docs":{"insertions":3,"deletions":5}}},{"hash":"c535970879741da1b16f029f2c70d6b0c7fd5d01","isMergeCommit":false,"messageTitle":"Improve test coverage","messageBody":"","fileTypesAndContributionMap":{"functional-code":{"insertions":0,"deletions":4},"test-code":{"insertions":1,"deletions":0}}},{"hash":"1a5aa4e73e8188c47fee6ed006bec5d7c652f3c6","isMergeCommit":false,"messageTitle":"Improve abstraction","messageBody":"","fileTypesAndContributionMap":{"functional-code":{"insertions":6,"deletions":7}}}]},{"date":"2023-10-10","commitResults":[{"hash":"e3a48dfc37203e163e1b63c2ea4fdc43709cd24f","isMergeCommit":false,"messageTitle":"Add c to command word for contact commands","messageBody":"","fileTypesAndContributionMap":{"functional-code":{"insertions":5,"deletions":5},"test-code":{"insertions":1,"deletions":1}}},{"hash":"56ac366cfa5860face26cf8fe41651a238edae99","isMergeCommit":false,"messageTitle":"Collect attendee set with LinkedHashSet to maintain order","messageBody":"","fileTypesAndContributionMap":{"functional-code":{"insertions":2,"deletions":2},"test-code":{"insertions":8,"deletions":7}}}]},{"date":"2023-10-12","commitResults":[{"hash":"18bd43a40b9f38b1f063a523614e4722f0866129","isMergeCommit":true,"messageTitle":"Merge pull request #16 from howenc/Issue_2_Add_Meetings","messageBody":"Meetings are now inside","fileTypesAndContributionMap":{}}]},{"date":"2023-10-16","commitResults":[{"hash":"0f9363d456af6fdafe04ceb9cfa8ce3e1058980e","isMergeCommit":false,"messageTitle":"Add Tags to Meeting model","messageBody":"","fileTypesAndContributionMap":{"functional-code":{"insertions":19,"deletions":5}}},{"hash":"e5de34e19d7611797e936f94c9574646390cfe5f","isMergeCommit":false,"messageTitle":"Update storage","messageBody":"","fileTypesAndContributionMap":{"functional-code":{"insertions":21,"deletions":6}}},{"hash":"024b1f67fc6a0bf3a946a341ac138bd7a858e922","isMergeCommit":false,"messageTitle":"Update commands and parsers","messageBody":"","fileTypesAndContributionMap":{"functional-code":{"insertions":8,"deletions":5}}},{"hash":"1302908e1d66e0e2595cdae87cc067caf8d4268b","isMergeCommit":false,"messageTitle":"Update tests","messageBody":"","fileTypesAndContributionMap":{"functional-code":{"insertions":2,"deletions":1},"test-code":{"insertions":59,"deletions":47}}},{"hash":"372243da033e84c6eedcaa7abf5e88b5558c7cab","isMergeCommit":false,"messageTitle":"Add tests for meeting tags","messageBody":"","fileTypesAndContributionMap":{"test-code":{"insertions":28,"deletions":10}}},{"hash":"ce2f30b8c624262bdcfdcebc9398c1d3f40a6431","isMergeCommit":true,"messageTitle":"Merge pull request #62 from howenc/Fix_Issue_61","messageBody":"Fix attendee appearing in schedule","fileTypesAndContributionMap":{}},{"hash":"537307cb68e8d74977be54a70f360a3580f8a7b9","isMergeCommit":true,"messageTitle":"Merge branch \u0027master\u0027 into meeting-tags","messageBody":"","fileTypesAndContributionMap":{}},{"hash":"3004b9cc8d6616c11eb1f5656f5987078bab8403","isMergeCommit":false,"messageTitle":"Add UI for meeting tags","messageBody":"","fileTypesAndContributionMap":{"functional-code":{"insertions":25,"deletions":11}}},{"hash":"90d59666d4db868ba5f1c269c1c932734d8f13eb","isMergeCommit":false,"messageTitle":"Fix checkstyle","messageBody":"","fileTypesAndContributionMap":{"functional-code":{"insertions":20,"deletions":31}}},{"hash":"ff3cd29a4661e4f56a3938871e6def9ea31828d2","isMergeCommit":false,"messageTitle":"Update PPP","messageBody":"","fileTypesAndContributionMap":{"docs":{"insertions":1,"deletions":1}}}]},{"date":"2023-10-17","commitResults":[{"hash":"dc3bd7734b5a1cb25a7c4a2460e3bdd383b92a04","isMergeCommit":false,"messageTitle":"Make tag instances unique","messageBody":"","fileTypesAndContributionMap":{"functional-code":{"insertions":22,"deletions":4},"test-code":{"insertions":6,"deletions":6}}},{"hash":"8389c411771ecf0a1234d60f9955e056e9ae6271","isMergeCommit":false,"messageTitle":"Add tests","messageBody":"","fileTypesAndContributionMap":{"functional-code":{"insertions":6,"deletions":4},"test-code":{"insertions":8,"deletions":2}}},{"hash":"c707c0a9a331d40107a373a21a1a2e44a292ed2c","isMergeCommit":false,"messageTitle":"Fix checkstyle","messageBody":"","fileTypesAndContributionMap":{"functional-code":{"insertions":5,"deletions":2},"test-code":{"insertions":1,"deletions":1}}},{"hash":"da37e27d86c3b5a09ecb1df9fede49bae864da48","isMergeCommit":false,"messageTitle":"Make static map of tags private","messageBody":"","fileTypesAndContributionMap":{"functional-code":{"insertions":1,"deletions":1}}},{"hash":"b88f41fbcc65c535cef3f9ace2ac9e2a57bc8f4c","isMergeCommit":false,"messageTitle":"Check for null value","messageBody":"","fileTypesAndContributionMap":{"functional-code":{"insertions":4,"deletions":0},"test-code":{"insertions":4,"deletions":0}}},{"hash":"ee05324efd20aa24310e16511707e584aac02c38","isMergeCommit":false,"messageTitle":"Require tagName to be not null","messageBody":"","fileTypesAndContributionMap":{"functional-code":{"insertions":1,"deletions":4},"test-code":{"insertions":0,"deletions":3}}},{"hash":"a07bb19c5335f818b51ea170a539e9e914b81ebe","isMergeCommit":true,"messageTitle":"Merge branch \u0027master\u0027 into unique-tags","messageBody":"","fileTypesAndContributionMap":{}},{"hash":"13076a75e32d21f337780114df159dde019f42a1","isMergeCommit":false,"messageTitle":"Update PPP","messageBody":"","fileTypesAndContributionMap":{"docs":{"insertions":1,"deletions":0}}}]}],"juzzztinsoong":[{"date":"2023-10-02","commitResults":[{"hash":"d3e705d75ff10c61b3645f043b33f80c6d523a45","isMergeCommit":false,"messageTitle":"Revert \"Merge pull request #13 from howenc/tutorial-adding-command\"","messageBody":"This reverts commit c55cbee6d9d29515a24e3d3fea8762b6fc6084c8, reversing\nchanges made to 28253c902668fab4c5bb9542ff76d5a1e031ee98.\n","fileTypesAndContributionMap":{"functional-code":{"insertions":147,"deletions":269},"test-code":{"insertions":228,"deletions":154}}},{"hash":"ca2c28ec83939869cdb565efcdd0555e172adedf","isMergeCommit":false,"messageTitle":"Implement Remark Command","messageBody":"","fileTypesAndContributionMap":{"functional-code":{"insertions":240,"deletions":15},"test-code":{"insertions":163,"deletions":10}}}]},{"date":"2023-10-04","commitResults":[{"hash":"19a5bd1bce042192b9e194f01840db2fcc918d94","isMergeCommit":true,"messageTitle":"Merge pull request #30 from juzzztinsoong/tutorial-adding-branch","messageBody":"Tutorial adding branch","fileTypesAndContributionMap":{}},{"hash":"f1f9fcf416d3f0236c404f33077a1a4f92c30013","isMergeCommit":false,"messageTitle":"Revert \"Tutorial adding branch\"","messageBody":"","fileTypesAndContributionMap":{"functional-code":{"insertions":97,"deletions":200},"test-code":{"insertions":118,"deletions":345}}},{"hash":"64b2c40cabae27370d2c85f1a19ef720a5bb7f93","isMergeCommit":true,"messageTitle":"Merge pull request #31 from AY2324S1-CS2103T-F12-4/revert-30-tutorial-adding-branch","messageBody":"Revert \"Tutorial adding branch\"","fileTypesAndContributionMap":{}},{"hash":"a8d3333232ca36876ce473669353243ce2b9156a","isMergeCommit":true,"messageTitle":"Merge pull request #27 from jason-raiin/dg-functional-requirements","messageBody":"Add functional requirements to Developer Guide","fileTypesAndContributionMap":{}}]},{"date":"2023-10-05","commitResults":[{"hash":"193f821581f6f1016cc698f7bc7f8c5d0daaa3f1","isMergeCommit":false,"messageTitle":"Add non-functional requirements to Developer Guide","messageBody":"Add non-functional requirements to Developer Guide\n","fileTypesAndContributionMap":{"docs":{"insertions":19,"deletions":3}}},{"hash":"70de53dc61c08203dc3cb5baa3349cc691ff12ac","isMergeCommit":true,"messageTitle":"Merge pull request #38 from qz1004/about-us","messageBody":"Update AboutUs","fileTypesAndContributionMap":{}}]},{"date":"2023-10-06","commitResults":[{"hash":"0ab56b2531c49906d6f5d16183f283d0dbcab049","isMergeCommit":true,"messageTitle":"Merge pull request #36 from qz1004/update-site-wide-settings","messageBody":"Update site-wide settings","fileTypesAndContributionMap":{}},{"hash":"2c49789f87464f19f6d1c95aa9203824e4eb4d40","isMergeCommit":false,"messageTitle":"Update Glossary in Developer Guide","messageBody":"Update Glossary in Developer Guide\n","fileTypesAndContributionMap":{"docs":{"insertions":9,"deletions":0}}}]},{"date":"2023-10-08","commitResults":[{"hash":"c7827d8d0d146c790229619e6cd4b913dcac22be","isMergeCommit":true,"messageTitle":"Merge pull request #50 from jason-raiin/vscode-testing","messageBody":"Add gradle dependencies for vscode junit testing","fileTypesAndContributionMap":{}}]},{"date":"2023-10-12","commitResults":[{"hash":"cecef10e97cef1f828291fb52d05639ef8ad2b36","isMergeCommit":false,"messageTitle":"Add Delete Meetings Command","messageBody":"Meetings are deleted by index\nAll relevant tests copied from delete person command\nOnly functional when meetings view UI is added\n\nPossible Extensions:\nAdd ability to delete meetings without index when viewing a meeting\n","fileTypesAndContributionMap":{"functional-code":{"insertions":148,"deletions":1},"test-code":{"insertions":206,"deletions":2}}},{"hash":"216317007865af605348b5a7d5196e7731b8b7da","isMergeCommit":true,"messageTitle":"Merge branch \u0027master\u0027 into delete-meetings","messageBody":"","fileTypesAndContributionMap":{}}]},{"date":"2023-10-13","commitResults":[{"hash":"724df05506196d05164a97d224f3a5e27bb41c70","isMergeCommit":false,"messageTitle":"fix trailing whitespace bug?","messageBody":"","fileTypesAndContributionMap":{"functional-code":{"insertions":2,"deletions":0},"test-code":{"insertions":2,"deletions":1}}},{"hash":"332efb50b4b9dfe21a3a7eb2faa63f2ba81d8e14","isMergeCommit":false,"messageTitle":"fix trailing whitespace attempt 2","messageBody":"","fileTypesAndContributionMap":{"functional-code":{"insertions":6,"deletions":8},"test-code":{"insertions":6,"deletions":7}}},{"hash":"0ad26afb0827c3be1560dd1f0ea9bceb45609e33","isMergeCommit":false,"messageTitle":"fix trailing whitespace bug attempt 3","messageBody":"","fileTypesAndContributionMap":{"test-code":{"insertions":6,"deletions":6}}},{"hash":"a5e8ca36635e931f498128ee9ce2af17445f31c5","isMergeCommit":false,"messageTitle":"fix whitespace help","messageBody":"","fileTypesAndContributionMap":{"functional-code":{"insertions":1,"deletions":1}}},{"hash":"a7b35c3f168d63ea3eff56a4e2216e34fe80b6f8","isMergeCommit":false,"messageTitle":"fix line length","messageBody":"","fileTypesAndContributionMap":{"test-code":{"insertions":2,"deletions":1}}},{"hash":"5dfda464cf8b44ff79a9fa53d8300635e5708e0c","isMergeCommit":false,"messageTitle":"fix trailing whitespace attempt 4","messageBody":"","fileTypesAndContributionMap":{"test-code":{"insertions":1,"deletions":1}}},{"hash":"f0e147b3c919971340b422f3119fda1680243539","isMergeCommit":false,"messageTitle":"fix trailing whitespace bug","messageBody":"fix trailing whitespace attempt 2\n\nfix trailing whitespace bug attempt 3\n\nfix whitespace help\n\nfix line length\n\nfix trailing whitespace attempt 4\n","fileTypesAndContributionMap":{"functional-code":{"insertions":7,"deletions":7},"test-code":{"insertions":3,"deletions":2}}},{"hash":"246ba9770230719b8eeed5af0b83f08ec8470be8","isMergeCommit":false,"messageTitle":"Update DeleteMeetingCommand.java","messageBody":"","fileTypesAndContributionMap":{"functional-code":{"insertions":1,"deletions":1}}},{"hash":"da4872952d2cbf8908bbde6f9c447d529ec2aeb1","isMergeCommit":true,"messageTitle":"Merge remote-tracking branch \u0027upstream/master\u0027 into delete-meetings","messageBody":"","fileTypesAndContributionMap":{}}]}],"qz1004":[{"date":"2023-10-05","commitResults":[{"hash":"b93da4e74a6fe207e2f4043eaca6c5f1991a3c40","isMergeCommit":false,"messageTitle":"Update site-wide settings","messageBody":"","fileTypesAndContributionMap":{"docs":{"insertions":6,"deletions":6}}},{"hash":"cfbbf8db2b027a05e0acb286b3e64cc24150f69e","isMergeCommit":true,"messageTitle":"Merge branch \u0027master\u0027 of https://github.com/qz1004/tp into update-site-wide-settings","messageBody":"","fileTypesAndContributionMap":{}},{"hash":"61897bfcd34384c500738110e11001ef9b2d1419","isMergeCommit":false,"messageTitle":"Update AboutUs","messageBody":"","fileTypesAndContributionMap":{"docs":{"insertions":28,"deletions":33}}},{"hash":"51975e217055465ae50901defc87b15347f3d5ea","isMergeCommit":false,"messageTitle":"Add roles","messageBody":"","fileTypesAndContributionMap":{"docs":{"insertions":10,"deletions":5}}}]},{"date":"2023-10-06","commitResults":[{"hash":"0ff088528ce805b09a97a91179a95064e8f24c25","isMergeCommit":true,"messageTitle":"Merge pull request #43 from LoMaply/master","messageBody":"Update UG, Fix PPP links, Rename file to lowercase","fileTypesAndContributionMap":{}}]},{"date":"2023-10-12","commitResults":[{"hash":"6f4266a8cb2f281539fdfe8710eaf4fd721be439","isMergeCommit":false,"messageTitle":"Add implementation of addmc command and corresponding tests","messageBody":"","fileTypesAndContributionMap":{"functional-code":{"insertions":155,"deletions":0},"test-code":{"insertions":178,"deletions":2}}},{"hash":"a34fa52fbff686f4e5313a15684b72a6c63b90cc","isMergeCommit":false,"messageTitle":"Fix checkstyle and update PPP","messageBody":"","fileTypesAndContributionMap":{"functional-code":{"insertions":1,"deletions":1},"docs":{"insertions":1,"deletions":1}}},{"hash":"e97840af077daf0cbc539fc84e8e2a9772f411b4","isMergeCommit":true,"messageTitle":"Merge branch \u0027master\u0027 into add-meeting-contact","messageBody":"","fileTypesAndContributionMap":{}}]},{"date":"2023-10-18","commitResults":[{"hash":"d3c50bafa558e09cc0c284654a2c8200054fc2ce","isMergeCommit":false,"messageTitle":"Add Status field to Person","messageBody":"","fileTypesAndContributionMap":{"functional-code":{"insertions":139,"deletions":15},"test-code":{"insertions":2,"deletions":2}}}]},{"date":"2023-10-19","commitResults":[{"hash":"42f214e405331244fe691e790864e36388b69a87","isMergeCommit":false,"messageTitle":"Add tests for Status field","messageBody":"","fileTypesAndContributionMap":{"functional-code":{"insertions":25,"deletions":15},"test-code":{"insertions":162,"deletions":24}}},{"hash":"e0e43b63c089140e86cc8e2b4b8912e199bf2ff4","isMergeCommit":false,"messageTitle":"Fix checkstyle and update PPP","messageBody":"","fileTypesAndContributionMap":{"functional-code":{"insertions":12,"deletions":5},"docs":{"insertions":4,"deletions":2},"test-code":{"insertions":2,"deletions":5}}},{"hash":"cc39e91c2348d7fbb194d1c3f2076f908403a278","isMergeCommit":false,"messageTitle":"Fix minor bugs","messageBody":"","fileTypesAndContributionMap":{"test-code":{"insertions":9,"deletions":11}}}]}],"LoMaply":[{"date":"2023-10-03","commitResults":[{"hash":"c4772466717b3461548aa7aa100941f310a636b4","isMergeCommit":false,"messageTitle":"Modify user guide, edit names in portfolio page","messageBody":"","fileTypesAndContributionMap":{"docs":{"insertions":165,"deletions":44}}},{"hash":"7aa95d6e67d6e3f5ab0b8026b0559f2dd9401f25","isMergeCommit":false,"messageTitle":"Minor checkstyle","messageBody":"","fileTypesAndContributionMap":{"docs":{"insertions":1,"deletions":1}}}]},{"date":"2023-10-06","commitResults":[{"hash":"39f913f9b1050239a325c3f11204eebbe0f16d96","isMergeCommit":false,"messageTitle":"Update UG, fix PPP link, rename files to lowercase","messageBody":"","fileTypesAndContributionMap":{"docs":{"insertions":35,"deletions":34}}},{"hash":"e5ab05bd836bf0d84bc42808d975d776d8e689f3","isMergeCommit":true,"messageTitle":"Merge branch \u0027branch-UserGuide-Initial\u0027","messageBody":"","fileTypesAndContributionMap":{}},{"hash":"112f33139937af77c1e272dace36b7228a935ae8","isMergeCommit":false,"messageTitle":"Replace Address book with Outbook","messageBody":"","fileTypesAndContributionMap":{"docs":{"insertions":4,"deletions":4}}}]},{"date":"2023-10-10","commitResults":[{"hash":"98e3172872f0aec578811945bbae8d8a189519e4","isMergeCommit":true,"messageTitle":"Merge pull request #51 from jason-raiin/remove-meeting-contact","messageBody":"Remove meeting contact command","fileTypesAndContributionMap":{}},{"hash":"2573f2bc0e2e6368be03b38d7f31d4f49a291362","isMergeCommit":false,"messageTitle":"Add ViewContactCommand to commands, parser","messageBody":"","fileTypesAndContributionMap":{"functional-code":{"insertions":116,"deletions":0}}}]},{"date":"2023-10-11","commitResults":[{"hash":"0a5ba63d2cb38b27335229582be99789f0e35cb9","isMergeCommit":false,"messageTitle":"Change GUI for additional displays with temp logic for testing","messageBody":"","fileTypesAndContributionMap":{"functional-code":{"insertions":159,"deletions":27}}},{"hash":"736e891e77050963ab9c437d2a300be9724a9081","isMergeCommit":false,"messageTitle":"Fix GUI vertical scaling, Add test cases for ViewContactCommand","messageBody":"","fileTypesAndContributionMap":{"functional-code":{"insertions":21,"deletions":13},"test-code":{"insertions":163,"deletions":1}}},{"hash":"debe1da4f57623d122bde6568ebde78f38be463e","isMergeCommit":true,"messageTitle":"Merge pull request #52 from jason-raiin/update-contact-commands","messageBody":"Update contact commands","fileTypesAndContributionMap":{}},{"hash":"e00b09202cab955e4a19df90b100e1a6dbbe1ac8","isMergeCommit":true,"messageTitle":"Merge branch \u0027master\u0027 into f-viewContactDetails","messageBody":"","fileTypesAndContributionMap":{}},{"hash":"9733e43b90766334a2c4e5d8a1cd1d40566f6283","isMergeCommit":false,"messageTitle":"Minor fix to comments","messageBody":"","fileTypesAndContributionMap":{"functional-code":{"insertions":6,"deletions":3},"test-code":{"insertions":1,"deletions":1}}},{"hash":"a99b8cf5c12ff8389a329cd8de71b6b10a4058d1","isMergeCommit":false,"messageTitle":"Add viewc command to AddressBookParserTest","messageBody":"","fileTypesAndContributionMap":{"functional-code":{"insertions":1,"deletions":0},"test-code":{"insertions":10,"deletions":13}}},{"hash":"8cdc9fd7f873980cdf8cf19b4dc29f45551baff5","isMergeCommit":false,"messageTitle":"Fix import statements in AddressBookParserTest","messageBody":"","fileTypesAndContributionMap":{"test-code":{"insertions":10,"deletions":1}}}]},{"date":"2023-10-12","commitResults":[{"hash":"437bb0d2cbc839efd52639f03a7ac547b723ee1f","isMergeCommit":true,"messageTitle":"Merge branch \"master\" into f-viewContactDetails","messageBody":"","fileTypesAndContributionMap":{}},{"hash":"9cb3bd6b65cf7cbae63f6c9d0e3d6ada1a7315be","isMergeCommit":false,"messageTitle":"Remove small console message","messageBody":"","fileTypesAndContributionMap":{"functional-code":{"insertions":0,"deletions":1}}},{"hash":"c5663874a4c5a97e09db4dff2d9eb8c96de605f1","isMergeCommit":true,"messageTitle":"Merge pull request #55 from qz1004/add-meeting-contact","messageBody":"Add meeting contact command","fileTypesAndContributionMap":{}}]},{"date":"2023-10-13","commitResults":[{"hash":"270c34615014ec6ba31060e0739dd410adb2247c","isMergeCommit":true,"messageTitle":"Merge pull request #54 from howenc/View_meeting_UI","messageBody":"Add Meeting schedule","fileTypesAndContributionMap":{}}]},{"date":"2023-10-16","commitResults":[{"hash":"a2390de6fb8b60ff72391db2f4eb69588ba65fbb","isMergeCommit":false,"messageTitle":"Add ViewMeetingCommand to command, parser classes","messageBody":"","fileTypesAndContributionMap":{"functional-code":{"insertions":150,"deletions":20},"docs":{"insertions":3,"deletions":1}}},{"hash":"bffbf6834562ed845b972f748b38460338806c0c","isMergeCommit":false,"messageTitle":"Add basic text display for ViewMeetingCommand, to be modified","messageBody":"","fileTypesAndContributionMap":{"functional-code":{"insertions":39,"deletions":37},"test-code":{"insertions":16,"deletions":8}}}]},{"date":"2023-10-17","commitResults":[{"hash":"6fc28d0b99e4ae2b6c80ee9c969a82deabfed823","isMergeCommit":false,"messageTitle":"Change UI for view commands, Add tests for view meetings","messageBody":"","fileTypesAndContributionMap":{"functional-code":{"insertions":45,"deletions":17},"test-code":{"insertions":123,"deletions":4}}},{"hash":"d92313804374e8dbd3f054a99ba69942bd1b8f9a","isMergeCommit":false,"messageTitle":"Update team page","messageBody":"","fileTypesAndContributionMap":{"docs":{"insertions":6,"deletions":3}}},{"hash":"81368c5d07a5ea9107387a31bd41d4e7b76a9ba8","isMergeCommit":false,"messageTitle":"Change LocalDateTime formatting for viewm","messageBody":"","fileTypesAndContributionMap":{"functional-code":{"insertions":10,"deletions":3},"test-code":{"insertions":4,"deletions":4}}},{"hash":"6e2b6f81506f86525baec22ce8c2b4af52c3cdba","isMergeCommit":false,"messageTitle":"Add AddressBookParserTest for viewm","messageBody":"","fileTypesAndContributionMap":{"functional-code":{"insertions":1,"deletions":1},"test-code":{"insertions":7,"deletions":1}}}]},{"date":"2023-10-18","commitResults":[{"hash":"6aa0500cdd227f8b2c50cb35b2b3d5ce6e9b23df","isMergeCommit":true,"messageTitle":"Merge pull request #70 from howenc/FilterMeetings","messageBody":"Filter meetings","fileTypesAndContributionMap":{}}]},{"date":"2023-10-19","commitResults":[{"hash":"16d99193f6bf2547807c48a56371af9c60ca5646","isMergeCommit":true,"messageTitle":"Merge pull request #72 from qz1004/add-status-field","messageBody":"Add Status field to Person","tags":["v1.2"],"fileTypesAndContributionMap":{}}]}]},"authorFileTypeContributionMap":{"howenc":{"docs":14,"functional-code":1696,"test-code":2262},"jason-raiin":{"docs":305,"functional-code":300,"test-code":329,"other":2},"juzzztinsoong":{"docs":28,"functional-code":382,"test-code":318},"qz1004":{"docs":35,"functional-code":313,"test-code":337,"other":1},"LoMaply":{"docs":190,"functional-code":430,"test-code":307}},"authorContributionVariance":{"howenc":373717.53,"jason-raiin":41931.184,"juzzztinsoong":71435.65,"qz1004":7047.473,"LoMaply":11156.669},"authorDisplayNameMap":{"howenc":"CS2103T-F12-4 CHEO..OWEN","jason-raiin":"CS2103T-F12-4 HUAN.. CAN","juzzztinsoong":"CS2103T-F12-4 JUST.. KAI","qz1004":"CS2103T-F12-4 HWAN..ZHEN","LoMaply":"CS2103T-F12-4 LINU.. LEE"}}
