{"authorDailyContributionsMap":{"tanveersingh10":[{"date":"2023-09-28","commitResults":[{"hash":"319c2209124ed877abedf8c11984cdbce41458f0","isMergeCommit":false,"messageTitle":"fix small nit","messageBody":"","fileTypesAndContributionMap":{"functional-code":{"insertions":0,"deletions":1}}},{"hash":"75745080463b0a7b83cacc04f5844df0581ae6c6","isMergeCommit":false,"messageTitle":"add tanveer to AboutUs","messageBody":"","fileTypesAndContributionMap":{"docs":{"insertions":4,"deletions":4}}},{"hash":"84f937cd577cbc92c2fb74047cc331a5c31b0faf","isMergeCommit":false,"messageTitle":"add tanveer to AboutUs","messageBody":"","fileTypesAndContributionMap":{"docs":{"insertions":47,"deletions":1}}}]},{"date":"2023-09-30","commitResults":[{"hash":"a5f172fe67a0b02c558b7e4025f95d28478da9b3","isMergeCommit":false,"messageTitle":"Add new attributes to CliSyntax","messageBody":"","fileTypesAndContributionMap":{"functional-code":{"insertions":27,"deletions":2}}},{"hash":"5dec9e91d3c6f0e4f7bbf490fae9a358cf1a3fa4","isMergeCommit":false,"messageTitle":"add attributes to CliSyntax","messageBody":"","fileTypesAndContributionMap":{"functional-code":{"insertions":6,"deletions":7}}},{"hash":"9ee8cd8bd57d0359d20fb194b4aaf90bf6e29a15","isMergeCommit":false,"messageTitle":"update CliSyntax with new attributes","messageBody":"","fileTypesAndContributionMap":{"functional-code":{"insertions":1,"deletions":0}}}]},{"date":"2023-10-04","commitResults":[{"hash":"86e0b03dc1671cac810c799b6d90bfb66328e400","isMergeCommit":true,"messageTitle":"Merge pull request #34 from cmHuang777/AboutUs","messageBody":"About us","fileTypesAndContributionMap":{}},{"hash":"68ccb043a5e69479f878cb09a1b68195ae919054","isMergeCommit":true,"messageTitle":"Merge pull request #13 from tanveersingh10/master","messageBody":"Add attributes to CliSyntax","fileTypesAndContributionMap":{}}]},{"date":"2023-10-05","commitResults":[{"hash":"97bb921aadcde92352246516c94f35dc1dd6715f","isMergeCommit":false,"messageTitle":"change tanveer\u0027s photo and readme to github name","messageBody":"","fileTypesAndContributionMap":{"docs":{"insertions":1,"deletions":1}}},{"hash":"62457f83811a47f45a1eead1ba4b8dc347e7ab43","isMergeCommit":false,"messageTitle":"update tanveer\u0027s photo","messageBody":"","fileTypesAndContributionMap":{"docs":{"insertions":1,"deletions":1}}},{"hash":"64ff37ab25542c5708dc62630a83e4fff0c4135c","isMergeCommit":true,"messageTitle":"Merge pull request #55 from cmHuang777/UserGuide","messageBody":"Update UserGuide and README","fileTypesAndContributionMap":{}}]},{"date":"2023-10-06","commitResults":[{"hash":"4513bd8138a0e15dc4a631a8cb69123e75ce78d8","isMergeCommit":false,"messageTitle":"update UserGuide for Edit Command","messageBody":"","fileTypesAndContributionMap":{"docs":{"insertions":5,"deletions":4}}}]},{"date":"2023-10-08","commitResults":[{"hash":"b0124adf6ff103155f8a325cd4cbc2c8f58fb29d","isMergeCommit":false,"messageTitle":"update edit command parser","messageBody":"","fileTypesAndContributionMap":{"functional-code":{"insertions":29,"deletions":10}}},{"hash":"0fb5d6b4d25310e6e27178607817998f1556c89f","isMergeCommit":true,"messageTitle":"Merge branch \u0027master\u0027 of https://github.com/AY2324S1-CS2103T-T09-3/tp","messageBody":"","fileTypesAndContributionMap":{}},{"hash":"75a682879ae4183514414b02714e99c882d0214e","isMergeCommit":false,"messageTitle":"change editCommand, editCommandParser and editCommandTest","messageBody":"","fileTypesAndContributionMap":{"functional-code":{"insertions":88,"deletions":32},"test-code":{"insertions":61,"deletions":60}}}]},{"date":"2023-10-10","commitResults":[{"hash":"37372c85fe970af7c76a139e24f5e64177519356","isMergeCommit":true,"messageTitle":"Merge branch \u0027master\u0027 of https://github.com/AY2324S1-CS2103T-T09-3/tp","messageBody":"","fileTypesAndContributionMap":{}}]},{"date":"2023-10-12","commitResults":[{"hash":"4715ed6de637d20804e87e68009976e680249f22","isMergeCommit":false,"messageTitle":"update EditCommand, EditCommandParser","messageBody":"","fileTypesAndContributionMap":{"functional-code":{"insertions":70,"deletions":65},"test-code":{"insertions":49,"deletions":69}}},{"hash":"e317565e1bd71b8626731fc765b936c54f707ffd","isMergeCommit":true,"messageTitle":"Merge branch \u0027master\u0027 into master","messageBody":"","fileTypesAndContributionMap":{}}]},{"date":"2023-10-14","commitResults":[{"hash":"1949dc7dceea57c9b6b63672d5f778475a3d7250","isMergeCommit":true,"messageTitle":"resolve merging conflicts","messageBody":"","fileTypesAndContributionMap":{}}]},{"date":"2023-10-15","commitResults":[{"hash":"2778d3a9283ad760f7eaa20cabc45448a701f3ea","isMergeCommit":false,"messageTitle":"update editParserTest and fix bugs","messageBody":"","fileTypesAndContributionMap":{"functional-code":{"insertions":61,"deletions":25},"test-code":{"insertions":155,"deletions":72}}},{"hash":"9532c7f862577730e5fd0ae1440870c80307ddd3","isMergeCommit":true,"messageTitle":"update tests and fix bugs","messageBody":"","fileTypesAndContributionMap":{}}]},{"date":"2023-10-16","commitResults":[{"hash":"ed480c3c6dbf967e7ee68739e3821109c27cb7dc","isMergeCommit":true,"messageTitle":"Merge branch \u0027master\u0027 into update-delete-command","messageBody":"","fileTypesAndContributionMap":{}},{"hash":"6d64b1fa3b8478e5197b63b6b733b47bbd9e8471","isMergeCommit":true,"messageTitle":"Merge pull request #73 from kohkaijie/update-delete-command","messageBody":"Update delete command","fileTypesAndContributionMap":{}},{"hash":"7cb8429aff3cf1819796f1828fb989013c18f489","isMergeCommit":true,"messageTitle":"Merge branch \u0027master\u0027 into master","messageBody":"","fileTypesAndContributionMap":{}},{"hash":"ffe83a3abf8727b58c57e35d11c01725721c58cd","isMergeCommit":true,"messageTitle":"nits","messageBody":"","fileTypesAndContributionMap":{}},{"hash":"7079785ea81d42d9475ee036f416caf7d2dff165","isMergeCommit":false,"messageTitle":"fix conflicts","messageBody":"","fileTypesAndContributionMap":{"functional-code":{"insertions":0,"deletions":1},"test-code":{"insertions":3,"deletions":7}}},{"hash":"f76f01f34e9081056cb4738a86ff9d00328e8b16","isMergeCommit":true,"messageTitle":"fix conflicts","messageBody":"","fileTypesAndContributionMap":{}},{"hash":"8eb8825b9b4c676bc37b514f88b4f2475e1f5504","isMergeCommit":true,"messageTitle":"Merge pull request #80 from tanveersingh10/master","messageBody":"update edit tests, fix checkstyle and bugs","fileTypesAndContributionMap":{}}]},{"date":"2023-10-18","commitResults":[{"hash":"e4d0a9c1273ca60e5714ba0519025f1c15cd96cb","isMergeCommit":true,"messageTitle":"Merge branch \u0027master\u0027 of https://github.com/AY2324S1-CS2103T-T09-3/tp","messageBody":"","fileTypesAndContributionMap":{}},{"hash":"78ee0b41382e5e49b15be758de955de6a6db8461","isMergeCommit":false,"messageTitle":"fix some failing tests","messageBody":"","fileTypesAndContributionMap":{"functional-code":{"insertions":51,"deletions":20},"test-code":{"insertions":14,"deletions":7}}},{"hash":"9b21627e28ef5241e354643cee4b2d5db0580871","isMergeCommit":false,"messageTitle":"fix edit test cases","messageBody":"","fileTypesAndContributionMap":{"functional-code":{"insertions":1,"deletions":2},"test-code":{"insertions":2,"deletions":3}}}]}],"kohkaijie":[{"date":"2023-09-26","commitResults":[{"hash":"1eaeb65b0a727ea33c947818653a65ff4935b40f","isMergeCommit":false,"messageTitle":"Add new Remark Command.","messageBody":"","fileTypesAndContributionMap":{"functional-code":{"insertions":218,"deletions":42}}}]},{"date":"2023-09-28","commitResults":[{"hash":"2c066c53d933eaeee4d0ba11241dee2218dd9f87","isMergeCommit":false,"messageTitle":"Add Kai Jie to AboutUs.md","messageBody":"","fileTypesAndContributionMap":{"docs":{"insertions":53,"deletions":6}}}]},{"date":"2023-10-01","commitResults":[{"hash":"7045f35b1e512b1e1d3ffde663b462ca10540b53","isMergeCommit":false,"messageTitle":"Change images filename to correct format","messageBody":"","fileTypesAndContributionMap":{"docs":{"insertions":1,"deletions":1}}},{"hash":"8a73aeb3bd84cc70a6938e8d41ce985d4ea7f6ab","isMergeCommit":false,"messageTitle":"Correct changes in RemarkCommand","messageBody":"","fileTypesAndContributionMap":{"functional-code":{"insertions":25,"deletions":26},"test-code":{"insertions":34,"deletions":24}}},{"hash":"d28d9a1399498aa8963bf3a07ec6b079855025e0","isMergeCommit":false,"messageTitle":"Person class: change to abstract class","messageBody":"Doctor class and Patient class have some common attributes (e.g Name\nand NRIC) and common behaviours (e.g isSamePerson).\n\nThe common behaviours across Doctor and Patient classes cause code\nduplication.\n\nExtracting the common behavior into a super class allows us to use\npolymorphism when dealing with patients and doctors.\n\nLet\u0027s make the Person class abstract and let the Doctor and Patient\nclasses extend from Person.\n\nAlso added the Gender and Ic classes as fields in the Person class\nwhich both Doctors and Patients have in common.\n","fileTypesAndContributionMap":{"functional-code":{"insertions":192,"deletions":5}}}]},{"date":"2023-10-04","commitResults":[{"hash":"63257f807b155d3c448e8c37380d51bd5f317cb3","isMergeCommit":true,"messageTitle":"Merge branch \u0027master\u0027 of https://github.com/kohkaijie/tp into update-person-class","messageBody":"","fileTypesAndContributionMap":{}},{"hash":"78540051a690cfd05034ee40a8ec880f23cf7f34","isMergeCommit":false,"messageTitle":"Add gender and nric to person class","messageBody":"","fileTypesAndContributionMap":{"functional-code":{"insertions":90,"deletions":21}}}]},{"date":"2023-10-05","commitResults":[{"hash":"317db968e219f117318834cb9848d14a0984db6a","isMergeCommit":true,"messageTitle":"Deconflict branch conflicts","messageBody":"","fileTypesAndContributionMap":{}},{"hash":"994b0262aff4e0e41fa977f7f437d9f0645d07f9","isMergeCommit":false,"messageTitle":"Minor bug fixes","messageBody":"","fileTypesAndContributionMap":{"functional-code":{"insertions":13,"deletions":5},"test-code":{"insertions":119,"deletions":12}}},{"hash":"b75772408a4e03822d76105a6cca51618740f2fa","isMergeCommit":false,"messageTitle":"Change file name to correct format","messageBody":"","fileTypesAndContributionMap":{"docs":{"insertions":0,"deletions":0}}}]},{"date":"2023-10-06","commitResults":[{"hash":"dcf11c79d061ca5c2fba919012436dd0a836e986","isMergeCommit":false,"messageTitle":"Change several test cases","messageBody":"","fileTypesAndContributionMap":{"functional-code":{"insertions":7,"deletions":1},"test-code":{"insertions":9,"deletions":8}}},{"hash":"64809e2cfa2e4f3c7f0147e1e18ece825f5153ed","isMergeCommit":false,"messageTitle":"Change filename for Kai Jie in AboutUs.md","messageBody":"","fileTypesAndContributionMap":{"docs":{"insertions":1,"deletions":1}}},{"hash":"72d7c18538b799a6a82568b644d9459aa07455a2","isMergeCommit":true,"messageTitle":"Merge branch \u0027AY2324S1-CS2103T-T09-3:master\u0027 into master","messageBody":"","fileTypesAndContributionMap":{}}]},{"date":"2023-10-08","commitResults":[{"hash":"15b94cbadfd25593800918aa3d7bcab94e8b898f","isMergeCommit":true,"messageTitle":"Merge branch \u0027AY2324S1-CS2103T-T09-3:master\u0027 into master","messageBody":"","fileTypesAndContributionMap":{}},{"hash":"c6f4f611c4cf6a479bb0e8dddbbd0da853d883f4","isMergeCommit":false,"messageTitle":"Create patient class","messageBody":"Patient is a subtype of a person and can hence inherit from Person class\nand its behaviours.\n\nCreating a patient class along with two additional classes, Condition\nand BloodType, which are stored in the patient class, allows us to\nabstract different types of people in the system into classes.\n\nLet\u0027s make the patient class extend the person class and have it\ncontain Condition and BloodType so that more information pertaining\nto a patient can be stored.\n\nWe will add Doctor as a field in the patient class once the Doctor class\nis fully implemented.\n","fileTypesAndContributionMap":{"functional-code":{"insertions":234,"deletions":10}}}]},{"date":"2023-10-11","commitResults":[{"hash":"8f92dff7ca1a2a09cbb5d274ef4273909d95b6f9","isMergeCommit":false,"messageTitle":"Update user guide with correct delete function format","messageBody":"","fileTypesAndContributionMap":{"docs":{"insertions":5,"deletions":6}}}]},{"date":"2023-10-12","commitResults":[{"hash":"14cfb5ad5546a3621b09ae295b0437049c15e7ac","isMergeCommit":false,"messageTitle":"Modify Delete Class to delete person based on nric","messageBody":"Modified DeleteCommand and DeleteCommandParser classes to delete person\nwith specified nric, instead of previously which was deleting based on\nindex. Modified test cases to check for correct deletion based on nric\nas well.\n\nMade changes to several other test cases to accomodate for new\nisSamePerson method which checks for same nric instead of same name.\n","fileTypesAndContributionMap":{"functional-code":{"insertions":19,"deletions":17},"test-code":{"insertions":61,"deletions":46}}},{"hash":"5ffed4c70625eee0a5b28d71c7729c3256d3c7d5","isMergeCommit":false,"messageTitle":"Fix checkstyle errors","messageBody":"","fileTypesAndContributionMap":{"functional-code":{"insertions":0,"deletions":1},"test-code":{"insertions":2,"deletions":4}}},{"hash":"32f1c4d7cb018e0160ed475ae94f62a79cce8f32","isMergeCommit":false,"messageTitle":"Add new unit test","messageBody":"Created GenderTest and IcTest unit tests for the Gender and Ic classes\nrespectively.\n","fileTypesAndContributionMap":{"test-code":{"insertions":125,"deletions":0}}}]},{"date":"2023-10-16","commitResults":[{"hash":"58b160465d97eb0e1f505dd6d5a592941bfa0ddc","isMergeCommit":true,"messageTitle":"Merge pull request #74 from cmHuang777/UpdatePatient","messageBody":"Update patient class previously created","fileTypesAndContributionMap":{}}]},{"date":"2023-10-17","commitResults":[{"hash":"262e6fcc2d9d83dcab74eb0e96a8d0dd1f8ca02e","isMergeCommit":true,"messageTitle":"Merge pull request #81 from cmHuang777/UpdatePatient","messageBody":"Fix test cases","fileTypesAndContributionMap":{}}]},{"date":"2023-10-18","commitResults":[{"hash":"af2c99c1d85e4742c39cefeb1df6d704c0e0ec2f","isMergeCommit":true,"messageTitle":"Merge pull request #82 from Mohammed-Faizzzz/branch-AddDoctorClass","messageBody":"Add Doctor Class","fileTypesAndContributionMap":{}},{"hash":"8b042c898e0119e89aa4cc9c1df106687c4eb660","isMergeCommit":false,"messageTitle":"Improve UI and fix bugs","messageBody":"Made the following changes:\n\n1. Added a header to each list\n2. Changed HBox in the fxml file to ensure scrolling works\n3. Corrected small typo in emergency contact field in card\n4. Removed Name: in the card for the person\u0027s name for aesthetic\npurposes\n","fileTypesAndContributionMap":{"functional-code":{"insertions":27,"deletions":4}}},{"hash":"45e4a8b048df7bcedbb677e5aa506f2e772800c9","isMergeCommit":false,"messageTitle":"Fix AddressBookParserTest","messageBody":"","fileTypesAndContributionMap":{"test-code":{"insertions":92,"deletions":4}}},{"hash":"b523c6d523bd9f65afa913700e278f5de79d2021","isMergeCommit":false,"messageTitle":"Fix LogicManagerTest test cases","messageBody":"","fileTypesAndContributionMap":{"test-code":{"insertions":12,"deletions":8}}}]}],"cmHuang777":[{"date":"2023-10-03","commitResults":[{"hash":"51487f692954ca6ac59f2a06fcbc285aec470f56","isMergeCommit":false,"messageTitle":"Update AboutUs with my info","messageBody":"","fileTypesAndContributionMap":{"docs":{"insertions":46,"deletions":0}}},{"hash":"11f32d607ecf765a6ebd5f4fbe2f6f73d64e5a23","isMergeCommit":false,"messageTitle":"Update AboutUs with my info","messageBody":"","fileTypesAndContributionMap":{"docs":{"insertions":25,"deletions":34}}},{"hash":"fe9dcbfee094086431c753276538cf8b76945c55","isMergeCommit":false,"messageTitle":"Update ReadMe page","messageBody":"","fileTypesAndContributionMap":{"docs":{"insertions":12,"deletions":10}}},{"hash":"7a406910b3c79cb10c479f562dd8145c1293956b","isMergeCommit":false,"messageTitle":"Fix checkstyle","messageBody":"","fileTypesAndContributionMap":{"docs":{"insertions":1,"deletions":1}}},{"hash":"478af1ef5a59478b0f0c1581249796cbbd26a886","isMergeCommit":true,"messageTitle":"Merge pull request #5 from kohkaijie/master","messageBody":"Add Kai Jie to AboutUs.md","fileTypesAndContributionMap":{}},{"hash":"ac0e11aa5ee95b81d191d55bf628d2cc9c4fc3d4","isMergeCommit":false,"messageTitle":"Update development guide to our project","messageBody":"","fileTypesAndContributionMap":{"docs":{"insertions":90,"deletions":43}}}]},{"date":"2023-10-05","commitResults":[{"hash":"a4b9977aefd39d3aa49e4198baf162402fcc60c3","isMergeCommit":true,"messageTitle":"Merge pull request #54 from tanveersingh10/master","messageBody":"change tanveer\u0027s photo and readme to github name","fileTypesAndContributionMap":{}},{"hash":"de4d4e94e28d70181bf2fe1ca887e721da1c3747","isMergeCommit":true,"messageTitle":"Merge pull request #52 from Mohammed-Faizzzz/branch-EditSkeletonPPP","messageBody":"Edit Skeleton PPP name to match requirements","fileTypesAndContributionMap":{}},{"hash":"80241150d5573316b0c86db1c7d05be27f54fe9c","isMergeCommit":false,"messageTitle":"Update UserGuide and README","messageBody":"","fileTypesAndContributionMap":{"docs":{"insertions":49,"deletions":24}}},{"hash":"9fb2e2ea1efbad633d8d7f6be87a4cafe3de833b","isMergeCommit":true,"messageTitle":"Merge pull request #56 from tanveersingh10/master","messageBody":"update tanveer\u0027s photo","fileTypesAndContributionMap":{}},{"hash":"ded2fc08b78473fa75d36141236eac54e89cb551","isMergeCommit":true,"messageTitle":"Merge pull request #59 from chonguschonguschongus/branch-AboutUs","messageBody":"Update AboutUs and create PPP skeleton","fileTypesAndContributionMap":{}},{"hash":"06780ae69e65ee612bc7cc29a7a189d0952a6297","isMergeCommit":true,"messageTitle":"Merge pull request #60 from kohkaijie/master","messageBody":"Change file name to correct format","fileTypesAndContributionMap":{}}]},{"date":"2023-10-06","commitResults":[{"hash":"d3bd64326908ea92a5b5c88b82db5227f16fef61","isMergeCommit":true,"messageTitle":"Merge pull request #63 from tanveersingh10/master","messageBody":"update UserGuide for Edit Command","fileTypesAndContributionMap":{}}]},{"date":"2023-10-10","commitResults":[{"hash":"4d549f3ac7ac326d8c15504490b79adf4c508bb1","isMergeCommit":true,"messageTitle":"Merge pull request #70 from kohkaijie/create-patient-class","messageBody":"Create patient class","fileTypesAndContributionMap":{}},{"hash":"9a6c4f4d43975bdf3d3a7b0234a629639488bef3","isMergeCommit":true,"messageTitle":"Merge pull request #65 from Mohammed-Faizzzz/branch-FixBugs","messageBody":"Branch fix bugs","fileTypesAndContributionMap":{}}]},{"date":"2023-10-13","commitResults":[{"hash":"424871b5ea82896bcdd5e6d039e8d2917f369c7b","isMergeCommit":false,"messageTitle":"Update patient class previously created","messageBody":"Added additional fields such as emergency contact which was missing\npreviously but essential to the patient class. Doctors field will be\nadded later on after Doctor class is created.\n\nAdditionally, Patient specific details were not shown in the GUI\npreviously. Many patient specific files were created as I was not\nable to create a person observable list that contains patients.\nThis also means that doctors specific files need to be created\nsimilarly.\n\nIn the future we also need to find a way to show both doctors and\npatients in the GUI. Currently patient list replaces the person list.\nEventually doctors list wil need to be added.\n","fileTypesAndContributionMap":{"functional-code":{"insertions":960,"deletions":172},"docs":{"insertions":8,"deletions":8},"test-code":{"insertions":154,"deletions":6}}},{"hash":"97261d5f470b471ec63a5b116cc40e40f9bf5421","isMergeCommit":false,"messageTitle":"Fix checkstyle","messageBody":"","fileTypesAndContributionMap":{"functional-code":{"insertions":30,"deletions":29}}}]},{"date":"2023-10-15","commitResults":[{"hash":"e3d8dfd5062f4c90148b8885df701af930bd82a3","isMergeCommit":true,"messageTitle":"Merge master into UpdatePatient","messageBody":"","fileTypesAndContributionMap":{}}]},{"date":"2023-10-16","commitResults":[{"hash":"48a52aafba612c181f747c7109e21f5632760016","isMergeCommit":false,"messageTitle":"Fix errors in test cases","messageBody":"","fileTypesAndContributionMap":{"other":{"insertions":28,"deletions":27},"test-code":{"insertions":535,"deletions":243}}},{"hash":"6df0bc3284e3d7c2eb5042ac54ebd5815e1836c2","isMergeCommit":true,"messageTitle":"Update branch with upstream","messageBody":"","fileTypesAndContributionMap":{}},{"hash":"7f0e18aea39ddf1b21e896658087e2f284fb0efa","isMergeCommit":false,"messageTitle":"Fix errors in EditCommand","messageBody":"","fileTypesAndContributionMap":{"functional-code":{"insertions":15,"deletions":3}}},{"hash":"33b0f0e054860c179f5e7c68642093e6a36eb18c","isMergeCommit":false,"messageTitle":"Fix errors for BLOOD_TYPE","messageBody":"","fileTypesAndContributionMap":{"test-code":{"insertions":5,"deletions":5}}}]},{"date":"2023-10-17","commitResults":[{"hash":"d81e972681343334a7a6d40e85b3d0569481b99b","isMergeCommit":false,"messageTitle":"Fix test cases","messageBody":"Most test cases have been fixed, except tests related to editCommand,\nwhich will be fixed by others in a separate pr. All other test cases\nshould be passing now.\n\nThere might still be a need to add in more test cases to increase\nthe code coverage.\n","fileTypesAndContributionMap":{"functional-code":{"insertions":3,"deletions":2},"docs":{"insertions":1,"deletions":1},"test-code":{"insertions":22,"deletions":15}}},{"hash":"527daae47793da50f9e171ca0cabd5e6cf29a8cf","isMergeCommit":false,"messageTitle":"Fix bug when adding patients","messageBody":"","fileTypesAndContributionMap":{"functional-code":{"insertions":1,"deletions":1}}},{"hash":"17a6db3af5dc2c4cb8dca4fd7cc152744699fbdf","isMergeCommit":false,"messageTitle":"Fix checkstyle in tests","messageBody":"","fileTypesAndContributionMap":{"test-code":{"insertions":14,"deletions":10}}}]},{"date":"2023-10-18","commitResults":[{"hash":"171aeb9f672303ede6746786520abeac93f1f413","isMergeCommit":true,"messageTitle":"Merge pull request #86 from kohkaijie/more-test-cases","messageBody":"Fix LogicManagerTest test cases","fileTypesAndContributionMap":{}},{"hash":"f52ce53c1f7d045b053814b1ef5a8a8cf922d7f5","isMergeCommit":true,"messageTitle":"Merge pull request #87 from Mohammed-Faizzzz/branch-FinalModifications-V1.2","messageBody":"Branch final modifications v1.2","fileTypesAndContributionMap":{}},{"hash":"faa2dd14bf89b06a19d51f10ca1f30dc8891f8c6","isMergeCommit":false,"messageTitle":"Add additional tests for patient related classes","messageBody":"","fileTypesAndContributionMap":{"test-code":{"insertions":477,"deletions":0}}},{"hash":"aa1966db421667b216f3ce4eac25b9bb7aa8d295","isMergeCommit":true,"messageTitle":"Merge branch \u0027master\u0027 into UpdatePatientTests","messageBody":"","fileTypesAndContributionMap":{}},{"hash":"68f3e905c0e793b5fd817ab1cc92c44bf284e6e9","isMergeCommit":false,"messageTitle":"Fix checkstyle","messageBody":"","fileTypesAndContributionMap":{"test-code":{"insertions":15,"deletions":3}}}]}],"Mohammed-Faizzzz":[{"date":"2023-09-28","commitResults":[{"hash":"1ec32b83ccd184a237751a065dc2cfd8c1b5b0f1","isMergeCommit":true,"messageTitle":"Merge pull request #4 from tanveersingh10/tanveer","messageBody":"add Tanveer to AboutUs","fileTypesAndContributionMap":{}}]},{"date":"2023-10-04","commitResults":[{"hash":"6dfe5ebaa26a6b7b3a7309b011ea92631e261f7a","isMergeCommit":false,"messageTitle":"Add Faiz to AboutUs Page Include Profile image; Create Porfolio Page faiz.md. Fill in details for LinkedIn, Github, and Portfolio","messageBody":"","fileTypesAndContributionMap":{"docs":{"insertions":9,"deletions":3}}},{"hash":"9f72cee186e8008d3f89d9b0e851cadf18a689fd","isMergeCommit":false,"messageTitle":"Finalise Faiz\u0027s changes to AboutUs","messageBody":"","fileTypesAndContributionMap":{"docs":{"insertions":11,"deletions":7}}},{"hash":"98d060e73c9dc351362f1156245660f865b91777","isMergeCommit":false,"messageTitle":"Modify image name","messageBody":"","fileTypesAndContributionMap":{"docs":{"insertions":1,"deletions":1}}},{"hash":"d6a35a3397bc44c62b32d01dd535b663e2c819b9","isMergeCommit":false,"messageTitle":"Remove team composition","messageBody":"","fileTypesAndContributionMap":{"docs":{"insertions":0,"deletions":7}}},{"hash":"5f1d900792796aaf48c5941ea6395a6fb1c83656","isMergeCommit":false,"messageTitle":"Modify faiz.md","messageBody":"","fileTypesAndContributionMap":{"docs":{"insertions":1,"deletions":1}}},{"hash":"56ca0c9167df9536ebe34072feb08e1fbebb628a","isMergeCommit":false,"messageTitle":"Edit Faiz.md","messageBody":"","fileTypesAndContributionMap":{"docs":{"insertions":46,"deletions":1}}},{"hash":"9e1df7c3b04df0002be742ab6f526e2d12d0a925","isMergeCommit":false,"messageTitle":"Edit UserGuide.md","messageBody":"","fileTypesAndContributionMap":{"docs":{"insertions":3,"deletions":3}}},{"hash":"f0361ccfc6549f05f8279be5ab048e2814693642","isMergeCommit":false,"messageTitle":"Modify UserGuide.md","messageBody":"","fileTypesAndContributionMap":{"docs":{"insertions":17,"deletions":6}}},{"hash":"8a7b40afbe5267df5dda1c4cb75a14df2b870e76","isMergeCommit":false,"messageTitle":"Edit UserGuide","messageBody":"","fileTypesAndContributionMap":{"docs":{"insertions":6,"deletions":6}}},{"hash":"cecfde976306fd0f8df82d32cb6c6b6fd4d2dacc","isMergeCommit":true,"messageTitle":"Merge pull request #43 from Mohammed-Faizzzz/branch-UserGuide","messageBody":"Edit UserGuide.md","fileTypesAndContributionMap":{}},{"hash":"a52cbf0ddfc391c18ba06fb562a9ac139efed096","isMergeCommit":true,"messageTitle":"Merge pull request #42 from Mohammed-Faizzzz/branch-AboutUs","messageBody":"Modify AboutUs","fileTypesAndContributionMap":{}},{"hash":"3d958823f81aace0d97624011595379eeed8a6f1","isMergeCommit":true,"messageTitle":"Merge pull request #39 from cmHuang777/DeveloperGuide","messageBody":"Update Developer\u0027s Guide","fileTypesAndContributionMap":{}},{"hash":"913478f8854db32c3349635d42a87ce5759ec9d5","isMergeCommit":true,"messageTitle":"Merge pull request #35 from cmHuang777/ReadMe","messageBody":"Update ReadME","fileTypesAndContributionMap":{}}]},{"date":"2023-10-05","commitResults":[{"hash":"ed1ce02d45278b867060ae41b416cf7b040bbf0c","isMergeCommit":false,"messageTitle":"Edited Skeleton PPP to match requirements","messageBody":"","fileTypesAndContributionMap":{"docs":{"insertions":1,"deletions":1}}}]},{"date":"2023-10-06","commitResults":[{"hash":"bc3e8b6b4cafac6890a7e947ccd78f91965345dd","isMergeCommit":true,"messageTitle":"Merge pull request #62 from kohkaijie/change-file-name","messageBody":"Change filename for Kai Jie in AboutUs.md","fileTypesAndContributionMap":{}},{"hash":"de7cb17ed04b06caeb76eff661c0428756422c62","isMergeCommit":true,"messageTitle":"Merge pull request #18 from kohkaijie/update-person-class","messageBody":"Update person class to include additional attributes.","fileTypesAndContributionMap":{}},{"hash":"7ad0adafb767382aed662ece4ec45ccee93bf2d7","isMergeCommit":false,"messageTitle":"Add new line for RemarkCommand","messageBody":"","fileTypesAndContributionMap":{"functional-code":{"insertions":4,"deletions":5},"docs":{"insertions":1,"deletions":1}}},{"hash":"5d3db790dccd09d881088141d0237ec7e28d417d","isMergeCommit":false,"messageTitle":"Edit UserGuide.md and CLISyntax","messageBody":"","fileTypesAndContributionMap":{"functional-code":{"insertions":1,"deletions":1},"docs":{"insertions":1,"deletions":1}}},{"hash":"a88378faa466adc9be02f12ec3a7bab9f582817a","isMergeCommit":false,"messageTitle":"Removed Unused Imports in EditCommand","messageBody":"","fileTypesAndContributionMap":{"functional-code":{"insertions":6,"deletions":4}}},{"hash":"26aa43469ecb30fe55fedf8c5ab6658fbfd4bc2c","isMergeCommit":false,"messageTitle":"Remove unused imports in AddCommandParser","messageBody":"","fileTypesAndContributionMap":{"functional-code":{"insertions":0,"deletions":4}}},{"hash":"f5ad9dc6fa5dc95659279b4f8413a25b943a3eeb","isMergeCommit":false,"messageTitle":"Remove unused imports in AddressBookParser.java","messageBody":"","fileTypesAndContributionMap":{"functional-code":{"insertions":0,"deletions":1}}},{"hash":"44c4f3f8fd80bedf64a82aae59ba4a5418a0a1bb","isMergeCommit":false,"messageTitle":"Replace wildcard import with single imports","messageBody":"","fileTypesAndContributionMap":{"functional-code":{"insertions":6,"deletions":1}}},{"hash":"260dae5166f30a930a45e3257f6641e3275d2762","isMergeCommit":false,"messageTitle":"Add Javadocs for RemarkCommandParser","messageBody":"","fileTypesAndContributionMap":{"functional-code":{"insertions":16,"deletions":4}}},{"hash":"c3cf98adc2c3935710d87923ebdd996d2c0dc1e5","isMergeCommit":false,"messageTitle":"Rectify OperatorWrap in Ic","messageBody":"","fileTypesAndContributionMap":{"functional-code":{"insertions":2,"deletions":2}}},{"hash":"c2cd21e82fee1bc64768f56c191607f539b65ecc","isMergeCommit":false,"messageTitle":"Add Javadocs for Remark","messageBody":"","fileTypesAndContributionMap":{"functional-code":{"insertions":6,"deletions":0}}},{"hash":"69567eced04d71895fef90af7880d66b9b3eb4f5","isMergeCommit":false,"messageTitle":"Rectify usage of Wildcard imports","messageBody":"","fileTypesAndContributionMap":{"functional-code":{"insertions":8,"deletions":1}}},{"hash":"212f6b8400ee74821a7130097e252f903a3753be","isMergeCommit":false,"messageTitle":"Rectify usage of Wildcard imports","messageBody":"","fileTypesAndContributionMap":{"functional-code":{"insertions":8,"deletions":1}}},{"hash":"ab8b9ff548c78d4e37b5b2d8f73fc3ac56188a21","isMergeCommit":false,"messageTitle":"Add Javadoc to PersonBuilder","messageBody":"","fileTypesAndContributionMap":{"test-code":{"insertions":4,"deletions":0}}},{"hash":"25b446ce3a5c869a783ca9e6885cb35c081dc3ed","isMergeCommit":false,"messageTitle":"Rectify Checkstyle Error","messageBody":"","fileTypesAndContributionMap":{"test-code":{"insertions":1,"deletions":0}}}]},{"date":"2023-10-07","commitResults":[{"hash":"e1cf37acf5924fb6e52f99afce8a03117fcb4bcb","isMergeCommit":false,"messageTitle":"Fix Bugs in one failing Test","messageBody":"","fileTypesAndContributionMap":{"test-code":{"insertions":32,"deletions":6}}}]},{"date":"2023-10-08","commitResults":[{"hash":"6bc4ddbb2719a08071dde296f02e6e33da712657","isMergeCommit":false,"messageTitle":"Fix Bugs in one failing Test","messageBody":"","fileTypesAndContributionMap":{"test-code":{"insertions":4,"deletions":6}}},{"hash":"784f7918b1724dc13ff53b4669ba540e6a6f6d01","isMergeCommit":false,"messageTitle":"Fix Bugs in one failing test","messageBody":"","fileTypesAndContributionMap":{"test-code":{"insertions":3,"deletions":27}}},{"hash":"349acc3637d6b6dcdcbc45c0f9d9ab536ac713c5","isMergeCommit":false,"messageTitle":"Fix Bugs in AddCommandParserTest","messageBody":"","fileTypesAndContributionMap":{"test-code":{"insertions":9,"deletions":3}}},{"hash":"0d6236ff6e688d84b8a3e42b14f66e15b8255c84","isMergeCommit":false,"messageTitle":"Fix LogicManagerTest","messageBody":"","fileTypesAndContributionMap":{"test-code":{"insertions":37,"deletions":3}}},{"hash":"3bfb7ecc730d205f209ad386c015933bebd887bb","isMergeCommit":false,"messageTitle":"Fix EditPersonDescriptorTest","messageBody":"","fileTypesAndContributionMap":{"test-code":{"insertions":2,"deletions":0}}},{"hash":"1e6da7649a81f6b3bee9c4b533eba724ece94ce3","isMergeCommit":false,"messageTitle":"Fix All Bugs","messageBody":"","fileTypesAndContributionMap":{"test-code":{"insertions":1,"deletions":1}}}]},{"date":"2023-10-13","commitResults":[{"hash":"d05e3fe2423ff1ac6320240f94ddfa5488b4cb26","isMergeCommit":false,"messageTitle":"Add Doctor Class","messageBody":"","fileTypesAndContributionMap":{"functional-code":{"insertions":74,"deletions":0}}},{"hash":"3fce681c44cc2e655ebb02d3cef414914e97dc2a","isMergeCommit":false,"messageTitle":"Add Getter and Setter","messageBody":"","fileTypesAndContributionMap":{"functional-code":{"insertions":16,"deletions":0}}},{"hash":"2aa3f072c30623c385236085609025f9928d52a7","isMergeCommit":false,"messageTitle":"Modify AddDoctorCommand","messageBody":"","fileTypesAndContributionMap":{"functional-code":{"insertions":89,"deletions":0}}},{"hash":"1f1fa94e9e430f44bb4451bd750019769d548223","isMergeCommit":false,"messageTitle":"Modify AddDoctorCommandParser","messageBody":"","fileTypesAndContributionMap":{"functional-code":{"insertions":75,"deletions":0}}},{"hash":"fd30e48cbfbb2d00525506cdf1a3955934ee5d4e","isMergeCommit":false,"messageTitle":"Add AddDoctorCommandParser to AddressBookParser","messageBody":"","fileTypesAndContributionMap":{"functional-code":{"insertions":4,"deletions":10}}},{"hash":"78da6a9b2964df4fa0cfd55c6f790bd6a55f7d10","isMergeCommit":false,"messageTitle":"Add UniqueDoctorList","messageBody":"","fileTypesAndContributionMap":{"functional-code":{"insertions":150,"deletions":0}}},{"hash":"64aba62d107a7a1a31e97f45ac42db705f2ecdc4","isMergeCommit":false,"messageTitle":"Add JsonAdaptedDoctor","messageBody":"","fileTypesAndContributionMap":{"functional-code":{"insertions":189,"deletions":3}}},{"hash":"7d87deba427b169f2526ea8138378b7736fde606","isMergeCommit":false,"messageTitle":"Add Doctor Methods to AddressBook","messageBody":"","fileTypesAndContributionMap":{"functional-code":{"insertions":68,"deletions":3}}},{"hash":"a09cbe3f32c1c36619e0a9916e729fef0a7f17f6","isMergeCommit":false,"messageTitle":"Update Files to Accomodate Doctor Class","messageBody":"","fileTypesAndContributionMap":{"functional-code":{"insertions":87,"deletions":2}}},{"hash":"2a45e6095e19db93ec31e608e0d4dc42b12ce8ab","isMergeCommit":false,"messageTitle":"Update Files to Accomodate Doctor Class","messageBody":"","fileTypesAndContributionMap":{"functional-code":{"insertions":180,"deletions":0}}},{"hash":"7d66bfb1d0b96bd6f957ab359108d81eeae69b3d","isMergeCommit":true,"messageTitle":"Merge pull request #76 from chonguschonguschongus/branch-updateTest","messageBody":"Update Find Command","fileTypesAndContributionMap":{}}]},{"date":"2023-10-17","commitResults":[{"hash":"fbd3933296869a8a69270900dd39c4c329ecd91d","isMergeCommit":false,"messageTitle":"Update JsonSerializableAddressBook","messageBody":"","fileTypesAndContributionMap":{"functional-code":{"insertions":1,"deletions":1}}},{"hash":"fda1f1960848ef8d92d9fbf94ba4c73b8af80f4d","isMergeCommit":true,"messageTitle":"Solve Merge Conflicts","messageBody":"","fileTypesAndContributionMap":{}},{"hash":"43830a6a2292f2f4237b88ac13e28af9f8168cf3","isMergeCommit":false,"messageTitle":"Add TypicalDoctor, DoctorBuilder","messageBody":"","fileTypesAndContributionMap":{"functional-code":{"insertions":18,"deletions":16},"test-code":{"insertions":221,"deletions":0}}},{"hash":"9fac42b58ffbdb2ce624a76531d1cc3b8e8cbf9e","isMergeCommit":false,"messageTitle":"Rectify issues with Doctor Class","messageBody":"","fileTypesAndContributionMap":{"functional-code":{"insertions":15,"deletions":179}}},{"hash":"9999b38cf1e5befb4c8aed667284625109d9cae8","isMergeCommit":false,"messageTitle":"Resolve formatting Issues","messageBody":"","fileTypesAndContributionMap":{"functional-code":{"insertions":8,"deletions":8},"test-code":{"insertions":17,"deletions":0}}}]},{"date":"2023-10-18","commitResults":[{"hash":"ca4f500de882defd51976674482e30e90a0c7815","isMergeCommit":true,"messageTitle":"Resolve Merge Conflicts","messageBody":"","fileTypesAndContributionMap":{}},{"hash":"282bcc08a9438569fb75ff58596c949164555962","isMergeCommit":false,"messageTitle":"Fix Bug in AddressBookTest","messageBody":"","fileTypesAndContributionMap":{"test-code":{"insertions":14,"deletions":1}}},{"hash":"97c7729f149e960335ba6091983c88141144b557","isMergeCommit":false,"messageTitle":"Update AddressBookBuilder","messageBody":"","fileTypesAndContributionMap":{"test-code":{"insertions":9,"deletions":3}}},{"hash":"f7c161b6fa083b1b42381eff285dbf6c5b4491b1","isMergeCommit":false,"messageTitle":"Create DoctorTest","messageBody":"","fileTypesAndContributionMap":{"test-code":{"insertions":154,"deletions":48}}},{"hash":"56721e38336aa1268ac555dda9111ff286bced48","isMergeCommit":true,"messageTitle":"Merge pull request #85 from tanveersingh10/master","messageBody":"Fix testcases and add equals method for Patient and Doctor","fileTypesAndContributionMap":{}},{"hash":"3f697ccb45f8e9e7c5084de363ad6d7de39585b5","isMergeCommit":true,"messageTitle":"Merge pull request #84 from kohkaijie/codecov-bug-fixes","messageBody":"Fix bugs and Improve Formatting","fileTypesAndContributionMap":{}},{"hash":"d6a312e951446959e84e169b345625749107711e","isMergeCommit":true,"messageTitle":"Merge branch \u0027master\u0027 into branch-FinalModifications-V1.2","messageBody":"Merging updated upstream into branch-FinalModifications-V1.2 to avoid future merge conflicts\n","fileTypesAndContributionMap":{}},{"hash":"0e8e2f643c8b24e26d486b74e25b17fbff20a8a0","isMergeCommit":false,"messageTitle":"Add UniqueDoctorListTest","messageBody":"","fileTypesAndContributionMap":{"test-code":{"insertions":186,"deletions":1}}},{"hash":"a42469385a43d8e5532306034ea06db547a4c6e7","isMergeCommit":false,"messageTitle":"Fix AddressBookTest","messageBody":"","fileTypesAndContributionMap":{"test-code":{"insertions":2,"deletions":2}}},{"hash":"d10430acc5cec8d184c56f38e62f144ac3960904","isMergeCommit":false,"messageTitle":"Add files for JsonSerializableAddressBookTest","messageBody":"","fileTypesAndContributionMap":{"test-code":{"insertions":28,"deletions":14}}},{"hash":"8569f7babd472850749cd59a2240602371e8d909","isMergeCommit":false,"messageTitle":"Add AddDoctorCommandTest","messageBody":"","fileTypesAndContributionMap":{"test-code":{"insertions":227,"deletions":6}}}]},{"date":"2023-10-19","commitResults":[{"hash":"cb2c7ff988258942b47cc56628d7e485d57dc675","isMergeCommit":true,"messageTitle":"Merge pull request #88 from cmHuang777/UpdatePatientTests","messageBody":"Update Patient Tests","fileTypesAndContributionMap":{}}]}],"chonguschonguschongus":[{"date":"2023-10-05","commitResults":[{"hash":"992d3c406dc59367161542325565ea56e84dbb42","isMergeCommit":false,"messageTitle":"Update AboutUs","messageBody":"","fileTypesAndContributionMap":{"functional-code":{"insertions":2,"deletions":1},"docs":{"insertions":51,"deletions":4}}},{"hash":"e10f961a5a8ea68c09d0a3c45b8064629dcea900","isMergeCommit":false,"messageTitle":"Add picture to Aboutus","messageBody":"","fileTypesAndContributionMap":{"docs":{"insertions":1,"deletions":1}}},{"hash":"5ffab7b72ecc254f4dbc1eabac61c592312fde13","isMergeCommit":false,"messageTitle":"Solve trailing whitespace error","messageBody":"","fileTypesAndContributionMap":{"docs":{"insertions":2,"deletions":1}}},{"hash":"6d2a4c77703df8b89c7707ac6e259d397278ba78","isMergeCommit":false,"messageTitle":"Fix EOF error","messageBody":"","fileTypesAndContributionMap":{"docs":{"insertions":2,"deletions":3}}},{"hash":"80073827247394bd6e0d2fa35a8fe983c2ec33d0","isMergeCommit":false,"messageTitle":"Fix nameKeyword missing variable","messageBody":"","fileTypesAndContributionMap":{"functional-code":{"insertions":1,"deletions":2}}}]},{"date":"2023-10-11","commitResults":[{"hash":"6fb3ea790e7519e90de128d1f8ca33e8f7c55cbd","isMergeCommit":false,"messageTitle":"Change find to search by NRIC","messageBody":"","fileTypesAndContributionMap":{"functional-code":{"insertions":6,"deletions":7},"other":{"insertions":6,"deletions":6},"test-code":{"insertions":1,"deletions":2}}},{"hash":"f088d59c3dbf1513bdf4bfaa1fa7d9d8a01b2389","isMergeCommit":true,"messageTitle":"Change find command to search by NRIC","messageBody":"","fileTypesAndContributionMap":{}}]},{"date":"2023-10-12","commitResults":[{"hash":"ed333b8c70089a9de689e51c3f50fe71fc0709e6","isMergeCommit":false,"messageTitle":"Change FindCommand and its parser to account for Name, Ic and Gender","messageBody":"","fileTypesAndContributionMap":{"functional-code":{"insertions":136,"deletions":13},"test-code":{"insertions":102,"deletions":105}}}]},{"date":"2023-10-13","commitResults":[{"hash":"ad5d1318788c60b6afae726870362ca57937eee8","isMergeCommit":false,"messageTitle":"Change code to pass style checks","messageBody":"","fileTypesAndContributionMap":{"functional-code":{"insertions":21,"deletions":26},"test-code":{"insertions":170,"deletions":90}}},{"hash":"c3869cd12cae066e0909854dc1f031b6b1c2694b","isMergeCommit":false,"messageTitle":"Fix some test bugs","messageBody":"","fileTypesAndContributionMap":{"functional-code":{"insertions":2,"deletions":2},"test-code":{"insertions":11,"deletions":18}}},{"hash":"89c3073130a94c436246f81b10028b16646e66a0","isMergeCommit":false,"messageTitle":"Fix checkstyle","messageBody":"","fileTypesAndContributionMap":{"test-code":{"insertions":9,"deletions":11}}},{"hash":"61f70e2a0cc1ac8cc294f7ef9380d14bc67c0a9c","isMergeCommit":false,"messageTitle":"Fix checkstyle","messageBody":"","fileTypesAndContributionMap":{"test-code":{"insertions":0,"deletions":11}}},{"hash":"0495fc448e9ba412fff8d7e838e216697170faeb","isMergeCommit":false,"messageTitle":"Change personTest","messageBody":"","fileTypesAndContributionMap":{"test-code":{"insertions":0,"deletions":27}}},{"hash":"0436bb0dd48b6db9486a0ca3a6a22a004aeae626","isMergeCommit":false,"messageTitle":"Edit TypicalPersons to fit test","messageBody":"","fileTypesAndContributionMap":{"test-code":{"insertions":3,"deletions":2}}},{"hash":"c2a369f2bb135c8e2a89d507b5307f1906f8004a","isMergeCommit":false,"messageTitle":"Update test cases for Code Coverage","messageBody":"","fileTypesAndContributionMap":{"test-code":{"insertions":51,"deletions":7}}},{"hash":"fbb49bec3d38e60b995b0ddfb557ea4c84b869ae","isMergeCommit":false,"messageTitle":"Fix checkstyle error","messageBody":"","fileTypesAndContributionMap":{"test-code":{"insertions":3,"deletions":5}}},{"hash":"c3c21eb4d0adcadb861a591ce48b232aa5d33645","isMergeCommit":false,"messageTitle":"Fix checkstyle error","messageBody":"","fileTypesAndContributionMap":{"test-code":{"insertions":4,"deletions":4}}},{"hash":"f20a91f863755d1ef44b48b350a7e332d0cdbafd","isMergeCommit":false,"messageTitle":"Add KeywordParserTest","messageBody":"","fileTypesAndContributionMap":{"test-code":{"insertions":32,"deletions":6}}},{"hash":"bfa9f7edd6ead0970a5064f18940d8c040f19ca5","isMergeCommit":false,"messageTitle":"Fix checkstyle error","messageBody":"","fileTypesAndContributionMap":{"test-code":{"insertions":3,"deletions":3}}}]}]},"authorFileTypeContributionMap":{"tanveersingh10":{"docs":54,"functional-code":166,"test-code":169},"kohkaijie":{"docs":58,"functional-code":733,"test-code":422},"cmHuang777":{"docs":184,"functional-code":893,"test-code":1173},"Mohammed-Faizzzz":{"docs":67,"functional-code":906,"test-code":835},"chonguschonguschongus":{"docs":52,"functional-code":92,"test-code":163}},"authorContributionVariance":{"tanveersingh10":7671.596,"kohkaijie":9560.146,"cmHuang777":92302.35,"Mohammed-Faizzzz":51243.566,"chonguschonguschongus":13213.624},"authorDisplayNameMap":{"tanveersingh10":"CS2103T-T09-3 TANV..HDEV","kohkaijie":"CS2103T-T09-3 KOH .. JIE","cmHuang777":"CS2103T-T09-3 HUAN..MING","Mohammed-Faizzzz":"CS2103T-T09-3 NAGO..FAIZ","chonguschonguschongus":"CS2103T-T09-3 CHON..N XI"}}
