{"authorDailyContributionsMap":{"leezhanpeng":[{"date":"2023-09-29","commitResults":[{"hash":"f3cb5be6c1cac087fbf27376c6cb281e89d25f0a","isMergeCommit":false,"messageTitle":"Update AboutUs.md and added PPP Updated AboutUs page with details of leezhanpeng and added PPP of leezhanpeng.","messageBody":"","fileTypesAndContributionMap":{"docs":{"insertions":43,"deletions":6}}},{"hash":"958e379928266668c5384b333cef196f4115231a","isMergeCommit":false,"messageTitle":"Modify PPP of leezhanpeng Made small adjustments to leezhanpeng\u0027s PPP.","messageBody":"","fileTypesAndContributionMap":{"docs":{"insertions":2,"deletions":3}}}]},{"date":"2023-09-30","commitResults":[{"hash":"f52cc2ce05c0abf09a3acd7ca5a9527467b3290b","isMergeCommit":false,"messageTitle":"Create Doctor and Patient class As MediSync aims to map relationships between people with different roles, it becomes necessary to distinguish them beyond their attributes.","messageBody":"The Doctor and the Patient class serves to assist us with\nthis differentiation.\n","fileTypesAndContributionMap":{"functional-code":{"insertions":82,"deletions":0}}},{"hash":"b8db41399d466ba29694660cf5542bc9c54e02ac","isMergeCommit":false,"messageTitle":"Add testing for Doctor and Patient class","messageBody":"","fileTypesAndContributionMap":{"test-code":{"insertions":542,"deletions":0}}},{"hash":"bdf1feedf688eaf8c12efdbbcc5eaf21a36111cc","isMergeCommit":false,"messageTitle":"Add newline at EOF","messageBody":"","fileTypesAndContributionMap":{"functional-code":{"insertions":2,"deletions":2},"test-code":{"insertions":6,"deletions":6}}},{"hash":"0d458a680025e7c324eb9e30f59fe2a61b400c82","isMergeCommit":true,"messageTitle":"Merge pull request #72 from shuenj/branch-AboutUs","messageBody":"Update AboutUs and PPP","fileTypesAndContributionMap":{}}]},{"date":"2023-10-01","commitResults":[{"hash":"729ba30b10150dd4b3ed440450095131b1197302","isMergeCommit":true,"messageTitle":"Merge pull request #75 from Seonlo99/branch-Docs","messageBody":"Update AboutUs.md and add PPP","fileTypesAndContributionMap":{}}]},{"date":"2023-10-04","commitResults":[{"hash":"a1737c86d9411b575f2441634210700f80a7846a","isMergeCommit":false,"messageTitle":"Update UserGuide.md The current user guide is written to suit AB3. It must be modified to suit MediSync.","messageBody":"The Delete function, Quick Start, and\nFeatures descriptions are updated as\naccording to our assignment.\n","fileTypesAndContributionMap":{"docs":{"insertions":8,"deletions":7}}}]},{"date":"2023-10-05","commitResults":[{"hash":"170d10f5c94093da007c359c34e431c510f75d1e","isMergeCommit":true,"messageTitle":"Merge pull request #69 from EricXiong420/week7-updates","messageBody":"Update README, UG, DG","fileTypesAndContributionMap":{}},{"hash":"aad7742daf38aeb15ea3a5b3fbfb28ec5b37f061","isMergeCommit":true,"messageTitle":"Merge pull request #81 from shuenj/userguide-wk7","messageBody":"Update find command and command summary in UG","fileTypesAndContributionMap":{}}]},{"date":"2023-10-06","commitResults":[{"hash":"01dbcb57aafd85e2c3b3a7af9b8750a0a025ceb8","isMergeCommit":false,"messageTitle":"Fix nuances in documentations","messageBody":"","fileTypesAndContributionMap":{"docs":{"insertions":6,"deletions":13}}},{"hash":"581a88165e0ed2d469543a6e607af23ea409c210","isMergeCommit":false,"messageTitle":"Update DeveloperGuide.md","messageBody":"","fileTypesAndContributionMap":{"docs":{"insertions":11,"deletions":5}}},{"hash":"4c5650fc7eedb27ce96a848ef9bb5ef24d98651d","isMergeCommit":false,"messageTitle":"Update default.md and index.md","messageBody":"","fileTypesAndContributionMap":{"docs":{"insertions":6,"deletions":6}}},{"hash":"8d966f35fc7948bf895b1c8f5b07f507dab304bf","isMergeCommit":false,"messageTitle":"Update product name","messageBody":"","fileTypesAndContributionMap":{"docs":{"insertions":2,"deletions":2}}},{"hash":"8296b77458db68954133e88aa20297c090aa9f31","isMergeCommit":true,"messageTitle":"Merge pull request #83 from shuenj/dev-guide-wk7","messageBody":"Developer guide use cases","fileTypesAndContributionMap":{}},{"hash":"8528c52fbcfd528a54442dc561fc098e9082e87f","isMergeCommit":true,"messageTitle":"Merge branch \u0027master\u0027 into create-doctor-patient","messageBody":"","fileTypesAndContributionMap":{}}]},{"date":"2023-10-07","commitResults":[{"hash":"f6cd71a2a20dbbbe005826b64b76afbaa7ca3a88","isMergeCommit":false,"messageTitle":"Merge latest codebase","messageBody":"","fileTypesAndContributionMap":{"functional-code":{"insertions":10,"deletions":30},"test-code":{"insertions":23,"deletions":17}}},{"hash":"6e2b1025ca39bc396dfbe6b1b4c811ed993a0844","isMergeCommit":false,"messageTitle":"Change Address to Role","messageBody":"","fileTypesAndContributionMap":{"functional-code":{"insertions":150,"deletions":138},"test-code":{"insertions":200,"deletions":200}}},{"hash":"0cd8f348ce182fabdd9b69719bffb198a0677ec8","isMergeCommit":true,"messageTitle":"Merge branch \u0027change-address-to-role\u0027 into create-doctor-patient","messageBody":"","fileTypesAndContributionMap":{}}]},{"date":"2023-10-08","commitResults":[{"hash":"46686dc11803734399296a06cf37001fd382d0cb","isMergeCommit":true,"messageTitle":"Merge branch \u0027master\u0027 into create-doctor-patient","messageBody":"","fileTypesAndContributionMap":{}},{"hash":"0b32e66f20201d1a3a2953a0d204beea4a150e84","isMergeCommit":false,"messageTitle":"Adapt Doctor and Patient classes to parsers The current implementation of add and edit command parsers use the generic Person class.","messageBody":"This reduces the flexibility of what we can do with\ndifferent roles as we proceed to implement different\nfunctionality for them.\n\nLet\u0027s adapt the newly created Doctor and Patient\nclasses to the parsers.\n","fileTypesAndContributionMap":{"functional-code":{"insertions":47,"deletions":35},"test-code":{"insertions":73,"deletions":68}}}]},{"date":"2023-10-10","commitResults":[{"hash":"4b043a3c47d7438672377ac77f577822fbda7781","isMergeCommit":true,"messageTitle":"Merge pull request #89 from EricXiong420/change-help","messageBody":"Change help url for the HelpWindow","fileTypesAndContributionMap":{}}]},{"date":"2023-10-13","commitResults":[{"hash":"05aee73e13df6bf6275ce720e594b693306e9388","isMergeCommit":true,"messageTitle":"Merge pull request #96 from Seonlo99/branch-CheckAffn","messageBody":"Add checking of affiliation feature in Add and Edit commands","fileTypesAndContributionMap":{}},{"hash":"b912692a16df3ac4b31a9655479c28d44df77580","isMergeCommit":true,"messageTitle":"Merge pull request #97 from Seonlo99/branch-CheckAffn","messageBody":"Remove unnecessary code","fileTypesAndContributionMap":{}}]},{"date":"2023-10-16","commitResults":[{"hash":"b59c88d2f3eab928b7119e5dc8bafcfc5fbfdae8","isMergeCommit":true,"messageTitle":"Merge pull request #98 from shuenj/person-history","messageBody":"Person history","fileTypesAndContributionMap":{}},{"hash":"06cf742a25f28406edf3a5cf90ac625343051f06","isMergeCommit":false,"messageTitle":"Update UI to suit MediSync Current UI is adapted for AB3.","messageBody":"Let\u0027s make the new UI suitable for\nMediSync users.\n","fileTypesAndContributionMap":{"functional-code":{"insertions":450,"deletions":99},"test-code":{"insertions":1,"deletions":1}}}]},{"date":"2023-10-17","commitResults":[{"hash":"21796791193944389a67427bb294a101d8cd7d04","isMergeCommit":true,"messageTitle":"Fix code nuances and update Ui.png","messageBody":"","fileTypesAndContributionMap":{}},{"hash":"22eb525ee3bfbe23b023e7f89b3a37cc702fa1c6","isMergeCommit":false,"messageTitle":"Reduce unecessary image sizes","messageBody":"","fileTypesAndContributionMap":{"functional-code":{"insertions":0,"deletions":3}}},{"hash":"8415028a52923ee9b12b4de5c60b8906ed7f69cd","isMergeCommit":false,"messageTitle":"Add newline at EOF and remove trailing whitespaces","messageBody":"","fileTypesAndContributionMap":{"docs":{"insertions":3,"deletions":3}}},{"hash":"521f6f516766b486744063618a91f436b52db8ae","isMergeCommit":false,"messageTitle":"Add test for Messages generation","messageBody":"","fileTypesAndContributionMap":{"test-code":{"insertions":24,"deletions":0}}},{"hash":"0e17738adb0d6b3fe4790418caea34d5193b6b2d","isMergeCommit":false,"messageTitle":"Update MessagesTest","messageBody":"","fileTypesAndContributionMap":{"test-code":{"insertions":4,"deletions":4}}},{"hash":"0c5443c810ab8eda72c493fa16ac0b34e9b6d4df","isMergeCommit":false,"messageTitle":"Fix Ui bugs and add affiliations into InformationWindow","messageBody":"","fileTypesAndContributionMap":{"functional-code":{"insertions":62,"deletions":19},"other":{"insertions":5,"deletions":1}}},{"hash":"1867aece0d896228e67921f1dd683c534f37dcbb","isMergeCommit":false,"messageTitle":"Modify test case to suit role change restriction The test case did not consider the change of role when affiliationlist is not empty.","messageBody":"Let\u0027s change the test case to suit this.\n","fileTypesAndContributionMap":{"test-code":{"insertions":2,"deletions":6}}}]},{"date":"2023-10-18","commitResults":[{"hash":"d19e85aac827dbe86860c3687d5f8a96a62f4945","isMergeCommit":true,"messageTitle":"Merge pull request #107 from Seonlo99/branch-AddAffn","messageBody":"Add add affiliation feature","fileTypesAndContributionMap":{}}]},{"date":"2023-10-19","commitResults":[{"hash":"a3528d87d57f87ff6f2ee71d372fc54f2a056293","isMergeCommit":false,"messageTitle":"Add shift days attribute for Doctor class It is intended for the Ui to show the shift days of the doctors. However, the Doctor class do not have a shift days attribute for reference.","messageBody":"Let\u0027s create a ShiftDays class to complement\nthe Doctor class.\n","fileTypesAndContributionMap":{"functional-code":{"insertions":218,"deletions":46},"test-code":{"insertions":117,"deletions":29}}},{"hash":"b40619b32ddabe0aa070e9fdb298f94d938b479e","isMergeCommit":false,"messageTitle":"Add correct User Guide URL","messageBody":"","fileTypesAndContributionMap":{"functional-code":{"insertions":1,"deletions":2},"docs":{"insertions":1,"deletions":1}}},{"hash":"5a8cc24a6b599ffc773ae2268df0dda0134ebf03","isMergeCommit":false,"messageTitle":"Add SampleDataUtilTest","messageBody":"","fileTypesAndContributionMap":{"test-code":{"insertions":33,"deletions":0}}},{"hash":"f3a9551f7192d7da1491e9d9163cf3979fc3f896","isMergeCommit":false,"messageTitle":"Conform to checkstyle","messageBody":"","fileTypesAndContributionMap":{"test-code":{"insertions":2,"deletions":2}}},{"hash":"861a0eb45855210179eba342cbfd7eb2e87ea61a","isMergeCommit":true,"messageTitle":"Merge pull request #108 from shuenj/person-history-name","messageBody":"Add name change in affiliationHistory","fileTypesAndContributionMap":{}}]},{"date":"2023-10-20","commitResults":[{"hash":"c00d4e5c872bb85d972d29a19c1790a7cdc789f1","isMergeCommit":true,"messageTitle":"Merge pull request #111 from EricXiong420/shift-command","messageBody":"Add tests for ShiftCommand","fileTypesAndContributionMap":{}}]},{"date":"2023-10-22","commitResults":[{"hash":"d5cecfdfa1bef4adbbccb56c0334c764ed2a29a4","isMergeCommit":false,"messageTitle":"Fix initialisation of MediSync","messageBody":"The initialisation and saving of data\ndoes not track the shift days of doctors.\n\nLet\u0027s modify the way the data is stored\nin Json and allow the contact list to\nread the shift days of Doctors.\n","fileTypesAndContributionMap":{"functional-code":{"insertions":224,"deletions":17},"test-code":{"insertions":83,"deletions":10}}},{"hash":"d55edd7177958a0c6c30b5873576f83a827e65e0","isMergeCommit":false,"messageTitle":"Enable assertions in build.gradle","messageBody":"","fileTypesAndContributionMap":{"other":{"insertions":4,"deletions":0}}}]},{"date":"2023-10-24","commitResults":[{"hash":"2b696570aa327616c215b37a0bf1666eee27c0dc","isMergeCommit":false,"messageTitle":"Add Nurse class for MediSync","messageBody":"MediSync only supports Patient and Doctor\nclasses.\n\nThe limited Person types prevent addition\nof unique attributes for Doctor class.\n\nThe addition of more classes allows for\nthis addition of unique attributes in the\nfuture.\n\nLet\u0027s add Nurse class into MediSync by\nhaving Doctor and Nurse classes extend\nfrom Staff class.\n","fileTypesAndContributionMap":{"functional-code":{"insertions":262,"deletions":71},"test-code":{"insertions":706,"deletions":90}}}]},{"date":"2023-10-25","commitResults":[{"hash":"385dd12c659750335585033803a13ba81e659873","isMergeCommit":true,"messageTitle":"Merge pull request #126 from shuenj/affn-history-command","messageBody":"Add Affn history command","fileTypesAndContributionMap":{}},{"hash":"3f34cb5af513537e302bd2c561850b3b83a9928a","isMergeCommit":false,"messageTitle":"Update UI and Storage component of DG","messageBody":"","fileTypesAndContributionMap":{"docs":{"insertions":18,"deletions":4}}},{"hash":"80431cac2f0643d7a602404ea251292c35477dcb","isMergeCommit":false,"messageTitle":"Adjust Sequence Diagram in DG","messageBody":"","fileTypesAndContributionMap":{"docs":{"insertions":1,"deletions":1}}},{"hash":"4c1cc54c94fec414de71dc1a8437f5327f7d1991","isMergeCommit":true,"messageTitle":"Merge branch \u0027master\u0027 into create-nurse","messageBody":"","fileTypesAndContributionMap":{}},{"hash":"a0d983d02cc449b0581d9598227d3b38cadc7d3d","isMergeCommit":false,"messageTitle":"Fix ShiftDays removal bug","messageBody":"The edit of attributes of Staff does not\nretain the shiftDays of the Staff. Its\nshiftDays will reset every time edit is\nexecuted on the Staff.\n\nLet\u0027s fix the bug so that its shiftDays\nare not erased every edit.\n","fileTypesAndContributionMap":{"functional-code":{"insertions":20,"deletions":3},"test-code":{"insertions":16,"deletions":1}}},{"hash":"72987c34bf683e90c1995e78c9485740947957e8","isMergeCommit":false,"messageTitle":"Fix code to conform to checkstyle","messageBody":"","fileTypesAndContributionMap":{"functional-code":{"insertions":5,"deletions":2}}},{"hash":"6048bc8017d2b9fe81efe98994b321ec35fbfd32","isMergeCommit":false,"messageTitle":"Add test cases for Role","messageBody":"","fileTypesAndContributionMap":{"functional-code":{"insertions":4,"deletions":3},"test-code":{"insertions":17,"deletions":7}}},{"hash":"76b84bfdb24af2d79c032658ed951b9413a91dfe","isMergeCommit":false,"messageTitle":"Add hashCode test on varying Person classes","messageBody":"","fileTypesAndContributionMap":{"test-code":{"insertions":7,"deletions":0}}},{"hash":"1d12feb6778871798eac12ae897d855e8f172fe1","isMergeCommit":false,"messageTitle":"Modify test cases","messageBody":"","fileTypesAndContributionMap":{"test-code":{"insertions":13,"deletions":4}}},{"hash":"dfe9152aefef4896b62f6adcc42a6e2951e41136","isMergeCommit":false,"messageTitle":"Add more test cases","messageBody":"","fileTypesAndContributionMap":{"functional-code":{"insertions":1,"deletions":2},"test-code":{"insertions":59,"deletions":9}}},{"hash":"2ed7425f1aba8456fdcd09508abcf52fb17260fb","isMergeCommit":false,"messageTitle":"Add even more test cases","messageBody":"","fileTypesAndContributionMap":{"test-code":{"insertions":25,"deletions":2}}},{"hash":"7e05a3bff14c05945b7d2a743cef74f867af53f3","isMergeCommit":false,"messageTitle":"Add logging for UI clicking","messageBody":"","fileTypesAndContributionMap":{"functional-code":{"insertions":1,"deletions":0}}},{"hash":"fd7729d983645254cb5de9e97a7c5b2f647b5926","isMergeCommit":false,"messageTitle":"Modify comments for better clarity","messageBody":"","fileTypesAndContributionMap":{"functional-code":{"insertions":1,"deletions":1},"test-code":{"insertions":8,"deletions":8}}},{"hash":"abeaf60d69571406eb5b49491de492bb625394f9","isMergeCommit":false,"messageTitle":"Fix missing diagram bug in DG","messageBody":"","fileTypesAndContributionMap":{"docs":{"insertions":3,"deletions":3}}}]},{"date":"2023-10-26","commitResults":[{"hash":"40f21e743c1f22a4c11fafd04835e52c0bc8c524","isMergeCommit":true,"messageTitle":"Merge pull request #137 from Seonlo99/branch-RemoveAffnHistory","messageBody":"Add remove of affiliation history command","fileTypesAndContributionMap":{}},{"hash":"137120b6481f51cb324f5caed76d4cfca0658867","isMergeCommit":true,"messageTitle":"Merge pull request #138 from shuenj/ug-wk10-diagrams","messageBody":"Add else endpoint","tags":["v1.3.trial"],"fileTypesAndContributionMap":{}},{"hash":"53fbcda2095eb8a7407d6e9821fb66099d172174","isMergeCommit":false,"messageTitle":"Update MediSync version number","messageBody":"","fileTypesAndContributionMap":{"functional-code":{"insertions":1,"deletions":1},"other":{"insertions":1,"deletions":1}}},{"hash":"293bebea9d8828d2c0ac54381c04fddc5f9cf604","isMergeCommit":false,"messageTitle":"Adjust comment","messageBody":"","fileTypesAndContributionMap":{"functional-code":{"insertions":1,"deletions":1}}},{"hash":"f51cee032d93b97318a8f25a58e1e4125f71367a","isMergeCommit":false,"messageTitle":"Adjust FindCommand javadoc","messageBody":"","fileTypesAndContributionMap":{"functional-code":{"insertions":1,"deletions":1}}},{"hash":"4acfb00fb9ab6c022d9986f31d4e0de8543dd3c1","isMergeCommit":true,"messageTitle":"Merge pull request #139 from leezhanpeng/update-version-number","messageBody":"Update MediSync version number","fileTypesAndContributionMap":{}},{"hash":"59775bdc3e1bc20f65b94d75d3da00911698f43e","isMergeCommit":true,"messageTitle":"Merge pull request #141 from Seonlo99/branch-Docs","messageBody":"Update DG on Affiliation","fileTypesAndContributionMap":{}}]},{"date":"2023-10-27","commitResults":[{"hash":"4d1c39ef744b9265225af211ec3caf5a51290905","isMergeCommit":true,"messageTitle":"Merge pull request #143 from Seonlo99/branch-DG","messageBody":"Update DG","fileTypesAndContributionMap":{}},{"hash":"c30262caf26e125968b4f555f15a64f3d1ddc50e","isMergeCommit":true,"messageTitle":"Merge pull request #144 from EricXiong420/update-DG","messageBody":"Update dg","fileTypesAndContributionMap":{}}]},{"date":"2023-10-29","commitResults":[{"hash":"c360b77bc2d9d0861f36ad2b1220dff9cc0b9879","isMergeCommit":false,"messageTitle":"Implement info command","messageBody":"The Ui displays information of a Person\nvia on-click of PersonCard.\n\nThis is not in the spirit of a CLI-centric\napplication.\n\nLet\u0027s introduce an info command that\ndisplays the information of a Person\nvia the command instead of clicking.\n","fileTypesAndContributionMap":{"functional-code":{"insertions":196,"deletions":17},"test-code":{"insertions":177,"deletions":9}}},{"hash":"478c345a756605b5be1f16bf727a9d2564f2ad9c","isMergeCommit":false,"messageTitle":"Implement info command","messageBody":"The Ui displays information of a Person\nvia on-click of PersonCard.\n\nThis is not in the spirit of a CLI-centric\napplication.\n\nLet\u0027s introduce an info command that\ndisplays the information of a Person\nvia the command instead of clicking.\n","fileTypesAndContributionMap":{"functional-code":{"insertions":196,"deletions":17},"test-code":{"insertions":177,"deletions":9}}},{"hash":"e4984eca0affad0e847df4b833c2b4a28ce65253","isMergeCommit":false,"messageTitle":"Modify PersonListPanel.java","messageBody":"","fileTypesAndContributionMap":{"functional-code":{"insertions":6,"deletions":9}}},{"hash":"cbe9b40d79981cf9bf49993f7494c2afe38eb322","isMergeCommit":true,"messageTitle":"Adjust merge conflict","messageBody":"","fileTypesAndContributionMap":{}},{"hash":"69cdfc0db04843ac2f1bf6faff386af71fccc03c","isMergeCommit":false,"messageTitle":"Modify PersonListPanel.java for clarity","messageBody":"","fileTypesAndContributionMap":{"functional-code":{"insertions":2,"deletions":2}}},{"hash":"04c82d840b7a86e353cacedc7170231547e3260a","isMergeCommit":false,"messageTitle":"Introduce onduty command","messageBody":"Shift days can only be referred to by the\nuser via the information window.\n\nThis hinders the optimality of identifying\nstaff members that are on duty today.\n\nLet\u0027s introduce an onduty command that\nlists all staff members that are on duty\ntoday.\n","fileTypesAndContributionMap":{"functional-code":{"insertions":146,"deletions":0},"test-code":{"insertions":158,"deletions":3}}},{"hash":"b08a2205d732c16aa2dddb3294d16c1e2e19c8be","isMergeCommit":false,"messageTitle":"Add test cases","messageBody":"","fileTypesAndContributionMap":{"test-code":{"insertions":14,"deletions":0}}}]},{"date":"2023-10-30","commitResults":[{"hash":"6ceef181f42e82b2625468a6db2b81786a7a2e73","isMergeCommit":true,"messageTitle":"Fix merge conflict","messageBody":"","fileTypesAndContributionMap":{}}]},{"date":"2023-10-31","commitResults":[{"hash":"b43effb1031c824d27f7da430a4c949a14ff546c","isMergeCommit":true,"messageTitle":"Merge pull request #147 from shuenj/wk11-spec-command","messageBody":"Wk11 spec command","fileTypesAndContributionMap":{}},{"hash":"9e3455a466aa890d5c6afff2ce6a3ee040295070","isMergeCommit":true,"messageTitle":"Resolve merge conflict","messageBody":"","fileTypesAndContributionMap":{}},{"hash":"8a07fdd2d5d669463270baef2dac16ac1779e001","isMergeCommit":false,"messageTitle":"Fix arrow key inactivity","messageBody":"","fileTypesAndContributionMap":{"functional-code":{"insertions":3,"deletions":1}}},{"hash":"a57e1e2d16876f9c32ee32e1c99bd9fff3ecb5ee","isMergeCommit":true,"messageTitle":"Merge pull request #151 from shuenj/shift-fix","messageBody":"Handle 0,8,9 days","fileTypesAndContributionMap":{}},{"hash":"9ccc8491e82328a341e692a3cdafa3803292ff52","isMergeCommit":false,"messageTitle":"Fix output format","messageBody":"","fileTypesAndContributionMap":{"functional-code":{"insertions":7,"deletions":10}}},{"hash":"e48459354167316df0f4f15d696eead62ee936ac","isMergeCommit":true,"messageTitle":"Merge pull request #152 from shuenj/shift-fix","messageBody":"Use ShiftDays constants","fileTypesAndContributionMap":{}},{"hash":"f2af8378f2bf7a63ce875bcdbe0fbde92fab322e","isMergeCommit":true,"messageTitle":"Merge pull request #148 from Seonlo99/branch-NOK","messageBody":"Add Next of Kin to Patient","fileTypesAndContributionMap":{}},{"hash":"7ac4395f2401bcbed91ae25ea0e9da78b952b063","isMergeCommit":false,"messageTitle":"Adjust command initialisation","messageBody":"","fileTypesAndContributionMap":{"functional-code":{"insertions":4,"deletions":3}}},{"hash":"292b1cd9a0bca13d296940b56ed0cc67c054f6b7","isMergeCommit":false,"messageTitle":"Adjust Javadoc","messageBody":"","fileTypesAndContributionMap":{"functional-code":{"insertions":1,"deletions":1}}},{"hash":"f11c5ffb31cadbc1278354c9202e23d2537741f3","isMergeCommit":false,"messageTitle":"Add spec and nok into UI","messageBody":"","fileTypesAndContributionMap":{"functional-code":{"insertions":171,"deletions":5}}}]},{"date":"2023-11-01","commitResults":[{"hash":"d95ac5b37bc2444911f4b1efb394887b1fc98167","isMergeCommit":false,"messageTitle":"Update User Guide","messageBody":"","fileTypesAndContributionMap":{"functional-code":{"insertions":15,"deletions":1},"docs":{"insertions":65,"deletions":16}}},{"hash":"889b13c05aa00ca4e090f8f3f7a18c6d70900676","isMergeCommit":true,"messageTitle":"Merge pull request #157 from Seonlo99/branch-NOK","messageBody":"Add command for Next Of Kin","fileTypesAndContributionMap":{}},{"hash":"1e0114cbecbd90c40498c0513e3280df7a3dc746","isMergeCommit":false,"messageTitle":"Enhance JSON File Reading Verification","messageBody":"Users are allow to directly make changes\nto the JSON file that stores the data of\nthe contact list.\n\nChanges made that violates the affiliation\nrules are not checked, and is passed into\nthe contact list haphazardly.\n\nLet\u0027s enhance the way the JSON file is read,\nso that illegal changes are flagged.\n","fileTypesAndContributionMap":{"functional-code":{"insertions":120,"deletions":2},"test-code":{"insertions":92,"deletions":14}}},{"hash":"638190e8f2d39a60dcd258963e5d4b5b8ee18863","isMergeCommit":true,"messageTitle":"Merge branch \u0027master\u0027 into fix-reading-json","messageBody":"","fileTypesAndContributionMap":{}},{"hash":"8efe94a2485c45441ef79d2d2980f27ba0ec184f","isMergeCommit":false,"messageTitle":"Standardise toString","messageBody":"","fileTypesAndContributionMap":{"functional-code":{"insertions":1,"deletions":8},"test-code":{"insertions":1,"deletions":2}}},{"hash":"ff44193dc4e5c87727a79f678c8e54f3e7f3fd85","isMergeCommit":false,"messageTitle":"Conform to checkstyle","messageBody":"","fileTypesAndContributionMap":{"functional-code":{"insertions":0,"deletions":2}}},{"hash":"7657468d821c76d7940164e4fdf8381f8c263a0c","isMergeCommit":false,"messageTitle":"Modify JavaDoc","messageBody":"","fileTypesAndContributionMap":{"functional-code":{"insertions":4,"deletions":0}}},{"hash":"5737cc184add01ba9f419c4c5dbc47f5992f7dbb","isMergeCommit":false,"messageTitle":"Modify JavaDoc","messageBody":"","fileTypesAndContributionMap":{"test-code":{"insertions":1,"deletions":1}}},{"hash":"e0ee0a30d914c1996ba87caa16e35d5fcae9d68d","isMergeCommit":false,"messageTitle":"Add test cases","messageBody":"","fileTypesAndContributionMap":{"test-code":{"insertions":10,"deletions":1}}},{"hash":"e9bf9858d9d49916db009e1e98a2570359f31f49","isMergeCommit":false,"messageTitle":"Add test cases","messageBody":"","fileTypesAndContributionMap":{"functional-code":{"insertions":0,"deletions":2},"test-code":{"insertions":48,"deletions":0}}},{"hash":"cea23cc75090b1a35cf5c5abc8cdef7cca797ed5","isMergeCommit":false,"messageTitle":"Conform to checkstyle","messageBody":"","fileTypesAndContributionMap":{"test-code":{"insertions":0,"deletions":1}}},{"hash":"877c3383fb21aeec0376d26f7b3fb29b5e0e7962","isMergeCommit":true,"messageTitle":"Merge pull request #159 from shuenj/wk12-ug","messageBody":"Add affnh and spec UG","fileTypesAndContributionMap":{}}]},{"date":"2023-11-02","commitResults":[{"hash":"d246a93d763fbdb96d50d23c32ef58b352a9305d","isMergeCommit":true,"messageTitle":"Merge pull request #161 from Seonlo99/branch-Docs","messageBody":"Update UG","fileTypesAndContributionMap":{}},{"hash":"4548d1ad6933c12282c41b4b7f967f398a60510d","isMergeCommit":false,"messageTitle":"Adjust SampleDataUtil.java","messageBody":"","fileTypesAndContributionMap":{"functional-code":{"insertions":15,"deletions":3}}},{"hash":"55f7045dff2fe6f44ef380351f32c31b876d1131","isMergeCommit":false,"messageTitle":"Conform to checkstyle","messageBody":"","fileTypesAndContributionMap":{"functional-code":{"insertions":6,"deletions":0}}},{"hash":"efc79b3d9103cd00948a63341bb6e513c807e55d","isMergeCommit":false,"messageTitle":"Adjust SampleDataUtil.java","messageBody":"","fileTypesAndContributionMap":{"functional-code":{"insertions":2,"deletions":1}}},{"hash":"d0a37a541f1b978bce3b1ac7f6ee09826be3d919","isMergeCommit":true,"messageTitle":"Merge pull request #165 from leezhanpeng/modify-sample-data-util","messageBody":"Adjust SampleDataUtil.java","fileTypesAndContributionMap":{}}]},{"date":"2023-11-03","commitResults":[{"hash":"af5f5eb2309b3638259793f35c6f3ee2e08ea46a","isMergeCommit":false,"messageTitle":"Adjust UserGuide and datafile name","messageBody":"","fileTypesAndContributionMap":{"functional-code":{"insertions":1,"deletions":1},"docs":{"insertions":20,"deletions":3},"test-code":{"insertions":2,"deletions":2}}},{"hash":"937a8f6e01ccfa2470c89dffc01cdd93ad79aa3b","isMergeCommit":false,"messageTitle":"Modify user guide","messageBody":"","fileTypesAndContributionMap":{"docs":{"insertions":0,"deletions":1}}}]}],"Seonlo99":[{"date":"2023-10-01","commitResults":[{"hash":"686a33544c0d4b68e37b8e2c16ccfaa0956b4302","isMergeCommit":false,"messageTitle":"Update AboutUs.md and add seonlo99.md and add seonlo99.png","messageBody":"","fileTypesAndContributionMap":{"docs":{"insertions":41,"deletions":6}}},{"hash":"25000c5ac7236957bcb41a422a15b37de11c42d7","isMergeCommit":false,"messageTitle":"Update seonlo99.md","messageBody":"","fileTypesAndContributionMap":{"docs":{"insertions":1,"deletions":1}}},{"hash":"d3fefa204fc62c25f703058e5c5ab9e2fef1a93a","isMergeCommit":false,"messageTitle":"Remove trailing whitespace","messageBody":"","fileTypesAndContributionMap":{"docs":{"insertions":1,"deletions":1}}},{"hash":"3977d7c90af70e93df049c4cbd17f415ab262bf1","isMergeCommit":false,"messageTitle":"Update UserGuide.md","messageBody":"","fileTypesAndContributionMap":{"docs":{"insertions":9,"deletions":10}}},{"hash":"fcde6868ab8d2bdab449726c05b1f48be4cbbba3","isMergeCommit":false,"messageTitle":"Update UserGuide.md","messageBody":"","fileTypesAndContributionMap":{"docs":{"insertions":9,"deletions":9}}}]},{"date":"2023-10-04","commitResults":[{"hash":"847c3ee806e81ec6a9eb809dece15f4e75db86dc","isMergeCommit":true,"messageTitle":"Merge pull request #78 from leezhanpeng/update-user-guide","messageBody":"Update UserGuide.md","fileTypesAndContributionMap":{}},{"hash":"8cd15c4be0360aa3345fa91a2e4b2e2b74cd1ca1","isMergeCommit":false,"messageTitle":"Update DeveloperGuide.md User stories","messageBody":"","fileTypesAndContributionMap":{"docs":{"insertions":11,"deletions":8}}}]},{"date":"2023-10-05","commitResults":[{"hash":"874af1b5bdc26a07c09db605f7d7f626e0de81e9","isMergeCommit":true,"messageTitle":"Merge branch \u0027master\u0027 into tutorial-adding-command","messageBody":"","fileTypesAndContributionMap":{}},{"hash":"72679abad03bd8485ce452d52b7cd73671d479b9","isMergeCommit":true,"messageTitle":"Merge pull request #68 from EricXiong420/tutorial-adding-command","messageBody":"Tutorial adding command","fileTypesAndContributionMap":{}},{"hash":"c1a93aebbc43d4b08169e8a442b5da2c24a5aaa0","isMergeCommit":true,"messageTitle":"Merge branch \u0027master\u0027 of https://github.com/AY2324S1-CS2103-T16-2/tp into branch-Docs","messageBody":"","fileTypesAndContributionMap":{}},{"hash":"5ea13b52179c59498b1f927bc63d63062638f871","isMergeCommit":false,"messageTitle":"Update UserGuide.md","messageBody":"","fileTypesAndContributionMap":{"docs":{"insertions":17,"deletions":17}}},{"hash":"e34316a17b0e97b0cb707cd50aa91c1be3eeed43","isMergeCommit":false,"messageTitle":"Update UserGuide.md","messageBody":"","fileTypesAndContributionMap":{"docs":{"insertions":5,"deletions":4}}},{"hash":"dd9de2e5f461bb5c82ad99d10ff0ab2afa0b00cc","isMergeCommit":false,"messageTitle":"Update UserGuide.md","messageBody":"","fileTypesAndContributionMap":{"docs":{"insertions":4,"deletions":3}}},{"hash":"b403472aac90a0edbe9bf6d62cf2f23067d0dba3","isMergeCommit":true,"messageTitle":"Merge branch \u0027master\u0027 into branch-Docs","messageBody":"","fileTypesAndContributionMap":{}}]},{"date":"2023-10-06","commitResults":[{"hash":"ceea767f850a5b6663056144ffb241d048f896a3","isMergeCommit":true,"messageTitle":"Merge pull request #85 from leezhanpeng/update-DG","messageBody":"Update DeveloperGuide.md","fileTypesAndContributionMap":{}},{"hash":"77ac7f14c83efa8697c5070de2e5f057d51901d7","isMergeCommit":true,"messageTitle":"Merge pull request #86 from leezhanpeng/update-markbind-layout","messageBody":"Update default.md and index.md","fileTypesAndContributionMap":{}},{"hash":"f0bb02db16257edc14844d64bbdb12b2f8f7627d","isMergeCommit":true,"messageTitle":"Merge pull request #87 from leezhanpeng/update-markbind-layout","messageBody":"Update product name in index.md","fileTypesAndContributionMap":{}}]},{"date":"2023-10-11","commitResults":[{"hash":"3c98aff29c34c8185270039c3a55857c6ba0e973","isMergeCommit":false,"messageTitle":"Add Checking of affiliation feature","messageBody":"","fileTypesAndContributionMap":{"functional-code":{"insertions":134,"deletions":3}}},{"hash":"f43d8a5a190a77af945a991b0e58ae044965d10f","isMergeCommit":false,"messageTitle":"Comply with Java CI requirements","messageBody":"","fileTypesAndContributionMap":{"functional-code":{"insertions":17,"deletions":3}}},{"hash":"aae0c5e08a8ef0a9bbeba17002df4887640d4b84","isMergeCommit":false,"messageTitle":"Fix bug execute affililation checker only when affiliation is edited on Edit command","messageBody":"","fileTypesAndContributionMap":{"functional-code":{"insertions":11,"deletions":2},"test-code":{"insertions":4,"deletions":10}}},{"hash":"43df56402722c19e9a7c4333410dce840c9e49e3","isMergeCommit":false,"messageTitle":"Comply with Java CI checks","messageBody":"","fileTypesAndContributionMap":{"test-code":{"insertions":8,"deletions":1}}},{"hash":"a8dd2757e079d27bed0bdfd62bfceb73d517b092","isMergeCommit":false,"messageTitle":"Add Test for Affiliation Checker","messageBody":"","fileTypesAndContributionMap":{"test-code":{"insertions":85,"deletions":0}}},{"hash":"4063e77b3205f0d9f42a61495e59aea25f1d7e5a","isMergeCommit":false,"messageTitle":"Comply with Java CI checks","messageBody":"","fileTypesAndContributionMap":{"test-code":{"insertions":19,"deletions":21}}},{"hash":"b4ef4f277381fd75fd75024f09c7604c1a213d4f","isMergeCommit":true,"messageTitle":"Merge pull request #95 from shuenj/command-output","messageBody":"Modify command outputs","fileTypesAndContributionMap":{}},{"hash":"4e3bdb140437eb242854c6256c67e6d738a90dfd","isMergeCommit":true,"messageTitle":"Merge branch \u0027master\u0027 into branch-CheckAffn","messageBody":"","fileTypesAndContributionMap":{}}]},{"date":"2023-10-13","commitResults":[{"hash":"64a2d325025877bcbb1d564ba856788b2e5215ea","isMergeCommit":false,"messageTitle":"Fix Affiliatin bugs","messageBody":"","fileTypesAndContributionMap":{"functional-code":{"insertions":146,"deletions":52},"test-code":{"insertions":52,"deletions":14}}},{"hash":"3872037a7004e12474626db75105216904a94d48","isMergeCommit":true,"messageTitle":"Merge branch \u0027branch-CheckAffn\u0027 of https://github.com/Seonlo99/tp into branch-CheckAffn","messageBody":"","fileTypesAndContributionMap":{}},{"hash":"a7aa1788942f0b2fe35e66466731defaace02c4c","isMergeCommit":false,"messageTitle":"Fix Checkstyle","messageBody":"","fileTypesAndContributionMap":{"functional-code":{"insertions":4,"deletions":4}}},{"hash":"3af5ed7fbc2e7c763e1e8279486f3188da83bc38","isMergeCommit":false,"messageTitle":"Adjust code to pass testcases","messageBody":"","fileTypesAndContributionMap":{"functional-code":{"insertions":21,"deletions":13},"test-code":{"insertions":58,"deletions":37}}},{"hash":"f0bef642d741135a922a6113dc0f2f752df058a7","isMergeCommit":false,"messageTitle":"Remove print lines","messageBody":"","fileTypesAndContributionMap":{"test-code":{"insertions":0,"deletions":4}}},{"hash":"8e28d663030316d7a037a18f28ad02f16f8a37b8","isMergeCommit":false,"messageTitle":"Update logic error in Edit Command and adjust code to comply with Checkstyle","messageBody":"","fileTypesAndContributionMap":{"functional-code":{"insertions":18,"deletions":12},"other":{"insertions":1,"deletions":1},"test-code":{"insertions":4,"deletions":4}}},{"hash":"351fe2ab7c4e17cc932d116c101e1952317813c6","isMergeCommit":false,"messageTitle":"Remove unnecessary code","messageBody":"","fileTypesAndContributionMap":{"functional-code":{"insertions":0,"deletions":3}}},{"hash":"57f79f32c5ae390c2ad018f471242b2df88fc87d","isMergeCommit":false,"messageTitle":"Comply with Checkstyle","messageBody":"","fileTypesAndContributionMap":{"functional-code":{"insertions":0,"deletions":1}}}]},{"date":"2023-10-18","commitResults":[{"hash":"57e4078b4edfaf7ffbd543e3accda053ddad65cf","isMergeCommit":false,"messageTitle":"Add add affiliation feature","messageBody":"","fileTypesAndContributionMap":{"functional-code":{"insertions":68,"deletions":0},"other":{"insertions":8,"deletions":5},"test-code":{"insertions":4,"deletions":0}}},{"hash":"bbad0e911b8e23d905cb0a0d26e0a9695c2f982e","isMergeCommit":false,"messageTitle":"Add add affiliation feature","messageBody":"","fileTypesAndContributionMap":{"functional-code":{"insertions":119,"deletions":35},"test-code":{"insertions":247,"deletions":9}}},{"hash":"fa5185b77b1deb76a1dcdad6127159ea7b7b3e4a","isMergeCommit":true,"messageTitle":"Fix merge conflict","messageBody":"","fileTypesAndContributionMap":{}},{"hash":"29a59b17dd08c054b1e3b8d5366ec7776473d97a","isMergeCommit":false,"messageTitle":"Fix affiliation history bug","messageBody":"","fileTypesAndContributionMap":{"functional-code":{"insertions":1,"deletions":1}}}]},{"date":"2023-10-19","commitResults":[{"hash":"99b6dabad388775378c9c855540d2e8492839737","isMergeCommit":true,"messageTitle":"Merge pull request #109 from leezhanpeng/add-shift-days","messageBody":"Add shift days attribute for Doctor class ","tags":["v1.2b"],"fileTypesAndContributionMap":{}}]},{"date":"2023-10-23","commitResults":[{"hash":"0f4df49a150dee6e42f54682e672ad99d1a3a217","isMergeCommit":true,"messageTitle":"Merge pull request #113 from leezhanpeng/update-initialisation","messageBody":"Fix initialisation of MediSync","fileTypesAndContributionMap":{}},{"hash":"7b7b395e6e00694b7410d485962a3310d9961df8","isMergeCommit":true,"messageTitle":"Merge pull request #114 from leezhanpeng/enable-assertions","messageBody":"Enable assertions in build.gradle","fileTypesAndContributionMap":{}}]},{"date":"2023-10-25","commitResults":[{"hash":"ec068ec7edc43d388075e54730ef7f55da0efc44","isMergeCommit":false,"messageTitle":"Disallow changing of role through EditCommand","messageBody":"","fileTypesAndContributionMap":{"functional-code":{"insertions":8,"deletions":13},"test-code":{"insertions":28,"deletions":24}}},{"hash":"59ef8c4f945288ada6993cec70b5da19fae70c5d","isMergeCommit":false,"messageTitle":"Add clear affiliation history command","messageBody":"","fileTypesAndContributionMap":{"functional-code":{"insertions":110,"deletions":12},"test-code":{"insertions":90,"deletions":0}}},{"hash":"cba6c93482ee5bb8e80bf92cf6e8eed316a4359d","isMergeCommit":true,"messageTitle":"Merge branch \u0027master\u0027 of https://github.com/AY2324S1-CS2103-T16-2/tp","messageBody":"","fileTypesAndContributionMap":{}},{"hash":"68ba50c608363d2592ca17b089ae666f419438a5","isMergeCommit":false,"messageTitle":"Update testcases","messageBody":"","fileTypesAndContributionMap":{"functional-code":{"insertions":2,"deletions":1},"test-code":{"insertions":25,"deletions":13}}},{"hash":"b5121c7b7e6abf3022a2b05eb5efc07e24f0cb50","isMergeCommit":false,"messageTitle":"Update Javadoc","messageBody":"","fileTypesAndContributionMap":{"functional-code":{"insertions":1,"deletions":1}}},{"hash":"46443b035d627d9574e64c3be5adc5065d3e5ccc","isMergeCommit":true,"messageTitle":"Fix merge conflict","messageBody":"","fileTypesAndContributionMap":{}},{"hash":"d52e327e8f7a5919eee2d072e6c063b4128356cc","isMergeCommit":false,"messageTitle":"Add remove affiliation history command","messageBody":"","fileTypesAndContributionMap":{"functional-code":{"insertions":3,"deletions":3},"other":{"insertions":50,"deletions":45}}},{"hash":"bd68632c3535e5272704d54bb6f1864298108f6a","isMergeCommit":true,"messageTitle":"Fix merge conflict","messageBody":"","fileTypesAndContributionMap":{}},{"hash":"0b28100d43f684842d757f5b0da5e520653096a9","isMergeCommit":false,"messageTitle":"Fix grammar error","messageBody":"","fileTypesAndContributionMap":{"functional-code":{"insertions":1,"deletions":3}}},{"hash":"1a416fa77d311dc47f5b110a91f87a6a9b295841","isMergeCommit":false,"messageTitle":"Add more test cases to improve coverage","messageBody":"","fileTypesAndContributionMap":{"functional-code":{"insertions":0,"deletions":2},"test-code":{"insertions":22,"deletions":1}}},{"hash":"75693590085a6f06d8ef6e941c1d1c32f853a776","isMergeCommit":false,"messageTitle":"Revert \"Disallow changing of role through EditCommand\"","messageBody":"","fileTypesAndContributionMap":{"functional-code":{"insertions":15,"deletions":9},"test-code":{"insertions":25,"deletions":24}}},{"hash":"c90b8d26822a729eef83bc2e363776e1dcd7de35","isMergeCommit":true,"messageTitle":"Merge pull request #134 from AY2324S1-CS2103-T16-2/revert-127-branch-RemoveRoleEdit","messageBody":"Revert \"Disallow changing of role through EditCommand\"","fileTypesAndContributionMap":{}},{"hash":"2d7f05c394d0127404fe609c6ced6ceaa165c016","isMergeCommit":true,"messageTitle":"Fix merge conflict","messageBody":"","fileTypesAndContributionMap":{}},{"hash":"7d8d7a26d0a5b94bd3f7357eac0538f32d951e34","isMergeCommit":false,"messageTitle":"Complete disallow of edit role","messageBody":"","fileTypesAndContributionMap":{"functional-code":{"insertions":9,"deletions":8},"test-code":{"insertions":11,"deletions":16}}},{"hash":"8192dc0d115279923711e8a1a8db025920b658c5","isMergeCommit":false,"messageTitle":"Remove assert","messageBody":"","fileTypesAndContributionMap":{"functional-code":{"insertions":0,"deletions":2}}},{"hash":"1f0650777807445018ac7f0003b4c2e2dbd18ff5","isMergeCommit":true,"messageTitle":"Merge pull request #135 from Seonlo99/branch-RemoveRoleEdit","messageBody":"Disallow changing of role through EditCommand","fileTypesAndContributionMap":{}},{"hash":"0d952b4266894d0119c7612923ede74e284bb5d1","isMergeCommit":true,"messageTitle":"Merge branch \u0027master\u0027 of https://github.com/AY2324S1-CS2103-T16-2/tp into branch-RemoveAffnHistory","messageBody":"","fileTypesAndContributionMap":{}},{"hash":"b2213c270192b2de7dbe5122c0e57bf4f3f9d46b","isMergeCommit":false,"messageTitle":"Add testcases for improve coverage","messageBody":"","fileTypesAndContributionMap":{"test-code":{"insertions":31,"deletions":0}}},{"hash":"1ff9e0342715442a3132793fd8284aeaf0a5270e","isMergeCommit":false,"messageTitle":"Fix remove affiliation history bug","messageBody":"","fileTypesAndContributionMap":{"functional-code":{"insertions":3,"deletions":1}}},{"hash":"2fcc1f76918c8e3420c5fd72f29706f1cb49d719","isMergeCommit":false,"messageTitle":"Update testcase","messageBody":"","fileTypesAndContributionMap":{"test-code":{"insertions":5,"deletions":5}}},{"hash":"e7efe8ae6792382af3b6010809328aa4f4659fec","isMergeCommit":false,"messageTitle":"Add testcase","messageBody":"","fileTypesAndContributionMap":{"test-code":{"insertions":7,"deletions":10}}},{"hash":"aaad5bebc7c9538a86892a0fb487cc86dff711d5","isMergeCommit":false,"messageTitle":"Add testcase","messageBody":"","fileTypesAndContributionMap":{"test-code":{"insertions":11,"deletions":1}}},{"hash":"043b8bc2e6da37fde2a197c7772923a0fda95ea7","isMergeCommit":false,"messageTitle":"Add logger","messageBody":"","fileTypesAndContributionMap":{"functional-code":{"insertions":6,"deletions":0}}},{"hash":"088dbe3ea28677e87db7cca9f07ef64629b241c8","isMergeCommit":false,"messageTitle":"Add logger","messageBody":"","fileTypesAndContributionMap":{"functional-code":{"insertions":2,"deletions":2}}},{"hash":"73e9727d636caf17f58e27dd27ebb52ff6a6de27","isMergeCommit":false,"messageTitle":"Update logger","messageBody":"","fileTypesAndContributionMap":{"functional-code":{"insertions":2,"deletions":1}}}]},{"date":"2023-10-26","commitResults":[{"hash":"de7a33d2458b7b74c4ac87b98ca50d6404c058f1","isMergeCommit":true,"messageTitle":"Merge pull request #140 from shuenj/ug-wk10-diagrams","messageBody":"Remove parallelism","fileTypesAndContributionMap":{}},{"hash":"27cd115c48251371638f3d8913aca1a6447ae9d9","isMergeCommit":false,"messageTitle":"Update DG on Affiliation","messageBody":"","fileTypesAndContributionMap":{"docs":{"insertions":4,"deletions":0}}},{"hash":"8e3e487fdd54bc7b9c638ab2209bf8cdc55265e4","isMergeCommit":false,"messageTitle":"Update Model URL","messageBody":"","fileTypesAndContributionMap":{"docs":{"insertions":1,"deletions":1}}}]},{"date":"2023-10-27","commitResults":[{"hash":"1ff438ca2b1c8fef63907f5e29fd5b65f8bfa278","isMergeCommit":false,"messageTitle":"Update DG","messageBody":"","fileTypesAndContributionMap":{"docs":{"insertions":4,"deletions":2}}},{"hash":"9484fe3dccb75a16adb644b77237225731595b2f","isMergeCommit":false,"messageTitle":"Update DG","messageBody":"","fileTypesAndContributionMap":{"docs":{"insertions":2,"deletions":0}}}]},{"date":"2023-10-31","commitResults":[{"hash":"4cfd7eb591a3b368cce8c458e581052d83ff2490","isMergeCommit":false,"messageTitle":"Add Next of Kin to Patient","messageBody":"","fileTypesAndContributionMap":{"functional-code":{"insertions":203,"deletions":1},"test-code":{"insertions":172,"deletions":3}}},{"hash":"cd6a6fcc410a3970e2260edbaf1475e6407df53e","isMergeCommit":true,"messageTitle":"Merge pull request #149 from leezhanpeng/add-info-command","messageBody":"Fix arrow key inactivity","fileTypesAndContributionMap":{}},{"hash":"5f08eff6ec2f3e2c3e6d15d5dc36efe4586e962d","isMergeCommit":true,"messageTitle":"Merge pull request #150 from shuenj/shift-fix","messageBody":"Shift fix","fileTypesAndContributionMap":{}},{"hash":"8f24b48eb5975ec4892b3ad927fdd9820de34379","isMergeCommit":true,"messageTitle":"Merge branch \u0027master\u0027 of https://github.com/AY2324S1-CS2103-T16-2/tp into branch-NOK","messageBody":"","fileTypesAndContributionMap":{}},{"hash":"6c11571210d5f98241afbdca847e17c307c208db","isMergeCommit":false,"messageTitle":"Change Next of Kin to have only 1 instance","messageBody":"","fileTypesAndContributionMap":{"functional-code":{"insertions":38,"deletions":30},"test-code":{"insertions":11,"deletions":18}}},{"hash":"3f674fdb129f2fc36bcf98a44e0c14a2a435cc6e","isMergeCommit":false,"messageTitle":"Comply with checkstyle","messageBody":"","fileTypesAndContributionMap":{"functional-code":{"insertions":9,"deletions":7},"test-code":{"insertions":1,"deletions":1}}},{"hash":"ded8a60894d1736c19674e77f4e275f990c8b7e0","isMergeCommit":true,"messageTitle":"Merge pull request #153 from leezhanpeng/fix-output-formatting","messageBody":"Fix output format","fileTypesAndContributionMap":{}},{"hash":"e615628f34a095cf2a876360c94940ca46ea4b21","isMergeCommit":true,"messageTitle":"Merge pull request #154 from leezhanpeng/adjust-command-init","messageBody":"Adjust command initialisation","fileTypesAndContributionMap":{}}]},{"date":"2023-11-01","commitResults":[{"hash":"36e10eca4fa7f71f9388e93dafad50e45ca56101","isMergeCommit":false,"messageTitle":"Add command for Next Of Kin","messageBody":"","fileTypesAndContributionMap":{"functional-code":{"insertions":225,"deletions":6},"test-code":{"insertions":270,"deletions":10}}},{"hash":"21249cd9ec4e24b584b41c7bfb3d00cf80f3a084","isMergeCommit":false,"messageTitle":"Update Next Of Kin Command Message","messageBody":"","fileTypesAndContributionMap":{"functional-code":{"insertions":1,"deletions":0}}},{"hash":"058551c07037ff2b07a4e4f35ec5833f344a200b","isMergeCommit":true,"messageTitle":"Merge pull request #156 from leezhanpeng/update-user-guide","messageBody":"Update User Guide","fileTypesAndContributionMap":{}},{"hash":"36be45e0664f8aeb886c4731af8c752dd56586d1","isMergeCommit":false,"messageTitle":"Update storage reading and writing","messageBody":"","fileTypesAndContributionMap":{"functional-code":{"insertions":140,"deletions":1},"test-code":{"insertions":18,"deletions":14}}},{"hash":"ff2459d053b67ccb8050c6d9c0af1f3d9b113709","isMergeCommit":false,"messageTitle":"Correct Javadoc","messageBody":"","fileTypesAndContributionMap":{"functional-code":{"insertions":1,"deletions":1}}},{"hash":"bea9793fafcdcd3e55d43a64918883938a79d214","isMergeCommit":true,"messageTitle":"Merge branch \u0027master\u0027 of https://github.com/AY2324S1-CS2103-T16-2/tp into branch-Docs","messageBody":"","fileTypesAndContributionMap":{}}]},{"date":"2023-11-02","commitResults":[{"hash":"a4a70dd10d60e5be02905b65372cb3cbf8387a72","isMergeCommit":false,"messageTitle":"Update UG","messageBody":"","fileTypesAndContributionMap":{"docs":{"insertions":54,"deletions":2}}},{"hash":"0032947f4007c667af72cea974bd0738104275de","isMergeCommit":false,"messageTitle":"Update UG","messageBody":"","fileTypesAndContributionMap":{"docs":{"insertions":2,"deletions":1}}},{"hash":"134ad4ed5c472820a47a90aa1a988d66edf83008","isMergeCommit":true,"messageTitle":"Merge pull request #160 from Seonlo99/branch-NOK","messageBody":"Update storage reading and writing","fileTypesAndContributionMap":{}},{"hash":"f2ffb24f921c81e5aa6232cfb656bb46dd3b5582","isMergeCommit":false,"messageTitle":"Update DG","messageBody":"","fileTypesAndContributionMap":{"docs":{"insertions":26,"deletions":27}}},{"hash":"68e7ae3191b16952d0e9ad3cf082bedd99917b40","isMergeCommit":false,"messageTitle":"Update DG","messageBody":"","fileTypesAndContributionMap":{"docs":{"insertions":1,"deletions":1}}},{"hash":"cf477000e618a3c1253c5add27b5396515e158f7","isMergeCommit":true,"messageTitle":"Merge pull request #162 from EricXiong420/expand-find","messageBody":"Expand find","fileTypesAndContributionMap":{}}]},{"date":"2023-11-03","commitResults":[{"hash":"11d345525c8b07d246ee38d64db7ce609e13414b","isMergeCommit":true,"messageTitle":"Merge pull request #166 from leezhanpeng/file-adjustments","messageBody":"Adjust user guide and datafile name","tags":["v1.3"],"fileTypesAndContributionMap":{}}]}],"EricXiong420":[{"date":"2023-09-27","commitResults":[{"hash":"faedb907b4a45cf7015a86fade6d980721cf0f2c","isMergeCommit":false,"messageTitle":"Change \"Tag\" to \"Affiliation\"","messageBody":"","fileTypesAndContributionMap":{"functional-code":{"insertions":292,"deletions":207},"other":{"insertions":3,"deletions":3},"docs":{"insertions":23,"deletions":23},"test-code":{"insertions":271,"deletions":174}}},{"hash":"cb57e36ad7cf739e62c8bbd8f30c1ed9b91a42f6","isMergeCommit":false,"messageTitle":"Add \u0027affn\u0027 command","messageBody":"The affiliation command will take in an INDEX as its argument, and list\nthe people affiliated with the person at the index. Tests were written\nfor every new class and method added, and UserGuide was updated for the\nnew command.\n","fileTypesAndContributionMap":{"functional-code":{"insertions":80,"deletions":12},"docs":{"insertions":25,"deletions":11},"test-code":{"insertions":100,"deletions":15}}}]},{"date":"2023-09-28","commitResults":[{"hash":"665cbfbfa8d68174a8496c3dad7c29e8660d5362","isMergeCommit":false,"messageTitle":"Fix Javadoc, and typical address book","messageBody":"","fileTypesAndContributionMap":{"functional-code":{"insertions":3,"deletions":3}}},{"hash":"842febcbdfbf9beed5c59fb1f55a5c5173e97745","isMergeCommit":false,"messageTitle":"Add AboutUs page","messageBody":"Updated the AboutUs page to include information about EricXiong420.\n","fileTypesAndContributionMap":{"docs":{"insertions":39,"deletions":3}}},{"hash":"72f86a1b3b26343464535a79ea04f45efafa876f","isMergeCommit":false,"messageTitle":"Update AboutUs role and responsibility","messageBody":"","fileTypesAndContributionMap":{"docs":{"insertions":1,"deletions":1}}},{"hash":"0458130ca8c895fc15e4f4345791b80631234694","isMergeCommit":false,"messageTitle":"Update README, UG, DG, PPP","messageBody":"Updated the PPP for EricXiong420, updated the allocated sections for the\nREADME, UG, and DG, in order to fit the project.\n","fileTypesAndContributionMap":{"docs":{"insertions":62,"deletions":26}}}]},{"date":"2023-10-02","commitResults":[{"hash":"de984f6d397e40a40b0758fc526ea9aedf12a585","isMergeCommit":false,"messageTitle":"Add Checkstyle","messageBody":"","fileTypesAndContributionMap":{"functional-code":{"insertions":15,"deletions":9},"docs":{"insertions":14,"deletions":14}}}]},{"date":"2023-10-04","commitResults":[{"hash":"7ec5d02280b41f90d35cf61c354c07fefacc1fdc","isMergeCommit":false,"messageTitle":"Fix Checkstyle issues","messageBody":"","fileTypesAndContributionMap":{"functional-code":{"insertions":82,"deletions":71},"test-code":{"insertions":85,"deletions":78}}}]},{"date":"2023-10-05","commitResults":[{"hash":"324543d3a1ce8ac848d051f062417c619c269164","isMergeCommit":true,"messageTitle":"Merge branch \u0027tutorial-adding-command\u0027 into week7-updates","messageBody":"Merge Checkstyle fixes into branch\n","fileTypesAndContributionMap":{}},{"hash":"486b82df2ed25c70cefdf8ad0a233f798f471d0b","isMergeCommit":true,"messageTitle":"Merge branch \u0027master\u0027 into week7-updates","messageBody":"","fileTypesAndContributionMap":{}}]},{"date":"2023-10-10","commitResults":[{"hash":"14d0255630f9df49e90ac33cd025fd635f4b9ec4","isMergeCommit":false,"messageTitle":"Change help url for the HelpWindow","messageBody":"","fileTypesAndContributionMap":{"functional-code":{"insertions":1,"deletions":1}}},{"hash":"982473b461317d4ceffec1de4fa62c688c10591f","isMergeCommit":false,"messageTitle":"Break long line in two","messageBody":"","fileTypesAndContributionMap":{"functional-code":{"insertions":2,"deletions":1}}}]},{"date":"2023-10-20","commitResults":[{"hash":"c41934d58d126eccc769f62ed140fafd7ccc42e6","isMergeCommit":false,"messageTitle":"Add shift command","messageBody":"Added the shift command, but without tests and all errors checked yet.\n","fileTypesAndContributionMap":{"functional-code":{"insertions":140,"deletions":0}}},{"hash":"d0470230f9b02b113e14336b6f11f78ec5129242","isMergeCommit":false,"messageTitle":"Add Javadoc comment","messageBody":"","fileTypesAndContributionMap":{"functional-code":{"insertions":3,"deletions":0}}},{"hash":"cfe31a519ce37a2a0dce977065bc51de0556cebf","isMergeCommit":false,"messageTitle":"Add newline for checkstyle","messageBody":"","fileTypesAndContributionMap":{"functional-code":{"insertions":1,"deletions":1},"test-code":{"insertions":4,"deletions":0}}},{"hash":"15b7978d1636369d3658a69e5f0ee2a78f152c24","isMergeCommit":true,"messageTitle":"Merge pull request #110 from EricXiong420/shift-command","messageBody":"Add shift command","fileTypesAndContributionMap":{}},{"hash":"fae060b14a13afecc6e99899ec64d81f72386e19","isMergeCommit":false,"messageTitle":"Add tests for ShiftCommand","messageBody":"Added to classes ShiftCommand, ShiftCommandParser, and AddressBookParser\n","fileTypesAndContributionMap":{"test-code":{"insertions":138,"deletions":1}}},{"hash":"9780145abb2e138ec6571f26de336c3d8e0aaf20","isMergeCommit":false,"messageTitle":"Modify test to not change address book roles","messageBody":"","fileTypesAndContributionMap":{"test-code":{"insertions":4,"deletions":1}}}]},{"date":"2023-10-27","commitResults":[{"hash":"ba155b06a45c64518a461ec82bc3a448916aa992","isMergeCommit":false,"messageTitle":"Add details to Logic section of DG","messageBody":"The Logic section lacked clarity in explaining the way in which command\nexecution occurred in the Logic component. Thus, I have added several\nmore sequence diagrams and ref frames to explain it in greater detail,\nthat is also maintainable as I have generalised and made it extensible\nwhen more types of commands are added.\n","fileTypesAndContributionMap":{"functional-code":{"insertions":0,"deletions":1},"docs":{"insertions":164,"deletions":78}}},{"hash":"d632da654859cbd8f69ac62d72c0a0225f637cbf","isMergeCommit":false,"messageTitle":"Add DG details on Shift feature implementation","messageBody":"Developer guide lacked details about the new shift feature that is\nunique to MediSync.\n\nLet\u0027s add the section on ShiftDays implementation so that future\ndevelopers will be able to understand how the feature is implemented and\nmodify and add on to it.\n","fileTypesAndContributionMap":{"docs":{"insertions":73,"deletions":0}}},{"hash":"9c63fd0a3f09174164ffe194e2f38ce2d059400f","isMergeCommit":false,"messageTitle":"Add logging","messageBody":"","fileTypesAndContributionMap":{"functional-code":{"insertions":4,"deletions":2}}}]},{"date":"2023-11-01","commitResults":[{"hash":"354a8a9c40ba0717b045242127b658bb3c0fbcc1","isMergeCommit":false,"messageTitle":"Add tags to find command","messageBody":"Previously, find command could only filter for names.\n\nLet\u0027s add the requirement for a tag so that in the future the find\ncommand can be used to filter using all of the attributes.\n","fileTypesAndContributionMap":{"functional-code":{"insertions":103,"deletions":9},"test-code":{"insertions":2,"deletions":2}}}]},{"date":"2023-11-02","commitResults":[{"hash":"fab99b0e62736842c1e46f39585895a06679eff1","isMergeCommit":false,"messageTitle":"Add ability to search using every prefix","messageBody":"Previously only name and phone worked.\n\nLet\u0027s add the ability to search using email, role and affiliation as\nwell.\n","fileTypesAndContributionMap":{"functional-code":{"insertions":148,"deletions":4}}},{"hash":"2402e4348fac5e7c03cd20d91bd64cb7eca97179","isMergeCommit":false,"messageTitle":"Add tests for ArgumentMultimap","messageBody":"","fileTypesAndContributionMap":{"test-code":{"insertions":3,"deletions":0}}},{"hash":"396531609c59439787f421c15bfa4966c34b0952","isMergeCommit":false,"messageTitle":"Add array option for validity checks, tests","messageBody":"Previously, the validity checks for each attribute (e.g. isValidName,\nisValidPhone etc) could only be applied to single strings.\n\nLet\u0027s use method overloading to allow the method to take in an array as\nwell, and check for validity of every element in the array of strings.\nIn addition, tests were added for FindCommandParser.\n","fileTypesAndContributionMap":{"functional-code":{"insertions":96,"deletions":12},"test-code":{"insertions":94,"deletions":9}}},{"hash":"7980b972fc402f49a7ae522e652f9a0b0a545071","isMergeCommit":false,"messageTitle":"Add tests for FindCommand","messageBody":"","fileTypesAndContributionMap":{"functional-code":{"insertions":5,"deletions":5},"test-code":{"insertions":101,"deletions":4}}},{"hash":"ed351e789ffc7de9cc386da8e9a85278676d98b4","isMergeCommit":false,"messageTitle":"Modify tests so that they are correct","messageBody":"","fileTypesAndContributionMap":{"test-code":{"insertions":4,"deletions":4}}}]}],"shuenj":[{"date":"2023-09-30","commitResults":[{"hash":"6b579eb64570c49939de2d65a487cd08a4263080","isMergeCommit":true,"messageTitle":"Merge pull request #70 from leezhanpeng/update-admin","messageBody":"Update AboutUs.md and added PPP","fileTypesAndContributionMap":{}},{"hash":"50aaf128cdeeef6cb88e8db16609702cd31433c6","isMergeCommit":false,"messageTitle":"Add shuenj.png and update AboutUs.md","messageBody":"","fileTypesAndContributionMap":{"docs":{"insertions":5,"deletions":5}}},{"hash":"4f35b254e5f6622ffe89458288ecc79bc100c250","isMergeCommit":false,"messageTitle":"Add shuenj.md","messageBody":"","fileTypesAndContributionMap":{"docs":{"insertions":36,"deletions":0}}},{"hash":"d403442e1f6be73442bb762e2097ad6f7197d2a5","isMergeCommit":true,"messageTitle":"Merge branch \u0027branch-AboutUs\u0027","messageBody":"","fileTypesAndContributionMap":{}},{"hash":"82207552025cb1dd7d88c25f1742a12874b28c0c","isMergeCommit":false,"messageTitle":"Edit PPP name","messageBody":"","fileTypesAndContributionMap":{"docs":{"insertions":1,"deletions":1}}},{"hash":"477558d7261f29f4591196caba8a4daa4d815456","isMergeCommit":true,"messageTitle":"Merge branch \u0027branch-AboutUs\u0027","messageBody":"","fileTypesAndContributionMap":{}}]},{"date":"2023-10-04","commitResults":[{"hash":"7d9d02eca86f5b0d398fb95a481225320108da58","isMergeCommit":true,"messageTitle":"Merge pull request #76 from Seonlo99/branch-Docs","messageBody":"Update UserGuide.md","fileTypesAndContributionMap":{}}]},{"date":"2023-10-05","commitResults":[{"hash":"6341a49cf9e4af8f7ada379cef6801283c51a7e4","isMergeCommit":true,"messageTitle":"Merge remote-tracking branch \u0027upstream/master\u0027","messageBody":"","fileTypesAndContributionMap":{}},{"hash":"8777ddf9c36aba84b53232c6557f472dbaf7fe92","isMergeCommit":true,"messageTitle":"Merge remote-tracking branch \u0027upstream/master\u0027","messageBody":"","fileTypesAndContributionMap":{}},{"hash":"98809ab6c18d4d3daa45de50916c01d398e41e76","isMergeCommit":true,"messageTitle":"Merge pull request #79 from Seonlo99/branch-Docs","messageBody":"Update DeveloperGuide.md User stories","fileTypesAndContributionMap":{}},{"hash":"b62d3fd4b03ae4bd7bad9ce7316a2dcf263d7a18","isMergeCommit":true,"messageTitle":"Merge remote-tracking branch \u0027upstream/master\u0027","messageBody":"","fileTypesAndContributionMap":{}},{"hash":"56f5378bd8919a5c83da1be2e9be772d96ef6f82","isMergeCommit":false,"messageTitle":"Modify find command screenshot in userguide","messageBody":"","fileTypesAndContributionMap":{"docs":{"insertions":2,"deletions":2}}},{"hash":"d10f316302dd43eb7d51f13934e8bc13c86ca76f","isMergeCommit":false,"messageTitle":"Change addressbook to contact list","messageBody":"","fileTypesAndContributionMap":{"docs":{"insertions":12,"deletions":12}}},{"hash":"5cd350a7d6137072f422b169d5417da643a34326","isMergeCommit":false,"messageTitle":"Update screenshot for help message","messageBody":"","fileTypesAndContributionMap":{"docs":{"insertions":1,"deletions":1}}},{"hash":"f62a357c96cd391042f9bf72113cee7c66a50f04","isMergeCommit":false,"messageTitle":"Update Command summary","messageBody":"","fileTypesAndContributionMap":{"docs":{"insertions":1,"deletions":0}}},{"hash":"59aaee9ffc369a5b0a13d43aa8d121707f691572","isMergeCommit":true,"messageTitle":"Merge branch \u0027userguide-wk7\u0027","messageBody":"","fileTypesAndContributionMap":{}},{"hash":"3397342d1ecc9445094003b9b564e9eb0143859a","isMergeCommit":false,"messageTitle":"Add use cases in developer guide","messageBody":"","fileTypesAndContributionMap":{"docs":{"insertions":94,"deletions":6}}}]},{"date":"2023-10-06","commitResults":[{"hash":"be42319d43ddfcdffd322f99c38e408f5318e32c","isMergeCommit":true,"messageTitle":"Merge pull request #82 from leezhanpeng/fix-nuances","messageBody":"Fix nuances in documentations","fileTypesAndContributionMap":{}}]},{"date":"2023-10-07","commitResults":[{"hash":"ece610b2df7167363bd39d3899f046a189617f48","isMergeCommit":true,"messageTitle":"Merge pull request #88 from leezhanpeng/change-address-to-role","messageBody":"Change Address to Role","fileTypesAndContributionMap":{}}]},{"date":"2023-10-10","commitResults":[{"hash":"9c2d8274d4d3d011aa11bfb17de69c54effd09a2","isMergeCommit":true,"messageTitle":"Merge pull request #71 from leezhanpeng/create-doctor-patient","messageBody":"Create Doctor and Patient class","fileTypesAndContributionMap":{}}]},{"date":"2023-10-11","commitResults":[{"hash":"0c7ce5d242b3ed43da002a75b0fb187a90738eb8","isMergeCommit":false,"messageTitle":"Change address book to contact list in outputs","messageBody":"","fileTypesAndContributionMap":{"functional-code":{"insertions":40,"deletions":40},"test-code":{"insertions":6,"deletions":6}}},{"hash":"b002b849d0c3f6759567d8a7f7c06fcd2af58f24","isMergeCommit":false,"messageTitle":"Add instructions to duplicate person message","messageBody":"","fileTypesAndContributionMap":{"functional-code":{"insertions":4,"deletions":2}}},{"hash":"7261366730be7df08ff4fa24c91e326f4d5678c3","isMergeCommit":false,"messageTitle":"Update affiliation message usage","messageBody":"","fileTypesAndContributionMap":{"functional-code":{"insertions":6,"deletions":5}}},{"hash":"79bf5a9d4102ccea4948d5bdbc24e56448bfcfa6","isMergeCommit":false,"messageTitle":"Change app name and command messages","messageBody":"","fileTypesAndContributionMap":{"functional-code":{"insertions":7,"deletions":6}}},{"hash":"67c3f071687cb145b692a543bd6077ff55d8d0f2","isMergeCommit":false,"messageTitle":"Change app name and undo adding bin to gitignore","messageBody":"","fileTypesAndContributionMap":{"functional-code":{"insertions":1,"deletions":1}}}]},{"date":"2023-10-14","commitResults":[{"hash":"72f2e4da52355ea9a78ac9b73871d2a7ff46ef26","isMergeCommit":false,"messageTitle":"Add affliationHistory to Person class","messageBody":"","fileTypesAndContributionMap":{"functional-code":{"insertions":15,"deletions":3}}},{"hash":"4e21aca0329269925fe712de2ff94a2c6714ae73","isMergeCommit":false,"messageTitle":"Add comma separator for affiliations","messageBody":"","fileTypesAndContributionMap":{"functional-code":{"insertions":20,"deletions":3}}},{"hash":"41d32cf488ec8e4b0863e27dc5c009072684f5ee","isMergeCommit":false,"messageTitle":"Modify jsonAdaptedPerson to be correct Person type","messageBody":"","fileTypesAndContributionMap":{"functional-code":{"insertions":1,"deletions":7}}},{"hash":"6abcbe778c4af24f879e3190b7d3d980df3508c8","isMergeCommit":false,"messageTitle":"Add AffiliationHistory to messages","messageBody":"","fileTypesAndContributionMap":{"functional-code":{"insertions":3,"deletions":0}}}]},{"date":"2023-10-15","commitResults":[{"hash":"849026b8f2205a193721cb4950f02f8f451422ae","isMergeCommit":false,"messageTitle":"Add affiliationHistory feature","messageBody":"Modify edit affiliation in edit command\nAdd affiliationHistory methods in affiliationModifier\nAdd withAffiliation to test cases\n","fileTypesAndContributionMap":{"functional-code":{"insertions":136,"deletions":12},"test-code":{"insertions":138,"deletions":46}}},{"hash":"9e97818571de0470a669b3af4095395ba028d619","isMergeCommit":false,"messageTitle":"Add test cases and fix checkstyle","messageBody":"","fileTypesAndContributionMap":{"functional-code":{"insertions":22,"deletions":14},"test-code":{"insertions":86,"deletions":14}}},{"hash":"30973b00e3dc46448a14085c95f1af0c50e7cc2f","isMergeCommit":false,"messageTitle":"Modify AddCommand to add affiliation to history","messageBody":"","fileTypesAndContributionMap":{"functional-code":{"insertions":2,"deletions":1}}}]},{"date":"2023-10-16","commitResults":[{"hash":"481cba4e0c9a7e799ca60aef753b4b03df46693f","isMergeCommit":false,"messageTitle":"Change tags to affiliations","messageBody":"","fileTypesAndContributionMap":{"test-code":{"insertions":6,"deletions":4}}},{"hash":"be2111cb6b866310df1913f2cd6691aa60441c39","isMergeCommit":false,"messageTitle":"Change tags to affiliationHistory","messageBody":"","fileTypesAndContributionMap":{"test-code":{"insertions":2,"deletions":2}}},{"hash":"ba7ecdb3c96c54c2a472e48860889c0e9e3234ea","isMergeCommit":false,"messageTitle":"Break line for checkstyle","messageBody":"","fileTypesAndContributionMap":{"test-code":{"insertions":2,"deletions":1}}},{"hash":"c7bc355bd89b422db90468f7dc5a3ec1599faa0e","isMergeCommit":false,"messageTitle":"Javadocs params","messageBody":"","fileTypesAndContributionMap":{"test-code":{"insertions":1,"deletions":1}}}]},{"date":"2023-10-18","commitResults":[{"hash":"55a442582627d9f0fa70ff65ebcbdab7b17e7527","isMergeCommit":true,"messageTitle":"Merge pull request #100 from leezhanpeng/enhance-ui","messageBody":"Update Ui to suit MediSync","fileTypesAndContributionMap":{}},{"hash":"1c4769193ac933250444e6852e2badde6f8910c7","isMergeCommit":false,"messageTitle":"Add name change in affiliationHistory","messageBody":"","fileTypesAndContributionMap":{"functional-code":{"insertions":33,"deletions":0},"test-code":{"insertions":19,"deletions":0}}}]},{"date":"2023-10-19","commitResults":[{"hash":"00d698dc6b29d68a158a9dab605676a87f724694","isMergeCommit":false,"messageTitle":"Increase test coverage","messageBody":"","fileTypesAndContributionMap":{"test-code":{"insertions":6,"deletions":2}}}]},{"date":"2023-10-22","commitResults":[{"hash":"35e56581bed85e7b8df3a4876322abf0b197a2ad","isMergeCommit":false,"messageTitle":"Add affiliation history command","messageBody":"","fileTypesAndContributionMap":{"functional-code":{"insertions":111,"deletions":0}}}]},{"date":"2023-10-24","commitResults":[{"hash":"fec38ef69beebafd469057bc84551324eed09bd4","isMergeCommit":false,"messageTitle":"Modify delete command to remove person in affiliation history","messageBody":"","fileTypesAndContributionMap":{"functional-code":{"insertions":20,"deletions":0}}},{"hash":"e2b1e2aa89d0227857737d0a2d9489277a7274b1","isMergeCommit":false,"messageTitle":"Add test case removeAffiliationHistory_validParam_success","messageBody":"","fileTypesAndContributionMap":{"functional-code":{"insertions":3,"deletions":1},"test-code":{"insertions":14,"deletions":0}}},{"hash":"071f59233a1c6808d3d0afbdf2e897884109f2aa","isMergeCommit":false,"messageTitle":"Add test cases","messageBody":"","fileTypesAndContributionMap":{"test-code":{"insertions":90,"deletions":0}}}]},{"date":"2023-10-25","commitResults":[{"hash":"02493222c557de72c9d6197f0ad31593bbdd7a13","isMergeCommit":false,"messageTitle":"Modify comment","messageBody":"","fileTypesAndContributionMap":{"test-code":{"insertions":1,"deletions":1}}},{"hash":"32832df0035102946f626358e5236078fa7ac281","isMergeCommit":true,"messageTitle":"Merge pull request #129 from leezhanpeng/update-dg-v1.3","messageBody":"Update UI and Storage component of DG","fileTypesAndContributionMap":{}},{"hash":"ab95f5b21ee1ff52a3847980e9f2455e45847a8a","isMergeCommit":true,"messageTitle":"Merge pull request #130 from leezhanpeng/create-nurse","messageBody":"Add Nurse class for MediSync","fileTypesAndContributionMap":{}},{"hash":"02af1e10f4f9f5c394ea9e8c42b4a0b6f266a8db","isMergeCommit":true,"messageTitle":"Merge pull request #131 from leezhanpeng/update-dg-v1.3","messageBody":"Fix missing diagram bug in DG","fileTypesAndContributionMap":{}},{"hash":"4c7356815fc68701e5c01c07a291ee8d501a2adc","isMergeCommit":false,"messageTitle":"Modify DG\u0027s model component","messageBody":"","fileTypesAndContributionMap":{"docs":{"insertions":15,"deletions":97}}},{"hash":"4d1be3b5dc67f4802766ecb05d48bb646addcf8b","isMergeCommit":true,"messageTitle":"Merge pull request #127 from Seonlo99/branch-RemoveRoleEdit","messageBody":"Disallow changing of role through EditCommand","fileTypesAndContributionMap":{}},{"hash":"589f72641a8248987883b4566b29e07600ec0cdd","isMergeCommit":false,"messageTitle":"Add another alternative implementation","messageBody":"","fileTypesAndContributionMap":{"docs":{"insertions":3,"deletions":0}}},{"hash":"ac294dec6d50f1fb62c48d2db0a36797cc288ed9","isMergeCommit":false,"messageTitle":"Rephrase for clarity","messageBody":"","fileTypesAndContributionMap":{"docs":{"insertions":17,"deletions":2}}}]},{"date":"2023-10-26","commitResults":[{"hash":"06ed2317b5be1ede5406214bd305b030de2de1e1","isMergeCommit":false,"messageTitle":"Add activity diagram","messageBody":"","fileTypesAndContributionMap":{"docs":{"insertions":8,"deletions":3}}},{"hash":"4af6d3a629ebf7a578158752f119137fc604c69f","isMergeCommit":true,"messageTitle":"Merge pull request #132 from shuenj/ug-wk10-diagrams","messageBody":"DG wk10 diagrams","fileTypesAndContributionMap":{}}]},{"date":"2023-10-29","commitResults":[{"hash":"a735f0af786e60eabe2757582d17697f9ee82fe6","isMergeCommit":false,"messageTitle":"Add spec command","messageBody":"","fileTypesAndContributionMap":{"functional-code":{"insertions":248,"deletions":2}}},{"hash":"9476f98ea245aa493c97faf4a2c4397732f24e99","isMergeCommit":false,"messageTitle":"Add spec to storage","messageBody":"","fileTypesAndContributionMap":{"functional-code":{"insertions":90,"deletions":11}}}]},{"date":"2023-10-30","commitResults":[{"hash":"49e9f9847b29a890f8622a9f24ec57e8ad4ac400","isMergeCommit":false,"messageTitle":"Pass current test cases","messageBody":"","fileTypesAndContributionMap":{"functional-code":{"insertions":28,"deletions":23},"test-code":{"insertions":158,"deletions":17}}},{"hash":"a198061a4f802416f437db2727169b40d69a81e8","isMergeCommit":false,"messageTitle":"Add more test cases","messageBody":"","fileTypesAndContributionMap":{"functional-code":{"insertions":32,"deletions":23},"test-code":{"insertions":394,"deletions":11}}},{"hash":"d0a9e01f38ddafaa5ee180caea6d50d47ebd5f5b","isMergeCommit":true,"messageTitle":"Merge pull request #145 from leezhanpeng/add-info-command","messageBody":"Implement info command","fileTypesAndContributionMap":{}},{"hash":"624adeca7a9428bee93f583f9bfcb45489f33445","isMergeCommit":false,"messageTitle":"Improvements from git comments","messageBody":"","fileTypesAndContributionMap":{"functional-code":{"insertions":5,"deletions":6},"test-code":{"insertions":0,"deletions":8}}},{"hash":"e7bd355569bb3e0985818780989d94f6f79699e8","isMergeCommit":true,"messageTitle":"Merge branch \u0027master\u0027 into wk11-spec-command","messageBody":"","fileTypesAndContributionMap":{}},{"hash":"32ab8afe593cf7590dc09abc0cb9820822041fde","isMergeCommit":false,"messageTitle":"Resolve merge conflict","messageBody":"","fileTypesAndContributionMap":{"test-code":{"insertions":1,"deletions":0}}}]},{"date":"2023-10-31","commitResults":[{"hash":"267bf23b3b86189e7c5d8e17e4d1a8bcfc000eb0","isMergeCommit":true,"messageTitle":"Merge pull request #146 from leezhanpeng/add-onduty-command","messageBody":"Introduce onduty command","fileTypesAndContributionMap":{}},{"hash":"e96a30cb4318e85b0a8d06a059f32098c5e1e865","isMergeCommit":false,"messageTitle":"Add clear shift feature","messageBody":"","fileTypesAndContributionMap":{"functional-code":{"insertions":9,"deletions":1}}},{"hash":"17d6ef3eb175f5ab12be7adceaed7102cb118d09","isMergeCommit":false,"messageTitle":"checkstyle","messageBody":"","fileTypesAndContributionMap":{"functional-code":{"insertions":1,"deletions":2}}},{"hash":"a562d24d614ab006c3f295e3f42235ecac886772","isMergeCommit":false,"messageTitle":"Handle 0,8,9 days","messageBody":"","fileTypesAndContributionMap":{"functional-code":{"insertions":6,"deletions":1}}},{"hash":"b556b742372d034ee5a1315aa0777076e9d44bcc","isMergeCommit":false,"messageTitle":"Use ShiftDays constants","messageBody":"","fileTypesAndContributionMap":{"functional-code":{"insertions":8,"deletions":6}}},{"hash":"2413ae2aa5a60dd5c57b5f7b7fa0053c0714a8cc","isMergeCommit":true,"messageTitle":"Merge pull request #155 from leezhanpeng/update-ui","messageBody":"Add spec and nok into UI","fileTypesAndContributionMap":{}}]},{"date":"2023-11-01","commitResults":[{"hash":"e96f61d1ee53221f83802df9045741db8f056db5","isMergeCommit":false,"messageTitle":"Add affnh and spec UG","messageBody":"","fileTypesAndContributionMap":{"docs":{"insertions":29,"deletions":3}}},{"hash":"0f5452b566f359035fc3e60d387fdbb1ad0eb2cd","isMergeCommit":true,"messageTitle":"Merge pull request #158 from leezhanpeng/fix-reading-json","messageBody":"Enhance JSON File Reading Verification","fileTypesAndContributionMap":{}}]}]},"authorFileTypeContributionMap":{"leezhanpeng":{"docs":155,"functional-code":2024,"test-code":2196,"other":5},"Seonlo99":{"docs":118,"functional-code":1095,"test-code":1002},"EricXiong420":{"docs":345,"functional-code":834,"test-code":650,"other":3},"shuenj":{"docs":184,"functional-code":703,"test-code":810}},"authorContributionVariance":{"leezhanpeng":83206.65,"Seonlo99":34010.39,"EricXiong420":44040.055,"shuenj":18561.236},"authorDisplayNameMap":{"leezhanpeng":"CS2103-T16-2 LEE ..PENG","Seonlo99":"CS2103-T16-2 ZHEN..LONG","EricXiong420":"CS2103-T16-2 XION..N BO","shuenj":"CS2103-T16-2 NG S.. JIN"}}
