{"authorDailyContributionsMap":{"leezhanpeng":[{"date":"2023-09-29","commitResults":[{"hash":"f3cb5be6c1cac087fbf27376c6cb281e89d25f0a","isMergeCommit":false,"messageTitle":"Update AboutUs.md and added PPP Updated AboutUs page with details of leezhanpeng and added PPP of leezhanpeng.","messageBody":"","fileTypesAndContributionMap":{"docs":{"insertions":43,"deletions":6}}},{"hash":"958e379928266668c5384b333cef196f4115231a","isMergeCommit":false,"messageTitle":"Modify PPP of leezhanpeng Made small adjustments to leezhanpeng\u0027s PPP.","messageBody":"","fileTypesAndContributionMap":{"docs":{"insertions":2,"deletions":3}}}]},{"date":"2023-09-30","commitResults":[{"hash":"f52cc2ce05c0abf09a3acd7ca5a9527467b3290b","isMergeCommit":false,"messageTitle":"Create Doctor and Patient class As MediSync aims to map relationships between people with different roles, it becomes necessary to distinguish them beyond their attributes.","messageBody":"The Doctor and the Patient class serves to assist us with\nthis differentiation.\n","fileTypesAndContributionMap":{"functional-code":{"insertions":82,"deletions":0}}},{"hash":"b8db41399d466ba29694660cf5542bc9c54e02ac","isMergeCommit":false,"messageTitle":"Add testing for Doctor and Patient class","messageBody":"","fileTypesAndContributionMap":{"test-code":{"insertions":542,"deletions":0}}},{"hash":"bdf1feedf688eaf8c12efdbbcc5eaf21a36111cc","isMergeCommit":false,"messageTitle":"Add newline at EOF","messageBody":"","fileTypesAndContributionMap":{"functional-code":{"insertions":2,"deletions":2},"test-code":{"insertions":6,"deletions":6}}},{"hash":"0d458a680025e7c324eb9e30f59fe2a61b400c82","isMergeCommit":true,"messageTitle":"Merge pull request #72 from shuenj/branch-AboutUs","messageBody":"Update AboutUs and PPP","fileTypesAndContributionMap":{}}]},{"date":"2023-10-01","commitResults":[{"hash":"729ba30b10150dd4b3ed440450095131b1197302","isMergeCommit":true,"messageTitle":"Merge pull request #75 from Seonlo99/branch-Docs","messageBody":"Update AboutUs.md and add PPP","fileTypesAndContributionMap":{}}]},{"date":"2023-10-04","commitResults":[{"hash":"a1737c86d9411b575f2441634210700f80a7846a","isMergeCommit":false,"messageTitle":"Update UserGuide.md The current user guide is written to suit AB3. It must be modified to suit MediSync.","messageBody":"The Delete function, Quick Start, and\nFeatures descriptions are updated as\naccording to our assignment.\n","fileTypesAndContributionMap":{"docs":{"insertions":8,"deletions":7}}}]},{"date":"2023-10-05","commitResults":[{"hash":"170d10f5c94093da007c359c34e431c510f75d1e","isMergeCommit":true,"messageTitle":"Merge pull request #69 from EricXiong420/week7-updates","messageBody":"Update README, UG, DG","fileTypesAndContributionMap":{}},{"hash":"aad7742daf38aeb15ea3a5b3fbfb28ec5b37f061","isMergeCommit":true,"messageTitle":"Merge pull request #81 from shuenj/userguide-wk7","messageBody":"Update find command and command summary in UG","fileTypesAndContributionMap":{}}]},{"date":"2023-10-06","commitResults":[{"hash":"01dbcb57aafd85e2c3b3a7af9b8750a0a025ceb8","isMergeCommit":false,"messageTitle":"Fix nuances in documentations","messageBody":"","fileTypesAndContributionMap":{"docs":{"insertions":6,"deletions":13}}},{"hash":"581a88165e0ed2d469543a6e607af23ea409c210","isMergeCommit":false,"messageTitle":"Update DeveloperGuide.md","messageBody":"","fileTypesAndContributionMap":{"docs":{"insertions":11,"deletions":5}}},{"hash":"4c5650fc7eedb27ce96a848ef9bb5ef24d98651d","isMergeCommit":false,"messageTitle":"Update default.md and index.md","messageBody":"","fileTypesAndContributionMap":{"docs":{"insertions":6,"deletions":6}}},{"hash":"8d966f35fc7948bf895b1c8f5b07f507dab304bf","isMergeCommit":false,"messageTitle":"Update product name","messageBody":"","fileTypesAndContributionMap":{"docs":{"insertions":2,"deletions":2}}},{"hash":"8296b77458db68954133e88aa20297c090aa9f31","isMergeCommit":true,"messageTitle":"Merge pull request #83 from shuenj/dev-guide-wk7","messageBody":"Developer guide use cases","fileTypesAndContributionMap":{}},{"hash":"8528c52fbcfd528a54442dc561fc098e9082e87f","isMergeCommit":true,"messageTitle":"Merge branch \u0027master\u0027 into create-doctor-patient","messageBody":"","fileTypesAndContributionMap":{}}]},{"date":"2023-10-07","commitResults":[{"hash":"f6cd71a2a20dbbbe005826b64b76afbaa7ca3a88","isMergeCommit":false,"messageTitle":"Merge latest codebase","messageBody":"","fileTypesAndContributionMap":{"functional-code":{"insertions":10,"deletions":30},"test-code":{"insertions":23,"deletions":17}}},{"hash":"6e2b1025ca39bc396dfbe6b1b4c811ed993a0844","isMergeCommit":false,"messageTitle":"Change Address to Role","messageBody":"","fileTypesAndContributionMap":{"functional-code":{"insertions":150,"deletions":138},"test-code":{"insertions":200,"deletions":200}}},{"hash":"0cd8f348ce182fabdd9b69719bffb198a0677ec8","isMergeCommit":true,"messageTitle":"Merge branch \u0027change-address-to-role\u0027 into create-doctor-patient","messageBody":"","fileTypesAndContributionMap":{}}]},{"date":"2023-10-08","commitResults":[{"hash":"46686dc11803734399296a06cf37001fd382d0cb","isMergeCommit":true,"messageTitle":"Merge branch \u0027master\u0027 into create-doctor-patient","messageBody":"","fileTypesAndContributionMap":{}},{"hash":"0b32e66f20201d1a3a2953a0d204beea4a150e84","isMergeCommit":false,"messageTitle":"Adapt Doctor and Patient classes to parsers The current implementation of add and edit command parsers use the generic Person class.","messageBody":"This reduces the flexibility of what we can do with\ndifferent roles as we proceed to implement different\nfunctionality for them.\n\nLet\u0027s adapt the newly created Doctor and Patient\nclasses to the parsers.\n","fileTypesAndContributionMap":{"functional-code":{"insertions":47,"deletions":35},"test-code":{"insertions":73,"deletions":68}}}]},{"date":"2023-10-10","commitResults":[{"hash":"4b043a3c47d7438672377ac77f577822fbda7781","isMergeCommit":true,"messageTitle":"Merge pull request #89 from EricXiong420/change-help","messageBody":"Change help url for the HelpWindow","fileTypesAndContributionMap":{}}]},{"date":"2023-10-13","commitResults":[{"hash":"05aee73e13df6bf6275ce720e594b693306e9388","isMergeCommit":true,"messageTitle":"Merge pull request #96 from Seonlo99/branch-CheckAffn","messageBody":"Add checking of affiliation feature in Add and Edit commands","fileTypesAndContributionMap":{}},{"hash":"b912692a16df3ac4b31a9655479c28d44df77580","isMergeCommit":true,"messageTitle":"Merge pull request #97 from Seonlo99/branch-CheckAffn","messageBody":"Remove unnecessary code","fileTypesAndContributionMap":{}}]}],"Seonlo99":[{"date":"2023-10-01","commitResults":[{"hash":"686a33544c0d4b68e37b8e2c16ccfaa0956b4302","isMergeCommit":false,"messageTitle":"Update AboutUs.md and add seonlo99.md and add seonlo99.png","messageBody":"","fileTypesAndContributionMap":{"docs":{"insertions":41,"deletions":6}}},{"hash":"25000c5ac7236957bcb41a422a15b37de11c42d7","isMergeCommit":false,"messageTitle":"Update seonlo99.md","messageBody":"","fileTypesAndContributionMap":{"docs":{"insertions":1,"deletions":1}}},{"hash":"d3fefa204fc62c25f703058e5c5ab9e2fef1a93a","isMergeCommit":false,"messageTitle":"Remove trailing whitespace","messageBody":"","fileTypesAndContributionMap":{"docs":{"insertions":1,"deletions":1}}},{"hash":"3977d7c90af70e93df049c4cbd17f415ab262bf1","isMergeCommit":false,"messageTitle":"Update UserGuide.md","messageBody":"","fileTypesAndContributionMap":{"docs":{"insertions":9,"deletions":10}}},{"hash":"fcde6868ab8d2bdab449726c05b1f48be4cbbba3","isMergeCommit":false,"messageTitle":"Update UserGuide.md","messageBody":"","fileTypesAndContributionMap":{"docs":{"insertions":9,"deletions":9}}}]},{"date":"2023-10-04","commitResults":[{"hash":"847c3ee806e81ec6a9eb809dece15f4e75db86dc","isMergeCommit":true,"messageTitle":"Merge pull request #78 from leezhanpeng/update-user-guide","messageBody":"Update UserGuide.md","fileTypesAndContributionMap":{}},{"hash":"8cd15c4be0360aa3345fa91a2e4b2e2b74cd1ca1","isMergeCommit":false,"messageTitle":"Update DeveloperGuide.md User stories","messageBody":"","fileTypesAndContributionMap":{"docs":{"insertions":11,"deletions":8}}}]},{"date":"2023-10-05","commitResults":[{"hash":"874af1b5bdc26a07c09db605f7d7f626e0de81e9","isMergeCommit":true,"messageTitle":"Merge branch \u0027master\u0027 into tutorial-adding-command","messageBody":"","fileTypesAndContributionMap":{}},{"hash":"72679abad03bd8485ce452d52b7cd73671d479b9","isMergeCommit":true,"messageTitle":"Merge pull request #68 from EricXiong420/tutorial-adding-command","messageBody":"Tutorial adding command","fileTypesAndContributionMap":{}},{"hash":"c1a93aebbc43d4b08169e8a442b5da2c24a5aaa0","isMergeCommit":true,"messageTitle":"Merge branch \u0027master\u0027 of https://github.com/AY2324S1-CS2103-T16-2/tp into branch-Docs","messageBody":"","fileTypesAndContributionMap":{}},{"hash":"5ea13b52179c59498b1f927bc63d63062638f871","isMergeCommit":false,"messageTitle":"Update UserGuide.md","messageBody":"","fileTypesAndContributionMap":{"docs":{"insertions":17,"deletions":17}}},{"hash":"e34316a17b0e97b0cb707cd50aa91c1be3eeed43","isMergeCommit":false,"messageTitle":"Update UserGuide.md","messageBody":"","fileTypesAndContributionMap":{"docs":{"insertions":5,"deletions":4}}},{"hash":"dd9de2e5f461bb5c82ad99d10ff0ab2afa0b00cc","isMergeCommit":false,"messageTitle":"Update UserGuide.md","messageBody":"","fileTypesAndContributionMap":{"docs":{"insertions":4,"deletions":3}}},{"hash":"b403472aac90a0edbe9bf6d62cf2f23067d0dba3","isMergeCommit":true,"messageTitle":"Merge branch \u0027master\u0027 into branch-Docs","messageBody":"","fileTypesAndContributionMap":{}}]},{"date":"2023-10-06","commitResults":[{"hash":"ceea767f850a5b6663056144ffb241d048f896a3","isMergeCommit":true,"messageTitle":"Merge pull request #85 from leezhanpeng/update-DG","messageBody":"Update DeveloperGuide.md","fileTypesAndContributionMap":{}},{"hash":"77ac7f14c83efa8697c5070de2e5f057d51901d7","isMergeCommit":true,"messageTitle":"Merge pull request #86 from leezhanpeng/update-markbind-layout","messageBody":"Update default.md and index.md","fileTypesAndContributionMap":{}},{"hash":"f0bb02db16257edc14844d64bbdb12b2f8f7627d","isMergeCommit":true,"messageTitle":"Merge pull request #87 from leezhanpeng/update-markbind-layout","messageBody":"Update product name in index.md","fileTypesAndContributionMap":{}}]},{"date":"2023-10-11","commitResults":[{"hash":"3c98aff29c34c8185270039c3a55857c6ba0e973","isMergeCommit":false,"messageTitle":"Add Checking of affiliation feature","messageBody":"","fileTypesAndContributionMap":{"functional-code":{"insertions":134,"deletions":3}}},{"hash":"f43d8a5a190a77af945a991b0e58ae044965d10f","isMergeCommit":false,"messageTitle":"Comply with Java CI requirements","messageBody":"","fileTypesAndContributionMap":{"functional-code":{"insertions":17,"deletions":3}}},{"hash":"aae0c5e08a8ef0a9bbeba17002df4887640d4b84","isMergeCommit":false,"messageTitle":"Fix bug execute affililation checker only when affiliation is edited on Edit command","messageBody":"","fileTypesAndContributionMap":{"functional-code":{"insertions":11,"deletions":2},"test-code":{"insertions":4,"deletions":10}}},{"hash":"43df56402722c19e9a7c4333410dce840c9e49e3","isMergeCommit":false,"messageTitle":"Comply with Java CI checks","messageBody":"","fileTypesAndContributionMap":{"test-code":{"insertions":8,"deletions":1}}},{"hash":"a8dd2757e079d27bed0bdfd62bfceb73d517b092","isMergeCommit":false,"messageTitle":"Add Test for Affiliation Checker","messageBody":"","fileTypesAndContributionMap":{"test-code":{"insertions":85,"deletions":0}}},{"hash":"4063e77b3205f0d9f42a61495e59aea25f1d7e5a","isMergeCommit":false,"messageTitle":"Comply with Java CI checks","messageBody":"","fileTypesAndContributionMap":{"test-code":{"insertions":19,"deletions":21}}},{"hash":"b4ef4f277381fd75fd75024f09c7604c1a213d4f","isMergeCommit":true,"messageTitle":"Merge pull request #95 from shuenj/command-output","messageBody":"Modify command outputs","fileTypesAndContributionMap":{}},{"hash":"4e3bdb140437eb242854c6256c67e6d738a90dfd","isMergeCommit":true,"messageTitle":"Merge branch \u0027master\u0027 into branch-CheckAffn","messageBody":"","fileTypesAndContributionMap":{}}]},{"date":"2023-10-13","commitResults":[{"hash":"64a2d325025877bcbb1d564ba856788b2e5215ea","isMergeCommit":false,"messageTitle":"Fix Affiliatin bugs","messageBody":"","fileTypesAndContributionMap":{"functional-code":{"insertions":146,"deletions":52},"test-code":{"insertions":52,"deletions":14}}},{"hash":"3872037a7004e12474626db75105216904a94d48","isMergeCommit":true,"messageTitle":"Merge branch \u0027branch-CheckAffn\u0027 of https://github.com/Seonlo99/tp into branch-CheckAffn","messageBody":"","fileTypesAndContributionMap":{}},{"hash":"a7aa1788942f0b2fe35e66466731defaace02c4c","isMergeCommit":false,"messageTitle":"Fix Checkstyle","messageBody":"","fileTypesAndContributionMap":{"functional-code":{"insertions":4,"deletions":4}}},{"hash":"3af5ed7fbc2e7c763e1e8279486f3188da83bc38","isMergeCommit":false,"messageTitle":"Adjust code to pass testcases","messageBody":"","fileTypesAndContributionMap":{"functional-code":{"insertions":21,"deletions":13},"test-code":{"insertions":58,"deletions":37}}},{"hash":"f0bef642d741135a922a6113dc0f2f752df058a7","isMergeCommit":false,"messageTitle":"Remove print lines","messageBody":"","fileTypesAndContributionMap":{"test-code":{"insertions":0,"deletions":4}}},{"hash":"8e28d663030316d7a037a18f28ad02f16f8a37b8","isMergeCommit":false,"messageTitle":"Update logic error in Edit Command and adjust code to comply with Checkstyle","messageBody":"","fileTypesAndContributionMap":{"functional-code":{"insertions":18,"deletions":12},"other":{"insertions":1,"deletions":1},"test-code":{"insertions":4,"deletions":4}}},{"hash":"351fe2ab7c4e17cc932d116c101e1952317813c6","isMergeCommit":false,"messageTitle":"Remove unnecessary code","messageBody":"","fileTypesAndContributionMap":{"functional-code":{"insertions":0,"deletions":3}}},{"hash":"57f79f32c5ae390c2ad018f471242b2df88fc87d","isMergeCommit":false,"messageTitle":"Comply with Checkstyle","messageBody":"","fileTypesAndContributionMap":{"functional-code":{"insertions":0,"deletions":1}}}]}],"EricXiong420":[{"date":"2023-09-27","commitResults":[{"hash":"faedb907b4a45cf7015a86fade6d980721cf0f2c","isMergeCommit":false,"messageTitle":"Change \"Tag\" to \"Affiliation\"","messageBody":"","fileTypesAndContributionMap":{"functional-code":{"insertions":292,"deletions":207},"other":{"insertions":3,"deletions":3},"docs":{"insertions":23,"deletions":23},"test-code":{"insertions":271,"deletions":174}}},{"hash":"cb57e36ad7cf739e62c8bbd8f30c1ed9b91a42f6","isMergeCommit":false,"messageTitle":"Add \u0027affn\u0027 command","messageBody":"The affiliation command will take in an INDEX as its argument, and list\nthe people affiliated with the person at the index. Tests were written\nfor every new class and method added, and UserGuide was updated for the\nnew command.\n","fileTypesAndContributionMap":{"functional-code":{"insertions":80,"deletions":12},"docs":{"insertions":25,"deletions":11},"test-code":{"insertions":100,"deletions":15}}}]},{"date":"2023-09-28","commitResults":[{"hash":"665cbfbfa8d68174a8496c3dad7c29e8660d5362","isMergeCommit":false,"messageTitle":"Fix Javadoc, and typical address book","messageBody":"","fileTypesAndContributionMap":{"functional-code":{"insertions":3,"deletions":3}}},{"hash":"842febcbdfbf9beed5c59fb1f55a5c5173e97745","isMergeCommit":false,"messageTitle":"Add AboutUs page","messageBody":"Updated the AboutUs page to include information about EricXiong420.\n","fileTypesAndContributionMap":{"docs":{"insertions":39,"deletions":3}}},{"hash":"72f86a1b3b26343464535a79ea04f45efafa876f","isMergeCommit":false,"messageTitle":"Update AboutUs role and responsibility","messageBody":"","fileTypesAndContributionMap":{"docs":{"insertions":1,"deletions":1}}},{"hash":"0458130ca8c895fc15e4f4345791b80631234694","isMergeCommit":false,"messageTitle":"Update README, UG, DG, PPP","messageBody":"Updated the PPP for EricXiong420, updated the allocated sections for the\nREADME, UG, and DG, in order to fit the project.\n","fileTypesAndContributionMap":{"docs":{"insertions":62,"deletions":26}}}]},{"date":"2023-10-02","commitResults":[{"hash":"de984f6d397e40a40b0758fc526ea9aedf12a585","isMergeCommit":false,"messageTitle":"Add Checkstyle","messageBody":"","fileTypesAndContributionMap":{"functional-code":{"insertions":15,"deletions":9},"docs":{"insertions":14,"deletions":14}}}]},{"date":"2023-10-04","commitResults":[{"hash":"7ec5d02280b41f90d35cf61c354c07fefacc1fdc","isMergeCommit":false,"messageTitle":"Fix Checkstyle issues","messageBody":"","fileTypesAndContributionMap":{"functional-code":{"insertions":82,"deletions":71},"test-code":{"insertions":85,"deletions":78}}}]},{"date":"2023-10-05","commitResults":[{"hash":"324543d3a1ce8ac848d051f062417c619c269164","isMergeCommit":true,"messageTitle":"Merge branch \u0027tutorial-adding-command\u0027 into week7-updates","messageBody":"Merge Checkstyle fixes into branch\n","fileTypesAndContributionMap":{}},{"hash":"486b82df2ed25c70cefdf8ad0a233f798f471d0b","isMergeCommit":true,"messageTitle":"Merge branch \u0027master\u0027 into week7-updates","messageBody":"","fileTypesAndContributionMap":{}}]},{"date":"2023-10-10","commitResults":[{"hash":"14d0255630f9df49e90ac33cd025fd635f4b9ec4","isMergeCommit":false,"messageTitle":"Change help url for the HelpWindow","messageBody":"","fileTypesAndContributionMap":{"functional-code":{"insertions":1,"deletions":1}}},{"hash":"982473b461317d4ceffec1de4fa62c688c10591f","isMergeCommit":false,"messageTitle":"Break long line in two","messageBody":"","fileTypesAndContributionMap":{"functional-code":{"insertions":2,"deletions":1}}}]}],"shuenj":[{"date":"2023-09-30","commitResults":[{"hash":"6b579eb64570c49939de2d65a487cd08a4263080","isMergeCommit":true,"messageTitle":"Merge pull request #70 from leezhanpeng/update-admin","messageBody":"Update AboutUs.md and added PPP","fileTypesAndContributionMap":{}},{"hash":"50aaf128cdeeef6cb88e8db16609702cd31433c6","isMergeCommit":false,"messageTitle":"Add shuenj.png and update AboutUs.md","messageBody":"","fileTypesAndContributionMap":{"docs":{"insertions":5,"deletions":5}}},{"hash":"4f35b254e5f6622ffe89458288ecc79bc100c250","isMergeCommit":false,"messageTitle":"Add shuenj.md","messageBody":"","fileTypesAndContributionMap":{"docs":{"insertions":36,"deletions":0}}},{"hash":"d403442e1f6be73442bb762e2097ad6f7197d2a5","isMergeCommit":true,"messageTitle":"Merge branch \u0027branch-AboutUs\u0027","messageBody":"","fileTypesAndContributionMap":{}},{"hash":"82207552025cb1dd7d88c25f1742a12874b28c0c","isMergeCommit":false,"messageTitle":"Edit PPP name","messageBody":"","fileTypesAndContributionMap":{"docs":{"insertions":1,"deletions":1}}},{"hash":"477558d7261f29f4591196caba8a4daa4d815456","isMergeCommit":true,"messageTitle":"Merge branch \u0027branch-AboutUs\u0027","messageBody":"","fileTypesAndContributionMap":{}}]},{"date":"2023-10-04","commitResults":[{"hash":"7d9d02eca86f5b0d398fb95a481225320108da58","isMergeCommit":true,"messageTitle":"Merge pull request #76 from Seonlo99/branch-Docs","messageBody":"Update UserGuide.md","fileTypesAndContributionMap":{}}]},{"date":"2023-10-05","commitResults":[{"hash":"6341a49cf9e4af8f7ada379cef6801283c51a7e4","isMergeCommit":true,"messageTitle":"Merge remote-tracking branch \u0027upstream/master\u0027","messageBody":"","fileTypesAndContributionMap":{}},{"hash":"8777ddf9c36aba84b53232c6557f472dbaf7fe92","isMergeCommit":true,"messageTitle":"Merge remote-tracking branch \u0027upstream/master\u0027","messageBody":"","fileTypesAndContributionMap":{}},{"hash":"98809ab6c18d4d3daa45de50916c01d398e41e76","isMergeCommit":true,"messageTitle":"Merge pull request #79 from Seonlo99/branch-Docs","messageBody":"Update DeveloperGuide.md User stories","fileTypesAndContributionMap":{}},{"hash":"b62d3fd4b03ae4bd7bad9ce7316a2dcf263d7a18","isMergeCommit":true,"messageTitle":"Merge remote-tracking branch \u0027upstream/master\u0027","messageBody":"","fileTypesAndContributionMap":{}},{"hash":"56f5378bd8919a5c83da1be2e9be772d96ef6f82","isMergeCommit":false,"messageTitle":"Modify find command screenshot in userguide","messageBody":"","fileTypesAndContributionMap":{"docs":{"insertions":2,"deletions":2}}},{"hash":"d10f316302dd43eb7d51f13934e8bc13c86ca76f","isMergeCommit":false,"messageTitle":"Change addressbook to contact list","messageBody":"","fileTypesAndContributionMap":{"docs":{"insertions":12,"deletions":12}}},{"hash":"5cd350a7d6137072f422b169d5417da643a34326","isMergeCommit":false,"messageTitle":"Update screenshot for help message","messageBody":"","fileTypesAndContributionMap":{"docs":{"insertions":1,"deletions":1}}},{"hash":"f62a357c96cd391042f9bf72113cee7c66a50f04","isMergeCommit":false,"messageTitle":"Update Command summary","messageBody":"","fileTypesAndContributionMap":{"docs":{"insertions":1,"deletions":0}}},{"hash":"59aaee9ffc369a5b0a13d43aa8d121707f691572","isMergeCommit":true,"messageTitle":"Merge branch \u0027userguide-wk7\u0027","messageBody":"","fileTypesAndContributionMap":{}},{"hash":"3397342d1ecc9445094003b9b564e9eb0143859a","isMergeCommit":false,"messageTitle":"Add use cases in developer guide","messageBody":"","fileTypesAndContributionMap":{"docs":{"insertions":94,"deletions":6}}}]},{"date":"2023-10-06","commitResults":[{"hash":"be42319d43ddfcdffd322f99c38e408f5318e32c","isMergeCommit":true,"messageTitle":"Merge pull request #82 from leezhanpeng/fix-nuances","messageBody":"Fix nuances in documentations","fileTypesAndContributionMap":{}}]},{"date":"2023-10-07","commitResults":[{"hash":"ece610b2df7167363bd39d3899f046a189617f48","isMergeCommit":true,"messageTitle":"Merge pull request #88 from leezhanpeng/change-address-to-role","messageBody":"Change Address to Role","fileTypesAndContributionMap":{}}]},{"date":"2023-10-10","commitResults":[{"hash":"9c2d8274d4d3d011aa11bfb17de69c54effd09a2","isMergeCommit":true,"messageTitle":"Merge pull request #71 from leezhanpeng/create-doctor-patient","messageBody":"Create Doctor and Patient class","fileTypesAndContributionMap":{}}]},{"date":"2023-10-11","commitResults":[{"hash":"0c7ce5d242b3ed43da002a75b0fb187a90738eb8","isMergeCommit":false,"messageTitle":"Change address book to contact list in outputs","messageBody":"","fileTypesAndContributionMap":{"functional-code":{"insertions":40,"deletions":40},"test-code":{"insertions":6,"deletions":6}}},{"hash":"b002b849d0c3f6759567d8a7f7c06fcd2af58f24","isMergeCommit":false,"messageTitle":"Add instructions to duplicate person message","messageBody":"","fileTypesAndContributionMap":{"functional-code":{"insertions":4,"deletions":2}}},{"hash":"7261366730be7df08ff4fa24c91e326f4d5678c3","isMergeCommit":false,"messageTitle":"Update affiliation message usage","messageBody":"","fileTypesAndContributionMap":{"functional-code":{"insertions":6,"deletions":5}}},{"hash":"79bf5a9d4102ccea4948d5bdbc24e56448bfcfa6","isMergeCommit":false,"messageTitle":"Change app name and command messages","messageBody":"","fileTypesAndContributionMap":{"functional-code":{"insertions":7,"deletions":6}}},{"hash":"67c3f071687cb145b692a543bd6077ff55d8d0f2","isMergeCommit":false,"messageTitle":"Change app name and undo adding bin to gitignore","messageBody":"","fileTypesAndContributionMap":{"functional-code":{"insertions":1,"deletions":1}}}]}]},"authorFileTypeContributionMap":{"leezhanpeng":{"docs":67,"functional-code":211,"test-code":746},"Seonlo99":{"docs":62,"functional-code":278,"test-code":165},"EricXiong420":{"docs":123,"functional-code":373,"test-code":333,"other":3},"shuenj":{"docs":150,"functional-code":55,"test-code":6}},"authorContributionVariance":{"leezhanpeng":41615.05,"Seonlo99":12478.272,"EricXiong420":68979.35,"shuenj":1393.9937},"authorDisplayNameMap":{"leezhanpeng":"CS2103-T16-2 LEE ..PENG","Seonlo99":"CS2103-T16-2 ZHEN..LONG","EricXiong420":"CS2103-T16-2 XION..N BO","shuenj":"CS2103-T16-2 NG S.. JIN"}}
