{"authorDailyContributionsMap":{"seanpzk":[{"date":"2023-09-26","commitResults":[{"hash":"8603c36823070897294955e6432bfca933d2df09","isMergeCommit":false,"messageTitle":"Update AboutUs.md","messageBody":"","fileTypesAndContributionMap":{"docs":{"insertions":3,"deletions":4}}},{"hash":"36a02f2556cb9222207a0e7925b033cbdcd9644a","isMergeCommit":false,"messageTitle":"Update DeveloperGuide","messageBody":"","fileTypesAndContributionMap":{"docs":{"insertions":47,"deletions":13}}},{"hash":"47d7552472dea8d6b49337bc81ab7a39af828eed","isMergeCommit":false,"messageTitle":"Update UserGuide.md","messageBody":"","fileTypesAndContributionMap":{"docs":{"insertions":55,"deletions":125}}},{"hash":"fc1a728042e7b581829401666d365054669eef84","isMergeCommit":false,"messageTitle":"Fix style errors","messageBody":"","fileTypesAndContributionMap":{"docs":{"insertions":9,"deletions":9}}},{"hash":"f856e49aace098aab5c595d8fd5ce050cd8dbe0d","isMergeCommit":true,"messageTitle":"Merge pull request #2 from seanpzk/v1.1","messageBody":"V1.1","fileTypesAndContributionMap":{}},{"hash":"890ffe57f0ffc8f96e6199a8298f7899c7fc9396","isMergeCommit":true,"messageTitle":"Merge remote-tracking branch \u0027upstream/master\u0027","messageBody":"Syncs changes made by teammates to my forked repo\n","fileTypesAndContributionMap":{}},{"hash":"87b940f1575308a42688c06f83e5aa773223f21d","isMergeCommit":true,"messageTitle":"Merge upstream master with origin master","messageBody":"","fileTypesAndContributionMap":{}},{"hash":"c56cdad9c42fc69e84e552f63ec1d54d383f865e","isMergeCommit":false,"messageTitle":"Add skeletal PPP","messageBody":"","fileTypesAndContributionMap":{"docs":{"insertions":48,"deletions":0}}},{"hash":"72ed6ca49ff56bbb4367c24bb05eff83bb40a60e","isMergeCommit":true,"messageTitle":"Merge remote-tracking branch \u0027upstream/master\u0027","messageBody":"Syncs changes made by teammates to my forked repo\n","fileTypesAndContributionMap":{}},{"hash":"ebf3dc4c8e4de0e140acb9c82029a0d7161dd351","isMergeCommit":false,"messageTitle":"Fix repo-wide test errors","messageBody":"","fileTypesAndContributionMap":{"docs":{"insertions":6,"deletions":13}}},{"hash":"3374d623f864346fff90e20813151066cfeb19c4","isMergeCommit":false,"messageTitle":"Change line separator to \\n from \\r\\n","messageBody":"","fileTypesAndContributionMap":{"docs":{"insertions":21,"deletions":17}}},{"hash":"ddcdad0cd986d3a78c00a309128ac448cc6f16de","isMergeCommit":false,"messageTitle":"Revert \"Change line separator to \\n from \\r\\n\"","messageBody":"This reverts commit 3374d623f864346fff90e20813151066cfeb19c4.\n","fileTypesAndContributionMap":{"docs":{"insertions":17,"deletions":21}}},{"hash":"bc5e835e3fd402c1b0f26655558cd9d856c53750","isMergeCommit":false,"messageTitle":"Change seanpzk.md to LF from CRLF","messageBody":"","fileTypesAndContributionMap":{"docs":{"insertions":41,"deletions":41}}},{"hash":"6cc020e5c884600b0b71296c090283e6c8a791cf","isMergeCommit":false,"messageTitle":"Change verb to present participle under Command Summary","messageBody":"","fileTypesAndContributionMap":{"docs":{"insertions":5,"deletions":5}}},{"hash":"29c8987caecf7b5d6a8feccb2197e7d187e48edc","isMergeCommit":false,"messageTitle":"Update on naming and role","messageBody":"","fileTypesAndContributionMap":{"docs":{"insertions":5,"deletions":4}}}]},{"date":"2023-09-27","commitResults":[{"hash":"12a198b6169e096ee8cc4a5a8792fe1fdf006941","isMergeCommit":true,"messageTitle":"Merge pull request #25 from seanpzk/master","messageBody":"Update UserGuide, DeveloperGuide and AboutUs","fileTypesAndContributionMap":{}},{"hash":"23e1832effaccec79a82f1ec2c47d54519a405fc","isMergeCommit":false,"messageTitle":"Update AboutUs.md","messageBody":"","fileTypesAndContributionMap":{"docs":{"insertions":1,"deletions":1}}},{"hash":"16c6bf59fc26218da9203e8c76b72476d35b9890","isMergeCommit":true,"messageTitle":"Merge remote-tracking branch \u0027upstream/master\u0027","messageBody":"","fileTypesAndContributionMap":{}},{"hash":"460283a714d82f36891cbd1e56d6672070a39f17","isMergeCommit":false,"messageTitle":"Update GitHub Actions build status link in README.md","messageBody":"","fileTypesAndContributionMap":{"docs":{"insertions":1,"deletions":1}}}]},{"date":"2023-09-28","commitResults":[{"hash":"f50d44f739d6c5f1a273b7707a26cb173aca8c4b","isMergeCommit":false,"messageTitle":"Remove trailing whitespaces","messageBody":"","fileTypesAndContributionMap":{"docs":{"insertions":14,"deletions":14}}},{"hash":"cce8665912ad48c97aae60c32a23a5c6c7237e26","isMergeCommit":true,"messageTitle":"Merge pull request #29 from seanpzk/master","messageBody":"Update AboutUs.md and README.md","fileTypesAndContributionMap":{}}]},{"date":"2023-10-02","commitResults":[{"hash":"ebf8c0f69d0f396fa961d95dcafafd673fbf7969","isMergeCommit":false,"messageTitle":"Update seanpzk PPP","messageBody":"","fileTypesAndContributionMap":{"docs":{"insertions":1,"deletions":1}}}]},{"date":"2023-10-03","commitResults":[{"hash":"1bf5a5a521cad59fc23623d746c13b42f4b99304","isMergeCommit":false,"messageTitle":"Add RemoveCommand and RemoveStudentCommand","messageBody":"","fileTypesAndContributionMap":{"functional-code":{"insertions":68,"deletions":0}}}]},{"date":"2023-10-04","commitResults":[{"hash":"221c15e83b341749d8850ab50e2c02f7806d48d9","isMergeCommit":true,"messageTitle":"Merge pull request #35 from revdrag/updatewebsite","messageBody":"Update DeveloperGuide.md use case","fileTypesAndContributionMap":{}},{"hash":"716b022832832d9c2004082274762dba3b8996c8","isMergeCommit":true,"messageTitle":"Merge pull request #33 from seanpzk/v1.1","messageBody":"Update seanpzk PPP","fileTypesAndContributionMap":{}},{"hash":"65b7d05c1c25b2d5b3362288cb17a58b5e1f4c26","isMergeCommit":false,"messageTitle":"Add Remove student function and major refractor","messageBody":"Add RemoveStudentCommand and RemoveStudentCommandParser to facilitate\nremoving student.\n\nHow it works: The user\u0027s input to remove a student will be parsed by the\nRemoveStudentCommandParser to obtain the student\u0027s name and its class.\nThe Parser returns a RemoveStudentCommand that removes the student from the\nclass upon execution.\n\nRefractored Person.java to Student.java, some functions related to\nPerson also renamed to Student. Will continue to rename as time goes on\nas there is too much to remove at one go without risking breakage of\ncode.\n\nTempClass.java is put in place as a stub until code is merged with\nactual implementation of Class object.\n","fileTypesAndContributionMap":{"functional-code":{"insertions":777,"deletions":635},"other":{"insertions":120,"deletions":123},"test-code":{"insertions":573,"deletions":532}}},{"hash":"3d74b7bdfa50767dfd042bfdd6980d2c7baeff1e","isMergeCommit":false,"messageTitle":"Fix user input not being parsed correctly","messageBody":"","fileTypesAndContributionMap":{"functional-code":{"insertions":7,"deletions":6}}},{"hash":"e39cf58f595a25c3304d219535ba0460fa1199a3","isMergeCommit":false,"messageTitle":"Add test case for RemoveStudentCommand","messageBody":"","fileTypesAndContributionMap":{"functional-code":{"insertions":2,"deletions":2},"test-code":{"insertions":43,"deletions":0}}}]},{"date":"2023-10-05","commitResults":[{"hash":"23144b876ce14ac42b13aeede4c78ab3111a9d6b","isMergeCommit":false,"messageTitle":"Fix naming of RemoveStudentCommand in test case","messageBody":"","fileTypesAndContributionMap":{"test-code":{"insertions":4,"deletions":4}}},{"hash":"40364fc133619f5a83be4e3458982d04d1fbb3c5","isMergeCommit":false,"messageTitle":"Fix run-checks.sh errors","messageBody":"","fileTypesAndContributionMap":{"functional-code":{"insertions":169,"deletions":177},"test-code":{"insertions":0,"deletions":6}}},{"hash":"aaf26d114e4d59c24f52891b7635686d3eba592c","isMergeCommit":false,"messageTitle":"Fix checkstyle errors","messageBody":"","fileTypesAndContributionMap":{"functional-code":{"insertions":110,"deletions":125},"test-code":{"insertions":1,"deletions":1}}}]},{"date":"2023-10-12","commitResults":[{"hash":"8c761801e9d83fc6c899193a6c0e8aabdcb36a7e","isMergeCommit":false,"messageTitle":"Update removeStudents parameters to Index","messageBody":"","fileTypesAndContributionMap":{"functional-code":{"insertions":185,"deletions":426},"other":{"insertions":580,"deletions":0},"test-code":{"insertions":14,"deletions":114}}},{"hash":"ba2a7ddc8561f2676871ce6a0dc3ed116bd48508","isMergeCommit":false,"messageTitle":"Remove accidental inclusion of bin","messageBody":"","fileTypesAndContributionMap":{"other":{"insertions":0,"deletions":580}}},{"hash":"89ec244408939e44a640fddff1d0936dd2582624","isMergeCommit":true,"messageTitle":"Fix merge conflicts from own branch v1.2","messageBody":"","fileTypesAndContributionMap":{}},{"hash":"111fd7f7621b8d10ef6958ea50f0e3ff413b4f09","isMergeCommit":false,"messageTitle":"Fix checkstyle errors","messageBody":"","fileTypesAndContributionMap":{"functional-code":{"insertions":0,"deletions":1}}},{"hash":"63c153be2b66b6a12f1a35fbb191f3e331aeeb2c","isMergeCommit":false,"messageTitle":"Fix checkstyle errors","messageBody":"","fileTypesAndContributionMap":{"functional-code":{"insertions":0,"deletions":1}}}]},{"date":"2023-10-13","commitResults":[{"hash":"851562800226477521111af7db10d566c8283d37","isMergeCommit":false,"messageTitle":"Update test cases after refactoring","messageBody":"","fileTypesAndContributionMap":{"other":{"insertions":2,"deletions":25},"test-code":{"insertions":10,"deletions":77}}},{"hash":"ab871cc914ffde97930dc6923d79274e1fb44262","isMergeCommit":true,"messageTitle":"Merge addClassCommand and refactoring of AddressBook to EduTrack from upstream","messageBody":"","fileTypesAndContributionMap":{}},{"hash":"8575f7b29fe9f09507c77677e3c6d48fd0436a45","isMergeCommit":false,"messageTitle":"Change RemoveStudentCommand implementation","messageBody":"RemoveStudentCommandParser looks for Index of Student in a Class to\nremove the Student from that Class.\n\nClass now has UniqueStudentList to represent the List of Student that\nare in the Class.\n\nAmended some test cases after refactoring Person to Student.\n\nAmended or removed some test cases after changing the signature of\nStudent constructor, the number of parameters are significantly reduced.\nThe constructor now only requires Name.\n\nTemporarily created a UniqueStudentList stub for class \"classStub\" upon\nrunning the application. This allows for testing of\nRemoveStudentCommand - try `remove /s 1 /c classStub` repeatedly, you\nshould see different Student being removed each time. This should be\nremoved after addStudentCommand is implemented to directly add student\ninto a UniqueStudentList of a Class.\n","fileTypesAndContributionMap":{"functional-code":{"insertions":113,"deletions":71},"docs":{"insertions":243,"deletions":202},"test-code":{"insertions":28,"deletions":92}}},{"hash":"0a6d5206dd4d193420995a41a97ee65d8e0dd12c","isMergeCommit":false,"messageTitle":"Fix checkstyle errors","messageBody":"","fileTypesAndContributionMap":{"test-code":{"insertions":205,"deletions":240}}},{"hash":"1dbc5f1d0b4f9681039cc80c6a096e67e709374a","isMergeCommit":false,"messageTitle":"Add test cases for EduTrackTest.java","messageBody":"","fileTypesAndContributionMap":{"test-code":{"insertions":41,"deletions":3}}}]},{"date":"2023-10-14","commitResults":[{"hash":"0725e8ce27ae96e59137a1444bf6486f7fa80011","isMergeCommit":true,"messageTitle":"Merge pull request #37 from seanpzk/v1.2","messageBody":"RemoveStudentCommandParser looks for Index of Student in a Class to\r\nremove the Student from that Class.\r\n\r\nClass now has UniqueStudentList to represent the List of Student that\r\nare in the Class.\r\n\r\nAmended some test cases after refactoring Person to Student.\r\n\r\nAmended or removed some test cases after changing the signature of\r\nStudent constructor, the number of parameters is significantly reduced.\r\nThe constructor now only requires Name.\r\n\r\nTemporarily created a UniqueStudentList stub for class \"classStub\" upon\r\nrunning the application. This allows for testing of\r\nRemoveStudentCommand - try `remove /s 1 /c classStub` repeatedly, you\r\nshould see different Student being removed each time. This should be\r\nremoved after addStudentCommand is implemented to directly add student\r\ninto a UniqueStudentList of a Class.","fileTypesAndContributionMap":{}}]},{"date":"2023-10-18","commitResults":[{"hash":"fa3b73a29b1f32f2213f1ab6334ac0b0858ca22c","isMergeCommit":false,"messageTitle":"Update GUI to update upon removal of Student","messageBody":"","fileTypesAndContributionMap":{"functional-code":{"insertions":27,"deletions":9}}},{"hash":"7ea9e251171105f7bcbd39177c725a0fa377871a","isMergeCommit":false,"messageTitle":"Fix minor bug","messageBody":"","fileTypesAndContributionMap":{"functional-code":{"insertions":1,"deletions":1}}},{"hash":"57b771a00f9cf0d87787f1008be987104b2a8726","isMergeCommit":true,"messageTitle":"Merge pull request #43 from seanpzk/v1.2","messageBody":"Update remove student to update GUI upon student removal","fileTypesAndContributionMap":{}},{"hash":"6ac77cf351837a6af2068fc388396a821d09580a","isMergeCommit":false,"messageTitle":"Add test cases for remove student command","messageBody":"","fileTypesAndContributionMap":{"functional-code":{"insertions":1,"deletions":0},"test-code":{"insertions":86,"deletions":29}}},{"hash":"d60de37f000bedd7c80ddc60a128babae41c01cb","isMergeCommit":false,"messageTitle":"Fix DuplicateStudentException when running all tests together","messageBody":"","fileTypesAndContributionMap":{"test-code":{"insertions":12,"deletions":0}}},{"hash":"8b4535ae9ac4e9237a8bda5203ddfe515156f5e6","isMergeCommit":false,"messageTitle":"Fix DuplicateStudentException due to creation of Student in other test files","messageBody":"","fileTypesAndContributionMap":{"test-code":{"insertions":3,"deletions":1}}},{"hash":"91283499e10318dc3352a3012d7e0d1703f57b1b","isMergeCommit":true,"messageTitle":"Merge pull request #44 from seanpzk/v1.2","messageBody":"Add test cases for remove student command","fileTypesAndContributionMap":{}}]},{"date":"2023-10-21","commitResults":[{"hash":"afc3a2cd70e927cb5390ab0658ff6e6c6dcf16d8","isMergeCommit":false,"messageTitle":"Fix bug on removeStudentCommand","messageBody":"","fileTypesAndContributionMap":{"functional-code":{"insertions":1,"deletions":0}}},{"hash":"9902ff44ab544c2a8487e99e94b4dbb3773349a4","isMergeCommit":false,"messageTitle":"Fix failed test cases","messageBody":"","fileTypesAndContributionMap":{"test-code":{"insertions":3,"deletions":2}}},{"hash":"8a190cfe6f3a948c272faa0423e0bf144b988712","isMergeCommit":false,"messageTitle":"Add functions for tracking attendance in Class","messageBody":"","fileTypesAndContributionMap":{"functional-code":{"insertions":48,"deletions":6}}},{"hash":"d0fdff68316a746ed9493981ce09c964a02bd9ab","isMergeCommit":true,"messageTitle":"Merge pull request #55 from seanpzk/v1.3","messageBody":"Fix bug on removeStudentCommand","fileTypesAndContributionMap":{}},{"hash":"6a7be0296f81f12966096cd43beca4f09d908dab","isMergeCommit":false,"messageTitle":"Fix checkstyle errors","messageBody":"","fileTypesAndContributionMap":{"functional-code":{"insertions":4,"deletions":5}}},{"hash":"71ae1a4b944e5a5082b2a3bb95ff2e6fe648a7ba","isMergeCommit":false,"messageTitle":"Change constructor of Student to take in classIndex","messageBody":"","fileTypesAndContributionMap":{"functional-code":{"insertions":52,"deletions":18},"test-code":{"insertions":3,"deletions":3}}}]},{"date":"2023-10-23","commitResults":[{"hash":"1223789eacad7e9511eba29f47052d8bbcff5876","isMergeCommit":false,"messageTitle":"Update DG with new UML diagrams","messageBody":"","fileTypesAndContributionMap":{"docs":{"insertions":182,"deletions":0}}}]},{"date":"2023-10-24","commitResults":[{"hash":"7785b806b42122c9a25d7788d078a78d2bcf1256","isMergeCommit":false,"messageTitle":"Add classIndex to Student constructor and adjust test cases accordingly","messageBody":"","fileTypesAndContributionMap":{"functional-code":{"insertions":1,"deletions":3},"test-code":{"insertions":40,"deletions":12}}},{"hash":"35981800f6ff81ab5b8b4ad62a5b096fede946bc","isMergeCommit":true,"messageTitle":"Merge conflict with json bug to be fixed","messageBody":"","fileTypesAndContributionMap":{}}]},{"date":"2023-10-25","commitResults":[{"hash":"c8f40a9cc4e9bb990b9c49244d8aae16abaa7cf9","isMergeCommit":false,"messageTitle":"Implement attendance feature for Class.","messageBody":"Added totalLessons feature in Class.\nAdded navigability from Student to Class so that Student can get the\ntotalLessons from a Class to be displayed in GUI.\n","fileTypesAndContributionMap":{"functional-code":{"insertions":42,"deletions":36}}},{"hash":"f004ecd5d11bcc7075a85c65f66fa711a685b77d","isMergeCommit":false,"messageTitle":"Add GUI for attendance and Student Memo","messageBody":"","fileTypesAndContributionMap":{"functional-code":{"insertions":17,"deletions":24},"test-code":{"insertions":13,"deletions":13}}},{"hash":"242538c7359a122a7e1284193087155c19569cc7","isMergeCommit":false,"messageTitle":"Fix style errors","messageBody":"","fileTypesAndContributionMap":{"docs":{"insertions":4,"deletions":2}}},{"hash":"c20ccadba4846df2c73d9a210f210c11611bb600","isMergeCommit":false,"messageTitle":"Add startlesson command and other future commands","messageBody":"","fileTypesAndContributionMap":{"functional-code":{"insertions":305,"deletions":29},"docs":{"insertions":8,"deletions":8},"test-code":{"insertions":13,"deletions":5}}},{"hash":"9ef2f62658b4b39c132e1036e1b926f616ca44b9","isMergeCommit":false,"messageTitle":"Fix style errors","messageBody":"","fileTypesAndContributionMap":{"functional-code":{"insertions":22,"deletions":1}}},{"hash":"b278321401fbd43b55dca50f6c3d5bf5bd900be0","isMergeCommit":true,"messageTitle":"Merge branch \u0027master\u0027 of https://github.com/AY2324S1-CS2103T-T15-3/tp into v1.3","messageBody":"","fileTypesAndContributionMap":{}},{"hash":"b98e0b9a51dfb40f4f0ecf29964753e23eb145fe","isMergeCommit":true,"messageTitle":"Merge pull request #56 from seanpzk/v1.3","messageBody":"Add attendance tracking feature ","fileTypesAndContributionMap":{}},{"hash":"22bced6fdeb35bcfb9275bfdceb025922ed3eb91","isMergeCommit":false,"messageTitle":"Improve sequence diagram for Remove Student","messageBody":"","fileTypesAndContributionMap":{"docs":{"insertions":15,"deletions":28}}},{"hash":"7a36ce758f11813e699440c7d7feaf45caa3ecf8","isMergeCommit":false,"messageTitle":"Update DG and Remove Student object diagram","messageBody":"","fileTypesAndContributionMap":{"docs":{"insertions":5,"deletions":5}}},{"hash":"6bebffc3e50d8cffe0a277dadcc9ff5eb754ac92","isMergeCommit":false,"messageTitle":"Fix puml diagrams syntax error","messageBody":"","fileTypesAndContributionMap":{"docs":{"insertions":2,"deletions":2}}},{"hash":"34dfc4e12092de35c4099d574ccc09323e60113f","isMergeCommit":false,"messageTitle":"Improve visual of Activity Diagram","messageBody":"","fileTypesAndContributionMap":{"docs":{"insertions":3,"deletions":2}}},{"hash":"d23118dc86316f22c457904d0debc7abbb389e2e","isMergeCommit":false,"messageTitle":"Add startlesson feature in UG","messageBody":"","fileTypesAndContributionMap":{"docs":{"insertions":20,"deletions":0}}},{"hash":"409151569c4044fef6b99714224d8ffc81dc9b22","isMergeCommit":false,"messageTitle":"Update Remove Student documentation in User Guide","messageBody":"","fileTypesAndContributionMap":{"functional-code":{"insertions":1,"deletions":1},"docs":{"insertions":5,"deletions":6}}},{"hash":"a90b9d22bb191904170fbcb95a1b0b3507927b50","isMergeCommit":true,"messageTitle":"Merge pull request #64 from seanpzk/v1.3-devguide","messageBody":"Update Remove Student Documentation \u0026 UML Diagrams","tags":["v1.3.1"],"fileTypesAndContributionMap":{}}]}],"sudarshan2401":[{"date":"2023-09-24","commitResults":[{"hash":"9559560a80487449354ba154953d9e58cfb502be","isMergeCommit":true,"messageTitle":"Merge branch \u0027master\u0027 of https://github.com/sudarshan2401/tp","messageBody":"","fileTypesAndContributionMap":{}},{"hash":"df0da26665b559cb823667115599579048967721","isMergeCommit":false,"messageTitle":"Update AboutUs and add Skeletal PPP","messageBody":"","fileTypesAndContributionMap":{"docs":{"insertions":37,"deletions":5}}}]},{"date":"2023-09-25","commitResults":[{"hash":"f2278e7df056cd4fe23e097a949ef88c796c709c","isMergeCommit":true,"messageTitle":"Merge pull request #19 from sudarshan2401/branch-update-aboutus","messageBody":"Update aboutus and Skeletal PPP","fileTypesAndContributionMap":{}}]},{"date":"2023-09-27","commitResults":[{"hash":"1216aada5be67c24115b282a4861c5fe493251d9","isMergeCommit":false,"messageTitle":"Update DG","messageBody":"Add \"view a class\" and \"see app populated with sample data\"\n","fileTypesAndContributionMap":{"docs":{"insertions":34,"deletions":0}}},{"hash":"2ba36ccd433257f24bade8467707d9a7be05ac3d","isMergeCommit":false,"messageTitle":"Update UG","messageBody":"Add user guide for \"Viewing a class\"\n","fileTypesAndContributionMap":{"docs":{"insertions":17,"deletions":0}}},{"hash":"3e95700f27df4aa5d9daded9c26a8d8d2300334b","isMergeCommit":true,"messageTitle":"Merge branch \u0027branch-update-DG\u0027","messageBody":"","fileTypesAndContributionMap":{}}]},{"date":"2023-09-28","commitResults":[{"hash":"6b5c9c440188f7498175ecf5fe16e7fd303a4762","isMergeCommit":true,"messageTitle":"Merge branch \u0027master\u0027 into master","messageBody":"","fileTypesAndContributionMap":{}},{"hash":"b6b91428ff61111cf2544c45b47cf88efbd89dc5","isMergeCommit":true,"messageTitle":"Merge pull request #28 from sudarshan2401/master","messageBody":"Update UG, DG and Ui.png","fileTypesAndContributionMap":{}}]},{"date":"2023-10-13","commitResults":[{"hash":"5912fdea517fc2d34746da516d707614c1cf197a","isMergeCommit":false,"messageTitle":"Create ViewCommand class","messageBody":"","fileTypesAndContributionMap":{"functional-code":{"insertions":38,"deletions":0}}}]},{"date":"2023-10-14","commitResults":[{"hash":"de49f5ff87ef307d8189d752067de8bc259827d1","isMergeCommit":true,"messageTitle":"Merge branch \u0027master\u0027 into branch-viewcommand","messageBody":"","fileTypesAndContributionMap":{}},{"hash":"c010a4081898b5f3e215dd8d42cc9c25978ae2ed","isMergeCommit":false,"messageTitle":"Add ViewCommand functionality","messageBody":"Update Model, ModelManager and Edutrack with functions to view students in class\n","fileTypesAndContributionMap":{"functional-code":{"insertions":159,"deletions":17}}},{"hash":"1fadbbbfba0bd548ced40f077a44640e87897f30","isMergeCommit":false,"messageTitle":"Add JavaFx files for Ui","messageBody":"","fileTypesAndContributionMap":{"functional-code":{"insertions":103,"deletions":0}}},{"hash":"4a90583cd816579a7fffb308a167da18f2550d6c","isMergeCommit":false,"messageTitle":"Add JavaFx elements","messageBody":"","fileTypesAndContributionMap":{"functional-code":{"insertions":33,"deletions":0}}}]},{"date":"2023-10-15","commitResults":[{"hash":"9de157fbfc1c2d8efa8f80d50de145a2ed816a29","isMergeCommit":false,"messageTitle":"Update FXML files to display class list","messageBody":"","fileTypesAndContributionMap":{"functional-code":{"insertions":83,"deletions":20}}},{"hash":"036dc57f1b2280a86e70de587a75cda9cefc74e9","isMergeCommit":false,"messageTitle":"Add switch between classlist and studentlist","messageBody":"","fileTypesAndContributionMap":{"functional-code":{"insertions":29,"deletions":10}}},{"hash":"3372d160c7f6ae59ed1f38bbd984bfc04b1dddae","isMergeCommit":false,"messageTitle":"Fix checkstyle warnings","messageBody":"","fileTypesAndContributionMap":{"functional-code":{"insertions":15,"deletions":71}}},{"hash":"d226dfbc791471c323a6e9ee4352bc2029bd6ab7","isMergeCommit":false,"messageTitle":"Add testcases for updated Model methods","messageBody":"","fileTypesAndContributionMap":{"test-code":{"insertions":21,"deletions":0}}},{"hash":"7d374307148799b2359d60ce02d696c095fcebef","isMergeCommit":false,"messageTitle":"Add ViewCommandTest","messageBody":"","fileTypesAndContributionMap":{"functional-code":{"insertions":22,"deletions":7},"test-code":{"insertions":59,"deletions":0}}},{"hash":"554736927b24ce214145f31def3b0f5c104e9da7","isMergeCommit":false,"messageTitle":"Update ListCommandTest","messageBody":"Update EduTrack, UniqueClassList and CommandTestUtil to support tests\n","fileTypesAndContributionMap":{"functional-code":{"insertions":72,"deletions":1},"test-code":{"insertions":23,"deletions":11}}},{"hash":"bf0b46f9ecc8c553ea6962c8a63819c8247e8e9a","isMergeCommit":false,"messageTitle":"Add ViewCommandParserTest","messageBody":"","fileTypesAndContributionMap":{"functional-code":{"insertions":14,"deletions":8},"test-code":{"insertions":40,"deletions":0}}}]},{"date":"2023-10-16","commitResults":[{"hash":"a3ddc5cf5c1de3c79a631cd2d766fd595e07b0a1","isMergeCommit":true,"messageTitle":"Merge branch \u0027master\u0027 into branch-viewcommand","messageBody":"","fileTypesAndContributionMap":{}},{"hash":"cde41e11c0abb45713b9358ffb33bb60fd9a610a","isMergeCommit":false,"messageTitle":"Fix EOF error","messageBody":"","fileTypesAndContributionMap":{"test-code":{"insertions":1,"deletions":1}}},{"hash":"84fac50951cecd03f684026b1b5eec38177be2c5","isMergeCommit":false,"messageTitle":"Remove duplicate code","messageBody":"","fileTypesAndContributionMap":{"functional-code":{"insertions":0,"deletions":20}}},{"hash":"322e1258d3f9f803207849b3eed38d384968d613","isMergeCommit":false,"messageTitle":"Fix checkstyle for test files","messageBody":"","fileTypesAndContributionMap":{"test-code":{"insertions":11,"deletions":18}}},{"hash":"c0c4a0187cf47b179f9b975db3273e6d0bf18b84","isMergeCommit":false,"messageTitle":"Fix degraded testcases for ViewCommandTest","messageBody":"","fileTypesAndContributionMap":{"test-code":{"insertions":6,"deletions":14}}},{"hash":"92207e970395365d7cbd4e54966308604f1421a3","isMergeCommit":false,"messageTitle":"Fix checkstyle warning","messageBody":"","fileTypesAndContributionMap":{"test-code":{"insertions":0,"deletions":1}}},{"hash":"3d526a3af9fc09bcdb3134413bc37b5ab690461c","isMergeCommit":false,"messageTitle":"Add more test cases for edited files","messageBody":"","fileTypesAndContributionMap":{"functional-code":{"insertions":0,"deletions":4},"test-code":{"insertions":81,"deletions":0}}},{"hash":"d894a41e9a16a874657ccb7e33382d3f9d00daa3","isMergeCommit":false,"messageTitle":"Update test cases for coverage","messageBody":"","fileTypesAndContributionMap":{"test-code":{"insertions":61,"deletions":0}}},{"hash":"1b11da4d20d33bd1153dfbe9f113cb4af45bd84a","isMergeCommit":false,"messageTitle":"Update test cases for coverage","messageBody":"","fileTypesAndContributionMap":{"test-code":{"insertions":43,"deletions":0}}},{"hash":"0cd6d028a4978ed0a4c498d25086b4f49700a0ec","isMergeCommit":false,"messageTitle":"Fix grammatical errors","messageBody":"","fileTypesAndContributionMap":{"functional-code":{"insertions":2,"deletions":2}}},{"hash":"1b891c90758c5c3f4274bd17954ffc641b966f0f","isMergeCommit":true,"messageTitle":"Merge branch \u0027master\u0027 into branch-viewcommand","messageBody":"","fileTypesAndContributionMap":{}},{"hash":"7c59bbb270d9ecd7b5c31236687fb65d77c9ee47","isMergeCommit":false,"messageTitle":"Fix issues arising from merge conflict","messageBody":"","fileTypesAndContributionMap":{"functional-code":{"insertions":13,"deletions":17},"test-code":{"insertions":16,"deletions":11}}},{"hash":"7b919d831fda8eb2ff97d4a16a9bd5c9d0475c15","isMergeCommit":true,"messageTitle":"Merge pull request #39 from sudarshan2401/branch-viewcommand","messageBody":"Add view class command feature and update list","fileTypesAndContributionMap":{}}]},{"date":"2023-10-18","commitResults":[{"hash":"e02db122a4fbedb1e44838de70c382fbb73082ec","isMergeCommit":false,"messageTitle":"Fix uncaught exception","messageBody":"","fileTypesAndContributionMap":{"functional-code":{"insertions":21,"deletions":15}}},{"hash":"c02082ffd3070eeba16b75cc040eebd55313067a","isMergeCommit":false,"messageTitle":"Add testcase for invalid input","messageBody":"","fileTypesAndContributionMap":{"test-code":{"insertions":6,"deletions":0}}},{"hash":"8fd27fabd11eac5fb7723e7d7b0046ed584cd4b7","isMergeCommit":true,"messageTitle":"Merge pull request #45 from sudarshan2401/branch-viewcommand","messageBody":"Fix uncaught exception for ViewCommandParser","tags":["v1.2"],"fileTypesAndContributionMap":{}}]},{"date":"2023-10-24","commitResults":[{"hash":"718242d78f91718d8f68624727ee7c2aae0394a7","isMergeCommit":false,"messageTitle":"Add class info panel in UI","messageBody":"","fileTypesAndContributionMap":{"functional-code":{"insertions":80,"deletions":0}}},{"hash":"3a65a3684c31b27ebe176f3779ff24a951a27aa6","isMergeCommit":false,"messageTitle":"Update logic for viewcommand","messageBody":"Update implementation of addstudentcommand to fix bug\n","fileTypesAndContributionMap":{"functional-code":{"insertions":14,"deletions":5}}}]},{"date":"2023-10-25","commitResults":[{"hash":"afd3266604de0f581a6e6d7d64583142aca857d2","isMergeCommit":false,"messageTitle":"Add ClassPart field","messageBody":"Update editstudentcommand to accomodate classpart\n","fileTypesAndContributionMap":{"functional-code":{"insertions":72,"deletions":12}}},{"hash":"a1379c54e413b7ea7ca8944a77791d5701308cb6","isMergeCommit":false,"messageTitle":"Update storage and test components","messageBody":"","fileTypesAndContributionMap":{"test-code":{"insertions":31,"deletions":4}}},{"hash":"504d29cfbab01ea8d8b847d9cd9aea34ff27fc96","isMergeCommit":false,"messageTitle":"Add testcases for classpart","messageBody":"","fileTypesAndContributionMap":{"test-code":{"insertions":13,"deletions":0}}},{"hash":"b312159710d0b965b05af2223dd44a3ee147a33c","isMergeCommit":false,"messageTitle":"Add testcase for null classpart","messageBody":"","fileTypesAndContributionMap":{"test-code":{"insertions":9,"deletions":0}}},{"hash":"a840f7029c17b0812f361db2a7ea9336fd116537","isMergeCommit":false,"messageTitle":"Update HelpWindow UG url","messageBody":"","fileTypesAndContributionMap":{"functional-code":{"insertions":1,"deletions":1}}},{"hash":"0731cda12dd9e1618ca5423904050ba79c68f56b","isMergeCommit":true,"messageTitle":"Merge branch \u0027master\u0027 into branch-updateUI","messageBody":"","fileTypesAndContributionMap":{}},{"hash":"72bd97ca5f03c05409c1f4e46ff8c1fbcbaaf967","isMergeCommit":false,"messageTitle":"Fix bug from merge conflict","messageBody":"","fileTypesAndContributionMap":{"functional-code":{"insertions":1,"deletions":0}}},{"hash":"11e94b80aa66a48d35a8a68d2bd77e7e57ef733b","isMergeCommit":false,"messageTitle":"Fix checkstyle errors","messageBody":"","fileTypesAndContributionMap":{"functional-code":{"insertions":0,"deletions":1},"test-code":{"insertions":9,"deletions":3}}},{"hash":"81f1fa75926a7a4103a1db7f16882c3aff9e5311","isMergeCommit":true,"messageTitle":"Merge pull request #62 from sudarshan2401/branch-updateUI","messageBody":"Update UI and Add Class Participation ","fileTypesAndContributionMap":{}}]}],"songgthu":[{"date":"2023-09-24","commitResults":[{"hash":"85cbfbd00c697c9fd8fe031b912f1587b5cfbd40","isMergeCommit":false,"messageTitle":"Update profile photo and project role","messageBody":"","fileTypesAndContributionMap":{"docs":{"insertions":4,"deletions":4}}}]},{"date":"2023-09-25","commitResults":[{"hash":"5ee140efb43c0e568c515470890b72097068d52b","isMergeCommit":false,"messageTitle":"Edit profile photo name and add skeletal PPP","messageBody":"","fileTypesAndContributionMap":{"docs":{"insertions":45,"deletions":2}}},{"hash":"78c2965a0b9a53cfe1ae12bd9c8e0f25ddce0015","isMergeCommit":false,"messageTitle":"Update user guide layout and add \u0027add a class\u0027 feature","messageBody":"","fileTypesAndContributionMap":{"docs":{"insertions":32,"deletions":152}}}]},{"date":"2023-09-26","commitResults":[{"hash":"a77a7026517b15f9176d422f676752a24c53a5c6","isMergeCommit":true,"messageTitle":"Merge pull request #24 from songgthu/branch-update-UserGuide","messageBody":"Update user guide layout and add \u0027adding a class\u0027 feature","fileTypesAndContributionMap":{}},{"hash":"974064a98ec9734f1b90e1f4befde4f62980d5b9","isMergeCommit":true,"messageTitle":"Merge pull request #18 from songgthu/branch-update-AboutUs","messageBody":"Update profile photo and project role","fileTypesAndContributionMap":{}},{"hash":"0055530e0b941a83f63fc5b67d944022713b0e8d","isMergeCommit":false,"messageTitle":"Update Developer Guide","messageBody":"","fileTypesAndContributionMap":{"docs":{"insertions":125,"deletions":28}}},{"hash":"523de8c481719e346b3dd4ee4a5b24f3c7eb69eb","isMergeCommit":false,"messageTitle":"Update Developer Guide","messageBody":"","fileTypesAndContributionMap":{"docs":{"insertions":1,"deletions":1}}}]},{"date":"2023-09-27","commitResults":[{"hash":"e949a7c85ec09460da6886708447261955d9935a","isMergeCommit":true,"messageTitle":"Merge branch \u0027master\u0027 into branch-update-DeveloperGuide","messageBody":"","fileTypesAndContributionMap":{}},{"hash":"947ee3f3b611aa57990e0d5fc0090f0a8d41c4e8","isMergeCommit":true,"messageTitle":"Merge pull request #26 from songgthu/branch-update-DeveloperGuide","messageBody":"Update Developer Guide","fileTypesAndContributionMap":{}}]},{"date":"2023-10-01","commitResults":[{"hash":"fced9fa1260603eaa85ce18bcf78af286c90c9dd","isMergeCommit":false,"messageTitle":"Add \u0027adding a class\u0027 command","messageBody":"","fileTypesAndContributionMap":{"functional-code":{"insertions":357,"deletions":2}}},{"hash":"1c9bbdfe4a5131b269fde342a8c564f72d154a5b","isMergeCommit":false,"messageTitle":"Refine User Guide format","messageBody":"","fileTypesAndContributionMap":{"docs":{"insertions":4,"deletions":4}}},{"hash":"11fdaa53473b952d417beb3ecbce709e7d164840","isMergeCommit":false,"messageTitle":"Refine User Guide format","messageBody":"","fileTypesAndContributionMap":{"docs":{"insertions":85,"deletions":78}}}]},{"date":"2023-10-02","commitResults":[{"hash":"2ef3289b30283e2c8df80f09526bef28e8cdfbed","isMergeCommit":false,"messageTitle":"Add testcases for \"Adding a class\" command","messageBody":"","fileTypesAndContributionMap":{"functional-code":{"insertions":14,"deletions":7},"test-code":{"insertions":249,"deletions":0}}},{"hash":"9b5e3916ac7230ac8c0aea546d81cc33bdaf5fb4","isMergeCommit":false,"messageTitle":"Remove redundant quotation marks for CLASS_NAME","messageBody":"","fileTypesAndContributionMap":{"docs":{"insertions":6,"deletions":6}}},{"hash":"5e621012f1f34386257846aa4f11f29b681bc0a4","isMergeCommit":false,"messageTitle":"Fix repo-wide test bugs","messageBody":"","fileTypesAndContributionMap":{"functional-code":{"insertions":6,"deletions":0},"test-code":{"insertions":4,"deletions":0}}}]},{"date":"2023-10-03","commitResults":[{"hash":"aa1a0fdc855ec776d36f4c26133565e11af8c4ec","isMergeCommit":false,"messageTitle":"Fix checkstyle errors","messageBody":"","fileTypesAndContributionMap":{"functional-code":{"insertions":14,"deletions":19},"test-code":{"insertions":2,"deletions":5}}},{"hash":"c4439f0d3bd9188051e9495af3d60cd2668ba796","isMergeCommit":false,"messageTitle":"Add Javadoc for add a class command","messageBody":"","fileTypesAndContributionMap":{"functional-code":{"insertions":125,"deletions":19},"test-code":{"insertions":46,"deletions":43}}}]},{"date":"2023-10-04","commitResults":[{"hash":"e003d9ba7334216e846f3d20669f0a0307b34e2e","isMergeCommit":true,"messageTitle":"Merge pull request #31 from songgthu/branch-update-UserGuide","messageBody":"Refine User Guide format","fileTypesAndContributionMap":{}},{"hash":"bce741bd50fb2f334cb30a6980f32fd1d02c44f5","isMergeCommit":false,"messageTitle":"Update AddressBookParser to take 2 command words, add more testcases","messageBody":"","fileTypesAndContributionMap":{"functional-code":{"insertions":54,"deletions":40},"test-code":{"insertions":107,"deletions":51}}},{"hash":"646ec281bf3011978bc6dd1336f28020596bdc99","isMergeCommit":false,"messageTitle":"Handles null check for empty argument in AddressBookParser","messageBody":"","fileTypesAndContributionMap":{"functional-code":{"insertions":4,"deletions":6}}}]},{"date":"2023-10-06","commitResults":[{"hash":"a050b6d903720c8a12e05c056f4fcd0b21ad58b0","isMergeCommit":false,"messageTitle":"update Storage to store class list","messageBody":"","fileTypesAndContributionMap":{"functional-code":{"insertions":69,"deletions":1},"test-code":{"insertions":102,"deletions":0}}},{"hash":"1dcb312455a6c37324f894fe03016e77d458ef3f","isMergeCommit":false,"messageTitle":"Fix error handling for Adding a class command","messageBody":"","fileTypesAndContributionMap":{"functional-code":{"insertions":16,"deletions":4},"test-code":{"insertions":12,"deletions":2}}}]},{"date":"2023-10-07","commitResults":[{"hash":"f2a8868591ba5f29912940ebbd5098c9846d2878","isMergeCommit":false,"messageTitle":"Refractor AddressBook -\u003e EduTrack","messageBody":"","fileTypesAndContributionMap":{"functional-code":{"insertions":149,"deletions":151},"other":{"insertions":104,"deletions":104},"docs":{"insertions":1,"deletions":1},"test-code":{"insertions":206,"deletions":207}}},{"hash":"af70bf729c572e15af86fa5e381d2581a473b600","isMergeCommit":false,"messageTitle":"Replace addressBook variables to eduTrack","messageBody":"","fileTypesAndContributionMap":{"test-code":{"insertions":46,"deletions":46}}}]},{"date":"2023-10-12","commitResults":[{"hash":"4a6ceeb31f474da8dd59f3f83ab7b60c3fecb8bd","isMergeCommit":true,"messageTitle":"Merge pull request #34 from songgthu/branch-AddClassCommand","messageBody":"Implement \"Add a class\" ","fileTypesAndContributionMap":{}}]},{"date":"2023-10-14","commitResults":[{"hash":"0e4d0ad8672f9bf7c5649674861b5b8f3de58968","isMergeCommit":false,"messageTitle":"Fix bug in storing UniqueClassList in Storage","messageBody":"","fileTypesAndContributionMap":{"functional-code":{"insertions":42,"deletions":0},"test-code":{"insertions":42,"deletions":2}}},{"hash":"c3653cc15aba6464fc938a722779d7dfff5b436f","isMergeCommit":true,"messageTitle":"Merge branch \u0027master\u0027 into branch-AddClassCommand","messageBody":"","fileTypesAndContributionMap":{}},{"hash":"aaff603c8ea6fb7f2d551096eb8ac96f6027eb0c","isMergeCommit":false,"messageTitle":"Remove trailing whitespace","messageBody":"","fileTypesAndContributionMap":{"functional-code":{"insertions":0,"deletions":1}}},{"hash":"d784e58b494eb264a5d0b437a195e42cf54030d9","isMergeCommit":false,"messageTitle":"Fix failed testcases","messageBody":"","fileTypesAndContributionMap":{"functional-code":{"insertions":4,"deletions":4}}},{"hash":"25d42ab781b8b7dc51341064794d686de9c094c7","isMergeCommit":true,"messageTitle":"Merge pull request #41 from songgthu/branch-AddClassCommand","messageBody":"Fix bug in storing UniqueClassList in Storage","fileTypesAndContributionMap":{}}]},{"date":"2023-10-18","commitResults":[{"hash":"1e5e70f67e83a512f3c6ebe692c8b0d167c66e1e","isMergeCommit":true,"messageTitle":"Merge branch \u0027master\u0027 of https://github.com/songgthu/tp","messageBody":"","fileTypesAndContributionMap":{}},{"hash":"1abd57bc081c0600880f9d90a30c86230d5d7052","isMergeCommit":true,"messageTitle":"Merge branch \u0027AY2324S1-CS2103T-T15-3:master\u0027 into master","messageBody":"","fileTypesAndContributionMap":{}}]},{"date":"2023-10-21","commitResults":[{"hash":"2f5859f97b97005d9b5bb41bae23fc0697c09b39","isMergeCommit":false,"messageTitle":"Implement \"Update Class Command\" to update class name","messageBody":"","fileTypesAndContributionMap":{"functional-code":{"insertions":6,"deletions":7}}},{"hash":"d2f02f0a0d08241ac5f96b542137dfa5efe6ec6e","isMergeCommit":false,"messageTitle":"Handle exceptions for Update Class Command","messageBody":"","fileTypesAndContributionMap":{"functional-code":{"insertions":305,"deletions":20}}},{"hash":"0885fb94f0d523298e68f8e0215b2145269eee32","isMergeCommit":true,"messageTitle":"Merge branch \u0027AY2324S1-CS2103T-T15-3:master\u0027 into master","messageBody":"","fileTypesAndContributionMap":{}}]},{"date":"2023-10-22","commitResults":[{"hash":"ee726338dde200494c2955443699d3633493449f","isMergeCommit":false,"messageTitle":"Fix failed testcases","messageBody":"","fileTypesAndContributionMap":{"functional-code":{"insertions":350,"deletions":132},"other":{"insertions":48,"deletions":25},"docs":{"insertions":7,"deletions":7},"test-code":{"insertions":71,"deletions":29}}},{"hash":"4fd157f7ea53252d8346b1b88431a58a50252d46","isMergeCommit":true,"messageTitle":"Merge branch \u0027master\u0027 into branch-EditClassCommand","messageBody":"","fileTypesAndContributionMap":{}},{"hash":"a3fa2d9413eaa97cbf9291a4c2ebdaa53304e465","isMergeCommit":false,"messageTitle":"Add testcases for EditClassCommand, EditClassCommandParser, Schedule","messageBody":"","fileTypesAndContributionMap":{"functional-code":{"insertions":48,"deletions":16},"test-code":{"insertions":436,"deletions":5}}}]},{"date":"2023-10-23","commitResults":[{"hash":"db89ee894072951eb52e7a2ea58ad15eb5b77ab5","isMergeCommit":false,"messageTitle":"Remove redundant lines in UG","messageBody":"","fileTypesAndContributionMap":{"docs":{"insertions":1,"deletions":4}}},{"hash":"2ca01f7cfac4b4b3801f4a0678467728a5187604","isMergeCommit":true,"messageTitle":"Merge pull request #59 from songgthu/branch-EditClassCommand","messageBody":"Implement Edit Class Command","fileTypesAndContributionMap":{}}]},{"date":"2023-10-25","commitResults":[{"hash":"4b01202d52405578ee21145461036bfc2b44081f","isMergeCommit":false,"messageTitle":"Add \"Editing a class\" in UG","messageBody":"","fileTypesAndContributionMap":{"docs":{"insertions":28,"deletions":2}}},{"hash":"05fc54eb5e0131006f7bc8b0cd65ac8b4fbe5d6e","isMergeCommit":false,"messageTitle":"Add implementation description for \"Add a class\" feature","messageBody":"","fileTypesAndContributionMap":{"docs":{"insertions":150,"deletions":0}}},{"hash":"584b0b7b684b670e03fa57d31d7dc7ab9cce98c9","isMergeCommit":false,"messageTitle":"Fix checkstyle errors","messageBody":"","fileTypesAndContributionMap":{"docs":{"insertions":3,"deletions":3}}},{"hash":"8976826004e023575c2ee57504e8cd3f0fc3b968","isMergeCommit":false,"messageTitle":"Edit sequence diagram and add more details to DG","messageBody":"","fileTypesAndContributionMap":{"docs":{"insertions":28,"deletions":15}}},{"hash":"15f332ed535a2461a1e4fd1b6ba5f69eed519d37","isMergeCommit":true,"messageTitle":"Merge pull request #61 from songgthu/branch-EditClassCommand","messageBody":"Update UG and DG","tags":["v1.3.trial","v1.3(trial)"],"fileTypesAndContributionMap":{}}]}],"DonovanJJ":[{"date":"2023-09-25","commitResults":[{"hash":"697a647bc22a795fbdd79bcd253fc07e05091f74","isMergeCommit":false,"messageTitle":"Update AboutUs.md and add skeletal PPP","messageBody":"","fileTypesAndContributionMap":{"docs":{"insertions":99,"deletions":4}}},{"hash":"704bc9e3f60d44d889c6de8f87015744f852b91c","isMergeCommit":false,"messageTitle":"Update AboutUs.md and add skeletal PPP","messageBody":"","fileTypesAndContributionMap":{"docs":{"insertions":49,"deletions":4}}},{"hash":"6223598cbe1027b37f1991287543983ae814f76d","isMergeCommit":false,"messageTitle":"Fix styling issue in skeletal PPP","messageBody":"","fileTypesAndContributionMap":{"docs":{"insertions":2,"deletions":2}}},{"hash":"38e9dec2b37d3fc687a20c3d7b0592ecb7ee5e0d","isMergeCommit":false,"messageTitle":"update Readme.md to based on project requirements","messageBody":"","fileTypesAndContributionMap":{"docs":{"insertions":35,"deletions":10}}},{"hash":"6731e8c710eb7bbcc1bc0daac1a7db05aa86c38c","isMergeCommit":false,"messageTitle":"Switch AboutUs to follow team structure. Switched to Jane Doe","messageBody":"","fileTypesAndContributionMap":{"docs":{"insertions":9,"deletions":9}}}]},{"date":"2023-09-26","commitResults":[{"hash":"552faf8aba7b3c82ed58443c5ecbf867cccd57c5","isMergeCommit":false,"messageTitle":"Swap ordering in AboutUs.md","messageBody":"","fileTypesAndContributionMap":{"docs":{"insertions":23,"deletions":9}}},{"hash":"dac41a09448a8ae6f57c48362d025e3d80b4603e","isMergeCommit":true,"messageTitle":"Merge with upstream","messageBody":"","fileTypesAndContributionMap":{}},{"hash":"1bc9d8b8c88947b9376bf51a365f4b916042d884","isMergeCommit":true,"messageTitle":"Merged with AboutUs branch","messageBody":"","fileTypesAndContributionMap":{}},{"hash":"59c37391c9d7b922efffab9d48d86ff43e02f3a5","isMergeCommit":false,"messageTitle":"Update Roles and Responsibility","messageBody":"","fileTypesAndContributionMap":{"docs":{"insertions":2,"deletions":2}}},{"hash":"b044ca579fc7e33cdaef3aa1113646a97cfc3ccd","isMergeCommit":false,"messageTitle":"Fix merge conflict in Skeletal PPP","messageBody":"","fileTypesAndContributionMap":{"docs":{"insertions":17,"deletions":90}}},{"hash":"a573f289330f176bc4e7d4754d883a226f800a6f","isMergeCommit":true,"messageTitle":"Merge pull request #21 from DonovanJJ/master","messageBody":"Update AboutUs.md and add skeletal PPP","fileTypesAndContributionMap":{}},{"hash":"6c82e5ab48c2e4d2e441e294ffcdd168e8d01316","isMergeCommit":true,"messageTitle":"Merge branch \u0027master\u0027 into Readme","messageBody":"","fileTypesAndContributionMap":{}},{"hash":"8f3d92f2b3fb31f85d3a52b32df042d6099ace0a","isMergeCommit":false,"messageTitle":"Update verb to follow the -ing","messageBody":"","fileTypesAndContributionMap":{"docs":{"insertions":2,"deletions":2}}},{"hash":"29d91a68d0aa7a3f670f4acbeed63b4c3d790d94","isMergeCommit":true,"messageTitle":"Merge remote-tracking branch \u0027upstream/master\u0027","messageBody":"","fileTypesAndContributionMap":{}}]},{"date":"2023-09-27","commitResults":[{"hash":"0e444ea4653c82cb165d2d258d93254c5eb8701f","isMergeCommit":false,"messageTitle":"Added the following uses cases to the DG - Adding a lesson for a class - Updating a class note - removing a class","messageBody":"","fileTypesAndContributionMap":{"docs":{"insertions":93,"deletions":10}}},{"hash":"2964f71e24ec27cdf1e344b9193ed329ba90a894","isMergeCommit":false,"messageTitle":"Add removing a lesson from class schedule in DG and added future features in UG","messageBody":"","fileTypesAndContributionMap":{"docs":{"insertions":56,"deletions":2}}},{"hash":"a4c734e58488e8925bd8c767d9e5f12f49795293","isMergeCommit":false,"messageTitle":"Fix style errors, EOF and trailing whitespaces","messageBody":"","fileTypesAndContributionMap":{"docs":{"insertions":19,"deletions":21}}},{"hash":"1b79c12078cf5410a24c5df143f32a2ad83786a6","isMergeCommit":false,"messageTitle":"Fix grammatical error in developerGuide","messageBody":"","fileTypesAndContributionMap":{"docs":{"insertions":1,"deletions":1}}},{"hash":"276b39c699737bba3d31dab479bf183a14c89752","isMergeCommit":true,"messageTitle":"Merge with upstream repo","messageBody":"","fileTypesAndContributionMap":{}},{"hash":"1adac70ffa9b13fb8a1d04dce93b1c2b23c5d6fe","isMergeCommit":false,"messageTitle":"Add missing remove class feature in user guide","messageBody":"","fileTypesAndContributionMap":{"docs":{"insertions":30,"deletions":0}}},{"hash":"b3f64fc319e20123be04f7e53914e54890147539","isMergeCommit":false,"messageTitle":"Fixed another grammatical error in developerGuide","messageBody":"","fileTypesAndContributionMap":{"docs":{"insertions":1,"deletions":1}}},{"hash":"830b415b751b5b62b2d7538f7535478df9260818","isMergeCommit":true,"messageTitle":"Merge pull request #27 from DonovanJJ/master","messageBody":"Update DG, UG and ReadMe","fileTypesAndContributionMap":{}}]},{"date":"2023-10-02","commitResults":[{"hash":"58db3937a0a1b96ac74cb5388506610c13b74710","isMergeCommit":false,"messageTitle":"Fix bug in use case of developerGuide.md","messageBody":"","fileTypesAndContributionMap":{"docs":{"insertions":1,"deletions":1}}}]},{"date":"2023-10-04","commitResults":[{"hash":"236c8a988ba93c6293080d3399b547444e7891c0","isMergeCommit":true,"messageTitle":"Merge remote-tracking branch \u0027upstream/master\u0027","messageBody":"","fileTypesAndContributionMap":{}},{"hash":"87e9472d55e4ce51fcdbac45f114b5863339f690","isMergeCommit":false,"messageTitle":"Merge with upstream master branch","messageBody":"","fileTypesAndContributionMap":{"docs":{"insertions":2,"deletions":0}}},{"hash":"8522f84aef25adc88e76168bf4b14fe76c400711","isMergeCommit":true,"messageTitle":"Merge pull request #32 from DonovanJJ/master","messageBody":"Fix bug in use case of developerGuide.md","fileTypesAndContributionMap":{}}]},{"date":"2023-10-13","commitResults":[{"hash":"a2f6866e3847abae48e9ddd1b8515c7670b583a0","isMergeCommit":false,"messageTitle":"Add remove-class feature","messageBody":"","fileTypesAndContributionMap":{"functional-code":{"insertions":648,"deletions":9}}},{"hash":"c1d1e781517da603ee52b1869621e4bff087ee5f","isMergeCommit":true,"messageTitle":"Add remove class + some test cases. More to be completed","messageBody":"","fileTypesAndContributionMap":{}}]},{"date":"2023-10-14","commitResults":[{"hash":"9f3ad1569c3bca01e8c80e9001156ffb03403f61","isMergeCommit":false,"messageTitle":"Add RemoveClassCommandTest.java - unit test","messageBody":"","fileTypesAndContributionMap":{"functional-code":{"insertions":10,"deletions":15},"test-code":{"insertions":31,"deletions":0}}},{"hash":"03356ad0a80c70e80c786bde21f5eb8eb0bb8fb8","isMergeCommit":false,"messageTitle":"Fix styling issues","messageBody":"","fileTypesAndContributionMap":{"functional-code":{"insertions":3,"deletions":1}}},{"hash":"b81546440adcb3c987753cea817ecda8cdbbed39","isMergeCommit":false,"messageTitle":"Fix styling issues in Testcase","messageBody":"","fileTypesAndContributionMap":{"test-code":{"insertions":5,"deletions":5}}},{"hash":"fc7e8030d53569a4963250f959e4be04b3107739","isMergeCommit":false,"messageTitle":"Add removeClass testcase in EduTrackParserTest.java","messageBody":"","fileTypesAndContributionMap":{"test-code":{"insertions":9,"deletions":0}}},{"hash":"50f794339a85f20b2cbd9bf77ab0432dee1aa30a","isMergeCommit":false,"messageTitle":"Add new testcases for UniqueClassList (setClasses). Minor documentation bug fix in EduTrack","messageBody":"","fileTypesAndContributionMap":{"functional-code":{"insertions":1,"deletions":1},"test-code":{"insertions":50,"deletions":9}}},{"hash":"e8df9bcfd3d3ddfb5bba57556162161f05dfd8b2","isMergeCommit":false,"messageTitle":"Update remove class to take in index instead of classname","messageBody":"","fileTypesAndContributionMap":{"functional-code":{"insertions":48,"deletions":20},"test-code":{"insertions":66,"deletions":28}}}]},{"date":"2023-10-15","commitResults":[{"hash":"19d84ff8621b48815d2a76d8a2e72b42481866d2","isMergeCommit":false,"messageTitle":"Add ListClasses command template","messageBody":"","fileTypesAndContributionMap":{"functional-code":{"insertions":14,"deletions":0}}},{"hash":"385067aa8ca4d843a171c11fcaf38f60c1489075","isMergeCommit":true,"messageTitle":"Merge with upstream master","messageBody":"","fileTypesAndContributionMap":{}},{"hash":"dfefa69506da5e0e30547934f72be45d58ddbfa4","isMergeCommit":false,"messageTitle":"Fix style bugs based on checkstyle","messageBody":"","fileTypesAndContributionMap":{"functional-code":{"insertions":7,"deletions":15},"test-code":{"insertions":0,"deletions":1}}},{"hash":"5ff1ae5975bd4970b2bbb6cc875a7f00d1f8c035","isMergeCommit":false,"messageTitle":"Remove trailing whitespace in UniqueClassList","messageBody":"","fileTypesAndContributionMap":{"functional-code":{"insertions":0,"deletions":1}}},{"hash":"e8c2717c2439427ef710722bb01d1079e08ecc0a","isMergeCommit":false,"messageTitle":"Fix checkstyle errors in Tests","messageBody":"","fileTypesAndContributionMap":{"test-code":{"insertions":11,"deletions":8}}},{"hash":"af3f2a3347c75ef65528f8a632be0ef77cb8528a","isMergeCommit":false,"messageTitle":"Fix import seperation in ModelManagerTest","messageBody":"","fileTypesAndContributionMap":{"test-code":{"insertions":0,"deletions":1}}}]},{"date":"2023-10-16","commitResults":[{"hash":"2883f80f652e105391144c3bc19c0535d0e7204c","isMergeCommit":true,"messageTitle":"Merge pull request #40 from DonovanJJ/feat/remove-class","messageBody":"Added the feature remove class\r\nThings I mainly edited\r\n- Created removeClassCommandParser\r\n- Created removeClassCommand\r\n- Test cases for removeClassCommand and removeClassCommandParser\r\n- Test cases for the functions added in other files","fileTypesAndContributionMap":{}}]},{"date":"2023-10-21","commitResults":[{"hash":"5b79c4373443a26d153a5d03b5fe3ac2adbbb0a4","isMergeCommit":false,"messageTitle":"Add MarkStudentAttendance features","messageBody":"","fileTypesAndContributionMap":{"functional-code":{"insertions":544,"deletions":9},"test-code":{"insertions":1,"deletions":1}}},{"hash":"9a2d62f0870b794c4acbd183fd86fa4c886f727e","isMergeCommit":true,"messageTitle":"Merge remote-tracking branch \u0027upstream/master\u0027 into A-MarkStudentAttendance","messageBody":"","fileTypesAndContributionMap":{}},{"hash":"810f367c6271981e342b09bd9500c586dfbe38a9","isMergeCommit":false,"messageTitle":"Fix checkstyle error","messageBody":"","fileTypesAndContributionMap":{"functional-code":{"insertions":69,"deletions":37},"other":{"insertions":42,"deletions":56},"test-code":{"insertions":1,"deletions":1}}},{"hash":"5fef63ff6be2893e0285c88724706cc63379577f","isMergeCommit":false,"messageTitle":"Fix checkstyle error","messageBody":"","fileTypesAndContributionMap":{"functional-code":{"insertions":9,"deletions":9}}},{"hash":"1f09a2a5f7e7645bcc392873b38855d038809078","isMergeCommit":false,"messageTitle":"Fix import styling and add getter for Class isPresent field","messageBody":"","fileTypesAndContributionMap":{"functional-code":{"insertions":14,"deletions":10}}}]},{"date":"2023-10-22","commitResults":[{"hash":"878b182053bcb2aba4ea50e5b8291e73d74592ed","isMergeCommit":false,"messageTitle":"Fix data in testcases","messageBody":"","fileTypesAndContributionMap":{"functional-code":{"insertions":1,"deletions":2},"test-code":{"insertions":55,"deletions":17}}},{"hash":"5019bdaa9d9b246e51fc90271e20897f0da2f3b1","isMergeCommit":false,"messageTitle":"Add total number of lessons attended counter for Student","messageBody":"","fileTypesAndContributionMap":{"functional-code":{"insertions":125,"deletions":17},"test-code":{"insertions":48,"deletions":13}}},{"hash":"0660de4bc1f21d96736474ace6fa02c77b076c4c","isMergeCommit":false,"messageTitle":"Add unit tests for CurrentLessonAttendance and LessonsAttendance","messageBody":"","fileTypesAndContributionMap":{"functional-code":{"insertions":15,"deletions":4},"test-code":{"insertions":154,"deletions":0}}},{"hash":"49e221bdd0ae695b0d5c1a1395c36f31b7f713fa","isMergeCommit":false,"messageTitle":"Fix checkstyle errors","messageBody":"","fileTypesAndContributionMap":{"functional-code":{"insertions":9,"deletions":4}}},{"hash":"620a37e9f16e8541e28c55688e46d1e9e272fd21","isMergeCommit":false,"messageTitle":"Fix import styling error in testcase","messageBody":"","fileTypesAndContributionMap":{"test-code":{"insertions":7,"deletions":6}}},{"hash":"0ccfbeecd7aa6a9bf649f85407249fe1c4083fe8","isMergeCommit":false,"messageTitle":"Fix checkstyle error in JsonAdaptedStudentTest","messageBody":"","fileTypesAndContributionMap":{"test-code":{"insertions":2,"deletions":2}}},{"hash":"8c0aa64a9556572c76cd382a02804fbfe5e0edce","isMergeCommit":false,"messageTitle":"Add new testcases, primarily for parsers","messageBody":"","fileTypesAndContributionMap":{"functional-code":{"insertions":103,"deletions":32},"test-code":{"insertions":222,"deletions":1}}},{"hash":"a7d948eb11d9dc7f15ed8c6482a6d1b013fcf5ce","isMergeCommit":false,"messageTitle":"Fix checkstyle errors","messageBody":"","fileTypesAndContributionMap":{"functional-code":{"insertions":1,"deletions":2}}},{"hash":"3e00b1e7083845b3f958178ce79c896b0ff201e1","isMergeCommit":false,"messageTitle":"Fix import order in test cases","messageBody":"","fileTypesAndContributionMap":{"test-code":{"insertions":15,"deletions":12}}},{"hash":"18da5fd65364f1fe5189204dc6d888d4ec8c7b5e","isMergeCommit":false,"messageTitle":"Update import order for MarkAllCommand","messageBody":"","fileTypesAndContributionMap":{"test-code":{"insertions":28,"deletions":29}}},{"hash":"4536a628596ff71c77a34e250f7990806dc7c20b","isMergeCommit":false,"messageTitle":"Remove excess code in test","messageBody":"","fileTypesAndContributionMap":{"test-code":{"insertions":0,"deletions":13}}}]},{"date":"2023-10-23","commitResults":[{"hash":"cdf0ee8a18544ecf84f2d22019e9cf14672486c7","isMergeCommit":true,"messageTitle":"Merge with master","messageBody":"","fileTypesAndContributionMap":{}},{"hash":"77d22a0e9d0b7f6dddb9b54a7adc84b7c8490fa4","isMergeCommit":true,"messageTitle":"Merge pull request #57 from DonovanJJ/A-MarkStudentAttendance","messageBody":"A mark student attendance [Testing still in Progress]","fileTypesAndContributionMap":{}}]},{"date":"2023-10-25","commitResults":[{"hash":"39f8ef56be09f0673525e3e37a8cf602738a21f9","isMergeCommit":false,"messageTitle":"Add test case to the following commands 1) MarkAllStudentPresentCommand 2) MarkStudentPresentCommand 3) MarkStudentAbsentCommand","messageBody":"Some minor changes\n1) Update the way the mark commands were implemented\n2) StudentBuilder to include the new fields\n","fileTypesAndContributionMap":{"functional-code":{"insertions":22,"deletions":13},"test-code":{"insertions":419,"deletions":28}}},{"hash":"d862b1c77ef8bbfebf355b800c89eabcd4d65770","isMergeCommit":false,"messageTitle":"Fix checkstyle error","messageBody":"","fileTypesAndContributionMap":{"functional-code":{"insertions":0,"deletions":5}}},{"hash":"f413b8343327c68ae57ad2c99fcac6668d0e465d","isMergeCommit":false,"messageTitle":"Remove unused imports","messageBody":"","fileTypesAndContributionMap":{"test-code":{"insertions":4,"deletions":14}}},{"hash":"299f0b312c0c3dd4e872eb8afa63aa4e9e4e0803","isMergeCommit":true,"messageTitle":"Merge pull request #60 from DonovanJJ/A-MarkStudentAttendance","messageBody":"Add test cases for commands involving taking student\u0027s attendance","fileTypesAndContributionMap":{}},{"hash":"5f3dd8b0da6e2d71429732469a77f859cdf7f82d","isMergeCommit":false,"messageTitle":"Update DG with the MarkStudentPresentCommand and update the mark attendance commands to use Model as an abstraction","messageBody":"","fileTypesAndContributionMap":{"functional-code":{"insertions":20,"deletions":8},"docs":{"insertions":199,"deletions":2},"test-code":{"insertions":10,"deletions":0}}},{"hash":"a6ac59d886a3ae0dfd1cfe4d8a8060d8907a3aba","isMergeCommit":true,"messageTitle":"Merge with upstream master","messageBody":"","fileTypesAndContributionMap":{}},{"hash":"64586fd222e96e6f0922397dbeeebbe8dd2fa440","isMergeCommit":false,"messageTitle":"Add misisng @Override in modelManager","messageBody":"","fileTypesAndContributionMap":{"functional-code":{"insertions":1,"deletions":0}}},{"hash":"30bec5c7f5d299efae6043a6e8f504116334e067","isMergeCommit":true,"messageTitle":"Merge remote-tracking branch \u0027upstream/master\u0027 into Update-DG","messageBody":"","fileTypesAndContributionMap":{}},{"hash":"c4c182325c642b405c3f05ce72cb9062fecad0e0","isMergeCommit":false,"messageTitle":"Change name of data file and update jar version number","messageBody":"","fileTypesAndContributionMap":{"functional-code":{"insertions":1,"deletions":1},"other":{"insertions":1,"deletions":1}}},{"hash":"a110ebc668b594f1f28ba80635e0990b7c78dbc1","isMergeCommit":true,"messageTitle":"Merge remote-tracking branch \u0027upstream/master\u0027 into Update-DG","messageBody":"","fileTypesAndContributionMap":{}},{"hash":"32acbd6640e599d4b92a0b2f62b6e06e3efc133c","isMergeCommit":true,"messageTitle":"Merge pull request #65 from DonovanJJ/Update-DG","messageBody":"Update DG on MarkStudentPresentCommand","fileTypesAndContributionMap":{}}]}],"revdrag":[{"date":"2023-09-24","commitResults":[{"hash":"10fdd59aba6c10e8c8e0e44c139877f287a483b4","isMergeCommit":false,"messageTitle":"Update product name in default.md","messageBody":"","fileTypesAndContributionMap":{"docs":{"insertions":1,"deletions":1}}}]},{"date":"2023-09-25","commitResults":[{"hash":"b8d23f7588949ce14fddfa154f26559609b5b6aa","isMergeCommit":false,"messageTitle":"Update AboutUs page and add skeletal PPP","messageBody":"","fileTypesAndContributionMap":{"docs":{"insertions":27,"deletions":4}}},{"hash":"5eda254b3143f737b2baf913c993120d3010aca8","isMergeCommit":false,"messageTitle":"Update portfolio link","messageBody":"","fileTypesAndContributionMap":{"docs":{"insertions":1,"deletions":1}}},{"hash":"7275030c5c5b6774eab32271a5431ed905e6431b","isMergeCommit":false,"messageTitle":"Remove trailing whitespace","messageBody":"","fileTypesAndContributionMap":{"docs":{"insertions":1,"deletions":1}}},{"hash":"d0a01b5429da8feeddb464ee12efcd12d2ecae58","isMergeCommit":false,"messageTitle":"Add new line EOF","messageBody":"","fileTypesAndContributionMap":{"docs":{"insertions":1,"deletions":1}}},{"hash":"e0f1edbc86b1abd18c944d134c44c3f97c9415cc","isMergeCommit":true,"messageTitle":"Merge pull request #23 from revdrag/aboutus","messageBody":"Update AboutUs page and add skeletal PPP","fileTypesAndContributionMap":{}}]},{"date":"2023-09-28","commitResults":[{"hash":"9fcc3d93f6264746fc2a84097a154a5fc86a4b05","isMergeCommit":false,"messageTitle":"Update default.md, UserGuide.md, DeveloperGuide.md","messageBody":"","fileTypesAndContributionMap":{"docs":{"insertions":25,"deletions":6}}}]},{"date":"2023-10-01","commitResults":[{"hash":"b22b6a3e4fc588bebffd39ee90c797286325b30c","isMergeCommit":true,"messageTitle":"Merge pull request #30 from revdrag/updatewebsite","messageBody":"Update default.md, UserGuide.md, DeveloperGuide.md","fileTypesAndContributionMap":{}}]},{"date":"2023-10-03","commitResults":[{"hash":"8016ac327135066b4b6c25b0bbc7ae00b9d4cb9c","isMergeCommit":false,"messageTitle":"Update DeveloperGuide.md  use case","messageBody":"","fileTypesAndContributionMap":{"docs":{"insertions":31,"deletions":0}}}]},{"date":"2023-10-15","commitResults":[{"hash":"c0488f028775152878a13f1388d6f50b3a42b212","isMergeCommit":false,"messageTitle":"Implement add student feature","messageBody":"","fileTypesAndContributionMap":{"functional-code":{"insertions":168,"deletions":21},"test-code":{"insertions":12,"deletions":8}}},{"hash":"7d1f2746f89030befe00f9ebbb794717eb98d9fc","isMergeCommit":true,"messageTitle":"Merge branch \u0027master\u0027 of https://github.com/revdrag/tp into v1.2","messageBody":"","fileTypesAndContributionMap":{}},{"hash":"508970f7a67932070d326c33919db3812f587c23","isMergeCommit":false,"messageTitle":"Fix stylechecks","messageBody":"","fileTypesAndContributionMap":{"functional-code":{"insertions":16,"deletions":4}}},{"hash":"174f51c24fd0352f38e9e3681ae2804bf32debcd","isMergeCommit":false,"messageTitle":"Fix checkstyle","messageBody":"","fileTypesAndContributionMap":{"functional-code":{"insertions":1,"deletions":1}}},{"hash":"3c6585691830094f8c9dca7951a83529837cce65","isMergeCommit":false,"messageTitle":"Implement autosave for studentlist of a class","messageBody":"","fileTypesAndContributionMap":{"functional-code":{"insertions":33,"deletions":17},"test-code":{"insertions":10,"deletions":0}}},{"hash":"9123568c9ce11fd4e21423d209976253e2a3181f","isMergeCommit":false,"messageTitle":"Update test case","messageBody":"","fileTypesAndContributionMap":{"functional-code":{"insertions":4,"deletions":4},"test-code":{"insertions":32,"deletions":19}}}]},{"date":"2023-10-17","commitResults":[{"hash":"8a82aaa6a127c3eab2cbf5685c719b538f916e6c","isMergeCommit":false,"messageTitle":"Add testcases for AddStudentCommand","messageBody":"","fileTypesAndContributionMap":{"functional-code":{"insertions":36,"deletions":6},"test-code":{"insertions":98,"deletions":0}}},{"hash":"d75eb7e7a9a2a0dcc770d76c2b93212738859641","isMergeCommit":false,"messageTitle":"Add testcase for AddStudentCommandParser","messageBody":"","fileTypesAndContributionMap":{"functional-code":{"insertions":6,"deletions":6},"test-code":{"insertions":104,"deletions":0}}},{"hash":"418e3d69683291113487215ec6dea5d403b6f66f","isMergeCommit":true,"messageTitle":"Merge branch \u0027master\u0027 into v1.2","messageBody":"","fileTypesAndContributionMap":{}},{"hash":"8dbcb034d9512f93a5e017050ceafad217055588","isMergeCommit":true,"messageTitle":"Resolve merge conflicts","messageBody":"","fileTypesAndContributionMap":{}},{"hash":"537f99e87bfa75f930dc0d7a52832904f9f37b96","isMergeCommit":true,"messageTitle":"Resolve conflict","messageBody":"","fileTypesAndContributionMap":{}},{"hash":"e106ffe34ba7631f30caa60dfa0ecadab98c6002","isMergeCommit":false,"messageTitle":"Fix coverage","messageBody":"","fileTypesAndContributionMap":{"functional-code":{"insertions":1,"deletions":0},"test-code":{"insertions":16,"deletions":13}}},{"hash":"90573ade3b2b4b46c5c4ba5d6f927008fca6c99f","isMergeCommit":false,"messageTitle":"Update addStudentToClass method","messageBody":"","fileTypesAndContributionMap":{"functional-code":{"insertions":2,"deletions":1}}},{"hash":"e371d50b4099e791a51479e243d81cdfeddde084","isMergeCommit":false,"messageTitle":"Fix checkstyle","messageBody":"","fileTypesAndContributionMap":{"functional-code":{"insertions":1,"deletions":1}}},{"hash":"8bdfe9ae344274bdbb9796c33c40471b0704bcf9","isMergeCommit":true,"messageTitle":"Merge pull request #42 from revdrag/v1.2","messageBody":"Implement add student feature","fileTypesAndContributionMap":{}}]},{"date":"2023-10-21","commitResults":[{"hash":"e4fad69ca2e1599d4681495fd7936426784639cf","isMergeCommit":false,"messageTitle":"Add EditStudentCommand feature","messageBody":"","fileTypesAndContributionMap":{"functional-code":{"insertions":497,"deletions":9}}},{"hash":"81c031549014b5d7682cf5073cc8212041d1b3ba","isMergeCommit":false,"messageTitle":"Implement EditStudentCommandParser","messageBody":"","fileTypesAndContributionMap":{"functional-code":{"insertions":42,"deletions":37}}},{"hash":"47c70d71a2a2a44ca55c4db928f85e760865c291","isMergeCommit":false,"messageTitle":"Fix bug","messageBody":"","fileTypesAndContributionMap":{"functional-code":{"insertions":0,"deletions":1}}},{"hash":"5b19b0760456ecea513cfd9e28e024a60288d112","isMergeCommit":false,"messageTitle":"Change Note to Memo to deconflict prefix used","messageBody":"","fileTypesAndContributionMap":{"functional-code":{"insertions":92,"deletions":62},"other":{"insertions":15,"deletions":15},"test-code":{"insertions":6,"deletions":3}}}]},{"date":"2023-10-22","commitResults":[{"hash":"79e17e400478f33e19537ccb4a1acb41d365d95f","isMergeCommit":false,"messageTitle":"Fix bugs","messageBody":"","fileTypesAndContributionMap":{"functional-code":{"insertions":13,"deletions":10}}},{"hash":"f7a8454109ee21967b2669766cfb4f9b5d5215e4","isMergeCommit":false,"messageTitle":"Fix test cases","messageBody":"","fileTypesAndContributionMap":{"functional-code":{"insertions":2,"deletions":4},"test-code":{"insertions":17,"deletions":2}}}]},{"date":"2023-10-23","commitResults":[{"hash":"07ebb55a778bc60b3cbaba6988dc5a8e58702aa4","isMergeCommit":true,"messageTitle":"Fix merge conflicts","messageBody":"","fileTypesAndContributionMap":{}},{"hash":"539db709c8f77ccca7a3f0efdd020e55ca548826","isMergeCommit":false,"messageTitle":"Fix bugs and delete EditCommand","messageBody":"","fileTypesAndContributionMap":{"functional-code":{"insertions":73,"deletions":319},"other":{"insertions":11,"deletions":12},"test-code":{"insertions":203,"deletions":625}}},{"hash":"c3d7b7d67e655166601213157788a54ef50c6b31","isMergeCommit":true,"messageTitle":"Merge pull request #58 from revdrag/v1.3","messageBody":"Implement Edit Student Feature","fileTypesAndContributionMap":{}}]}]},"authorFileTypeContributionMap":{"seanpzk":{"docs":461,"functional-code":1280,"test-code":624},"sudarshan2401":{"docs":58,"functional-code":556,"test-code":375},"songgthu":{"docs":409,"functional-code":1145,"test-code":1183},"DonovanJJ":{"docs":404,"functional-code":1008,"test-code":1011,"other":1},"revdrag":{"docs":59,"functional-code":780,"test-code":459}},"authorContributionVariance":{"seanpzk":364601.56,"sudarshan2401":12549.4795,"songgthu":74474.59,"DonovanJJ":65935.26,"revdrag":62708.85},"authorDisplayNameMap":{"seanpzk":"CS2103T-T15-3 SEAN..KIAT","sudarshan2401":"CS2103T-T15-3 KOTA..ANTH","songgthu":"CS2103T-T15-3 TRIN.. THU","DonovanJJ":"CS2103T-T15-3 CHAN.. JUN","revdrag":"CS2103T-T15-3 WANG..ELIN"}}
