{"authorDailyContributionsMap":{"geraldngjx":[{"date":"2023-09-29","commitResults":[{"hash":"ec1b9955dffd07396361224139e51f7700b0c121","isMergeCommit":false,"messageTitle":"Add initial markdown file for PPP","messageBody":"","fileTypesAndContributionMap":{"docs":{"insertions":37,"deletions":0}}},{"hash":"d53f01de5f1a2ab61fe26c534154b362fe8849f0","isMergeCommit":false,"messageTitle":"Fix CheckStyle issue by adding newline at EOF","messageBody":"","fileTypesAndContributionMap":{"docs":{"insertions":1,"deletions":1}}},{"hash":"155ba332223b0f0b284afd05c01888cd1893bd0e","isMergeCommit":false,"messageTitle":"Add individual photo and update AboutUs page","messageBody":"","fileTypesAndContributionMap":{"docs":{"insertions":4,"deletions":4}}},{"hash":"3a09e7ac79fd5378a93b1c911d7c185fc04e145e","isMergeCommit":false,"messageTitle":"Add initial update to developer guide","messageBody":"","fileTypesAndContributionMap":{"docs":{"insertions":25,"deletions":14}}}]},{"date":"2023-10-01","commitResults":[{"hash":"a5ed0fd06a941ed16f097ec81c54255db88cb369","isMergeCommit":false,"messageTitle":"Change position of introduction in AboutUs page","messageBody":"","fileTypesAndContributionMap":{"docs":{"insertions":8,"deletions":8}}}]},{"date":"2023-10-04","commitResults":[{"hash":"875379095d9774b961b9cb1a99dd9872a4de9f2b","isMergeCommit":true,"messageTitle":"Merge branch \u0027master\u0027 into branch-ppp","messageBody":"","fileTypesAndContributionMap":{}},{"hash":"dff28c2f54162acd96b2363688001e165056738d","isMergeCommit":true,"messageTitle":"Merge pull request #22 from geraldngjx/branch-ppp","messageBody":"Add initial draft for PPP","fileTypesAndContributionMap":{}},{"hash":"3173c7e5c7c9cfdf2870f8523059c783030b6698","isMergeCommit":true,"messageTitle":"Merge pull request #23 from geraldngjx/branch-developerGuide","messageBody":"Add initial update to developer guide","fileTypesAndContributionMap":{}}]},{"date":"2023-10-05","commitResults":[{"hash":"8df3cf4f2222eec28be26064980b2b2e3adc91c4","isMergeCommit":false,"messageTitle":"Add acknowledgement to AB3","messageBody":"","fileTypesAndContributionMap":{"docs":{"insertions":1,"deletions":0}}},{"hash":"dc853187ff71fb81c5a6ef2f535a5b021392a30a","isMergeCommit":true,"messageTitle":"Merge pull request #37 from geraldngjx/branch-readMe","messageBody":"Add acknowledgement to AB3 for ReadMe file","fileTypesAndContributionMap":{}}]},{"date":"2023-10-07","commitResults":[{"hash":"43a8c664514dd49bca0de118355a2b9eecb2b7da","isMergeCommit":false,"messageTitle":"Refactor seedu.address naming to connectify","messageBody":"","fileTypesAndContributionMap":{"other":{"insertions":783,"deletions":786},"docs":{"insertions":9,"deletions":9},"test-code":{"insertions":363,"deletions":407}}},{"hash":"b345973bfa3b03c6319cea4842f09d7f39afa3db","isMergeCommit":false,"messageTitle":"Add Company object","messageBody":"","fileTypesAndContributionMap":{"functional-code":{"insertions":115,"deletions":0}}},{"hash":"f882ade6e66494316c970d61cf115e8253c8a6af","isMergeCommit":false,"messageTitle":"Add JavaDocs to Company object","messageBody":"","fileTypesAndContributionMap":{"functional-code":{"insertions":47,"deletions":9}}},{"hash":"ded3686c8461fdac11a8c89e4ee2cc85f59cfa75","isMergeCommit":false,"messageTitle":"Add CompanyBuilder object","messageBody":"","fileTypesAndContributionMap":{"functional-code":{"insertions":2,"deletions":2},"test-code":{"insertions":123,"deletions":0}}},{"hash":"a67711ecc31240aea6ed3b5372a2b1ec93462b15","isMergeCommit":false,"messageTitle":"Add TypicalCompanies file which contains test Company objects","messageBody":"","fileTypesAndContributionMap":{"test-code":{"insertions":14,"deletions":0}}},{"hash":"53989153427865b8dfabfa4680b648300b61fc76","isMergeCommit":false,"messageTitle":"Add CompanyTest file for testing of Company","messageBody":"","fileTypesAndContributionMap":{"test-code":{"insertions":47,"deletions":1}}},{"hash":"8e8e4bf7ede65d839357ceefe8f4bf9900885ef2","isMergeCommit":false,"messageTitle":"Add a few more equality scenarios to test Company","messageBody":"","fileTypesAndContributionMap":{"test-code":{"insertions":16,"deletions":0}}},{"hash":"9515fc1d51c2137891afa84709519aec522a916d","isMergeCommit":false,"messageTitle":"Fix CheckStyle issues for all main directory existing files","messageBody":"","fileTypesAndContributionMap":{"functional-code":{"insertions":43,"deletions":49},"test-code":{"insertions":3,"deletions":0}}}]},{"date":"2023-10-12","commitResults":[{"hash":"65d70c624e66f222900ef3bd325c8a738f2402fa","isMergeCommit":false,"messageTitle":"Fix CheckStyle issues which prevented automated tests from passing when creating PR","messageBody":"","fileTypesAndContributionMap":{"test-code":{"insertions":213,"deletions":171}}},{"hash":"5ef4485a23c5bb7cd7da792c127bdf885dd86384","isMergeCommit":false,"messageTitle":"Fix incorrect test cases and reconfigure build.gradle to run connectify.Main","messageBody":"","fileTypesAndContributionMap":{"other":{"insertions":1,"deletions":1},"test-code":{"insertions":7,"deletions":6}}},{"hash":"83251853084cd35cf567a18413ab1366faedac17","isMergeCommit":false,"messageTitle":"Remove a test case to configure testing of Connectify","messageBody":"","fileTypesAndContributionMap":{"test-code":{"insertions":6,"deletions":6}}},{"hash":"c0dd3e4e427b89a1e7ad277aa7735a9e56b92a03","isMergeCommit":false,"messageTitle":"Fix CheckStyle issue due to incorrect indentation level of comment","messageBody":"","fileTypesAndContributionMap":{"test-code":{"insertions":6,"deletions":6}}},{"hash":"e2c56d61e8a9370591f082c48555e34a5d25a371","isMergeCommit":false,"messageTitle":"Add test case","messageBody":"","fileTypesAndContributionMap":{"test-code":{"insertions":6,"deletions":0}}},{"hash":"e51b28afd7a7fdeed531b2d57638647d2d78ace8","isMergeCommit":false,"messageTitle":"Add test cases for Company object to fix Codecov issues","messageBody":"","fileTypesAndContributionMap":{"functional-code":{"insertions":12,"deletions":17},"test-code":{"insertions":13,"deletions":1}}},{"hash":"d09fc447a8d4d7b97de7bc5ffc4d7e6ea58a7320","isMergeCommit":false,"messageTitle":"Fix CheckStyle issue due to incorrect order of import statements","messageBody":"","fileTypesAndContributionMap":{"functional-code":{"insertions":2,"deletions":2}}},{"hash":"e9989a0e57020634108cc1ea253660a767227ca1","isMergeCommit":true,"messageTitle":"Merge pull request #48 from geraldngjx/branch-add-company-obj","messageBody":"Branch add company obj","fileTypesAndContributionMap":{}}]},{"date":"2023-10-17","commitResults":[{"hash":"73c0e83772882c8d6b67f3f60a5da2db698b11c1","isMergeCommit":false,"messageTitle":"Add PeopleList to add a list of people to a company","messageBody":"","fileTypesAndContributionMap":{"functional-code":{"insertions":116,"deletions":0}}},{"hash":"58d29af3ab8604d4ecba469ded2cb9a936fd9527","isMergeCommit":false,"messageTitle":"Refactor PeopleList to PersonList","messageBody":"","fileTypesAndContributionMap":{"functional-code":{"insertions":3,"deletions":0},"other":{"insertions":21,"deletions":19}}},{"hash":"d8fcefc61594a8dfd530e0a5e22c92c17cc01172","isMergeCommit":false,"messageTitle":"Add a list of people to a company","messageBody":"","fileTypesAndContributionMap":{"functional-code":{"insertions":31,"deletions":6}}},{"hash":"022ef67e7d160132eb3db34a72c7f8d4cb11a4ce","isMergeCommit":false,"messageTitle":"Edit storage for a company to contain a list of people","messageBody":"","fileTypesAndContributionMap":{"functional-code":{"insertions":22,"deletions":2}}},{"hash":"99aabc9883056c53499ba53ca44bdf7e9e9054be","isMergeCommit":false,"messageTitle":"Add tests for PersonList object","messageBody":"","fileTypesAndContributionMap":{"test-code":{"insertions":103,"deletions":1}}},{"hash":"25336fbbd52b6eec6a213eadebe99b29b75ea70b","isMergeCommit":false,"messageTitle":"Fix CheckStyle issues","messageBody":"","fileTypesAndContributionMap":{"functional-code":{"insertions":39,"deletions":10},"test-code":{"insertions":12,"deletions":6}}},{"hash":"8e6b6db913f55f521369c664f5457c34919e0214","isMergeCommit":false,"messageTitle":"Add more test cases to improve code coverage","messageBody":"","fileTypesAndContributionMap":{"functional-code":{"insertions":3,"deletions":17},"test-code":{"insertions":97,"deletions":10}}}]},{"date":"2023-10-18","commitResults":[{"hash":"b88f08d387cf88d2ff98baf05316762d18bf83fb","isMergeCommit":true,"messageTitle":"Merge pull request #64 from geraldngjx/branch-add-people-to-company","messageBody":"Branch add people to company","fileTypesAndContributionMap":{}},{"hash":"2e789ed15c2aa24d7c71e8ac67d829957112642d","isMergeCommit":false,"messageTitle":"Add JavaDocs","messageBody":"","fileTypesAndContributionMap":{"functional-code":{"insertions":4,"deletions":0},"test-code":{"insertions":1,"deletions":0}}},{"hash":"eef322857e90ab86e45cab2d7ebae524b2a249f6","isMergeCommit":true,"messageTitle":"Merge pull request #65 from geraldngjx/branch-v1.2-wrap-up","messageBody":"Wrap up v1.2","tags":["v1.2"],"fileTypesAndContributionMap":{}}]},{"date":"2023-10-22","commitResults":[{"hash":"e103d0d7550c17917a46ad8d7d81315f93468a6f","isMergeCommit":false,"messageTitle":"Update logic to add Person to Company","messageBody":"","fileTypesAndContributionMap":{"functional-code":{"insertions":41,"deletions":16}}},{"hash":"ce9fd2a44ee3ec656a9646f949faef9ac14800d0","isMergeCommit":false,"messageTitle":"Add dummy company object to add unassigned people","messageBody":"","fileTypesAndContributionMap":{"functional-code":{"insertions":18,"deletions":6}}},{"hash":"c8d084845530bb3cc65cddebc5b35528efe259d5","isMergeCommit":false,"messageTitle":"Update test cases for addPerson command","messageBody":"","fileTypesAndContributionMap":{"functional-code":{"insertions":27,"deletions":6},"test-code":{"insertions":47,"deletions":26}}},{"hash":"98e1e25365b2d584b0d21d690fd33e509dfa96c6","isMergeCommit":false,"messageTitle":"Fix bug preventing update of Company list","messageBody":"","fileTypesAndContributionMap":{"functional-code":{"insertions":39,"deletions":4},"test-code":{"insertions":34,"deletions":13}}},{"hash":"ff32447cbf2f135e7599f2f37775fca71a7cd5d0","isMergeCommit":false,"messageTitle":"Remove unnecessary Company constructor function","messageBody":"","fileTypesAndContributionMap":{"functional-code":{"insertions":0,"deletions":17}}},{"hash":"6232d7bb67038fe3441597b6db88380b95affd27","isMergeCommit":false,"messageTitle":"Update model stub for addPerson command","messageBody":"","fileTypesAndContributionMap":{"test-code":{"insertions":59,"deletions":18}}},{"hash":"2499da25492a8c7ce8d8ffb55cb4cadcdb36638b","isMergeCommit":false,"messageTitle":"Add more test cases for addPerson command","messageBody":"","fileTypesAndContributionMap":{"test-code":{"insertions":28,"deletions":17}}}]},{"date":"2023-10-23","commitResults":[{"hash":"e8d113c93a8faa341a7fe8908c6c0381df962686","isMergeCommit":true,"messageTitle":"Merge pull request #70 from geraldngjx/branch-update-addPerson-command","messageBody":"Branch update add person command","fileTypesAndContributionMap":{}}]}],"nreHieW":[{"date":"2023-09-29","commitResults":[{"hash":"7dba6dff38423975d242295517e1c860f0f4d664","isMergeCommit":false,"messageTitle":"Add User Guide","messageBody":"","fileTypesAndContributionMap":{"docs":{"insertions":94,"deletions":129}}},{"hash":"47246d98b9ae398c53a81e2e3d2faa6e5b51de22","isMergeCommit":false,"messageTitle":"Add Profile","messageBody":"","fileTypesAndContributionMap":{"docs":{"insertions":4,"deletions":5}}},{"hash":"9a6389ca73a58bd11f757d3df0d16b9fa8d70b9f","isMergeCommit":false,"messageTitle":"Add initial draft of PPP","messageBody":"","fileTypesAndContributionMap":{"docs":{"insertions":32,"deletions":51}}},{"hash":"75545c911b4ea3a4b23647601817d983c509de2d","isMergeCommit":false,"messageTitle":"Update PPP format","messageBody":"","fileTypesAndContributionMap":{"docs":{"insertions":18,"deletions":19}}},{"hash":"361ef8323eb1ae3f4a66270e7e0bcc28d2f4afc6","isMergeCommit":true,"messageTitle":"Merge pull request #21 from nreHieW/branch-ppp","messageBody":"Add initial draft of PPP","fileTypesAndContributionMap":{}}]},{"date":"2023-10-05","commitResults":[{"hash":"78148edd83d6cd18710f04e4184078fe0833a11f","isMergeCommit":false,"messageTitle":"Add UI Mockup and Change CI/CD Link","messageBody":"","fileTypesAndContributionMap":{"docs":{"insertions":1,"deletions":1}}},{"hash":"80293cdd4255fa6ad3d7138f21b051d353f392a4","isMergeCommit":true,"messageTitle":"Merge pull request #33 from nreHieW/Branch-UI-Mockup","messageBody":"Add UI Mockup and Change CI/CD Link","fileTypesAndContributionMap":{}}]},{"date":"2023-10-13","commitResults":[{"hash":"5ea2419ddfa017248cb7bd6d910a3a0b58b45c69","isMergeCommit":false,"messageTitle":"Rename Parser to ConnectifyParser","messageBody":"","fileTypesAndContributionMap":{"functional-code":{"insertions":91,"deletions":5},"other":{"insertions":2,"deletions":2}}},{"hash":"d275352d7956a6e17de3d2bf5436a28120f07188","isMergeCommit":true,"messageTitle":"Merge pull request #50 from nreHieW/branch-renameParser","messageBody":"Rename Parser to ConnectifyParser","fileTypesAndContributionMap":{}}]},{"date":"2023-10-16","commitResults":[{"hash":"1df858755d0f2fb7ec57053b399bd49f54a1caa5","isMergeCommit":false,"messageTitle":"Add initial CLI and GUI support for listing companies and/or people","messageBody":"","fileTypesAndContributionMap":{"functional-code":{"insertions":302,"deletions":11},"test-code":{"insertions":58,"deletions":0}}},{"hash":"6259b25bdb0e235353f141ed021bf430c8512da2","isMergeCommit":false,"messageTitle":"Fix to checkstyle isses on FXML","messageBody":"","fileTypesAndContributionMap":{"functional-code":{"insertions":2,"deletions":3}}},{"hash":"5e1a0d47f7931aadfbb6b9f84225cf761a3020c4","isMergeCommit":false,"messageTitle":"Add support for listing people and companies together","messageBody":"","fileTypesAndContributionMap":{"functional-code":{"insertions":52,"deletions":6},"other":{"insertions":4,"deletions":4},"test-code":{"insertions":34,"deletions":4}}},{"hash":"a01837413bd95e041be0b99a6fa343b84379bce1","isMergeCommit":false,"messageTitle":"Add Tests for List and Model Manager","messageBody":"","fileTypesAndContributionMap":{"functional-code":{"insertions":14,"deletions":1},"test-code":{"insertions":71,"deletions":0}}},{"hash":"75b195b2abb795c0729a9a50e23715d6dae6cb8d","isMergeCommit":false,"messageTitle":"Add Model Manager Test for ENUM","messageBody":"","fileTypesAndContributionMap":{"functional-code":{"insertions":10,"deletions":0},"test-code":{"insertions":4,"deletions":0}}},{"hash":"a2a89fee6a3852d6b9ea4cab9bf6c0e7e36d3ca9","isMergeCommit":false,"messageTitle":"Add more explicit tests for ENUM","messageBody":"","fileTypesAndContributionMap":{"functional-code":{"insertions":1,"deletions":100},"test-code":{"insertions":13,"deletions":0}}},{"hash":"38198615b8036a7d8f4fd3d80c52b912234b1f92","isMergeCommit":false,"messageTitle":"Add tests for current entity","messageBody":"","fileTypesAndContributionMap":{"test-code":{"insertions":18,"deletions":0}}},{"hash":"22ff0f84707c6b3bcfc9c54597a2f3b37f3973a9","isMergeCommit":false,"messageTitle":"Rename GUI to Connectify","messageBody":"","fileTypesAndContributionMap":{"functional-code":{"insertions":1,"deletions":1},"other":{"insertions":1,"deletions":1}}},{"hash":"7b07a04b1a44ebf964387b3792ec13c82b7cdc4c","isMergeCommit":false,"messageTitle":"Improve UI differentiation between Company and Persons","messageBody":"","fileTypesAndContributionMap":{"functional-code":{"insertions":47,"deletions":13}}},{"hash":"58c6b1c60bc462c06506e692e21b286f6d5fee7d","isMergeCommit":false,"messageTitle":"Rename List to ListALl for more clarity and added logging for entity tracking","messageBody":"","fileTypesAndContributionMap":{"functional-code":{"insertions":8,"deletions":3},"other":{"insertions":1,"deletions":1},"test-code":{"insertions":5,"deletions":5}}},{"hash":"a423c7ce4bd74be8d16ed2de483bda0d0a43eba4","isMergeCommit":false,"messageTitle":"Add equals method","messageBody":"","fileTypesAndContributionMap":{"functional-code":{"insertions":18,"deletions":0},"other":{"insertions":16,"deletions":1},"test-code":{"insertions":29,"deletions":0}}},{"hash":"2b0078ea9c075ccd86467d59c1392e41e4a5bd2a","isMergeCommit":false,"messageTitle":"Add setting and getting of entity type to the model interface","messageBody":"","fileTypesAndContributionMap":{"functional-code":{"insertions":8,"deletions":4}}},{"hash":"c2fbe50e0feb18406d7423acf582e9bdaf6f7122","isMergeCommit":false,"messageTitle":"Fix bug in testing model stub","messageBody":"","fileTypesAndContributionMap":{"functional-code":{"insertions":1,"deletions":0},"test-code":{"insertions":19,"deletions":0}}},{"hash":"fc7201f0755f7273d9f2252b794e3d02c1daacac","isMergeCommit":false,"messageTitle":"Removed unused logging in EntityListPanel","messageBody":"","fileTypesAndContributionMap":{"functional-code":{"insertions":1,"deletions":5}}},{"hash":"a2010673dc5475a139e9494fe69d580c53029723","isMergeCommit":false,"messageTitle":"Fix checkstyle","messageBody":"","fileTypesAndContributionMap":{"functional-code":{"insertions":0,"deletions":3}}},{"hash":"fa4e023fe608cfbba1c033a247e8e96913e6f7cd","isMergeCommit":false,"messageTitle":"Added test cases for equals","messageBody":"","fileTypesAndContributionMap":{"functional-code":{"insertions":21,"deletions":6},"test-code":{"insertions":10,"deletions":0}}},{"hash":"37712bb6b9877b31abea2c48abf0079da48bb0e5","isMergeCommit":false,"messageTitle":"Add InvalidEntityException","messageBody":"","fileTypesAndContributionMap":{"functional-code":{"insertions":22,"deletions":12},"test-code":{"insertions":51,"deletions":21}}},{"hash":"df9b1a3955cc151031839feb839ad4b1fae795b9","isMergeCommit":false,"messageTitle":"Add tests for exception","messageBody":"","fileTypesAndContributionMap":{"test-code":{"insertions":11,"deletions":1}}},{"hash":"f48627b8c86484d68477fcb08dc1d9830097ab5c","isMergeCommit":false,"messageTitle":"Added tests for commands","messageBody":"","fileTypesAndContributionMap":{"functional-code":{"insertions":14,"deletions":12},"test-code":{"insertions":8,"deletions":10}}},{"hash":"d6c94dc675d2d77ab5891c86218aeefa1e89d0e2","isMergeCommit":false,"messageTitle":"Cleaning up of UI code","messageBody":"","fileTypesAndContributionMap":{"functional-code":{"insertions":1,"deletions":5}}},{"hash":"894852490156c08afe18ff5ea57edc188f541843","isMergeCommit":false,"messageTitle":"Add support for empty list","messageBody":"","fileTypesAndContributionMap":{"functional-code":{"insertions":20,"deletions":1},"test-code":{"insertions":22,"deletions":2}}},{"hash":"5571402388c433596ea9403b7e66b07f30806fae","isMergeCommit":false,"messageTitle":"Add support for to string","messageBody":"","fileTypesAndContributionMap":{"functional-code":{"insertions":16,"deletions":2},"test-code":{"insertions":20,"deletions":0}}},{"hash":"af6aa373acdaf1465d3740954beb57c3bb49514e","isMergeCommit":false,"messageTitle":"Clean up GUI","messageBody":"","fileTypesAndContributionMap":{"functional-code":{"insertions":0,"deletions":22}}},{"hash":"601c6f485129aeb9a258b6fa81d44bd780eef9e8","isMergeCommit":false,"messageTitle":"Add status checks","messageBody":"","fileTypesAndContributionMap":{"functional-code":{"insertions":36,"deletions":4},"test-code":{"insertions":95,"deletions":0}}},{"hash":"124fa26970eb371acc4c473703349acda5fb2a9e","isMergeCommit":false,"messageTitle":"Additional tostring for model manager","messageBody":"","fileTypesAndContributionMap":{"functional-code":{"insertions":11,"deletions":6},"test-code":{"insertions":22,"deletions":0}}},{"hash":"8fc0120218824bdbcb58f09885345fbe703b9e53","isMergeCommit":false,"messageTitle":"Bugfix main window","messageBody":"","fileTypesAndContributionMap":{"functional-code":{"insertions":5,"deletions":2}}},{"hash":"37857d1ff2bcbda8d918ce87b7707e82c94e90e6","isMergeCommit":false,"messageTitle":"Bugfix main window minor","messageBody":"","fileTypesAndContributionMap":{"functional-code":{"insertions":1,"deletions":1}}},{"hash":"17141148eb5bdb3c231c54944234878afdc7e8b1","isMergeCommit":false,"messageTitle":"Bug fix Model Manager Test","messageBody":"","fileTypesAndContributionMap":{"functional-code":{"insertions":2,"deletions":2},"test-code":{"insertions":20,"deletions":1}}}]},{"date":"2023-10-17","commitResults":[{"hash":"1daa6df575fffe79a8151b361cd18b216cff166f","isMergeCommit":true,"messageTitle":"Merge pull request #58 from nreHieW/branch-listCommand","messageBody":"Add CLI and GUI support for listing companies and/or people","fileTypesAndContributionMap":{}}]}],"victorpengmx":[{"date":"2023-09-30","commitResults":[{"hash":"1d86ba21e9e48d2f508508d026aeb6485dbea7e1","isMergeCommit":false,"messageTitle":"Add profile","messageBody":"","fileTypesAndContributionMap":{"docs":{"insertions":4,"deletions":5}}},{"hash":"b6429b97291ece8a076a17031211ea8af1e40c6b","isMergeCommit":false,"messageTitle":"Add initial draft of PPP","messageBody":"","fileTypesAndContributionMap":{"docs":{"insertions":25,"deletions":0}}}]},{"date":"2023-10-03","commitResults":[{"hash":"402ab3d3a905a2ed690261b55df7e84d0dd47d6e","isMergeCommit":false,"messageTitle":"Add newline at end of file","messageBody":"","fileTypesAndContributionMap":{"docs":{"insertions":1,"deletions":1}}}]},{"date":"2023-10-04","commitResults":[{"hash":"a7eaa39c2fdeb47a557cc1a62f17a6aedc8d65d6","isMergeCommit":true,"messageTitle":"Merge pull request #24 from victorpengmx/branch-profile","messageBody":"Add profile","fileTypesAndContributionMap":{}},{"hash":"0de3b42d8283c10da8b90bed413ada8052134e5c","isMergeCommit":true,"messageTitle":"Merge pull request #25 from victorpengmx/branch-ppp","messageBody":"Branch ppp","fileTypesAndContributionMap":{}}]},{"date":"2023-10-13","commitResults":[{"hash":"5b329c671889a6545b1fa2ee197ec46f22b4db5d","isMergeCommit":true,"messageTitle":"Merge pull request #51 from ryantzr1/addCompanyCommand","messageBody":"Add Company command","fileTypesAndContributionMap":{}},{"hash":"102d944d8e2dacae9608f92226053937c3b546c7","isMergeCommit":false,"messageTitle":"Add deleteCompany command","messageBody":"","fileTypesAndContributionMap":{"functional-code":{"insertions":114,"deletions":0}}},{"hash":"1916cbc9185b10c6dde960b5d0598dbc5bccd0d6","isMergeCommit":false,"messageTitle":"Update parsers to include DeleteCompanyCommand","messageBody":"","fileTypesAndContributionMap":{"functional-code":{"insertions":37,"deletions":0}}},{"hash":"45f36499eb2d74245230230117ad1d8a218efc4f","isMergeCommit":false,"messageTitle":"Add test cases for deleteCompany command and relevant code","messageBody":"","fileTypesAndContributionMap":{"functional-code":{"insertions":60,"deletions":0},"test-code":{"insertions":326,"deletions":1}}},{"hash":"807594d3a8c187e1152419670cfc61d7fae435fb","isMergeCommit":false,"messageTitle":"Fix checkstyle issue","messageBody":"","fileTypesAndContributionMap":{"functional-code":{"insertions":2,"deletions":2}}},{"hash":"f842eb998bfe35d16963206efaf7d5ce1f762365","isMergeCommit":false,"messageTitle":"Correct lexicological import order","messageBody":"","fileTypesAndContributionMap":{"test-code":{"insertions":15,"deletions":15}}},{"hash":"aa6b667c23fa60bdcbdb368db3f9ac947abef7e0","isMergeCommit":false,"messageTitle":"Correct lexicological import order for various files","messageBody":"","fileTypesAndContributionMap":{"test-code":{"insertions":3,"deletions":3}}},{"hash":"6f4d02672f365b4e79642269113e68a00adadb78","isMergeCommit":false,"messageTitle":"Remove redundant AddressBookParser.java","messageBody":"","fileTypesAndContributionMap":{"functional-code":{"insertions":0,"deletions":94}}}]},{"date":"2023-10-14","commitResults":[{"hash":"ccf8a67e4cb78bc53fa2d1b413ee81e3af3295e9","isMergeCommit":true,"messageTitle":"Fix merge conflicts","messageBody":"","fileTypesAndContributionMap":{}},{"hash":"c62d379e4373fe635ea4178580bc9aa6f19d31e4","isMergeCommit":true,"messageTitle":"Merge pull request #54 from victorpengmx/branch-deleteCompany-command","messageBody":"Branch delete company command","fileTypesAndContributionMap":{}}]},{"date":"2023-10-19","commitResults":[{"hash":"638337c4e866fab2ec2d51cf6f3c66d317286f4b","isMergeCommit":false,"messageTitle":"Update CompanyCard and PersonList to display people associated with company","messageBody":"","fileTypesAndContributionMap":{"functional-code":{"insertions":21,"deletions":1}}},{"hash":"9266785c4b8d7ba6c0063762c84ba14635b70366","isMergeCommit":false,"messageTitle":"Update CompanyListCard to reflect changes in UI","messageBody":"","fileTypesAndContributionMap":{"functional-code":{"insertions":3,"deletions":0}}}]},{"date":"2023-10-20","commitResults":[{"hash":"8bde9a3448080dacf920b9426472c9adf414fe36","isMergeCommit":false,"messageTitle":"Add tests for iterator method in PersonList","messageBody":"","fileTypesAndContributionMap":{"functional-code":{"insertions":4,"deletions":2},"test-code":{"insertions":18,"deletions":0}}},{"hash":"fb3ec33a6bfd9a46b120a4760046f2755853539b","isMergeCommit":false,"messageTitle":"Correct lexicographical order for imports in PersonListTest","messageBody":"","fileTypesAndContributionMap":{"test-code":{"insertions":3,"deletions":3}}},{"hash":"5411477a63311022d2fa9a497fa4ebbfad7d6694","isMergeCommit":false,"messageTitle":"Reduce length of method in CompanyCard","messageBody":"","fileTypesAndContributionMap":{"functional-code":{"insertions":2,"deletions":4}}}]},{"date":"2023-10-23","commitResults":[{"hash":"2a47d5ba5a9c440eef9744a34374fee79b0450d1","isMergeCommit":true,"messageTitle":"Merge pull request #71 from victorpengmx/branch-display-people-in-company","messageBody":"Branch display people in company","fileTypesAndContributionMap":{}}]}],"ryantzr1":[{"date":"2023-09-29","commitResults":[{"hash":"e2a5fa2fdb3f9136d49841633551a3a56b6c7421","isMergeCommit":true,"messageTitle":"Merge pull request #19 from nreHieW/branch-update-UG","messageBody":"Add User Guide","fileTypesAndContributionMap":{}},{"hash":"c1066f9407aef8785bebd9a819f328700040d542","isMergeCommit":true,"messageTitle":"Merge pull request #20 from nreHieW/branch-profile","messageBody":"Add Profile","fileTypesAndContributionMap":{}}]},{"date":"2023-10-02","commitResults":[{"hash":"b31cafa18ce769702ad52a50923de88d2f6cbf3a","isMergeCommit":false,"messageTitle":"Add Profile on AboutUs","messageBody":"","fileTypesAndContributionMap":{"docs":{"insertions":7,"deletions":6}}},{"hash":"b2e9c77196f2982b19ea7bf86b8ddf68556af594","isMergeCommit":false,"messageTitle":"Update project website name","messageBody":"","fileTypesAndContributionMap":{"docs":{"insertions":0,"deletions":0}}},{"hash":"0912779796c4b89dd50a858b5b5972d63bf15a77","isMergeCommit":false,"messageTitle":"add individual PPP","messageBody":"","fileTypesAndContributionMap":{"docs":{"insertions":25,"deletions":0}}}]},{"date":"2023-10-04","commitResults":[{"hash":"e935912a62c0b7b2ff54aeecdfc7d355851622d9","isMergeCommit":true,"messageTitle":"Merge pull request #28 from ryantzr1/add-PPP","messageBody":"add individual PPP","fileTypesAndContributionMap":{}},{"hash":"4749d7524bd94b6c1ad6edaada8c7dc152a9934a","isMergeCommit":true,"messageTitle":"Merge pull request #27 from ryantzr1/update-website-settings-name","messageBody":"Update project website name","fileTypesAndContributionMap":{}},{"hash":"585b752ea3496252fac01954d198d5f33d050f13","isMergeCommit":true,"messageTitle":"Merge branch \u0027master\u0027 into branch-profile","messageBody":"","fileTypesAndContributionMap":{}},{"hash":"5c28a5fcfcacbeb389130d30c6a5b41ad8d3fa40","isMergeCommit":true,"messageTitle":"Merge pull request #26 from ryantzr1/branch-profile","messageBody":"Add Profile on AboutUs","fileTypesAndContributionMap":{}}]},{"date":"2023-10-13","commitResults":[{"hash":"2c200ecaeb755ec8ea02e4a9d6c1ca31e9a1026f","isMergeCommit":false,"messageTitle":"Add addCompany command","messageBody":"Companies added are distinct.\nUnique companies will be displayed in GUI.\n","fileTypesAndContributionMap":{"functional-code":{"insertions":288,"deletions":0}}},{"hash":"3ba778edbb90f91a6cf8d81e5bda96b2e6622bb9","isMergeCommit":false,"messageTitle":"Add storage functionality for companies","messageBody":"","fileTypesAndContributionMap":{"functional-code":{"insertions":210,"deletions":32},"test-code":{"insertions":92,"deletions":105}}},{"hash":"23f94a90cf3ec5205f8f539835534c22f5b94ae8","isMergeCommit":false,"messageTitle":"add test cases for addCompanyCommand feature","messageBody":"","fileTypesAndContributionMap":{"functional-code":{"insertions":61,"deletions":40},"test-code":{"insertions":463,"deletions":2}}},{"hash":"323bc94609ff13f5341ffd5ec2a605eff524f1ba","isMergeCommit":false,"messageTitle":"Add more test cases for addCompanyCommand feature","messageBody":"","fileTypesAndContributionMap":{"functional-code":{"insertions":55,"deletions":8},"test-code":{"insertions":150,"deletions":32}}},{"hash":"bb5f9a0cde336913f8c8edd03e2a67c5f32c15e1","isMergeCommit":false,"messageTitle":"Add addressbook test file","messageBody":"","fileTypesAndContributionMap":{"test-code":{"insertions":111,"deletions":0}}},{"hash":"1159f28312d45ce86ca2dcf58440905b03d17365","isMergeCommit":true,"messageTitle":"Rename AddressBookParserTest","messageBody":"","fileTypesAndContributionMap":{}},{"hash":"723e454fabd9a8e535c8b5879c40382c43249ed9","isMergeCommit":true,"messageTitle":"Merge branch \u0027master\u0027 into addCompanyCommand","messageBody":"","fileTypesAndContributionMap":{}},{"hash":"574ab1a0bc8d9f9d3df466ff8197cee5dca487e2","isMergeCommit":false,"messageTitle":"Fix minor parsing issue","messageBody":"","fileTypesAndContributionMap":{"functional-code":{"insertions":4,"deletions":0}}}]},{"date":"2023-10-19","commitResults":[{"hash":"6639dce2871f44ed631cbfcd0789b7ce974e7cb8","isMergeCommit":false,"messageTitle":"Add more javadocs","messageBody":"","fileTypesAndContributionMap":{"test-code":{"insertions":66,"deletions":8}}}]},{"date":"2023-10-20","commitResults":[{"hash":"6221232cceadff7ebba5cd86ee98daeb90ce1be5","isMergeCommit":true,"messageTitle":"Merge pull request #73 from ryantzr1/moreJavadocs","messageBody":"Add more javadocs","fileTypesAndContributionMap":{}}]}],"tayian":[{"date":"2023-10-04","commitResults":[{"hash":"f45624cf05434537ce5b8aebc558a052127007e0","isMergeCommit":false,"messageTitle":"Input profile image and PPP (#29)","messageBody":"* Add tayian.png via upload\r\n* Add and update tayian.md\r\n* Update AboutUs.md","fileTypesAndContributionMap":{"docs":{"insertions":33,"deletions":2}}}]},{"date":"2023-10-05","commitResults":[{"hash":"6b2cead3f4dc5ad4668037d2aa8e491838d7f5a4","isMergeCommit":false,"messageTitle":"Update README (#38)","messageBody":"","fileTypesAndContributionMap":{"docs":{"insertions":8,"deletions":11}}}]},{"date":"2023-10-06","commitResults":[{"hash":"b4fe21586575635b60786a0432633cdd1dca2e4a","isMergeCommit":false,"messageTitle":"Update AboutUs (#39)","messageBody":"* Update AboutUs\r\n* Remove trailing whitespace","fileTypesAndContributionMap":{"docs":{"insertions":3,"deletions":3}}},{"hash":"7dfb2cef10f736c9896faa124d16fd05e8122689","isMergeCommit":false,"messageTitle":"Update AboutUs.md (#40)","messageBody":"","fileTypesAndContributionMap":{"docs":{"insertions":3,"deletions":3}}}]},{"date":"2023-10-13","commitResults":[{"hash":"02fec92a40e75c3af870041f0637dcb5489dc56b","isMergeCommit":false,"messageTitle":"Update UserGuide to reflect deletePerson command","messageBody":"","fileTypesAndContributionMap":{"docs":{"insertions":10,"deletions":10}}},{"hash":"2df6dd834377d595c9bfad8f452245410f5f3ed9","isMergeCommit":false,"messageTitle":"Refactor DeleteCommand.java to DeletePersonCommand.java","messageBody":"","fileTypesAndContributionMap":{"other":{"insertions":5,"deletions":5}}},{"hash":"ae7c1c190df8b199e2898dcefc5a68ad2f6977b4","isMergeCommit":false,"messageTitle":"Refactor DeleteCommandParser.java to DeletePersonCommandParser.java","messageBody":"","fileTypesAndContributionMap":{"other":{"insertions":5,"deletions":5}}},{"hash":"8b5a51455006391327db1cecabe44c85405bdb41","isMergeCommit":false,"messageTitle":"Refactor DeleteCommandTest.java to DeletePersonCommandTest.java","messageBody":"","fileTypesAndContributionMap":{"other":{"insertions":25,"deletions":23}}},{"hash":"eb523334388653eaa112d824f17b206393abeff0","isMergeCommit":false,"messageTitle":"Refactor DeleteCommandParserTest.java to DeletePersonCommandParserTest.java","messageBody":"","fileTypesAndContributionMap":{"other":{"insertions":9,"deletions":8}}},{"hash":"bfd7989ed76671e97ab6256dba0526441ddafdc9","isMergeCommit":false,"messageTitle":"Preserve lexicological import order in DeletePersonCommandTest.java","messageBody":"","fileTypesAndContributionMap":{"test-code":{"insertions":3,"deletions":3}}},{"hash":"0ecdf1f526717c764bfaba6f97a1e32e8975775f","isMergeCommit":false,"messageTitle":"Update AddressBookParser.java to reflect DeletePersonCommand","messageBody":"","fileTypesAndContributionMap":{"functional-code":{"insertions":3,"deletions":3}}},{"hash":"bc3084296518f8e7d2bdf78a27da3b0c46e4017e","isMergeCommit":false,"messageTitle":"Update LogicManagerTest.java to reflect DeletePersonCommand","messageBody":"","fileTypesAndContributionMap":{"test-code":{"insertions":2,"deletions":2}}},{"hash":"f690d5fc2af849d8e580f34961d87ba486d7d59d","isMergeCommit":false,"messageTitle":"Update ConnectifyParserTest.java to reflect DeletePersonCommand","messageBody":"","fileTypesAndContributionMap":{"test-code":{"insertions":4,"deletions":4}}},{"hash":"0938b2260fe8bb165453dc03a87f739057f77708","isMergeCommit":false,"messageTitle":"Update ConnectifyParser.java to reflect DeletePersonCommand","messageBody":"","fileTypesAndContributionMap":{"functional-code":{"insertions":3,"deletions":3}}},{"hash":"ee5eb822abb97544e34f308afd492c938e10ff51","isMergeCommit":true,"messageTitle":"Merge pull request #52 from tayian/branch-deletePerson","messageBody":"Branch Refactor \"delete\" Command to \"deletePerson\" Command","fileTypesAndContributionMap":{}},{"hash":"a99da93e550b3bae1057abf7056c544c2ff00b7c","isMergeCommit":false,"messageTitle":"Refactor AddCommand.java to AddPersonCommand.java","messageBody":"","fileTypesAndContributionMap":{"other":{"insertions":7,"deletions":7}}},{"hash":"425133c27a0030488a510856a6d64c62819d1340","isMergeCommit":false,"messageTitle":"Refactor AddCommandParser.java to AddPersonCommandParser.java","messageBody":"","fileTypesAndContributionMap":{"other":{"insertions":8,"deletions":8}}},{"hash":"727c09e42bcf6be6548e55c053db6fc54189889c","isMergeCommit":false,"messageTitle":"Update AddressBookParser.java to reflect AddPersonCommand","messageBody":"","fileTypesAndContributionMap":{"functional-code":{"insertions":3,"deletions":3}}},{"hash":"ac63868edf265fd2b5e2ae01d208b6f55ad0a608","isMergeCommit":false,"messageTitle":"Update ConnectifyParser.java to reflect AddPersonCommand","messageBody":"","fileTypesAndContributionMap":{"functional-code":{"insertions":3,"deletions":3}}},{"hash":"d1bec0b1499ad89b53ebee2d72fbd39fb1ee9abc","isMergeCommit":false,"messageTitle":"Refactor AddCommandIntegrationTest.java to AddPersonCommandIntegrationTest.java","messageBody":"","fileTypesAndContributionMap":{"other":{"insertions":6,"deletions":6}}},{"hash":"485f22ef37713c1b4840a95b7d84d1a9d5106e93","isMergeCommit":false,"messageTitle":"Refactor AddCommandTest.java to AddPersonCommandTest.java","messageBody":"","fileTypesAndContributionMap":{"other":{"insertions":12,"deletions":12}}},{"hash":"36b2416c70533591aac80fab08b679819c4b72f0","isMergeCommit":false,"messageTitle":"Update LogicManagerTest.java to reflect AddPersonCommand","messageBody":"","fileTypesAndContributionMap":{"test-code":{"insertions":3,"deletions":3}}},{"hash":"b59135628fd2cc814df308e88c01ec0cc6e8e408","isMergeCommit":false,"messageTitle":"Refactor AddCommandParserTest.java to AddPersonCommandParserTest.java","messageBody":"","fileTypesAndContributionMap":{"other":{"insertions":8,"deletions":8}}},{"hash":"ac28f2391b987a76fc7fcbf9319d80a6b8a80b88","isMergeCommit":false,"messageTitle":"Update ConnectifyParserTest.java to support AddPersonCommand","messageBody":"","fileTypesAndContributionMap":{"test-code":{"insertions":4,"deletions":4}}},{"hash":"cc2ea9b2e53bc3599161dccfd2e3432c304b0c99","isMergeCommit":false,"messageTitle":"Update PersonUtil.java to reflect AddPersonCommand","messageBody":"","fileTypesAndContributionMap":{"test-code":{"insertions":3,"deletions":3}}},{"hash":"3d16fd170bc95103833cc5d0e8bf2353389e772a","isMergeCommit":false,"messageTitle":"Update ConnectifyParserTest.java","messageBody":"","fileTypesAndContributionMap":{"test-code":{"insertions":1,"deletions":1}}},{"hash":"2a72ea0d4fe51370e866ec523c170537c9e10e83","isMergeCommit":false,"messageTitle":"Preserve lexicological import order in AddressBookParser.java","messageBody":"","fileTypesAndContributionMap":{"functional-code":{"insertions":1,"deletions":1}}},{"hash":"292190149eecdba2d97f87a4aedbc78129ee03aa","isMergeCommit":false,"messageTitle":"Preserve lexicological import order in ConnectifyParser.java","messageBody":"","fileTypesAndContributionMap":{"functional-code":{"insertions":1,"deletions":1}}},{"hash":"b4862b435ee2c536dd155ccb533a21dfa34d7926","isMergeCommit":false,"messageTitle":"Preserve lexicological import order in ConnectifyParserTest.java","messageBody":"","fileTypesAndContributionMap":{"test-code":{"insertions":1,"deletions":1}}},{"hash":"91cdc9a181e9b900534deefe1bd7355340544cf9","isMergeCommit":false,"messageTitle":"Keep linelength within 120 char in LogicManagerTest.java","messageBody":"","fileTypesAndContributionMap":{"test-code":{"insertions":2,"deletions":1}}},{"hash":"c8b7e41bd870a6b97847bc3f325fecad617ff2c2","isMergeCommit":false,"messageTitle":"Keep linelength within 120 char in AddPersonCommandTest.java","messageBody":"","fileTypesAndContributionMap":{"test-code":{"insertions":2,"deletions":1}}},{"hash":"24ff32e591d48737dfbd41a2e4eb3364041e2fc9","isMergeCommit":false,"messageTitle":"Update AddPersonCommandTest.java","messageBody":"","fileTypesAndContributionMap":{"test-code":{"insertions":2,"deletions":2}}}]},{"date":"2023-10-14","commitResults":[{"hash":"f415fce5c9460a0fd327ef45d2d0d4710b34d232","isMergeCommit":true,"messageTitle":"Merge pull request #53 from tayian/branch-addPerson","messageBody":"Branch Refactor \"add\" Command to \"addPerson\" Command","fileTypesAndContributionMap":{}}]}]},"authorFileTypeContributionMap":{"geraldngjx":{"docs":72,"functional-code":754,"test-code":1325,"other":1},"nreHieW":{"docs":118,"functional-code":482,"test-code":495,"other":1},"victorpengmx":{"docs":29,"functional-code":232,"test-code":347},"ryantzr1":{"docs":30,"functional-code":541,"test-code":842},"tayian":{"docs":55,"functional-code":29,"test-code":58}},"authorContributionVariance":{"geraldngjx":252593.02,"nreHieW":63937.855,"victorpengmx":13630.78,"ryantzr1":82561.83,"tayian":2173.5535},"authorDisplayNameMap":{"geraldngjx":"CS2103T-T15-4 GERA..IANG","nreHieW":"CS2103T-T15-4 LIM ..HERN","victorpengmx":"CS2103T-T15-4 PENG.. M X","ryantzr1":"CS2103T-T15-4 RYAN..G RI","tayian":"CS2103T-T15-4 IAN ..I EN"}}
