{"authorDailyContributionsMap":{"Kailash201":[{"date":"2023-09-24","commitResults":[{"hash":"ca2be0e9a1b1a60474850d0f6b639e41735c0814","isMergeCommit":false,"messageTitle":"Update docs to ProjectPRO name","messageBody":"","fileTypesAndContributionMap":{"docs":{"insertions":1,"deletions":1}}}]},{"date":"2023-10-03","commitResults":[{"hash":"02e7f675293cf8221939c867862ee98d6f73c7cc","isMergeCommit":true,"messageTitle":"Merge pull request #11 from nicholastng010601/master","messageBody":"Created group class","fileTypesAndContributionMap":{}}]},{"date":"2023-10-04","commitResults":[{"hash":"b49de7bec7f16fe7aace00478673decbf79e7f84","isMergeCommit":true,"messageTitle":"Merge pull request #24 from nicholastng010601/master","messageBody":"Create readme","fileTypesAndContributionMap":{}},{"hash":"b1383230eddc1df2b286972324b0b2a5376efacf","isMergeCommit":false,"messageTitle":"update aboutus.md","messageBody":"","fileTypesAndContributionMap":{"docs":{"insertions":6,"deletions":35}}},{"hash":"c65ddf45e7ae22cbffbb2ee1ba39b059cbfb3bbc","isMergeCommit":true,"messageTitle":"Merge branch \u0027master\u0027 into master","messageBody":"","fileTypesAndContributionMap":{}},{"hash":"f3be44daebc8a53c483ad495c9f6af5e344885c7","isMergeCommit":true,"messageTitle":"Merge pull request #25 from lerxuann/master","messageBody":"Edit aboutus page","fileTypesAndContributionMap":{}},{"hash":"8d9df5099f132ebe0a007ccbce6dde5e3b799158","isMergeCommit":false,"messageTitle":"Update userguide and kailash201.md","messageBody":"","fileTypesAndContributionMap":{"docs":{"insertions":14,"deletions":7}}},{"hash":"bec0fe253f8dc4b840f4ec749e4916acc2bb70a1","isMergeCommit":true,"messageTitle":"Merge branch \u0027master\u0027 of https://github.com/AY2324S1-CS2103T-T10-3/tp","messageBody":"","fileTypesAndContributionMap":{}},{"hash":"543e791aa7c39e989c8ea0d6b2b261753dc820c1","isMergeCommit":true,"messageTitle":"Merge branch \u0027master\u0027 into master","messageBody":"","fileTypesAndContributionMap":{}},{"hash":"754b6b87af667282a43c0a75656c1cc6e5a4daf1","isMergeCommit":true,"messageTitle":"Merge pull request #33 from ZD292/master","messageBody":"Add image","fileTypesAndContributionMap":{}},{"hash":"a914c02b6b04c5c01074697f9d45977b0dc7b985","isMergeCommit":true,"messageTitle":"Merge pull request #37 from nicholastng010601/master","messageBody":"Add userguide","fileTypesAndContributionMap":{}},{"hash":"558a01b45bf2b0b5fc2f8329378d18403fbd65fa","isMergeCommit":false,"messageTitle":"update aboutus","messageBody":"","fileTypesAndContributionMap":{"docs":{"insertions":2,"deletions":1}}},{"hash":"f06de08b830ec8342369df5a2b7099003c7bb8c1","isMergeCommit":true,"messageTitle":"Merge pull request #41 from nicholastng010601/master","messageBody":"Completed UG","fileTypesAndContributionMap":{}}]},{"date":"2023-10-05","commitResults":[{"hash":"7372899398546a2633737b4f9c07f6ce0612e2c5","isMergeCommit":false,"messageTitle":"Change photo name","messageBody":"","fileTypesAndContributionMap":{"docs":{"insertions":1,"deletions":1}}},{"hash":"197e8488ec99d1d5a327a618f87dc4694f5a440b","isMergeCommit":false,"messageTitle":"update use cases in developer guide","messageBody":"","fileTypesAndContributionMap":{"docs":{"insertions":44,"deletions":42}}},{"hash":"9e54035252df266e72db8984fabbce8aa8ea55f3","isMergeCommit":true,"messageTitle":"Merge branch \u0027master\u0027 of https://github.com/AY2324S1-CS2103T-T10-3/tp Merge upstream branch to local branch","messageBody":"","fileTypesAndContributionMap":{}}]},{"date":"2023-10-07","commitResults":[{"hash":"c4fee6f84e212289582c5dd60672bcbc3494a2e7","isMergeCommit":false,"messageTitle":"Update ReadMe.md","messageBody":"","fileTypesAndContributionMap":{"docs":{"insertions":6,"deletions":6}}},{"hash":"2ac52d57af1d6373e407afbdbb921fb52fae848e","isMergeCommit":true,"messageTitle":"Merge branch \u0027master\u0027 of https://github.com/AY2324S1-CS2103T-T10-3/tp","messageBody":"","fileTypesAndContributionMap":{}},{"hash":"9d0a26eac710644774f5cb1011878455531dd21f","isMergeCommit":false,"messageTitle":"Update readme.md","messageBody":"","fileTypesAndContributionMap":{"docs":{"insertions":1,"deletions":2}}},{"hash":"c4842579dd4f01be2461d41ec7fe6d947c00067d","isMergeCommit":true,"messageTitle":"Merge pull request #51 from lerxuann/branch-v1.1","messageBody":"update DG","fileTypesAndContributionMap":{}},{"hash":"480e5e10bafabf4f9739af0c9bbeb9e78d86f10c","isMergeCommit":true,"messageTitle":"Merge pull request #54 from coderhuang559/branch-v1.1","messageBody":"Update md","fileTypesAndContributionMap":{}}]},{"date":"2023-10-08","commitResults":[{"hash":"2e2a3ea7e1536b635fb702ca62cae3c5ea3ff193","isMergeCommit":true,"messageTitle":"Merge pull request #57 from nicholastng010601/v1.1","messageBody":"v1.1 milestone","fileTypesAndContributionMap":{}},{"hash":"95bf2f7ed2fe0d6aa2f298df759a32d46821774a","isMergeCommit":true,"messageTitle":"Merge pull request #59 from ZD292/v1.1","messageBody":"Update AboutUs","fileTypesAndContributionMap":{}}]}],"coderhuang559":[{"date":"2023-10-04","commitResults":[{"hash":"d22bbe29d771812dbdbf9ba1aa723663a58354c5","isMergeCommit":false,"messageTitle":"Update details","messageBody":"Update AboutUs, picture, and own md.\n","fileTypesAndContributionMap":{"docs":{"insertions":6,"deletions":6}}},{"hash":"9991ebe0423d9847e342a6c7be6feacab3b212ca","isMergeCommit":true,"messageTitle":"Merge branch \u0027master\u0027 into master","messageBody":"","fileTypesAndContributionMap":{}},{"hash":"342b27460b4dc1fe5a8e7f2a5692ac3078b5a9b1","isMergeCommit":true,"messageTitle":"Merge pull request #27 from coderhuang559/master","messageBody":"Update details","fileTypesAndContributionMap":{}},{"hash":"6fd70e6b1d99bd14300bca947f11cc267afe9d84","isMergeCommit":false,"messageTitle":"Update user guide","messageBody":"Add remove person from group feature.\n","fileTypesAndContributionMap":{"docs":{"insertions":19,"deletions":0}}},{"hash":"ba122deb74435b16449bb7a42d6de5af18160660","isMergeCommit":true,"messageTitle":"Merge branch \u0027master\u0027 of https://github.com/AY2324S1-CS2103T-T10-3/tp","messageBody":"","fileTypesAndContributionMap":{}},{"hash":"aca8d3cdfb420bfd63990e82883029a9b5d62589","isMergeCommit":true,"messageTitle":"Merge pull request #28 from lerxuann/master","messageBody":"edit UG for delete persons command","fileTypesAndContributionMap":{}},{"hash":"74dec2eb1eeee9a147bb5f38a483a72eade7e0bd","isMergeCommit":true,"messageTitle":"Merge branch \u0027master\u0027 of https://github.com/AY2324S1-CS2103T-T10-3/tp","messageBody":"","fileTypesAndContributionMap":{}},{"hash":"2922ca8d1c3efc51eaa47a06817d72151cc62db3","isMergeCommit":true,"messageTitle":"Merge pull request #36 from ZD292/master","messageBody":"Update UserGuide","fileTypesAndContributionMap":{}},{"hash":"78191b82b18d930149257e2ac350ee8200c3bd38","isMergeCommit":true,"messageTitle":"Merge pull request #35 from lerxuann/master","messageBody":"edit UserGuide to acknowledge code source","fileTypesAndContributionMap":{}},{"hash":"35cb741e39ebb11810d25c76da16f6969efecb3c","isMergeCommit":true,"messageTitle":"Merge branch \u0027master\u0027 of https://github.com/AY2324S1-CS2103T-T10-3/tp","messageBody":"","fileTypesAndContributionMap":{}}]},{"date":"2023-10-07","commitResults":[{"hash":"9258d062f41fb4acfef5879f6fca07e5c06ade6c","isMergeCommit":false,"messageTitle":"Update md","messageBody":"","fileTypesAndContributionMap":{"docs":{"insertions":2,"deletions":40}}},{"hash":"bf9f42eb749f4466727fd6845023c2ef19f3062e","isMergeCommit":true,"messageTitle":"Merge branch \u0027master\u0027 of https://github.com/AY2324S1-CS2103T-T10-3/tp into branch-v1.1","messageBody":"","fileTypesAndContributionMap":{}}]}],"ZD292":[{"date":"2023-09-28","commitResults":[{"hash":"574285b45746af90c8d97e1b171ffb4b518b7ead","isMergeCommit":false,"messageTitle":"Update AboutUs.md","messageBody":"Added zd292 picture into AboutUs.md","fileTypesAndContributionMap":{"docs":{"insertions":1,"deletions":1}}},{"hash":"f87c52e09a9d510d5ac379ace28f69e19f12fb3d","isMergeCommit":false,"messageTitle":"Update AboutUs.md","messageBody":"","fileTypesAndContributionMap":{"docs":{"insertions":2,"deletions":2}}},{"hash":"8ab735c7e5a51b52763546a0530ca7d6a832b0ac","isMergeCommit":false,"messageTitle":"Create zd292.md","messageBody":"","fileTypesAndContributionMap":{"docs":{"insertions":46,"deletions":0}}},{"hash":"fad3f7814a86ed350b3576aa9a971cf3f5eae112","isMergeCommit":false,"messageTitle":"Create coderhuang559.md","messageBody":"","fileTypesAndContributionMap":{"docs":{"insertions":46,"deletions":0}}},{"hash":"a503b051e64501a2ef53efacb429d24d0c6e3d52","isMergeCommit":false,"messageTitle":"Create kailash201.md","messageBody":"","fileTypesAndContributionMap":{"docs":{"insertions":46,"deletions":0}}},{"hash":"4f82b33f8672798660b2a8961269c2e12311ecb1","isMergeCommit":false,"messageTitle":"Create lerxuann.md","messageBody":"","fileTypesAndContributionMap":{"docs":{"insertions":46,"deletions":0}}},{"hash":"105355e442fb28af42f6e74df6c1625175be6aa8","isMergeCommit":false,"messageTitle":"Create nicholastng010601.md","messageBody":"","fileTypesAndContributionMap":{"docs":{"insertions":46,"deletions":0}}}]},{"date":"2023-10-04","commitResults":[{"hash":"57f65fad2d74ec123bf05a55f1a63682ca382237","isMergeCommit":true,"messageTitle":"Merge branch \u0027master\u0027 of https://github.com/AY2324S1-CS2103T-T10-3/tp","messageBody":"","fileTypesAndContributionMap":{}},{"hash":"36c85724fbb4efe9d18af1948b6bfe42c2b7ca12","isMergeCommit":false,"messageTitle":"Change role","messageBody":"","fileTypesAndContributionMap":{"docs":{"insertions":1,"deletions":1}}},{"hash":"fac5fe0b173826d93f8c834ef733c424ad37ac11","isMergeCommit":false,"messageTitle":"Change UG","messageBody":"","fileTypesAndContributionMap":{"docs":{"insertions":4,"deletions":2}}},{"hash":"b0cf7f089ce3f0bc207a664b3e3c8bb371615f9d","isMergeCommit":false,"messageTitle":"Update UserGuide","messageBody":"","fileTypesAndContributionMap":{"docs":{"insertions":19,"deletions":0}}}]},{"date":"2023-10-05","commitResults":[{"hash":"dabae102c28cc415d3a4cbe3b093bbf88bc4190b","isMergeCommit":true,"messageTitle":"Merge pull request #42 from Kailash201/master","messageBody":"Change photo name","fileTypesAndContributionMap":{}},{"hash":"537b2b0656a9730bc89a24d5e0b3a5361d937021","isMergeCommit":true,"messageTitle":"Merge pull request #43 from Kailash201/master","messageBody":"","fileTypesAndContributionMap":{}}]},{"date":"2023-10-07","commitResults":[{"hash":"2eacf5b3240b6ce05d5ba8892db2187ea30bef6d","isMergeCommit":true,"messageTitle":"Merge pull request #49 from lerxuann/master","messageBody":"","fileTypesAndContributionMap":{}}]},{"date":"2023-10-08","commitResults":[{"hash":"cb06ced6c501a9b5b24c9ea5e0f602f7496d6be4","isMergeCommit":false,"messageTitle":"Update AboutUs","messageBody":"","fileTypesAndContributionMap":{"docs":{"insertions":1,"deletions":1}}}]}],"lerxuann":[{"date":"2023-10-04","commitResults":[{"hash":"d6d954e486c4e72d1a1f827591e431b7833e585c","isMergeCommit":false,"messageTitle":"Edit aboutus page","messageBody":"","fileTypesAndContributionMap":{"docs":{"insertions":4,"deletions":4}}},{"hash":"3d918f67ba019226c05ca87f4df77b181c62e24f","isMergeCommit":true,"messageTitle":"Merge pull request #26 from Kailash201/master","messageBody":"update aboutus.md","fileTypesAndContributionMap":{}},{"hash":"7ffaf01b84132fa85d045048d826580baa2dd994","isMergeCommit":true,"messageTitle":"Merge branch \u0027master\u0027 into master","messageBody":"","fileTypesAndContributionMap":{}},{"hash":"9a037166f0ef5278926a77d2c51d2bfe16d88cd8","isMergeCommit":false,"messageTitle":"edit UG for delete persons command","messageBody":"","fileTypesAndContributionMap":{"docs":{"insertions":15,"deletions":10}}},{"hash":"b7b242a184117bfbb100e880d3f4ea9938ee70c2","isMergeCommit":true,"messageTitle":"Merge pull request #29 from coderhuang559/master","messageBody":"Update user guide","fileTypesAndContributionMap":{}},{"hash":"80320956072a69c5978eb5b23dcca96a66d6005f","isMergeCommit":true,"messageTitle":"Merge pull request #30 from Kailash201/master","messageBody":"Edit userguide","fileTypesAndContributionMap":{}},{"hash":"d2954a1ee6d676cb3e30f0203d285977dcca4c5c","isMergeCommit":true,"messageTitle":"Merge pull request #31 from nicholastng010601/master","messageBody":"Update user guide","fileTypesAndContributionMap":{}},{"hash":"6c645566492cc00b379cea476d2af5f812e341db","isMergeCommit":false,"messageTitle":"edit UserGuide to acknowledge code source","messageBody":"","fileTypesAndContributionMap":{"docs":{"insertions":2,"deletions":0}}}]},{"date":"2023-10-07","commitResults":[{"hash":"b1438e8f694bee6950e614025eb438fed8645b87","isMergeCommit":false,"messageTitle":"edit UG to remove traces of AB3","messageBody":"","fileTypesAndContributionMap":{"docs":{"insertions":16,"deletions":16}}},{"hash":"b08a3d7cb0ad6acf9575d89fe2715ab55bd43ae5","isMergeCommit":false,"messageTitle":"update DG","messageBody":"","fileTypesAndContributionMap":{"docs":{"insertions":61,"deletions":88}}},{"hash":"4291528f2bd57b10935199bf3dfdda3faeb9d7d0","isMergeCommit":true,"messageTitle":"Merge pull request #52 from Kailash201/b-v1.1","messageBody":"Update readme.md","fileTypesAndContributionMap":{}}]}],"nicholastng010601":[{"date":"2023-10-03","commitResults":[{"hash":"6e9eb030ae39052d76d441884e546ef31d485b09","isMergeCommit":false,"messageTitle":"Created group class","messageBody":"","fileTypesAndContributionMap":{"functional-code":{"insertions":335,"deletions":0},"other":{"insertions":22,"deletions":0}}}]},{"date":"2023-10-04","commitResults":[{"hash":"bf64bc4a16f184588fb6c6f1bbcae66afb89e65a","isMergeCommit":false,"messageTitle":"Edited the Team AboutUS Page","messageBody":"","fileTypesAndContributionMap":{"docs":{"insertions":6,"deletions":6}}},{"hash":"27a079bc469aeaef027bf121effda4f3c6420755","isMergeCommit":false,"messageTitle":"Edit aboutus","messageBody":"","fileTypesAndContributionMap":{"docs":{"insertions":4,"deletions":4}}},{"hash":"21c59337b69366a7d41838bfe3edf1e8cb7f1e19","isMergeCommit":true,"messageTitle":"Merge branch \u0027master\u0027 of https://github.com/nicholastng010601/tp","messageBody":"# Conflicts:\n#\tdocs/AboutUs.md\n","fileTypesAndContributionMap":{}},{"hash":"0b9f12be7257815b4f924e92f969d826a9ded8ad","isMergeCommit":false,"messageTitle":"Edit aboutus","messageBody":"","fileTypesAndContributionMap":{"docs":{"insertions":1,"deletions":1}}},{"hash":"f31deb5e204dad13ca6d4fc416ddafa42434fc5e","isMergeCommit":false,"messageTitle":"Edit user guide","messageBody":"","fileTypesAndContributionMap":{"docs":{"insertions":19,"deletions":0}}},{"hash":"036df28b91ac10b0f2099378bec6fb664370bd0e","isMergeCommit":false,"messageTitle":"Edit userguide","messageBody":"","fileTypesAndContributionMap":{"docs":{"insertions":1,"deletions":0}}},{"hash":"ecea1464efb8f89318ce33ff2baeea44aec87626","isMergeCommit":true,"messageTitle":"Merge branch \u0027master\u0027 of https://github.com/AY2324S1-CS2103T-T10-3/tp To update UG","messageBody":"","fileTypesAndContributionMap":{}},{"hash":"92f8e88a157f8fd7ff32bf6d70605fab328a12af","isMergeCommit":false,"messageTitle":"Add userguide","messageBody":"","fileTypesAndContributionMap":{"docs":{"insertions":55,"deletions":0}}},{"hash":"7c71222389e802f9257094a78682ee3d10cfd017","isMergeCommit":true,"messageTitle":"Merge pull request #38 from Kailash201/master","messageBody":"update aboutus","fileTypesAndContributionMap":{}},{"hash":"40c162155a6bb54f82843075fd54f27e4e8bcaaa","isMergeCommit":false,"messageTitle":"Add US and NFR","messageBody":"","fileTypesAndContributionMap":{"docs":{"insertions":30,"deletions":16}}},{"hash":"bfed26ecadbf5b6c06a8e3249946c56ac99137f0","isMergeCommit":true,"messageTitle":"Merge branch \u0027master\u0027 of https://github.com/AY2324S1-CS2103T-T10-3/tp To merge the latest version","messageBody":"","fileTypesAndContributionMap":{}},{"hash":"a34fb9585a5c34cf1dbff7300df662f2fa416a16","isMergeCommit":false,"messageTitle":"Add target user proposition","messageBody":"","fileTypesAndContributionMap":{"docs":{"insertions":6,"deletions":6}}}]},{"date":"2023-10-07","commitResults":[{"hash":"9f6b8f0fe8d85a3ea4417dea1e115eb6bb108af1","isMergeCommit":false,"messageTitle":"no message","messageBody":"","fileTypesAndContributionMap":{"docs":{"insertions":1,"deletions":0}}}]}]},"authorFileTypeContributionMap":{"Kailash201":{"docs":29,"functional-code":0,"test-code":0},"coderhuang559":{"docs":27,"functional-code":0,"test-code":0},"ZD292":{"docs":211,"functional-code":0,"test-code":0},"lerxuann":{"docs":84,"functional-code":0,"test-code":0},"nicholastng010601":{"docs":55,"functional-code":335,"test-code":0,"other":22}},"authorContributionVariance":{"Kailash201":617.5294,"coderhuang559":141.85468,"ZD292":3076.3591,"lerxuann":1837.7369,"nicholastng010601":7999.676},"authorDisplayNameMap":{"Kailash201":"CS2103T-T10-3 KAIL..LVAM","coderhuang559":"CS2103T-T10-3 HUAN..IXIN","ZD292":"CS2103T-T10-3 ONG ..DONG","lerxuann":"CS2103T-T10-3 GOH ..XUAN","nicholastng010601":"CS2103T-T10-3 NICH..KANG"}}
