{"authorDailyContributionsMap":{"jonyeokj":[{"date":"2023-09-28","commitResults":[{"hash":"521fb01bbfdd132971726993eadd96b3d9df406c","isMergeCommit":false,"messageTitle":"Update README.md","messageBody":"","fileTypesAndContributionMap":{"docs":{"insertions":284,"deletions":128}}},{"hash":"30fc923d79ddc31d6149cf0b1ab6c53e9c0c1212","isMergeCommit":false,"messageTitle":"Remove whitespace to comply with run-checks.sh","messageBody":"","fileTypesAndContributionMap":{"docs":{"insertions":8,"deletions":8}}}]},{"date":"2023-10-02","commitResults":[{"hash":"a73de72bcede388563f82db1cb8409d2260c5d35","isMergeCommit":true,"messageTitle":"Merge pull request #44 from chiayunrong/yunrong/update-dg","messageBody":"Update appendix section of DeveloperGuide.md","fileTypesAndContributionMap":{}},{"hash":"862127f68bf3e2cc15c026eea5212267c4e7d044","isMergeCommit":true,"messageTitle":"Merge pull request #39 from jonyeokj/README","messageBody":"Update README.md","fileTypesAndContributionMap":{}},{"hash":"2e1a4058362c9e9d3dcae5067d77052f45417f7c","isMergeCommit":false,"messageTitle":"Update DeveloperGuide.md with user stories","messageBody":"","fileTypesAndContributionMap":{"docs":{"insertions":41,"deletions":1}}},{"hash":"12337db3307c24ff460e2619555616951bd482eb","isMergeCommit":false,"messageTitle":"Fix format for CI","messageBody":"","fileTypesAndContributionMap":{"docs":{"insertions":2,"deletions":1}}}]},{"date":"2023-10-03","commitResults":[{"hash":"18508f22f7d6bdb64646456c902b46ab904ca339","isMergeCommit":false,"messageTitle":"Fix CI Again","messageBody":"","fileTypesAndContributionMap":{"docs":{"insertions":2,"deletions":1}}},{"hash":"ad9d56aed666c09e92ec71a2bc82e144a26bfbd5","isMergeCommit":true,"messageTitle":"Merge branch \u0027master\u0027 into UserStories","messageBody":"","fileTypesAndContributionMap":{}},{"hash":"e3532a80b682338a4dd33ea245281d0cf37b665b","isMergeCommit":true,"messageTitle":"Merge pull request #1 from jonyeokj/UserStories","messageBody":"Fix CI with newline EOF","fileTypesAndContributionMap":{}}]},{"date":"2023-10-11","commitResults":[{"hash":"cfb781b402173e67465e7a42e62d8898da1c2cd5","isMergeCommit":false,"messageTitle":"Add Meeting to GUI","messageBody":"","fileTypesAndContributionMap":{"functional-code":{"insertions":514,"deletions":110},"other":{"insertions":0,"deletions":0},"test-code":{"insertions":129,"deletions":102}}},{"hash":"c1bfd6b9eb66e0ca828e5dc578b05d76fdbbac9e","isMergeCommit":false,"messageTitle":"Fix CI","messageBody":"","fileTypesAndContributionMap":{"functional-code":{"insertions":1,"deletions":1}}}]},{"date":"2023-10-12","commitResults":[{"hash":"b1fb6267e234b77f09f892ef128fb31881eceddc","isMergeCommit":false,"messageTitle":"Integrate TypicalContacts and TypicalMeetings into TypicalAddressBook","messageBody":"","fileTypesAndContributionMap":{"functional-code":{"insertions":23,"deletions":11},"other":{"insertions":57,"deletions":2},"test-code":{"insertions":53,"deletions":74}}},{"hash":"9bf4c094a5f78fb0c0e9b956d867c034d2ecf1fc","isMergeCommit":false,"messageTitle":"Handle null cases for contacts and meetings in JSON","messageBody":"","fileTypesAndContributionMap":{"functional-code":{"insertions":9,"deletions":3}}},{"hash":"7d11b445d8ccd8f4e795862f964994085a00387e","isMergeCommit":false,"messageTitle":"Handle null cases for contacts and meetings in JSON, CI Fix","messageBody":"","fileTypesAndContributionMap":{"functional-code":{"insertions":7,"deletions":7}}}]}],"jacobcuison":[{"date":"2023-09-28","commitResults":[{"hash":"56736b63d93f48a45bb8adfc431aa647695b3a2b","isMergeCommit":false,"messageTitle":"Update AboutUs.md","messageBody":"","fileTypesAndContributionMap":{"functional-code":{"insertions":4,"deletions":0},"docs":{"insertions":5,"deletions":5}}},{"hash":"5d371f5467f01adbcd20d1cc940a4655e047ad2c","isMergeCommit":false,"messageTitle":"Delete RemarkCommand files","messageBody":"","fileTypesAndContributionMap":{"functional-code":{"insertions":4,"deletions":4}}},{"hash":"095aa4c5fe7048c7577509dffb3da4a77a81c7ae","isMergeCommit":false,"messageTitle":"Remove reference to RemarkCommand","messageBody":"","fileTypesAndContributionMap":{"functional-code":{"insertions":0,"deletions":4}}}]},{"date":"2023-10-03","commitResults":[{"hash":"007c749a437f3818627be0b80fab928eb15f9235","isMergeCommit":false,"messageTitle":"Update DeveloperGuide.md","messageBody":"","fileTypesAndContributionMap":{"docs":{"insertions":8,"deletions":0}}},{"hash":"f0c537be21fd1b8328b6a986ac1d6cf78f578024","isMergeCommit":false,"messageTitle":"Add skeletal PPP","messageBody":"","fileTypesAndContributionMap":{"docs":{"insertions":35,"deletions":1}}},{"hash":"1ad9d62a3d0571056a6ef2f3e944c8d66b8371bf","isMergeCommit":false,"messageTitle":"Refactor Person into Contact","messageBody":"","fileTypesAndContributionMap":{"functional-code":{"insertions":341,"deletions":341},"other":{"insertions":309,"deletions":309},"test-code":{"insertions":308,"deletions":308}}},{"hash":"5b91d6c3c6c7b4e6962b991d7d1d43890eefe625","isMergeCommit":false,"messageTitle":"Fix style errors","messageBody":"","fileTypesAndContributionMap":{"functional-code":{"insertions":14,"deletions":11},"test-code":{"insertions":21,"deletions":13}}},{"hash":"7a7a2ba6628312b9a04c50dec9d27ca8840ba905","isMergeCommit":false,"messageTitle":"Fix style errors","messageBody":"","fileTypesAndContributionMap":{"functional-code":{"insertions":124,"deletions":124},"other":{"insertions":49,"deletions":49},"test-code":{"insertions":411,"deletions":411}}},{"hash":"330a09b08e40f3e045bf37aeef323ad093c8ab2a","isMergeCommit":false,"messageTitle":"Fix style errors","messageBody":"","fileTypesAndContributionMap":{"functional-code":{"insertions":21,"deletions":21},"test-code":{"insertions":83,"deletions":82}}},{"hash":"b38f4f1a0bffdf01fab89111c17d5419183f3bf7","isMergeCommit":false,"messageTitle":"Rename PersonListCard.fxml and PersonListPanel.fxml","messageBody":"","fileTypesAndContributionMap":{"other":{"insertions":0,"deletions":0}}},{"hash":"23ceb08e5136fcba66437af6fa79a5ed350c5809","isMergeCommit":false,"messageTitle":"Update documentation","messageBody":"","fileTypesAndContributionMap":{"docs":{"insertions":142,"deletions":142}}}]},{"date":"2023-10-04","commitResults":[{"hash":"842bb129dc79b115a6ff69c6592bb35bcdd0a640","isMergeCommit":true,"messageTitle":"Fix merge conflicts","messageBody":"","fileTypesAndContributionMap":{}},{"hash":"446a4feefa5db860ef3b1a8dac5329bfb53516e3","isMergeCommit":true,"messageTitle":"Merge pull request #65 from jacobcuison/refactor-person","messageBody":"Refactor Person into Contact","fileTypesAndContributionMap":{}}]},{"date":"2023-10-05","commitResults":[{"hash":"48219c173d14b8b7a0166939de688d6bf4047fc6","isMergeCommit":true,"messageTitle":"Merge pull request #71 from chiayunrong/yunrong/fix-readme","messageBody":"Fix README and UserGuide","fileTypesAndContributionMap":{}}]},{"date":"2023-10-10","commitResults":[{"hash":"7c0e0ef4bf970cf17cea3154b916c0e24c1ad3de","isMergeCommit":false,"messageTitle":"Update user stories","messageBody":"","fileTypesAndContributionMap":{"docs":{"insertions":23,"deletions":26}}}]}],"s-peiran":[{"date":"2023-10-03","commitResults":[{"hash":"764144546767673ce8a2c98f4ce387b96e68904f","isMergeCommit":true,"messageTitle":"Merge pull request #38 from jacobcuison/branch-AboutUs","messageBody":"Update AboutUs","fileTypesAndContributionMap":{}},{"hash":"99a54f72e778fe59a0a6383317e8b950fc2c26a1","isMergeCommit":false,"messageTitle":"Add peiran info","messageBody":"","fileTypesAndContributionMap":{"docs":{"insertions":297,"deletions":398}}},{"hash":"1971153fb12e268a34258242adb5689f0fba569a","isMergeCommit":true,"messageTitle":"Add peiran info in AboutUs.md, DeveloperGuide.md and skeletal PPP","messageBody":"","fileTypesAndContributionMap":{}},{"hash":"6862dbc8e7047a894369f25104b3f975d12afc2d","isMergeCommit":true,"messageTitle":"Merge pull request #46 from jonyeokj/master","messageBody":"Update DeveloperGuide.md with user stories","fileTypesAndContributionMap":{}},{"hash":"8c71d81f183b8f339c8fc8adfda1b97a17c62ad4","isMergeCommit":true,"messageTitle":"merged jon\u0027s commit","messageBody":"","fileTypesAndContributionMap":{}},{"hash":"e2813ee6c75623226606a572ded66322f2fc94b8","isMergeCommit":true,"messageTitle":"Merge pull request #62 from jacobcuison/branch-AddSkeletalPPP","messageBody":"Add skeletal PPP","fileTypesAndContributionMap":{}},{"hash":"7f5570d1189cfa5b4dd0c247b3a2a5bff9d1654e","isMergeCommit":true,"messageTitle":"Merge pull request #61 from jacobcuison/branch-UpdateDG","messageBody":"Update DeveloperGuide.md","fileTypesAndContributionMap":{}},{"hash":"8f414e3acb2caea943cc176ee810fe6ef8aa4917","isMergeCommit":true,"messageTitle":"merge jacob\u0027s commit","messageBody":"","fileTypesAndContributionMap":{}},{"hash":"55973a4b762abe50962a0c78654f3485700db928","isMergeCommit":true,"messageTitle":"Merge pull request #66 from s-peiran/add-peiran-documentation","messageBody":"Update Developer Guide, Skeletal PPP, AboutUs","fileTypesAndContributionMap":{}}]},{"date":"2023-10-12","commitResults":[{"hash":"3e81f6acd776e196d132c3b3b3cae5d11648c377","isMergeCommit":true,"messageTitle":"Merge pull request #75 from jacobcuison/update-dg","messageBody":"Update user stories","fileTypesAndContributionMap":{}},{"hash":"a7ae56f59c572cc454becf7844d44e9c804dfb16","isMergeCommit":true,"messageTitle":"Merge pull request #77 from jonyeokj/Meetings-GUI","messageBody":"Add Meeting to GUI","fileTypesAndContributionMap":{}}]}],"chiayunrong":[{"date":"2023-09-30","commitResults":[{"hash":"c455c2a70ebb233a1db7a5d4d862a31b5fb282d7","isMergeCommit":false,"messageTitle":"Update AboutUs.md","messageBody":"","fileTypesAndContributionMap":{"docs":{"insertions":7,"deletions":5}}},{"hash":"02560d7ad698930563d6023e8e34af91b002147f","isMergeCommit":false,"messageTitle":"Add skeletal ppp","messageBody":"","fileTypesAndContributionMap":{"docs":{"insertions":35,"deletions":1}}},{"hash":"4386759d7e586b0ff0e131e8dfb3f4ae13b1f3a1","isMergeCommit":true,"messageTitle":"Merge branch \u0027yunrong/update-project-website\u0027 into yunrong/add-skeletal-ppp","messageBody":"","fileTypesAndContributionMap":{}},{"hash":"25b50d56bff35f7c77d301650413242742e5a845","isMergeCommit":true,"messageTitle":"Merge pull request #1 from chiayunrong/yunrong/add-skeletal-ppp","messageBody":"Add skeletal ppp","fileTypesAndContributionMap":{}},{"hash":"09f97610ff8e73dc679f69cc4364bc0143e5c44e","isMergeCommit":false,"messageTitle":"Update appendix section of DeveloperGuide.md","messageBody":"","fileTypesAndContributionMap":{"docs":{"insertions":23,"deletions":22}}}]},{"date":"2023-10-02","commitResults":[{"hash":"30dbd1609df83286f9659656033e406e6ec1eee2","isMergeCommit":true,"messageTitle":"Merge branch \u0027master\u0027 into yunrong/update-project-website","messageBody":"","fileTypesAndContributionMap":{}},{"hash":"bc5ce1b7d011cd9d55a6d8655ff9e4e9ac5ad0c5","isMergeCommit":true,"messageTitle":"Merge pull request #43 from chiayunrong/yunrong/update-project-website","messageBody":"Update AboutUs.md","fileTypesAndContributionMap":{}},{"hash":"3736e7a81b8d4b0e2321ce39fc819e70b1f46ce4","isMergeCommit":false,"messageTitle":"Add PR template","messageBody":"","fileTypesAndContributionMap":{"docs":{"insertions":26,"deletions":0}}}]},{"date":"2023-10-03","commitResults":[{"hash":"a939d0da1fee62ed808b8cf40e23ae97c6473dde","isMergeCommit":true,"messageTitle":"Merge pull request #48 from chiayunrong/yunrong/add-PR-template","messageBody":"Add PR template","fileTypesAndContributionMap":{}}]},{"date":"2023-10-05","commitResults":[{"hash":"afc77fc914b0956c6b4ab19d94e83e3d7a766607","isMergeCommit":false,"messageTitle":"Fix README.md","messageBody":"","fileTypesAndContributionMap":{"docs":{"insertions":15,"deletions":304}}},{"hash":"8971327fbb3acdb8b16a3942eca1f1d0a4aeadbc","isMergeCommit":false,"messageTitle":"Fix UserGuide.md","messageBody":"","fileTypesAndContributionMap":{"docs":{"insertions":219,"deletions":255}}},{"hash":"21b71972892ef082a503c56002a7909487e4ea43","isMergeCommit":false,"messageTitle":"Add support for creating meetings","messageBody":"","fileTypesAndContributionMap":{"functional-code":{"insertions":639,"deletions":0},"test-code":{"insertions":6,"deletions":0}}},{"hash":"956a44c8bb09ca0c6e377c7d8b8372b223d5c102","isMergeCommit":false,"messageTitle":"Add some unit tests","messageBody":"","fileTypesAndContributionMap":{"functional-code":{"insertions":38,"deletions":27},"test-code":{"insertions":492,"deletions":0}}},{"hash":"cdd6eb98ee1547f4ddee8e3abea7e744cde72147","isMergeCommit":false,"messageTitle":"Add remaining unit tests","messageBody":"","fileTypesAndContributionMap":{"functional-code":{"insertions":34,"deletions":1},"test-code":{"insertions":371,"deletions":0}}}]},{"date":"2023-10-07","commitResults":[{"hash":"c0f5a2862b6f75b0255532b38052b20232eb0412","isMergeCommit":true,"messageTitle":"Merge pull request #47 from chiayunrong/yunrong/create-meeting-cards","messageBody":"Add support for creating meetings","fileTypesAndContributionMap":{}}]}]},"authorFileTypeContributionMap":{"jonyeokj":{"docs":49,"functional-code":518,"test-code":233},"jacobcuison":{"docs":165,"functional-code":518,"test-code":839},"s-peiran":{"docs":160,"functional-code":0,"test-code":0},"chiayunrong":{"docs":319,"functional-code":578,"test-code":730}},"authorContributionVariance":{"jonyeokj":41021.77,"jacobcuison":612383.25,"s-peiran":21905.89,"chiayunrong":260558.38},"authorDisplayNameMap":{"jonyeokj":"CS2103-W14-2 JONA.. JIE","jacobcuison":"CS2103-W14-2 CUIS..AANO","s-peiran":"CS2103-W14-2 SHE ..IRAN","chiayunrong":"CS2103-W14-2 CHIA..RONG"}}
