{"authorDailyContributionsMap":{"LINCHENYU2030S":[{"date":"2023-09-27","commitResults":[{"hash":"54fb6cac4ccfbf7d9219061e91aa51effd45b924","isMergeCommit":false,"messageTitle":"Update AboutUs.md","messageBody":"","fileTypesAndContributionMap":{"docs":{"insertions":4,"deletions":3}}},{"hash":"141e7dd2e880d1147b50ab0ce817deb90f464550","isMergeCommit":true,"messageTitle":"Merge pull request #1 from LINCHENYU2030S/branch-UpdateProjectWebsite","messageBody":"Branch update project website","fileTypesAndContributionMap":{}},{"hash":"5c166be07903d34d836cc570455ff483af27d8ab","isMergeCommit":true,"messageTitle":"Merge pull request #66 from LINCHENYU2030S/master","messageBody":"Update Project Website","fileTypesAndContributionMap":{}},{"hash":"6f7f66c1da80642984cb57cb5478477768e6d21b","isMergeCommit":false,"messageTitle":"Update UserGuide.md","messageBody":"","fileTypesAndContributionMap":{"docs":{"insertions":21,"deletions":12}}},{"hash":"118b6b14cc94283a2f8dbe69c2b5319d2be86ea7","isMergeCommit":true,"messageTitle":"Merge pull request #67 from LINCHENYU2030S/branch-UpdateUserGuide","messageBody":"Update UserGuide.md","fileTypesAndContributionMap":{}},{"hash":"e0d82d0719f3435029f0910028d7195cdf21dd15","isMergeCommit":true,"messageTitle":"Merge pull request #68 from AY2324S1-CS2103T-W13-2/branch-UpdateUserGuide","messageBody":"Branch update user guide","fileTypesAndContributionMap":{}},{"hash":"388d988d2297b0d08009c934d774ed91896907c2","isMergeCommit":false,"messageTitle":"Create linchenyu2030s.md","messageBody":"","fileTypesAndContributionMap":{"docs":{"insertions":35,"deletions":0}}},{"hash":"b3cfed3adba5a346adb649d618e431699bfa8377","isMergeCommit":true,"messageTitle":"Merge pull request #2 from LINCHENYU2030S/branch-UpdateUserGuide","messageBody":"Update UserGuide.md","fileTypesAndContributionMap":{}},{"hash":"d72769cc9375fb39688e4fce0e03ecec2aa6ba68","isMergeCommit":true,"messageTitle":"Merge pull request #69 from LINCHENYU2030S/add-chenyu-PPP","messageBody":"Create linchenyu2030s.md","fileTypesAndContributionMap":{}},{"hash":"8784092afcfbae7cb34fe61c9375819c2ca5384d","isMergeCommit":true,"messageTitle":"Merge pull request #3 from LINCHENYU2030S/add-chenyu-PPP","messageBody":"Create linchenyu2030s.md","fileTypesAndContributionMap":{}},{"hash":"d457704733668ba66db75431a2b7f12b884eee5a","isMergeCommit":true,"messageTitle":"Merge pull request #70 from AY2324S1-CS2103T-W13-2/add-chenyu-PPP","messageBody":"Add chenyu ppp","fileTypesAndContributionMap":{}},{"hash":"54cc4bc5932bc3540c73d6e0e762af83bbd5b56a","isMergeCommit":false,"messageTitle":"Update DeveloperGuide.md","messageBody":"","fileTypesAndContributionMap":{"docs":{"insertions":35,"deletions":7}}},{"hash":"1d543a2afa01d606ec9e0226a4df84d5b0cad654","isMergeCommit":false,"messageTitle":"Update DeveloperGuide.md","messageBody":"","fileTypesAndContributionMap":{"docs":{"insertions":1,"deletions":1}}},{"hash":"d7ad57aa2fda298d364d51dd69ae1a1cfbb8f810","isMergeCommit":true,"messageTitle":"Merge pull request #71 from LINCHENYU2030S/branch-UpdateDeveloperGuide","messageBody":"Branch update developer guide","fileTypesAndContributionMap":{}},{"hash":"39574d0799d7cbd77cff9846246875aa9b205443","isMergeCommit":true,"messageTitle":"Merge pull request #72 from AY2324S1-CS2103T-W13-2/branch-UpdateDeveloperGuide","messageBody":"update user stories, glossary and non functional requirements in developer guide","fileTypesAndContributionMap":{}}]},{"date":"2023-10-13","commitResults":[{"hash":"41fa4cbf0923d2209de3e09d97f359346be9fbee","isMergeCommit":true,"messageTitle":"Merge branch \u0027pr/79\u0027","messageBody":"","fileTypesAndContributionMap":{}},{"hash":"4121d60aa4d204a20817a748c67fe15d1259653b","isMergeCommit":false,"messageTitle":"Merge PR79","messageBody":"merge pr79(update search feature) to master\n","fileTypesAndContributionMap":{"functional-code":{"insertions":2,"deletions":2}}}]},{"date":"2023-10-14","commitResults":[{"hash":"03fe70dcbde3dd5e3070fdc65c30df593f698dd0","isMergeCommit":false,"messageTitle":"update edit feature","messageBody":"","fileTypesAndContributionMap":{"functional-code":{"insertions":100,"deletions":20},"docs":{"insertions":8,"deletions":19}}}]},{"date":"2023-10-15","commitResults":[{"hash":"9f4df5e09bc78e8184afe06c9cfe7ed4938a16d1","isMergeCommit":false,"messageTitle":"resolve CI failure","messageBody":"","fileTypesAndContributionMap":{"functional-code":{"insertions":23,"deletions":11},"test-code":{"insertions":15,"deletions":2}}},{"hash":"344e7a31fa661f8a1ceb667e0bb880a43b5a91f4","isMergeCommit":false,"messageTitle":"writing more test case for updating edit","messageBody":"","fileTypesAndContributionMap":{"test-code":{"insertions":16,"deletions":1}}},{"hash":"e2c8f2142e85b65a8e356923fa451aaf8d6d257b","isMergeCommit":false,"messageTitle":"adding more test cases","messageBody":"","fileTypesAndContributionMap":{"functional-code":{"insertions":3,"deletions":2},"test-code":{"insertions":39,"deletions":2}}},{"hash":"2eab1d87e4ee476a014858abd6400989ab7d1d19","isMergeCommit":false,"messageTitle":"resolve CI failure","messageBody":"","fileTypesAndContributionMap":{"functional-code":{"insertions":2,"deletions":2},"test-code":{"insertions":4,"deletions":4}}}]},{"date":"2023-10-17","commitResults":[{"hash":"3006d9a98ceaaea930582158ea778f19146c43c5","isMergeCommit":true,"messageTitle":"Merge pull request #93 from laurenlim2112/branch-filter-feature","messageBody":"Add filter feature","fileTypesAndContributionMap":{}}]}],"ChuanXinNg":[{"date":"2023-09-27","commitResults":[{"hash":"8e8aab1cb3748bf3cf1d728d5450e1c9ce90c56f","isMergeCommit":false,"messageTitle":"Updated AboutUs and added PPP","messageBody":"","fileTypesAndContributionMap":{"docs":{"insertions":39,"deletions":4}}}]},{"date":"2023-10-03","commitResults":[{"hash":"a4428ada4e2c7e42e232cb02996511c71dfb091c","isMergeCommit":false,"messageTitle":"User guide group","messageBody":"","fileTypesAndContributionMap":{"docs":{"insertions":27,"deletions":61}}},{"hash":"600bada60b68b9935e97bacd6889e1a2f5ba4360","isMergeCommit":false,"messageTitle":"User Guide 1.1","messageBody":"","fileTypesAndContributionMap":{"docs":{"insertions":26,"deletions":22}}}]},{"date":"2023-10-08","commitResults":[{"hash":"61c9b4f0d9a2063e311f7cb8b46e953ade3a60d2","isMergeCommit":false,"messageTitle":"delete by name, test not done","messageBody":"","fileTypesAndContributionMap":{"functional-code":{"insertions":21,"deletions":16}}}]},{"date":"2023-10-10","commitResults":[{"hash":"f08446865b1c66b6a6cbb766e65b28dc188008c0","isMergeCommit":false,"messageTitle":"Delete command","messageBody":"","fileTypesAndContributionMap":{"functional-code":{"insertions":15,"deletions":14},"test-code":{"insertions":35,"deletions":31}}}]},{"date":"2023-10-12","commitResults":[{"hash":"de893334c75dcdbb987e90abb6b35aa13b10b3f3","isMergeCommit":false,"messageTitle":"Fixed styling","messageBody":"","fileTypesAndContributionMap":{"functional-code":{"insertions":3,"deletions":1},"test-code":{"insertions":2,"deletions":17}}}]},{"date":"2023-10-14","commitResults":[{"hash":"b1afeec6956b849c1eb685ff0eb50f84bd901f95","isMergeCommit":true,"messageTitle":"Merge pull request #88 from TiwKangXu/branch-update-insert","messageBody":"Checkpoint for Milestone 1.2","fileTypesAndContributionMap":{}},{"hash":"489cc08648b35b20d2b03f89f23b24675cd3feb6","isMergeCommit":true,"messageTitle":"Settled merged conflict","messageBody":"","fileTypesAndContributionMap":{}},{"hash":"a40fa6316361ef06ebea29616a66ee6ab53aaad3","isMergeCommit":false,"messageTitle":"edited docs","messageBody":"","fileTypesAndContributionMap":{"docs":{"insertions":9,"deletions":11}}},{"hash":"1df8d2158104a600af09c65b94ff1900f0e4e992","isMergeCommit":false,"messageTitle":"edited test","messageBody":"","fileTypesAndContributionMap":{"test-code":{"insertions":3,"deletions":2}}},{"hash":"862f3d4d57cc25c564a8116736b74e935c0067eb","isMergeCommit":false,"messageTitle":"edited test","messageBody":"","fileTypesAndContributionMap":{"test-code":{"insertions":0,"deletions":1}}},{"hash":"21efa91516cbec1ae546b35662cc6b81d6d04d1f","isMergeCommit":false,"messageTitle":"edited test","messageBody":"","fileTypesAndContributionMap":{"functional-code":{"insertions":1,"deletions":1}}}]},{"date":"2023-10-15","commitResults":[{"hash":"db6cb68ae51eae6f7e60ba66b75e67f125ac3427","isMergeCommit":true,"messageTitle":"Merge pull request #92 from LINCHENYU2030S/branch-update-edit-feature","messageBody":"Branch update edit feature","fileTypesAndContributionMap":{}}]},{"date":"2023-10-16","commitResults":[{"hash":"45e3f40f6d3b724b02f5eb99ce9d052c80e9abfd","isMergeCommit":false,"messageTitle":"Delete name or index","messageBody":"","fileTypesAndContributionMap":{"functional-code":{"insertions":51,"deletions":21},"docs":{"insertions":7,"deletions":6},"test-code":{"insertions":96,"deletions":5}}}]},{"date":"2023-10-17","commitResults":[{"hash":"5e3535f20f5c706ed3765cbe24c4520bb8f35931","isMergeCommit":false,"messageTitle":"import v1","messageBody":"","fileTypesAndContributionMap":{"functional-code":{"insertions":221,"deletions":0}}},{"hash":"84a3cad7bbda92f782bdd84617dd49e9e501203a","isMergeCommit":false,"messageTitle":"import v1 with test","messageBody":"","fileTypesAndContributionMap":{"functional-code":{"insertions":44,"deletions":68},"docs":{"insertions":1,"deletions":0},"test-code":{"insertions":296,"deletions":0}}},{"hash":"bb20cb3cf7570ccb1e5a14dc2b47cc0a6eb0033e","isMergeCommit":true,"messageTitle":"Merge branch \u0027master\u0027 into branch-ImportData","messageBody":"","fileTypesAndContributionMap":{}},{"hash":"acaf8cfb906df41c8faf78f50ba7f6f507537116","isMergeCommit":false,"messageTitle":"change \\\\ to / in file path","messageBody":"","fileTypesAndContributionMap":{"test-code":{"insertions":4,"deletions":4}}}]},{"date":"2023-10-18","commitResults":[{"hash":"11d2c3bfb43cb118ddcf1ce37131a96bc56416da","isMergeCommit":false,"messageTitle":"csv","messageBody":"","fileTypesAndContributionMap":{"functional-code":{"insertions":1,"deletions":1},"test-code":{"insertions":4,"deletions":4}}},{"hash":"596be20183240267b01c0d877e9f8a323bc05098","isMergeCommit":false,"messageTitle":"added constant and new test","messageBody":"","fileTypesAndContributionMap":{"functional-code":{"insertions":24,"deletions":9},"test-code":{"insertions":19,"deletions":2}}}]}],"laurenlim2112":[{"date":"2023-09-25","commitResults":[{"hash":"18eade102aba2788dc9dd523d7da5731194f946b","isMergeCommit":false,"messageTitle":"Update search feature in UG","messageBody":"","fileTypesAndContributionMap":{"docs":{"insertions":9,"deletions":11}}},{"hash":"13b0072095bf17d97537125814a5575884defe34","isMergeCommit":true,"messageTitle":"Merge pull request #49 from laurenlim2112/update-ug-search","messageBody":"Update UG Search","fileTypesAndContributionMap":{}},{"hash":"a46de0186bb43bb3b42d7c2801560a3e7221c973","isMergeCommit":false,"messageTitle":"Update site configs","messageBody":"","fileTypesAndContributionMap":{"docs":{"insertions":1,"deletions":1}}},{"hash":"241da7bbb7fb9b5dca3b661ab8b27ad4db08f78b","isMergeCommit":true,"messageTitle":"Merge pull request #51 from laurenlim2112/update-site-configs","messageBody":"Update site configs (MarketMetrics Master -\u003e Tutorium)","fileTypesAndContributionMap":{}},{"hash":"053af73ecd0a4f8dda7cb32d76877cc527fc0def","isMergeCommit":false,"messageTitle":"Update contents of README page","messageBody":"","fileTypesAndContributionMap":{"docs":{"insertions":6,"deletions":9}}},{"hash":"2ed059f013a4c6a98600218d7b32a5808646e6b0","isMergeCommit":false,"messageTitle":"Update README.md","messageBody":"","fileTypesAndContributionMap":{"docs":{"insertions":2,"deletions":2}}},{"hash":"56f406d600e121f4921fe2a257b3ae7ab658a2ed","isMergeCommit":true,"messageTitle":"Merge pull request #52 from laurenlim2112/update-readme-contents","messageBody":"Update contents of README page","fileTypesAndContributionMap":{}},{"hash":"af24d0281cfacd82bf499a3834dd2b1826263209","isMergeCommit":false,"messageTitle":"Add Lauren\u0027s PPP","messageBody":"","fileTypesAndContributionMap":{"docs":{"insertions":33,"deletions":0}}},{"hash":"312e897cb28c234785308f7a7ef39e62a3b8eadb","isMergeCommit":true,"messageTitle":"Merge pull request #53 from laurenlim2112/add-lauren-PPP","messageBody":"Add Lauren\u0027s PPP","fileTypesAndContributionMap":{}},{"hash":"5e2096e9963d92b2c09e9013120cf0abcf6b0fd5","isMergeCommit":false,"messageTitle":"Update AboutUs page","messageBody":"","fileTypesAndContributionMap":{"docs":{"insertions":14,"deletions":13}}},{"hash":"ebd9c3dc5b81e34455e3200275ad8bdefa08e8ec","isMergeCommit":true,"messageTitle":"Merge pull request #55 from laurenlim2112/update-about-us","messageBody":"Update AboutUs page","fileTypesAndContributionMap":{}}]},{"date":"2023-09-27","commitResults":[{"hash":"aa8dc9ab8c8f1f00daac4e78f42b5fc87857d1d2","isMergeCommit":true,"messageTitle":"Merge pull request #73 from ChuanXinNg/branch-UpdateAboutUsAndPPP","messageBody":"Updated AboutUs and added PPP","fileTypesAndContributionMap":{}}]},{"date":"2023-10-01","commitResults":[{"hash":"cb77fdc65261230fa12cb369333c006c3b4030dc","isMergeCommit":false,"messageTitle":"Update DeveloperGuide.md","messageBody":"","fileTypesAndContributionMap":{"docs":{"insertions":6,"deletions":4}}}]},{"date":"2023-10-03","commitResults":[{"hash":"7b973790bb0509e3d2e41ab22ae899a78387a2ea","isMergeCommit":true,"messageTitle":"Merge pull request #78 from ChuanXinNg/branch-UserGuide","messageBody":"Branch user guide","fileTypesAndContributionMap":{}}]},{"date":"2023-10-07","commitResults":[{"hash":"e6bd4eba3aa221bac70514f565958627ac2559fd","isMergeCommit":false,"messageTitle":"Update search feature","messageBody":"","fileTypesAndContributionMap":{"functional-code":{"insertions":4,"deletions":4},"other":{"insertions":34,"deletions":34},"docs":{"insertions":1,"deletions":1},"test-code":{"insertions":12,"deletions":8}}}]},{"date":"2023-10-08","commitResults":[{"hash":"a836d291fe952f4872e54e610e0630df8d024830","isMergeCommit":false,"messageTitle":"Update search feature to use 1 keyword","messageBody":"","fileTypesAndContributionMap":{"functional-code":{"insertions":48,"deletions":59},"test-code":{"insertions":134,"deletions":137}}},{"hash":"d468552714ffae6edaecb9e75270b60e3949bf69","isMergeCommit":false,"messageTitle":"Fix trailing whitespace issues in documentation","messageBody":"","fileTypesAndContributionMap":{"other":{"insertions":1,"deletions":1},"docs":{"insertions":58,"deletions":58}}}]},{"date":"2023-10-16","commitResults":[{"hash":"0e2d20308a29e7d5ed449b76553864aeb0886abc","isMergeCommit":false,"messageTitle":"Add filter feature","messageBody":"","fileTypesAndContributionMap":{"functional-code":{"insertions":550,"deletions":14},"test-code":{"insertions":624,"deletions":2}}},{"hash":"38f4925ed132792f77c0a44c9b71a83c62b0bff8","isMergeCommit":false,"messageTitle":"Update UG with filter command","messageBody":"","fileTypesAndContributionMap":{"docs":{"insertions":11,"deletions":15}}}]}],"KamJiaYue":[{"date":"2023-09-29","commitResults":[{"hash":"644fb696fc7487292d40a530ca3d76d2341c1abd","isMergeCommit":false,"messageTitle":"Update GitHub Actions build status badge","messageBody":"","fileTypesAndContributionMap":{"docs":{"insertions":38,"deletions":5}}},{"hash":"b9b0a01ef3056d2b3f2d49ba0424b9639170c000","isMergeCommit":true,"messageTitle":"Merge pull request #75 from KamJiaYue/branch-jiayue-v1.1","messageBody":"Update GitHub Actions build status badge","fileTypesAndContributionMap":{}},{"hash":"63f601b4ec8ce43f631fedc7baa6be99214560f6","isMergeCommit":false,"messageTitle":"Update UG","messageBody":"","fileTypesAndContributionMap":{"other":{"insertions":213,"deletions":0}}},{"hash":"7cbba33102d7852a4cb91f67ede14979f8d60960","isMergeCommit":true,"messageTitle":"Merge pull request #76 from KamJiaYue/master","messageBody":"Update UG","fileTypesAndContributionMap":{}}]},{"date":"2023-10-01","commitResults":[{"hash":"edde7d62b35d9782b9b737f5e0b6caab09c92439","isMergeCommit":false,"messageTitle":"Test markbind","messageBody":"","fileTypesAndContributionMap":{"docs":{"insertions":5,"deletions":5}}},{"hash":"272a7090e339c53615ffe3efed3b8725f11468ae","isMergeCommit":true,"messageTitle":"Merge pull request #77 from KamJiaYue/branch-markbind","messageBody":"Test markbind","fileTypesAndContributionMap":{}}]},{"date":"2023-10-09","commitResults":[{"hash":"9b956b137a40f03a6fdde0b6a40f854ed65486af","isMergeCommit":false,"messageTitle":"Add student attributes","messageBody":"","fileTypesAndContributionMap":{"functional-code":{"insertions":671,"deletions":436},"other":{"insertions":26,"deletions":26},"docs":{"insertions":44,"deletions":44},"test-code":{"insertions":196,"deletions":196}}},{"hash":"9e01cfaf07a721fbb4aee4f791c914edeb4b1c01","isMergeCommit":false,"messageTitle":"v1.1","messageBody":"","fileTypesAndContributionMap":{"functional-code":{"insertions":1,"deletions":0}}},{"hash":"3a753d7854bae3cbcc0f944d18ca4ae344821df7","isMergeCommit":false,"messageTitle":"Update site wide settings","messageBody":"","fileTypesAndContributionMap":{"functional-code":{"insertions":0,"deletions":1}}},{"hash":"f55d92bce72c549f401afb44162024d561a2d79b","isMergeCommit":true,"messageTitle":"Merge pull request #80 from KamJiaYue/43-update-site-wide-settings","messageBody":"Update site wide settings","fileTypesAndContributionMap":{}},{"hash":"918e22d9ba690767fb07517e266851c859f7e568","isMergeCommit":true,"messageTitle":"Merge branch \u0027master\u0027 of https://github.com/AY2324S1-CS2103T-W13-2/tp into branch-Update-Student-Attributes","messageBody":"","fileTypesAndContributionMap":{}},{"hash":"bbb64822384ef583b491b946496c5c1c99342741","isMergeCommit":false,"messageTitle":"Fix white space issues","messageBody":"","fileTypesAndContributionMap":{"other":{"insertions":1,"deletions":1},"docs":{"insertions":61,"deletions":60}}},{"hash":"0b94f697ddcd30d2d29291707c00766a459188e2","isMergeCommit":false,"messageTitle":"Fix white space issues 2","messageBody":"","fileTypesAndContributionMap":{"docs":{"insertions":0,"deletions":1}}}]},{"date":"2023-10-12","commitResults":[{"hash":"12df686458339ad0ad3be059a89fc06501c481a9","isMergeCommit":false,"messageTitle":"Update student attribute v2","messageBody":"","fileTypesAndContributionMap":{"functional-code":{"insertions":338,"deletions":54},"test-code":{"insertions":25,"deletions":12}}},{"hash":"fe4d9fcd3dc8dbcfdd4a56b62deff5c1d48ff17e","isMergeCommit":false,"messageTitle":"Check style","messageBody":"","fileTypesAndContributionMap":{"functional-code":{"insertions":50,"deletions":31},"test-code":{"insertions":40,"deletions":21}}}]},{"date":"2023-10-13","commitResults":[{"hash":"6f6cdfab692ff93c25861938a6ae042a6a296f02","isMergeCommit":true,"messageTitle":"Merge pull request #82 from KamJiaYue/branch-Update-Student-Attributes","messageBody":"Add student attributes","fileTypesAndContributionMap":{}}]},{"date":"2023-10-14","commitResults":[{"hash":"d64e84b595eeeda4b5d02c99a48eaf7e3afa3ce7","isMergeCommit":false,"messageTitle":"Update all test files","messageBody":"","fileTypesAndContributionMap":{"functional-code":{"insertions":36,"deletions":32},"test-code":{"insertions":377,"deletions":104}}},{"hash":"212e7fc19a2ac3ed9b58a52f70db8e3ceb671960","isMergeCommit":false,"messageTitle":"Check style","messageBody":"","fileTypesAndContributionMap":{"functional-code":{"insertions":7,"deletions":7},"test-code":{"insertions":14,"deletions":13}}}]},{"date":"2023-10-19","commitResults":[{"hash":"a4ed67c170558900fb39e75a65023f5967242b4b","isMergeCommit":true,"messageTitle":"Merge pull request #98 from TiwKangXu/branch-update-sort","messageBody":"Branch update sort","fileTypesAndContributionMap":{}}]}],"TiwKangXu":[{"date":"2023-09-25","commitResults":[{"hash":"a799705a10735b210db9b24c54716a62632f784e","isMergeCommit":false,"messageTitle":"Add a new Command","messageBody":"","fileTypesAndContributionMap":{"functional-code":{"insertions":100,"deletions":0},"test-code":{"insertions":4,"deletions":0}}},{"hash":"85855d61ba94fc8c300325b00f32c57e703704ee","isMergeCommit":false,"messageTitle":"Add a new Command","messageBody":"","fileTypesAndContributionMap":{"functional-code":{"insertions":179,"deletions":99},"test-code":{"insertions":155,"deletions":22}}}]},{"date":"2023-09-26","commitResults":[{"hash":"ee2af1573ee8113d0b1dd8f370c1fb56adc868e1","isMergeCommit":true,"messageTitle":"Merge branch \u0027AY2324S1-CS2103T-W13-2:master\u0027 into master","messageBody":"","fileTypesAndContributionMap":{}},{"hash":"2a1725c9ff616738a8f0ea02596fd066ce0f351a","isMergeCommit":false,"messageTitle":"Add TiwKangXu\u0027s PPP","messageBody":"","fileTypesAndContributionMap":{"docs":{"insertions":33,"deletions":0}}},{"hash":"5e5aa3f300f05c8fb5b85598567d68e9ddc391a5","isMergeCommit":true,"messageTitle":"Merge branch \u0027branch-add-tiwkangxu-ppp\u0027","messageBody":"","fileTypesAndContributionMap":{}},{"hash":"156255cee79a297cde6b01281942b8a941f95341","isMergeCommit":false,"messageTitle":"Update TiwKangXu\u0027s PPP","messageBody":"","fileTypesAndContributionMap":{"docs":{"insertions":1,"deletions":1}}},{"hash":"6532931a97c0541fec4c3b6fd76c2d36732df07e","isMergeCommit":true,"messageTitle":"Merge branch \u0027branch-add-tiwkangxu-ppp\u0027","messageBody":"","fileTypesAndContributionMap":{}},{"hash":"39b6285547cfd00a75c61741845840492b8b8700","isMergeCommit":true,"messageTitle":"Merge pull request #58 from TiwKangXu/master","messageBody":"Add Tiw Kang Xu\u0027s PPP","fileTypesAndContributionMap":{}},{"hash":"6c8f137086e7ae39d74f0afd4adc602968e28895","isMergeCommit":false,"messageTitle":"Revert \"Add Tiw Kang Xu\u0027s PPP\"","messageBody":"","fileTypesAndContributionMap":{"functional-code":{"insertions":40,"deletions":220},"docs":{"insertions":0,"deletions":33},"test-code":{"insertions":20,"deletions":157}}},{"hash":"f65bb882060ae5768f2730ebab67ee5bb3fd495b","isMergeCommit":true,"messageTitle":"Merge pull request #60 from AY2324S1-CS2103T-W13-2/revert-58-master","messageBody":"Revert \"Add Tiw Kang Xu\u0027s PPP\"","fileTypesAndContributionMap":{}},{"hash":"7809cd60883541374f64c4318ddf316f72fb613f","isMergeCommit":false,"messageTitle":"Update Tiw Kang Xu PPP","messageBody":"","fileTypesAndContributionMap":{"docs":{"insertions":33,"deletions":0}}},{"hash":"eac53bf0a60db9a011467503a8aadb1a07c54a53","isMergeCommit":true,"messageTitle":"Merge pull request #61 from TiwKangXu/master","messageBody":"Update Tiw Kang Xu PPP","fileTypesAndContributionMap":{}},{"hash":"8662677607136f2bbb3e6eefe703a7cf06eb8473","isMergeCommit":false,"messageTitle":"Update AboutUs page","messageBody":"","fileTypesAndContributionMap":{"docs":{"insertions":4,"deletions":5}}},{"hash":"7ec59c9ad6b891a47db3a6ad342ead39ee602bc3","isMergeCommit":true,"messageTitle":"Merge pull request #62 from TiwKangXu/update-about-us","messageBody":"Update AboutUs page","fileTypesAndContributionMap":{}},{"hash":"0a5087f559bb57e96853b36dc3c6587435b3e467","isMergeCommit":false,"messageTitle":"Update UG Delete","messageBody":"","fileTypesAndContributionMap":{"docs":{"insertions":14,"deletions":11}}},{"hash":"406bcdfc0d5927d000da829303eb35da63fe0156","isMergeCommit":false,"messageTitle":"Update Use Cases","messageBody":"","fileTypesAndContributionMap":{"docs":{"insertions":186,"deletions":12}}},{"hash":"eacc9c3e167692aa670af343bf2bb9edec52f949","isMergeCommit":true,"messageTitle":"Merge pull request #63 from TiwKangXu/update-ug-delete","messageBody":"Update ug delete","fileTypesAndContributionMap":{}},{"hash":"0a8bd1c1bef06bd99338fed8138f79bbe3a08152","isMergeCommit":true,"messageTitle":"Merge branch \u0027master\u0027 into update-use-case","messageBody":"","fileTypesAndContributionMap":{}},{"hash":"ad6999f7a05a3f0e409969e6d65d2e9effa99480","isMergeCommit":true,"messageTitle":"Merge pull request #64 from TiwKangXu/update-use-case","messageBody":"Update Use Cases","fileTypesAndContributionMap":{}},{"hash":"7cdddb2a49c62eba4f80a2c191a5ff221cf4d72d","isMergeCommit":true,"messageTitle":"Merge branch \u0027update-use-case\u0027","messageBody":"","fileTypesAndContributionMap":{}},{"hash":"7608577110e74c63aae7e0463f08e1fda3e09f95","isMergeCommit":true,"messageTitle":"Merge branch \u0027master\u0027 of https://github.com/TiwKangXu/tp","messageBody":"","fileTypesAndContributionMap":{}}]},{"date":"2023-10-05","commitResults":[{"hash":"5fa823aa496e0dc33c0103812d402f2970e19d8c","isMergeCommit":true,"messageTitle":"Merge branch \u0027AY2324S1-CS2103T-W13-2:master\u0027 into master","messageBody":"","fileTypesAndContributionMap":{}}]},{"date":"2023-10-12","commitResults":[{"hash":"adff3504b661f96380170761bc654af63dd634e9","isMergeCommit":true,"messageTitle":"Merge branch \u0027master\u0027 of https://github.com/TiwKangXu/tp","messageBody":"","fileTypesAndContributionMap":{}},{"hash":"a10b4d752083ac8b64915000f4a676e6056b3423","isMergeCommit":false,"messageTitle":"Update insert feature","messageBody":"","fileTypesAndContributionMap":{"functional-code":{"insertions":9,"deletions":1}}},{"hash":"9d3b7ca3863712e562142c37399e95469455c5e5","isMergeCommit":false,"messageTitle":"Update insert feature","messageBody":"","fileTypesAndContributionMap":{"other":{"insertions":1,"deletions":1},"docs":{"insertions":60,"deletions":60}}},{"hash":"f335f6282482c92065933642a2ffeab3e1565ff4","isMergeCommit":false,"messageTitle":"Update insert feature","messageBody":"","fileTypesAndContributionMap":{"functional-code":{"insertions":4,"deletions":4}}},{"hash":"e7013348514b11fbaf34766472c4999378cc9ec9","isMergeCommit":false,"messageTitle":"Update insert feature","messageBody":"","fileTypesAndContributionMap":{"functional-code":{"insertions":0,"deletions":3}}}]},{"date":"2023-10-14","commitResults":[{"hash":"b43f11d84e5d0c0f018a2b590c965b0e378d634f","isMergeCommit":true,"messageTitle":"Merge pull request #87 from KamJiaYue/branch-Update-Student-Attributes","messageBody":"Update all test files","fileTypesAndContributionMap":{}},{"hash":"db06afa52e2581d2148915e83f15cde549feccfc","isMergeCommit":true,"messageTitle":"Merge branch \u0027master\u0027 of https://github.com/TiwKangXu/tp","messageBody":"","fileTypesAndContributionMap":{}},{"hash":"9ab97590ca9fe2d3c2fde4053b0927eab9daef4d","isMergeCommit":true,"messageTitle":"Merge branch \u0027master\u0027 into branch-update-insert","messageBody":"","fileTypesAndContributionMap":{}},{"hash":"77ef68a12bf31570bf8ebaf56ffe65a14ffde4c6","isMergeCommit":false,"messageTitle":"Checkpoint for Milestone 1.2 changes","messageBody":"","fileTypesAndContributionMap":{"functional-code":{"insertions":1,"deletions":0}}},{"hash":"3695017ea727d49ef5255d1cd92d720ee088efd8","isMergeCommit":false,"messageTitle":"Add Sort Command, CommandParser","messageBody":"","fileTypesAndContributionMap":{"functional-code":{"insertions":263,"deletions":18}}},{"hash":"dee1f1004cdee8df240193246f57bd051488b2aa","isMergeCommit":false,"messageTitle":"Complete sort. Unsuccessful attempt commented out.","messageBody":"","fileTypesAndContributionMap":{"functional-code":{"insertions":70,"deletions":14}}},{"hash":"fd1f69d250c6eb4ab8845c0043f1b4bb120a6e9a","isMergeCommit":false,"messageTitle":"Fix checkstyle","messageBody":"","fileTypesAndContributionMap":{"functional-code":{"insertions":33,"deletions":66}}},{"hash":"3cfa92ec26cf3875f2b86f80fd79ed37102e78ae","isMergeCommit":false,"messageTitle":"Update checkstyle","messageBody":"","fileTypesAndContributionMap":{"test-code":{"insertions":6,"deletions":0}}},{"hash":"80282c2f79ff74bc3e590da6bbddfee9eace4b38","isMergeCommit":false,"messageTitle":"Add SortCommandTest","messageBody":"","fileTypesAndContributionMap":{"functional-code":{"insertions":1,"deletions":2},"test-code":{"insertions":147,"deletions":0}}},{"hash":"42851e303756d00790eabe2755555f235d592a0e","isMergeCommit":false,"messageTitle":"Update sort test","messageBody":"","fileTypesAndContributionMap":{"test-code":{"insertions":41,"deletions":1}}},{"hash":"7a16e3ff81c34c3b3079e3b222e11784a1e4ba8b","isMergeCommit":false,"messageTitle":"Update checkstyle","messageBody":"","fileTypesAndContributionMap":{"test-code":{"insertions":13,"deletions":15}}},{"hash":"e7dd52dd6b709fe7b1fa04604c76a42798219b66","isMergeCommit":false,"messageTitle":"Update sort test","messageBody":"","fileTypesAndContributionMap":{"functional-code":{"insertions":0,"deletions":59},"test-code":{"insertions":42,"deletions":8}}},{"hash":"2056cae6af0a8b10b032895e668328eaba8db21f","isMergeCommit":false,"messageTitle":"Update sort checkstyle","messageBody":"","fileTypesAndContributionMap":{"test-code":{"insertions":15,"deletions":15}}}]},{"date":"2023-10-15","commitResults":[{"hash":"73fb8500df4d8704f6db9620643f581f4afb3ec3","isMergeCommit":false,"messageTitle":"Update sort test","messageBody":"","fileTypesAndContributionMap":{"test-code":{"insertions":58,"deletions":0}}},{"hash":"23383bfdf26a1704a100e4589677f052ab1afcef","isMergeCommit":true,"messageTitle":"Merge branch \u0027master\u0027 into branch-Update-Delete","messageBody":"","fileTypesAndContributionMap":{}},{"hash":"4744ad6ce426ec180af1d244de9b7ae659a775ef","isMergeCommit":true,"messageTitle":"Merge pull request #84 from ChuanXinNg/branch-Update-Delete","messageBody":"Update delete feature","fileTypesAndContributionMap":{}}]},{"date":"2023-10-17","commitResults":[{"hash":"c361a23b23935cfdcbde970c1abc6322611f99c5","isMergeCommit":true,"messageTitle":"Merge pull request #95 from ChuanXinNg/branch-ImproveDelete","messageBody":"Delete name or index","fileTypesAndContributionMap":{}}]},{"date":"2023-10-19","commitResults":[{"hash":"f1eff9da914cde73a5a17a8ca45b44d4d5310068","isMergeCommit":true,"messageTitle":"Merge pull request #96 from ChuanXinNg/branch-ImportData","messageBody":"import","fileTypesAndContributionMap":{}},{"hash":"63f0af5051313a8d29a4d103696d59ce3ad9b96d","isMergeCommit":false,"messageTitle":"Update sort feature","messageBody":"","fileTypesAndContributionMap":{"functional-code":{"insertions":2,"deletions":3},"test-code":{"insertions":1,"deletions":1}}},{"hash":"32245b7533f4664a61628ef723564411e53bbfe1","isMergeCommit":true,"messageTitle":"Merge branch \u0027master\u0027 of https://github.com/TiwKangXu/tp","messageBody":"","fileTypesAndContributionMap":{}},{"hash":"d9cde158aebfef652d5b28a6bdbea2096bbf26f4","isMergeCommit":false,"messageTitle":"Update sort","messageBody":"","fileTypesAndContributionMap":{"functional-code":{"insertions":6,"deletions":8},"test-code":{"insertions":38,"deletions":3}}}]}]},"authorFileTypeContributionMap":{"LINCHENYU2030S":{"docs":80,"functional-code":101,"test-code":64,"other":451},"ChuanXinNg":{"docs":70,"functional-code":264,"test-code":380},"laurenlim2112":{"docs":77,"functional-code":608,"test-code":780,"other":1},"KamJiaYue":{"docs":82,"functional-code":990,"test-code":615,"other":216},"TiwKangXu":{"docs":218,"functional-code":242,"test-code":324}},"authorContributionVariance":{"LINCHENYU2030S":1645.051,"ChuanXinNg":15070.872,"laurenlim2112":57599.383,"KamJiaYue":124682.64,"TiwKangXu":50444.105},"authorDisplayNameMap":{"LINCHENYU2030S":"CS2103T-W13-2 LIN ..ENYU","ChuanXinNg":"CS2103T-W13-2 NG C.. XIN","laurenlim2112":"CS2103T-W13-2 LAUR..XING","KamJiaYue":"CS2103T-W13-2 KAM .. YUE","TiwKangXu":"CS2103T-W13-2 TIW ..G XU"}}
