{"authorDailyContributionsMap":{"DistractedCat":[],"Ken-Lai":[{"date":"2023-10-03","commitResults":[{"hash":"242859e50d2908e9bf9773fa4c0173eaa8fcaa27","isMergeCommit":false,"messageTitle":"Add changes to AboutUs.md","messageBody":"Includes each group member\u0027s name and picture. GitHub links and\nportfolio pages are also added for each members for further\nreference.\n","fileTypesAndContributionMap":{"docs":{"insertions":48,"deletions":19}}},{"hash":"e2af531a58647ce72272e6b116bb9685398bb45a","isMergeCommit":false,"messageTitle":"Add EOF for portfolios","messageBody":"","fileTypesAndContributionMap":{"docs":{"insertions":7,"deletions":5}}}]}],"nicleongyj":[{"date":"2023-09-22","commitResults":[{"hash":"f4e2bd5dc2900234cc4e149f63056131b672b6c7","isMergeCommit":false,"messageTitle":"Add remark command and remark command tests","messageBody":"","fileTypesAndContributionMap":{"functional-code":{"insertions":6,"deletions":0},"test-code":{"insertions":4,"deletions":0}}},{"hash":"ca8fc54d87bffbdd8992e3c7aa17b95cd5de56a2","isMergeCommit":false,"messageTitle":"Add remark command and remark command tests","messageBody":"","fileTypesAndContributionMap":{"functional-code":{"insertions":209,"deletions":18},"test-code":{"insertions":165,"deletions":15}}}]},{"date":"2023-09-26","commitResults":[{"hash":"01b053b878529ac3eec1bdb905b6df65e1fe00e4","isMergeCommit":false,"messageTitle":"Fix checkstyle styling issues","messageBody":"","fileTypesAndContributionMap":{"functional-code":{"insertions":23,"deletions":17},"test-code":{"insertions":2,"deletions":5}}},{"hash":"4e5ad3f779640365057aca010d63627330adf0a3","isMergeCommit":false,"messageTitle":"Fix JsonAdaptedPersonTest code","messageBody":"","fileTypesAndContributionMap":{"test-code":{"insertions":9,"deletions":8}}}]},{"date":"2023-10-02","commitResults":[{"hash":"5fb94f4d11540c86198cca26ed1b19a0c0552521","isMergeCommit":false,"messageTitle":"Add PPP skeleton file for Nicholas","messageBody":"","fileTypesAndContributionMap":{"docs":{"insertions":37,"deletions":0}}},{"hash":"f6e3b21743b38557d0e6c49238f5eabb0cf0cd98","isMergeCommit":false,"messageTitle":"Add user profile and value proposition","messageBody":"","fileTypesAndContributionMap":{"docs":{"insertions":3,"deletions":6}}}]},{"date":"2023-10-03","commitResults":[{"hash":"7ce44fee6cee075cb7f062d6482516d259895e84","isMergeCommit":false,"messageTitle":"updated user stories and glossary for v1.1","messageBody":"","fileTypesAndContributionMap":{"docs":{"insertions":24,"deletions":10}}},{"hash":"9b4760569e3b04ee4d6c62ea9a6d1d5837c46a2b","isMergeCommit":false,"messageTitle":"Update Developer Guide user stories and glossary for v1.1","messageBody":"","fileTypesAndContributionMap":{"docs":{"insertions":10,"deletions":2}}}]}],"leezhengjing":[{"date":"2023-10-02","commitResults":[{"hash":"d83b5c65b2e030d426e3c2bb1525b4d535568c30","isMergeCommit":true,"messageTitle":"Merge pull request #4 from nicleongyj/tutorial-adding-command","messageBody":"Tutorial adding command","fileTypesAndContributionMap":{}},{"hash":"4d85575d5c21dafbcb67892b520066a6eba85895","isMergeCommit":false,"messageTitle":"Revert \"Tutorial adding command\"","messageBody":"","fileTypesAndContributionMap":{"functional-code":{"insertions":11,"deletions":214},"test-code":{"insertions":13,"deletions":165}}},{"hash":"6f7c14a5f555f4e94f60be11795daace12986c87","isMergeCommit":true,"messageTitle":"Merge pull request #6 from AY2324S1-CS2103T-T12-2/revert-4-tutorial-adding-command","messageBody":"Revert \"Tutorial adding command\"","fileTypesAndContributionMap":{}},{"hash":"576dede889200b4f2ffa2c588a2421af17ce0f91","isMergeCommit":false,"messageTitle":"Slight change to about us","messageBody":"","fileTypesAndContributionMap":{"docs":{"insertions":9,"deletions":9}}}]},{"date":"2023-10-03","commitResults":[{"hash":"862e1f3968195e83f4f38c834800924f545982e9","isMergeCommit":true,"messageTitle":"Merge pull request #9 from leezhengjing/branch-readme","messageBody":"v1.1 README","fileTypesAndContributionMap":{}},{"hash":"2e4197dfc144c26a9d2c4fbbc1d0a868d95cd556","isMergeCommit":false,"messageTitle":"Update issue templates","messageBody":"","fileTypesAndContributionMap":{"docs":{"insertions":13,"deletions":0}}},{"hash":"18d3a42c3a9260889898315f83ff3ac51bd68337","isMergeCommit":false,"messageTitle":"Update issue templates","messageBody":"","fileTypesAndContributionMap":{"docs":{"insertions":13,"deletions":13}}}]}],"Kurtyjlee":[{"date":"2023-10-03","commitResults":[{"hash":"ba6a2432827fff46e00840ce4b9c175124d1a14f","isMergeCommit":false,"messageTitle":"Update user-story-template.md","messageBody":"","fileTypesAndContributionMap":{"docs":{"insertions":3,"deletions":2}}}]},{"date":"2023-10-04","commitResults":[{"hash":"49f643a9393621adfad8d87dd150077b1920d430","isMergeCommit":true,"messageTitle":"Merge pull request #17 from Ken-Lai/branch-AboutUs","messageBody":"v1.1 AboutUs.md","fileTypesAndContributionMap":{}},{"hash":"ad81e2e35497300f2761b4d79a5acf599778eb22","isMergeCommit":true,"messageTitle":"Merge branch \u0027master\u0027 into developer-guide","messageBody":"","fileTypesAndContributionMap":{}},{"hash":"1d5437f55aa3b0b9dec54d28a5182fc6539c7402","isMergeCommit":true,"messageTitle":"Merge pull request #16 from nicleongyj/developer-guide","messageBody":"v1.1 DeveloperGuide.md","fileTypesAndContributionMap":{}}]}]},"authorFileTypeContributionMap":{"DistractedCat":{"docs":0,"functional-code":0,"test-code":0},"Ken-Lai":{"docs":44,"functional-code":0,"test-code":0},"nicleongyj":{"docs":68,"functional-code":0,"test-code":0},"leezhengjing":{"docs":14,"functional-code":0,"test-code":0},"Kurtyjlee":{"docs":3,"functional-code":0,"test-code":0}},"authorContributionVariance":{"DistractedCat":0.0,"Ken-Lai":443.14798,"nicleongyj":12073.921,"leezhengjing":12498.854,"Kurtyjlee":1.7751478},"authorDisplayNameMap":{"DistractedCat":"CS2103T-T12-2 GUO ..HENG","Ken-Lai":"CS2103T-T12-2 LAI ..HONG","nicleongyj":"CS2103T-T12-2 LEON..OLAS","leezhengjing":"CS2103T-T12-2 LEE ..JING","Kurtyjlee":"CS2103T-T12-2 KURT.. JIE"}}
