{"authorDailyContributionsMap":{"tllshan":[{"date":"2023-09-27","commitResults":[{"hash":"c08d24ae57dc2152e1b7a0a6862551718945bd80","isMergeCommit":false,"messageTitle":"Update AboutUs","messageBody":"","fileTypesAndContributionMap":{"docs":{"insertions":13,"deletions":15}}}]},{"date":"2023-09-28","commitResults":[{"hash":"054af288ae7fb8290059de8ad6c9b66ce00e2a9e","isMergeCommit":false,"messageTitle":"Rename AboutUs.md images","messageBody":"","fileTypesAndContributionMap":{"docs":{"insertions":3,"deletions":3}}}]},{"date":"2023-09-29","commitResults":[{"hash":"71378eec1aaadfc27bd0d79da3af05bbe6b9a28f","isMergeCommit":false,"messageTitle":"Update AboutUs.md","messageBody":"","fileTypesAndContributionMap":{"docs":{"insertions":2,"deletions":2}}}]},{"date":"2023-10-03","commitResults":[{"hash":"81a8e86d7bd0c23d206df2eeac12bd86f59b1cad","isMergeCommit":false,"messageTitle":"Create Vendor class","messageBody":"","fileTypesAndContributionMap":{"functional-code":{"insertions":59,"deletions":0}}},{"hash":"75f394c8016a99c0084318d765b8252e388bb5a8","isMergeCommit":false,"messageTitle":"Create VendorUtil class","messageBody":"","fileTypesAndContributionMap":{"functional-code":{"insertions":0,"deletions":1},"test-code":{"insertions":63,"deletions":0}}},{"hash":"b360b91889c0ddd2244d32c0fececa68f4d46cf5","isMergeCommit":false,"messageTitle":"Add test cases for Vendor","messageBody":"","fileTypesAndContributionMap":{"test-code":{"insertions":111,"deletions":3}}}]},{"date":"2023-10-04","commitResults":[{"hash":"71ae7fbc92482dc43ed127f2adde4e8114ee943d","isMergeCommit":false,"messageTitle":"Add skeletal PPP for Shannon","messageBody":"","fileTypesAndContributionMap":{"docs":{"insertions":26,"deletions":0}}},{"hash":"9a33229349ccda19217422aaa3ab0e038fcc23f0","isMergeCommit":false,"messageTitle":"Add PPP link for Shannon to AboutUs","messageBody":"","fileTypesAndContributionMap":{"docs":{"insertions":3,"deletions":2}}},{"hash":"74ac1b01a6c0e4181f425995fc21f0a12328ce99","isMergeCommit":true,"messageTitle":"Merge pull request #30 from keaganpzh/branch-create-Guest","messageBody":"Create Guest, RsvpStatus, DietaryRequirements classes","fileTypesAndContributionMap":{}}]},{"date":"2023-10-05","commitResults":[{"hash":"019a73eb1dc82497b174cc9ab597ae90862c3347","isMergeCommit":false,"messageTitle":"Add user stories to DG","messageBody":"","fileTypesAndContributionMap":{"docs":{"insertions":38,"deletions":9}}}]},{"date":"2023-10-06","commitResults":[{"hash":"2f959310571b307df22aea68a4f78e4e648a331b","isMergeCommit":false,"messageTitle":"Specify \u0027experienced user\u0027 for DG user stories","messageBody":"","fileTypesAndContributionMap":{"docs":{"insertions":6,"deletions":6}}},{"hash":"ea7d4fb951915e45c46ac77f49454f9ffcc432d7","isMergeCommit":true,"messageTitle":"Merge pull request #37 from keaganpzh/branch-UG","messageBody":"update UG: view guest(s)","fileTypesAndContributionMap":{}},{"hash":"2d06a9ef46ff132515d39aec08fbdcbac091145f","isMergeCommit":false,"messageTitle":"Add guest add and guest delete to UG","messageBody":"","fileTypesAndContributionMap":{"docs":{"insertions":76,"deletions":0}}},{"hash":"eb62d8e228cbd47ade304e12e705299fef554149","isMergeCommit":false,"messageTitle":"Add guest add and guest delete to UG Command summary","messageBody":"","fileTypesAndContributionMap":{"docs":{"insertions":10,"deletions":7}}},{"hash":"1555193fc350a7cc876a23e9d602c4a82c8327ad","isMergeCommit":false,"messageTitle":"Update acceptable values for guest add params in UG","messageBody":"","fileTypesAndContributionMap":{"docs":{"insertions":14,"deletions":3}}},{"hash":"9a5fffca05e79983763ca2edda758b936a3ddefa","isMergeCommit":true,"messageTitle":"Merge branch \u0027master\u0027 into branch-edit-UG","messageBody":"","fileTypesAndContributionMap":{}},{"hash":"edb92e605e867bd89256e5ecb6632325bcc442a2","isMergeCommit":true,"messageTitle":"Merge branch \u0027master\u0027 into branch-edit-DG","messageBody":"","fileTypesAndContributionMap":{}},{"hash":"e6bcbac5ddc300443a64fbe776b118ef0210964d","isMergeCommit":true,"messageTitle":"Merge pull request #42 from keaganpzh/branch-DG","messageBody":"update DG: Glossary and Appendix","fileTypesAndContributionMap":{}},{"hash":"21ed988ec93e785fbafad2816b419545a9b70c13","isMergeCommit":true,"messageTitle":"Merge branch \u0027master\u0027 into branch-edit-DG","messageBody":"","fileTypesAndContributionMap":{}},{"hash":"b5be5903843b8b23bbb2174f398e6d7443d3be90","isMergeCommit":true,"messageTitle":"Merge branch \u0027master\u0027 into branch-edit-UG","messageBody":"","fileTypesAndContributionMap":{}}]},{"date":"2023-10-07","commitResults":[{"hash":"35ebc011122fc753d59297f352304214afa58cd1","isMergeCommit":false,"messageTitle":"Standardise UG phrasing and formatting","messageBody":"","fileTypesAndContributionMap":{"docs":{"insertions":26,"deletions":27}}},{"hash":"9fda498b658a3cbcaecb5dd6be07cc9d9b186992","isMergeCommit":true,"messageTitle":"Merge branch \u0027master\u0027 into branch-edit-UG","messageBody":"","fileTypesAndContributionMap":{}}]},{"date":"2023-10-14","commitResults":[{"hash":"70714a855b4c6a28a72bb7ff48f74333804ee409","isMergeCommit":true,"messageTitle":"Merge pull request #95 from keaganpzh/branch-update-README","messageBody":"update UI mockup","fileTypesAndContributionMap":{}}]},{"date":"2023-10-16","commitResults":[{"hash":"5d32d70a46facfd6ecfd8815c217c02f51723cfc","isMergeCommit":false,"messageTitle":"Implement execute in GuestDeleteCommand","messageBody":"","fileTypesAndContributionMap":{"functional-code":{"insertions":21,"deletions":5}}},{"hash":"7f9b99137f732f1738c2e21cc7b5f3e06b8bbad8","isMergeCommit":false,"messageTitle":"Implement equals in GuestDeletecommand","messageBody":"","fileTypesAndContributionMap":{"functional-code":{"insertions":15,"deletions":1}}},{"hash":"2227786191a0f5cb31c35d71bd832179df15d15a","isMergeCommit":false,"messageTitle":"Implement toString in GuestDeleteCommand","messageBody":"","fileTypesAndContributionMap":{"functional-code":{"insertions":7,"deletions":0}}},{"hash":"e473503dd39a590de6d162af361b96c0e2ef93fe","isMergeCommit":false,"messageTitle":"Add invalid guest displayed message","messageBody":"","fileTypesAndContributionMap":{"functional-code":{"insertions":3,"deletions":1}}},{"hash":"acddbb6e98058df699f25dcdb789cbde806111e7","isMergeCommit":false,"messageTitle":"Add tests for GuestDeleteCommand","messageBody":"","fileTypesAndContributionMap":{"test-code":{"insertions":135,"deletions":0}}},{"hash":"fdeca08b11241aecfdae7451922aefdf39085a83","isMergeCommit":false,"messageTitle":"Implement execute in VendorDeleteCommand","messageBody":"","fileTypesAndContributionMap":{"functional-code":{"insertions":19,"deletions":6}}},{"hash":"d51b7b190fbafed376e29abaaefa13878763ba09","isMergeCommit":false,"messageTitle":"Implement equals in VendorDeleteCommand","messageBody":"","fileTypesAndContributionMap":{"functional-code":{"insertions":19,"deletions":1}}},{"hash":"06647ab15a1b3ec41289d1605547d2528a7184fc","isMergeCommit":false,"messageTitle":"Implement toString in VendorDeleteCommand","messageBody":"","fileTypesAndContributionMap":{"functional-code":{"insertions":8,"deletions":0}}},{"hash":"d57699fb7fb1c73f559ee44577e8c5ef21647be0","isMergeCommit":false,"messageTitle":"Add invalid vendor displayed message","messageBody":"","fileTypesAndContributionMap":{"functional-code":{"insertions":2,"deletions":1}}},{"hash":"74b84406ad5fd4fdee83b99c72d0c93e9835df74","isMergeCommit":false,"messageTitle":"Add tests for VendorDeleteCommand","messageBody":"","fileTypesAndContributionMap":{"test-code":{"insertions":134,"deletions":0}}},{"hash":"84bf98cf7d4e85ecbc904c68bd6cab08eb408a95","isMergeCommit":true,"messageTitle":"Merge branch \u0027master\u0027 into branch-remove-vendor","messageBody":"","fileTypesAndContributionMap":{}},{"hash":"ea39bc3198f46bfbef204830bc03fb64370ca684","isMergeCommit":true,"messageTitle":"Merge branch \u0027master\u0027 into branch-remove-guest","messageBody":"","fileTypesAndContributionMap":{}}]},{"date":"2023-10-17","commitResults":[{"hash":"12c786139e9314162710d3d04869abf1614e73ea","isMergeCommit":true,"messageTitle":"Merge branch \u0027master\u0027 into branch-remove-guest","messageBody":"","fileTypesAndContributionMap":{}},{"hash":"d94131619caf9f8d7ebbf8557dbba622d1c2dcad","isMergeCommit":true,"messageTitle":"Merge branch \u0027master\u0027 into branch-remove-vendor","messageBody":"","fileTypesAndContributionMap":{}},{"hash":"5909db6ca81bdd6c52a32b95bc5647cbaf6dcefe","isMergeCommit":false,"messageTitle":"update command word for GuestDeleteCommand","messageBody":"","fileTypesAndContributionMap":{"functional-code":{"insertions":1,"deletions":1}}},{"hash":"51891a907904f8330cbfca238f04fe0f2b839abc","isMergeCommit":false,"messageTitle":"Update GuestDeleteCommandParserTest","messageBody":"","fileTypesAndContributionMap":{"test-code":{"insertions":3,"deletions":5}}},{"hash":"c151491de8e75f064856a1b03b8e86cf64197d71","isMergeCommit":true,"messageTitle":"Merge branch \u0027master\u0027 into branch-remove-vendor","messageBody":"","fileTypesAndContributionMap":{}},{"hash":"0742c160b5a8d540f0dea8971c5099c2d4f83597","isMergeCommit":false,"messageTitle":"Update message usage of VendorDeleteCommand","messageBody":"","fileTypesAndContributionMap":{"functional-code":{"insertions":3,"deletions":2}}},{"hash":"cf7ff19d9a11ba1d46690836bd1e2c1e52f63338","isMergeCommit":true,"messageTitle":"Merge branch \u0027master\u0027 into branch-remove-guest","messageBody":"","fileTypesAndContributionMap":{}},{"hash":"03002b199af4afb700c56aa12381ad9852695c7f","isMergeCommit":false,"messageTitle":"Update message usage in GuestDeleteCommand","messageBody":"","fileTypesAndContributionMap":{"functional-code":{"insertions":4,"deletions":3}}},{"hash":"74d4b11ddc5741a91b82f919abb26509ad1a6a33","isMergeCommit":false,"messageTitle":"Update imports in GuestAddCommand","messageBody":"","fileTypesAndContributionMap":{"functional-code":{"insertions":3,"deletions":3}}},{"hash":"1cbb37d7a3221f0ace13574f6b9913e415dd47b0","isMergeCommit":false,"messageTitle":"Rename command word in VendorCommandParser","messageBody":"","fileTypesAndContributionMap":{"functional-code":{"insertions":7,"deletions":7}}}]}],"samuelim01":[{"date":"2023-09-27","commitResults":[{"hash":"912b99170c24beb70a7ac4ea1daa3598cc3817fd","isMergeCommit":false,"messageTitle":"Update README.md with description","messageBody":"The README currently describes the AB3.\n\nThe README should be modified to match our own team project.\n\nLet\u0027s modify the description of the project and update the GitHub Actions build status badge to reflect the build status of the team repo.\n","fileTypesAndContributionMap":{"docs":{"insertions":5,"deletions":13}}},{"hash":"b3588f6a015a7b427933013c849c57fd08a03bec","isMergeCommit":true,"messageTitle":"Merge pull request #15 from samuelim01/update-readme-description","messageBody":"Update README.md with project description","fileTypesAndContributionMap":{}},{"hash":"65ed26d8d96b13deadcf291785ec89f8adb7a30d","isMergeCommit":true,"messageTitle":"Merge pull request #16 from wasjoe1/master","messageBody":"Add features, site map and credits to README","fileTypesAndContributionMap":{}}]},{"date":"2023-09-28","commitResults":[{"hash":"6711134ee9c92e65954eb095cd2d38e2ef153de2","isMergeCommit":false,"messageTitle":"Update sitemap index","messageBody":"The sitemap index currently describes the AB3.\n\nThe sitemap should be modified to match our own team project.\n\nLet\u0027s update the GitHub Actions badges and the project description to reflect the team project.\n","fileTypesAndContributionMap":{"docs":{"insertions":9,"deletions":7}}},{"hash":"304810be9c7c46e8f2fc4acf12ab81b121e141a6","isMergeCommit":false,"messageTitle":"Add skeletal PPP for Samuel","messageBody":"Currently, the sitemap does not contain a Project Portfolio Page for Samuel.\n\nAt the end of the project each student is required to submit a Project Portfolio Page.\n\nLet\u0027s add a skeletal PPP markdown for Samuel.\n\nThis will make it easier to add project contributions further down.\n","fileTypesAndContributionMap":{"docs":{"insertions":26,"deletions":0}}},{"hash":"6ffb0ddbd77be3625f31918c72ed7b667369deb7","isMergeCommit":true,"messageTitle":"Merge branch \u0027master\u0027 into add-skeletal-ppp","messageBody":"","fileTypesAndContributionMap":{}},{"hash":"62f61829816a47eca8f32505940905055aecb019","isMergeCommit":false,"messageTitle":"Add portfolio link to AboutUs for Samuel","messageBody":"","fileTypesAndContributionMap":{"docs":{"insertions":1,"deletions":0}}}]},{"date":"2023-09-29","commitResults":[{"hash":"07b533ab2b31f68dc684c175a5b657b6e7e0a35b","isMergeCommit":true,"messageTitle":"Merge pull request #18 from keaganpzh/branch-PPP-skeleton","messageBody":"Add skeletal PPP (Keagan)","fileTypesAndContributionMap":{}}]},{"date":"2023-10-05","commitResults":[{"hash":"5efcd7b5a31213cb3ec4650ea38c447e8fbe75fc","isMergeCommit":false,"messageTitle":"Add NFRs to DeveloperGuide","messageBody":"Currently, the developer guide contains minimal non-functional requirements (NFRs).\n\nThe developer guide\u0027s NFRs should cover the full requirements of the product and should be documented.\n\nLet\u0027s add more NFRs based on our projection discussions.\n\nThis will identify our NFRs for future reference.\n","fileTypesAndContributionMap":{"docs":{"insertions":9,"deletions":5}}},{"hash":"c4c0451af241e022068e8ab4179b04bba6c729db","isMergeCommit":true,"messageTitle":"Merge remote-tracking branch \u0027upstream/master\u0027","messageBody":"","fileTypesAndContributionMap":{}},{"hash":"38683db01ca2f62eebd01d664f0cd86f1a980cf9","isMergeCommit":true,"messageTitle":"Merge branch \u0027master\u0027 into modify-dg-nfr","messageBody":"","fileTypesAndContributionMap":{}},{"hash":"0f1eb789e90e217b68a4493e828e4ede1276ff5f","isMergeCommit":true,"messageTitle":"Merge branch \u0027master\u0027 into add-ug-vendor-add-delete","messageBody":"","fileTypesAndContributionMap":{}},{"hash":"4b5630babfc89de0ea097a59b28841429978453f","isMergeCommit":false,"messageTitle":"UG: Add `vendor add` and `vendor delete`","messageBody":"Currently, the user guide doesn\u0027t contain v1.2 specific commands.\n\nThe user guide should cover the complete detailed description of the intended behavior of the product at v1.2.\n\nLet\u0027s add the `vendor add` and `vendor delete` commands into the user guide.\n","fileTypesAndContributionMap":{"docs":{"insertions":52,"deletions":4}}},{"hash":"3a589fcfab89cde01986b3a751e9cd3016debba9","isMergeCommit":false,"messageTitle":"UG: Fix minor formatting issue","messageBody":"","fileTypesAndContributionMap":{"docs":{"insertions":1,"deletions":1}}}]},{"date":"2023-10-06","commitResults":[{"hash":"b0023687d38b58465f2c0ef8bade592422969cd0","isMergeCommit":true,"messageTitle":"Merge branch \u0027master\u0027 into add-ug-vendor-add-delete","messageBody":"","fileTypesAndContributionMap":{}},{"hash":"cb5b5c971827ecc7455005913de6debed5780627","isMergeCommit":false,"messageTitle":"UG: Fix merge issues","messageBody":"","fileTypesAndContributionMap":{"docs":{"insertions":0,"deletions":3}}},{"hash":"5f34ab7e447211f196140fcb1cfbd37f4542dd8a","isMergeCommit":false,"messageTitle":"Storage: Add `JsonAdaptedVendor`","messageBody":"Our application lacks support for saving vendors.\n\nAs a start, let\u0027s add JsonAdaptedVendor so that vendor details can be serialized into JSON format.\n","fileTypesAndContributionMap":{"functional-code":{"insertions":95,"deletions":5}}},{"hash":"14312972f713178e4516cac450fa3c5e3e185688","isMergeCommit":false,"messageTitle":"UG: Fix command summary example column","messageBody":"","fileTypesAndContributionMap":{"docs":{"insertions":8,"deletions":8}}},{"hash":"7b254614954157fffe5740c52d83d7423bec111a","isMergeCommit":true,"messageTitle":"Merge pull request #38 from wasjoe1/branch-edit-DG","messageBody":"DG: Update use case section","fileTypesAndContributionMap":{}},{"hash":"fca2862fc1f997572ed34ee057d411ac2d30e82b","isMergeCommit":false,"messageTitle":"Model: Add `UniqueVendorList`","messageBody":"Our application needs to maintain a list of vendors.\n\nLet\u0027s add a `UniqueVendorList` class to support this operation.\n","fileTypesAndContributionMap":{"functional-code":{"insertions":150,"deletions":0}}},{"hash":"ba2e16d320080062941b63d75501a242a5195cf5","isMergeCommit":false,"messageTitle":"Model: Add vendor list to `AddressBook`","messageBody":"Add ReadOnlyAddressBook#getVendorList().\n\nModify AddressBook to support vendors.\n\nModify AddressBookTest.AddressBookStub to support vendors.\n","fileTypesAndContributionMap":{"functional-code":{"insertions":66,"deletions":2},"test-code":{"insertions":10,"deletions":1}}},{"hash":"bbaafa20750dcf8c231012a015f5bf4e07bba85d","isMergeCommit":false,"messageTitle":"Testutil: Add `TypicalVendors` and `VendorBuilder`","messageBody":"The application needs utility methods to easily build vendors and have default vendors to test with.\n\nLet\u0027s,\n* Add VendorBuilder to easily build vendor objects\n* Add TypicalVendors so that future tests can make use of these vendors for easy testing\n","fileTypesAndContributionMap":{"test-code":{"insertions":170,"deletions":0}}},{"hash":"fb780d714a501a8c472a1a2487707743c3a22541","isMergeCommit":false,"messageTitle":"Storage: Add vendors field to `JsonSerializableAddressBook`","messageBody":"The application does not save or load vendors.\n\nLet\u0027s\n* Add the vendors field to JsonSerializableAddressBook\n* Modify JsonSerializableAddressBookTest to test vendors\n* Modify JsonSAddressBookStorageTest to test vendors\n* Add and modify relevant json files for the above tests\n","fileTypesAndContributionMap":{"functional-code":{"insertions":14,"deletions":1},"test-code":{"insertions":60,"deletions":3}}},{"hash":"3f043ea05c0f1e5e52417bb7e0792805a5e7f7dd","isMergeCommit":false,"messageTitle":"Model: Add vendor-specific exceptions","messageBody":"Let\u0027s,\n* Add DuplicateVendorException\n* Add VendorNotFoundException\n* Modify UniqueVendorList to use the new exceptions\n","fileTypesAndContributionMap":{"functional-code":{"insertions":24,"deletions":7}}},{"hash":"742cde4bc81feacee38dce35ec4cc039016b80f5","isMergeCommit":false,"messageTitle":"Model: Add `AddressBook` and `UniqueVendorList` tests","messageBody":"UniqueVendorList and AddressBook lack tests for vendors.\n\nLet\u0027s,\n* Add UniqueVendorListTest\n* Modify AddressBookTest to do vendor-specific tests\n","fileTypesAndContributionMap":{"test-code":{"insertions":224,"deletions":3}}},{"hash":"fb3067087e7018c45801113aa3aa890daed79904","isMergeCommit":false,"messageTitle":"Storage: Add `JsonAdaptedVendor` tests","messageBody":"","fileTypesAndContributionMap":{"test-code":{"insertions":110,"deletions":0}}},{"hash":"965a05fc032f9e994c844b2d5da79e03259dfb9c","isMergeCommit":true,"messageTitle":"Merge branch \u0027master\u0027 into add-vendor-list","messageBody":"","fileTypesAndContributionMap":{}}]},{"date":"2023-10-07","commitResults":[{"hash":"e0ce7be83760d0b9eea18c2b5957a5ce8ce9c9af","isMergeCommit":false,"messageTitle":"UG: Add `help`","messageBody":"Currently, the user guide doesn\u0027t contain all v1.2 specific commands.\n\nThe user guide should cover the complete detailed description of the intended behavior of the product at v1.2.\n\nLet\u0027s add the `help` command into the user guide.\n","fileTypesAndContributionMap":{"docs":{"insertions":20,"deletions":8}}},{"hash":"2fbe0091572e107e4f3524dce11f21d4cb32c604","isMergeCommit":true,"messageTitle":"Merge branch \u0027master\u0027 into add-ug-help","messageBody":"","fileTypesAndContributionMap":{}},{"hash":"2015be479d753d7923ff86da36dd20622de596ea","isMergeCommit":false,"messageTitle":"UG: Fix download link","messageBody":"","fileTypesAndContributionMap":{"docs":{"insertions":1,"deletions":1}}},{"hash":"59bc6d814ae8099bed53992c14a30a1c1be633bb","isMergeCommit":true,"messageTitle":"Merge pull request #35 from p-xp/update-ug","messageBody":"Add Appendix A: Miscellaneous error message to User Guide","fileTypesAndContributionMap":{}},{"hash":"6df42aed769ee91d7d845fb5b3477dc195698869","isMergeCommit":true,"messageTitle":"Merge pull request #48 from wasjoe1/branch-add-ppp","messageBody":"Add Joe PPP","fileTypesAndContributionMap":{}},{"hash":"64d02f966eab31e33b1252081441bc5b72883ee5","isMergeCommit":false,"messageTitle":"Storage: Fix minor javadoc error","messageBody":"","fileTypesAndContributionMap":{"functional-code":{"insertions":1,"deletions":1}}},{"hash":"fdef771d1ea99aa9f7acc1b22a9796542cd09936","isMergeCommit":true,"messageTitle":"Merge branch \u0027master\u0027 into add-vendor-list","messageBody":"","fileTypesAndContributionMap":{}}]},{"date":"2023-10-08","commitResults":[{"hash":"8d8ccbee99526411749a349ec8cefb6c9aa13556","isMergeCommit":false,"messageTitle":"DG: Fix user stories cosmetic issue","messageBody":"","fileTypesAndContributionMap":{"docs":{"insertions":2,"deletions":2}}}]},{"date":"2023-10-11","commitResults":[{"hash":"3b9802560a97147701dc102f0afda646ef8cd607","isMergeCommit":false,"messageTitle":"Model: Add `guest` and `vendor` methods","messageBody":"The model lacks methods to add, remove, set and display guests and vendors.\n\nLet\u0027s,\n* Add the methods to Model to enforce the need for such methods\n* Add the methods to ModelManager to implement the methods\n* Add the relevant test methods for new methods hasGuest() and getFilteredGuestList. Similar methods are added for Vendor.\n* Modify AddCommandTest.ModelStub with modified Model requirements.\n","fileTypesAndContributionMap":{"functional-code":{"insertions":161,"deletions":1},"test-code":{"insertions":106,"deletions":0}}}]},{"date":"2023-10-12","commitResults":[{"hash":"6b41d97714e473d959d26447b008ba1d5decced7","isMergeCommit":false,"messageTitle":"ModelManager: Add tests for set and delete methods","messageBody":"Add tests for setPerson() and deletePerson().\n\nAdd similar tests for Guest and Vendor.\n","fileTypesAndContributionMap":{"test-code":{"insertions":220,"deletions":0}}},{"hash":"87da93522269afa420a394194d3ccd294435ce87","isMergeCommit":false,"messageTitle":"Model: Relax predicate generic type","messageBody":"The predicates used for `Guest` and `Vendor` are too strict as `Predicate\u003cGuest\u003e` and `Predicate\u003cVendor`.\n\nLet\u0027s refactor them to be of type `Predicate\u003cPerson` instead.\n\nThis allows us to use person-based predicates on guest lists, such as when finding a particular person name.\n","fileTypesAndContributionMap":{"functional-code":{"insertions":6,"deletions":12},"test-code":{"insertions":2,"deletions":2}}},{"hash":"c6ce9c0ae7d9db136268db542db16c91bfbcdb40","isMergeCommit":false,"messageTitle":"ModelManager: Update `equals()` tests","messageBody":"Let\u0027s\n* Add tests for new filteredGuests and filteredVendors\n* Modify AddressBookBuilder to add guests and vendors\n* Modify TypicalGuests to fix multiple guests having the same surname\n","fileTypesAndContributionMap":{"test-code":{"insertions":44,"deletions":6}}}]},{"date":"2023-10-13","commitResults":[{"hash":"c04cbdf5e685048c19b8e4f72cbc226425fe2f0f","isMergeCommit":false,"messageTitle":"Command: Rename person to guest/vendor","messageBody":"","fileTypesAndContributionMap":{"functional-code":{"insertions":10,"deletions":10}}},{"hash":"d537b21b33b0a82275b0850841f4ad83a1ea175a","isMergeCommit":false,"messageTitle":"AddressBookParser: Add test for list()","messageBody":"","fileTypesAndContributionMap":{"test-code":{"insertions":8,"deletions":0}}},{"hash":"d6553ec31633e58f20d5c76b98f0756c94ef1c17","isMergeCommit":true,"messageTitle":"Merge pull request #86 from wasjoe1/branch-add-parsers","messageBody":"Parser: Add guest and vendor parsers","fileTypesAndContributionMap":{}},{"hash":"d69c81bae68a6fe8705c3476598f2fa7ad34c470","isMergeCommit":false,"messageTitle":"Refactor package `seedu` to `wedlog`","messageBody":"","fileTypesAndContributionMap":{"other":{"insertions":1118,"deletions":1118},"docs":{"insertions":9,"deletions":9},"test-code":{"insertions":3,"deletions":3}}},{"hash":"4665b28b035ff944d87f44a3de04e41bbe161a50","isMergeCommit":false,"messageTitle":"docs: Refactor seedu to wedlog","messageBody":"","fileTypesAndContributionMap":{"docs":{"insertions":13,"deletions":13}}},{"hash":"0dbf92c11a26b2a35748dbcbe1cb5c0528ef59d4","isMergeCommit":false,"messageTitle":"HelpWindow: Update user guide url","messageBody":"","fileTypesAndContributionMap":{"functional-code":{"insertions":1,"deletions":1}}},{"hash":"41c1dde83d916f075a2de4ad03b928e62d9a0ccd","isMergeCommit":false,"messageTitle":"build.gradle: Update main class to wedlog","messageBody":"","fileTypesAndContributionMap":{"other":{"insertions":1,"deletions":1}}},{"hash":"a1f2ff4c5ca56a4e31cc753e73ada714f3acab7a","isMergeCommit":false,"messageTitle":"MainApp: Bump version to 1.1.1","messageBody":"","fileTypesAndContributionMap":{"functional-code":{"insertions":1,"deletions":1}}},{"hash":"a2e5b3eaf1753f897be47b939fd32866eba64860","isMergeCommit":false,"messageTitle":"build.gradle: Update shadowJar file name","messageBody":"","fileTypesAndContributionMap":{"functional-code":{"insertions":1,"deletions":1},"other":{"insertions":1,"deletions":1}}},{"hash":"2423b0ed451e7330e1aedd2690b86b9799809fce","isMergeCommit":false,"messageTitle":"Fix CodeCov","messageBody":"","fileTypesAndContributionMap":{"functional-code":{"insertions":1,"deletions":1}}},{"hash":"278fb6fa76a2fcc9bfa3bc112d4d541dbd601efa","isMergeCommit":false,"messageTitle":"Update MainApp.java","messageBody":"","fileTypesAndContributionMap":{"functional-code":{"insertions":1,"deletions":1}}}]},{"date":"2023-10-14","commitResults":[{"hash":"d4ea1a1d1f2158d9c3edc71f680ce0e3a7ae3630","isMergeCommit":true,"messageTitle":"Merge remote-tracking branch \u0027upstream/master\u0027 into update-version","messageBody":"","fileTypesAndContributionMap":{}}]},{"date":"2023-10-16","commitResults":[{"hash":"77d351ba6bb7987441414ad044f071b06601a707","isMergeCommit":false,"messageTitle":"Testutil: Add `without` methods to builder classes","messageBody":"The PersonBuilder, GuestBuilder and VendorBuilder classes cannot build persons that exclude the newly optional fields.\n\nLet\u0027s add helper methods to reflect this change.\n","fileTypesAndContributionMap":{"test-code":{"insertions":88,"deletions":0}}},{"hash":"b5fa27a1366c3e00ed1c232b2fadef2596cb36e9","isMergeCommit":false,"messageTitle":"Modify `Person` fields to be optional","messageBody":"The `Person` class requires Phone, Email and Address to be non-empty.\n\nWe want to loosen our constraints such that the Person class only requires a Name field.\n\nLet\u0027s,\n* Modify Person to reflect the new requirements\n* Modify PersonTest to check for new requirements\n* Modify JsonAdapted to accept null values\n* Modify JsonAdaptedTest to enforce new nullable fields\n* Modify AddCommandParser to parse absent fields as null\n* Modify AddCommandParserTest to enforce new nullable fields\n* Modify PersonCard behaviour for null fields\n* Modify Messages behaviour for null fields\n","fileTypesAndContributionMap":{"functional-code":{"insertions":150,"deletions":76},"test-code":{"insertions":202,"deletions":68}}},{"hash":"44a9e4b2a39d53535cb2b544872ea5f7f6f333db","isMergeCommit":false,"messageTitle":"Messages: Fix wrong field name value separator","messageBody":"","fileTypesAndContributionMap":{"functional-code":{"insertions":1,"deletions":1}}},{"hash":"dd1f7ff4a95a260824a6a59366639131ce26615e","isMergeCommit":false,"messageTitle":"Messages: Remove `format` for guests and vendors","messageBody":"The add command for guests and vendors have not been implemented yet.\n\nLet\u0027s remove these methods, and add them back in when the commands are implemented.\n","fileTypesAndContributionMap":{"functional-code":{"insertions":0,"deletions":28}}},{"hash":"686af88e07e90b670ddf55923c52305dcf9124e1","isMergeCommit":true,"messageTitle":"Merge branch \u0027AY2324S1-CS2103T-F11-2:master\u0027 into modify-person-fields","messageBody":"","fileTypesAndContributionMap":{}},{"hash":"5dd756722c145e57d0377ca4ff19e25494894d82","isMergeCommit":false,"messageTitle":"Messages: Remove unused imports","messageBody":"","fileTypesAndContributionMap":{"functional-code":{"insertions":0,"deletions":2}}},{"hash":"b12f9576c6bb6a18ebc909e4336c3035db54b939","isMergeCommit":true,"messageTitle":"Merge pull request #98 from wasjoe1/branch-edit-dietary-requirements","messageBody":"Modify dietary requirements to be null, none or present.","fileTypesAndContributionMap":{}},{"hash":"6ae6b0b615c812d76a3baafb155c7f8da7665de8","isMergeCommit":true,"messageTitle":"Merge branch \u0027master\u0027 into modify-person-fields","messageBody":"","fileTypesAndContributionMap":{}},{"hash":"37eee217cff9816bdcac9054aa2280465372e8b8","isMergeCommit":false,"messageTitle":"Fix DietaryRequirementTest and enforce presence","messageBody":"Following prior discussion, the dietary requirements must be present and not null.\n\nLet\u0027s,\n* Modify DietaryRequirementsTest to enforce the new conditions and functions\n* Enforce field is not null in Guest, JsonAdaptedGuest\n* Remove GuestBuilder withoutDietaryRequirements() method\n","fileTypesAndContributionMap":{"functional-code":{"insertions":22,"deletions":22},"test-code":{"insertions":38,"deletions":26}}},{"hash":"6d951ceb68c7263ba87265a117d513c05db0f388","isMergeCommit":false,"messageTitle":"Person: Modify RsvpStatus to be non-null","messageBody":"Upon further discussion, the person field should not allow rsvp status to be null but null should be handled by the RsvpStatus class.\n\nThis allows the RsvpStatus to encapsulate the idea of a unknown status more effectively.\n\nLet\u0027s\n* Modify ParserUtil to handle null rsvp string\n* Modify RsvpStatus Test to enforce the new conditions and functions\n* Enforce field is not null in Guest, JsonAdaptedGuest\n* Remove GuestBuilder withoutRsvpStatus() method\n","fileTypesAndContributionMap":{"functional-code":{"insertions":31,"deletions":14},"test-code":{"insertions":43,"deletions":15}}},{"hash":"b08e2106dc415161e98b944ef4e6b2ecb195064c","isMergeCommit":false,"messageTitle":"DietaryRequirements: Fix bugs","messageBody":"The constructor does not trim the requirement string because the parser already does so. There are no issues with the current workflow.\n\nHowever, this is not intuitive. Passing in strings with only spaces into the constructor results in dietary requirements of status present that contain whitespace values. This may make the code  and testing more difficult to maintain.\n\nLet\u0027s,\n* Add another trim to make the constructor behaviour more predictable.\n* Fix equals() null cases\n","fileTypesAndContributionMap":{"functional-code":{"insertions":20,"deletions":7},"test-code":{"insertions":21,"deletions":2}}},{"hash":"7ae77916378f91fda7ce4875584bfeb9af0972df","isMergeCommit":false,"messageTitle":"GuestTest: Add more equals tests","messageBody":"","fileTypesAndContributionMap":{"test-code":{"insertions":57,"deletions":17}}},{"hash":"f5e7c948c732d7c5b6d2dbf286da426c8c008c3c","isMergeCommit":false,"messageTitle":"VendorTest: Add more equals tests","messageBody":"","fileTypesAndContributionMap":{"test-code":{"insertions":48,"deletions":15}}},{"hash":"093e2bb011406cace078c5fef55736eca664a9eb","isMergeCommit":true,"messageTitle":"Merge pull request #104 from wasjoe1/branch-list-command","messageBody":"Implement `guest list` \u0026 `vendor list` commands","fileTypesAndContributionMap":{}}]},{"date":"2023-10-18","commitResults":[{"hash":"9dc62050656f65f065fec163e03c8b4b5d95b158","isMergeCommit":false,"messageTitle":"CommandTestUtil: Fix checkstyle","messageBody":"","fileTypesAndContributionMap":{"test-code":{"insertions":1,"deletions":1}}},{"hash":"6fd3a146634b85a5d3fe9f6df330abe897e63416","isMergeCommit":true,"messageTitle":"Merge pull request #108 from wasjoe1/branch-minor-nit","messageBody":"Minor nit to resolve guest delete","fileTypesAndContributionMap":{}},{"hash":"f9f8d6df2db2acefd50367fea7eedf7798302d71","isMergeCommit":false,"messageTitle":"DG: Update Logic component diagrams","messageBody":"Update Logic component diagrams to adapt to WedLog design\n","fileTypesAndContributionMap":{"docs":{"insertions":53,"deletions":30}}},{"hash":"f93748262c8e4a8c8e598d917133452499d9d275","isMergeCommit":false,"messageTitle":"JsonAdaptedGuestTest: Add tests for dietary","messageBody":"","fileTypesAndContributionMap":{"test-code":{"insertions":27,"deletions":1}}},{"hash":"a4e9af599cad1bc71214877c2e9a61fc0eb572fc","isMergeCommit":false,"messageTitle":"TypicalGuests: Fix nit with function","messageBody":"","fileTypesAndContributionMap":{"test-code":{"insertions":1,"deletions":1}}},{"hash":"bf32ea7f49c6e950c9d43e03dd297882237a7f71","isMergeCommit":false,"messageTitle":"DG: Update Model component diagrams","messageBody":"Update Model component diagrams to adapt to WedLog design\n","fileTypesAndContributionMap":{"docs":{"insertions":36,"deletions":18}}},{"hash":"1f9eed69ff753a22dd9f6117278fb6970e995c1f","isMergeCommit":false,"messageTitle":"DG: Update Storage class diagram","messageBody":"","fileTypesAndContributionMap":{"docs":{"insertions":6,"deletions":3}}},{"hash":"198a7f8c970b1d91d592bb566148a26cc54af4e2","isMergeCommit":true,"messageTitle":"Merge pull request #111 from keaganpzh/branch-fix-bugs","messageBody":"Fix: loading null dietary requirements from storage throws error","fileTypesAndContributionMap":{}},{"hash":"9c6b32a3f644b3bb9d09f68d08322a199d1d1e18","isMergeCommit":false,"messageTitle":"UG: Add `help` and `exit` command","messageBody":"","fileTypesAndContributionMap":{"docs":{"insertions":18,"deletions":0}}}]},{"date":"2023-10-19","commitResults":[{"hash":"212db1930f43d260f33051bad0c9598b0716513a","isMergeCommit":true,"messageTitle":"Merge branch \u0027AY2324S1-CS2103T-F11-2:master\u0027 into add-ug-help-exit","messageBody":"","fileTypesAndContributionMap":{}},{"hash":"0e6b56e3cf295a4eb499b76fbe8a7213c8119f83","isMergeCommit":false,"messageTitle":"DG: Fix bugs","messageBody":"","fileTypesAndContributionMap":{"docs":{"insertions":28,"deletions":21}}}]}],"p-xp":[{"date":"2023-09-27","commitResults":[{"hash":"c69718af19c814d6847b84a446947692fe9dd55e","isMergeCommit":false,"messageTitle":"Update AboutUs.md for Xinping and Keagan","messageBody":"","fileTypesAndContributionMap":{"functional-code":{"insertions":20,"deletions":0},"docs":{"insertions":9,"deletions":13}}},{"hash":"ddcffd436093910ee6596c422b79eb3c15eb03eb","isMergeCommit":false,"messageTitle":"Remove irrelevant lines","messageBody":"","fileTypesAndContributionMap":{"functional-code":{"insertions":0,"deletions":20}}}]},{"date":"2023-09-28","commitResults":[{"hash":"9676339250bce69463f3b8bf649961e2412c9060","isMergeCommit":false,"messageTitle":"Add skeletal PPP (Xinping)","messageBody":"","fileTypesAndContributionMap":{"other":{"insertions":580,"deletions":0},"docs":{"insertions":46,"deletions":10}}},{"hash":"6c4ad52e3af64e5ad7d8e2a372fb64964e8e8c54","isMergeCommit":false,"messageTitle":"Remove bin files","messageBody":"","fileTypesAndContributionMap":{"other":{"insertions":0,"deletions":580}}},{"hash":"60bf3a9347c518d6bf27d666dd6985ab3e7e445e","isMergeCommit":true,"messageTitle":"Merge pull request #14 from tllshan/about-us","messageBody":"Update AboutUs.md for Joe, Samuel and Shannon","fileTypesAndContributionMap":{}}]},{"date":"2023-09-29","commitResults":[{"hash":"3d1cdf7efbd242a040555986b4486bbfb67338c5","isMergeCommit":true,"messageTitle":"Merge pull request #22 from tllshan/about-us-images","messageBody":"Rename AboutUs.md images","fileTypesAndContributionMap":{}}]},{"date":"2023-10-04","commitResults":[{"hash":"69c9a6a13ac4508975029d9a608d2fd8ece79985","isMergeCommit":true,"messageTitle":"Merge pull request #31 from tllshan/branch-add-Vendor","messageBody":"Create Vendor class","fileTypesAndContributionMap":{}},{"hash":"6444c57e414229d05134dd40c0e9cd9966d96ff4","isMergeCommit":true,"messageTitle":"Merge pull request #33 from tllshan/branch-add-skeletal-ppp","messageBody":"Add skeletal PPP (Shannon)","fileTypesAndContributionMap":{}}]},{"date":"2023-10-05","commitResults":[{"hash":"9cb5cbee5aa00669d6fc414961aebf398fa1c9f7","isMergeCommit":false,"messageTitle":"Add Appendix A: Miscellaneous error message to User Guide","messageBody":"The user guide does not specify expected behavior when WedLog is faced\nwith erroneous inputs that do not fall under a specific command.\n\nWhen users are faced with these behaviours, they may not understand\nthe reason why.\n\nLet\u0027s add a section that details the expected output for different\ntypes of input errors that are not tied to a specific command.\n","fileTypesAndContributionMap":{"docs":{"insertions":11,"deletions":0}}},{"hash":"c31b58087ca92e3bc18a58ded319b0e1f9f8896e","isMergeCommit":false,"messageTitle":"Update product scope in Developer Guide","messageBody":"The product scope details information about AddressBook.\n\nWedLog has a significantly different target audience and value\nproposition.\n\nLet\u0027s change the product scope to reflect WedLog\u0027s target\naudience and value proposition.\n\nThis will make the developer\u0027s guide more relevant for WedLog.\n","fileTypesAndContributionMap":{"docs":{"insertions":10,"deletions":8}}},{"hash":"7df64572c4cfa8b40864542aaeb15b15c6c08812","isMergeCommit":false,"messageTitle":"update quickstart","messageBody":"","fileTypesAndContributionMap":{"docs":{"insertions":5,"deletions":17}}},{"hash":"995a6cdd08606827fa54922f48839336c51b3431","isMergeCommit":false,"messageTitle":"fix formatting","messageBody":"","fileTypesAndContributionMap":{"docs":{"insertions":2,"deletions":2}}},{"hash":"79277f633853b4201fafa8b0c6114af9a7a181e7","isMergeCommit":true,"messageTitle":"Merge branch \u0027master\u0027 into update-ug","messageBody":"","fileTypesAndContributionMap":{}}]},{"date":"2023-10-06","commitResults":[{"hash":"ab17fea6b7cee841b0f7aa444d580986a56a8571","isMergeCommit":true,"messageTitle":"Merge branch \u0027master\u0027 into update-ug","messageBody":"","fileTypesAndContributionMap":{}}]},{"date":"2023-10-07","commitResults":[{"hash":"14e18fbb8f07098a04b73203e4b61e13484c122a","isMergeCommit":true,"messageTitle":"Merge pull request #34 from tllshan/branch-edit-DG","messageBody":"Update user stories of DG","fileTypesAndContributionMap":{}},{"hash":"527e01ed33ad9313b9f051f3bc52b3988d1ab2d9","isMergeCommit":false,"messageTitle":"Add guest list","messageBody":"","fileTypesAndContributionMap":{"functional-code":{"insertions":234,"deletions":2}}},{"hash":"bf435f5dd3857fb597eed5bcd2cb18bf231f859f","isMergeCommit":false,"messageTitle":"Add guests to WedLog","messageBody":"Our application does not maintain guests in the system.\n\nStoring guest information is a key functionality that users will\nexpect from a wedding planning app.\n\nLet\u0027s add a vendor list to model.AddressBook, creating the relevant\nclasses and methods to save, load and edit vendors.\n","fileTypesAndContributionMap":{"functional-code":{"insertions":162,"deletions":2},"test-code":{"insertions":456,"deletions":4}}},{"hash":"0ff58f8072b2c97f803fb0127cc813a1788f73fd","isMergeCommit":false,"messageTitle":"Add guests to WedLog","messageBody":"Our application does not maintain guests in the system.\n\nStoring guest information is a key functionality that users will\nexpect from a wedding planning app.\n\nLet\u0027s add a guest list to model.AddressBook, creating the relevant\nclasses and methods to save, load and edit guests.\n","fileTypesAndContributionMap":{"functional-code":{"insertions":162,"deletions":2},"test-code":{"insertions":456,"deletions":4}}},{"hash":"f33ee5b0afd29a042e884e06f41826a5c2da7f50","isMergeCommit":false,"messageTitle":"Fix style issues","messageBody":"","fileTypesAndContributionMap":{"functional-code":{"insertions":2,"deletions":3},"test-code":{"insertions":1,"deletions":8}}},{"hash":"abd007f60254d869ce54e1fdf370a0abb15b4a92","isMergeCommit":true,"messageTitle":"Merge branch \u0027update-model\u0027 of https://github.com/p-xp/tp into update-model","messageBody":"","fileTypesAndContributionMap":{}},{"hash":"772a93eee2a79733c7fe0a6c59a1d136291d6ce5","isMergeCommit":false,"messageTitle":"Add tests","messageBody":"","fileTypesAndContributionMap":{"test-code":{"insertions":127,"deletions":0}}},{"hash":"08da1c42aef8e675c1403c3b599055aa4a0f463a","isMergeCommit":false,"messageTitle":"Add tests","messageBody":"","fileTypesAndContributionMap":{"test-code":{"insertions":17,"deletions":0}}},{"hash":"4eb8d1092a8c70064278a2cd6340aeed8403306f","isMergeCommit":false,"messageTitle":"Add tests","messageBody":"","fileTypesAndContributionMap":{"test-code":{"insertions":26,"deletions":1}}},{"hash":"1733868d810da43d43d96cf7a76f5e3908b3a3fa","isMergeCommit":false,"messageTitle":"Fix style issues","messageBody":"","fileTypesAndContributionMap":{"test-code":{"insertions":0,"deletions":1}}}]},{"date":"2023-10-09","commitResults":[{"hash":"f6690c6cc887c8e08b96907d7d60a34a8ad047a3","isMergeCommit":true,"messageTitle":"Merge pull request #41 from tllshan/branch-edit-UG","messageBody":"Update UG: add and delete guests","tags":["v1.1"],"fileTypesAndContributionMap":{}}]},{"date":"2023-10-11","commitResults":[{"hash":"3b50d96d87dea3ae5f37bf87a988f2c611c68c23","isMergeCommit":true,"messageTitle":"Resolve merge conflicts","messageBody":"","fileTypesAndContributionMap":{}}]},{"date":"2023-10-17","commitResults":[{"hash":"ac071158ca087cc31cabdb9506e8f853023e9854","isMergeCommit":false,"messageTitle":"implement guest add feature","messageBody":"","fileTypesAndContributionMap":{"functional-code":{"insertions":85,"deletions":28},"other":{"insertions":580,"deletions":0},"test-code":{"insertions":239,"deletions":13}}},{"hash":"dfc2bbcf8cda9bad87a328e17af83fc2e4351d73","isMergeCommit":false,"messageTitle":"minor fix","messageBody":"","fileTypesAndContributionMap":{"functional-code":{"insertions":1,"deletions":1}}},{"hash":"32c42fff3bcdd4bb949cc39c31fc0525da8c4c07","isMergeCommit":false,"messageTitle":"fix failing testcases","messageBody":"","fileTypesAndContributionMap":{"functional-code":{"insertions":9,"deletions":2},"test-code":{"insertions":4,"deletions":6}}},{"hash":"d7a0034adbd3c05f50f88cfe389b452c092a923f","isMergeCommit":false,"messageTitle":"Remove irrelevant files","messageBody":"","fileTypesAndContributionMap":{"other":{"insertions":0,"deletions":580}}},{"hash":"d24bd9d14f43dd92902a342f2db21cb6f588f52d","isMergeCommit":false,"messageTitle":"Add tests","messageBody":"","fileTypesAndContributionMap":{"test-code":{"insertions":267,"deletions":0}}},{"hash":"dc5b9210efd9f4845a01e331d5bd8fe3ce4c9fa5","isMergeCommit":false,"messageTitle":"Implement vendor add feature","messageBody":"Currently, the VendorAddCommand throws an exception when it is executed.\n\nLet\u0027s implement the logic of executing a VendorAddCommand.\n\nThis will allow users to add vendors to WedLog\n","fileTypesAndContributionMap":{"functional-code":{"insertions":69,"deletions":11},"test-code":{"insertions":420,"deletions":17}}},{"hash":"55b24f294c60bd6d978a573456755c8d910a9306","isMergeCommit":false,"messageTitle":"Address comments","messageBody":"","fileTypesAndContributionMap":{"functional-code":{"insertions":14,"deletions":6},"test-code":{"insertions":49,"deletions":0}}},{"hash":"8b0d5486eea7dcd13a4e53fa96cd89f2efe65039","isMergeCommit":false,"messageTitle":"Resolve comments","messageBody":"","fileTypesAndContributionMap":{"test-code":{"insertions":3,"deletions":5}}},{"hash":"4641012c5469ae949264a20f76d7c92323db40ab","isMergeCommit":false,"messageTitle":"Resolve comments","messageBody":"","fileTypesAndContributionMap":{"functional-code":{"insertions":11,"deletions":4},"test-code":{"insertions":68,"deletions":4}}},{"hash":"2dfb5e907cecb7760c0c8df5a14c3efec7a500ba","isMergeCommit":false,"messageTitle":"Fix minor issues","messageBody":"","fileTypesAndContributionMap":{"functional-code":{"insertions":1,"deletions":1}}},{"hash":"95a9735eff9881217f9e371fd448898be5910107","isMergeCommit":false,"messageTitle":"Fix minor issues","messageBody":"","fileTypesAndContributionMap":{"functional-code":{"insertions":2,"deletions":2}}},{"hash":"e28419e3a4c778ebf4db4ead77162bf6f13733f5","isMergeCommit":false,"messageTitle":"Update User Guide to reflect changes","messageBody":"","fileTypesAndContributionMap":{"docs":{"insertions":34,"deletions":3}}},{"hash":"f932ff141a40560696a8c7d2f212d5bf8816470a","isMergeCommit":false,"messageTitle":"Update User Guide","messageBody":"","fileTypesAndContributionMap":{"functional-code":{"insertions":1,"deletions":1},"docs":{"insertions":3,"deletions":2}}}]},{"date":"2023-10-18","commitResults":[{"hash":"8588a71e7a100f6ec42d4a01edae546e71ccf4ee","isMergeCommit":true,"messageTitle":"Merge pull request #103 from tllshan/branch-remove-vendor","messageBody":"Implement `vendor delete`","fileTypesAndContributionMap":{}},{"hash":"a9a409fbdf521047854cbbefca89dd76871b4d3b","isMergeCommit":true,"messageTitle":"Merge branch \u0027master\u0027 into branch-remove-guest","messageBody":"","fileTypesAndContributionMap":{}},{"hash":"5d1775ca71997df2ff1063ba092f10626c04935d","isMergeCommit":true,"messageTitle":"Merge pull request #102 from tllshan/branch-remove-guest","messageBody":"Implement `guest delete`","fileTypesAndContributionMap":{}}]}],"wasjoe1":[{"date":"2023-09-27","commitResults":[{"hash":"09d7f78a081a472e3298a2329d88c426f00bae1c","isMergeCommit":false,"messageTitle":"Erase ReadMe.md content","messageBody":"","fileTypesAndContributionMap":{"docs":{"insertions":0,"deletions":15}}},{"hash":"7e0326b2ac9312677cad82d358e556a6d5499b4a","isMergeCommit":true,"messageTitle":"Merge remote-tracking branch \u0027upstream/master\u0027","messageBody":"","fileTypesAndContributionMap":{}},{"hash":"cdc253340c1d60307816d029c2cccbeb3a40335e","isMergeCommit":false,"messageTitle":"Add remaining parts of the README.md","messageBody":"The README was incomplete at this stage.\n\nThe incomplete README makes it hard for new users to navigate the\nusage of our product.\n\nAdding the 2nd part of the README helps complete the README file.\n\nSplitting into 2 different parts allows 2 developers to work on this\nand allows for more efficient workflow.\n","fileTypesAndContributionMap":{"docs":{"insertions":18,"deletions":0}}},{"hash":"6ae10c294f76f0bd538677e94ad54ecf0895f588","isMergeCommit":false,"messageTitle":"Update README: remove extra description part","messageBody":"","fileTypesAndContributionMap":{"docs":{"insertions":0,"deletions":2}}},{"hash":"ab79d57107b3a577529768201d3db421055f8bb8","isMergeCommit":true,"messageTitle":"Merge pull request #11 from p-xp/about-us","messageBody":"Update AboutUs.md for Xinping and Keagan","fileTypesAndContributionMap":{}}]},{"date":"2023-10-04","commitResults":[{"hash":"a0c8743ebd10bf8febe5c9b30e16a1d87b610304","isMergeCommit":false,"messageTitle":"Add view commands for vendors in UG-features","messageBody":"Features in the UG were outdated.\n\nThis will cause users to be confused about the usage of WedLog.\n\nInputting the updated features specifically viewing all vendors\nand view a specific vendor will help users navigate WedLog better.\nOther parts of the UG were left untouched.\n\nThis is so when other edits are made in the future, us developers\ncan reference the other sections that were previously written\nand not waste past efforts.\n","fileTypesAndContributionMap":{"docs":{"insertions":22,"deletions":127}}},{"hash":"4b47f79ad52dd0c46fd4bf7cde001d1597173cf0","isMergeCommit":false,"messageTitle":"Update command summary table","messageBody":"","fileTypesAndContributionMap":{"docs":{"insertions":4,"deletions":9}}},{"hash":"6e1432b483665e0e370be3dcfd86c828ade46ccd","isMergeCommit":false,"messageTitle":"Update UG:features section","messageBody":"","fileTypesAndContributionMap":{"docs":{"insertions":1,"deletions":1}}},{"hash":"b1b9d8107eb3be22dc271ec922bd4a115e8f3d89","isMergeCommit":false,"messageTitle":"Update UserGuide.md","messageBody":"","fileTypesAndContributionMap":{"docs":{"insertions":1,"deletions":1}}}]},{"date":"2023-10-05","commitResults":[{"hash":"2ec671e7b2cdae46521766619719972c42a81936","isMergeCommit":false,"messageTitle":"Update UserGuide.md to match AB3 format","messageBody":"","fileTypesAndContributionMap":{"docs":{"insertions":3,"deletions":3}}},{"hash":"ce8720055c98f7f7bbc73d7497fd38fc438260f3","isMergeCommit":true,"messageTitle":"Merge pull request #36 from p-xp/update-dg","messageBody":"Update product scope in Developer Guide","fileTypesAndContributionMap":{}},{"hash":"f2329b18c29f02e7979d48e69ad784593dcda376","isMergeCommit":false,"messageTitle":"Update DG use cases section","messageBody":"","fileTypesAndContributionMap":{"docs":{"insertions":136,"deletions":28}}},{"hash":"0b3948508f787c5daa2ee96fc098174e87091756","isMergeCommit":true,"messageTitle":"Merge branch \u0027master\u0027 into branch-edit-DG","messageBody":"","fileTypesAndContributionMap":{}}]},{"date":"2023-10-06","commitResults":[{"hash":"e36c8936816ccfe186244719386e6daf1a68aa7e","isMergeCommit":false,"messageTitle":"Edit parsers: in progress","messageBody":"","fileTypesAndContributionMap":{"functional-code":{"insertions":4,"deletions":0}}},{"hash":"081f8d61fff519284ab45c718a49830afb6267a2","isMergeCommit":false,"messageTitle":"Edit branches: in progress","messageBody":"","fileTypesAndContributionMap":{"functional-code":{"insertions":115,"deletions":36}}},{"hash":"1da5d198e64acfadd6b4fc75cca28cd8ded54123","isMergeCommit":true,"messageTitle":"Merge branch \u0027master\u0027 into branch-edit-DG","messageBody":"","fileTypesAndContributionMap":{}},{"hash":"a8466bc5b8f632db58764a19f108d356eab131ea","isMergeCommit":false,"messageTitle":"Update DG: new use case highlights, add *","messageBody":"","fileTypesAndContributionMap":{"docs":{"insertions":16,"deletions":16}}},{"hash":"94537eeb9d0e6eddd17a1a9c44a09c92506a4dcc","isMergeCommit":false,"messageTitle":"Update DG: resolve nits","messageBody":"","fileTypesAndContributionMap":{"docs":{"insertions":8,"deletions":8}}}]},{"date":"2023-10-07","commitResults":[{"hash":"ebc8896ef125e034d40bc01391afb2ff4faf08db","isMergeCommit":false,"messageTitle":"Update Parsing","messageBody":"","fileTypesAndContributionMap":{"functional-code":{"insertions":557,"deletions":49}}},{"hash":"4dbf06870bd23d35fdd23661cbe881f4a7e7986c","isMergeCommit":true,"messageTitle":"Merge branch \u0027master\u0027 into branch-add-parsers","messageBody":"","fileTypesAndContributionMap":{}},{"hash":"49832798cc44090d88b7744bbe203788285ede3f","isMergeCommit":false,"messageTitle":"Add ppp","messageBody":"","fileTypesAndContributionMap":{"docs":{"insertions":29,"deletions":0}}},{"hash":"e2dd7199ed96b2775f23945e8b22e61a79641b70","isMergeCommit":true,"messageTitle":"Merge branch \u0027master\u0027 into branch-add-ppp","messageBody":"","fileTypesAndContributionMap":{}},{"hash":"558aa81ef79555da5cd831279b723c1dd0103347","isMergeCommit":false,"messageTitle":"Update AboutUs due to ppp","messageBody":"","fileTypesAndContributionMap":{"docs":{"insertions":1,"deletions":1}}}]},{"date":"2023-10-08","commitResults":[{"hash":"b81c5916e52170a1e647c3ec4e4561fcde37265a","isMergeCommit":false,"messageTitle":"Update Parsers \u0026 commands, remove changes in ModelManager","messageBody":"","fileTypesAndContributionMap":{"functional-code":{"insertions":126,"deletions":105}}},{"hash":"16be7b14d7e675f464bf6fe93092c3f69187cf53","isMergeCommit":false,"messageTitle":"Add parsers: Add test cases","messageBody":"","fileTypesAndContributionMap":{"functional-code":{"insertions":0,"deletions":7},"test-code":{"insertions":356,"deletions":73}}},{"hash":"d965d0f92e9a660cdfa1e1ee7e9738bca287daf8","isMergeCommit":true,"messageTitle":"Merge branch \u0027master\u0027 into branch-add-parsers","messageBody":"","fileTypesAndContributionMap":{}}]},{"date":"2023-10-12","commitResults":[{"hash":"6e2c3b7cafe66b42e8868b3ccf8e555ce0125bbe","isMergeCommit":false,"messageTitle":"Resolve checkstyle errors","messageBody":"","fileTypesAndContributionMap":{"functional-code":{"insertions":89,"deletions":129},"test-code":{"insertions":34,"deletions":24}}},{"hash":"604871e79bb424f7d0ab5365e2ddcb806f4c573c","isMergeCommit":true,"messageTitle":"Resolve merge conflict in ReadOnlyAddressBook.java","messageBody":"","fileTypesAndContributionMap":{}},{"hash":"f0d2e234cefb2b2335144823b4867ddf92870130","isMergeCommit":false,"messageTitle":"Resolved Vendor parsers test cases","messageBody":"","fileTypesAndContributionMap":{"functional-code":{"insertions":48,"deletions":9},"test-code":{"insertions":35,"deletions":27}}},{"hash":"4d481c37e0b05bc4c376fe24a15654147659ceb7","isMergeCommit":false,"messageTitle":"Resolve parsers test cases","messageBody":"","fileTypesAndContributionMap":{"functional-code":{"insertions":31,"deletions":24},"test-code":{"insertions":43,"deletions":32}}}]},{"date":"2023-10-13","commitResults":[{"hash":"963d6b5d17fde1caa34c3d9cb420871216cbc3fb","isMergeCommit":false,"messageTitle":"resolve details","messageBody":"","fileTypesAndContributionMap":{"functional-code":{"insertions":5,"deletions":7},"test-code":{"insertions":68,"deletions":27}}},{"hash":"66c2a6bc69807c0ae4df5d4c7bc193a5e07a77e1","isMergeCommit":false,"messageTitle":"resolve details 2","messageBody":"","fileTypesAndContributionMap":{"test-code":{"insertions":1,"deletions":2}}}]},{"date":"2023-10-15","commitResults":[{"hash":"f1dd9b5c6be0ec85ef5d8fc1648bc19aaa091762","isMergeCommit":false,"messageTitle":"Edit parserUtil \u0026 DR to accept none","messageBody":"","fileTypesAndContributionMap":{"functional-code":{"insertions":23,"deletions":4},"docs":{"insertions":2,"deletions":0}}},{"hash":"5ccc1df17b766bb0522596d236fd49d7702a8236","isMergeCommit":false,"messageTitle":"Create test for dietary requirements","messageBody":"","fileTypesAndContributionMap":{"functional-code":{"insertions":4,"deletions":4},"test-code":{"insertions":4,"deletions":0}}},{"hash":"1cae43b2dfdf324f0f46a0254e8a594a50142a14","isMergeCommit":false,"messageTitle":"Edit test cases","messageBody":"","fileTypesAndContributionMap":{"functional-code":{"insertions":5,"deletions":2},"test-code":{"insertions":6,"deletions":5}}},{"hash":"b73f59f7f5f0cf2d3ed3b6210309d0d456e93b3a","isMergeCommit":false,"messageTitle":"Edit test cases","messageBody":"","fileTypesAndContributionMap":{"functional-code":{"insertions":1,"deletions":1},"test-code":{"insertions":6,"deletions":0}}}]},{"date":"2023-10-16","commitResults":[{"hash":"30928bb0c3c4a133956ab9def4d048856cf5f513","isMergeCommit":false,"messageTitle":"Create GuestList and VendorList commands","messageBody":"","fileTypesAndContributionMap":{"functional-code":{"insertions":22,"deletions":12},"test-code":{"insertions":62,"deletions":0}}},{"hash":"2c3cb613c052b4a519de0ec1a65c3dd2dad65943","isMergeCommit":true,"messageTitle":"Merge branch \u0027master\u0027 into branch-list-command","messageBody":"","fileTypesAndContributionMap":{}},{"hash":"d6e110b58886c3498668a71d1c39fbdbedc61afa","isMergeCommit":false,"messageTitle":"Update src/test/java/wedlog/address/logic/commands/GuestListCommandTest.java","messageBody":"Co-authored-by: samuelim01 \u003c61283948+samuelim01@users.noreply.github.com\u003e","fileTypesAndContributionMap":{"test-code":{"insertions":1,"deletions":1}}},{"hash":"fe8d2f50b0064ca6932b5686d83554a6442a8566","isMergeCommit":false,"messageTitle":"Update src/test/java/wedlog/address/logic/commands/VendorListCommandTest.java","messageBody":"Co-authored-by: samuelim01 \u003c61283948+samuelim01@users.noreply.github.com\u003e","fileTypesAndContributionMap":{"test-code":{"insertions":1,"deletions":1}}},{"hash":"e46bec40f508e8c70edd55a2fbae8f51703f2ae9","isMergeCommit":false,"messageTitle":"Update src/test/java/wedlog/address/logic/commands/GuestListCommandTest.java","messageBody":"Co-authored-by: samuelim01 \u003c61283948+samuelim01@users.noreply.github.com\u003e","fileTypesAndContributionMap":{"test-code":{"insertions":2,"deletions":0}}},{"hash":"44d18446932eca1c7c9f70d3e4c54025adaeb847","isMergeCommit":false,"messageTitle":"Update src/test/java/wedlog/address/logic/commands/VendorListCommandTest.java","messageBody":"Co-authored-by: samuelim01 \u003c61283948+samuelim01@users.noreply.github.com\u003e","fileTypesAndContributionMap":{"test-code":{"insertions":2,"deletions":0}}},{"hash":"fb54ea74d03808822531a3fded16a72a11c41085","isMergeCommit":false,"messageTitle":"Update GuestListCommandTest.java","messageBody":"","fileTypesAndContributionMap":{"test-code":{"insertions":1,"deletions":1}}},{"hash":"fe66184b687ff75b63fa78434b249d15a1cf9225","isMergeCommit":false,"messageTitle":"Update VendorListCommandTest.java","messageBody":"","fileTypesAndContributionMap":{"test-code":{"insertions":1,"deletions":1}}}]},{"date":"2023-10-17","commitResults":[{"hash":"5b22622778d7bc63d1dcbabc0da4b29402cf88c2","isMergeCommit":true,"messageTitle":"Merge pull request #105 from p-xp/guest-add-command","messageBody":"implement `guest add`","fileTypesAndContributionMap":{}},{"hash":"8e8e7de4a3b3423fc90a9b67ec3c8528d6e7cd24","isMergeCommit":false,"messageTitle":"Update src/main/java/wedlog/address/logic/commands/VendorAddCommand.java","messageBody":"","fileTypesAndContributionMap":{"functional-code":{"insertions":0,"deletions":1}}},{"hash":"2efb37a573bc0fe12c78db576360aa74c46a4a95","isMergeCommit":true,"messageTitle":"Merge pull request #106 from p-xp/vendor-add","messageBody":"Implement `vendor add`","fileTypesAndContributionMap":{}}]},{"date":"2023-10-18","commitResults":[{"hash":"9352d2d573402a44565cd2ed3ae5333dfb63a515","isMergeCommit":false,"messageTitle":"minor nit","messageBody":"","fileTypesAndContributionMap":{"test-code":{"insertions":3,"deletions":2}}}]}],"keaganpzh":[{"date":"2023-09-27","commitResults":[{"hash":"a9cf7bc25f8801dc8e2ad4ad14aee533a3fff25c","isMergeCommit":false,"messageTitle":"docs: update site-wide settings","messageBody":"","fileTypesAndContributionMap":{"docs":{"insertions":1,"deletions":1}}},{"hash":"fc31a394999d3a8ee5f94b21e26b8daa99e0cae9","isMergeCommit":true,"messageTitle":"Merge pull request #12 from keaganpzh/master","messageBody":"update site-wide settings","fileTypesAndContributionMap":{}}]},{"date":"2023-09-28","commitResults":[{"hash":"278ca612c9ba525058a3337241f9a01cebfa12c4","isMergeCommit":false,"messageTitle":"add skeletal-PPP for Keagan","messageBody":"","fileTypesAndContributionMap":{"docs":{"insertions":22,"deletions":0}}},{"hash":"f5d3b65c5598506df471717fcab3c2b22840e442","isMergeCommit":false,"messageTitle":"fix checkstyle for README and PPP","messageBody":"","fileTypesAndContributionMap":{"docs":{"insertions":3,"deletions":5}}},{"hash":"4c13c8e8f5ec7f4a849ac96e3e78a1dba3435663","isMergeCommit":true,"messageTitle":"Merge pull request #17 from samuelim01/update-sitemap-index","messageBody":"Update sitemap index","fileTypesAndContributionMap":{}},{"hash":"a8b105034d12b80b9114cd71824697a0ee6d1dee","isMergeCommit":false,"messageTitle":"update AboutUs to reflect PPP","messageBody":"","fileTypesAndContributionMap":{"docs":{"insertions":1,"deletions":1}}},{"hash":"f3758926869432d4159ed9b2c67542c7d9d7e009","isMergeCommit":true,"messageTitle":"Merge branch \u0027AY2324S1-CS2103T-F11-2:master\u0027 into branch-PPP-skeleton","messageBody":"","fileTypesAndContributionMap":{}},{"hash":"7c1d4dbb7b6b6e3d1804dc12c4b1d933558cc54a","isMergeCommit":true,"messageTitle":"Merge pull request #21 from samuelim01/add-skeletal-ppp","messageBody":"Add skeletal PPP (Samuel)","fileTypesAndContributionMap":{}}]},{"date":"2023-09-29","commitResults":[{"hash":"e601188a37767d5b2868e963cc0ce85a7e820285","isMergeCommit":true,"messageTitle":"Merge branch \u0027master\u0027 into xinping-ppp","messageBody":"","fileTypesAndContributionMap":{}},{"hash":"b3298ea01f74dc72e352617038317dcd5d3c6505","isMergeCommit":true,"messageTitle":"Merge pull request #19 from p-xp/xinping-ppp","messageBody":"Add skeletal PPP (Xinping)","fileTypesAndContributionMap":{}}]},{"date":"2023-10-02","commitResults":[{"hash":"e3edd94bde7f0d59ce3e65b79cc25fe88a5b71ba","isMergeCommit":false,"messageTitle":"feat: create RsvpStatus, DietaryRequirements, Guest classes","messageBody":"","fileTypesAndContributionMap":{"functional-code":{"insertions":168,"deletions":0}}},{"hash":"d046edb544b0cb437322a5b33e8dd54e404d0b1d","isMergeCommit":false,"messageTitle":"feat: add some classes for testing of Guest class (UNFINISHED; Blocked by Edit Command)","messageBody":"","fileTypesAndContributionMap":{"functional-code":{"insertions":135,"deletions":0},"test-code":{"insertions":168,"deletions":0}}},{"hash":"61c31169fd033cba05d70f008ec264f4717b955d","isMergeCommit":false,"messageTitle":"fix checkstyle","messageBody":"","fileTypesAndContributionMap":{"functional-code":{"insertions":18,"deletions":5},"test-code":{"insertions":3,"deletions":3}}},{"hash":"36363038c0b2014661d5bf921ad3715e210b1335","isMergeCommit":false,"messageTitle":"add test cases for Guest, RsvpStatus, DietaryRequirements classes","messageBody":"","fileTypesAndContributionMap":{"test-code":{"insertions":149,"deletions":73}}}]},{"date":"2023-10-03","commitResults":[{"hash":"ef73237559082ba73a7935cc26bbd0b21a7c3226","isMergeCommit":false,"messageTitle":"add testcases for JsonAdaptedGuest","messageBody":"","fileTypesAndContributionMap":{"functional-code":{"insertions":1,"deletions":1},"test-code":{"insertions":56,"deletions":0}}},{"hash":"5a39e0865d760e8336361874c1589127b6a42234","isMergeCommit":false,"messageTitle":"fix checkstyle for JsonAdaptedGuestTest.java","messageBody":"","fileTypesAndContributionMap":{"test-code":{"insertions":10,"deletions":9}}},{"hash":"60ed0a66bc981cfa06ee19a1641428aa0adb27c8","isMergeCommit":false,"messageTitle":"fix: rewrite RsvpStatus class to handle 3 possible values","messageBody":"","fileTypesAndContributionMap":{"functional-code":{"insertions":28,"deletions":142},"test-code":{"insertions":11,"deletions":68}}},{"hash":"71274703d6e2fcec5317399df95f9120da2e1ea4","isMergeCommit":false,"messageTitle":"add testcases for GuestTest","messageBody":"","fileTypesAndContributionMap":{"test-code":{"insertions":49,"deletions":0}}}]},{"date":"2023-10-04","commitResults":[{"hash":"11fbbd72810e72913c47dda8fce58886ac99617d","isMergeCommit":false,"messageTitle":"Changes to RsvpStatus and GuestTest","messageBody":"RsvpStatus class currently has \u0027MAYBE\u0027 as a possible value, which is\nambiguous. GuestTest has a redundant test that targets an overriden\nmethod.\n\nSuggested to change the \u0027MAYBE\u0027 value to \u0027UNKNOWN\u0027 for greater clarity.\nRemoving the redundant test case should have no impact on code coverage.\n\nLet\u0027s,\n* Replace possible value in RsvpStatus\n* Remove the extra test case\n","fileTypesAndContributionMap":{"functional-code":{"insertions":5,"deletions":5},"test-code":{"insertions":2,"deletions":47}}}]},{"date":"2023-10-05","commitResults":[{"hash":"2f68b2daaeeddcd82a150a864be538814d6350d9","isMergeCommit":true,"messageTitle":"Merge pull request #32 from wasjoe1/branch-edit-UG","messageBody":"Update feature list of UG","fileTypesAndContributionMap":{}},{"hash":"f0c8a75da1a647c68f521eb788bce57d0b15adf7","isMergeCommit":false,"messageTitle":"update UG: view guest(s)","messageBody":"","fileTypesAndContributionMap":{"docs":{"insertions":40,"deletions":5}}},{"hash":"0a0f4685c9c3849757cd9df16a0b537184ff0d82","isMergeCommit":false,"messageTitle":"fix user guide based on previous review","messageBody":"","fileTypesAndContributionMap":{"docs":{"insertions":47,"deletions":11}}},{"hash":"9e9506ca7f2b17b0b736b77da16b31fe3d9843e9","isMergeCommit":true,"messageTitle":"Merge pull request #39 from samuelim01/modify-dg-nfr","messageBody":"Update DG NFRs","fileTypesAndContributionMap":{}}]},{"date":"2023-10-06","commitResults":[{"hash":"9793fc3d5e8d413c0ac6da709d36d13b7b4900df","isMergeCommit":false,"messageTitle":"fix colons and tense of headers","messageBody":"","fileTypesAndContributionMap":{"docs":{"insertions":6,"deletions":6}}},{"hash":"8166b2bf907106eab57116d32a601b99b3705a5d","isMergeCommit":false,"messageTitle":"update DG: Glossary and Appendix","messageBody":"","fileTypesAndContributionMap":{"docs":{"insertions":9,"deletions":23}}},{"hash":"a480381bcd58840ef6de1b2a989696dafb991ae6","isMergeCommit":true,"messageTitle":"Merge pull request #40 from samuelim01/add-ug-vendor-add-delete","messageBody":"UG: Add `vendor add` and `vendor delete`","fileTypesAndContributionMap":{}}]},{"date":"2023-10-07","commitResults":[{"hash":"8cdb3bf24b43929ee8dedf57eec118e24800f11a","isMergeCommit":false,"messageTitle":"resolve merge conflict","messageBody":"","fileTypesAndContributionMap":{"docs":{"insertions":1,"deletions":1}}},{"hash":"8922d7dec6105acbd108bf7f86680a4bce3d3da1","isMergeCommit":true,"messageTitle":"Merge branch \u0027samuelim01-add-ug-help\u0027","messageBody":"","fileTypesAndContributionMap":{}},{"hash":"14e2ad3a927c6b136252de715777d10a88aef016","isMergeCommit":true,"messageTitle":"fix merge conflict on samuelim01-add-ug-help","messageBody":"","fileTypesAndContributionMap":{}},{"hash":"35105e056b60bbecb091a4e8a003bcf0f4e91537","isMergeCommit":true,"messageTitle":"Merge pull request #47 from keaganpzh/master","messageBody":"Fix merge conflict for PR #46","fileTypesAndContributionMap":{}}]},{"date":"2023-10-08","commitResults":[{"hash":"b616735c1aeec29de76c7949e2bde2a91d6fc808","isMergeCommit":true,"messageTitle":"Merge pull request #85 from samuelim01/fix-dg-user-stories","messageBody":"DG: Fix user stories cosmetic issue","fileTypesAndContributionMap":{}}]},{"date":"2023-10-10","commitResults":[{"hash":"1d6c4621cfd8c95acf13f9d788917f758fd99de2","isMergeCommit":true,"messageTitle":"Merge pull request #45 from samuelim01/add-vendor-list","messageBody":"Add vendors to `AddressBook`","fileTypesAndContributionMap":{}}]},{"date":"2023-10-11","commitResults":[{"hash":"10bf5f3071d1e9af10ba313d2b5e1dbb004a647f","isMergeCommit":true,"messageTitle":"Merge pull request #51 from p-xp/update-model","messageBody":"Add guests to `WedLog`","fileTypesAndContributionMap":{}}]},{"date":"2023-10-12","commitResults":[{"hash":"efbb85a790acebe1ecb13f2f3933b5e8a390cc3b","isMergeCommit":true,"messageTitle":"Merge pull request #93 from samuelim01/add-model-manager-skeleton","messageBody":"Model: Add `guest` and `vendor` methods","fileTypesAndContributionMap":{}}]},{"date":"2023-10-13","commitResults":[{"hash":"3a038e580847f7396b9a46cdb8a9a4e9389df5a5","isMergeCommit":true,"messageTitle":"Merge pull request #94 from samuelim01/add-favicon","messageBody":"docs: Add a favicon","fileTypesAndContributionMap":{}}]},{"date":"2023-10-14","commitResults":[{"hash":"9bb4c309d44cf20c1341e28b0d44c7f283ff3876","isMergeCommit":true,"messageTitle":"Merge pull request #96 from samuelim01/refactor-seedu-wedlog","messageBody":"Refactor package `seedu` to `wedlog`","fileTypesAndContributionMap":{}},{"hash":"633c3cf6cf9046ed49c6c6aee0e23a82dbebcc77","isMergeCommit":true,"messageTitle":"Merge pull request #97 from samuelim01/update-version","messageBody":"MainApp: Bump version to 1.1.1","tags":["v1.1.1"],"fileTypesAndContributionMap":{}}]},{"date":"2023-10-16","commitResults":[{"hash":"c174a9c0894cf267b36afb74728835c2389e4d68","isMergeCommit":true,"messageTitle":"Merge pull request #101 from samuelim01/modify-person-fields","messageBody":"Modify `Person` to have optional fields","fileTypesAndContributionMap":{}}]},{"date":"2023-10-18","commitResults":[{"hash":"79f7125c55ae9e6cc888ada0acd99dd5f072641c","isMergeCommit":true,"messageTitle":"Merge branch \u0027master\u0027 into branch-integrate-UI","messageBody":"","fileTypesAndContributionMap":{}},{"hash":"04c4e8f4d197fad0d05a03368acab8d54ad52293","isMergeCommit":false,"messageTitle":"fix JsonAdaptedGuest to prevent a null dietary requirement from throwing exception","messageBody":"","fileTypesAndContributionMap":{"functional-code":{"insertions":1,"deletions":2}}},{"hash":"046d80643515188058ac7860ae2230a7bf70ee9c","isMergeCommit":false,"messageTitle":"fix Guest class to accept dietary requirements as null","messageBody":"","fileTypesAndContributionMap":{"functional-code":{"insertions":1,"deletions":1}}},{"hash":"5f5d46ef3456127677336b85a971dd1efb1e2afb","isMergeCommit":false,"messageTitle":"fix guest class","messageBody":"","fileTypesAndContributionMap":{"functional-code":{"insertions":2,"deletions":1}}},{"hash":"9f0896f73662356711ea918a2457b60b80376cda","isMergeCommit":false,"messageTitle":"fix checkstyle","messageBody":"","fileTypesAndContributionMap":{"functional-code":{"insertions":2,"deletions":2}}},{"hash":"68b22f67f192e2b736d159861e3c105b3f1c744a","isMergeCommit":false,"messageTitle":"edit testcases","messageBody":"","fileTypesAndContributionMap":{"test-code":{"insertions":4,"deletions":14}}},{"hash":"b20370262d811a6cd15c8dbaf25f8fd1bc558aca","isMergeCommit":false,"messageTitle":"delete unused import","messageBody":"","fileTypesAndContributionMap":{"test-code":{"insertions":0,"deletions":1}}}]},{"date":"2023-10-19","commitResults":[{"hash":"40b114b28fe86c2673268117b222a31c2b3a0fc6","isMergeCommit":true,"messageTitle":"Merge pull request #112 from samuelim01/modify-dg-design","messageBody":"DG: Update design diagrams","fileTypesAndContributionMap":{}},{"hash":"4410644efc5aea1aed8648f4435ac1a421031331","isMergeCommit":true,"messageTitle":"Merge pull request #115 from samuelim01/add-ug-help-exit","messageBody":"UG: Add `help` and `exit` command","fileTypesAndContributionMap":{}}]}]},"authorFileTypeContributionMap":{"tllshan":{"docs":169,"functional-code":155,"test-code":415},"samuelim01":{"docs":227,"functional-code":1132,"test-code":1942,"other":2},"p-xp":{"docs":96,"functional-code":504,"test-code":1610},"wasjoe1":{"docs":184,"functional-code":477,"test-code":347},"keaganpzh":{"docs":83,"functional-code":181,"test-code":218}},"authorContributionVariance":{"tllshan":6800.6943,"samuelim01":235275.7,"p-xp":344887.47,"wasjoe1":35508.953,"keaganpzh":21889.139},"authorDisplayNameMap":{"tllshan":"CS2103T-F11-2 TSOU..NNON","samuelim01":"CS2103T-F11-2 LIM ..MUEL","p-xp":"CS2103T-F11-2 PAN ..PING","wasjoe1":"CS2103T-F11-2 CHUA.. JOE","keaganpzh":"CS2103T-F11-2 KEAG.. HON"}}
