{"authorDailyContributionsMap":{"richiehx":[{"date":"2023-09-28","commitResults":[{"hash":"d56756d44264b415a2f69ac2f76686f1327fcb20","isMergeCommit":false,"messageTitle":"Update AboutUs and Add Skeleton PPP","messageBody":"","fileTypesAndContributionMap":{"docs":{"insertions":36,"deletions":5}}},{"hash":"641af309b0876555fcfb91e2233f9b496925d8dd","isMergeCommit":true,"messageTitle":"Merge pull request #20 from pzl111/v1.1","messageBody":"Update AboutUS, upload profile picture and add skeletal PPP for pzl1111","fileTypesAndContributionMap":{}},{"hash":"99089e42f6a72b5a6b6f03ac40fc32ff7b0d38bf","isMergeCommit":false,"messageTitle":"Fix checkstyle errors","messageBody":"","fileTypesAndContributionMap":{"docs":{"insertions":2,"deletions":1}}},{"hash":"6182ed4627df17ba317e4c32ee3f1b107057f991","isMergeCommit":false,"messageTitle":"Update User Stories in Developer Guide","messageBody":"","fileTypesAndContributionMap":{"docs":{"insertions":28,"deletions":11}}}]},{"date":"2023-10-01","commitResults":[{"hash":"684601c0e815b967b80d165262ed3d3c1bf5c175","isMergeCommit":true,"messageTitle":"Merge pull request #26 from yiwen101/master","messageBody":"Add personal details and images in docs folder","fileTypesAndContributionMap":{}},{"hash":"28f4a40b7689c87653c69295e8a1940978a17405","isMergeCommit":false,"messageTitle":"Update User Guide","messageBody":"","fileTypesAndContributionMap":{"docs":{"insertions":40,"deletions":2}}},{"hash":"5ac0ff50e24830eeb4ab0b750721b10d74c4a6b2","isMergeCommit":true,"messageTitle":"Merge pull request #30 from AY2324S1-CS2103T-T11-3/update-aboutus","messageBody":"update aboutus","fileTypesAndContributionMap":{}}]},{"date":"2023-10-04","commitResults":[{"hash":"2a354ebbb6525db4107857008c3354bf75a27ae2","isMergeCommit":true,"messageTitle":"Merge pull request #43 from yiwen101/master","messageBody":"correct image name into github account name","fileTypesAndContributionMap":{}}]},{"date":"2023-10-07","commitResults":[{"hash":"4f3ff415184ea8df94602d8c46fd4a430d189a9e","isMergeCommit":true,"messageTitle":"Merge pull request #47 from pzl111/v1.1","messageBody":"Updated user guide, aboutus, readme and a new image for helpMessage","fileTypesAndContributionMap":{}},{"hash":"b90f87d083bb1440f4fa0b40c51c0b8f893e2188","isMergeCommit":true,"messageTitle":"Merge pull request #45 from AY2324S1-CS2103T-T11-3/update-guides","messageBody":"update DG","fileTypesAndContributionMap":{}}]},{"date":"2023-10-13","commitResults":[{"hash":"1c48abfe5ea4edafa72ea5154dd6b39a299285a9","isMergeCommit":false,"messageTitle":"Add ShowPersonPanel","messageBody":"","fileTypesAndContributionMap":{"functional-code":{"insertions":101,"deletions":0}}}]},{"date":"2023-10-14","commitResults":[{"hash":"72525a938aed5d2705a376ba6fc46e90a2333bcf","isMergeCommit":false,"messageTitle":"Add Show Functionality","messageBody":"","fileTypesAndContributionMap":{"functional-code":{"insertions":298,"deletions":85}}},{"hash":"b2fd0ebbcc6b43e0ef2544c0646da374178cff2c","isMergeCommit":false,"messageTitle":"Fix Checkstyle errors","messageBody":"","fileTypesAndContributionMap":{"functional-code":{"insertions":10,"deletions":20},"test-code":{"insertions":11,"deletions":0}}}]},{"date":"2023-10-17","commitResults":[{"hash":"5008d8cb55012137eef63f0c9b278ef7e5c6dc4a","isMergeCommit":true,"messageTitle":"Merge pull request #68 from pzl111/v1.2","messageBody":"Change UI layout, add app state, change list command","fileTypesAndContributionMap":{}}]},{"date":"2023-10-18","commitResults":[{"hash":"d7ea5e26b9369775712f21cf677ca6d974537da0","isMergeCommit":false,"messageTitle":"Add Show Lesson and Show Person Panel","messageBody":"The Show command currently creates a new window and only shows the\ndetails of a person.\n\nModify the Show command to change the panel in the MainWindow and modify\nthe Show command to show the details of a lesson as well.\n","fileTypesAndContributionMap":{"functional-code":{"insertions":234,"deletions":180},"test-code":{"insertions":5,"deletions":0}}},{"hash":"0bfa5ad2516668355b8884a01f9862b73c06ddae","isMergeCommit":false,"messageTitle":"Modify Student Detail Panel","messageBody":"","fileTypesAndContributionMap":{"functional-code":{"insertions":3,"deletions":3}}},{"hash":"625f0cd62818bc4635986da1cd59d4149c67315e","isMergeCommit":true,"messageTitle":"Merge pull request #72 from pzl111/v1.2","messageBody":"UI changes to student and lesson detail list","fileTypesAndContributionMap":{}}]},{"date":"2023-10-19","commitResults":[{"hash":"ccc8b8cbf32a291cd489abd62f5c6cf106aa26b4","isMergeCommit":false,"messageTitle":"Fix bug where calling show multiple times stacks tags and subjects","messageBody":"","fileTypesAndContributionMap":{"functional-code":{"insertions":5,"deletions":0}}}]},{"date":"2023-10-20","commitResults":[{"hash":"49abacf400cf9b4f8777f271abebb8354c38ee6e","isMergeCommit":true,"messageTitle":"Merge pull request #76 from pzl111/statesbranch","messageBody":"Change state from String to State enum, add test cases to list command","fileTypesAndContributionMap":{}}]},{"date":"2023-10-21","commitResults":[{"hash":"b610bbde6291a14d22ac796994c71d19be4b2c1a","isMergeCommit":false,"messageTitle":"Add Tests for the Show Command","messageBody":"","fileTypesAndContributionMap":{"functional-code":{"insertions":46,"deletions":12},"test-code":{"insertions":114,"deletions":0}}},{"hash":"814679a21820624dbc299204adaaebd3f3a10d30","isMergeCommit":false,"messageTitle":"Update UserGuide and Index page","messageBody":"","fileTypesAndContributionMap":{"docs":{"insertions":50,"deletions":16}}},{"hash":"678d32f882d65ab6a06e58751d5d11300d5e71f1","isMergeCommit":false,"messageTitle":"Fix checkstyle errors","messageBody":"","fileTypesAndContributionMap":{"functional-code":{"insertions":1,"deletions":1}}}]},{"date":"2023-10-22","commitResults":[{"hash":"8c11d15bbd5f1c7a7e7f988dee2d8d3186d3101f","isMergeCommit":false,"messageTitle":"Add Structure for Task List","messageBody":"","fileTypesAndContributionMap":{"functional-code":{"insertions":420,"deletions":13}}}]},{"date":"2023-10-24","commitResults":[{"hash":"4f12b474a565b5325e1d112d6e18a85bbf47945c","isMergeCommit":false,"messageTitle":"Modify Lesson constructor to include TaskList","messageBody":"","fileTypesAndContributionMap":{"functional-code":{"insertions":12,"deletions":5},"test-code":{"insertions":19,"deletions":3}}},{"hash":"c481784b75df7d9921d9158d5f4cb40272df2b11","isMergeCommit":true,"messageTitle":"Merge branch \u0027master\u0027 into AddTaskList","messageBody":"","fileTypesAndContributionMap":{}},{"hash":"7422efbedb3750fc5396bdeb9aca6b49b6d180b7","isMergeCommit":false,"messageTitle":"Fix merge conflicts","messageBody":"","fileTypesAndContributionMap":{"functional-code":{"insertions":39,"deletions":12},"test-code":{"insertions":12,"deletions":10}}}]},{"date":"2023-10-25","commitResults":[{"hash":"c87b71ecf6442b7bcc019258b846a3686c47a609","isMergeCommit":true,"messageTitle":"Merge pull request #98 from elaineshijie/edit-dg","messageBody":"Add subject and schedule details in ModelClassDiagram of DG","fileTypesAndContributionMap":{}},{"hash":"0812916829675f1a0035742e4a4aa15386050ec3","isMergeCommit":false,"messageTitle":"Update DG for Show Command","messageBody":"","fileTypesAndContributionMap":{"docs":{"insertions":139,"deletions":0}}},{"hash":"aa2afa5ee2576de5aa9118f74348ec09703b631a","isMergeCommit":true,"messageTitle":"Merge branch \u0027master\u0027 into UpdateDG","messageBody":"","fileTypesAndContributionMap":{}}]},{"date":"2023-10-26","commitResults":[{"hash":"5a88a7d2198edd81025ac5dacb2b9c41edf6406f","isMergeCommit":true,"messageTitle":"Merge pull request #102 from elaineshijie/fix-read-json","messageBody":"Fix reading from schedule json file","fileTypesAndContributionMap":{}},{"hash":"7b3ba965c2125ba6fb4a0f0223e6352fff5c826d","isMergeCommit":true,"messageTitle":"Merge pull request #105 from elaineshijie/assertions-enabled","messageBody":"Enable assertions in build.gradle","fileTypesAndContributionMap":{}},{"hash":"f4feeed42fd044bc45876ad2ae44afe1953cbb26","isMergeCommit":true,"messageTitle":"Merge pull request #106 from elaineshijie/jar-release-1.2","messageBody":"Changed version number in MainApp for product release","tags":["v1.2.1"],"fileTypesAndContributionMap":{}}]},{"date":"2023-10-27","commitResults":[{"hash":"02942281d0e9ecbd30e3f63ef3aaf07438d6a730","isMergeCommit":false,"messageTitle":"Add scrolling capability to the details panel","messageBody":"","fileTypesAndContributionMap":{"functional-code":{"insertions":123,"deletions":110}}},{"hash":"1f6b8523bbcbd21a50accbc1257f450acb5601d4","isMergeCommit":false,"messageTitle":"Improve Details Panel and Task List UI","messageBody":"","fileTypesAndContributionMap":{"functional-code":{"insertions":35,"deletions":16}}},{"hash":"d32e59bc9e3465e4239625dcefa00300763306b0","isMergeCommit":false,"messageTitle":"Fix checkstyle errors","messageBody":"","fileTypesAndContributionMap":{"functional-code":{"insertions":0,"deletions":4}}},{"hash":"31ee9e28267bf465844b0252fd25687690c93db2","isMergeCommit":false,"messageTitle":"Add Tests for TaskList and Task","messageBody":"","fileTypesAndContributionMap":{"functional-code":{"insertions":25,"deletions":3},"test-code":{"insertions":299,"deletions":4}}},{"hash":"8d320ede3842af27ab79c64dc896f84041f30841","isMergeCommit":true,"messageTitle":"Merge pull request #112 from pzl111/v1.3","messageBody":"Change Ui of LessonDetailListPanel for tasklist","fileTypesAndContributionMap":{}}]},{"date":"2023-10-29","commitResults":[{"hash":"fb6c247e4bc822601e296f73a131886c33073732","isMergeCommit":true,"messageTitle":"Merge pull request #115 from HollaG/save-tasks","messageBody":"Deleted unnecessary files","fileTypesAndContributionMap":{}},{"hash":"568c364a49ff386859fb46ef35246f4c63592915","isMergeCommit":true,"messageTitle":"Merge pull request #117 from HollaG/catchup","messageBody":"Update UG (and fix other bugs)","fileTypesAndContributionMap":{}}]},{"date":"2023-10-31","commitResults":[{"hash":"2fef14e4812627850a0403ff6ed210d69a0bd89c","isMergeCommit":true,"messageTitle":"Merge pull request #127 from yiwen101/remove-tasklistview","messageBody":"Remove tasklistview","fileTypesAndContributionMap":{}},{"hash":"296a262f5d6038a6dc58714ee0c1fba661a5cafd","isMergeCommit":true,"messageTitle":"Merge pull request #120 from yiwen101/debug-address","messageBody":"Fix bug of cannot have - in address","fileTypesAndContributionMap":{}},{"hash":"2c599c46b8be8a62c0c87ad780fdf7794bde9c2d","isMergeCommit":false,"messageTitle":"Add Task List in Lesson","messageBody":"","fileTypesAndContributionMap":{"functional-code":{"insertions":43,"deletions":23},"test-code":{"insertions":3,"deletions":3}}},{"hash":"fb5732ca20bccdb1ce744fc6ee67089068d4982b","isMergeCommit":true,"messageTitle":"Fix merge conflicts","messageBody":"","fileTypesAndContributionMap":{}},{"hash":"f05251ea7e819af188a1694032c5d3ffea4a36f3","isMergeCommit":false,"messageTitle":"Add ReadOnlyTaskList and Fix Model constructors in Tests","messageBody":"","fileTypesAndContributionMap":{"functional-code":{"insertions":512,"deletions":31},"test-code":{"insertions":69,"deletions":22}}},{"hash":"06201f2f723a26ebca4e303defb85e0133582c48","isMergeCommit":true,"messageTitle":"Merge pull request #133 from yiwen101/link-person-lesson-ui","messageBody":"Add display of students in lesson in ui","fileTypesAndContributionMap":{}},{"hash":"31a20efdaa565a6fa82aecdc538109025aaa2d62","isMergeCommit":false,"messageTitle":"Change ModelManager constructor to not take in FullTaskList","messageBody":"","fileTypesAndContributionMap":{"functional-code":{"insertions":5,"deletions":9},"test-code":{"insertions":21,"deletions":34}}}]},{"date":"2023-11-01","commitResults":[{"hash":"b4cc25d09e8ed0ced92a2f6e2fdfef48791ed978","isMergeCommit":true,"messageTitle":"Fix Merge Conflict","messageBody":"","fileTypesAndContributionMap":{}},{"hash":"611ddddfd0ef6e010d6a5caa8e60234af62d9039","isMergeCommit":false,"messageTitle":"Fix Merge Conflicts","messageBody":"","fileTypesAndContributionMap":{"functional-code":{"insertions":0,"deletions":4}}},{"hash":"3c5f5824471be8afcde2399bbfab605e26d58548","isMergeCommit":true,"messageTitle":"Merge pull request #138 from richiehx/ListTasks","messageBody":"List tasks","fileTypesAndContributionMap":{}},{"hash":"43776f4aa3a4fd9ddd591f16c3b37154b4f25332","isMergeCommit":true,"messageTitle":"Merge pull request #149 from yiwen101/navigation","messageBody":"Fix some trivial bugs","fileTypesAndContributionMap":{}},{"hash":"236c65ccfe13c4b54670688b0ffb4e8a61159048","isMergeCommit":true,"messageTitle":"Merge pull request #150 from elaineshijie/fix-link-command","messageBody":"Fix link command","fileTypesAndContributionMap":{}}]},{"date":"2023-11-02","commitResults":[{"hash":"a5af12118577ad117a20ac36b8290b52bc4d05cd","isMergeCommit":false,"messageTitle":"Add refresh functionality for fullTaskList for Add and Delete Tasks","messageBody":"","fileTypesAndContributionMap":{"functional-code":{"insertions":17,"deletions":3}}},{"hash":"26976cbb0bed78812b7f48967d0681c04345534d","isMergeCommit":false,"messageTitle":"Fix checkstyle errors","messageBody":"","fileTypesAndContributionMap":{"functional-code":{"insertions":3,"deletions":0}}},{"hash":"833bb01bbd8f368fe88b5949f7ba32ed102b9b42","isMergeCommit":false,"messageTitle":"Fix checkstyle and Add update functionality to Clear command","messageBody":"","fileTypesAndContributionMap":{"functional-code":{"insertions":3,"deletions":2},"test-code":{"insertions":4,"deletions":0}}},{"hash":"25c9a1c174f92f8fbd4b8a2161ed3d50d103cdf0","isMergeCommit":true,"messageTitle":"Merge pull request #142 from HollaG/save-tasklist","messageBody":"Update saving of tasklist","fileTypesAndContributionMap":{}},{"hash":"5b0f03aa8c14cde07c3cc07f02173774de0aca4d","isMergeCommit":false,"messageTitle":"Add update list tasks in list command","messageBody":"","fileTypesAndContributionMap":{"functional-code":{"insertions":2,"deletions":4}}},{"hash":"6b4d4b882b65163f71529e44f6e5bf5adc45be57","isMergeCommit":false,"messageTitle":"Fix JavaFX warnings and print statements","messageBody":"","fileTypesAndContributionMap":{"functional-code":{"insertions":16,"deletions":17}}},{"hash":"de254ce4db6504623afa64285b0e26704bac46c7","isMergeCommit":true,"messageTitle":"Merge pull request #160 from yiwen101/debug-error-message-lesson","messageBody":"Debug edited and original lesson have same string","fileTypesAndContributionMap":{}},{"hash":"a71b0ccdf569257dff8e8993ae115adc10b663ee","isMergeCommit":false,"messageTitle":"Change Sample Task Data","messageBody":"","fileTypesAndContributionMap":{"functional-code":{"insertions":3,"deletions":2}}},{"hash":"73d3219811c07fe4433709378ae83dc54fe66505","isMergeCommit":false,"messageTitle":"Remove isDone Label","messageBody":"","fileTypesAndContributionMap":{"functional-code":{"insertions":0,"deletions":17}}},{"hash":"dc7122447cd758d201eed523920c1b62f7d12684","isMergeCommit":true,"messageTitle":"Merge pull request #170 from yiwen101/debug-deleteTask-message","messageBody":"Debug deleteTask error message says add task","fileTypesAndContributionMap":{}},{"hash":"87f4db3202a10e9f30120ba3e79766edfd3254dd","isMergeCommit":false,"messageTitle":"Update List, AddPerson, Show and Delete Command","messageBody":"","fileTypesAndContributionMap":{"docs":{"insertions":62,"deletions":23}}}]},{"date":"2023-11-03","commitResults":[{"hash":"c04c9259218fc523f5c4b6e8c3ccd6a1454065a1","isMergeCommit":false,"messageTitle":"Improve Command Summary","messageBody":"","fileTypesAndContributionMap":{"docs":{"insertions":6,"deletions":3}}},{"hash":"39e1de42ed5d806b5e9f24478eeed556ccb6211c","isMergeCommit":false,"messageTitle":"Change UserGuide URL","messageBody":"","fileTypesAndContributionMap":{"functional-code":{"insertions":1,"deletions":1}}},{"hash":"ed43669807dce52618e8932ce7d97c38fa5f84d0","isMergeCommit":true,"messageTitle":"Merge pull request #174 from yiwen101/master","messageBody":"Debug usage not on a new line","fileTypesAndContributionMap":{}}]}],"pzl111":[{"date":"2023-09-28","commitResults":[{"hash":"39c174d9e41ef6e52c14e93aed2b006dc03cf286","isMergeCommit":false,"messageTitle":"Add profile picture and edit AboutUS readme","messageBody":"","fileTypesAndContributionMap":{"docs":{"insertions":4,"deletions":5}}},{"hash":"917b9da536bdfeaa1569c23ae1f1e5036088e367","isMergeCommit":false,"messageTitle":"Create skeletal PPP","messageBody":"","fileTypesAndContributionMap":{"docs":{"insertions":31,"deletions":0}}},{"hash":"d3078ec326b22a61cfe8311b9f1886493b4e5ac7","isMergeCommit":false,"messageTitle":"Update portfolio link in AboutUs","messageBody":"","fileTypesAndContributionMap":{"docs":{"insertions":1,"deletions":1}}},{"hash":"d57e47b4cbe4f9c8be1eb1fb1f46502884c08fe7","isMergeCommit":false,"messageTitle":"Add new line to skeletal PPP","messageBody":"","fileTypesAndContributionMap":{"docs":{"insertions":1,"deletions":1}}}]},{"date":"2023-10-02","commitResults":[{"hash":"0d4865bd8e58784b93cc7f6ac3edf309d0928b1b","isMergeCommit":true,"messageTitle":"Merge branch \u0027master\u0027 into v1.1","messageBody":"","fileTypesAndContributionMap":{}},{"hash":"8df8d2cb2551b59c591d0d89df39551567a95a57","isMergeCommit":true,"messageTitle":"Merge pull request #42 from AY2324S1-CS2103T-T11-3/update-aboutus","messageBody":"fix: change names to convention","fileTypesAndContributionMap":{}}]},{"date":"2023-10-05","commitResults":[{"hash":"4a46b45a011a5d6aa6be384a9ee84ecbb8071d60","isMergeCommit":true,"messageTitle":"Merge pull request #41 from elaineshijie/update-dg-nfr","messageBody":"Update UG, DG on NFR \u0026 UG Add Feature","fileTypesAndContributionMap":{}}]},{"date":"2023-10-06","commitResults":[{"hash":"9a6aa2db55e0bc0f66e22d32293af284b32f856e","isMergeCommit":true,"messageTitle":"Merge pull request #44 from yiwen101/branch-docs","messageBody":"Update readMe, user guide and developer guide","fileTypesAndContributionMap":{}},{"hash":"b4ede36318ed2114c570f9fefd9bf0c913d5089a","isMergeCommit":true,"messageTitle":"Merge branch \u0027master\u0027 into v1.1","messageBody":"","fileTypesAndContributionMap":{}},{"hash":"8e22a32dc8f5ed3c762202524fdfe435743d226e","isMergeCommit":false,"messageTitle":"Updated user guide, aboutus, readme and a new immage for helpMessage","messageBody":"","fileTypesAndContributionMap":{"docs":{"insertions":101,"deletions":77}}}]},{"date":"2023-10-07","commitResults":[{"hash":"b5e686c738d711eb3af76c60786108546b900235","isMergeCommit":false,"messageTitle":"updated user guide with fixes","messageBody":"","fileTypesAndContributionMap":{"docs":{"insertions":6,"deletions":6}}}]},{"date":"2023-10-15","commitResults":[{"hash":"738c296ef4912a6f2e3e8def501b69176072c6e8","isMergeCommit":false,"messageTitle":"Change list command to display either student or task list panel","messageBody":"There is a need to display different lists, but no such command to do so.\n\nList command now takes in an optional keyword to denote what type of list to show. When there are no keywords,\nthe student list will be shown by default.\n","fileTypesAndContributionMap":{"functional-code":{"insertions":343,"deletions":58},"test-code":{"insertions":6,"deletions":6}}},{"hash":"58006f2351348b72b0e2737b9041387a133987f0","isMergeCommit":false,"messageTitle":"Fix checkstyle issues","messageBody":"","fileTypesAndContributionMap":{"functional-code":{"insertions":7,"deletions":29}}}]},{"date":"2023-10-16","commitResults":[{"hash":"759f95ac27aa436e86fad262a33ba91d693b6ac8","isMergeCommit":true,"messageTitle":"Merge pull request #61 from yiwen101/branch-debug-list","messageBody":"Fix issue 57, list command failed to re render","fileTypesAndContributionMap":{}}]},{"date":"2023-10-17","commitResults":[{"hash":"8ac5d5de38eae0dff4f621840861a49d9ca01416","isMergeCommit":false,"messageTitle":"Change UI layout to have 2-panel layout, list command now toggles between STUDENTS and SCHEDULE state","messageBody":"","fileTypesAndContributionMap":{"functional-code":{"insertions":297,"deletions":136},"other":{"insertions":2,"deletions":2},"test-code":{"insertions":17,"deletions":1}}},{"hash":"abb0da7b30b7c3be5c2768b2dafd53bc335cf5a4","isMergeCommit":false,"messageTitle":"Fix checkstyle issues for MainWindow.fxml","messageBody":"","fileTypesAndContributionMap":{"functional-code":{"insertions":12,"deletions":14}}}]},{"date":"2023-10-18","commitResults":[{"hash":"484bbdb07e91018a76416bd6b6a37cb71e3face7","isMergeCommit":false,"messageTitle":"UI changes to student and lesson detail list","messageBody":"","fileTypesAndContributionMap":{"functional-code":{"insertions":17,"deletions":17}}}]},{"date":"2023-10-19","commitResults":[{"hash":"194b364b7c4f9356543c531bf15f013a63fdb0e7","isMergeCommit":false,"messageTitle":"Change state from String to State enum, add test cases to list command","messageBody":"","fileTypesAndContributionMap":{"functional-code":{"insertions":99,"deletions":29},"test-code":{"insertions":69,"deletions":3}}},{"hash":"de351bd098ce2cee2c22ba3499a15050de2c4c18","isMergeCommit":false,"messageTitle":"Add test cases for list command equals method","messageBody":"","fileTypesAndContributionMap":{"test-code":{"insertions":14,"deletions":0}}},{"hash":"c125f5356f9b6403cde3ed954dd12c1c46442734","isMergeCommit":false,"messageTitle":"Change method in State enum class from isValidSubject to isValidState","messageBody":"","fileTypesAndContributionMap":{"functional-code":{"insertions":4,"deletions":4}}}]},{"date":"2023-10-20","commitResults":[{"hash":"fa6d4493e8c0247f143e3c3e51737a4917974861","isMergeCommit":false,"messageTitle":"Add new display param \u0027all\u0027 to list command, to show all displayable fields","messageBody":"","fileTypesAndContributionMap":{"functional-code":{"insertions":12,"deletions":6},"test-code":{"insertions":18,"deletions":1}}}]},{"date":"2023-10-21","commitResults":[{"hash":"1ea39365b97badd0aca4ed7ff7734dd2937a54b4","isMergeCommit":false,"messageTitle":"Change list command to accept case-insensitive list specifier","messageBody":"","fileTypesAndContributionMap":{"functional-code":{"insertions":1,"deletions":1},"test-code":{"insertions":9,"deletions":15}}},{"hash":"ec84cf34ceec583e2b8555f4af4291cd8ca8e8c2","isMergeCommit":false,"messageTitle":"Add remark property to student","messageBody":"","fileTypesAndContributionMap":{"functional-code":{"insertions":146,"deletions":27},"test-code":{"insertions":57,"deletions":19}}},{"hash":"a7c86367e4b597225553c7a95d026e7f870a7bdd","isMergeCommit":true,"messageTitle":"Merge pull request #1 from yiwen101/branch-collab2","messageBody":"test","fileTypesAndContributionMap":{}}]},{"date":"2023-10-22","commitResults":[{"hash":"6e432a5441540d2533c946cfdee011107548f317","isMergeCommit":true,"messageTitle":"Merge pull request #82 from richiehx/ImproveShowCoverage","messageBody":"Improve show coverage","fileTypesAndContributionMap":{}}]},{"date":"2023-10-23","commitResults":[{"hash":"e760962bfcb4454fb87878c88d583eb4e47df111","isMergeCommit":true,"messageTitle":"Merge pull request #85 from yiwen101/branch-rewriteCommand","messageBody":"Update Edit and add command","fileTypesAndContributionMap":{}},{"hash":"f93301771d6eff4791a9cccdcd8deb21544dcbea","isMergeCommit":true,"messageTitle":"Merge pull request #2 from yiwen101/branch-collab2","messageBody":"Branch collab2","fileTypesAndContributionMap":{}}]},{"date":"2023-10-24","commitResults":[{"hash":"39d7977ff0e40e3efe1bc53509d5374bdad10ff0","isMergeCommit":false,"messageTitle":"Fix checkstyle issues","messageBody":"","fileTypesAndContributionMap":{"test-code":{"insertions":6,"deletions":4}}}]},{"date":"2023-10-25","commitResults":[{"hash":"45004f0ffa73141e194c3c6c54d83dc06d21df70","isMergeCommit":true,"messageTitle":"Merge pull request #99 from richiehx/UpdateDG","messageBody":"Update DG for Show Command","fileTypesAndContributionMap":{}},{"hash":"5c02e45332882691cee325bf7ac0eb6ab78e48d2","isMergeCommit":false,"messageTitle":"Update developer guide to include list feature, and change UML diagrams","messageBody":"","fileTypesAndContributionMap":{"docs":{"insertions":31,"deletions":4}}}]},{"date":"2023-10-26","commitResults":[{"hash":"18745d97f3b33a236458de36da4f287ebdc0183d","isMergeCommit":false,"messageTitle":"Change find command implementation","messageBody":"Previously find command was searching by words, where there are no partial searches allowed\nEg. searching \"abc\" would not find \"abcde\".\n\nAlso, it is not possible to search using a string with spaces, since it uses words to search, where spaces separate words.\n\nThis should change since it is not the intuitive idea of finding for students.\n\nThe find command is changed to allow partial searching of keywords and the specified string is taken as a entire string.\n","fileTypesAndContributionMap":{"functional-code":{"insertions":12,"deletions":21},"test-code":{"insertions":37,"deletions":87}}},{"hash":"6626aeab2a630f8ca9d300d370999a3eb35cf231","isMergeCommit":false,"messageTitle":"Fix codecov for previous commit","messageBody":"","fileTypesAndContributionMap":{"test-code":{"insertions":5,"deletions":0}}}]},{"date":"2023-10-27","commitResults":[{"hash":"58de6826a90307fd24e02d5cad424dc799a8c6fc","isMergeCommit":false,"messageTitle":"Change window title and icon","messageBody":"","fileTypesAndContributionMap":{"functional-code":{"insertions":3,"deletions":3}}},{"hash":"5cf23d3a3e8a99c8ca52af0cc9648cfe7f144152","isMergeCommit":false,"messageTitle":"Update test case for new icon","messageBody":"","fileTypesAndContributionMap":{"test-code":{"insertions":1,"deletions":1}}},{"hash":"ab50bde0f5587807fc55b010330c867feacaa767","isMergeCommit":true,"messageTitle":"Merge pull request #110 from yiwen101/branch-update-DG","messageBody":"Update DG","fileTypesAndContributionMap":{}},{"hash":"48f78987efa3c6899488a3cf180571c21ba67c8c","isMergeCommit":true,"messageTitle":"Merge pull request #111 from richiehx/TaskListUI","messageBody":"Task list UI","fileTypesAndContributionMap":{}},{"hash":"b05150d16680b00fa4db7a04fd24503eb3760a8f","isMergeCommit":false,"messageTitle":"Change Ui of LessonDetailListPanel for tasklist","messageBody":"","fileTypesAndContributionMap":{"functional-code":{"insertions":10,"deletions":2}}}]},{"date":"2023-10-28","commitResults":[{"hash":"94ff5bb59456704bd9d2a6c13ccdbcce5443a4dc","isMergeCommit":true,"messageTitle":"Merge pull request #113 from richiehx/TestTaskList","messageBody":"Add Tests for TaskList and Task","fileTypesAndContributionMap":{}}]},{"date":"2023-10-29","commitResults":[{"hash":"0acb70945fa4dbd0e572d7e816833ddf3e0ad027","isMergeCommit":true,"messageTitle":"Merge pull request #114 from yiwen101/branch-remark-and-name-lesson","messageBody":"Add remark and name to lesson","fileTypesAndContributionMap":{}}]},{"date":"2023-10-31","commitResults":[{"hash":"0e9d5b27b8e95a5a921450082350520f15000d85","isMergeCommit":false,"messageTitle":"Update Lesson class for name Lesson did not have a name, and cannot be used for display, also lesson name is saved as default name without getter * Include name field, method to return name string for displaying, getter and setter for name","messageBody":"Edit LessonCard\n* Create new field in fxml for lesson name, and controller class to set the name\n","fileTypesAndContributionMap":{"functional-code":{"insertions":33,"deletions":3}}},{"hash":"e416d46ed9e66bd385b51a330d7ea15b7a01cb13","isMergeCommit":false,"messageTitle":"Create new predicate to test for lesson name","messageBody":"Create new output message when finding lessons\n\nModify find command to allow for both finding student and lesson using the same command\n* Constructor takes in a string of trimmed arguments instead of a predicate\n* During execution, depending on the model state, the correct predicate is created, and command executes either filtering student of lesson\n\nReset schedule list every time during list command\n\nCreate new lesson name field in lesson detail panel\n","fileTypesAndContributionMap":{"functional-code":{"insertions":94,"deletions":13}}},{"hash":"56664f03d6f38f17aad16e32fbd6900db847361d","isMergeCommit":false,"messageTitle":"Change list command to always remove filter past filter and give all persons and lessons when called","messageBody":"Change equals method in find command to check against the trimmed args, since predicate is not initialised until execution\n\nChange find command tests to use trimmed args instead of predicates\n\nAdd extra typical lessons for testing purposes\n\nAdd test cases to search for one, none, and multiple lessons\n","fileTypesAndContributionMap":{"functional-code":{"insertions":5,"deletions":12},"test-code":{"insertions":65,"deletions":22}}},{"hash":"00d9b46f28bb78e40e47a377062774e4c034748c","isMergeCommit":false,"messageTitle":"Fix checkstyle issues","messageBody":"","fileTypesAndContributionMap":{"functional-code":{"insertions":2,"deletions":5},"test-code":{"insertions":0,"deletions":2}}},{"hash":"b3c32bbd8ecd50736abb18abc7359277d8144266","isMergeCommit":false,"messageTitle":"Add new theme with overall larger scaling, to use for product demo","messageBody":"","fileTypesAndContributionMap":{"functional-code":{"insertions":368,"deletions":0}}}]},{"date":"2023-11-01","commitResults":[{"hash":"b4b4385ab17e1d16fd079068db14bc2c252bf392","isMergeCommit":true,"messageTitle":"Merge pull request #143 from yiwen101/debug-schedule-not-sorted","messageBody":"Debug schedule not sorted","fileTypesAndContributionMap":{}},{"hash":"3257572063f9e5a86febe7cedef0f2bba791ef33","isMergeCommit":true,"messageTitle":"Merge pull request #146 from yiwen101/navigation","messageBody":"Navigation","fileTypesAndContributionMap":{}},{"hash":"e1c7958c7356b66f3c104db419708b6033e14ee7","isMergeCommit":false,"messageTitle":"Fix Ui issues with panels, increase Ui scale","messageBody":"","fileTypesAndContributionMap":{"functional-code":{"insertions":20,"deletions":24}}}]},{"date":"2023-11-02","commitResults":[{"hash":"5eb6fb11b25e942de404ea3f743c615aa8da1859","isMergeCommit":true,"messageTitle":"Merge pull request #159 from HollaG/list-display","messageBody":"Added a helpful message to the list command so that people know what …","fileTypesAndContributionMap":{}},{"hash":"c06dfee9e35a4aed74449fbce5983c7d5eb0fa09","isMergeCommit":true,"messageTitle":"Merge pull request #164 from yiwen101/feature-commandwork-insensitive","messageBody":"Feature commandwork insensitive","fileTypesAndContributionMap":{}},{"hash":"2a0d9831c8c8418beed91f0b3c3b71cc23dc099e","isMergeCommit":false,"messageTitle":"New feature that saves and restores the previous command typed","messageBody":"","fileTypesAndContributionMap":{"functional-code":{"insertions":18,"deletions":1}}},{"hash":"d1bb6eadb15020bfe60d6539289db8de2529e79e","isMergeCommit":false,"messageTitle":"Fix checkstyle issues","messageBody":"","fileTypesAndContributionMap":{"functional-code":{"insertions":4,"deletions":5}}},{"hash":"02ca1061e15951627d366e6ce941edebd6d625db","isMergeCommit":false,"messageTitle":"Allow up down arrow to cycle between command history","messageBody":"","fileTypesAndContributionMap":{"functional-code":{"insertions":15,"deletions":3}}}]},{"date":"2023-11-03","commitResults":[{"hash":"2fe37f1666ae2ed865c74aef3d271edeedf40553","isMergeCommit":true,"messageTitle":"Merge pull request #176 from richiehx/ChangeHelpLink","messageBody":"Change UserGuide URL","fileTypesAndContributionMap":{}},{"hash":"7873b674e70de23581727fbb13becf9139321451","isMergeCommit":false,"messageTitle":"Update to user guide","messageBody":"","fileTypesAndContributionMap":{"docs":{"insertions":36,"deletions":34}}},{"hash":"6641a1c5b4f8be614e176377eed504e14e168c82","isMergeCommit":true,"messageTitle":"Merge pull request #182 from elaineshijie/ug-list","messageBody":"UG: Add find command behaviour in list schedule state ","fileTypesAndContributionMap":{}}]}],"HollaG":[{"date":"2023-10-01","commitResults":[{"hash":"49fb1a1573689ae9753312f6d586d1f7380ec2d2","isMergeCommit":false,"messageTitle":"update aboutus","messageBody":"","fileTypesAndContributionMap":{"docs":{"insertions":35,"deletions":3}}},{"hash":"9fb1fc58c2bb9736c3f4d606ea89c54f9d3579bb","isMergeCommit":false,"messageTitle":"fix: change names to convention","messageBody":"","fileTypesAndContributionMap":{"docs":{"insertions":1,"deletions":1}}}]},{"date":"2023-10-06","commitResults":[{"hash":"430359d11a2bbacfa89ec70237e4460665b06bcb","isMergeCommit":false,"messageTitle":"update DG","messageBody":"","fileTypesAndContributionMap":{"docs":{"insertions":98,"deletions":21}}}]},{"date":"2023-10-07","commitResults":[{"hash":"5b52fd7c01b52a4e9d174710a308b9eada106741","isMergeCommit":false,"messageTitle":"nit: fix grammar errors","messageBody":"","fileTypesAndContributionMap":{"docs":{"insertions":6,"deletions":6}}}]},{"date":"2023-10-15","commitResults":[{"hash":"b1056b66a6c028a53b0e9b1a23ee43ecc6124e25","isMergeCommit":false,"messageTitle":"Add classes to handle lesson scheduling","messageBody":"","fileTypesAndContributionMap":{"functional-code":{"insertions":62,"deletions":0}}},{"hash":"f57a0bd4a41e7243849ed85aa0ebc06098b67b12","isMergeCommit":false,"messageTitle":"Updated EditCommand to support schedules","messageBody":"","fileTypesAndContributionMap":{"functional-code":{"insertions":31,"deletions":6}}},{"hash":"1849209a9aac7af8bc1e8394047aed3267ac3d65","isMergeCommit":false,"messageTitle":"wip: Work on adding lesson slots","messageBody":"","fileTypesAndContributionMap":{"functional-code":{"insertions":108,"deletions":32},"test-code":{"insertions":19,"deletions":10}}},{"hash":"982f4185de41bba351d755bd3fd372164628ef36","isMergeCommit":false,"messageTitle":"Added the ability to specify a default timeslot (for now, this slot reoccurs weekly)","messageBody":"","fileTypesAndContributionMap":{"functional-code":{"insertions":200,"deletions":24}}},{"hash":"28b490500f6a4aac34031d703a572a85ca93ca5d","isMergeCommit":false,"messageTitle":"Fixed broken Edit command","messageBody":"","fileTypesAndContributionMap":{"functional-code":{"insertions":1,"deletions":1}}}]},{"date":"2023-10-16","commitResults":[{"hash":"7483b72198507cbbf521229f8ac977140e722242","isMergeCommit":false,"messageTitle":"Changed how AddressBook encodes the lessons","messageBody":"","fileTypesAndContributionMap":{"functional-code":{"insertions":19,"deletions":4}}}]},{"date":"2023-10-17","commitResults":[{"hash":"a04fbfb244fa531402b12043b0e209f918e5f166","isMergeCommit":false,"messageTitle":"Add boilerplate code to deserialize a lesson","messageBody":"","fileTypesAndContributionMap":{"functional-code":{"insertions":74,"deletions":8}}},{"hash":"0516e3129373d3d28e70347fd9607aa3ce2a1055","isMergeCommit":true,"messageTitle":"Merge pull request #69 from AY2324S1-CS2103T-T11-3/master","messageBody":"Update local copy","fileTypesAndContributionMap":{}},{"hash":"ea6a98fb8c1a1bb48c68e17519ca5312c31dc0ba","isMergeCommit":false,"messageTitle":"Work on new Lesson class","messageBody":"","fileTypesAndContributionMap":{"functional-code":{"insertions":49,"deletions":176}}},{"hash":"5cc37f12b242dd929df7dae04a77bbf85ab941bc","isMergeCommit":false,"messageTitle":"Created the Serializable Schedule class to allow for saving as JSON","messageBody":"","fileTypesAndContributionMap":{"functional-code":{"insertions":137,"deletions":11}}},{"hash":"8eac86a9b2b23a90647ba98369894a60aaaeb907","isMergeCommit":false,"messageTitle":"Finish creating JsonAdaptedLesson and JsonSerializableSchedule","messageBody":"","fileTypesAndContributionMap":{"functional-code":{"insertions":96,"deletions":30},"test-code":{"insertions":11,"deletions":12}}}]},{"date":"2023-10-19","commitResults":[{"hash":"bfcd452a31d87bf5ef4c378fb31e8e47a0b55537","isMergeCommit":false,"messageTitle":"Added the schedule list file path to the user preferences","messageBody":"","fileTypesAndContributionMap":{"functional-code":{"insertions":4,"deletions":2}}}]},{"date":"2023-10-20","commitResults":[{"hash":"925b818ed28e64b8e04757cc342a3735ef16c894","isMergeCommit":false,"messageTitle":"Renamed ScheduleListPanel to LessonListPanel. Work on connecting Schedule with UI","messageBody":"","fileTypesAndContributionMap":{"functional-code":{"insertions":290,"deletions":35}}},{"hash":"b12590aa5fa727d7924a43e39515668972d94d10","isMergeCommit":false,"messageTitle":"Finished basic implementation of list schedule","messageBody":"","fileTypesAndContributionMap":{"functional-code":{"insertions":6,"deletions":15},"other":{"insertions":0,"deletions":0}}},{"hash":"22846ef6b5aa2767bc23a15dd7ef8d74511cf2ee","isMergeCommit":false,"messageTitle":"Finished Lesson View Card. To work on ordering of the lessons according to date","messageBody":"","fileTypesAndContributionMap":{"functional-code":{"insertions":128,"deletions":62}}}]},{"date":"2023-10-24","commitResults":[{"hash":"a68cb46f364fd9cf611a971e294147a64c32b466","isMergeCommit":false,"messageTitle":"Enabled the saving to disk for schedulelist.json","messageBody":"","fileTypesAndContributionMap":{"functional-code":{"insertions":11,"deletions":2}}},{"hash":"f9a6d0e0eb982553a49f9ee92b06fbc6dc9b1445","isMergeCommit":false,"messageTitle":"Fixed checkstyle issues","messageBody":"","fileTypesAndContributionMap":{"functional-code":{"insertions":3,"deletions":2}}}]},{"date":"2023-10-29","commitResults":[{"hash":"07aa41508d962240a71c4627fda7d53c1e4f0eb9","isMergeCommit":false,"messageTitle":"Deleted unnecessary files","messageBody":"","fileTypesAndContributionMap":{"functional-code":{"insertions":0,"deletions":172}}},{"hash":"b8276b59e5e17c9da55a932f987f53bad8760077","isMergeCommit":false,"messageTitle":"Retroactively fix incorrect file name","messageBody":"","fileTypesAndContributionMap":{"docs":{"insertions":0,"deletions":0}}},{"hash":"106b6e54926e8f8133b02c1aa96712f52e298c4e","isMergeCommit":false,"messageTitle":"Retroactively update DG","messageBody":"","fileTypesAndContributionMap":{"docs":{"insertions":9,"deletions":4}}},{"hash":"995517612857f08c2118c683e820cc2546d47c2b","isMergeCommit":false,"messageTitle":"update UG","messageBody":"","fileTypesAndContributionMap":{"docs":{"insertions":11,"deletions":0}}},{"hash":"1418b3a93efff6f3f70a2503e692e9de718e5546","isMergeCommit":false,"messageTitle":"Updated the puml","messageBody":"","fileTypesAndContributionMap":{"docs":{"insertions":12,"deletions":0}}}]},{"date":"2023-10-30","commitResults":[{"hash":"765cdae44e6a64db5b6174056e8ac637bd7a0e4a","isMergeCommit":false,"messageTitle":"Work on adding back taskList","messageBody":"","fileTypesAndContributionMap":{"functional-code":{"insertions":81,"deletions":10}}},{"hash":"45e00708e5e3802eb3b410062990d284dba6a196","isMergeCommit":false,"messageTitle":"Fixed nullPointerException because lessonList was commented out","messageBody":"","fileTypesAndContributionMap":{"functional-code":{"insertions":9,"deletions":8}}},{"hash":"917133adf6da2e3867849c683286746bfa5a530a","isMergeCommit":false,"messageTitle":"Implemented saving and loading of tasklists","messageBody":"","fileTypesAndContributionMap":{"functional-code":{"insertions":56,"deletions":26}}},{"hash":"39d068571e233e31ddcc01b0c2b38aee2d074fad","isMergeCommit":false,"messageTitle":"Fixed checkstyle","messageBody":"","fileTypesAndContributionMap":{"functional-code":{"insertions":8,"deletions":14},"test-code":{"insertions":3,"deletions":3}}},{"hash":"16ed53ce0259ed1c58f4f7e66e3aa8949a8e284e","isMergeCommit":false,"messageTitle":"Fixed failing tests","messageBody":"","fileTypesAndContributionMap":{"test-code":{"insertions":3,"deletions":2}}}]},{"date":"2023-11-01","commitResults":[{"hash":"9f70f7ff90a9246b4c489a09e517025fb5b0c62f","isMergeCommit":false,"messageTitle":"Fix bug regarding order of operations for Task serialization","messageBody":"","fileTypesAndContributionMap":{"functional-code":{"insertions":1,"deletions":1}}},{"hash":"312932277f2d1b8d520caa5d912a86fd5427dd79","isMergeCommit":false,"messageTitle":"Changed storing of taskList to use a List","messageBody":"","fileTypesAndContributionMap":{"functional-code":{"insertions":115,"deletions":9}}},{"hash":"3ad21bbfef2f828935f4853e0ef50263ad7117ab","isMergeCommit":false,"messageTitle":"Added tests","messageBody":"","fileTypesAndContributionMap":{"functional-code":{"insertions":27,"deletions":11},"test-code":{"insertions":26,"deletions":6}}},{"hash":"4c7bfc852de23727eb646e0cb008a2e94615f4df","isMergeCommit":false,"messageTitle":"Fixed checkstyle errors","messageBody":"","fileTypesAndContributionMap":{"functional-code":{"insertions":11,"deletions":18},"test-code":{"insertions":2,"deletions":10}}},{"hash":"00029dec6fabdba277ddbd59c7b2acb95393d649","isMergeCommit":true,"messageTitle":"Merge branch \u0027master\u0027 into save-tasklist","messageBody":"","fileTypesAndContributionMap":{}},{"hash":"4c4e38440aefa8742b4a7b372f60e53d8a3fa7ad","isMergeCommit":false,"messageTitle":"Fixed merge conflict resulting in error building the app","messageBody":"","fileTypesAndContributionMap":{"functional-code":{"insertions":1,"deletions":3}}}]},{"date":"2023-11-02","commitResults":[{"hash":"3c9320ab4ad85a6d1cb34cb22801ee62bddd4986","isMergeCommit":false,"messageTitle":"Added a helpful message to the list command so that people know what list is showing","messageBody":"","fileTypesAndContributionMap":{"functional-code":{"insertions":2,"deletions":2}}},{"hash":"fbfc2ff0521d474b2949fdc9109f48a5e0d87d54","isMergeCommit":false,"messageTitle":"Updated test cases","messageBody":"","fileTypesAndContributionMap":{"test-code":{"insertions":6,"deletions":3}}},{"hash":"4a448a8ce330e1c60debd93d8ba44b5a0b2fbdb7","isMergeCommit":false,"messageTitle":"Removed the task done status from a task","messageBody":"","fileTypesAndContributionMap":{"functional-code":{"insertions":9,"deletions":2},"test-code":{"insertions":7,"deletions":1}}}]},{"date":"2023-11-03","commitResults":[{"hash":"b03e9f6069b9038754e81e16e68b2c3853d9e541","isMergeCommit":false,"messageTitle":"Fixed the ordering of tasks when saving","messageBody":"","fileTypesAndContributionMap":{"functional-code":{"insertions":7,"deletions":7}}},{"hash":"dd1104104ceb66611177e89de752ee8c8edf5d0f","isMergeCommit":false,"messageTitle":"Updated notes about command format","messageBody":"","fileTypesAndContributionMap":{"docs":{"insertions":2,"deletions":4}}},{"hash":"9bfc8addf7c4b9e8a5aed9a85f48b97285dc4b89","isMergeCommit":false,"messageTitle":"Reordered list","messageBody":"","fileTypesAndContributionMap":{"docs":{"insertions":16,"deletions":14}}},{"hash":"5b868c674b5fffbdba3ac6b8e95a6f63b6a17c19","isMergeCommit":false,"messageTitle":"Updated list command","messageBody":"","fileTypesAndContributionMap":{"docs":{"insertions":10,"deletions":4}}},{"hash":"9d8411b2ad25b07c6dacf2359037c6097d3822a8","isMergeCommit":false,"messageTitle":"Edited edit command","messageBody":"","fileTypesAndContributionMap":{"docs":{"insertions":3,"deletions":5}}}]}],"elaineshijie":[{"date":"2023-10-01","commitResults":[{"hash":"32b7e2a0b3ea1c5318b489800dd525b080ec62af","isMergeCommit":false,"messageTitle":"Updated AboutUs \u0026 Created Skeletal PPP","messageBody":"","fileTypesAndContributionMap":{"docs":{"insertions":36,"deletions":13}}},{"hash":"6a3a14d1e024968f16b06b3a9c2c3a7513490ae5","isMergeCommit":false,"messageTitle":"Updates User Guide (add command)","messageBody":"","fileTypesAndContributionMap":{"docs":{"insertions":2,"deletions":2}}},{"hash":"2b74f11cba8fafe88b54b1c1db614e2438b209b3","isMergeCommit":true,"messageTitle":"Merge pull request #32 from richiehx/branch-UpdateUserGuide","messageBody":"Update User Guide","fileTypesAndContributionMap":{}},{"hash":"05301a947bf22c0e114e7950021bbd308c773365","isMergeCommit":false,"messageTitle":"Updated DG on NFR","messageBody":"","fileTypesAndContributionMap":{"docs":{"insertions":4,"deletions":1}}}]},{"date":"2023-10-03","commitResults":[{"hash":"2672822ef0efb762ed514493d9643a7d1af7940d","isMergeCommit":false,"messageTitle":"Added missing PPP link","messageBody":"","fileTypesAndContributionMap":{"docs":{"insertions":1,"deletions":0}}}]},{"date":"2023-10-11","commitResults":[{"hash":"7801eea1fe4f5406f7a5a273a9c13efdc8cfd241","isMergeCommit":false,"messageTitle":"Add Subject Class","messageBody":"There is no subject attribute for tutor to track subjects of each student.\n\nAdd a subject class in Person.\n\nUsers can add subject to a student by \"s/\".\n","fileTypesAndContributionMap":{"functional-code":{"insertions":268,"deletions":18},"test-code":{"insertions":131,"deletions":23}}},{"hash":"bc8a4b11044d79a8c8936035eb021e9c518421f7","isMergeCommit":false,"messageTitle":"Remove unused imports in SubjectTest","messageBody":"","fileTypesAndContributionMap":{"test-code":{"insertions":0,"deletions":1}}},{"hash":"5d5106a0a6b00d251dea2fef8dae8b55d2d9628b","isMergeCommit":false,"messageTitle":"Add subjects to tests in AddCommandParserTest","messageBody":"","fileTypesAndContributionMap":{"test-code":{"insertions":8,"deletions":4}}}]},{"date":"2023-10-18","commitResults":[{"hash":"7e614d15eb5922a817f071ab916c7dc275b6bf4c","isMergeCommit":true,"messageTitle":"Merge pull request #70 from HollaG/add-class-slots","messageBody":"Add class slots","fileTypesAndContributionMap":{}},{"hash":"30c45f2dc824e722a865c949e106b84c733bf3d0","isMergeCommit":false,"messageTitle":"Fix checkstyle issues in all new classes","messageBody":"","fileTypesAndContributionMap":{"functional-code":{"insertions":63,"deletions":49},"other":{"insertions":6,"deletions":5},"test-code":{"insertions":0,"deletions":9}}},{"hash":"5259770bfd1409084bd07b57ce4a21de7f5b1869","isMergeCommit":false,"messageTitle":"Add schedule class similar to UniquePersonList","messageBody":"","fileTypesAndContributionMap":{"functional-code":{"insertions":223,"deletions":18}}}]},{"date":"2023-10-19","commitResults":[{"hash":"9b955f62b44cc8824d5e556e71a2491c3ccad568","isMergeCommit":false,"messageTitle":"Add all necessary classes to read and store lessons","messageBody":"","fileTypesAndContributionMap":{"functional-code":{"insertions":486,"deletions":21},"test-code":{"insertions":136,"deletions":28}}},{"hash":"2a9a6e65b946424b237aa3323fcbbe4127679484","isMergeCommit":false,"messageTitle":"Fix merge conflict in Model","messageBody":"","fileTypesAndContributionMap":{"functional-code":{"insertions":14,"deletions":2},"test-code":{"insertions":4,"deletions":1}}},{"hash":"d92d7b210b1a4ea402f5db9f379e084c376e6629","isMergeCommit":true,"messageTitle":"Merge branch \u0027master\u0027 into add-class-slots","messageBody":"","fileTypesAndContributionMap":{}},{"hash":"f64d8bf54e22c35c2980582ddb9edec4590eb212","isMergeCommit":false,"messageTitle":"Fix lesson related methods for show command","messageBody":"","fileTypesAndContributionMap":{"functional-code":{"insertions":33,"deletions":9},"test-code":{"insertions":9,"deletions":6}}}]},{"date":"2023-10-20","commitResults":[{"hash":"5e6b33d9af6a0a341b2b3125997feed6f66a5f7e","isMergeCommit":true,"messageTitle":"Merge pull request #78 from HollaG/sample-schedule","messageBody":"Sample schedule","fileTypesAndContributionMap":{}},{"hash":"cf6a14049956737e3f17ccb4d66b0988683e0649","isMergeCommit":false,"messageTitle":"Add comparator to sort lessons in schedule","messageBody":"","fileTypesAndContributionMap":{"functional-code":{"insertions":17,"deletions":39}}},{"hash":"ab082394a293217bab10458fdc656a4fab7fbe8b","isMergeCommit":false,"messageTitle":"Add date in UI to lessons in schedule","messageBody":"","fileTypesAndContributionMap":{"functional-code":{"insertions":35,"deletions":8}}},{"hash":"989fe1d7525f5bb9cb5f4cdcf133c395f3c60368","isMergeCommit":false,"messageTitle":"Resolve checkstyles issues","messageBody":"","fileTypesAndContributionMap":{"functional-code":{"insertions":1,"deletions":1},"docs":{"insertions":7,"deletions":7}}}]},{"date":"2023-10-21","commitResults":[{"hash":"93a960533a6bab211fed45e67a53b85df0eb0de9","isMergeCommit":true,"messageTitle":"Merge pull request #81 from yiwen101/branch-addLessonCommand","messageBody":"Add addLesson command","fileTypesAndContributionMap":{}}]},{"date":"2023-10-25","commitResults":[{"hash":"0c6763094dcc70bc167912a2d0d1ca8972ae5cc7","isMergeCommit":false,"messageTitle":"Add subject and schedule details in ModelClassDiagram of DG","messageBody":"","fileTypesAndContributionMap":{"docs":{"insertions":14,"deletions":0}}}]},{"date":"2023-10-26","commitResults":[{"hash":"599f2ea2ed4c5d4b07e91082eddcf8d6081a36ba","isMergeCommit":false,"messageTitle":"Fix reading from schedule json file","messageBody":"","fileTypesAndContributionMap":{"functional-code":{"insertions":1,"deletions":1},"other":{"insertions":1,"deletions":1}}},{"hash":"37c531253344dace30e85ebe45e1f288e45be2d8","isMergeCommit":false,"messageTitle":"Enable assertions in build.gradle","messageBody":"","fileTypesAndContributionMap":{"other":{"insertions":4,"deletions":0}}},{"hash":"f240877c8988a48b1d454abe10d9b6ff56f98704","isMergeCommit":false,"messageTitle":"Changed version number in MainApp for product release","messageBody":"","fileTypesAndContributionMap":{"functional-code":{"insertions":1,"deletions":1}}}]},{"date":"2023-10-31","commitResults":[{"hash":"e8dfea4d7e55e65c35f03e6bc542bd543e918711","isMergeCommit":true,"messageTitle":"Merge pull request #121 from yiwen101/branch-delete-command","messageBody":"add edit and delete command for lessons","fileTypesAndContributionMap":{}},{"hash":"cebb75cb5f90b30e8fea9d24624f594fced524eb","isMergeCommit":false,"messageTitle":"Add task command is working","messageBody":"","fileTypesAndContributionMap":{"functional-code":{"insertions":142,"deletions":22},"test-code":{"insertions":13,"deletions":0}}}]},{"date":"2023-11-01","commitResults":[{"hash":"1bc345829ac4b96d99fe13731fe4840a298aa445","isMergeCommit":false,"messageTitle":"Delete task command deletes task successfully","messageBody":"","fileTypesAndContributionMap":{"functional-code":{"insertions":198,"deletions":30},"test-code":{"insertions":22,"deletions":17}}},{"hash":"60f36bb716f6fccb2e01424572d47e80ca3b5a34","isMergeCommit":true,"messageTitle":"Merge pull request #139 from yiwen101/sort-person","messageBody":"list of students are sorted","fileTypesAndContributionMap":{}},{"hash":"d5b2c20cf2c73d479cb63820f295eebea72bc222","isMergeCommit":true,"messageTitle":"Merge pull request #140 from yiwen101/debug-update-show","messageBody":"Fix bug of show not updated after edit, add, delete","fileTypesAndContributionMap":{}},{"hash":"a6bf6a261ce326f9c4e92600d8420680d7206a4e","isMergeCommit":false,"messageTitle":"Fix link command","messageBody":"","fileTypesAndContributionMap":{"functional-code":{"insertions":0,"deletions":1}}},{"hash":"7df8d38864612a3f53684078aae3d3a46567e442","isMergeCommit":false,"messageTitle":"Add addTask and deleteTask in UG documentation","messageBody":"","fileTypesAndContributionMap":{"functional-code":{"insertions":2,"deletions":2},"docs":{"insertions":49,"deletions":0}}}]},{"date":"2023-11-03","commitResults":[{"hash":"8f319ca2005832cdb9157b93a0ffe941ae817745","isMergeCommit":false,"messageTitle":"Add find command behaviour in schedule state in UG","messageBody":"","fileTypesAndContributionMap":{"docs":{"insertions":9,"deletions":2}}},{"hash":"a22c46e1fa8968e0bd060366af8440ae19bdb635","isMergeCommit":true,"messageTitle":"Merge pull request #183 from pzl111/UG-branch","messageBody":"Update to user guide list command","fileTypesAndContributionMap":{}},{"hash":"f0529ab1cc480c11ca37762256e64fc620dccc61","isMergeCommit":false,"messageTitle":"Make the necessary changes to match current find command behaviour","messageBody":"","fileTypesAndContributionMap":{"docs":{"insertions":9,"deletions":11}}},{"hash":"64039107b2e4fec84797f4a907ff576fe46978ef","isMergeCommit":false,"messageTitle":"Make the necessary changes to match current find command behaviour for schedule","messageBody":"","fileTypesAndContributionMap":{"docs":{"insertions":1,"deletions":1}}},{"hash":"5f9e2848765cac6216d1690854c73f9227e9aabe","isMergeCommit":false,"messageTitle":"Make more necessary changes to match current find command behaviour for schedule","messageBody":"","fileTypesAndContributionMap":{"docs":{"insertions":2,"deletions":0}}},{"hash":"09e4a6b90a9fba69882b80247bd7f301f8d978f1","isMergeCommit":true,"messageTitle":"Merge pull request #184 from HollaG/update-UG","messageBody":"Update UG - list","fileTypesAndContributionMap":{}},{"hash":"7555c73f7c2070a97bd4908ef68d4394d3bf2f45","isMergeCommit":false,"messageTitle":"Change find command stated behaviour","messageBody":"","fileTypesAndContributionMap":{"docs":{"insertions":2,"deletions":6}}}]},{"date":"2023-11-04","commitResults":[{"hash":"cf8336310438ed0345c023a82e6675688499346e","isMergeCommit":false,"messageTitle":"Make changes to user guide based on ped issues","messageBody":"","fileTypesAndContributionMap":{"docs":{"insertions":229,"deletions":114}}},{"hash":"a1bf35e177f83b89332d1129d65adc7be835772b","isMergeCommit":false,"messageTitle":"Add editLesson description","messageBody":"","fileTypesAndContributionMap":{"docs":{"insertions":61,"deletions":49}}},{"hash":"0cc101d80d30838706149f763638b8bb83479634","isMergeCommit":false,"messageTitle":"Change the command summary table to match order in ug","messageBody":"","fileTypesAndContributionMap":{"docs":{"insertions":14,"deletions":14}}},{"hash":"c7ace99e7e6309be53e201e2aea5048bf5854e1a","isMergeCommit":false,"messageTitle":"Add more constraints for editLesson command","messageBody":"","fileTypesAndContributionMap":{"docs":{"insertions":1,"deletions":0}}},{"hash":"6296ec18c77067d9420e1826c26a5c9ddf1d981a","isMergeCommit":false,"messageTitle":"Add time constraints for editLesson command","messageBody":"","fileTypesAndContributionMap":{"docs":{"insertions":1,"deletions":0}}},{"hash":"8c3ab2796174943b782f189566387de6b8df204b","isMergeCommit":false,"messageTitle":"Add subject options for add and edit commands","messageBody":"","fileTypesAndContributionMap":{"docs":{"insertions":4,"deletions":2}}},{"hash":"b7c22c68e9b8f224029576a574da20cd4365ed82","isMergeCommit":false,"messageTitle":"Add alternative use to addtask command","messageBody":"","fileTypesAndContributionMap":{"docs":{"insertions":15,"deletions":14}}},{"hash":"4e35175e052d0dbc55bbc20afba079108adb3929","isMergeCommit":false,"messageTitle":"Update command summary","messageBody":"","fileTypesAndContributionMap":{"docs":{"insertions":8,"deletions":8}}},{"hash":"220e973dfa61d2feb662c8a86ce060c987a98525","isMergeCommit":false,"messageTitle":"Fix typo in deleteTask command","messageBody":"","fileTypesAndContributionMap":{"docs":{"insertions":1,"deletions":1}}},{"hash":"abb01866b6093f321ae8effa0bbd892648b6148a","isMergeCommit":false,"messageTitle":"Change format in UG stated in issue 208","messageBody":"","fileTypesAndContributionMap":{"docs":{"insertions":8,"deletions":6}}},{"hash":"8aac0f1cf8293880d3420db818aa5aceaec116de","isMergeCommit":false,"messageTitle":"Rephrase confusing description for list","messageBody":"","fileTypesAndContributionMap":{"docs":{"insertions":1,"deletions":3}}},{"hash":"d143592d8a97a4fb58870eb6719929f1ca0b4f74","isMergeCommit":false,"messageTitle":"Add changes proposed by yiwen","messageBody":"","fileTypesAndContributionMap":{"docs":{"insertions":12,"deletions":11}}}]}],"yiwen101":[{"date":"2023-10-01","commitResults":[{"hash":"041c0a3f6a7bcfa80ec70acd53c05ee7040e69f9","isMergeCommit":true,"messageTitle":"Merge pull request #22 from richiehx/branch-UpdateProjectWebsite","messageBody":"Update AboutUs and Add Skeleton PPP","fileTypesAndContributionMap":{}},{"hash":"b994f10efcae3cf6ad46ab25086ae5b6f2d4b7c5","isMergeCommit":true,"messageTitle":"Merge pull request #24 from richiehx/branch-UpdateDeveloperGuide","messageBody":"Update User Stories in Developer Guide","fileTypesAndContributionMap":{}},{"hash":"3c31d7fafd7088a9e32b9446fab0771dbf058d4e","isMergeCommit":false,"messageTitle":"add personal details and images","messageBody":"","fileTypesAndContributionMap":{"docs":{"insertions":37,"deletions":0}}}]},{"date":"2023-10-04","commitResults":[{"hash":"ea7d66bcd942906706d97c45d6596b39e687bafb","isMergeCommit":false,"messageTitle":"correct image name into github account name","messageBody":"","fileTypesAndContributionMap":{"docs":{"insertions":1,"deletions":1}}},{"hash":"96bc261b57416324075142185cc01fb202d61f42","isMergeCommit":false,"messageTitle":"update role and responsibility","messageBody":"","fileTypesAndContributionMap":{"docs":{"insertions":3,"deletions":0}}}]},{"date":"2023-10-05","commitResults":[{"hash":"c4f1e3519a8cd9579af1b709ecbe4cce8309bc5a","isMergeCommit":false,"messageTitle":"finished a draft for readMe","messageBody":"","fileTypesAndContributionMap":{"docs":{"insertions":20,"deletions":14}}},{"hash":"a7d905b70c5f34157f7f243d9d3f2f8ad1e952c0","isMergeCommit":false,"messageTitle":"clean irrelevant portion in aboutUs","messageBody":"","fileTypesAndContributionMap":{"docs":{"insertions":0,"deletions":20}}},{"hash":"649cd4bc42a8eb412d7ea3d08276e4a137f8189c","isMergeCommit":false,"messageTitle":"replace traces of AB3 in UG with TutorMate and update acknoledgement in the user guide","messageBody":"","fileTypesAndContributionMap":{"docs":{"insertions":7,"deletions":3}}},{"hash":"4f440424794d1e41f03f40ae9715d52f8a7a0686","isMergeCommit":false,"messageTitle":"slight addition to NFR","messageBody":"","fileTypesAndContributionMap":{"docs":{"insertions":4,"deletions":3}}},{"hash":"1bc456257e69a4c534a9620134ae7f9172a52173","isMergeCommit":false,"messageTitle":"added Use case for installation","messageBody":"","fileTypesAndContributionMap":{"docs":{"insertions":18,"deletions":0}}},{"hash":"2870aa8e08efb6b0145921fbdc1db5f428c51796","isMergeCommit":false,"messageTitle":"try fix bug of now new line at ROF for readme","messageBody":"","fileTypesAndContributionMap":{"docs":{"insertions":2,"deletions":1}}},{"hash":"2757e1b0de4c23690c4cca2a74627bb752619915","isMergeCommit":true,"messageTitle":"try fix merge conflict","messageBody":"","fileTypesAndContributionMap":{}},{"hash":"38af0ab622e41ce50bbc3dcdfdd3ad2d2d9270da","isMergeCommit":false,"messageTitle":"fix issue of involving implementation details in use case for installation","messageBody":"","fileTypesAndContributionMap":{"docs":{"insertions":5,"deletions":5}}}]},{"date":"2023-10-11","commitResults":[{"hash":"e816fbcd79c1f9f665c10d7c54d0cba5712a85e8","isMergeCommit":false,"messageTitle":"hide display of email, tags, phon and address fields in PersonCard. Refractor the implementation of PersonCard and view such that now it support free choose of what fields to display. All fields will be hidden by defualt","messageBody":"","fileTypesAndContributionMap":{"functional-code":{"insertions":49,"deletions":4}}},{"hash":"653b2b8b7dfaa374a79bf91556b720b2a52ffb81","isMergeCommit":false,"messageTitle":"clean unuseful placeholders after refractoring","messageBody":"","fileTypesAndContributionMap":{"functional-code":{"insertions":0,"deletions":9}}},{"hash":"31fb3e051a327136b5e98d78ecc2699fac8a9aea","isMergeCommit":false,"messageTitle":"debugged overly flat displayed entries of contant in gui","messageBody":"","fileTypesAndContributionMap":{"functional-code":{"insertions":1,"deletions":1}}},{"hash":"e44058b7519d95ef49b06dc660a8aae7b0f0f2ff","isMergeCommit":true,"messageTitle":"Merge pull request #50 from elaineshijie/add-subject-class","messageBody":"Add Subject Class","fileTypesAndContributionMap":{}},{"hash":"e30e07871e62a3d4e4486f21bd3845e7b2d9001c","isMergeCommit":true,"messageTitle":"resolve merge conflict","messageBody":"","fileTypesAndContributionMap":{}},{"hash":"de03da92b5cd8fbb2da93ab1d57d0d16249f2f41","isMergeCommit":false,"messageTitle":"add ui support for subjects","messageBody":"","fileTypesAndContributionMap":{"functional-code":{"insertions":54,"deletions":8}}},{"hash":"b9d89c483a8984a044a10e66dfb0796dec023ea9","isMergeCommit":false,"messageTitle":"support setting list options dynamically","messageBody":"","fileTypesAndContributionMap":{"functional-code":{"insertions":25,"deletions":4}}},{"hash":"f466ae1cfd769ea522d004cc6cd69de1ec32da0c","isMergeCommit":false,"messageTitle":"fix check style error which leads to failure in build","messageBody":"","fileTypesAndContributionMap":{"functional-code":{"insertions":30,"deletions":19}}},{"hash":"1ff656c421459e74465873be6945ce414375bf46","isMergeCommit":false,"messageTitle":"add test for all non-gui parts","messageBody":"","fileTypesAndContributionMap":{"test-code":{"insertions":8,"deletions":0}}},{"hash":"0d2596cc4d3478b53e748a3afd8f5b02ac8339f8","isMergeCommit":false,"messageTitle":"previous commit is faulty","messageBody":"","fileTypesAndContributionMap":{"functional-code":{"insertions":7,"deletions":3},"test-code":{"insertions":90,"deletions":3}}},{"hash":"e853bc11b8b30ecf8f2421a70968395b6df61128","isMergeCommit":false,"messageTitle":"fix non newline at EOF for tests","messageBody":"","fileTypesAndContributionMap":{"test-code":{"insertions":2,"deletions":2}}},{"hash":"7fcf60102f43dcd757c00759f762620d676942a9","isMergeCommit":false,"messageTitle":"fix style error for test","messageBody":"","fileTypesAndContributionMap":{"test-code":{"insertions":8,"deletions":51}}}]},{"date":"2023-10-12","commitResults":[{"hash":"8e31315499aab386d2cc24f919f33fc220b1e93e","isMergeCommit":false,"messageTitle":"try seperating logic from ui as much as I can; try modify jacoco to exclude ui folder","messageBody":"","fileTypesAndContributionMap":{"functional-code":{"insertions":112,"deletions":88},"other":{"insertions":1,"deletions":1}}},{"hash":"76bb5bcb7fe53b1c1e4011cc4a56539576f27895","isMergeCommit":true,"messageTitle":"Merge pull request #51 from yiwen101/branch-ui","messageBody":"Add UI support for flexible list, and add support for displaying subject","fileTypesAndContributionMap":{}}]},{"date":"2023-10-15","commitResults":[{"hash":"d28428605650c007fdff7a7836e060009c0fad23","isMergeCommit":true,"messageTitle":"Merge pull request #56 from pzl111/v1.2","messageBody":"Change list command to display either student or task list panel, changed UI","fileTypesAndContributionMap":{}},{"hash":"424fa0888676daab6e5674c5f7aaeadf5f2d2287","isMergeCommit":true,"messageTitle":"Merge branch \u0027master\u0027 into branch-ShowCommand","messageBody":"","fileTypesAndContributionMap":{}},{"hash":"2cfd7f456e23c30c7b22df03385600b094ba9da9","isMergeCommit":true,"messageTitle":"Merge pull request #53 from richiehx/branch-ShowCommand","messageBody":"Branch Show Command","fileTypesAndContributionMap":{}}]},{"date":"2023-10-16","commitResults":[{"hash":"9b3c571ead06075ba39f2a6dd25f707f99f5beae","isMergeCommit":false,"messageTitle":"debug non rerender","messageBody":"","fileTypesAndContributionMap":{"functional-code":{"insertions":46,"deletions":0}}},{"hash":"d14e4ce274c7101bb82969d6b63cb9f84567713e","isMergeCommit":false,"messageTitle":"improve style","messageBody":"","fileTypesAndContributionMap":{"functional-code":{"insertions":9,"deletions":19}}}]},{"date":"2023-10-18","commitResults":[{"hash":"6c26a6b8e8d27ba515b07c995bf8a24a79e5387e","isMergeCommit":true,"messageTitle":"Merge pull request #71 from richiehx/branch-ModifyShow","messageBody":"Add Show Lesson and Show Person Panel","fileTypesAndContributionMap":{}}]},{"date":"2023-10-19","commitResults":[{"hash":"b6583daf14c8c3e2793ea28c003631a67b8f295c","isMergeCommit":true,"messageTitle":"Merge pull request #74 from AY2324S1-CS2103T-T11-3/add-class-slots","messageBody":"Add class slots","fileTypesAndContributionMap":{}},{"hash":"84f50e6ff4f88aaead59501f751cdfe4e25cf9cf","isMergeCommit":true,"messageTitle":"Merge pull request #75 from richiehx/branch-ModifyShow","messageBody":"Fix bug where calling show multiple times stacks tags and subjects","fileTypesAndContributionMap":{}}]},{"date":"2023-10-20","commitResults":[{"hash":"13e3c85a42f33a0fdfaf26a282dd04b5f2be5e42","isMergeCommit":false,"messageTitle":"Add LessonCommand","messageBody":"","fileTypesAndContributionMap":{"functional-code":{"insertions":491,"deletions":20},"test-code":{"insertions":23,"deletions":0}}},{"hash":"7b078b289e4a99f142cb6f6213406d9020f5b00c","isMergeCommit":false,"messageTitle":"fix style","messageBody":"","fileTypesAndContributionMap":{"functional-code":{"insertions":217,"deletions":209},"test-code":{"insertions":34,"deletions":12}}},{"hash":"545638e14659617a8a303e67b4ed7bbff9ac5700","isMergeCommit":false,"messageTitle":"debug parseflag","messageBody":"","fileTypesAndContributionMap":{"functional-code":{"insertions":23,"deletions":11},"test-code":{"insertions":9,"deletions":3}}},{"hash":"a329bafa15af6794626d6d23a2197a027e2168f9","isMergeCommit":true,"messageTitle":"Merge pull request #80 from pzl111/v1.2b","messageBody":"Add new display param \u0027all\u0027 to list command, to show all displayable fields","fileTypesAndContributionMap":{}},{"hash":"37e3fd47767178d9d9498792cb0d96b369f3cbe9","isMergeCommit":true,"messageTitle":"Merge pull request #79 from AY2324S1-CS2103T-T11-3/sample-schedule","messageBody":"Add lessons in Schedule","fileTypesAndContributionMap":{}},{"hash":"d7f4e748f1bd26ef340e66045dc40e0727d094d9","isMergeCommit":true,"messageTitle":"Merge branch \u0027master\u0027 into branch-addLessonCommand","messageBody":"","fileTypesAndContributionMap":{}}]},{"date":"2023-10-21","commitResults":[{"hash":"a389a7da238a1ba4c53e4fd0f37f92bba3d95210","isMergeCommit":true,"messageTitle":"fix merge conflict due to name collision with getter in Lesson","messageBody":"","fileTypesAndContributionMap":{}},{"hash":"31819263fa0ada3207cbd101fe37feab63d6e5f6","isMergeCommit":true,"messageTitle":"resolve branch divergent between local and remote branch","messageBody":"","fileTypesAndContributionMap":{}},{"hash":"777b2c5edbace3baef854872785ef75ad456ae63","isMergeCommit":false,"messageTitle":"add test for TypeParsingUtil","messageBody":"","fileTypesAndContributionMap":{"functional-code":{"insertions":0,"deletions":12},"test-code":{"insertions":65,"deletions":1}}},{"hash":"8767d61e0482a5c4d4f3787d887dbe506b926493","isMergeCommit":false,"messageTitle":"add test to addLessonCommand","messageBody":"","fileTypesAndContributionMap":{"test-code":{"insertions":47,"deletions":0}}},{"hash":"10c11e7038af4cba7d797dd97ff1bb2c8b24f281","isMergeCommit":false,"messageTitle":"add test for AddLessonCommandParser","messageBody":"","fileTypesAndContributionMap":{"test-code":{"insertions":31,"deletions":1}}},{"hash":"00d9969b8c20969e4207d406dad7834058cb42c4","isMergeCommit":false,"messageTitle":"improve exception, differentiate error due to missing flag, extra flag and invalid input so that can handle them differently","messageBody":"","fileTypesAndContributionMap":{"functional-code":{"insertions":54,"deletions":17}}},{"hash":"93ffe1356a6e8bb01b29b8a93798fa0d4f19bf66","isMergeCommit":false,"messageTitle":"finish updating add command","messageBody":"","fileTypesAndContributionMap":{"functional-code":{"insertions":2,"deletions":0}}},{"hash":"0a9896aee5437caa3d9c5048963e26f6b2428228","isMergeCommit":false,"messageTitle":"fix issue with storage with modification to person","messageBody":"","fileTypesAndContributionMap":{"functional-code":{"insertions":339,"deletions":55}}},{"hash":"6a9af44381d29137f7dfd6d8d5e1825744640729","isMergeCommit":false,"messageTitle":"add flexible edit and add feature, add test","messageBody":"","fileTypesAndContributionMap":{"functional-code":{"insertions":308,"deletions":406},"test-code":{"insertions":118,"deletions":830}}},{"hash":"c9a4bc9fcbd85295d052acd56cfe8131059ffcb4","isMergeCommit":false,"messageTitle":"add more test to boost coverage","messageBody":"","fileTypesAndContributionMap":{"test-code":{"insertions":39,"deletions":0}}},{"hash":"758758b080f2653aff9e35fa206f198700356fcb","isMergeCommit":false,"messageTitle":"add test for add command to improve coverage","messageBody":"","fileTypesAndContributionMap":{"test-code":{"insertions":28,"deletions":0}}},{"hash":"2b37f24c04b884ff9c2213d682edd235053e5587","isMergeCommit":false,"messageTitle":"add test","messageBody":"","fileTypesAndContributionMap":{"test-code":{"insertions":24,"deletions":0}}},{"hash":"463ce5b350ed54c58fc6f0012a22a25ca0360d4d","isMergeCommit":false,"messageTitle":"improve code coverage","messageBody":"","fileTypesAndContributionMap":{"functional-code":{"insertions":7,"deletions":8},"test-code":{"insertions":10,"deletions":3}}},{"hash":"0cb52ff2397d6de5d85a8cb61ffe7b084dce0822","isMergeCommit":false,"messageTitle":"improve test coverage","messageBody":"","fileTypesAndContributionMap":{"functional-code":{"insertions":1,"deletions":14},"test-code":{"insertions":33,"deletions":0}}},{"hash":"182d53b0e3538b17f0ee7cde94fe595621c6d8ee","isMergeCommit":false,"messageTitle":"hello world","messageBody":"","fileTypesAndContributionMap":{"functional-code":{"insertions":1,"deletions":1}}}]},{"date":"2023-10-23","commitResults":[{"hash":"7e19fe074b84083543b15bf3be669aa41caac303","isMergeCommit":true,"messageTitle":"Fix merge conflict","messageBody":"","fileTypesAndContributionMap":{}},{"hash":"4d55d2682e3e5126a571aab8d68fa8aef6e239c6","isMergeCommit":false,"messageTitle":"Fix style errors","messageBody":"","fileTypesAndContributionMap":{"functional-code":{"insertions":26,"deletions":4},"test-code":{"insertions":0,"deletions":104}}},{"hash":"f1af5e405b51ff1549d172bd278253a9c7d5a248","isMergeCommit":false,"messageTitle":"Fix failing testcases","messageBody":"","fileTypesAndContributionMap":{"test-code":{"insertions":7,"deletions":2}}}]},{"date":"2023-10-24","commitResults":[{"hash":"bc3a6652fb0759a08db5dd3efcb31340b9210c27","isMergeCommit":true,"messageTitle":"Merge pull request #83 from pzl111/v1.3","messageBody":"Fix case sensitivity for list command, add remark to student","fileTypesAndContributionMap":{}}]},{"date":"2023-10-25","commitResults":[{"hash":"e41bbe91f5c2be4f66a3bfbf2e60ff95e4a3317d","isMergeCommit":true,"messageTitle":"Merge pull request #97 from HollaG/save-schedule","messageBody":"Implement the saving of schedule to JSON file","fileTypesAndContributionMap":{}},{"hash":"bcca22d5b119f6323228f3c5087e30f6201366cf","isMergeCommit":true,"messageTitle":"Merge pull request #91 from richiehx/AddTaskList","messageBody":"Add Structure for Task List","fileTypesAndContributionMap":{}},{"hash":"44e32a623a22a9b3ad80b265f7e98bf5e145a36a","isMergeCommit":true,"messageTitle":"Merge pull request #100 from pzl111/UpdateDG-branch","messageBody":"Update developer guide to include list feature, and change UML diagrams","fileTypesAndContributionMap":{}}]},{"date":"2023-10-27","commitResults":[{"hash":"10adce1d55b0bdf085dd8b7d7e004b469177b7de","isMergeCommit":true,"messageTitle":"Merge pull request #108 from pzl111/v1.3","messageBody":"Change find command implementation, fix list display bug, update window title and icon","fileTypesAndContributionMap":{}},{"hash":"63a8b7915f9986b994889f7a156345b82d78b8c3","isMergeCommit":false,"messageTitle":"Update existing add and edit command","messageBody":"","fileTypesAndContributionMap":{"functional-code":{"insertions":112,"deletions":10},"other":{"insertions":41,"deletions":31},"test-code":{"insertions":3,"deletions":3}}},{"hash":"9dd3ef27ea188d2e3cf1e9a90703e36277660674","isMergeCommit":false,"messageTitle":"Update DG\u0027s logic component part","messageBody":"","fileTypesAndContributionMap":{"docs":{"insertions":21,"deletions":3}}},{"hash":"1431984db2f9a230a320ac189646b5882972cee6","isMergeCommit":false,"messageTitle":"Update Lesson class","messageBody":"","fileTypesAndContributionMap":{"functional-code":{"insertions":697,"deletions":265},"test-code":{"insertions":23,"deletions":35}}},{"hash":"d97926143b171ab19111a47d63c2c913a7f85b47","isMergeCommit":false,"messageTitle":"Fix bugs with refractor Lesson","messageBody":"","fileTypesAndContributionMap":{"functional-code":{"insertions":59,"deletions":44},"other":{"insertions":82,"deletions":0},"test-code":{"insertions":16,"deletions":45}}},{"hash":"6ee4bc6c0f11b63febd90713e147f253c131fb9d","isMergeCommit":false,"messageTitle":"Fix style errors","messageBody":"","fileTypesAndContributionMap":{"functional-code":{"insertions":610,"deletions":536},"other":{"insertions":2,"deletions":2},"test-code":{"insertions":165,"deletions":147}}},{"hash":"27f7ff4cf6792afc4a0b118eecb6469b947168e5","isMergeCommit":true,"messageTitle":"Fix merge conflict","messageBody":"","fileTypesAndContributionMap":{}},{"hash":"20b6691d3448062534b1e0d10b94353520487c9f","isMergeCommit":false,"messageTitle":"Fix style","messageBody":"","fileTypesAndContributionMap":{"functional-code":{"insertions":0,"deletions":3}}},{"hash":"d85d52fdf44e2609f8c6360e4a7f532e4171ff32","isMergeCommit":false,"messageTitle":"Delete binary files","messageBody":"Delete accidentally included binary files\n","fileTypesAndContributionMap":{"other":{"insertions":0,"deletions":82}}}]},{"date":"2023-10-28","commitResults":[{"hash":"63cec4a219606a7c6f708ebcc49a31e9a278bc50","isMergeCommit":false,"messageTitle":"Add comment to abstract edit command to boost readability","messageBody":"","fileTypesAndContributionMap":{"functional-code":{"insertions":75,"deletions":42}}},{"hash":"5f9f10c13b092f9262950fa8b1e4bae641ffd2e3","isMergeCommit":false,"messageTitle":"Bring back the test for edit command","messageBody":"","fileTypesAndContributionMap":{"functional-code":{"insertions":6,"deletions":2},"test-code":{"insertions":45,"deletions":36}}}]},{"date":"2023-10-29","commitResults":[{"hash":"cd7f10661bfd9484d0b97f2fcbe10aa758a380cd","isMergeCommit":true,"messageTitle":"Merge pull request #118 from HollaG/catchup","messageBody":"Update DG Puml","fileTypesAndContributionMap":{}}]},{"date":"2023-10-30","commitResults":[{"hash":"1610e74b91b7e1cd276f290bfb2e4a223ed65018","isMergeCommit":false,"messageTitle":"Add sertialize to BiDirectionalMap","messageBody":"","fileTypesAndContributionMap":{"functional-code":{"insertions":143,"deletions":9}}},{"hash":"458bd5a8dbd99165e9f672770499dce382d9df2c","isMergeCommit":true,"messageTitle":"Merge branch \u0027master\u0027 into branch-serialize-map Merge with master branch","messageBody":"","fileTypesAndContributionMap":{}},{"hash":"329cdc4f73a6dc10349400f86ab843e9901cdbe0","isMergeCommit":false,"messageTitle":"Integrate store of map into logic","messageBody":"","fileTypesAndContributionMap":{"functional-code":{"insertions":90,"deletions":26}}},{"hash":"267ccb9e48e80897b59c1f40bc11aca69364c2ec","isMergeCommit":false,"messageTitle":"Debug the case when the name is not in the map","messageBody":"","fileTypesAndContributionMap":{"functional-code":{"insertions":12,"deletions":2}}},{"hash":"e4a99eb77a6fe61059392c152b3c1b2777df25ec","isMergeCommit":false,"messageTitle":"Debug when the map data file do not exist","messageBody":"","fileTypesAndContributionMap":{"functional-code":{"insertions":17,"deletions":6}}},{"hash":"6ab5108f4da11fc99c190b6b2cf2a9b8567d0092","isMergeCommit":false,"messageTitle":"Fix bug of cannot have - in address","messageBody":"","fileTypesAndContributionMap":{"functional-code":{"insertions":5,"deletions":2}}},{"hash":"376e885446d6bf5968cc37ccf6ae1d1cc98ae116","isMergeCommit":false,"messageTitle":"Integrate delete command","messageBody":"","fileTypesAndContributionMap":{"functional-code":{"insertions":132,"deletions":11},"other":{"insertions":45,"deletions":41},"test-code":{"insertions":13,"deletions":10}}},{"hash":"b41c59acddbfab0e1d9016eda44d160eabc38c62","isMergeCommit":true,"messageTitle":"Merge pull request #124 from HollaG/save-tasklist","messageBody":"Implement the saving and reading of taskList","fileTypesAndContributionMap":{}}]},{"date":"2023-10-31","commitResults":[{"hash":"ae155b676fbbbd1e13ea4dc22de4a8294ef4bba9","isMergeCommit":false,"messageTitle":"Remove tasklistview","messageBody":"","fileTypesAndContributionMap":{"functional-code":{"insertions":1,"deletions":10}}},{"hash":"420b5f29858ced9cf73f7c918be0023460f5991e","isMergeCommit":false,"messageTitle":"Delete unused lessonToTaskMap","messageBody":"","fileTypesAndContributionMap":{"functional-code":{"insertions":0,"deletions":25}}},{"hash":"f6a0f50dbc7d50c1efbaea4b3abba438607cd181","isMergeCommit":true,"messageTitle":"Merge branch \u0027master\u0027 into branch-serialize-map","messageBody":"","fileTypesAndContributionMap":{}},{"hash":"ce9f0a95fdd9742e6ab9b5da2cab300043ef06c0","isMergeCommit":true,"messageTitle":"Resolve merge conflict","messageBody":"","fileTypesAndContributionMap":{}},{"hash":"828b4ba4424aaee97964cc2897ff0c3adf1bc0e6","isMergeCommit":true,"messageTitle":"Resolve merge conflict again","messageBody":"","fileTypesAndContributionMap":{}},{"hash":"00f40db4082186bfbd43cf9c3b22a3def128b1fc","isMergeCommit":false,"messageTitle":"Debug general edit throw index not found error\u0027","messageBody":"","fileTypesAndContributionMap":{"functional-code":{"insertions":1,"deletions":1}}},{"hash":"c49420c2efb40c574f381c43e71d27073d689342","isMergeCommit":true,"messageTitle":"Merge branch \u0027master\u0027 into branch-delete-command Merge with master","messageBody":"","fileTypesAndContributionMap":{}},{"hash":"447388b6b3552952fd98ebb6649220c324527a01","isMergeCommit":true,"messageTitle":"Merge branch \u0027master\u0027 into findlesson-branch","messageBody":"","fileTypesAndContributionMap":{}},{"hash":"684d8aaa36ac140357a14a12fd03fa2c3931fa00","isMergeCommit":true,"messageTitle":"Merge pull request #132 from pzl111/findlesson-branch","messageBody":"Modify Find Command to work with students and lessons","fileTypesAndContributionMap":{}},{"hash":"a15d0580de5483b8f0cd44552f2f417a24d83949","isMergeCommit":true,"messageTitle":"Merge pull request #119 from yiwen101/branch-serialize-map","messageBody":"Branch serialize map","fileTypesAndContributionMap":{}},{"hash":"4464a1d03298f648ac71aac00c3d6a0c8182ec53","isMergeCommit":false,"messageTitle":"Add display of students in lesson in ui","messageBody":"","fileTypesAndContributionMap":{"functional-code":{"insertions":64,"deletions":22},"test-code":{"insertions":29,"deletions":2}}},{"hash":"fb7551eb20d98fe91f92dd0c3f8a96a93cb3ad01","isMergeCommit":false,"messageTitle":"Fix style","messageBody":"","fileTypesAndContributionMap":{"functional-code":{"insertions":0,"deletions":2}}},{"hash":"f54af7e9c5b18ba23da83aa54fd4dc1016d91f4b","isMergeCommit":false,"messageTitle":"Add and test linkCommand","messageBody":"","fileTypesAndContributionMap":{"functional-code":{"insertions":167,"deletions":11},"test-code":{"insertions":16,"deletions":0}}},{"hash":"de73cbe3b80744896e82f67d4be79f2fb9dee713","isMergeCommit":false,"messageTitle":"Fix style","messageBody":"","fileTypesAndContributionMap":{"functional-code":{"insertions":65,"deletions":33}}},{"hash":"6b1987bb11ca88120d3cc096f52835261d151b19","isMergeCommit":true,"messageTitle":"Merge pull request #134 from pzl111/newtheme-branch","messageBody":"Add new theme with overall larger scaling, to use for product demo","fileTypesAndContributionMap":{}},{"hash":"1fb5711d0a8e278e893790b2b1bb1f9f7813a39d","isMergeCommit":false,"messageTitle":"Add view to linked lessons in student","messageBody":"","fileTypesAndContributionMap":{"functional-code":{"insertions":13,"deletions":0}}},{"hash":"ddb7bedbdb9f52f84f4ba311035d300b091ff728","isMergeCommit":false,"messageTitle":"Sort the person list","messageBody":"","fileTypesAndContributionMap":{"functional-code":{"insertions":20,"deletions":1}}},{"hash":"304684dd624f418fa06d57f918ad22c907777d64","isMergeCommit":false,"messageTitle":"Fix style","messageBody":"","fileTypesAndContributionMap":{"functional-code":{"insertions":3,"deletions":0}}}]},{"date":"2023-11-01","commitResults":[{"hash":"546765a0ffbb242c2c27e01e5ab2468ca1a7e03c","isMergeCommit":false,"messageTitle":"Fix bug of show not updated after edit, add, delete","messageBody":"","fileTypesAndContributionMap":{"functional-code":{"insertions":24,"deletions":2},"test-code":{"insertions":0,"deletions":1}}},{"hash":"8406c4e7ac42ba11de9c3ccefc9aed537063195c","isMergeCommit":true,"messageTitle":"Resolve merge conflict","messageBody":"","fileTypesAndContributionMap":{}},{"hash":"2e0dee3c90de2ba1a855aa58cde1d07b7568e505","isMergeCommit":false,"messageTitle":"Improve message to user","messageBody":"","fileTypesAndContributionMap":{"functional-code":{"insertions":33,"deletions":6}}},{"hash":"f0210616b05e080fe7e9f0b94ea059cd132a9074","isMergeCommit":true,"messageTitle":"Merge branch \u0027branch-error-message\u0027 into improve-error-message Resolve merge conflict","messageBody":"","fileTypesAndContributionMap":{}},{"hash":"08b6b85aa6ac8979bab8ac6b5ab75d583e118b63","isMergeCommit":false,"messageTitle":"Improve message in add, edit, delete","messageBody":"","fileTypesAndContributionMap":{"functional-code":{"insertions":139,"deletions":45},"test-code":{"insertions":4,"deletions":3}}},{"hash":"0f271a218b1ac1a750c24f38f5698775ee0ab66c","isMergeCommit":true,"messageTitle":"Merge with  link-person-lesson-command to use its methods","messageBody":"","fileTypesAndContributionMap":{}},{"hash":"d3205fc467cb0c40ae0de014ef0c57b5858ace40","isMergeCommit":false,"messageTitle":"Test and Improve error message to user","messageBody":"","fileTypesAndContributionMap":{"functional-code":{"insertions":41,"deletions":25},"test-code":{"insertions":9,"deletions":4}}},{"hash":"c3dfa9d3f0fa45f03c3a7959b22b71be6d0722e5","isMergeCommit":false,"messageTitle":"Fix style","messageBody":"","fileTypesAndContributionMap":{"functional-code":{"insertions":14,"deletions":10},"test-code":{"insertions":0,"deletions":1}}},{"hash":"6de014d5659c41c4ab32a5658fa9d1c5b1a517c2","isMergeCommit":false,"messageTitle":"Update error message of clashing lesson","messageBody":"","fileTypesAndContributionMap":{"functional-code":{"insertions":2,"deletions":2}}},{"hash":"3f5bbd87c1c04cb72e0d6320dbeadc05055f50ea","isMergeCommit":false,"messageTitle":"Test and debug error messages for edit lesson","messageBody":"","fileTypesAndContributionMap":{"functional-code":{"insertions":15,"deletions":13},"test-code":{"insertions":1,"deletions":1}}},{"hash":"3ea406df7fd6a8b2f138970ca43dc302b28b77bb","isMergeCommit":false,"messageTitle":"Test and update add lesson error message","messageBody":"","fileTypesAndContributionMap":{"functional-code":{"insertions":10,"deletions":3}}},{"hash":"3bc273c738951381b2eeba0069ddc29cb178125d","isMergeCommit":false,"messageTitle":"Test and update messages for add person","messageBody":"","fileTypesAndContributionMap":{"functional-code":{"insertions":4,"deletions":1},"test-code":{"insertions":3,"deletions":3}}},{"hash":"b81d1f10fc5df87eb946b5dd4b8465c68c2b8a85","isMergeCommit":false,"messageTitle":"Debug schedule not sorted","messageBody":"","fileTypesAndContributionMap":{"functional-code":{"insertions":4,"deletions":0}}},{"hash":"330201faca51d6de35eaaaf42c70f0ef0638a17a","isMergeCommit":true,"messageTitle":"Merge pull request #137 from elaineshijie/add-tasks","messageBody":"Add and Delete Tasks in Lesson","fileTypesAndContributionMap":{}},{"hash":"32a6813e3b5d2e4fcb9104cf99d3459c2c574a9e","isMergeCommit":true,"messageTitle":"Merge branch \u0027master\u0027 into link-person-lesson-command","messageBody":"","fileTypesAndContributionMap":{}},{"hash":"ea802875b5c89ee1ed7a1c5c306f9d081f31969d","isMergeCommit":true,"messageTitle":"Merge branch \u0027master\u0027 into debug-update-show","messageBody":"","fileTypesAndContributionMap":{}},{"hash":"36b00480795a47bcb544c2669b794fa96aff397f","isMergeCommit":false,"messageTitle":"Fix style","messageBody":"","fileTypesAndContributionMap":{"functional-code":{"insertions":0,"deletions":13}}},{"hash":"a1f273f109d5b803876f31998c709484fab16d80","isMergeCommit":true,"messageTitle":"Merge branch \u0027master\u0027 into improve-error-message","messageBody":"","fileTypesAndContributionMap":{}},{"hash":"b7cbf8ba9630266c0dec1929ed60d154e068aaaa","isMergeCommit":true,"messageTitle":"Merge pull request #135 from yiwen101/link-person-lesson-command","messageBody":"Link person lesson command","fileTypesAndContributionMap":{}},{"hash":"785d14ad816be2d3886b80a6df2012c2e95425e5","isMergeCommit":true,"messageTitle":"Merge branch \u0027master\u0027 into improve-error-message","messageBody":"","fileTypesAndContributionMap":{}},{"hash":"4c4b8dd2c032b0982eaf137a7278f7fb2864f1e7","isMergeCommit":false,"messageTitle":"Fix outdated test","messageBody":"","fileTypesAndContributionMap":{"test-code":{"insertions":2,"deletions":3}}},{"hash":"2a50e8e1669d1ba1652f701dc871b82393dbadc8","isMergeCommit":true,"messageTitle":"Merge branch \u0027master\u0027 into debug-update-show Merge with master","messageBody":"","fileTypesAndContributionMap":{}},{"hash":"4b7eed5ab826860192f246a33119d05e248637d0","isMergeCommit":false,"messageTitle":"Fix show update issue for link command","messageBody":"","fileTypesAndContributionMap":{"functional-code":{"insertions":7,"deletions":0}}},{"hash":"38e34c766dbb833615d429a98c15510d57720ea4","isMergeCommit":false,"messageTitle":"Reset not shown entries to null","messageBody":"","fileTypesAndContributionMap":{"functional-code":{"insertions":3,"deletions":1}}},{"hash":"6b7b1550ded7eaa7040dcf3e9e22ccfb3ae6dc24","isMergeCommit":false,"messageTitle":"Add navigate command","messageBody":"","fileTypesAndContributionMap":{"functional-code":{"insertions":65,"deletions":1}}},{"hash":"6ca1a1a46c15764f29f410386b8dbdff33e89c32","isMergeCommit":true,"messageTitle":"Fix style","messageBody":"","fileTypesAndContributionMap":{}},{"hash":"12b971af6fadb100a85c7d3766fe5c36d3927e49","isMergeCommit":false,"messageTitle":"Fix some bugs","messageBody":"","fileTypesAndContributionMap":{"functional-code":{"insertions":10,"deletions":5}}},{"hash":"d9a90bf8c399a85c5aa4ca5454ddc9eb58002c2c","isMergeCommit":false,"messageTitle":"Fix failed test","messageBody":"","fileTypesAndContributionMap":{"test-code":{"insertions":1,"deletions":1}}},{"hash":"9a4a462946eac16e4ad1b706b7a1dbb9018a47b4","isMergeCommit":false,"messageTitle":"Overload addTask and throw error for add or delete task in task list","messageBody":"","fileTypesAndContributionMap":{"functional-code":{"insertions":84,"deletions":28}}},{"hash":"d288d52f9ca83ff7d859419f1c626a6dbfd4f647","isMergeCommit":false,"messageTitle":"Fix check style","messageBody":"","fileTypesAndContributionMap":{"functional-code":{"insertions":17,"deletions":10}}},{"hash":"c97380e45632d67ec966ca2c98c731c57eb72b77","isMergeCommit":false,"messageTitle":"Add alis name for addTask","messageBody":"","fileTypesAndContributionMap":{"functional-code":{"insertions":2,"deletions":0}}},{"hash":"83364438a082ac726b37a5e7416a939b92cb9792","isMergeCommit":false,"messageTitle":"Debug some branch of add or delete task not covered","messageBody":"","fileTypesAndContributionMap":{"functional-code":{"insertions":9,"deletions":0}}},{"hash":"4f3d700f6156c5453d3e1db0b0c67e089a423e2c","isMergeCommit":false,"messageTitle":"Debug change show for added student when current list is not student, fix style","messageBody":"","fileTypesAndContributionMap":{"functional-code":{"insertions":13,"deletions":7},"test-code":{"insertions":1,"deletions":1}}},{"hash":"2ab567746c2b15db03684f902572b900c585c422","isMergeCommit":false,"messageTitle":"Restrict addTask and deleteTask to schedule state only","messageBody":"","fileTypesAndContributionMap":{"functional-code":{"insertions":39,"deletions":17}}},{"hash":"95b61ed7504c5cb35456f90b91f26f68dc648011","isMergeCommit":true,"messageTitle":"Merge pull request #154 from pzl111/ui-fix-branch","messageBody":"Fix Ui issues with panels, increase Ui scale","fileTypesAndContributionMap":{}},{"hash":"3a1b3b3539ff2d70a937d3e7fad2122d73e07d1a","isMergeCommit":true,"messageTitle":"Merge pull request #155 from yiwen101/restrict-add-edit-task","messageBody":"Restrict addTask and deleteTask to schedule state only","fileTypesAndContributionMap":{}},{"hash":"3daa17b659ac6e4473d64b880f8ffc311b04c1af","isMergeCommit":true,"messageTitle":"Merge branch \u0027master\u0027 into overload-addTask","messageBody":"","fileTypesAndContributionMap":{}},{"hash":"996742dc94dc60d6a6c24e54887338b0c9169180","isMergeCommit":false,"messageTitle":"Debug description not found","messageBody":"","fileTypesAndContributionMap":{"functional-code":{"insertions":1,"deletions":1}}},{"hash":"317b12bc44ecb5e8454b221b71723c17c0ef6da7","isMergeCommit":true,"messageTitle":"Resolve merge conflict","messageBody":"","fileTypesAndContributionMap":{}},{"hash":"50df196ae500745fc876c49af1ea9a991d74139a","isMergeCommit":true,"messageTitle":"Merge pull request #153 from elaineshijie/update-ug","messageBody":"Add addTask and deleteTask in UG documentation","fileTypesAndContributionMap":{}}]},{"date":"2023-11-02","commitResults":[{"hash":"be5e7936a6e318c99dad2a6754da99af07f9c194","isMergeCommit":true,"messageTitle":"Merge branch \u0027master\u0027 into overload-addTask","messageBody":"","fileTypesAndContributionMap":{}},{"hash":"b2390b86ae267968aca7b5519e3eafa10697ece1","isMergeCommit":true,"messageTitle":"Merge pull request #156 from yiwen101/overload-addTask","messageBody":"Overload add task","fileTypesAndContributionMap":{}},{"hash":"b3ffc20d1ee28e49e61b4e95159880cbaeb59145","isMergeCommit":true,"messageTitle":"Merge branch \u0027master\u0027 into improve-error-message","messageBody":"","fileTypesAndContributionMap":{}},{"hash":"347c6278e7af17f5ee3ce6b1224b78243b472ba0","isMergeCommit":true,"messageTitle":"Merge branch \u0027improve-error-message\u0027 of https://github.com/yiwen101/tp into improve-error-message \"Merge with update\"","messageBody":"","fileTypesAndContributionMap":{}},{"hash":"8545d9c3e909a990ccfc58a383e9295d071b92a1","isMergeCommit":false,"messageTitle":"Debug cannot build","messageBody":"","fileTypesAndContributionMap":{"functional-code":{"insertions":1,"deletions":0}}},{"hash":"6181414df47c8b951c96d8c8cd2317c18bc8b197","isMergeCommit":true,"messageTitle":"Merge pull request #141 from yiwen101/improve-error-message","messageBody":"Improve error message","fileTypesAndContributionMap":{}},{"hash":"500121948cc50eb470fae3be7ef8439b11d842df","isMergeCommit":false,"messageTitle":"Debug edited and original lesson have same string","messageBody":"","fileTypesAndContributionMap":{"functional-code":{"insertions":5,"deletions":2}}},{"hash":"06e9d67bb69130d9598be3feb007913314fbce66","isMergeCommit":true,"messageTitle":"Merge pull request #157 from richiehx/ImproveTaskList","messageBody":"Add refresh functionality for fullTaskList for Add and Delete Tasks","fileTypesAndContributionMap":{}},{"hash":"9b7107d80d1c35d5341eae4626bdc88a3faff97d","isMergeCommit":true,"messageTitle":"Merge branch \u0027AY2324S1-CS2103T-T11-3:master\u0027 into master","messageBody":"","fileTypesAndContributionMap":{}},{"hash":"262897d819f5dd1a4564f70b74c2ee4bcb7adeef","isMergeCommit":false,"messageTitle":"Enhance parser to parse commands insensitive whether they are capitialised","messageBody":"","fileTypesAndContributionMap":{"functional-code":{"insertions":17,"deletions":17}}},{"hash":"6029b7266f1b014851740c94cc57071516ff4c32","isMergeCommit":false,"messageTitle":"Add filter command","messageBody":"","fileTypesAndContributionMap":{"functional-code":{"insertions":210,"deletions":3}}},{"hash":"83d3c74e0735172b969c75eb5176a18caa8b9245","isMergeCommit":true,"messageTitle":"Merge pull request #166 from richiehx/ChangeSampleData","messageBody":"Change Sample Task Data","fileTypesAndContributionMap":{}},{"hash":"0215a7997cf307d9fd45d6af352aeea054d4bb4b","isMergeCommit":true,"messageTitle":"Merge pull request #163 from richiehx/FixWarnings","messageBody":"Fix JavaFX warnings and print statements","fileTypesAndContributionMap":{}},{"hash":"d079dff83ff4e7ace99d84ccafb66d584f563882","isMergeCommit":true,"messageTitle":"Merge pull request #165 from HollaG/tasks-done","messageBody":"Removed the task done status from a task","fileTypesAndContributionMap":{}},{"hash":"beae3edbbbf5f66e8ad7a8b5467eddc0ccdcd3fb","isMergeCommit":true,"messageTitle":"Merge branch \u0027master\u0027 into filter Merge with master","messageBody":"","fileTypesAndContributionMap":{}},{"hash":"b344acdb318bfd420183654ffa8cc51fc45fb586","isMergeCommit":false,"messageTitle":"Debug filter subjects not work for lesson","messageBody":"","fileTypesAndContributionMap":{"functional-code":{"insertions":7,"deletions":3}}},{"hash":"9a85b11145f610e9c4c4bc6840d9c2a51028b2f2","isMergeCommit":false,"messageTitle":"Improve error message","messageBody":"","fileTypesAndContributionMap":{"functional-code":{"insertions":48,"deletions":32}}},{"hash":"795d9a5ff722b929f5ffb14e5af6554384c58d7b","isMergeCommit":false,"messageTitle":"Improve error message again","messageBody":"","fileTypesAndContributionMap":{"functional-code":{"insertions":4,"deletions":5}}},{"hash":"2edcf9e29ad4752132761c070ea35ce86ae6ab62","isMergeCommit":false,"messageTitle":"Change behaviour of filter on name","messageBody":"","fileTypesAndContributionMap":{"functional-code":{"insertions":6,"deletions":2}}},{"hash":"93c2ec32dabff684b4bc4413ade5f0c422ed66b2","isMergeCommit":true,"messageTitle":"Merge pull request #169 from pzl111/featurecheck-branch","messageBody":"Command history feature","fileTypesAndContributionMap":{}},{"hash":"aae829481241295316c3c1aa6751238ccb40655e","isMergeCommit":false,"messageTitle":"Debug repeated flags not detected","messageBody":"","fileTypesAndContributionMap":{"functional-code":{"insertions":1,"deletions":1}}},{"hash":"bfb8c32788f7c66a1ef9d05118ea761e978e8784","isMergeCommit":false,"messageTitle":"Debug deleteTask error message says add task","messageBody":"","fileTypesAndContributionMap":{"functional-code":{"insertions":1,"deletions":1}}},{"hash":"4d12c5a01f5ce3934d8fad1865f6b8b82f16333a","isMergeCommit":false,"messageTitle":"Add usage info to command missing them","messageBody":"","fileTypesAndContributionMap":{"functional-code":{"insertions":56,"deletions":15}}},{"hash":"12b9b1e70ccab9fbb38ef7451037f149918e427b","isMergeCommit":false,"messageTitle":"Fix style","messageBody":"","fileTypesAndContributionMap":{"functional-code":{"insertions":2,"deletions":1}}},{"hash":"09a1aebef01c3c84c17534071fd739497f3655b7","isMergeCommit":false,"messageTitle":"Improve message","messageBody":"","fileTypesAndContributionMap":{"functional-code":{"insertions":14,"deletions":14},"docs":{"insertions":3,"deletions":3},"test-code":{"insertions":5,"deletions":5}}},{"hash":"746e0c38aae83dfb3d4a38555f2b52b58459eb7a","isMergeCommit":true,"messageTitle":"Merge pull request #168 from yiwen101/filter","messageBody":"Add filter command","tags":["v1.3.0"],"fileTypesAndContributionMap":{}},{"hash":"e6ace2dac3a932affa0663cba4a96f56f21b3d24","isMergeCommit":false,"messageTitle":"Fix style","messageBody":"","fileTypesAndContributionMap":{"functional-code":{"insertions":2,"deletions":1}}},{"hash":"1cd3eb70dc3f9af90c963b325efc57c4df193122","isMergeCommit":true,"messageTitle":"Merge branch \u0027master\u0027 into improve-message2","messageBody":"","fileTypesAndContributionMap":{}},{"hash":"51c6398a53ff4340fe776e0c646efa4d36d97a44","isMergeCommit":false,"messageTitle":"Replace lesson list with schedule list","messageBody":"","fileTypesAndContributionMap":{"functional-code":{"insertions":6,"deletions":6},"docs":{"insertions":3,"deletions":3}}},{"hash":"2bfb71bad6c5b2c696b5ab92ccae3cb7a2b25b98","isMergeCommit":true,"messageTitle":"Resolve merge conflict","messageBody":"","fileTypesAndContributionMap":{}}]},{"date":"2023-11-03","commitResults":[{"hash":"285df2fd60eaad840397f53fcab7b41a8c0eface","isMergeCommit":true,"messageTitle":"Merge pull request #172 from richiehx/updateUG","messageBody":"Update ug","fileTypesAndContributionMap":{}},{"hash":"6a4246c842268461c04228108646d468697fbacd","isMergeCommit":true,"messageTitle":"Merge branch \u0027master\u0027 into improve-message2","messageBody":"","fileTypesAndContributionMap":{}},{"hash":"3a79b2af4ecfb933bda386118e487a6e18add2b2","isMergeCommit":false,"messageTitle":"Debug wrong usage message","messageBody":"","fileTypesAndContributionMap":{"functional-code":{"insertions":2,"deletions":2}}},{"hash":"08538cc9fa3b31ea6bf9c3aaed50e4b8b1585d10","isMergeCommit":true,"messageTitle":"Merge branch \u0027improve-message2\u0027 of https://github.com/yiwen101/tp into improve-message2","messageBody":"","fileTypesAndContributionMap":{}},{"hash":"7b107e4368ba8aad1d7bdf5cef67ed9005b1791a","isMergeCommit":false,"messageTitle":"Debug wrong messages in link command","messageBody":"","fileTypesAndContributionMap":{"functional-code":{"insertions":7,"deletions":6}}},{"hash":"b789381f40c43349bd3ecfcf3a01d6876bc4b2d7","isMergeCommit":false,"messageTitle":"Add example for valid day","messageBody":"","fileTypesAndContributionMap":{"functional-code":{"insertions":3,"deletions":1}}},{"hash":"a56b26f39bef3f5aa58e4ebea881bc65e1cc5142","isMergeCommit":true,"messageTitle":"Merge pull request #171 from yiwen101/improve-message2","messageBody":"Add usage info to command missing them","fileTypesAndContributionMap":{}},{"hash":"dda2b9dca0806509d65a5cd70c07cc6db3c33e2b","isMergeCommit":false,"messageTitle":"Debug usage not on a new line","messageBody":"","fileTypesAndContributionMap":{"functional-code":{"insertions":2,"deletions":2}}},{"hash":"eedfb391748402438af3424cc193cd83c165ef75","isMergeCommit":true,"messageTitle":"Merge pull request #175 from HollaG/fix-store-order","messageBody":"Fixed the ordering of tasks when saving","fileTypesAndContributionMap":{}},{"hash":"32436ae38a6247260d96eae20d25deaa729a7e90","isMergeCommit":true,"messageTitle":"Merge branch \u0027AY2324S1-CS2103T-T11-3:master\u0027 into master","messageBody":"","fileTypesAndContributionMap":{}}]},{"date":"2023-11-04","commitResults":[{"hash":"b6e69bbeddcbb1b4340923093b03b5c99d6b02dc","isMergeCommit":true,"messageTitle":"Merge pull request #222 from elaineshijie/ug-ped-changes","messageBody":"Make changes to user guide based on ped issues","fileTypesAndContributionMap":{}}]}]},"authorFileTypeContributionMap":{"richiehx":{"docs":233,"functional-code":1284,"test-code":468},"pzl111":{"docs":118,"functional-code":1136,"test-code":241},"HollaG":{"docs":180,"functional-code":632,"test-code":33},"elaineshijie":{"docs":355,"functional-code":1235,"test-code":220,"other":3},"yiwen101":{"docs":101,"functional-code":3667,"test-code":645,"other":1}},"authorContributionVariance":{"richiehx":31335.602,"pzl111":19305.814,"HollaG":20755.934,"elaineshijie":27305.023,"yiwen101":357431.62},"authorDisplayNameMap":{"richiehx":"CS2103T-T11-3 RICH..SIEH","pzl111":"CS2103T-T11-3 PHUA..LIAN","HollaG":"CS2103T-T11-3 SOH ..RCUS","elaineshijie":"CS2103T-T11-3 LOH ..AINE","yiwen101":"CS2103T-T11-3 WANG..IWEN"}}
