{"authorDailyContributionsMap":{"richiehx":[{"date":"2023-09-28","commitResults":[{"hash":"d56756d44264b415a2f69ac2f76686f1327fcb20","isMergeCommit":false,"messageTitle":"Update AboutUs and Add Skeleton PPP","messageBody":"","fileTypesAndContributionMap":{"docs":{"insertions":36,"deletions":5}}},{"hash":"641af309b0876555fcfb91e2233f9b496925d8dd","isMergeCommit":true,"messageTitle":"Merge pull request #20 from pzl111/v1.1","messageBody":"Update AboutUS, upload profile picture and add skeletal PPP for pzl1111","fileTypesAndContributionMap":{}},{"hash":"99089e42f6a72b5a6b6f03ac40fc32ff7b0d38bf","isMergeCommit":false,"messageTitle":"Fix checkstyle errors","messageBody":"","fileTypesAndContributionMap":{"docs":{"insertions":2,"deletions":1}}},{"hash":"6182ed4627df17ba317e4c32ee3f1b107057f991","isMergeCommit":false,"messageTitle":"Update User Stories in Developer Guide","messageBody":"","fileTypesAndContributionMap":{"docs":{"insertions":28,"deletions":11}}}]},{"date":"2023-10-01","commitResults":[{"hash":"684601c0e815b967b80d165262ed3d3c1bf5c175","isMergeCommit":true,"messageTitle":"Merge pull request #26 from yiwen101/master","messageBody":"Add personal details and images in docs folder","fileTypesAndContributionMap":{}},{"hash":"28f4a40b7689c87653c69295e8a1940978a17405","isMergeCommit":false,"messageTitle":"Update User Guide","messageBody":"","fileTypesAndContributionMap":{"docs":{"insertions":40,"deletions":2}}},{"hash":"5ac0ff50e24830eeb4ab0b750721b10d74c4a6b2","isMergeCommit":true,"messageTitle":"Merge pull request #30 from AY2324S1-CS2103T-T11-3/update-aboutus","messageBody":"update aboutus","fileTypesAndContributionMap":{}}]},{"date":"2023-10-04","commitResults":[{"hash":"2a354ebbb6525db4107857008c3354bf75a27ae2","isMergeCommit":true,"messageTitle":"Merge pull request #43 from yiwen101/master","messageBody":"correct image name into github account name","fileTypesAndContributionMap":{}}]},{"date":"2023-10-07","commitResults":[{"hash":"4f3ff415184ea8df94602d8c46fd4a430d189a9e","isMergeCommit":true,"messageTitle":"Merge pull request #47 from pzl111/v1.1","messageBody":"Updated user guide, aboutus, readme and a new image for helpMessage","fileTypesAndContributionMap":{}},{"hash":"b90f87d083bb1440f4fa0b40c51c0b8f893e2188","isMergeCommit":true,"messageTitle":"Merge pull request #45 from AY2324S1-CS2103T-T11-3/update-guides","messageBody":"update DG","fileTypesAndContributionMap":{}}]}],"pzl111":[{"date":"2023-09-28","commitResults":[{"hash":"39c174d9e41ef6e52c14e93aed2b006dc03cf286","isMergeCommit":false,"messageTitle":"Add profile picture and edit AboutUS readme","messageBody":"","fileTypesAndContributionMap":{"docs":{"insertions":4,"deletions":5}}},{"hash":"917b9da536bdfeaa1569c23ae1f1e5036088e367","isMergeCommit":false,"messageTitle":"Create skeletal PPP","messageBody":"","fileTypesAndContributionMap":{"docs":{"insertions":31,"deletions":0}}},{"hash":"d3078ec326b22a61cfe8311b9f1886493b4e5ac7","isMergeCommit":false,"messageTitle":"Update portfolio link in AboutUs","messageBody":"","fileTypesAndContributionMap":{"docs":{"insertions":1,"deletions":1}}},{"hash":"d57e47b4cbe4f9c8be1eb1fb1f46502884c08fe7","isMergeCommit":false,"messageTitle":"Add new line to skeletal PPP","messageBody":"","fileTypesAndContributionMap":{"docs":{"insertions":1,"deletions":1}}}]},{"date":"2023-10-02","commitResults":[{"hash":"0d4865bd8e58784b93cc7f6ac3edf309d0928b1b","isMergeCommit":true,"messageTitle":"Merge branch \u0027master\u0027 into v1.1","messageBody":"","fileTypesAndContributionMap":{}},{"hash":"8df8d2cb2551b59c591d0d89df39551567a95a57","isMergeCommit":true,"messageTitle":"Merge pull request #42 from AY2324S1-CS2103T-T11-3/update-aboutus","messageBody":"fix: change names to convention","fileTypesAndContributionMap":{}}]},{"date":"2023-10-05","commitResults":[{"hash":"4a46b45a011a5d6aa6be384a9ee84ecbb8071d60","isMergeCommit":true,"messageTitle":"Merge pull request #41 from elaineshijie/update-dg-nfr","messageBody":"Update UG, DG on NFR \u0026 UG Add Feature","fileTypesAndContributionMap":{}}]},{"date":"2023-10-06","commitResults":[{"hash":"9a6aa2db55e0bc0f66e22d32293af284b32f856e","isMergeCommit":true,"messageTitle":"Merge pull request #44 from yiwen101/branch-docs","messageBody":"Update readMe, user guide and developer guide","fileTypesAndContributionMap":{}},{"hash":"b4ede36318ed2114c570f9fefd9bf0c913d5089a","isMergeCommit":true,"messageTitle":"Merge branch \u0027master\u0027 into v1.1","messageBody":"","fileTypesAndContributionMap":{}},{"hash":"8e22a32dc8f5ed3c762202524fdfe435743d226e","isMergeCommit":false,"messageTitle":"Updated user guide, aboutus, readme and a new immage for helpMessage","messageBody":"","fileTypesAndContributionMap":{"docs":{"insertions":101,"deletions":77}}}]},{"date":"2023-10-07","commitResults":[{"hash":"b5e686c738d711eb3af76c60786108546b900235","isMergeCommit":false,"messageTitle":"updated user guide with fixes","messageBody":"","fileTypesAndContributionMap":{"docs":{"insertions":6,"deletions":6}}}]}],"HollaG":[{"date":"2023-10-01","commitResults":[{"hash":"49fb1a1573689ae9753312f6d586d1f7380ec2d2","isMergeCommit":false,"messageTitle":"update aboutus","messageBody":"","fileTypesAndContributionMap":{"docs":{"insertions":35,"deletions":3}}},{"hash":"9fb1fc58c2bb9736c3f4d606ea89c54f9d3579bb","isMergeCommit":false,"messageTitle":"fix: change names to convention","messageBody":"","fileTypesAndContributionMap":{"docs":{"insertions":1,"deletions":1}}}]},{"date":"2023-10-06","commitResults":[{"hash":"430359d11a2bbacfa89ec70237e4460665b06bcb","isMergeCommit":false,"messageTitle":"update DG","messageBody":"","fileTypesAndContributionMap":{"docs":{"insertions":98,"deletions":21}}}]},{"date":"2023-10-07","commitResults":[{"hash":"5b52fd7c01b52a4e9d174710a308b9eada106741","isMergeCommit":false,"messageTitle":"nit: fix grammar errors","messageBody":"","fileTypesAndContributionMap":{"docs":{"insertions":6,"deletions":6}}}]}],"elaineshijie":[{"date":"2023-10-01","commitResults":[{"hash":"32b7e2a0b3ea1c5318b489800dd525b080ec62af","isMergeCommit":false,"messageTitle":"Updated AboutUs \u0026 Created Skeletal PPP","messageBody":"","fileTypesAndContributionMap":{"docs":{"insertions":36,"deletions":13}}},{"hash":"6a3a14d1e024968f16b06b3a9c2c3a7513490ae5","isMergeCommit":false,"messageTitle":"Updates User Guide (add command)","messageBody":"","fileTypesAndContributionMap":{"docs":{"insertions":2,"deletions":2}}},{"hash":"2b74f11cba8fafe88b54b1c1db614e2438b209b3","isMergeCommit":true,"messageTitle":"Merge pull request #32 from richiehx/branch-UpdateUserGuide","messageBody":"Update User Guide","fileTypesAndContributionMap":{}},{"hash":"05301a947bf22c0e114e7950021bbd308c773365","isMergeCommit":false,"messageTitle":"Updated DG on NFR","messageBody":"","fileTypesAndContributionMap":{"docs":{"insertions":4,"deletions":1}}}]},{"date":"2023-10-03","commitResults":[{"hash":"2672822ef0efb762ed514493d9643a7d1af7940d","isMergeCommit":false,"messageTitle":"Added missing PPP link","messageBody":"","fileTypesAndContributionMap":{"docs":{"insertions":1,"deletions":0}}}]},{"date":"2023-10-11","commitResults":[{"hash":"7801eea1fe4f5406f7a5a273a9c13efdc8cfd241","isMergeCommit":false,"messageTitle":"Add Subject Class","messageBody":"There is no subject attribute for tutor to track subjects of each student.\n\nAdd a subject class in Person.\n\nUsers can add subject to a student by \"s/\".\n","fileTypesAndContributionMap":{"functional-code":{"insertions":268,"deletions":18},"test-code":{"insertions":131,"deletions":23}}},{"hash":"bc8a4b11044d79a8c8936035eb021e9c518421f7","isMergeCommit":false,"messageTitle":"Remove unused imports in SubjectTest","messageBody":"","fileTypesAndContributionMap":{"test-code":{"insertions":0,"deletions":1}}},{"hash":"5d5106a0a6b00d251dea2fef8dae8b55d2d9628b","isMergeCommit":false,"messageTitle":"Add subjects to tests in AddCommandParserTest","messageBody":"","fileTypesAndContributionMap":{"test-code":{"insertions":8,"deletions":4}}}]}],"yiwen101":[{"date":"2023-10-01","commitResults":[{"hash":"041c0a3f6a7bcfa80ec70acd53c05ee7040e69f9","isMergeCommit":true,"messageTitle":"Merge pull request #22 from richiehx/branch-UpdateProjectWebsite","messageBody":"Update AboutUs and Add Skeleton PPP","fileTypesAndContributionMap":{}},{"hash":"b994f10efcae3cf6ad46ab25086ae5b6f2d4b7c5","isMergeCommit":true,"messageTitle":"Merge pull request #24 from richiehx/branch-UpdateDeveloperGuide","messageBody":"Update User Stories in Developer Guide","fileTypesAndContributionMap":{}},{"hash":"3c31d7fafd7088a9e32b9446fab0771dbf058d4e","isMergeCommit":false,"messageTitle":"add personal details and images","messageBody":"","fileTypesAndContributionMap":{"docs":{"insertions":37,"deletions":0}}}]},{"date":"2023-10-04","commitResults":[{"hash":"ea7d66bcd942906706d97c45d6596b39e687bafb","isMergeCommit":false,"messageTitle":"correct image name into github account name","messageBody":"","fileTypesAndContributionMap":{"docs":{"insertions":1,"deletions":1}}},{"hash":"96bc261b57416324075142185cc01fb202d61f42","isMergeCommit":false,"messageTitle":"update role and responsibility","messageBody":"","fileTypesAndContributionMap":{"docs":{"insertions":3,"deletions":0}}}]},{"date":"2023-10-05","commitResults":[{"hash":"c4f1e3519a8cd9579af1b709ecbe4cce8309bc5a","isMergeCommit":false,"messageTitle":"finished a draft for readMe","messageBody":"","fileTypesAndContributionMap":{"docs":{"insertions":20,"deletions":14}}},{"hash":"a7d905b70c5f34157f7f243d9d3f2f8ad1e952c0","isMergeCommit":false,"messageTitle":"clean irrelevant portion in aboutUs","messageBody":"","fileTypesAndContributionMap":{"docs":{"insertions":0,"deletions":20}}},{"hash":"649cd4bc42a8eb412d7ea3d08276e4a137f8189c","isMergeCommit":false,"messageTitle":"replace traces of AB3 in UG with TutorMate and update acknoledgement in the user guide","messageBody":"","fileTypesAndContributionMap":{"docs":{"insertions":7,"deletions":3}}},{"hash":"4f440424794d1e41f03f40ae9715d52f8a7a0686","isMergeCommit":false,"messageTitle":"slight addition to NFR","messageBody":"","fileTypesAndContributionMap":{"docs":{"insertions":4,"deletions":3}}},{"hash":"1bc456257e69a4c534a9620134ae7f9172a52173","isMergeCommit":false,"messageTitle":"added Use case for installation","messageBody":"","fileTypesAndContributionMap":{"docs":{"insertions":18,"deletions":0}}},{"hash":"2870aa8e08efb6b0145921fbdc1db5f428c51796","isMergeCommit":false,"messageTitle":"try fix bug of now new line at ROF for readme","messageBody":"","fileTypesAndContributionMap":{"docs":{"insertions":2,"deletions":1}}},{"hash":"2757e1b0de4c23690c4cca2a74627bb752619915","isMergeCommit":true,"messageTitle":"try fix merge conflict","messageBody":"","fileTypesAndContributionMap":{}},{"hash":"38af0ab622e41ce50bbc3dcdfdd3ad2d2d9270da","isMergeCommit":false,"messageTitle":"fix issue of involving implementation details in use case for installation","messageBody":"","fileTypesAndContributionMap":{"docs":{"insertions":5,"deletions":5}}}]},{"date":"2023-10-11","commitResults":[{"hash":"e816fbcd79c1f9f665c10d7c54d0cba5712a85e8","isMergeCommit":false,"messageTitle":"hide display of email, tags, phon and address fields in PersonCard. Refractor the implementation of PersonCard and view such that now it support free choose of what fields to display. All fields will be hidden by defualt","messageBody":"","fileTypesAndContributionMap":{"functional-code":{"insertions":49,"deletions":4}}},{"hash":"653b2b8b7dfaa374a79bf91556b720b2a52ffb81","isMergeCommit":false,"messageTitle":"clean unuseful placeholders after refractoring","messageBody":"","fileTypesAndContributionMap":{"functional-code":{"insertions":0,"deletions":9}}},{"hash":"31fb3e051a327136b5e98d78ecc2699fac8a9aea","isMergeCommit":false,"messageTitle":"debugged overly flat displayed entries of contant in gui","messageBody":"","fileTypesAndContributionMap":{"functional-code":{"insertions":1,"deletions":1}}},{"hash":"e44058b7519d95ef49b06dc660a8aae7b0f0f2ff","isMergeCommit":true,"messageTitle":"Merge pull request #50 from elaineshijie/add-subject-class","messageBody":"Add Subject Class","fileTypesAndContributionMap":{}},{"hash":"e30e07871e62a3d4e4486f21bd3845e7b2d9001c","isMergeCommit":true,"messageTitle":"resolve merge conflict","messageBody":"","fileTypesAndContributionMap":{}},{"hash":"de03da92b5cd8fbb2da93ab1d57d0d16249f2f41","isMergeCommit":false,"messageTitle":"add ui support for subjects","messageBody":"","fileTypesAndContributionMap":{"functional-code":{"insertions":54,"deletions":8}}},{"hash":"b9d89c483a8984a044a10e66dfb0796dec023ea9","isMergeCommit":false,"messageTitle":"support setting list options dynamically","messageBody":"","fileTypesAndContributionMap":{"functional-code":{"insertions":25,"deletions":4}}},{"hash":"f466ae1cfd769ea522d004cc6cd69de1ec32da0c","isMergeCommit":false,"messageTitle":"fix check style error which leads to failure in build","messageBody":"","fileTypesAndContributionMap":{"functional-code":{"insertions":30,"deletions":19}}},{"hash":"1ff656c421459e74465873be6945ce414375bf46","isMergeCommit":false,"messageTitle":"add test for all non-gui parts","messageBody":"","fileTypesAndContributionMap":{"test-code":{"insertions":8,"deletions":0}}},{"hash":"0d2596cc4d3478b53e748a3afd8f5b02ac8339f8","isMergeCommit":false,"messageTitle":"previous commit is faulty","messageBody":"","fileTypesAndContributionMap":{"functional-code":{"insertions":7,"deletions":3},"test-code":{"insertions":90,"deletions":3}}},{"hash":"e853bc11b8b30ecf8f2421a70968395b6df61128","isMergeCommit":false,"messageTitle":"fix non newline at EOF for tests","messageBody":"","fileTypesAndContributionMap":{"test-code":{"insertions":2,"deletions":2}}},{"hash":"7fcf60102f43dcd757c00759f762620d676942a9","isMergeCommit":false,"messageTitle":"fix style error for test","messageBody":"","fileTypesAndContributionMap":{"test-code":{"insertions":8,"deletions":51}}}]},{"date":"2023-10-12","commitResults":[{"hash":"8e31315499aab386d2cc24f919f33fc220b1e93e","isMergeCommit":false,"messageTitle":"try seperating logic from ui as much as I can; try modify jacoco to exclude ui folder","messageBody":"","fileTypesAndContributionMap":{"functional-code":{"insertions":112,"deletions":88},"other":{"insertions":1,"deletions":1}}},{"hash":"76bb5bcb7fe53b1c1e4011cc4a56539576f27895","isMergeCommit":true,"messageTitle":"Merge pull request #51 from yiwen101/branch-ui","messageBody":"Add UI support for flexible list, and add support for displaying subject","fileTypesAndContributionMap":{}}]}]},"authorFileTypeContributionMap":{"richiehx":{"docs":87,"functional-code":0,"test-code":0},"pzl111":{"docs":125,"functional-code":0,"test-code":0},"HollaG":{"docs":123,"functional-code":0,"test-code":0},"elaineshijie":{"docs":41,"functional-code":258,"test-code":136},"yiwen101":{"docs":78,"functional-code":170,"test-code":53,"other":1}},"authorContributionVariance":{"richiehx":376.6167,"pzl111":1483.6465,"HollaG":691.0747,"elaineshijie":9337.664,"yiwen101":8120.2485},"authorDisplayNameMap":{"richiehx":"CS2103T-T11-3 RICH..SIEH","pzl111":"CS2103T-T11-3 PHUA..LIAN","HollaG":"CS2103T-T11-3 SOH ..RCUS","elaineshijie":"CS2103T-T11-3 LOH ..AINE","yiwen101":"CS2103T-T11-3 WANG..IWEN"}}
