{"authorDailyContributionsMap":{"Darren159":[{"date":"2023-10-03","commitResults":[{"hash":"7a35116b069fb7601928d8c492690208541654c2","isMergeCommit":false,"messageTitle":"Update AboutUs.md and UserGuide.md","messageBody":"","fileTypesAndContributionMap":{"docs":{"insertions":86,"deletions":27}}},{"hash":"fcfb4ed41986b48c9fbd120c6192773c973cfc4a","isMergeCommit":false,"messageTitle":"Update DeveloperGuide.md and add PPP","messageBody":"","fileTypesAndContributionMap":{"docs":{"insertions":48,"deletions":20}}}]},{"date":"2023-10-04","commitResults":[{"hash":"7b350275141405f8ce597845762a834997277da3","isMergeCommit":true,"messageTitle":"Merge branch \u0027master\u0027 into branch-documentation","messageBody":"","fileTypesAndContributionMap":{}},{"hash":"f1636c332bb2491a188dce76c4c43c3659829e93","isMergeCommit":false,"messageTitle":"Add inclusion to Use Cases","messageBody":"","fileTypesAndContributionMap":{"docs":{"insertions":34,"deletions":45}}},{"hash":"324ab29bc0b3209390fc6ee7bad8ab56622fa946","isMergeCommit":true,"messageTitle":"Merge pull request #20 from hjoneweek/update-readme","messageBody":"Update README file","fileTypesAndContributionMap":{}},{"hash":"560cba58223b06943a70965e095cfc16fd445782","isMergeCommit":false,"messageTitle":"Remove use case loop","messageBody":"","fileTypesAndContributionMap":{"docs":{"insertions":2,"deletions":3}}},{"hash":"0597b6694835b2e403969b7aac19198223ae6b42","isMergeCommit":true,"messageTitle":"Merge pull request #21 from hjoneweek/update-userguide","messageBody":"Update User Guide","fileTypesAndContributionMap":{}}]},{"date":"2023-10-13","commitResults":[{"hash":"e14df6ee2daa5bce9fc849fbacae51859a6e0cd9","isMergeCommit":false,"messageTitle":"Add pinned contacts interface","messageBody":"","fileTypesAndContributionMap":{"functional-code":{"insertions":93,"deletions":21},"other":{"insertions":1,"deletions":1},"docs":{"insertions":9,"deletions":8}}},{"hash":"d6e5e800c1aba0afaaf922b9e21fe9e644d2e96b","isMergeCommit":false,"messageTitle":"Add pin and unpin logic and commands","messageBody":"","fileTypesAndContributionMap":{"functional-code":{"insertions":252,"deletions":1},"test-code":{"insertions":5,"deletions":0}}},{"hash":"6339334d0f962206f106d0bd2d46d7ea41738e16","isMergeCommit":false,"messageTitle":"Add documentation for Person copy constructor","messageBody":"","fileTypesAndContributionMap":{"functional-code":{"insertions":3,"deletions":0}}}]},{"date":"2023-10-14","commitResults":[{"hash":"45d094589f04c207467c186eb48e85ba3ad0ae1a","isMergeCommit":false,"messageTitle":"Add Pin command tests","messageBody":"","fileTypesAndContributionMap":{"functional-code":{"insertions":17,"deletions":32},"test-code":{"insertions":125,"deletions":1}}},{"hash":"71a4bcc576f472b4987bbacd94017bb86e2555cc","isMergeCommit":false,"messageTitle":"Add Unpin command tests","messageBody":"","fileTypesAndContributionMap":{"test-code":{"insertions":154,"deletions":3}}},{"hash":"ece3dbe2a7a1f5ff463c3a5f3a741b1231a47ae7","isMergeCommit":true,"messageTitle":"Merge pull request #30 from adammangzijun/branch-editPatient","messageBody":"Update the tests","fileTypesAndContributionMap":{}},{"hash":"494aef494dd1872e8706044f1436bf9c6fe89038","isMergeCommit":false,"messageTitle":"Fix sample data bug","messageBody":"","fileTypesAndContributionMap":{"functional-code":{"insertions":11,"deletions":12}}}]},{"date":"2023-10-15","commitResults":[{"hash":"d9e2cf75d7d61e9f9c95e8f951bd08af7fc426f0","isMergeCommit":true,"messageTitle":"Merge pull request #32 from adammangzijun/branch-editPatient","messageBody":"Branch edit patient","fileTypesAndContributionMap":{}},{"hash":"9409ef129344fc487963602c36ecb2e2fdc5343a","isMergeCommit":true,"messageTitle":"Merge pull request #35 from Clin-lyx/branch-ui","messageBody":"Edit ui layout","fileTypesAndContributionMap":{}},{"hash":"efccac07462abd85bfafcec95836e5c21d601640","isMergeCommit":true,"messageTitle":"Merge branch \u0027master\u0027 of https://github.com/AY2324S1-CS2103T-T12-4/tp into branch-pin","messageBody":"","fileTypesAndContributionMap":{}},{"hash":"f91649c58d88b724703e902b169820cce689d7e0","isMergeCommit":false,"messageTitle":"Modify existing command parameters","messageBody":"","fileTypesAndContributionMap":{"functional-code":{"insertions":5,"deletions":9},"test-code":{"insertions":0,"deletions":10}}},{"hash":"43446c60d14ef0a54a69aa23c1b366c0caa83db4","isMergeCommit":false,"messageTitle":"Fix editcommand","messageBody":"","fileTypesAndContributionMap":{"functional-code":{"insertions":1,"deletions":1},"test-code":{"insertions":5,"deletions":6}}},{"hash":"dee3ed22aaf81c6dbacfe8a38b96b384ea34a69c","isMergeCommit":false,"messageTitle":"Fix styling","messageBody":"","fileTypesAndContributionMap":{"functional-code":{"insertions":1,"deletions":1},"docs":{"insertions":7,"deletions":7}}},{"hash":"7d1929ea8989b9f395b2241417a920487f2d9249","isMergeCommit":false,"messageTitle":"Fix styling","messageBody":"","fileTypesAndContributionMap":{"functional-code":{"insertions":8,"deletions":5}}},{"hash":"e29024257fe2157a7995e7a1c52c74aee0a84db7","isMergeCommit":false,"messageTitle":"Fix test styling","messageBody":"","fileTypesAndContributionMap":{"test-code":{"insertions":126,"deletions":41}}}]},{"date":"2023-10-16","commitResults":[{"hash":"74ed8a5ef9dcd13069e9d44ac79f2fad5e5090c1","isMergeCommit":true,"messageTitle":"Merge pull request #37 from ryanongwx/branch-Search","messageBody":"Branch Search","tags":["v1.2"],"fileTypesAndContributionMap":{}}]},{"date":"2023-10-17","commitResults":[{"hash":"1975d15b20b7654804b65320116c82eb3332b009","isMergeCommit":true,"messageTitle":"Merge pull request #40 from ryanongwx/branch-fixChecks","messageBody":"Branch fix checks","fileTypesAndContributionMap":{}},{"hash":"aa8eff75626d5e282ed517c335aa1f1d7641aaf5","isMergeCommit":false,"messageTitle":"Add appointment class","messageBody":"","fileTypesAndContributionMap":{"functional-code":{"insertions":146,"deletions":1}}},{"hash":"2af780b830858d3a43257ac1eaaba3b15303677d","isMergeCommit":true,"messageTitle":"Merge branch \u0027master\u0027 of https://github.com/AY2324S1-CS2103T-T12-4/tp into branch-addappointment","messageBody":"","fileTypesAndContributionMap":{}}]},{"date":"2023-10-18","commitResults":[{"hash":"ba5b178323c23d67fcf5d1df33f271846e8ccd30","isMergeCommit":false,"messageTitle":"Add addappointment command","messageBody":"","fileTypesAndContributionMap":{"functional-code":{"insertions":455,"deletions":42}}},{"hash":"3a37b4bfd88e3c6ada54f6db3c42b0a55cfc56ef","isMergeCommit":false,"messageTitle":"Modify current tests","messageBody":"","fileTypesAndContributionMap":{"functional-code":{"insertions":31,"deletions":21},"test-code":{"insertions":30,"deletions":14}}}]},{"date":"2023-10-19","commitResults":[{"hash":"1cc245301d5978933b7edbeae152a9ed6351c6a8","isMergeCommit":false,"messageTitle":"Add tests","messageBody":"","fileTypesAndContributionMap":{"functional-code":{"insertions":42,"deletions":42},"test-code":{"insertions":355,"deletions":22}}},{"hash":"776e65a675ceefceaba2cc7f8c92ca05514af8f0","isMergeCommit":false,"messageTitle":"Add more tests","messageBody":"","fileTypesAndContributionMap":{"functional-code":{"insertions":45,"deletions":32},"test-code":{"insertions":452,"deletions":43}}},{"hash":"0c90ffc4546a8c2ba8548aab2387a2c1d68e5f1b","isMergeCommit":false,"messageTitle":"Fix styling","messageBody":"","fileTypesAndContributionMap":{"functional-code":{"insertions":7,"deletions":6},"test-code":{"insertions":59,"deletions":55}}},{"hash":"7d790a809b423978fd611e8b3a404969e7ff83c0","isMergeCommit":false,"messageTitle":"Modify withAppointments method","messageBody":"","fileTypesAndContributionMap":{"test-code":{"insertions":15,"deletions":3}}}]},{"date":"2023-10-20","commitResults":[{"hash":"227e6f8c48ba3f35731dc787387400f999885445","isMergeCommit":true,"messageTitle":"Merge branch \u0027master\u0027 of https://github.com/Darren159/tp into branch-addappointment","messageBody":"","fileTypesAndContributionMap":{}},{"hash":"291d956b551cb0cb118dd8236adbad51fb82a190","isMergeCommit":false,"messageTitle":"Modify records to fit with appointments","messageBody":"","fileTypesAndContributionMap":{"functional-code":{"insertions":74,"deletions":61},"other":{"insertions":19,"deletions":25},"test-code":{"insertions":50,"deletions":68}}},{"hash":"0f5c9f6b9fb29510f961022bca3e30f21af9f001","isMergeCommit":false,"messageTitle":"Fix styling","messageBody":"","fileTypesAndContributionMap":{"functional-code":{"insertions":14,"deletions":9},"test-code":{"insertions":30,"deletions":21}}}]},{"date":"2023-10-22","commitResults":[{"hash":"5b8f15fdf15e25769aace19e6b5febf58965a163","isMergeCommit":false,"messageTitle":"Refactor project structure","messageBody":"","fileTypesAndContributionMap":{"functional-code":{"insertions":9,"deletions":8},"other":{"insertions":5,"deletions":5},"test-code":{"insertions":10,"deletions":42}}},{"hash":"57b176ea51bd21c83ebf7bd49c7f20f24238b5f0","isMergeCommit":true,"messageTitle":"Merge pull request #53 from Clin-lyx/branch-view","messageBody":"Branch view","fileTypesAndContributionMap":{}},{"hash":"1935063d6788a1b3ad55f88d7621c3cb829e0a57","isMergeCommit":true,"messageTitle":"Merge branch \u0027branch-view\u0027 of https://github.com/AY2324S1-CS2103T-T12-4/tp into branch-modify-pin-ui","messageBody":"","fileTypesAndContributionMap":{}},{"hash":"2cde743f30dba7dd981aabf6ccc52b3a04ab5d76","isMergeCommit":false,"messageTitle":"Remove unused imports","messageBody":"","fileTypesAndContributionMap":{"functional-code":{"insertions":1,"deletions":1},"test-code":{"insertions":0,"deletions":2}}},{"hash":"e5a4ac055d58ffc9907dd9cd5c4b9f7479812ec5","isMergeCommit":false,"messageTitle":"Adjust default size of app","messageBody":"","fileTypesAndContributionMap":{"functional-code":{"insertions":33,"deletions":30}}},{"hash":"bf40b80abf37238fe50a4f509a13a930622e4942","isMergeCommit":true,"messageTitle":"Merge pull request #42 from Clin-lyx/branch-view","messageBody":"Branch view","fileTypesAndContributionMap":{}},{"hash":"a4a9636104bd3c30f40908b1463516ea44b32a30","isMergeCommit":true,"messageTitle":"Merge branch \u0027master\u0027 of https://github.com/AY2324S1-CS2103T-T12-4/tp into branch-modify-pin-ui","messageBody":"","fileTypesAndContributionMap":{}},{"hash":"94ea6148888d23ab25a4748f1758a349049e1e7c","isMergeCommit":false,"messageTitle":"Fix styling","messageBody":"","fileTypesAndContributionMap":{"functional-code":{"insertions":1,"deletions":1}}}]},{"date":"2023-10-23","commitResults":[{"hash":"e4029d805373544228acf0bd38be91d6aecbd7c7","isMergeCommit":false,"messageTitle":"Enable assertions","messageBody":"","fileTypesAndContributionMap":{"other":{"insertions":4,"deletions":0}}},{"hash":"733c266769feb374e72d193fe7b731e050f4a1ec","isMergeCommit":false,"messageTitle":"Add pin, unpin and addappointment to UG","messageBody":"","fileTypesAndContributionMap":{"docs":{"insertions":106,"deletions":71}}}]},{"date":"2023-10-25","commitResults":[{"hash":"c0817dea720bf3d7a6d3eaf1fe59518955b3edf8","isMergeCommit":false,"messageTitle":"Update UG","messageBody":"","fileTypesAndContributionMap":{"docs":{"insertions":96,"deletions":82}}}]},{"date":"2023-10-26","commitResults":[{"hash":"f80c086506c0774c3dd5a5b83dafb9233f52f4d4","isMergeCommit":true,"messageTitle":"Merge pull request #68 from hjoneweek/branch-addMedicationField","messageBody":"Add medication field in record object","fileTypesAndContributionMap":{}},{"hash":"25db8a4670da10847d94ee8170cabe02cdafd617","isMergeCommit":false,"messageTitle":"Add appointment feature to DG","messageBody":"","fileTypesAndContributionMap":{"docs":{"insertions":222,"deletions":112}}},{"hash":"a658f9e43c602769882325be773d2982efb39bf2","isMergeCommit":false,"messageTitle":"Add design consideration for Appointment","messageBody":"","fileTypesAndContributionMap":{"docs":{"insertions":13,"deletions":0}}},{"hash":"8030aff015f17e6fcd0fcb7ca0f3f40990490429","isMergeCommit":true,"messageTitle":"Merge pull request #71 from Clin-lyx/branch-update_DG","messageBody":"Branch update dg","fileTypesAndContributionMap":{}}]}],"hjoneweek":[{"date":"2023-10-04","commitResults":[{"hash":"5c09442e2a9ef0c0be2b14874fd1778a28baf850","isMergeCommit":false,"messageTitle":"Update About Us page and add skeletal PPP","messageBody":"","fileTypesAndContributionMap":{"docs":{"insertions":26,"deletions":46}}},{"hash":"37f9904ed48366fc77213ef1a647e80b0ef6401c","isMergeCommit":true,"messageTitle":"Merge branch \u0027update-about-us\u0027 Update About Us with my photo and description Add my skeletal PPP","messageBody":"","fileTypesAndContributionMap":{}},{"hash":"70539dba4ae3e7a921f287e5d5cc0eb27dbbff1e","isMergeCommit":false,"messageTitle":"Update README file","messageBody":"","fileTypesAndContributionMap":{"docs":{"insertions":9,"deletions":12}}},{"hash":"f8d695b8296e4e3937b48609aaf669fa29193792","isMergeCommit":false,"messageTitle":"Update User Guide","messageBody":"","fileTypesAndContributionMap":{"docs":{"insertions":28,"deletions":9}}},{"hash":"70530759f2b821e042954196cf10c38604e7d945","isMergeCommit":true,"messageTitle":"Merge branch \u0027master\u0027 of https://github.com/hjoneweek/tp","messageBody":"Pulling from remote repo that has been synced with the upstream repo\n","fileTypesAndContributionMap":{}},{"hash":"16da03720d70d452cce025105720a2528dbedb9f","isMergeCommit":false,"messageTitle":"Change phrasing of some descriptions of features","messageBody":"","fileTypesAndContributionMap":{"docs":{"insertions":2,"deletions":2}}}]},{"date":"2023-10-05","commitResults":[{"hash":"73e16d6ba9bb3aff63d600fc9a60270b03134911","isMergeCommit":true,"messageTitle":"Merge pull request #24 from ryanongwx/branch-UpdateDocs","messageBody":"Branch update docs","tags":["v1.1"],"fileTypesAndContributionMap":{}}]},{"date":"2023-10-12","commitResults":[{"hash":"c1c297c7c551dd86904dc1dd27c25d9281ae1b0f","isMergeCommit":false,"messageTitle":"Add addpatient command","messageBody":"","fileTypesAndContributionMap":{"functional-code":{"insertions":498,"deletions":119}}}]},{"date":"2023-10-15","commitResults":[{"hash":"55dd718ea73f10ed6fa34a235c06c321c8d59a0a","isMergeCommit":false,"messageTitle":"Add addrecord command","messageBody":"","fileTypesAndContributionMap":{"functional-code":{"insertions":491,"deletions":11}}},{"hash":"7ade59c7d4761dcd5fc38538bf20d20723030740","isMergeCommit":true,"messageTitle":"Update addrecord with updated ui, edit feature","messageBody":"","fileTypesAndContributionMap":{}},{"hash":"ff62a69eaa3b9bebb268aeef93bbf8a7c8629963","isMergeCommit":false,"messageTitle":"Fix minor bug for addrecord command","messageBody":"","fileTypesAndContributionMap":{"functional-code":{"insertions":1,"deletions":1}}},{"hash":"69925e835ee42d7655d4d4174fa4778988231207","isMergeCommit":false,"messageTitle":"Fix minor bugs for addrecord command","messageBody":"","fileTypesAndContributionMap":{"functional-code":{"insertions":6,"deletions":11}}}]},{"date":"2023-10-17","commitResults":[{"hash":"f9d1488da177e510c5f67d743e2cebcfe004acc6","isMergeCommit":true,"messageTitle":"Fix merge conflicts for pin/unpin commit","messageBody":"","fileTypesAndContributionMap":{}}]},{"date":"2023-10-19","commitResults":[{"hash":"6d96bbd4b385db9fa2e0cacc2ab5d0f858db84c3","isMergeCommit":true,"messageTitle":"Merged tests and pin, unpin commands","messageBody":"","fileTypesAndContributionMap":{}},{"hash":"f741b2d9d4814d8f923fd4f7afd504b5538853b0","isMergeCommit":false,"messageTitle":"Update tests for addrecord command","messageBody":"","fileTypesAndContributionMap":{"functional-code":{"insertions":119,"deletions":74},"test-code":{"insertions":384,"deletions":24}}},{"hash":"b8c589c7969e5182b1187ca718f35e407732e203","isMergeCommit":false,"messageTitle":"Update tests and fix minor bugs","messageBody":"","fileTypesAndContributionMap":{"functional-code":{"insertions":13,"deletions":4},"test-code":{"insertions":67,"deletions":6}}}]},{"date":"2023-10-20","commitResults":[{"hash":"2608d329db5ce9f21ea0745548c717abf1f3fbd4","isMergeCommit":false,"messageTitle":"Add UniqueRecordList and fix minor errors","messageBody":"","fileTypesAndContributionMap":{"functional-code":{"insertions":212,"deletions":26},"test-code":{"insertions":37,"deletions":13}}},{"hash":"13cbe02c4e5cff8382b2387048df9ed2b328c858","isMergeCommit":false,"messageTitle":"Update tests JsonAdapted fields and UniqueRecordList","messageBody":"","fileTypesAndContributionMap":{"functional-code":{"insertions":15,"deletions":6},"test-code":{"insertions":299,"deletions":5}}},{"hash":"4d1806a6b05ee76f9274ad9501f8334468d8768a","isMergeCommit":true,"messageTitle":"Merge pull request #36 from hjoneweek/branch-addrecord","messageBody":"Add addrecord command","fileTypesAndContributionMap":{}}]},{"date":"2023-10-24","commitResults":[{"hash":"4d3d9f219434fe06c942712f030f34a9d243e106","isMergeCommit":false,"messageTitle":"Update addpatient and addrecord to UG","messageBody":"","fileTypesAndContributionMap":{"functional-code":{"insertions":67,"deletions":0},"docs":{"insertions":24,"deletions":24},"test-code":{"insertions":60,"deletions":0}}},{"hash":"3696c25a66fa7aea6aa586a61bee8125d378bfae","isMergeCommit":false,"messageTitle":"Update addpatient to UG","messageBody":"","fileTypesAndContributionMap":{"docs":{"insertions":1,"deletions":1}}},{"hash":"758f2537cbd522f368ab1e7055859345fd86151b","isMergeCommit":false,"messageTitle":"Update addpatient command in UG","messageBody":"","fileTypesAndContributionMap":{"docs":{"insertions":2,"deletions":3}}},{"hash":"e350688c7f54ee2730fb49f434e3bd9e016ec97e","isMergeCommit":false,"messageTitle":"Update addrecord command in UG","messageBody":"","fileTypesAndContributionMap":{"docs":{"insertions":1,"deletions":1}}},{"hash":"94f39d739687a92b4e8573953785fd775d2a9131","isMergeCommit":false,"messageTitle":"Update tests","messageBody":"","fileTypesAndContributionMap":{"test-code":{"insertions":20,"deletions":2}}},{"hash":"ba4a8e13b9be26405c77d13fde9f36570a573e27","isMergeCommit":false,"messageTitle":"Update checkstyle","messageBody":"","fileTypesAndContributionMap":{"test-code":{"insertions":4,"deletions":2}}},{"hash":"dee07f087fb2f8257728e0b61825989d336872be","isMergeCommit":false,"messageTitle":"Fix minor bugs","messageBody":"","fileTypesAndContributionMap":{"functional-code":{"insertions":0,"deletions":67},"test-code":{"insertions":1,"deletions":68}}},{"hash":"acf5cb0afe56e488a3654f2bde6093410763d5bf","isMergeCommit":false,"messageTitle":"Update tests","messageBody":"","fileTypesAndContributionMap":{"test-code":{"insertions":36,"deletions":0}}},{"hash":"38532f9ac87ecc89fb0c28ab49b75a48cd651a0d","isMergeCommit":false,"messageTitle":"Update checkstyle","messageBody":"","fileTypesAndContributionMap":{"test-code":{"insertions":2,"deletions":0}}}]},{"date":"2023-10-26","commitResults":[{"hash":"6bd1c1e9e7b6567cbd8cae08840cb375ecbe077f","isMergeCommit":false,"messageTitle":"Add medication field in record object","messageBody":"","fileTypesAndContributionMap":{"functional-code":{"insertions":246,"deletions":27},"test-code":{"insertions":196,"deletions":31}}},{"hash":"8dfa3869ebfd38f113751436e551228e0e7d07a1","isMergeCommit":false,"messageTitle":"Add tests","messageBody":"","fileTypesAndContributionMap":{"functional-code":{"insertions":0,"deletions":8},"test-code":{"insertions":76,"deletions":0}}}]},{"date":"2023-10-27","commitResults":[{"hash":"26e2d7f0c17aec0935a51aca81ed0d31d1069176","isMergeCommit":false,"messageTitle":"Update DG","messageBody":"","fileTypesAndContributionMap":{"docs":{"insertions":121,"deletions":0}}},{"hash":"8091940b67523d48dc0e18dc23c829a7c5573628","isMergeCommit":false,"messageTitle":"Fix minor error in addrecord Sequence Diagram","messageBody":"","fileTypesAndContributionMap":{"docs":{"insertions":1,"deletions":1}}},{"hash":"6b30ca730a8451e2885e8923b2a96486a196116a","isMergeCommit":false,"messageTitle":"Edit addrecord sequence diagram","messageBody":"","fileTypesAndContributionMap":{"docs":{"insertions":1,"deletions":1}}},{"hash":"8ffd3a60c792b02551041bb6e71be06b20ccb8bf","isMergeCommit":false,"messageTitle":"Add more tests","messageBody":"","fileTypesAndContributionMap":{"test-code":{"insertions":19,"deletions":0}}},{"hash":"91ea3bb6440d39c073d5d5cdb8edbd06686b2617","isMergeCommit":false,"messageTitle":"Edit RecordTest","messageBody":"","fileTypesAndContributionMap":{"test-code":{"insertions":11,"deletions":8}}},{"hash":"c8f19f4e393a0b1813e5f41103bc51a6214295ec","isMergeCommit":true,"messageTitle":"Solve merge conflicts","messageBody":"","fileTypesAndContributionMap":{}},{"hash":"637534eea568eb46fdb18cae1a8008a3ba49f339","isMergeCommit":false,"messageTitle":"Edit addrecord test","messageBody":"","fileTypesAndContributionMap":{"test-code":{"insertions":4,"deletions":1}}}]}],"Clin-lyx":[{"date":"2023-10-04","commitResults":[{"hash":"16ec9a4e7f3821132c95e93a336d75e8baed11d3","isMergeCommit":false,"messageTitle":"Update AboutUs.md","messageBody":"","fileTypesAndContributionMap":{"docs":{"insertions":5,"deletions":5}}},{"hash":"2cbb573227d2102764be0774c0a1899cd12e89f1","isMergeCommit":false,"messageTitle":"Create skeletal PPP","messageBody":"","fileTypesAndContributionMap":{"docs":{"insertions":46,"deletions":0}}},{"hash":"8f7a43c940800c85d3f05ba6c12166a1a9da4d9b","isMergeCommit":true,"messageTitle":"Merge branch \u0027master\u0027 into documentation","messageBody":"","fileTypesAndContributionMap":{}},{"hash":"75ea322f98ab820fcdda20ad9afdf590fd1a3432","isMergeCommit":true,"messageTitle":"Merge branch \u0027AY2324S1-CS2103T-T12-4:master\u0027 into documentation","messageBody":"","fileTypesAndContributionMap":{}},{"hash":"fe9484cc84ff653d77adec827f29dee88d65c32e","isMergeCommit":false,"messageTitle":"Update UserGuide.md","messageBody":"","fileTypesAndContributionMap":{"docs":{"insertions":7,"deletions":3}}},{"hash":"a942b95c7193e204568b16753a0497f5c88e55a1","isMergeCommit":false,"messageTitle":"Update DeveloperGuide.md","messageBody":"","fileTypesAndContributionMap":{"docs":{"insertions":11,"deletions":0}}},{"hash":"2c451d38bcfeaeb6eab4f7b21b1f610011bce3f3","isMergeCommit":true,"messageTitle":"Merge pull request #23 from adammangzijun/Update-Docs","messageBody":"Update docs ","fileTypesAndContributionMap":{}}]},{"date":"2023-10-15","commitResults":[{"hash":"413cb231313b207f52fe21018d4749874defd8b4","isMergeCommit":true,"messageTitle":"Merge pull request #31 from hjoneweek/branch-addpatient","messageBody":"Add addpatient command","fileTypesAndContributionMap":{}},{"hash":"274f961323a2db03477db3f340de8e926e085e75","isMergeCommit":false,"messageTitle":"Edit ui layout","messageBody":"","fileTypesAndContributionMap":{"functional-code":{"insertions":33,"deletions":16}}},{"hash":"9c978e148b2047ac1445a02504647633cecc6b9f","isMergeCommit":false,"messageTitle":"Update UserGuide.md","messageBody":"","fileTypesAndContributionMap":{"docs":{"insertions":2,"deletions":2}}},{"hash":"381a175c9676d98e9c0e5167a16bc745cb3737e0","isMergeCommit":false,"messageTitle":"Update DeveloperGuide.md","messageBody":"","fileTypesAndContributionMap":{"docs":{"insertions":1,"deletions":1}}}]},{"date":"2023-10-20","commitResults":[{"hash":"e2a0fdd875aef94a593f6cb8a18207106154a853","isMergeCommit":false,"messageTitle":"Create initial setup of view command","messageBody":"","fileTypesAndContributionMap":{"functional-code":{"insertions":107,"deletions":6}}},{"hash":"2088f36d254d1cb0f0b8dbcebcc3ce15dbae0ae1","isMergeCommit":true,"messageTitle":"Merge branch \u0027master\u0027 into branch-view","messageBody":"","fileTypesAndContributionMap":{}},{"hash":"5fbc1e3368ca2d8621fb7961d3825cc49b333399","isMergeCommit":true,"messageTitle":"Merge pull request #41 from Darren159/branch-addappointment","messageBody":"Branch addappointment","fileTypesAndContributionMap":{}}]},{"date":"2023-10-21","commitResults":[{"hash":"276bbdfa1d67aeabf9f3148efd9280270f9cafc7","isMergeCommit":false,"messageTitle":"Adjust ui for the records","messageBody":"","fileTypesAndContributionMap":{"functional-code":{"insertions":138,"deletions":19}}},{"hash":"0e1451fb7a3fd5300f63a8d15437607255739496","isMergeCommit":true,"messageTitle":"Merge branch \u0027master\u0027 into branch-view","messageBody":"# Conflicts:\n#\tsrc/main/java/seedu/address/logic/parser/AddressBookParser.java\n","fileTypesAndContributionMap":{}},{"hash":"c427d4b6c485e3133572a5ca07ec8bbf9f6884da","isMergeCommit":false,"messageTitle":"Implement view command","messageBody":"","fileTypesAndContributionMap":{"functional-code":{"insertions":118,"deletions":27}}},{"hash":"953ee3cd56462c85ce6d347c94dfc80eb04b9e35","isMergeCommit":false,"messageTitle":"Add basic tests","messageBody":"","fileTypesAndContributionMap":{"test-code":{"insertions":59,"deletions":0}}},{"hash":"11567d9f48560dcdbc11b5d3eda8580a518fcd67","isMergeCommit":false,"messageTitle":"add tests and adjust variable naming","messageBody":"","fileTypesAndContributionMap":{"functional-code":{"insertions":5,"deletions":4},"test-code":{"insertions":50,"deletions":0}}}]},{"date":"2023-10-22","commitResults":[{"hash":"42f6f130bb7b4fa507ec1558564ceb2defb67aa0","isMergeCommit":false,"messageTitle":"Add parser tests","messageBody":"","fileTypesAndContributionMap":{"test-code":{"insertions":51,"deletions":1}}},{"hash":"fd75360356886d885d2860ef22ede24d58bbcc90","isMergeCommit":false,"messageTitle":"Add more tests","messageBody":"","fileTypesAndContributionMap":{"test-code":{"insertions":18,"deletions":0}}},{"hash":"e785ed7e3ed521f62d46ca03b192c6bb7e9e52c9","isMergeCommit":true,"messageTitle":"Merge pull request #54 from AY2324S1-CS2103T-T12-4/branch-modify-pin-ui","messageBody":"Branch modify pin UI","fileTypesAndContributionMap":{}}]},{"date":"2023-10-24","commitResults":[{"hash":"f621b034eb5f163caeac906a79ce8ff91497fa3f","isMergeCommit":true,"messageTitle":"Merge pull request #61 from hjoneweek/branch-update-ug","messageBody":"Update addpatient and addrecord command in the User Guide","fileTypesAndContributionMap":{}},{"hash":"7acff1d0ea0a1424eb2e6b848a2d41d4ce7ca6a5","isMergeCommit":false,"messageTitle":"Update UG","messageBody":"","fileTypesAndContributionMap":{"docs":{"insertions":18,"deletions":4}}},{"hash":"84282c3f1dffd32d97eed6f5eaee3ed2630b983a","isMergeCommit":false,"messageTitle":"Fix style","messageBody":"","fileTypesAndContributionMap":{"docs":{"insertions":1,"deletions":1}}},{"hash":"dbb520ef1974a3ef3b40aa89a1d02eb2c472369d","isMergeCommit":false,"messageTitle":"Update command summary","messageBody":"","fileTypesAndContributionMap":{"docs":{"insertions":11,"deletions":10}}},{"hash":"d7c0a5e32f83b6f851686fbcd43cdf7f5b67d2f7","isMergeCommit":false,"messageTitle":"Update UserGuide.md","messageBody":"","fileTypesAndContributionMap":{"docs":{"insertions":1,"deletions":1}}}]},{"date":"2023-10-25","commitResults":[{"hash":"a8bc0b588fe67c92a71af8b857e884be7e108b5a","isMergeCommit":true,"messageTitle":"Merge pull request #66 from AY2324S1-CS2103T-T12-4/branch-user-guide","messageBody":"Update UG","tags":["v1.2b"],"fileTypesAndContributionMap":{}}]},{"date":"2023-10-26","commitResults":[{"hash":"bc467589dee453ac9a0509860d224510d50f77a9","isMergeCommit":true,"messageTitle":"Merge pull request #70 from AY2324S1-CS2103T-T12-4/branch-developer-guide","messageBody":"Add appointment feature to DG","fileTypesAndContributionMap":{}},{"hash":"e61da9972364effce1f9c9f52584522c55b4e023","isMergeCommit":false,"messageTitle":"Add View feature in DG","messageBody":"","fileTypesAndContributionMap":{"docs":{"insertions":111,"deletions":0}}},{"hash":"f4da86fce996bd313765230ca3feb4f77714518b","isMergeCommit":true,"messageTitle":"Merge branch \u0027master\u0027 into branch-update_DG","messageBody":"","fileTypesAndContributionMap":{}}]}],"ryanongwx":[{"date":"2023-10-04","commitResults":[{"hash":"8afd2596d99fb5d816d002589e71673340d113c2","isMergeCommit":true,"messageTitle":"Merge pull request #19 from hjoneweek/master","messageBody":"Update About Us page and my PPP","fileTypesAndContributionMap":{}},{"hash":"b9a055f83c1fcba65c49412c9de1f2cdc47027ca","isMergeCommit":true,"messageTitle":"Merge pull request #22 from Clin-lyx/documentation","messageBody":"Documentation","fileTypesAndContributionMap":{}}]},{"date":"2023-10-05","commitResults":[{"hash":"5a384fc944d328291a9225bf85283166b32ce5ca","isMergeCommit":true,"messageTitle":"Merge pull request #1 from AY2324S1-CS2103T-T12-4/master","messageBody":"Pull Team Project","fileTypesAndContributionMap":{}},{"hash":"7eefdd7c0738d03c85269361ff24380516bcedab","isMergeCommit":false,"messageTitle":"update docs","messageBody":"","fileTypesAndContributionMap":{"other":{"insertions":580,"deletions":0},"docs":{"insertions":48,"deletions":60}}},{"hash":"bee13ba3572fca4d76f4bdc48af47c2cf768433f","isMergeCommit":false,"messageTitle":"update docs","messageBody":"","fileTypesAndContributionMap":{"other":{"insertions":0,"deletions":580}}},{"hash":"59df8435db9e4620e6a8c57226b3f83d94e3a49a","isMergeCommit":false,"messageTitle":"update docs","messageBody":"","fileTypesAndContributionMap":{"other":{"insertions":580,"deletions":0}}},{"hash":"1c891890e92f79f330c88743bc9ff3fc38ce1e92","isMergeCommit":false,"messageTitle":"update docs","messageBody":"","fileTypesAndContributionMap":{"other":{"insertions":0,"deletions":580}}},{"hash":"73b2191b6ec284f897df158c864d4f879bbf9a43","isMergeCommit":false,"messageTitle":"Update NFR","messageBody":"","fileTypesAndContributionMap":{"docs":{"insertions":3,"deletions":1}}}]},{"date":"2023-10-13","commitResults":[{"hash":"6a7f3e4261ff667fe9f287d01cb953e519dc4cf6","isMergeCommit":true,"messageTitle":"Merge pull request #27 from hjoneweek/branch-addpatient","messageBody":"Add addpatient command","fileTypesAndContributionMap":{}}]},{"date":"2023-10-15","commitResults":[{"hash":"8f1114587e93a2b42f5fa7a9adc8b71fd7b51371","isMergeCommit":true,"messageTitle":"Merge pull request #2 from AY2324S1-CS2103T-T12-4/master","messageBody":"Pull from team repo","fileTypesAndContributionMap":{}}]},{"date":"2023-10-16","commitResults":[{"hash":"b7d0a5da8de3755fac152abf152e9eaa598cc1c1","isMergeCommit":true,"messageTitle":"Merge pull request #28 from Darren159/branch-pin","messageBody":"Add pin and unpin commands","fileTypesAndContributionMap":{}},{"hash":"00025b42c055b8925c1d64e995c7c933b4ac2bd8","isMergeCommit":false,"messageTitle":"Add search all fields functionality","messageBody":"","fileTypesAndContributionMap":{"functional-code":{"insertions":12,"deletions":3},"docs":{"insertions":1,"deletions":1}}},{"hash":"4c01d1aea04ff27ac2fb6bb04f3813a8cc120103","isMergeCommit":true,"messageTitle":"Merge pull request #3 from AY2324S1-CS2103T-T12-4/master","messageBody":"Merge main","fileTypesAndContributionMap":{}},{"hash":"ce734c211929e487547e19e58016fe30c4f6a568","isMergeCommit":true,"messageTitle":"Merge branch \u0027master\u0027 into branch-Search","messageBody":"","fileTypesAndContributionMap":{}},{"hash":"71833443d75b15548b537389ed02087442e236a5","isMergeCommit":true,"messageTitle":"Merge pull request #4 from AY2324S1-CS2103T-T12-4/master","messageBody":"Pull from team repo","fileTypesAndContributionMap":{}},{"hash":"0e35e34217d8def2ad7ceb4024be8e0b9b9bbccb","isMergeCommit":false,"messageTitle":"fix checks","messageBody":"","fileTypesAndContributionMap":{"functional-code":{"insertions":10,"deletions":5}}}]},{"date":"2023-10-17","commitResults":[{"hash":"a3f76a63d54d9c1866b7c853382354512c4668e9","isMergeCommit":false,"messageTitle":"Fix everything","messageBody":"","fileTypesAndContributionMap":{"functional-code":{"insertions":46,"deletions":123},"other":{"insertions":5,"deletions":5},"test-code":{"insertions":57,"deletions":50}}},{"hash":"6223b34e6f54ce5d1c56ef7f25b51034dcc842ce","isMergeCommit":false,"messageTitle":"Remove unecessary lines","messageBody":"","fileTypesAndContributionMap":{"test-code":{"insertions":11,"deletions":12}}}]},{"date":"2023-10-18","commitResults":[{"hash":"e1d020e8048e19a03890c75f190737837c04b353","isMergeCommit":true,"messageTitle":"Merge pull request #5 from AY2324S1-CS2103T-T12-4/master","messageBody":"Pull from team repo","fileTypesAndContributionMap":{}}]},{"date":"2023-10-21","commitResults":[{"hash":"58cbf44a738c6846b6e111a77d9362e45f770535","isMergeCommit":true,"messageTitle":"Merge pull request #6 from AY2324S1-CS2103T-T12-4/master","messageBody":"Pull from team repo","fileTypesAndContributionMap":{}}]},{"date":"2023-10-23","commitResults":[{"hash":"dcd53efb94f7bd61ab89e04b3de888ccdefc7db7","isMergeCommit":true,"messageTitle":"Merge pull request #55 from AY2324S1-CS2103T-T12-4/branch-enable-assertions","messageBody":"Enable assertions","fileTypesAndContributionMap":{}},{"hash":"27893a247d0c9962b1b7d55e60808dbf6b00f9d3","isMergeCommit":true,"messageTitle":"Merge pull request #7 from AY2324S1-CS2103T-T12-4/master","messageBody":"Pull from team repo","fileTypesAndContributionMap":{}},{"hash":"1eb9fc53bc50faa9b4d489f8d89f55a26da55c2b","isMergeCommit":true,"messageTitle":"Merge pull request #56 from AY2324S1-CS2103T-T12-4/branch-user-guide","messageBody":"Add pin, unpin and addappointment to UG","fileTypesAndContributionMap":{}}]},{"date":"2023-10-24","commitResults":[{"hash":"6a23fff8d912373e78a234d294b3a4bcc4461b15","isMergeCommit":true,"messageTitle":"Merge pull request #8 from AY2324S1-CS2103T-T12-4/master","messageBody":"Pull from team repo","fileTypesAndContributionMap":{}},{"hash":"0388711e6fe7dca67603107f7233b37972bb2ac5","isMergeCommit":false,"messageTitle":"Add Data Encryption/Decryption feature","messageBody":"","fileTypesAndContributionMap":{"functional-code":{"insertions":106,"deletions":10},"test-code":{"insertions":37,"deletions":0}}},{"hash":"45e4fa0052ccfd67c1ea7eb54dfc1e29e0cda31f","isMergeCommit":false,"messageTitle":"Add tests for encryption/decryption","messageBody":"","fileTypesAndContributionMap":{"functional-code":{"insertions":1,"deletions":1},"test-code":{"insertions":32,"deletions":0}}},{"hash":"59ef463fb9af08ccffbb9fb9b835f785e60d2617","isMergeCommit":false,"messageTitle":"Edit tests","messageBody":"","fileTypesAndContributionMap":{"functional-code":{"insertions":1,"deletions":1},"test-code":{"insertions":67,"deletions":18}}},{"hash":"abef7cc86c9dcf9506007d995a4f9572ad74ded3","isMergeCommit":false,"messageTitle":"Attach file functionality","messageBody":"","fileTypesAndContributionMap":{"functional-code":{"insertions":122,"deletions":43},"test-code":{"insertions":8,"deletions":8}}},{"hash":"2fed47686b88202da2c81f15c39ea93e8b33a7e5","isMergeCommit":false,"messageTitle":"Revert \"Attach file functionality\"","messageBody":"This reverts commit abef7cc86c9dcf9506007d995a4f9572ad74ded3.\n","fileTypesAndContributionMap":{"functional-code":{"insertions":43,"deletions":122},"test-code":{"insertions":8,"deletions":8}}},{"hash":"8b9a926bc870ae21ffebabc245004ca6d0e5d272","isMergeCommit":false,"messageTitle":"Add more tests","messageBody":"","fileTypesAndContributionMap":{"functional-code":{"insertions":19,"deletions":14},"test-code":{"insertions":79,"deletions":28}}},{"hash":"36032524dfd01d890d76ea0ce29c094123121723","isMergeCommit":false,"messageTitle":"Add more tests","messageBody":"","fileTypesAndContributionMap":{"functional-code":{"insertions":2,"deletions":3},"test-code":{"insertions":20,"deletions":6}}},{"hash":"d105f2ec6673d7a9c89ef5336d346ca41f22ae60","isMergeCommit":true,"messageTitle":"Merge pull request #62 from adammangzijun/Branch-EditRecord","messageBody":"Branch editRecordCommand","fileTypesAndContributionMap":{}},{"hash":"cd51020ae948c0974a8169b5ff1ce39e73f97b5e","isMergeCommit":true,"messageTitle":"Merge pull request #11 from AY2324S1-CS2103T-T12-4/master","messageBody":"Pull from team repo","fileTypesAndContributionMap":{}},{"hash":"765671dd1cba0b1a55e92e77eb1c959b6e1511b7","isMergeCommit":true,"messageTitle":"Merge branch \u0027master\u0027 into branch-DataEncryption","messageBody":"","fileTypesAndContributionMap":{}},{"hash":"379bc809469631fcd3d10b56bbce564fdee55c09","isMergeCommit":true,"messageTitle":"Merge pull request #12 from AY2324S1-CS2103T-T12-4/master","messageBody":"Pull from team repo","fileTypesAndContributionMap":{}},{"hash":"fe58093d45620e943c5109e33d9366bb9f4fc535","isMergeCommit":false,"messageTitle":"Attach Files Functionality","messageBody":"","fileTypesAndContributionMap":{"functional-code":{"insertions":236,"deletions":63},"test-code":{"insertions":172,"deletions":178}}},{"hash":"b9df45906d30f85453f60d1cbf060ffd571b3279","isMergeCommit":true,"messageTitle":"Merge pull request #63 from Clin-lyx/branch-update_docs","messageBody":"Branch update docs","fileTypesAndContributionMap":{}},{"hash":"74fdc28aa7ffc0988c7eb780413eb888f79991ad","isMergeCommit":true,"messageTitle":"Merge pull request #13 from AY2324S1-CS2103T-T12-4/master","messageBody":"Pull from Team Repo","fileTypesAndContributionMap":{}},{"hash":"7eb9ac4b32fb62af33ac3a9d5a4eb3b2c8f4ef94","isMergeCommit":true,"messageTitle":"Merge branch \u0027master\u0027 into branch-AttachFiles","messageBody":"","fileTypesAndContributionMap":{}},{"hash":"6106e95c1380af82d42aa8ec3640c5346a82f175","isMergeCommit":false,"messageTitle":"Merge conflicts","messageBody":"","fileTypesAndContributionMap":{"functional-code":{"insertions":1,"deletions":1}}}]},{"date":"2023-10-25","commitResults":[{"hash":"385e2b74188736513fddf8bdd08cc3e044e6ec6b","isMergeCommit":true,"messageTitle":"Merge branch \u0027master\u0027 into Branch-editUG","messageBody":"","fileTypesAndContributionMap":{}},{"hash":"c0f2e92d800cea677664cba31f0e0753005ed71a","isMergeCommit":true,"messageTitle":"Merge pull request #67 from adammangzijun/Branch-editUG","messageBody":"Branch edit ug","fileTypesAndContributionMap":{}}]},{"date":"2023-10-26","commitResults":[{"hash":"a5e854f3ed6836c470e414e7f0814342becb5605","isMergeCommit":true,"messageTitle":"Merge pull request #14 from AY2324S1-CS2103T-T12-4/master","messageBody":"Pull team repo","fileTypesAndContributionMap":{}},{"hash":"5be9ad5e8efab91106a07b8a3b458ca8f9647d3e","isMergeCommit":true,"messageTitle":"merge conflicts","messageBody":"","fileTypesAndContributionMap":{}},{"hash":"6542e3b3c9c03665541a7b1b90a214671f415807","isMergeCommit":false,"messageTitle":"merge conflicts","messageBody":"","fileTypesAndContributionMap":{"functional-code":{"insertions":10,"deletions":53}}}]},{"date":"2023-10-27","commitResults":[{"hash":"ebf288b4ca1471b03c07fc277cff3f87dd2ac4fc","isMergeCommit":false,"messageTitle":"fix tests","messageBody":"","fileTypesAndContributionMap":{"functional-code":{"insertions":25,"deletions":31},"test-code":{"insertions":50,"deletions":57}}},{"hash":"a371aad2c450398ee402b1316c25463e8e66ad23","isMergeCommit":false,"messageTitle":"Fix tests","messageBody":"","fileTypesAndContributionMap":{"functional-code":{"insertions":2,"deletions":2},"test-code":{"insertions":4,"deletions":3}}},{"hash":"7ed8b3acf6766841171f991728627fef780c82f0","isMergeCommit":false,"messageTitle":"fix style","messageBody":"","fileTypesAndContributionMap":{"docs":{"insertions":16,"deletions":6}}},{"hash":"23f989c9d91054773bc97e1f1ec0fad0c19fb32c","isMergeCommit":true,"messageTitle":"Merge branch \u0027master\u0027 into branch-AttachFile","messageBody":"","fileTypesAndContributionMap":{}},{"hash":"568c55f153a85a3fdd33f405eb09d0d56b3fe83b","isMergeCommit":true,"messageTitle":"Merge pull request #75 from adammangzijun/Branch-editUG","messageBody":"Add DG for editpatient","fileTypesAndContributionMap":{}},{"hash":"83ae4879c229f43f128b41bad8a1a22daae9b6db","isMergeCommit":true,"messageTitle":"Merge pull request #74 from hjoneweek/branch-update-DG","messageBody":"Update DG","fileTypesAndContributionMap":{}}]}],"adammangzijun":[{"date":"2023-10-04","commitResults":[{"hash":"eb03e8029083d28dfba3db9edfd2784607c755ad","isMergeCommit":true,"messageTitle":"Merge pull request #17 from Darren159/branch-documentation","messageBody":"Branch documentation","fileTypesAndContributionMap":{}},{"hash":"20087e395d9b0ffb367d8fe73db3d88e2b95b44c","isMergeCommit":false,"messageTitle":"Update AboutUs, PPP, DG and UG","messageBody":"","fileTypesAndContributionMap":{"docs":{"insertions":0,"deletions":0}}},{"hash":"136fe785f09efafe73fdb1d686f563ae00cc0612","isMergeCommit":false,"messageTitle":"Update AboutUs, DG, UG. Add PPP.","messageBody":"","fileTypesAndContributionMap":{"docs":{"insertions":103,"deletions":40}}},{"hash":"fa48f8854c3eec2390e55ceecfad650dbe9ed721","isMergeCommit":true,"messageTitle":"Pull from team tp","messageBody":"","fileTypesAndContributionMap":{}},{"hash":"3da97dc2dcd176dfbc3cea278b01802eee963735","isMergeCommit":false,"messageTitle":"Change Styling","messageBody":"","fileTypesAndContributionMap":{"docs":{"insertions":4,"deletions":5}}}]},{"date":"2023-10-14","commitResults":[{"hash":"342dbf5803c39bbd9813eba7e1bd30f476e420d6","isMergeCommit":false,"messageTitle":"Update edit command, tests not updated except for CommandTestUtil","messageBody":"","fileTypesAndContributionMap":{"functional-code":{"insertions":88,"deletions":64},"test-code":{"insertions":64,"deletions":42}}},{"hash":"08248402a21718867e1b7fe14b81761ceb8d7753","isMergeCommit":false,"messageTitle":"Change edit command word to editPatient","messageBody":"","fileTypesAndContributionMap":{"functional-code":{"insertions":1,"deletions":1}}},{"hash":"7352e7063803c9041aef46ed38e3a8d5aa22c35e","isMergeCommit":false,"messageTitle":"Attempt to debug to make app work","messageBody":"","fileTypesAndContributionMap":{"functional-code":{"insertions":29,"deletions":33}}},{"hash":"1f0aa4a98ba52692eb31ca1a2818b5d3ea155983","isMergeCommit":false,"messageTitle":"Edit checkstyle","messageBody":"","fileTypesAndContributionMap":{"functional-code":{"insertions":41,"deletions":8}}},{"hash":"ff7b69bdf74ce30ce958481a7059842e89626e51","isMergeCommit":false,"messageTitle":"Update styling","messageBody":"","fileTypesAndContributionMap":{"functional-code":{"insertions":37,"deletions":18}}},{"hash":"80266ec32e9fbc65d716291f255c8053bdda9237","isMergeCommit":false,"messageTitle":"Update tests","messageBody":"","fileTypesAndContributionMap":{"functional-code":{"insertions":5,"deletions":5},"test-code":{"insertions":571,"deletions":323}}}]},{"date":"2023-10-15","commitResults":[{"hash":"839ff56733c88045569e02cf86182b62f18a9ce8","isMergeCommit":false,"messageTitle":"Debug EditCommandParser","messageBody":"","fileTypesAndContributionMap":{"functional-code":{"insertions":3,"deletions":3}}}]},{"date":"2023-10-20","commitResults":[{"hash":"66260567e4d17f7d75c657560723da0733f9b707","isMergeCommit":true,"messageTitle":"Merge branch \u0027latest-updated-TP\u0027","messageBody":"","fileTypesAndContributionMap":{}},{"hash":"329507802266d2090f054405a396f142f432170f","isMergeCommit":true,"messageTitle":"Merge https://github.com/AY2324S1-CS2103T-T12-4/tp into Branch-EditRecord","messageBody":"","fileTypesAndContributionMap":{}}]},{"date":"2023-10-21","commitResults":[{"hash":"5189e901d166deba09a1a6b9d06575be938eff9e","isMergeCommit":false,"messageTitle":"Add EditRecordCommand","messageBody":"","fileTypesAndContributionMap":{"functional-code":{"insertions":201,"deletions":1}}},{"hash":"48d6d118681c74fbd48435b81316802b77040e86","isMergeCommit":true,"messageTitle":"Merge https://github.com/AY2324S1-CS2103T-T12-4/tp into Branch-EditRecord","messageBody":"# Conflicts:\n#\tsrc/main/java/seedu/address/logic/commands/EditCommand.java\n","fileTypesAndContributionMap":{}},{"hash":"d3fcdc195a4e74778001a96dddc2f7715604c279","isMergeCommit":false,"messageTitle":"Add EditRecordCommandParser","messageBody":"","fileTypesAndContributionMap":{"functional-code":{"insertions":2,"deletions":0}}},{"hash":"2634f5e86ba1d2483c17c92834d078a7ecef7ba2","isMergeCommit":true,"messageTitle":"Merge pull request #1 from AY2324S1-CS2103T-T12-4/master","messageBody":"Pull from team repo to own repo","fileTypesAndContributionMap":{}},{"hash":"70faa10e1acbd57ff368e0049ddbdac45ea135a6","isMergeCommit":false,"messageTitle":"Update editrecord command","messageBody":"","fileTypesAndContributionMap":{"functional-code":{"insertions":119,"deletions":9}}}]},{"date":"2023-10-22","commitResults":[{"hash":"1ca9f8aa5045c666639663d2c56e216dbb659188","isMergeCommit":false,"messageTitle":"Change edit record command to make it work","messageBody":"","fileTypesAndContributionMap":{"functional-code":{"insertions":71,"deletions":24}}}]},{"date":"2023-10-24","commitResults":[{"hash":"1d6d4dcc970ca006ab3ff680e7b574b3d8fde441","isMergeCommit":false,"messageTitle":"Add tests for EditRecordCommand","messageBody":"","fileTypesAndContributionMap":{"functional-code":{"insertions":3,"deletions":4},"test-code":{"insertions":232,"deletions":0}}},{"hash":"d374ef322b6cb465cb933641010872102567f1ad","isMergeCommit":true,"messageTitle":"Merge branch \u0027branch-editTests\u0027 into Branch-EditRecord","messageBody":"","fileTypesAndContributionMap":{}},{"hash":"ac1e9fc459a09ea96d2452819ba98b8b85c3a0c7","isMergeCommit":false,"messageTitle":"Add EditRecordCommandParserTest","messageBody":"","fileTypesAndContributionMap":{"test-code":{"insertions":185,"deletions":0}}},{"hash":"c9030f01f21869186494170df9f93780519434aa","isMergeCommit":true,"messageTitle":"Merge branch \u0027Branch-EditRecord\u0027 of https://github.com/adammangzijun/tp into Branch-EditRecord","messageBody":"","fileTypesAndContributionMap":{}},{"hash":"02c14c90f6a5228959123b07e04b26f5b668e9b3","isMergeCommit":false,"messageTitle":"Fix test for EditRecordCommand","messageBody":"","fileTypesAndContributionMap":{"functional-code":{"insertions":2,"deletions":1},"test-code":{"insertions":229,"deletions":7}}},{"hash":"0691cb7e0cb854ab88394cc3e3b62c5994395299","isMergeCommit":true,"messageTitle":"Merge pull request #59 from ryanongwx/branch-DataEncryption","messageBody":"Branch data encryption","fileTypesAndContributionMap":{}}]},{"date":"2023-10-25","commitResults":[{"hash":"4dcdfa0632119fbf960806f41916df9035c8f685","isMergeCommit":true,"messageTitle":"Merge pull request #2 from AY2324S1-CS2103T-T12-4/master","messageBody":"pull to local device","fileTypesAndContributionMap":{}},{"hash":"1510d59c85c61f45c295ec7772f1b70aa5f04f39","isMergeCommit":false,"messageTitle":"Edit UG for editpatient command and editrecord command","messageBody":"","fileTypesAndContributionMap":{"docs":{"insertions":44,"deletions":30}}}]},{"date":"2023-10-27","commitResults":[{"hash":"3e2ce61fdb9f0a8a216f1c524436d026d44e7db4","isMergeCommit":true,"messageTitle":"Merge pull request #73 from ryanongwx/branch-AttachFile","messageBody":"Branch attach file","fileTypesAndContributionMap":{}},{"hash":"13e989c10059ef4202007dc494d08ef2537912ca","isMergeCommit":true,"messageTitle":"Merge pull request #3 from AY2324S1-CS2103T-T12-4/master","messageBody":"Merge new attach file to local master","fileTypesAndContributionMap":{}},{"hash":"0d2071793b1e37d441ed8184b969e1f5f8998795","isMergeCommit":false,"messageTitle":"update DG for editpatient","messageBody":"","fileTypesAndContributionMap":{"docs":{"insertions":58,"deletions":0}}},{"hash":"b74806314675e44e53e073b12e156a468e4bcc98","isMergeCommit":true,"messageTitle":"Merge branch \u0027Branch-editUG\u0027","messageBody":"","fileTypesAndContributionMap":{}},{"hash":"c50d284f57c24b355024a7ef67c31e0979a6cde7","isMergeCommit":true,"messageTitle":"Merge branch \u0027Branch-editUG\u0027 of https://github.com/adammangzijun/tp into Branch-editUG","messageBody":"","fileTypesAndContributionMap":{}},{"hash":"1154a6286bf2a4f973047c7e29c2b8432f101c76","isMergeCommit":true,"messageTitle":"Merge branch \u0027master\u0027 of https://github.com/adammangzijun/tp","messageBody":"# Conflicts:\n#\tdocs/DeveloperGuide.md\n","fileTypesAndContributionMap":{}},{"hash":"0f72489a87cddd984042768dcffb078264cb5d7e","isMergeCommit":true,"messageTitle":"Merge branch \u0027Branch-editUG\u0027","messageBody":"","fileTypesAndContributionMap":{}},{"hash":"345b3aba4d4f18c46a06613e29ed31550f34ad7e","isMergeCommit":true,"messageTitle":"Merge branch \u0027master\u0027 into Branch-editUG","messageBody":"","fileTypesAndContributionMap":{}}]}]},"authorFileTypeContributionMap":{"Darren159":{"docs":426,"functional-code":1000,"test-code":1188,"other":3},"hjoneweek":{"docs":163,"functional-code":1274,"test-code":916},"Clin-lyx":{"docs":141,"functional-code":330,"test-code":177},"ryanongwx":{"docs":36,"functional-code":385,"test-code":435},"adammangzijun":{"docs":146,"functional-code":470,"test-code":1072}},"authorContributionVariance":{"Darren159":54038.11,"hjoneweek":46068.09,"Clin-lyx":5427.823,"ryanongwx":211646.48,"adammangzijun":59880.42},"authorDisplayNameMap":{"Darren159":"CS2103T-T12-4 LOW ..RREN","hjoneweek":"CS2103T-T12-4 KIM ..NJOO","Clin-lyx":"CS2103T-T12-4 LIN ..IANG","ryanongwx":"CS2103T-T12-4 RYAN..XIAN","adammangzijun":"CS2103T-T12-4 ADAM.. JUN"}}
