{"authorDailyContributionsMap":{"Darren159":[{"date":"2023-10-03","commitResults":[{"hash":"7a35116b069fb7601928d8c492690208541654c2","isMergeCommit":false,"messageTitle":"Update AboutUs.md and UserGuide.md","messageBody":"","fileTypesAndContributionMap":{"docs":{"insertions":86,"deletions":27}}},{"hash":"fcfb4ed41986b48c9fbd120c6192773c973cfc4a","isMergeCommit":false,"messageTitle":"Update DeveloperGuide.md and add PPP","messageBody":"","fileTypesAndContributionMap":{"docs":{"insertions":48,"deletions":20}}}]},{"date":"2023-10-04","commitResults":[{"hash":"7b350275141405f8ce597845762a834997277da3","isMergeCommit":true,"messageTitle":"Merge branch \u0027master\u0027 into branch-documentation","messageBody":"","fileTypesAndContributionMap":{}},{"hash":"f1636c332bb2491a188dce76c4c43c3659829e93","isMergeCommit":false,"messageTitle":"Add inclusion to Use Cases","messageBody":"","fileTypesAndContributionMap":{"docs":{"insertions":34,"deletions":45}}},{"hash":"324ab29bc0b3209390fc6ee7bad8ab56622fa946","isMergeCommit":true,"messageTitle":"Merge pull request #20 from hjoneweek/update-readme","messageBody":"Update README file","fileTypesAndContributionMap":{}},{"hash":"560cba58223b06943a70965e095cfc16fd445782","isMergeCommit":false,"messageTitle":"Remove use case loop","messageBody":"","fileTypesAndContributionMap":{"docs":{"insertions":2,"deletions":3}}},{"hash":"0597b6694835b2e403969b7aac19198223ae6b42","isMergeCommit":true,"messageTitle":"Merge pull request #21 from hjoneweek/update-userguide","messageBody":"Update User Guide","fileTypesAndContributionMap":{}}]},{"date":"2023-10-13","commitResults":[{"hash":"e14df6ee2daa5bce9fc849fbacae51859a6e0cd9","isMergeCommit":false,"messageTitle":"Add pinned contacts interface","messageBody":"","fileTypesAndContributionMap":{"functional-code":{"insertions":93,"deletions":21},"other":{"insertions":1,"deletions":1},"docs":{"insertions":9,"deletions":8}}},{"hash":"d6e5e800c1aba0afaaf922b9e21fe9e644d2e96b","isMergeCommit":false,"messageTitle":"Add pin and unpin logic and commands","messageBody":"","fileTypesAndContributionMap":{"functional-code":{"insertions":252,"deletions":1},"test-code":{"insertions":5,"deletions":0}}},{"hash":"6339334d0f962206f106d0bd2d46d7ea41738e16","isMergeCommit":false,"messageTitle":"Add documentation for Person copy constructor","messageBody":"","fileTypesAndContributionMap":{"functional-code":{"insertions":3,"deletions":0}}}]},{"date":"2023-10-14","commitResults":[{"hash":"45d094589f04c207467c186eb48e85ba3ad0ae1a","isMergeCommit":false,"messageTitle":"Add Pin command tests","messageBody":"","fileTypesAndContributionMap":{"functional-code":{"insertions":17,"deletions":32},"test-code":{"insertions":125,"deletions":1}}},{"hash":"71a4bcc576f472b4987bbacd94017bb86e2555cc","isMergeCommit":false,"messageTitle":"Add Unpin command tests","messageBody":"","fileTypesAndContributionMap":{"test-code":{"insertions":154,"deletions":3}}},{"hash":"ece3dbe2a7a1f5ff463c3a5f3a741b1231a47ae7","isMergeCommit":true,"messageTitle":"Merge pull request #30 from adammangzijun/branch-editPatient","messageBody":"Update the tests","fileTypesAndContributionMap":{}},{"hash":"494aef494dd1872e8706044f1436bf9c6fe89038","isMergeCommit":false,"messageTitle":"Fix sample data bug","messageBody":"","fileTypesAndContributionMap":{"functional-code":{"insertions":11,"deletions":12}}}]},{"date":"2023-10-15","commitResults":[{"hash":"d9e2cf75d7d61e9f9c95e8f951bd08af7fc426f0","isMergeCommit":true,"messageTitle":"Merge pull request #32 from adammangzijun/branch-editPatient","messageBody":"Branch edit patient","fileTypesAndContributionMap":{}},{"hash":"9409ef129344fc487963602c36ecb2e2fdc5343a","isMergeCommit":true,"messageTitle":"Merge pull request #35 from Clin-lyx/branch-ui","messageBody":"Edit ui layout","fileTypesAndContributionMap":{}},{"hash":"efccac07462abd85bfafcec95836e5c21d601640","isMergeCommit":true,"messageTitle":"Merge branch \u0027master\u0027 of https://github.com/AY2324S1-CS2103T-T12-4/tp into branch-pin","messageBody":"","fileTypesAndContributionMap":{}},{"hash":"f91649c58d88b724703e902b169820cce689d7e0","isMergeCommit":false,"messageTitle":"Modify existing command parameters","messageBody":"","fileTypesAndContributionMap":{"functional-code":{"insertions":5,"deletions":9},"test-code":{"insertions":0,"deletions":10}}},{"hash":"43446c60d14ef0a54a69aa23c1b366c0caa83db4","isMergeCommit":false,"messageTitle":"Fix editcommand","messageBody":"","fileTypesAndContributionMap":{"functional-code":{"insertions":1,"deletions":1},"test-code":{"insertions":5,"deletions":6}}},{"hash":"dee3ed22aaf81c6dbacfe8a38b96b384ea34a69c","isMergeCommit":false,"messageTitle":"Fix styling","messageBody":"","fileTypesAndContributionMap":{"functional-code":{"insertions":1,"deletions":1},"docs":{"insertions":7,"deletions":7}}},{"hash":"7d1929ea8989b9f395b2241417a920487f2d9249","isMergeCommit":false,"messageTitle":"Fix styling","messageBody":"","fileTypesAndContributionMap":{"functional-code":{"insertions":8,"deletions":5}}},{"hash":"e29024257fe2157a7995e7a1c52c74aee0a84db7","isMergeCommit":false,"messageTitle":"Fix test styling","messageBody":"","fileTypesAndContributionMap":{"test-code":{"insertions":126,"deletions":41}}}]},{"date":"2023-10-16","commitResults":[{"hash":"74ed8a5ef9dcd13069e9d44ac79f2fad5e5090c1","isMergeCommit":true,"messageTitle":"Merge pull request #37 from ryanongwx/branch-Search","messageBody":"Branch Search","tags":["v1.2"],"fileTypesAndContributionMap":{}}]},{"date":"2023-10-17","commitResults":[{"hash":"1975d15b20b7654804b65320116c82eb3332b009","isMergeCommit":true,"messageTitle":"Merge pull request #40 from ryanongwx/branch-fixChecks","messageBody":"Branch fix checks","fileTypesAndContributionMap":{}},{"hash":"aa8eff75626d5e282ed517c335aa1f1d7641aaf5","isMergeCommit":false,"messageTitle":"Add appointment class","messageBody":"","fileTypesAndContributionMap":{"functional-code":{"insertions":146,"deletions":1}}},{"hash":"2af780b830858d3a43257ac1eaaba3b15303677d","isMergeCommit":true,"messageTitle":"Merge branch \u0027master\u0027 of https://github.com/AY2324S1-CS2103T-T12-4/tp into branch-addappointment","messageBody":"","fileTypesAndContributionMap":{}}]},{"date":"2023-10-18","commitResults":[{"hash":"ba5b178323c23d67fcf5d1df33f271846e8ccd30","isMergeCommit":false,"messageTitle":"Add addappointment command","messageBody":"","fileTypesAndContributionMap":{"functional-code":{"insertions":455,"deletions":42}}},{"hash":"3a37b4bfd88e3c6ada54f6db3c42b0a55cfc56ef","isMergeCommit":false,"messageTitle":"Modify current tests","messageBody":"","fileTypesAndContributionMap":{"functional-code":{"insertions":31,"deletions":21},"test-code":{"insertions":30,"deletions":14}}}]},{"date":"2023-10-19","commitResults":[{"hash":"1cc245301d5978933b7edbeae152a9ed6351c6a8","isMergeCommit":false,"messageTitle":"Add tests","messageBody":"","fileTypesAndContributionMap":{"functional-code":{"insertions":42,"deletions":42},"test-code":{"insertions":355,"deletions":22}}},{"hash":"776e65a675ceefceaba2cc7f8c92ca05514af8f0","isMergeCommit":false,"messageTitle":"Add more tests","messageBody":"","fileTypesAndContributionMap":{"functional-code":{"insertions":45,"deletions":32},"test-code":{"insertions":452,"deletions":43}}},{"hash":"0c90ffc4546a8c2ba8548aab2387a2c1d68e5f1b","isMergeCommit":false,"messageTitle":"Fix styling","messageBody":"","fileTypesAndContributionMap":{"functional-code":{"insertions":7,"deletions":6},"test-code":{"insertions":59,"deletions":55}}},{"hash":"7d790a809b423978fd611e8b3a404969e7ff83c0","isMergeCommit":false,"messageTitle":"Modify withAppointments method","messageBody":"","fileTypesAndContributionMap":{"test-code":{"insertions":15,"deletions":3}}}]},{"date":"2023-10-20","commitResults":[{"hash":"227e6f8c48ba3f35731dc787387400f999885445","isMergeCommit":true,"messageTitle":"Merge branch \u0027master\u0027 of https://github.com/Darren159/tp into branch-addappointment","messageBody":"","fileTypesAndContributionMap":{}},{"hash":"291d956b551cb0cb118dd8236adbad51fb82a190","isMergeCommit":false,"messageTitle":"Modify records to fit with appointments","messageBody":"","fileTypesAndContributionMap":{"functional-code":{"insertions":74,"deletions":61},"other":{"insertions":19,"deletions":25},"test-code":{"insertions":50,"deletions":68}}},{"hash":"0f5c9f6b9fb29510f961022bca3e30f21af9f001","isMergeCommit":false,"messageTitle":"Fix styling","messageBody":"","fileTypesAndContributionMap":{"functional-code":{"insertions":14,"deletions":9},"test-code":{"insertions":30,"deletions":21}}}]},{"date":"2023-10-22","commitResults":[{"hash":"5b8f15fdf15e25769aace19e6b5febf58965a163","isMergeCommit":false,"messageTitle":"Refactor project structure","messageBody":"","fileTypesAndContributionMap":{"functional-code":{"insertions":9,"deletions":8},"other":{"insertions":5,"deletions":5},"test-code":{"insertions":10,"deletions":42}}},{"hash":"57b176ea51bd21c83ebf7bd49c7f20f24238b5f0","isMergeCommit":true,"messageTitle":"Merge pull request #53 from Clin-lyx/branch-view","messageBody":"Branch view","fileTypesAndContributionMap":{}},{"hash":"1935063d6788a1b3ad55f88d7621c3cb829e0a57","isMergeCommit":true,"messageTitle":"Merge branch \u0027branch-view\u0027 of https://github.com/AY2324S1-CS2103T-T12-4/tp into branch-modify-pin-ui","messageBody":"","fileTypesAndContributionMap":{}},{"hash":"2cde743f30dba7dd981aabf6ccc52b3a04ab5d76","isMergeCommit":false,"messageTitle":"Remove unused imports","messageBody":"","fileTypesAndContributionMap":{"functional-code":{"insertions":1,"deletions":1},"test-code":{"insertions":0,"deletions":2}}},{"hash":"e5a4ac055d58ffc9907dd9cd5c4b9f7479812ec5","isMergeCommit":false,"messageTitle":"Adjust default size of app","messageBody":"","fileTypesAndContributionMap":{"functional-code":{"insertions":33,"deletions":30}}},{"hash":"bf40b80abf37238fe50a4f509a13a930622e4942","isMergeCommit":true,"messageTitle":"Merge pull request #42 from Clin-lyx/branch-view","messageBody":"Branch view","fileTypesAndContributionMap":{}},{"hash":"a4a9636104bd3c30f40908b1463516ea44b32a30","isMergeCommit":true,"messageTitle":"Merge branch \u0027master\u0027 of https://github.com/AY2324S1-CS2103T-T12-4/tp into branch-modify-pin-ui","messageBody":"","fileTypesAndContributionMap":{}},{"hash":"94ea6148888d23ab25a4748f1758a349049e1e7c","isMergeCommit":false,"messageTitle":"Fix styling","messageBody":"","fileTypesAndContributionMap":{"functional-code":{"insertions":1,"deletions":1}}}]},{"date":"2023-10-23","commitResults":[{"hash":"e4029d805373544228acf0bd38be91d6aecbd7c7","isMergeCommit":false,"messageTitle":"Enable assertions","messageBody":"","fileTypesAndContributionMap":{"other":{"insertions":4,"deletions":0}}},{"hash":"733c266769feb374e72d193fe7b731e050f4a1ec","isMergeCommit":false,"messageTitle":"Add pin, unpin and addappointment to UG","messageBody":"","fileTypesAndContributionMap":{"docs":{"insertions":106,"deletions":71}}}]},{"date":"2023-10-25","commitResults":[{"hash":"c0817dea720bf3d7a6d3eaf1fe59518955b3edf8","isMergeCommit":false,"messageTitle":"Update UG","messageBody":"","fileTypesAndContributionMap":{"docs":{"insertions":96,"deletions":82}}}]},{"date":"2023-10-26","commitResults":[{"hash":"f80c086506c0774c3dd5a5b83dafb9233f52f4d4","isMergeCommit":true,"messageTitle":"Merge pull request #68 from hjoneweek/branch-addMedicationField","messageBody":"Add medication field in record object","fileTypesAndContributionMap":{}},{"hash":"25db8a4670da10847d94ee8170cabe02cdafd617","isMergeCommit":false,"messageTitle":"Add appointment feature to DG","messageBody":"","fileTypesAndContributionMap":{"docs":{"insertions":222,"deletions":112}}},{"hash":"a658f9e43c602769882325be773d2982efb39bf2","isMergeCommit":false,"messageTitle":"Add design consideration for Appointment","messageBody":"","fileTypesAndContributionMap":{"docs":{"insertions":13,"deletions":0}}},{"hash":"8030aff015f17e6fcd0fcb7ca0f3f40990490429","isMergeCommit":true,"messageTitle":"Merge pull request #71 from Clin-lyx/branch-update_DG","messageBody":"Branch update dg","fileTypesAndContributionMap":{}}]},{"date":"2023-10-29","commitResults":[{"hash":"bed8f80ffd40f45c512a3566735764abcca11ba8","isMergeCommit":true,"messageTitle":"Merge pull request #79 from hjoneweek/branch-recordListAutomaticUpdate","messageBody":"Fix bugs for modified record list not updating automatically","fileTypesAndContributionMap":{}},{"hash":"eda40e8177413634a96a0c646c9969304818d5e7","isMergeCommit":true,"messageTitle":"Merge pull request #80 from Clin-lyx/branch-help","messageBody":"Update help page","fileTypesAndContributionMap":{}},{"hash":"8c669c3ab00edd607493b433a622a0e10b664f4f","isMergeCommit":false,"messageTitle":"Remove unnecessary JsonUtil","messageBody":"","fileTypesAndContributionMap":{"functional-code":{"insertions":2,"deletions":6},"test-code":{"insertions":11,"deletions":15}}},{"hash":"712886b67266a4efc0973104564a59c3cc9118cb","isMergeCommit":false,"messageTitle":"Fix medications not showing in command output","messageBody":"","fileTypesAndContributionMap":{"functional-code":{"insertions":4,"deletions":2}}}]},{"date":"2023-10-30","commitResults":[{"hash":"95cff75b5cda69a660ab395b7a2a74ae7f645a0a","isMergeCommit":false,"messageTitle":"Add NRIC field","messageBody":"","fileTypesAndContributionMap":{"functional-code":{"insertions":286,"deletions":100},"docs":{"insertions":51,"deletions":51},"test-code":{"insertions":371,"deletions":293}}},{"hash":"16daaad90b1a9f34471a0b1c3eb2cb1b8195075d","isMergeCommit":true,"messageTitle":"Merge pull request #81 from Clin-lyx/branch-help","messageBody":"Update helpWindow formatting","fileTypesAndContributionMap":{}},{"hash":"8327a6c35efb6db779c3adcf9736e6cd969db3a9","isMergeCommit":false,"messageTitle":"Add search for Nric","messageBody":"","fileTypesAndContributionMap":{"functional-code":{"insertions":2,"deletions":0}}},{"hash":"53a5f05374dd8d6bcf940631cbfbcc5d54065635","isMergeCommit":true,"messageTitle":"Merge branch \u0027branch-refactor-appointments\u0027 of https://github.com/AY2324S1-CS2103T-T12-4/tp","messageBody":"","fileTypesAndContributionMap":{}}]},{"date":"2023-11-01","commitResults":[{"hash":"22edbc18c181daa211560cfa49d495ac535356b3","isMergeCommit":false,"messageTitle":"Add viewappointment command","messageBody":"","fileTypesAndContributionMap":{"functional-code":{"insertions":862,"deletions":217},"test-code":{"insertions":26,"deletions":8}}},{"hash":"260f3b8302e0709d7e6bdc8bbcd6ba274bec67ed","isMergeCommit":true,"messageTitle":"Merge pull request #86 from hjoneweek/branch-findRecord","messageBody":"Add find record feature","fileTypesAndContributionMap":{}},{"hash":"622131c1f0697836eca26dd336894b721da4f6b8","isMergeCommit":false,"messageTitle":"Adjust Appointment UI","messageBody":"","fileTypesAndContributionMap":{"functional-code":{"insertions":267,"deletions":188},"other":{"insertions":4,"deletions":2},"test-code":{"insertions":114,"deletions":46}}},{"hash":"5ad6bd14497d2ab2a110d8209bb6b3b2dd38945d","isMergeCommit":true,"messageTitle":"Merge branch \u0027master\u0027 of https://github.com/AY2324S1-CS2103T-T12-4/tp into branch-view-appointments","messageBody":"","fileTypesAndContributionMap":{}},{"hash":"56dd31a185938936ca0075ea3eefede3f7af097b","isMergeCommit":false,"messageTitle":"Merge branch \u0027master\u0027 of https://github.com/AY2324S1-CS2103T-T12-4/tp into branch-view-appointments","messageBody":"","fileTypesAndContributionMap":{"functional-code":{"insertions":207,"deletions":36},"test-code":{"insertions":219,"deletions":1}}},{"hash":"82c8a1a808179ff74de8ec3d5d1ab04c3ddf7ee9","isMergeCommit":true,"messageTitle":"Merge branch \u0027branch-view-appointments\u0027 of https://github.com/AY2324S1-CS2103T-T12-4/tp into branch-view-appointments","messageBody":"","fileTypesAndContributionMap":{}},{"hash":"0cedcc13d552c352b8ccfc9e7d9ef4d2af9aee8e","isMergeCommit":false,"messageTitle":"Fix styling","messageBody":"","fileTypesAndContributionMap":{"functional-code":{"insertions":81,"deletions":76},"test-code":{"insertions":2,"deletions":7}}},{"hash":"3c615b3d0cf0bf4e617700f1df376bf8e89f78ad","isMergeCommit":false,"messageTitle":"Fix styling","messageBody":"","fileTypesAndContributionMap":{"functional-code":{"insertions":4,"deletions":4},"docs":{"insertions":1,"deletions":1}}},{"hash":"7c29f07dd6e133899cef665a804192abd0587ac3","isMergeCommit":false,"messageTitle":"Add DeleteAppointment command","messageBody":"","fileTypesAndContributionMap":{"functional-code":{"insertions":126,"deletions":4}}},{"hash":"98a58c15005a4df55978f9896aefc4e76168eda3","isMergeCommit":false,"messageTitle":"Update appointment tests","messageBody":"","fileTypesAndContributionMap":{"functional-code":{"insertions":8,"deletions":58},"test-code":{"insertions":24,"deletions":5}}}]},{"date":"2023-11-02","commitResults":[{"hash":"ccba4c2d32b9014b35b96953ca815977c0dc40f5","isMergeCommit":false,"messageTitle":"Add DeleteAppointment tests and prevent nric edit","messageBody":"","fileTypesAndContributionMap":{"functional-code":{"insertions":39,"deletions":27},"test-code":{"insertions":165,"deletions":7}}},{"hash":"e1d63369e35e0d6c2a1ca5aae8f27ea7d1e9aa4e","isMergeCommit":true,"messageTitle":"Merge branch \u0027master\u0027 of https://github.com/AY2324S1-CS2103T-T12-4/tp into branch-delete-appointments","messageBody":"","fileTypesAndContributionMap":{}},{"hash":"ca8407d7d78b43fbda177163f06cd0a4c5359d86","isMergeCommit":false,"messageTitle":"Fix tests","messageBody":"","fileTypesAndContributionMap":{"test-code":{"insertions":9,"deletions":3}}},{"hash":"a00c03d8f200455313512cdb2181c06b2f81b9ec","isMergeCommit":false,"messageTitle":"Fix test checkstyle","messageBody":"","fileTypesAndContributionMap":{"test-code":{"insertions":6,"deletions":2}}},{"hash":"32576caf2a5c199d779540ae442181689ebfd42a","isMergeCommit":true,"messageTitle":"Merge branch \u0027master\u0027 of https://github.com/AY2324S1-CS2103T-T12-4/tp","messageBody":"","fileTypesAndContributionMap":{}},{"hash":"200dce1060809957d67d96426d174c6011035ef1","isMergeCommit":false,"messageTitle":"Adjust index.md","messageBody":"","fileTypesAndContributionMap":{"functional-code":{"insertions":4,"deletions":24},"docs":{"insertions":5,"deletions":6},"test-code":{"insertions":4,"deletions":35}}}]},{"date":"2023-11-08","commitResults":[{"hash":"6a81cad8ec35ef520252809849e5bcde72800f9a","isMergeCommit":true,"messageTitle":"Merge pull request #150 from Clin-lyx/branch-fix_view","messageBody":"Branch fix_issues","fileTypesAndContributionMap":{}}]},{"date":"2023-11-09","commitResults":[{"hash":"59c905b589ffaf8aba2f6bc2710a75b279555b07","isMergeCommit":false,"messageTitle":"Fix UG typo","messageBody":"","fileTypesAndContributionMap":{"docs":{"insertions":81,"deletions":83}}},{"hash":"f627d2b7831e02e9600268b54a1c730a5e677511","isMergeCommit":false,"messageTitle":"Fix appointment calender UI bug","messageBody":"","fileTypesAndContributionMap":{"functional-code":{"insertions":10,"deletions":20}}},{"hash":"a3cbb85182b45e7d7c2c182ad501d41d33f233d6","isMergeCommit":false,"messageTitle":"Adjust DateTime automatic conversion","messageBody":"","fileTypesAndContributionMap":{"functional-code":{"insertions":8,"deletions":7},"docs":{"insertions":63,"deletions":21}}},{"hash":"4a85479eccd91c84e9d9ab722abc106ee1a05107","isMergeCommit":true,"messageTitle":"Merge branch \u0027master\u0027 of https://github.com/AY2324S1-CS2103T-T12-4/tp into branch-fix-bugs","messageBody":"","fileTypesAndContributionMap":{}},{"hash":"95cf94387875d56d0369091e77c59d790a775326","isMergeCommit":false,"messageTitle":"Refactor date and time format and fix minor code formatting issues","messageBody":"","fileTypesAndContributionMap":{"functional-code":{"insertions":3,"deletions":3},"test-code":{"insertions":9,"deletions":3}}}]},{"date":"2023-11-10","commitResults":[{"hash":"59550f4d974405396d94f97350292cd6c1f045d4","isMergeCommit":false,"messageTitle":"Update PPP","messageBody":"","fileTypesAndContributionMap":{"docs":{"insertions":20,"deletions":9}}},{"hash":"30cf0a2c6ea769c2d2a0aa9a25088243b5597c2b","isMergeCommit":true,"messageTitle":"Merge pull request #152 from Clin-lyx/branch-fix_ui","messageBody":"Branch fix UI","fileTypesAndContributionMap":{}},{"hash":"e69ac97fc1342df54fa8f60adf58f98c51a13610","isMergeCommit":false,"messageTitle":"Add test case for invalid date format","messageBody":"","fileTypesAndContributionMap":{"test-code":{"insertions":1,"deletions":0}}}]},{"date":"2023-11-12","commitResults":[{"hash":"120093febd22bf7fad6bac986e0ed4d43bb82fa5","isMergeCommit":false,"messageTitle":"Add Planned ENhancements","messageBody":"","fileTypesAndContributionMap":{"functional-code":{"insertions":1,"deletions":2},"docs":{"insertions":55,"deletions":21}}},{"hash":"3ca230c47413eb0b4a8dba0d33a301b6cfac7db5","isMergeCommit":true,"messageTitle":"Merge branch \u0027master\u0027 of https://github.com/AY2324S1-CS2103T-T12-4/tp into branch-fix-bugs","messageBody":"","fileTypesAndContributionMap":{}},{"hash":"20ee7079bc02d1f5e987a6ca97f3970b1a32cd29","isMergeCommit":true,"messageTitle":"Merge pull request #163 from ryanongwx/branch-updateDg","messageBody":"Documentation changes","fileTypesAndContributionMap":{}},{"hash":"85ffdf597de9936fcb252976319a02819c6a4d9c","isMergeCommit":false,"messageTitle":"update documentation","messageBody":"","fileTypesAndContributionMap":{"docs":{"insertions":58,"deletions":6}}},{"hash":"842eb993659735052bf31aff8efdfbad473c80d8","isMergeCommit":true,"messageTitle":"Merge branch \u0027master\u0027 of https://github.com/AY2324S1-CS2103T-T12-4/tp into branch-fix-bugs","messageBody":"","fileTypesAndContributionMap":{}},{"hash":"8ee4ee56d1d3be8796fb9d89645ce7481047578c","isMergeCommit":false,"messageTitle":"Update DG","messageBody":"","fileTypesAndContributionMap":{"docs":{"insertions":78,"deletions":8}}},{"hash":"e7501b2348639aafc4432577cac42aa1c6f1a296","isMergeCommit":true,"messageTitle":"Merge branch \u0027master\u0027 of https://github.com/AY2324S1-CS2103T-T12-4/tp into branch-fix-bugs","messageBody":"","fileTypesAndContributionMap":{}},{"hash":"4d04e3aba9116996beeaf10721cb50354663c81d","isMergeCommit":false,"messageTitle":"Update DG","messageBody":"","fileTypesAndContributionMap":{"docs":{"insertions":405,"deletions":53}}},{"hash":"163fff5062abc4571a4220ebdbfa8330aea93b54","isMergeCommit":true,"messageTitle":"Merge branch \u0027master\u0027 of https://github.com/AY2324S1-CS2103T-T12-4/tp into branch-fix-bugs","messageBody":"","fileTypesAndContributionMap":{}},{"hash":"c0e7b62d7211ad06cb35e7deb004b73bc90eba83","isMergeCommit":false,"messageTitle":"Update DG","messageBody":"","fileTypesAndContributionMap":{"docs":{"insertions":51,"deletions":40}}},{"hash":"6c45dd8ddc66dd67a9add08c36dc320af9bdff24","isMergeCommit":true,"messageTitle":"Merge pull request #165 from hjoneweek/update-uc","messageBody":"Update uc and test cases","fileTypesAndContributionMap":{}},{"hash":"33fdd91f0adec89cc55a0eaeeefd1cefd2fd589a","isMergeCommit":true,"messageTitle":"Merge branch \u0027master\u0027 of https://github.com/AY2324S1-CS2103T-T12-4/tp into branch-fix-bugs","messageBody":"","fileTypesAndContributionMap":{}},{"hash":"7e8b7045dbffb77347b59c49299e6ea727cbf5f0","isMergeCommit":false,"messageTitle":"Fix styling","messageBody":"","fileTypesAndContributionMap":{"docs":{"insertions":18,"deletions":15}}},{"hash":"feb13b12ea421c82937c1d0d6ef9294c5355d8b3","isMergeCommit":false,"messageTitle":"Update DG","messageBody":"","fileTypesAndContributionMap":{"docs":{"insertions":2,"deletions":2}}},{"hash":"2062024dc8b1996a9e2d8658ab97639e4814af58","isMergeCommit":true,"messageTitle":"Merge pull request #167 from ryanongwx/branch-ugScreenshots","messageBody":"Add screenshots to UG","fileTypesAndContributionMap":{}}]},{"date":"2023-11-13","commitResults":[{"hash":"a7190aef2adf91c99654fa9cad5686b108531c1f","isMergeCommit":false,"messageTitle":"Updated UG","messageBody":"","fileTypesAndContributionMap":{"functional-code":{"insertions":20,"deletions":18},"docs":{"insertions":243,"deletions":258}}},{"hash":"aa82f6cff662ec0677902b474bde753085cb73d8","isMergeCommit":false,"messageTitle":"Fix checkstyle","messageBody":"","fileTypesAndContributionMap":{"functional-code":{"insertions":1,"deletions":1}}},{"hash":"e463936e54598a662a3343a2e28579078f25ba36","isMergeCommit":true,"messageTitle":"Merge branch \u0027master\u0027 of https://github.com/AY2324S1-CS2103T-T12-4/tp into branch-fix-bugs","messageBody":"","fileTypesAndContributionMap":{}},{"hash":"1a2ea0a84bbae2d7ad91c2ebb60b4b29451bf70a","isMergeCommit":false,"messageTitle":"Update UG","messageBody":"","fileTypesAndContributionMap":{"functional-code":{"insertions":17,"deletions":14},"docs":{"insertions":284,"deletions":254},"test-code":{"insertions":5,"deletions":5}}},{"hash":"ce66e89f7dbfd90eb8200552b3d348d958212e14","isMergeCommit":false,"messageTitle":"Fix styling","messageBody":"","fileTypesAndContributionMap":{"functional-code":{"insertions":1,"deletions":1},"docs":{"insertions":20,"deletions":11}}},{"hash":"0a10551b05abf3dcd8a78425aea44efd1ec65308","isMergeCommit":false,"messageTitle":"Fix style","messageBody":"","fileTypesAndContributionMap":{"functional-code":{"insertions":4,"deletions":2}}},{"hash":"4f93fd0a4a75dce9e13abf1c68689cc54f32b18b","isMergeCommit":false,"messageTitle":"Update UG","messageBody":"","fileTypesAndContributionMap":{"docs":{"insertions":4,"deletions":4}}}]}],"hjoneweek":[{"date":"2023-10-04","commitResults":[{"hash":"5c09442e2a9ef0c0be2b14874fd1778a28baf850","isMergeCommit":false,"messageTitle":"Update About Us page and add skeletal PPP","messageBody":"","fileTypesAndContributionMap":{"docs":{"insertions":26,"deletions":46}}},{"hash":"37f9904ed48366fc77213ef1a647e80b0ef6401c","isMergeCommit":true,"messageTitle":"Merge branch \u0027update-about-us\u0027 Update About Us with my photo and description Add my skeletal PPP","messageBody":"","fileTypesAndContributionMap":{}},{"hash":"70539dba4ae3e7a921f287e5d5cc0eb27dbbff1e","isMergeCommit":false,"messageTitle":"Update README file","messageBody":"","fileTypesAndContributionMap":{"docs":{"insertions":9,"deletions":12}}},{"hash":"f8d695b8296e4e3937b48609aaf669fa29193792","isMergeCommit":false,"messageTitle":"Update User Guide","messageBody":"","fileTypesAndContributionMap":{"docs":{"insertions":28,"deletions":9}}},{"hash":"70530759f2b821e042954196cf10c38604e7d945","isMergeCommit":true,"messageTitle":"Merge branch \u0027master\u0027 of https://github.com/hjoneweek/tp","messageBody":"Pulling from remote repo that has been synced with the upstream repo\n","fileTypesAndContributionMap":{}},{"hash":"16da03720d70d452cce025105720a2528dbedb9f","isMergeCommit":false,"messageTitle":"Change phrasing of some descriptions of features","messageBody":"","fileTypesAndContributionMap":{"docs":{"insertions":2,"deletions":2}}}]},{"date":"2023-10-05","commitResults":[{"hash":"73e16d6ba9bb3aff63d600fc9a60270b03134911","isMergeCommit":true,"messageTitle":"Merge pull request #24 from ryanongwx/branch-UpdateDocs","messageBody":"Branch update docs","tags":["v1.1"],"fileTypesAndContributionMap":{}}]},{"date":"2023-10-12","commitResults":[{"hash":"c1c297c7c551dd86904dc1dd27c25d9281ae1b0f","isMergeCommit":false,"messageTitle":"Add addpatient command","messageBody":"","fileTypesAndContributionMap":{"functional-code":{"insertions":498,"deletions":119}}}]},{"date":"2023-10-15","commitResults":[{"hash":"55dd718ea73f10ed6fa34a235c06c321c8d59a0a","isMergeCommit":false,"messageTitle":"Add addrecord command","messageBody":"","fileTypesAndContributionMap":{"functional-code":{"insertions":491,"deletions":11}}},{"hash":"7ade59c7d4761dcd5fc38538bf20d20723030740","isMergeCommit":true,"messageTitle":"Update addrecord with updated ui, edit feature","messageBody":"","fileTypesAndContributionMap":{}},{"hash":"ff62a69eaa3b9bebb268aeef93bbf8a7c8629963","isMergeCommit":false,"messageTitle":"Fix minor bug for addrecord command","messageBody":"","fileTypesAndContributionMap":{"functional-code":{"insertions":1,"deletions":1}}},{"hash":"69925e835ee42d7655d4d4174fa4778988231207","isMergeCommit":false,"messageTitle":"Fix minor bugs for addrecord command","messageBody":"","fileTypesAndContributionMap":{"functional-code":{"insertions":6,"deletions":11}}}]},{"date":"2023-10-17","commitResults":[{"hash":"f9d1488da177e510c5f67d743e2cebcfe004acc6","isMergeCommit":true,"messageTitle":"Fix merge conflicts for pin/unpin commit","messageBody":"","fileTypesAndContributionMap":{}}]},{"date":"2023-10-19","commitResults":[{"hash":"6d96bbd4b385db9fa2e0cacc2ab5d0f858db84c3","isMergeCommit":true,"messageTitle":"Merged tests and pin, unpin commands","messageBody":"","fileTypesAndContributionMap":{}},{"hash":"f741b2d9d4814d8f923fd4f7afd504b5538853b0","isMergeCommit":false,"messageTitle":"Update tests for addrecord command","messageBody":"","fileTypesAndContributionMap":{"functional-code":{"insertions":119,"deletions":74},"test-code":{"insertions":384,"deletions":24}}},{"hash":"b8c589c7969e5182b1187ca718f35e407732e203","isMergeCommit":false,"messageTitle":"Update tests and fix minor bugs","messageBody":"","fileTypesAndContributionMap":{"functional-code":{"insertions":13,"deletions":4},"test-code":{"insertions":67,"deletions":6}}}]},{"date":"2023-10-20","commitResults":[{"hash":"2608d329db5ce9f21ea0745548c717abf1f3fbd4","isMergeCommit":false,"messageTitle":"Add UniqueRecordList and fix minor errors","messageBody":"","fileTypesAndContributionMap":{"functional-code":{"insertions":212,"deletions":26},"test-code":{"insertions":37,"deletions":13}}},{"hash":"13cbe02c4e5cff8382b2387048df9ed2b328c858","isMergeCommit":false,"messageTitle":"Update tests JsonAdapted fields and UniqueRecordList","messageBody":"","fileTypesAndContributionMap":{"functional-code":{"insertions":15,"deletions":6},"test-code":{"insertions":299,"deletions":5}}},{"hash":"4d1806a6b05ee76f9274ad9501f8334468d8768a","isMergeCommit":true,"messageTitle":"Merge pull request #36 from hjoneweek/branch-addrecord","messageBody":"Add addrecord command","fileTypesAndContributionMap":{}}]},{"date":"2023-10-24","commitResults":[{"hash":"4d3d9f219434fe06c942712f030f34a9d243e106","isMergeCommit":false,"messageTitle":"Update addpatient and addrecord to UG","messageBody":"","fileTypesAndContributionMap":{"functional-code":{"insertions":67,"deletions":0},"docs":{"insertions":24,"deletions":24},"test-code":{"insertions":60,"deletions":0}}},{"hash":"3696c25a66fa7aea6aa586a61bee8125d378bfae","isMergeCommit":false,"messageTitle":"Update addpatient to UG","messageBody":"","fileTypesAndContributionMap":{"docs":{"insertions":1,"deletions":1}}},{"hash":"758f2537cbd522f368ab1e7055859345fd86151b","isMergeCommit":false,"messageTitle":"Update addpatient command in UG","messageBody":"","fileTypesAndContributionMap":{"docs":{"insertions":2,"deletions":3}}},{"hash":"e350688c7f54ee2730fb49f434e3bd9e016ec97e","isMergeCommit":false,"messageTitle":"Update addrecord command in UG","messageBody":"","fileTypesAndContributionMap":{"docs":{"insertions":1,"deletions":1}}},{"hash":"94f39d739687a92b4e8573953785fd775d2a9131","isMergeCommit":false,"messageTitle":"Update tests","messageBody":"","fileTypesAndContributionMap":{"test-code":{"insertions":20,"deletions":2}}},{"hash":"ba4a8e13b9be26405c77d13fde9f36570a573e27","isMergeCommit":false,"messageTitle":"Update checkstyle","messageBody":"","fileTypesAndContributionMap":{"test-code":{"insertions":4,"deletions":2}}},{"hash":"dee07f087fb2f8257728e0b61825989d336872be","isMergeCommit":false,"messageTitle":"Fix minor bugs","messageBody":"","fileTypesAndContributionMap":{"functional-code":{"insertions":0,"deletions":67},"test-code":{"insertions":1,"deletions":68}}},{"hash":"acf5cb0afe56e488a3654f2bde6093410763d5bf","isMergeCommit":false,"messageTitle":"Update tests","messageBody":"","fileTypesAndContributionMap":{"test-code":{"insertions":36,"deletions":0}}},{"hash":"38532f9ac87ecc89fb0c28ab49b75a48cd651a0d","isMergeCommit":false,"messageTitle":"Update checkstyle","messageBody":"","fileTypesAndContributionMap":{"test-code":{"insertions":2,"deletions":0}}}]},{"date":"2023-10-26","commitResults":[{"hash":"6bd1c1e9e7b6567cbd8cae08840cb375ecbe077f","isMergeCommit":false,"messageTitle":"Add medication field in record object","messageBody":"","fileTypesAndContributionMap":{"functional-code":{"insertions":246,"deletions":27},"test-code":{"insertions":196,"deletions":31}}},{"hash":"8dfa3869ebfd38f113751436e551228e0e7d07a1","isMergeCommit":false,"messageTitle":"Add tests","messageBody":"","fileTypesAndContributionMap":{"functional-code":{"insertions":0,"deletions":8},"test-code":{"insertions":76,"deletions":0}}}]},{"date":"2023-10-27","commitResults":[{"hash":"26e2d7f0c17aec0935a51aca81ed0d31d1069176","isMergeCommit":false,"messageTitle":"Update DG","messageBody":"","fileTypesAndContributionMap":{"docs":{"insertions":121,"deletions":0}}},{"hash":"8091940b67523d48dc0e18dc23c829a7c5573628","isMergeCommit":false,"messageTitle":"Fix minor error in addrecord Sequence Diagram","messageBody":"","fileTypesAndContributionMap":{"docs":{"insertions":1,"deletions":1}}},{"hash":"6b30ca730a8451e2885e8923b2a96486a196116a","isMergeCommit":false,"messageTitle":"Edit addrecord sequence diagram","messageBody":"","fileTypesAndContributionMap":{"docs":{"insertions":1,"deletions":1}}},{"hash":"8ffd3a60c792b02551041bb6e71be06b20ccb8bf","isMergeCommit":false,"messageTitle":"Add more tests","messageBody":"","fileTypesAndContributionMap":{"test-code":{"insertions":19,"deletions":0}}},{"hash":"91ea3bb6440d39c073d5d5cdb8edbd06686b2617","isMergeCommit":false,"messageTitle":"Edit RecordTest","messageBody":"","fileTypesAndContributionMap":{"test-code":{"insertions":11,"deletions":8}}},{"hash":"c8f19f4e393a0b1813e5f41103bc51a6214295ec","isMergeCommit":true,"messageTitle":"Solve merge conflicts","messageBody":"","fileTypesAndContributionMap":{}},{"hash":"637534eea568eb46fdb18cae1a8008a3ba49f339","isMergeCommit":false,"messageTitle":"Edit addrecord test","messageBody":"","fileTypesAndContributionMap":{"test-code":{"insertions":4,"deletions":1}}}]},{"date":"2023-10-29","commitResults":[{"hash":"24fdfb86d0b51159819dddc5bea068e91f14befb","isMergeCommit":false,"messageTitle":"Fix bugs for modified record list not updating automatically","messageBody":"","fileTypesAndContributionMap":{"functional-code":{"insertions":2,"deletions":0},"test-code":{"insertions":12,"deletions":0}}}]},{"date":"2023-11-01","commitResults":[{"hash":"931fc4ed33896e847a80bae75e9728743f23d455","isMergeCommit":false,"messageTitle":"Add findRecord feature","messageBody":"","fileTypesAndContributionMap":{"functional-code":{"insertions":163,"deletions":18},"test-code":{"insertions":220,"deletions":4}}},{"hash":"ccd5f6090c2e9787d050fe75b9bc1d3dca606c1e","isMergeCommit":false,"messageTitle":"Pass checkstyle","messageBody":"","fileTypesAndContributionMap":{"functional-code":{"insertions":16,"deletions":1},"test-code":{"insertions":4,"deletions":1}}},{"hash":"699e75b53291b2fbdb0b25243baecfab89ef37d4","isMergeCommit":false,"messageTitle":"Implement delete record feature","messageBody":"","fileTypesAndContributionMap":{"functional-code":{"insertions":112,"deletions":0}}},{"hash":"c65c445604b650c67db72ed57ea0bce3e8b4b110","isMergeCommit":true,"messageTitle":"Merge branch \u0027master\u0027 into branch-deleteRecord Merge find record feature","messageBody":"","fileTypesAndContributionMap":{}},{"hash":"dcdb919a3b1765c8df6cc7726ed6f6ff71522ce8","isMergeCommit":false,"messageTitle":"Add tests for delete record feature","messageBody":"","fileTypesAndContributionMap":{"functional-code":{"insertions":24,"deletions":0},"test-code":{"insertions":117,"deletions":0}}},{"hash":"43d38d38183b4c0a5176af7e8c8698d3e1c77a91","isMergeCommit":true,"messageTitle":"Merge branch \u0027master\u0027 into branch-deleteRecord Merge view appointment feature","messageBody":"","fileTypesAndContributionMap":{}}]},{"date":"2023-11-02","commitResults":[{"hash":"2e846f0dccf3e567287b14e76fe9b34965ce8143","isMergeCommit":true,"messageTitle":"Merge pull request #88 from hjoneweek/branch-deleteRecord","messageBody":"Add delete record feature","fileTypesAndContributionMap":{}},{"hash":"5b3b39f842562ecaf033b8c9b8518bf11a812cf6","isMergeCommit":false,"messageTitle":"Update UserGuide.md","messageBody":"","fileTypesAndContributionMap":{"docs":{"insertions":2,"deletions":2}}},{"hash":"5f879600205d6af8a558102125ffbe55c6c7c957","isMergeCommit":true,"messageTitle":"Merge pull request #92 from Clin-lyx/branch-ug","messageBody":"Branch ug","fileTypesAndContributionMap":{}},{"hash":"6765958ee8b3f297124a108592e498d07b24f045","isMergeCommit":true,"messageTitle":"Merge pull request #96 from Clin-lyx/branch-fix_indent","messageBody":"Fix indentation","tags":["v1.3"],"fileTypesAndContributionMap":{}}]},{"date":"2023-11-08","commitResults":[{"hash":"e6605017c9863ef536163084a6f2007c1dd094a9","isMergeCommit":true,"messageTitle":"Merge pull request #148 from ryanongwx/branch-fixIssues","messageBody":"Branch fix issues","fileTypesAndContributionMap":{}},{"hash":"1f4623edec52a7ba289e3d18267c34b3de74b36b","isMergeCommit":false,"messageTitle":"Fix issues","messageBody":"","fileTypesAndContributionMap":{"functional-code":{"insertions":50,"deletions":8},"docs":{"insertions":10,"deletions":4},"test-code":{"insertions":42,"deletions":0}}},{"hash":"27bed6811ada43dfb86e1a34f1993cd472d26fd1","isMergeCommit":false,"messageTitle":"Add more tests","messageBody":"","fileTypesAndContributionMap":{"test-code":{"insertions":7,"deletions":0}}}]},{"date":"2023-11-10","commitResults":[{"hash":"590c8d8ce16fc6a0faed36e55529d3caafe87898","isMergeCommit":false,"messageTitle":"Update PPP","messageBody":"","fileTypesAndContributionMap":{"docs":{"insertions":21,"deletions":5}}},{"hash":"c0483b7dac7ffef294c7604d8538082e8fb4e40a","isMergeCommit":true,"messageTitle":"Merge pull request #156 from ryanongwx/branch-UpdatePPP","messageBody":"Branch update PPP","fileTypesAndContributionMap":{}},{"hash":"f804f36bef7621f06353c553b32e4022d863ffa5","isMergeCommit":true,"messageTitle":"Merge pull request #155 from Clin-lyx/branch-revert_comma","messageBody":"revert comma in Person card","fileTypesAndContributionMap":{}},{"hash":"4c144c50710e990b47d18314228be1c90d37ecbc","isMergeCommit":false,"messageTitle":"Revert resolved issues regarding duplicate conditions and medications in record","messageBody":"","fileTypesAndContributionMap":{"functional-code":{"insertions":2,"deletions":18},"docs":{"insertions":3,"deletions":2},"test-code":{"insertions":0,"deletions":32}}},{"hash":"456a9538197f694b8df5f4b9f10126ac542be5da","isMergeCommit":true,"messageTitle":"Merge pull request #158 from Clin-lyx/branch-PPP","messageBody":"Branch ppp","fileTypesAndContributionMap":{}}]},{"date":"2023-11-12","commitResults":[{"hash":"6f9e292670e951eab9ee8a9e255aed0ac21238f6","isMergeCommit":false,"messageTitle":"Update Model, Storage, UI class diagrams","messageBody":"","fileTypesAndContributionMap":{"docs":{"insertions":97,"deletions":17}}},{"hash":"ec1756d1054041ae50ec29c296bb6f1bca0fb6da","isMergeCommit":false,"messageTitle":"Update DG","messageBody":"","fileTypesAndContributionMap":{"docs":{"insertions":315,"deletions":22}}},{"hash":"e8f40952eacfd3786c90d8192b827eb0127f58d0","isMergeCommit":true,"messageTitle":"Merge branch \u0027master\u0027 into update-dg Merge commit for updates in the Model, Storage, UI class diagrams","messageBody":"","fileTypesAndContributionMap":{}},{"hash":"f8ebd5d1976796e48a2d58e2d5f4e041165e406e","isMergeCommit":true,"messageTitle":"Merge branch \u0027master\u0027 into update-dg Merge commit","messageBody":"","fileTypesAndContributionMap":{}},{"hash":"148d6705ae52239e624e1627d1545b00f685fb35","isMergeCommit":false,"messageTitle":"Fix errors","messageBody":"","fileTypesAndContributionMap":{"docs":{"insertions":3,"deletions":12}}},{"hash":"e8a77a9f5c068608e2bf351c369ec0268c0d6c10","isMergeCommit":true,"messageTitle":"Resolve merge commits","messageBody":"","fileTypesAndContributionMap":{}},{"hash":"a9505ee9ad0058df2bffab90908831943ebac4d3","isMergeCommit":true,"messageTitle":"Merge pull request #164 from Clin-lyx/branch-update_docs","messageBody":"Branch update docs","fileTypesAndContributionMap":{}},{"hash":"e64b2983dedc339a18afbe1d09b71114dd39708d","isMergeCommit":false,"messageTitle":"Update use cases","messageBody":"","fileTypesAndContributionMap":{"docs":{"insertions":40,"deletions":1}}},{"hash":"6c32900b89646f5d50b02d533a8c3dc4d0ea6306","isMergeCommit":true,"messageTitle":"Merge commit","messageBody":"","fileTypesAndContributionMap":{}},{"hash":"4f30beb758622fab7b104de73096559dec6230e8","isMergeCommit":false,"messageTitle":"Update test cases in DG","messageBody":"","fileTypesAndContributionMap":{"docs":{"insertions":67,"deletions":17}}},{"hash":"f5b58c52831c0291b1ff819c179ec593c0db48bf","isMergeCommit":false,"messageTitle":"Modify use cases","messageBody":"","fileTypesAndContributionMap":{"docs":{"insertions":1,"deletions":1}}},{"hash":"54d450d8249c196fcbb5f43cc6c63d45b4aa3b13","isMergeCommit":true,"messageTitle":"Merge pull request #166 from AY2324S1-CS2103T-T12-4/branch-fix-bugs","messageBody":"Branch fix bugs","fileTypesAndContributionMap":{}}]},{"date":"2023-11-13","commitResults":[{"hash":"fe30b24bcd97e8cbe1a63b0e4ccc0aeef1bc5595","isMergeCommit":true,"messageTitle":"Merge pull request #169 from AY2324S1-CS2103T-T12-4/branch-fix-bugs","messageBody":"Updated UG","fileTypesAndContributionMap":{}},{"hash":"b6516a7d9de8884dd552fd5999d72b2dc26d73c0","isMergeCommit":true,"messageTitle":"Merge pull request #171 from AY2324S1-CS2103T-T12-4/branch-fix-bugs","messageBody":"Update UG","fileTypesAndContributionMap":{}}]}],"Clin-lyx":[{"date":"2023-10-04","commitResults":[{"hash":"16ec9a4e7f3821132c95e93a336d75e8baed11d3","isMergeCommit":false,"messageTitle":"Update AboutUs.md","messageBody":"","fileTypesAndContributionMap":{"docs":{"insertions":5,"deletions":5}}},{"hash":"2cbb573227d2102764be0774c0a1899cd12e89f1","isMergeCommit":false,"messageTitle":"Create skeletal PPP","messageBody":"","fileTypesAndContributionMap":{"docs":{"insertions":46,"deletions":0}}},{"hash":"8f7a43c940800c85d3f05ba6c12166a1a9da4d9b","isMergeCommit":true,"messageTitle":"Merge branch \u0027master\u0027 into documentation","messageBody":"","fileTypesAndContributionMap":{}},{"hash":"75ea322f98ab820fcdda20ad9afdf590fd1a3432","isMergeCommit":true,"messageTitle":"Merge branch \u0027AY2324S1-CS2103T-T12-4:master\u0027 into documentation","messageBody":"","fileTypesAndContributionMap":{}},{"hash":"fe9484cc84ff653d77adec827f29dee88d65c32e","isMergeCommit":false,"messageTitle":"Update UserGuide.md","messageBody":"","fileTypesAndContributionMap":{"docs":{"insertions":7,"deletions":3}}},{"hash":"a942b95c7193e204568b16753a0497f5c88e55a1","isMergeCommit":false,"messageTitle":"Update DeveloperGuide.md","messageBody":"","fileTypesAndContributionMap":{"docs":{"insertions":11,"deletions":0}}},{"hash":"2c451d38bcfeaeb6eab4f7b21b1f610011bce3f3","isMergeCommit":true,"messageTitle":"Merge pull request #23 from adammangzijun/Update-Docs","messageBody":"Update docs ","fileTypesAndContributionMap":{}}]},{"date":"2023-10-15","commitResults":[{"hash":"413cb231313b207f52fe21018d4749874defd8b4","isMergeCommit":true,"messageTitle":"Merge pull request #31 from hjoneweek/branch-addpatient","messageBody":"Add addpatient command","fileTypesAndContributionMap":{}},{"hash":"274f961323a2db03477db3f340de8e926e085e75","isMergeCommit":false,"messageTitle":"Edit ui layout","messageBody":"","fileTypesAndContributionMap":{"functional-code":{"insertions":33,"deletions":16}}},{"hash":"9c978e148b2047ac1445a02504647633cecc6b9f","isMergeCommit":false,"messageTitle":"Update UserGuide.md","messageBody":"","fileTypesAndContributionMap":{"docs":{"insertions":2,"deletions":2}}},{"hash":"381a175c9676d98e9c0e5167a16bc745cb3737e0","isMergeCommit":false,"messageTitle":"Update DeveloperGuide.md","messageBody":"","fileTypesAndContributionMap":{"docs":{"insertions":1,"deletions":1}}}]},{"date":"2023-10-20","commitResults":[{"hash":"e2a0fdd875aef94a593f6cb8a18207106154a853","isMergeCommit":false,"messageTitle":"Create initial setup of view command","messageBody":"","fileTypesAndContributionMap":{"functional-code":{"insertions":107,"deletions":6}}},{"hash":"2088f36d254d1cb0f0b8dbcebcc3ce15dbae0ae1","isMergeCommit":true,"messageTitle":"Merge branch \u0027master\u0027 into branch-view","messageBody":"","fileTypesAndContributionMap":{}},{"hash":"5fbc1e3368ca2d8621fb7961d3825cc49b333399","isMergeCommit":true,"messageTitle":"Merge pull request #41 from Darren159/branch-addappointment","messageBody":"Branch addappointment","fileTypesAndContributionMap":{}}]},{"date":"2023-10-21","commitResults":[{"hash":"276bbdfa1d67aeabf9f3148efd9280270f9cafc7","isMergeCommit":false,"messageTitle":"Adjust ui for the records","messageBody":"","fileTypesAndContributionMap":{"functional-code":{"insertions":138,"deletions":19}}},{"hash":"0e1451fb7a3fd5300f63a8d15437607255739496","isMergeCommit":true,"messageTitle":"Merge branch \u0027master\u0027 into branch-view","messageBody":"# Conflicts:\n#\tsrc/main/java/seedu/address/logic/parser/AddressBookParser.java\n","fileTypesAndContributionMap":{}},{"hash":"c427d4b6c485e3133572a5ca07ec8bbf9f6884da","isMergeCommit":false,"messageTitle":"Implement view command","messageBody":"","fileTypesAndContributionMap":{"functional-code":{"insertions":118,"deletions":27}}},{"hash":"953ee3cd56462c85ce6d347c94dfc80eb04b9e35","isMergeCommit":false,"messageTitle":"Add basic tests","messageBody":"","fileTypesAndContributionMap":{"test-code":{"insertions":59,"deletions":0}}},{"hash":"11567d9f48560dcdbc11b5d3eda8580a518fcd67","isMergeCommit":false,"messageTitle":"add tests and adjust variable naming","messageBody":"","fileTypesAndContributionMap":{"functional-code":{"insertions":5,"deletions":4},"test-code":{"insertions":50,"deletions":0}}}]},{"date":"2023-10-22","commitResults":[{"hash":"42f6f130bb7b4fa507ec1558564ceb2defb67aa0","isMergeCommit":false,"messageTitle":"Add parser tests","messageBody":"","fileTypesAndContributionMap":{"test-code":{"insertions":51,"deletions":1}}},{"hash":"fd75360356886d885d2860ef22ede24d58bbcc90","isMergeCommit":false,"messageTitle":"Add more tests","messageBody":"","fileTypesAndContributionMap":{"test-code":{"insertions":18,"deletions":0}}},{"hash":"e785ed7e3ed521f62d46ca03b192c6bb7e9e52c9","isMergeCommit":true,"messageTitle":"Merge pull request #54 from AY2324S1-CS2103T-T12-4/branch-modify-pin-ui","messageBody":"Branch modify pin UI","fileTypesAndContributionMap":{}}]},{"date":"2023-10-24","commitResults":[{"hash":"f621b034eb5f163caeac906a79ce8ff91497fa3f","isMergeCommit":true,"messageTitle":"Merge pull request #61 from hjoneweek/branch-update-ug","messageBody":"Update addpatient and addrecord command in the User Guide","fileTypesAndContributionMap":{}},{"hash":"7acff1d0ea0a1424eb2e6b848a2d41d4ce7ca6a5","isMergeCommit":false,"messageTitle":"Update UG","messageBody":"","fileTypesAndContributionMap":{"docs":{"insertions":18,"deletions":4}}},{"hash":"84282c3f1dffd32d97eed6f5eaee3ed2630b983a","isMergeCommit":false,"messageTitle":"Fix style","messageBody":"","fileTypesAndContributionMap":{"docs":{"insertions":1,"deletions":1}}},{"hash":"dbb520ef1974a3ef3b40aa89a1d02eb2c472369d","isMergeCommit":false,"messageTitle":"Update command summary","messageBody":"","fileTypesAndContributionMap":{"docs":{"insertions":11,"deletions":10}}},{"hash":"d7c0a5e32f83b6f851686fbcd43cdf7f5b67d2f7","isMergeCommit":false,"messageTitle":"Update UserGuide.md","messageBody":"","fileTypesAndContributionMap":{"docs":{"insertions":1,"deletions":1}}}]},{"date":"2023-10-25","commitResults":[{"hash":"a8bc0b588fe67c92a71af8b857e884be7e108b5a","isMergeCommit":true,"messageTitle":"Merge pull request #66 from AY2324S1-CS2103T-T12-4/branch-user-guide","messageBody":"Update UG","tags":["v1.2b"],"fileTypesAndContributionMap":{}}]},{"date":"2023-10-26","commitResults":[{"hash":"bc467589dee453ac9a0509860d224510d50f77a9","isMergeCommit":true,"messageTitle":"Merge pull request #70 from AY2324S1-CS2103T-T12-4/branch-developer-guide","messageBody":"Add appointment feature to DG","fileTypesAndContributionMap":{}},{"hash":"e61da9972364effce1f9c9f52584522c55b4e023","isMergeCommit":false,"messageTitle":"Add View feature in DG","messageBody":"","fileTypesAndContributionMap":{"docs":{"insertions":111,"deletions":0}}},{"hash":"f4da86fce996bd313765230ca3feb4f77714518b","isMergeCommit":true,"messageTitle":"Merge branch \u0027master\u0027 into branch-update_DG","messageBody":"","fileTypesAndContributionMap":{}}]},{"date":"2023-10-29","commitResults":[{"hash":"efb37bbbfe6294bc7ded36d31981f2609a844469","isMergeCommit":false,"messageTitle":"Update help page","messageBody":"","fileTypesAndContributionMap":{"functional-code":{"insertions":140,"deletions":26}}},{"hash":"c7ca8531a8ccc7a05765671a6567f9b31ce8e28e","isMergeCommit":false,"messageTitle":"Update helpWindow and make it resizable","messageBody":"","fileTypesAndContributionMap":{"functional-code":{"insertions":40,"deletions":34}}},{"hash":"95467b209451889fed631aa10ae4493bf302b31a","isMergeCommit":true,"messageTitle":"Merge branch \u0027master\u0027 into branch-help","messageBody":"","fileTypesAndContributionMap":{}},{"hash":"968af37a6d56b03bd890e1f658e28547e674ddec","isMergeCommit":false,"messageTitle":"Update fxml","messageBody":"","fileTypesAndContributionMap":{"functional-code":{"insertions":4,"deletions":1}}}]},{"date":"2023-10-31","commitResults":[{"hash":"a74bfe4b52cd8b1dca7d9d4a1a4f83b3575129f7","isMergeCommit":true,"messageTitle":"Merge pull request #82 from AY2324S1-CS2103T-T12-4/branch-refactor-appointments","messageBody":"Add Nric field","fileTypesAndContributionMap":{}}]},{"date":"2023-11-02","commitResults":[{"hash":"980eb5e38042ba96b2ceb09a94a015a26cb59d97","isMergeCommit":false,"messageTitle":"Update UG intro","messageBody":"","fileTypesAndContributionMap":{"docs":{"insertions":101,"deletions":21}}},{"hash":"bacb4c45998c59b0df47e0fa474b07d97ea4bddc","isMergeCommit":true,"messageTitle":"Merge branch \u0027master\u0027 into branch-ug","messageBody":"","fileTypesAndContributionMap":{}},{"hash":"f5334908f785e4b70d8c5cca401e75912185f55e","isMergeCommit":true,"messageTitle":"Merge pull request #91 from adammangzijun/Branch-UG","messageBody":"Branch UG improvements","fileTypesAndContributionMap":{}},{"hash":"46cb0be62733618ad2e852ecf7f405b2bffec63b","isMergeCommit":false,"messageTitle":"Create ViewAppointment Window","messageBody":"","fileTypesAndContributionMap":{"docs":{"insertions":8,"deletions":1}}},{"hash":"8850bc93c17716935f8a1d8d73aa5706623efa5c","isMergeCommit":true,"messageTitle":"Merge branch \u0027master\u0027 into branch-ug","messageBody":"# Conflicts:\n#\tdocs/UserGuide.md\n","fileTypesAndContributionMap":{}},{"hash":"6d0169ef6165532914abd94d5c0e6108f9c6819b","isMergeCommit":false,"messageTitle":"Update helpwindow","messageBody":"","fileTypesAndContributionMap":{"functional-code":{"insertions":141,"deletions":92},"docs":{"insertions":9,"deletions":9}}},{"hash":"a2b3e14c2f3a33fc2f438b53908b9ca5b81e3db3","isMergeCommit":true,"messageTitle":"Merge pull request #93 from adammangzijun/Branch-UG","messageBody":"Edit UG","fileTypesAndContributionMap":{}},{"hash":"d5de6dcd4253d9828525a7fe67c71f1c780491ab","isMergeCommit":false,"messageTitle":"Upload image","messageBody":"","fileTypesAndContributionMap":{"docs":{"insertions":2,"deletions":2}}},{"hash":"06d8cda5c33daf86bd6b980941fa9b97553cbbe0","isMergeCommit":true,"messageTitle":"Merge branch \u0027master\u0027 into branch-ug","messageBody":"# Conflicts:\n#\tdocs/UserGuide.md\n","fileTypesAndContributionMap":{}},{"hash":"59d82bf7c08710a7164674f2abd5d081b1c90253","isMergeCommit":false,"messageTitle":"Minor update","messageBody":"","fileTypesAndContributionMap":{"docs":{"insertions":8,"deletions":8}}},{"hash":"43b315ceb68851fe9a81778c67712c96ae42934e","isMergeCommit":true,"messageTitle":"Merge branch \u0027master\u0027 into branch-ug","messageBody":"","fileTypesAndContributionMap":{}},{"hash":"2b195baab1842d5b8cc9dbbe25a429d9de0d12a4","isMergeCommit":false,"messageTitle":"Remove table of content","messageBody":"","fileTypesAndContributionMap":{"docs":{"insertions":6,"deletions":9}}},{"hash":"f6a14148976942c56308b59d86f8affde8831da8","isMergeCommit":false,"messageTitle":"Fix indentation","messageBody":"","fileTypesAndContributionMap":{"docs":{"insertions":16,"deletions":16}}},{"hash":"5d96dc4c48cd2389c3b039a4936531ccec202a5b","isMergeCommit":true,"messageTitle":"Merge pull request #95 from ryanongwx/branch-reviseDg","messageBody":"Branch revise dg","fileTypesAndContributionMap":{}},{"hash":"79b740736372ec3f69e2c5393ac8cbec81618c44","isMergeCommit":true,"messageTitle":"Merge branch \u0027master\u0027 into branch-fix_indent","messageBody":"","fileTypesAndContributionMap":{}}]},{"date":"2023-11-07","commitResults":[{"hash":"e6f2f92cc7bf992efd720fbdefce10c8af14d567","isMergeCommit":false,"messageTitle":"Change index of the Patient Being Viewed","messageBody":"","fileTypesAndContributionMap":{"functional-code":{"insertions":92,"deletions":10}}}]},{"date":"2023-11-08","commitResults":[{"hash":"ac8a5dcf239e05a7c31b64fb82edcb6d21a49cce","isMergeCommit":true,"messageTitle":"Merge branch \u0027master\u0027 into branch-fix_view","messageBody":"# Conflicts:\n#\tsrc/main/java/seedu/address/ui/MainWindow.java\n","fileTypesAndContributionMap":{}},{"hash":"14cff91d17423549d665313a8ccb26c7c031b6c2","isMergeCommit":false,"messageTitle":"Update UG and Person Card","messageBody":"","fileTypesAndContributionMap":{"functional-code":{"insertions":1,"deletions":1},"docs":{"insertions":31,"deletions":21}}},{"hash":"6d02489b68f7e386df110298b6c4a24e75910290","isMergeCommit":false,"messageTitle":"Fix tests","messageBody":"","fileTypesAndContributionMap":{"test-code":{"insertions":16,"deletions":8}}},{"hash":"579061ecdfa5387fa851b847ad273a2be122efc7","isMergeCommit":false,"messageTitle":"Fix age constraint","messageBody":"","fileTypesAndContributionMap":{"functional-code":{"insertions":27,"deletions":15},"test-code":{"insertions":2,"deletions":2}}},{"hash":"b2829b41b999328f2fd27ca0d92e29dbb6468615","isMergeCommit":true,"messageTitle":"Merge pull request #149 from hjoneweek/fix-issues","messageBody":"Fix issues","fileTypesAndContributionMap":{}},{"hash":"ea6bd9d576fe57a0573a376ff488f44724e1615b","isMergeCommit":false,"messageTitle":"Update UG","messageBody":"","fileTypesAndContributionMap":{"functional-code":{"insertions":4,"deletions":4},"docs":{"insertions":1,"deletions":1}}},{"hash":"7ea236bfc3f176fcc00c8536382be1119d28e796","isMergeCommit":true,"messageTitle":"Merge branch \u0027master\u0027 into branch-fix_view","messageBody":"# Conflicts:\n#\tsrc/main/java/seedu/address/model/AddressBook.java\n","fileTypesAndContributionMap":{}},{"hash":"300f1c47c21f8578778935b3591c5329881ee5a2","isMergeCommit":false,"messageTitle":"update modelmanager","messageBody":"","fileTypesAndContributionMap":{"functional-code":{"insertions":1,"deletions":1}}},{"hash":"f4798641c385ff0db37bfa3cb9cd9412671a3ee6","isMergeCommit":false,"messageTitle":"Fix checkstyle","messageBody":"","fileTypesAndContributionMap":{"functional-code":{"insertions":11,"deletions":3}}},{"hash":"806b33a6f9d061516d92f8a907b408518245eff0","isMergeCommit":false,"messageTitle":"Fix UG and output message","messageBody":"","fileTypesAndContributionMap":{"functional-code":{"insertions":1,"deletions":1},"docs":{"insertions":17,"deletions":17}}},{"hash":"5379083145aea53bdfce36f72e639897174cdeac","isMergeCommit":false,"messageTitle":"Add tests","messageBody":"","fileTypesAndContributionMap":{"test-code":{"insertions":32,"deletions":0}}},{"hash":"5b8b797a2c65769af14904ace5a08262cd5d6831","isMergeCommit":false,"messageTitle":"fix test checkstyle","messageBody":"","fileTypesAndContributionMap":{"test-code":{"insertions":4,"deletions":7}}},{"hash":"c126bbdc08d187669434f8bc65d873c9ef37ec72","isMergeCommit":false,"messageTitle":"Update ug on consistency","messageBody":"","fileTypesAndContributionMap":{"docs":{"insertions":4,"deletions":4}}}]},{"date":"2023-11-09","commitResults":[{"hash":"392aa816335e656e12fa024a58fe618850b629d5","isMergeCommit":false,"messageTitle":"add view in PPP","messageBody":"","fileTypesAndContributionMap":{"docs":{"insertions":6,"deletions":6}}},{"hash":"4f07c50c8ea48a018396f71a985fa6a1a8556b81","isMergeCommit":true,"messageTitle":"Merge pull request #151 from ryanongwx/branch-revertFix","messageBody":"Branch revert fix","fileTypesAndContributionMap":{}},{"hash":"11a0f4211d34657d4107b8717a5759544644891c","isMergeCommit":false,"messageTitle":"Update person card","messageBody":"Also reverted the alignment changes made to fxml\n","fileTypesAndContributionMap":{"functional-code":{"insertions":17,"deletions":12}}},{"hash":"34ac934a4beb5382d959c82f4aa0c4640067574a","isMergeCommit":true,"messageTitle":"Merge branch \u0027master\u0027 into branch-fix_ui","messageBody":"","fileTypesAndContributionMap":{}},{"hash":"0d3e6e3d13e31023d11dcf5c22010b55f1cafc37","isMergeCommit":false,"messageTitle":"fix style","messageBody":"","fileTypesAndContributionMap":{"functional-code":{"insertions":0,"deletions":1}}}]},{"date":"2023-11-10","commitResults":[{"hash":"b6a2b9bc64c6ea88773b4f1b80fcf48a030b9f6e","isMergeCommit":false,"messageTitle":"update ppp","messageBody":"","fileTypesAndContributionMap":{"docs":{"insertions":1,"deletions":3}}},{"hash":"6b720a4671bc06dbe3cbec51976d82e9b7bb414e","isMergeCommit":false,"messageTitle":"revert comma in Person card","messageBody":"","fileTypesAndContributionMap":{"functional-code":{"insertions":1,"deletions":14}}},{"hash":"0dec849519948725a635adaa547b1ff9637c8877","isMergeCommit":false,"messageTitle":"Update ppp","messageBody":"","fileTypesAndContributionMap":{"docs":{"insertions":5,"deletions":6}}},{"hash":"5b5643efbc2e3fdcd21689657e47c23e0f8f63b0","isMergeCommit":true,"messageTitle":"Merge branch \u0027master\u0027 into branch-PPP","messageBody":"","fileTypesAndContributionMap":{}},{"hash":"c5acfaeae6f03d8875b30394893ad0518af88077","isMergeCommit":true,"messageTitle":"Merge pull request #157 from hjoneweek/revert-duplicate-issue","messageBody":"Revert resolved issues regarding duplicate conditions and medications","fileTypesAndContributionMap":{}},{"hash":"095f5213e8567a3384188f06f424013eca858552","isMergeCommit":false,"messageTitle":"Update PPP","messageBody":"","fileTypesAndContributionMap":{"docs":{"insertions":16,"deletions":19}}},{"hash":"a5aa6c960ea8beb68a4b31c51b21803037d1c3a8","isMergeCommit":true,"messageTitle":"Merge branch \u0027master\u0027 into branch-PPP","messageBody":"","fileTypesAndContributionMap":{}}]},{"date":"2023-11-12","commitResults":[{"hash":"cf4188aedb5cee73555b225a4955214e2a6f970f","isMergeCommit":false,"messageTitle":"Revert index display","messageBody":"","fileTypesAndContributionMap":{"functional-code":{"insertions":15,"deletions":91},"test-code":{"insertions":11,"deletions":46}}},{"hash":"44003393a5d8799cafa4d97050a574f1e3ef7d85","isMergeCommit":true,"messageTitle":"Merge pull request #160 from hjoneweek/update-classDiagrams","messageBody":"Update Model, Storage, UI class diagrams","fileTypesAndContributionMap":{}},{"hash":"79e31dfb4d03e8bed70113a8e36600639d78d907","isMergeCommit":true,"messageTitle":"Merge branch \u0027master\u0027 into branch-revert_index","messageBody":"","fileTypesAndContributionMap":{}},{"hash":"f842ad854f5043fe26152b2ceae36eae605f4b33","isMergeCommit":false,"messageTitle":"Update DG and UG","messageBody":"","fileTypesAndContributionMap":{"docs":{"insertions":20,"deletions":29}}},{"hash":"5ffc9762b8eb6b30d0b588dda69db43a77f1e972","isMergeCommit":true,"messageTitle":"Merge branch \u0027master\u0027 into branch-update_docs","messageBody":"","fileTypesAndContributionMap":{}},{"hash":"b27a5aaba372d1988fbc6ac7ca9d3c998a55070a","isMergeCommit":true,"messageTitle":"Merge pull request #162 from hjoneweek/update-dg","messageBody":"Update dg","fileTypesAndContributionMap":{}},{"hash":"fe658a48880669abb221b4a9cae61c269d45e707","isMergeCommit":false,"messageTitle":"Update DG","messageBody":"","fileTypesAndContributionMap":{"docs":{"insertions":36,"deletions":44}}},{"hash":"74f1b1fc36073435f50faadb6eb924c2588c4de8","isMergeCommit":true,"messageTitle":"Merge branch \u0027master\u0027 into branch-update_docs","messageBody":"# Conflicts:\n#\tdocs/DeveloperGuide.md\n#\tdocs/UserGuide.md\n","fileTypesAndContributionMap":{}},{"hash":"026541cd3e6b86a7b2d9be91de01f191820ab2c8","isMergeCommit":false,"messageTitle":"Update DG","messageBody":"","fileTypesAndContributionMap":{"docs":{"insertions":81,"deletions":51}}},{"hash":"97667679bcba06ff1a0f33112d9f8d674965940c","isMergeCommit":false,"messageTitle":"Update future enhancement and manual tests","messageBody":"","fileTypesAndContributionMap":{"docs":{"insertions":14,"deletions":1}}},{"hash":"c9e82ba93565fb140bb5a89875b3e59c62f5b9c4","isMergeCommit":false,"messageTitle":"Update enhancement","messageBody":"","fileTypesAndContributionMap":{"docs":{"insertions":1,"deletions":1}}}]},{"date":"2023-11-13","commitResults":[{"hash":"881d3b0c032834ad168706200ead4a30ab7e077d","isMergeCommit":false,"messageTitle":"update dg and pics","messageBody":"","fileTypesAndContributionMap":{"docs":{"insertions":37,"deletions":49}}},{"hash":"9a94ae2ddb670498b0610849fcf031b38d91872b","isMergeCommit":true,"messageTitle":"Merge branch \u0027master\u0027 into branch_docs","messageBody":"","fileTypesAndContributionMap":{}},{"hash":"b10ed9e2716a84bb00a8a39b71b3835609d9fd41","isMergeCommit":false,"messageTitle":"Fix caps","messageBody":"","fileTypesAndContributionMap":{"docs":{"insertions":3,"deletions":3}}}]}],"ryanongwx":[{"date":"2023-10-04","commitResults":[{"hash":"8afd2596d99fb5d816d002589e71673340d113c2","isMergeCommit":true,"messageTitle":"Merge pull request #19 from hjoneweek/master","messageBody":"Update About Us page and my PPP","fileTypesAndContributionMap":{}},{"hash":"b9a055f83c1fcba65c49412c9de1f2cdc47027ca","isMergeCommit":true,"messageTitle":"Merge pull request #22 from Clin-lyx/documentation","messageBody":"Documentation","fileTypesAndContributionMap":{}}]},{"date":"2023-10-05","commitResults":[{"hash":"5a384fc944d328291a9225bf85283166b32ce5ca","isMergeCommit":true,"messageTitle":"Merge pull request #1 from AY2324S1-CS2103T-T12-4/master","messageBody":"Pull Team Project","fileTypesAndContributionMap":{}},{"hash":"7eefdd7c0738d03c85269361ff24380516bcedab","isMergeCommit":false,"messageTitle":"update docs","messageBody":"","fileTypesAndContributionMap":{"other":{"insertions":580,"deletions":0},"docs":{"insertions":48,"deletions":60}}},{"hash":"bee13ba3572fca4d76f4bdc48af47c2cf768433f","isMergeCommit":false,"messageTitle":"update docs","messageBody":"","fileTypesAndContributionMap":{"other":{"insertions":0,"deletions":580}}},{"hash":"59df8435db9e4620e6a8c57226b3f83d94e3a49a","isMergeCommit":false,"messageTitle":"update docs","messageBody":"","fileTypesAndContributionMap":{"other":{"insertions":580,"deletions":0}}},{"hash":"1c891890e92f79f330c88743bc9ff3fc38ce1e92","isMergeCommit":false,"messageTitle":"update docs","messageBody":"","fileTypesAndContributionMap":{"other":{"insertions":0,"deletions":580}}},{"hash":"73b2191b6ec284f897df158c864d4f879bbf9a43","isMergeCommit":false,"messageTitle":"Update NFR","messageBody":"","fileTypesAndContributionMap":{"docs":{"insertions":3,"deletions":1}}}]},{"date":"2023-10-13","commitResults":[{"hash":"6a7f3e4261ff667fe9f287d01cb953e519dc4cf6","isMergeCommit":true,"messageTitle":"Merge pull request #27 from hjoneweek/branch-addpatient","messageBody":"Add addpatient command","fileTypesAndContributionMap":{}}]},{"date":"2023-10-15","commitResults":[{"hash":"8f1114587e93a2b42f5fa7a9adc8b71fd7b51371","isMergeCommit":true,"messageTitle":"Merge pull request #2 from AY2324S1-CS2103T-T12-4/master","messageBody":"Pull from team repo","fileTypesAndContributionMap":{}}]},{"date":"2023-10-16","commitResults":[{"hash":"b7d0a5da8de3755fac152abf152e9eaa598cc1c1","isMergeCommit":true,"messageTitle":"Merge pull request #28 from Darren159/branch-pin","messageBody":"Add pin and unpin commands","fileTypesAndContributionMap":{}},{"hash":"00025b42c055b8925c1d64e995c7c933b4ac2bd8","isMergeCommit":false,"messageTitle":"Add search all fields functionality","messageBody":"","fileTypesAndContributionMap":{"functional-code":{"insertions":12,"deletions":3},"docs":{"insertions":1,"deletions":1}}},{"hash":"4c01d1aea04ff27ac2fb6bb04f3813a8cc120103","isMergeCommit":true,"messageTitle":"Merge pull request #3 from AY2324S1-CS2103T-T12-4/master","messageBody":"Merge main","fileTypesAndContributionMap":{}},{"hash":"ce734c211929e487547e19e58016fe30c4f6a568","isMergeCommit":true,"messageTitle":"Merge branch \u0027master\u0027 into branch-Search","messageBody":"","fileTypesAndContributionMap":{}},{"hash":"71833443d75b15548b537389ed02087442e236a5","isMergeCommit":true,"messageTitle":"Merge pull request #4 from AY2324S1-CS2103T-T12-4/master","messageBody":"Pull from team repo","fileTypesAndContributionMap":{}},{"hash":"0e35e34217d8def2ad7ceb4024be8e0b9b9bbccb","isMergeCommit":false,"messageTitle":"fix checks","messageBody":"","fileTypesAndContributionMap":{"functional-code":{"insertions":10,"deletions":5}}}]},{"date":"2023-10-17","commitResults":[{"hash":"a3f76a63d54d9c1866b7c853382354512c4668e9","isMergeCommit":false,"messageTitle":"Fix everything","messageBody":"","fileTypesAndContributionMap":{"functional-code":{"insertions":46,"deletions":123},"other":{"insertions":5,"deletions":5},"test-code":{"insertions":57,"deletions":50}}},{"hash":"6223b34e6f54ce5d1c56ef7f25b51034dcc842ce","isMergeCommit":false,"messageTitle":"Remove unecessary lines","messageBody":"","fileTypesAndContributionMap":{"test-code":{"insertions":11,"deletions":12}}}]},{"date":"2023-10-18","commitResults":[{"hash":"e1d020e8048e19a03890c75f190737837c04b353","isMergeCommit":true,"messageTitle":"Merge pull request #5 from AY2324S1-CS2103T-T12-4/master","messageBody":"Pull from team repo","fileTypesAndContributionMap":{}}]},{"date":"2023-10-21","commitResults":[{"hash":"58cbf44a738c6846b6e111a77d9362e45f770535","isMergeCommit":true,"messageTitle":"Merge pull request #6 from AY2324S1-CS2103T-T12-4/master","messageBody":"Pull from team repo","fileTypesAndContributionMap":{}}]},{"date":"2023-10-23","commitResults":[{"hash":"dcd53efb94f7bd61ab89e04b3de888ccdefc7db7","isMergeCommit":true,"messageTitle":"Merge pull request #55 from AY2324S1-CS2103T-T12-4/branch-enable-assertions","messageBody":"Enable assertions","fileTypesAndContributionMap":{}},{"hash":"27893a247d0c9962b1b7d55e60808dbf6b00f9d3","isMergeCommit":true,"messageTitle":"Merge pull request #7 from AY2324S1-CS2103T-T12-4/master","messageBody":"Pull from team repo","fileTypesAndContributionMap":{}},{"hash":"1eb9fc53bc50faa9b4d489f8d89f55a26da55c2b","isMergeCommit":true,"messageTitle":"Merge pull request #56 from AY2324S1-CS2103T-T12-4/branch-user-guide","messageBody":"Add pin, unpin and addappointment to UG","fileTypesAndContributionMap":{}}]},{"date":"2023-10-24","commitResults":[{"hash":"6a23fff8d912373e78a234d294b3a4bcc4461b15","isMergeCommit":true,"messageTitle":"Merge pull request #8 from AY2324S1-CS2103T-T12-4/master","messageBody":"Pull from team repo","fileTypesAndContributionMap":{}},{"hash":"0388711e6fe7dca67603107f7233b37972bb2ac5","isMergeCommit":false,"messageTitle":"Add Data Encryption/Decryption feature","messageBody":"","fileTypesAndContributionMap":{"functional-code":{"insertions":106,"deletions":10},"test-code":{"insertions":37,"deletions":0}}},{"hash":"45e4fa0052ccfd67c1ea7eb54dfc1e29e0cda31f","isMergeCommit":false,"messageTitle":"Add tests for encryption/decryption","messageBody":"","fileTypesAndContributionMap":{"functional-code":{"insertions":1,"deletions":1},"test-code":{"insertions":32,"deletions":0}}},{"hash":"59ef463fb9af08ccffbb9fb9b835f785e60d2617","isMergeCommit":false,"messageTitle":"Edit tests","messageBody":"","fileTypesAndContributionMap":{"functional-code":{"insertions":1,"deletions":1},"test-code":{"insertions":67,"deletions":18}}},{"hash":"abef7cc86c9dcf9506007d995a4f9572ad74ded3","isMergeCommit":false,"messageTitle":"Attach file functionality","messageBody":"","fileTypesAndContributionMap":{"functional-code":{"insertions":122,"deletions":43},"test-code":{"insertions":8,"deletions":8}}},{"hash":"2fed47686b88202da2c81f15c39ea93e8b33a7e5","isMergeCommit":false,"messageTitle":"Revert \"Attach file functionality\"","messageBody":"This reverts commit abef7cc86c9dcf9506007d995a4f9572ad74ded3.\n","fileTypesAndContributionMap":{"functional-code":{"insertions":43,"deletions":122},"test-code":{"insertions":8,"deletions":8}}},{"hash":"8b9a926bc870ae21ffebabc245004ca6d0e5d272","isMergeCommit":false,"messageTitle":"Add more tests","messageBody":"","fileTypesAndContributionMap":{"functional-code":{"insertions":19,"deletions":14},"test-code":{"insertions":79,"deletions":28}}},{"hash":"36032524dfd01d890d76ea0ce29c094123121723","isMergeCommit":false,"messageTitle":"Add more tests","messageBody":"","fileTypesAndContributionMap":{"functional-code":{"insertions":2,"deletions":3},"test-code":{"insertions":20,"deletions":6}}},{"hash":"d105f2ec6673d7a9c89ef5336d346ca41f22ae60","isMergeCommit":true,"messageTitle":"Merge pull request #62 from adammangzijun/Branch-EditRecord","messageBody":"Branch editRecordCommand","fileTypesAndContributionMap":{}},{"hash":"cd51020ae948c0974a8169b5ff1ce39e73f97b5e","isMergeCommit":true,"messageTitle":"Merge pull request #11 from AY2324S1-CS2103T-T12-4/master","messageBody":"Pull from team repo","fileTypesAndContributionMap":{}},{"hash":"765671dd1cba0b1a55e92e77eb1c959b6e1511b7","isMergeCommit":true,"messageTitle":"Merge branch \u0027master\u0027 into branch-DataEncryption","messageBody":"","fileTypesAndContributionMap":{}},{"hash":"379bc809469631fcd3d10b56bbce564fdee55c09","isMergeCommit":true,"messageTitle":"Merge pull request #12 from AY2324S1-CS2103T-T12-4/master","messageBody":"Pull from team repo","fileTypesAndContributionMap":{}},{"hash":"fe58093d45620e943c5109e33d9366bb9f4fc535","isMergeCommit":false,"messageTitle":"Attach Files Functionality","messageBody":"","fileTypesAndContributionMap":{"functional-code":{"insertions":236,"deletions":63},"test-code":{"insertions":172,"deletions":178}}},{"hash":"b9df45906d30f85453f60d1cbf060ffd571b3279","isMergeCommit":true,"messageTitle":"Merge pull request #63 from Clin-lyx/branch-update_docs","messageBody":"Branch update docs","fileTypesAndContributionMap":{}},{"hash":"74fdc28aa7ffc0988c7eb780413eb888f79991ad","isMergeCommit":true,"messageTitle":"Merge pull request #13 from AY2324S1-CS2103T-T12-4/master","messageBody":"Pull from Team Repo","fileTypesAndContributionMap":{}},{"hash":"7eb9ac4b32fb62af33ac3a9d5a4eb3b2c8f4ef94","isMergeCommit":true,"messageTitle":"Merge branch \u0027master\u0027 into branch-AttachFiles","messageBody":"","fileTypesAndContributionMap":{}},{"hash":"6106e95c1380af82d42aa8ec3640c5346a82f175","isMergeCommit":false,"messageTitle":"Merge conflicts","messageBody":"","fileTypesAndContributionMap":{"functional-code":{"insertions":1,"deletions":1}}}]},{"date":"2023-10-25","commitResults":[{"hash":"385e2b74188736513fddf8bdd08cc3e044e6ec6b","isMergeCommit":true,"messageTitle":"Merge branch \u0027master\u0027 into Branch-editUG","messageBody":"","fileTypesAndContributionMap":{}},{"hash":"c0f2e92d800cea677664cba31f0e0753005ed71a","isMergeCommit":true,"messageTitle":"Merge pull request #67 from adammangzijun/Branch-editUG","messageBody":"Branch edit ug","fileTypesAndContributionMap":{}}]},{"date":"2023-10-26","commitResults":[{"hash":"a5e854f3ed6836c470e414e7f0814342becb5605","isMergeCommit":true,"messageTitle":"Merge pull request #14 from AY2324S1-CS2103T-T12-4/master","messageBody":"Pull team repo","fileTypesAndContributionMap":{}},{"hash":"5be9ad5e8efab91106a07b8a3b458ca8f9647d3e","isMergeCommit":true,"messageTitle":"merge conflicts","messageBody":"","fileTypesAndContributionMap":{}},{"hash":"6542e3b3c9c03665541a7b1b90a214671f415807","isMergeCommit":false,"messageTitle":"merge conflicts","messageBody":"","fileTypesAndContributionMap":{"functional-code":{"insertions":10,"deletions":53}}}]},{"date":"2023-10-27","commitResults":[{"hash":"ebf288b4ca1471b03c07fc277cff3f87dd2ac4fc","isMergeCommit":false,"messageTitle":"fix tests","messageBody":"","fileTypesAndContributionMap":{"functional-code":{"insertions":25,"deletions":31},"test-code":{"insertions":50,"deletions":57}}},{"hash":"a371aad2c450398ee402b1316c25463e8e66ad23","isMergeCommit":false,"messageTitle":"Fix tests","messageBody":"","fileTypesAndContributionMap":{"functional-code":{"insertions":2,"deletions":2},"test-code":{"insertions":4,"deletions":3}}},{"hash":"7ed8b3acf6766841171f991728627fef780c82f0","isMergeCommit":false,"messageTitle":"fix style","messageBody":"","fileTypesAndContributionMap":{"docs":{"insertions":16,"deletions":6}}},{"hash":"23f989c9d91054773bc97e1f1ec0fad0c19fb32c","isMergeCommit":true,"messageTitle":"Merge branch \u0027master\u0027 into branch-AttachFile","messageBody":"","fileTypesAndContributionMap":{}},{"hash":"568c55f153a85a3fdd33f405eb09d0d56b3fe83b","isMergeCommit":true,"messageTitle":"Merge pull request #75 from adammangzijun/Branch-editUG","messageBody":"Add DG for editpatient","fileTypesAndContributionMap":{}},{"hash":"1afca28738aabaaa784532d1b2f245929e43993c","isMergeCommit":true,"messageTitle":"Merge pull request #15 from AY2324S1-CS2103T-T12-4/master","messageBody":"Pull from team repo","fileTypesAndContributionMap":{}},{"hash":"0877db360f8309f3a9965ad0f93a53beb9dc384c","isMergeCommit":false,"messageTitle":"Edit DG","messageBody":"","fileTypesAndContributionMap":{"docs":{"insertions":94,"deletions":3},"test-code":{"insertions":155,"deletions":0}}},{"hash":"9c04401f586b060fcc488d48edd19cefa4eeaf42","isMergeCommit":false,"messageTitle":"Revert \"Edit DG\"","messageBody":"This reverts commit 0877db360f8309f3a9965ad0f93a53beb9dc384c.\n","fileTypesAndContributionMap":{"docs":{"insertions":3,"deletions":94},"test-code":{"insertions":0,"deletions":155}}},{"hash":"83ae4879c229f43f128b41bad8a1a22daae9b6db","isMergeCommit":true,"messageTitle":"Merge pull request #74 from hjoneweek/branch-update-DG","messageBody":"Update DG","fileTypesAndContributionMap":{}},{"hash":"04f0c672d6a3a213e48b87e4a24683903083b90b","isMergeCommit":false,"messageTitle":"Edit DG","messageBody":"","fileTypesAndContributionMap":{"docs":{"insertions":94,"deletions":3}}},{"hash":"64128d5802c61fab504f4ff90672977795e91101","isMergeCommit":true,"messageTitle":"Merge branch \u0027master\u0027 into branch-editDg","messageBody":"","fileTypesAndContributionMap":{}}]},{"date":"2023-11-02","commitResults":[{"hash":"306f117c826c137d25ab401cf5e97406769bdf80","isMergeCommit":true,"messageTitle":"Merge pull request #16 from AY2324S1-CS2103T-T12-4/master","messageBody":"Pull from team repo","fileTypesAndContributionMap":{}},{"hash":"4f80339eb23ded0bc49759bbedf7b713160b5816","isMergeCommit":false,"messageTitle":"Update DG","messageBody":"","fileTypesAndContributionMap":{"docs":{"insertions":440,"deletions":526}}}]},{"date":"2023-11-08","commitResults":[{"hash":"de161d07fc847e8d01ca97389599b8ac80005300","isMergeCommit":true,"messageTitle":"Merge pull request #17 from AY2324S1-CS2103T-T12-4/master","messageBody":"Pull from team repo","fileTypesAndContributionMap":{}},{"hash":"685a5012b1adf39946afc1e8e81ee9c6070d175e","isMergeCommit":false,"messageTitle":"Fix PE-D Bugs","messageBody":"","fileTypesAndContributionMap":{"functional-code":{"insertions":56,"deletions":76},"docs":{"insertions":15,"deletions":56},"test-code":{"insertions":39,"deletions":94}}}]},{"date":"2023-11-09","commitResults":[{"hash":"b5b8f5552a954239a75c3c35b6b00e149ff42241","isMergeCommit":true,"messageTitle":"Merge pull request #18 from AY2324S1-CS2103T-T12-4/master","messageBody":"Pull from team repo","fileTypesAndContributionMap":{}},{"hash":"987ba5b704e4c65ae41b3ea1191ff52cd9599427","isMergeCommit":false,"messageTitle":"Revert output message fix for innvalid input index","messageBody":"","fileTypesAndContributionMap":{"functional-code":{"insertions":9,"deletions":19},"docs":{"insertions":1,"deletions":1},"test-code":{"insertions":16,"deletions":30}}}]},{"date":"2023-11-10","commitResults":[{"hash":"c6ae3446d87bf9513db76359d43f1aff06e52d71","isMergeCommit":true,"messageTitle":"Merge pull request #153 from AY2324S1-CS2103T-T12-4/branch-fix-bugs","messageBody":"Branch fix bugs","fileTypesAndContributionMap":{}},{"hash":"93508f5f87285cfc77ccd4172436a3a77f66bdf7","isMergeCommit":true,"messageTitle":"Merge pull request #154 from hjoneweek/draft-ppp","messageBody":"Update PPP","fileTypesAndContributionMap":{}},{"hash":"4291085243838f0dbad98f74daf110b1a912894b","isMergeCommit":true,"messageTitle":"Merge pull request #19 from AY2324S1-CS2103T-T12-4/master","messageBody":"Pull from team repo","fileTypesAndContributionMap":{}},{"hash":"eafe6fd3a3306547bf4fb0b9db2a5e6f2a290148","isMergeCommit":false,"messageTitle":"Update PPP","messageBody":"","fileTypesAndContributionMap":{"docs":{"insertions":34,"deletions":8}}}]},{"date":"2023-11-12","commitResults":[{"hash":"401b77293800b18cf7a1aeca4b023a616205ca49","isMergeCommit":true,"messageTitle":"Merge pull request #161 from Clin-lyx/branch-revert_index","messageBody":"Branch revert index","fileTypesAndContributionMap":{}},{"hash":"4bdf84cbb1850e7bbf14d297f4747c6cb6778e44","isMergeCommit":true,"messageTitle":"Merge pull request #159 from adammangzijun/Branch-v1.4-fix-issue","messageBody":"Branch v1.4 fix issue","fileTypesAndContributionMap":{}},{"hash":"518d909d579b508824a8d6a5a3d16d706f29f85a","isMergeCommit":false,"messageTitle":"Documentation changes","messageBody":"","fileTypesAndContributionMap":{"docs":{"insertions":291,"deletions":77}}},{"hash":"bad9283a749be5cce84cd344352bad798f3053c6","isMergeCommit":true,"messageTitle":"Merge branch \u0027master\u0027 into branch-updateDg","messageBody":"","fileTypesAndContributionMap":{}},{"hash":"bdf9088b63b38f00d6ae1cdeee9a9aed138f461f","isMergeCommit":false,"messageTitle":"Update UserGuide.md","messageBody":"","fileTypesAndContributionMap":{"docs":{"insertions":6,"deletions":5}}},{"hash":"ab12bb65e7585dcb5f6f1ca598db0a9f9eb709cf","isMergeCommit":false,"messageTitle":"fix style","messageBody":"","fileTypesAndContributionMap":{"docs":{"insertions":10,"deletions":9}}},{"hash":"1578b7dd37d1725c095a9f044164e28f0878ba5b","isMergeCommit":false,"messageTitle":"Add screenshots to UG","messageBody":"","fileTypesAndContributionMap":{"docs":{"insertions":43,"deletions":0}}},{"hash":"04d8192f4f2e618b6eb968a6507dfa8c01de037a","isMergeCommit":true,"messageTitle":"Merge branch \u0027master\u0027 into branch-ugScreenshots","messageBody":"","fileTypesAndContributionMap":{}}]},{"date":"2023-11-13","commitResults":[{"hash":"75e7cd02991d516b4332bf33720a8aa36f22307d","isMergeCommit":true,"messageTitle":"Merge pull request #168 from adammangzijun/Branch-v1.4-fix-issue","messageBody":"Branch v1.4 fix issue","fileTypesAndContributionMap":{}},{"hash":"4cf8ee832ce933f21db73da60bed40122353430f","isMergeCommit":true,"messageTitle":"Merge pull request #170 from Clin-lyx/branch_docs","messageBody":"Update UI pics","fileTypesAndContributionMap":{}}]}],"adammangzijun":[{"date":"2023-10-04","commitResults":[{"hash":"eb03e8029083d28dfba3db9edfd2784607c755ad","isMergeCommit":true,"messageTitle":"Merge pull request #17 from Darren159/branch-documentation","messageBody":"Branch documentation","fileTypesAndContributionMap":{}},{"hash":"20087e395d9b0ffb367d8fe73db3d88e2b95b44c","isMergeCommit":false,"messageTitle":"Update AboutUs, PPP, DG and UG","messageBody":"","fileTypesAndContributionMap":{"docs":{"insertions":0,"deletions":0}}},{"hash":"136fe785f09efafe73fdb1d686f563ae00cc0612","isMergeCommit":false,"messageTitle":"Update AboutUs, DG, UG. Add PPP.","messageBody":"","fileTypesAndContributionMap":{"docs":{"insertions":103,"deletions":40}}},{"hash":"fa48f8854c3eec2390e55ceecfad650dbe9ed721","isMergeCommit":true,"messageTitle":"Pull from team tp","messageBody":"","fileTypesAndContributionMap":{}},{"hash":"3da97dc2dcd176dfbc3cea278b01802eee963735","isMergeCommit":false,"messageTitle":"Change Styling","messageBody":"","fileTypesAndContributionMap":{"docs":{"insertions":4,"deletions":5}}}]},{"date":"2023-10-14","commitResults":[{"hash":"342dbf5803c39bbd9813eba7e1bd30f476e420d6","isMergeCommit":false,"messageTitle":"Update edit command, tests not updated except for CommandTestUtil","messageBody":"","fileTypesAndContributionMap":{"functional-code":{"insertions":88,"deletions":64},"test-code":{"insertions":64,"deletions":42}}},{"hash":"08248402a21718867e1b7fe14b81761ceb8d7753","isMergeCommit":false,"messageTitle":"Change edit command word to editPatient","messageBody":"","fileTypesAndContributionMap":{"functional-code":{"insertions":1,"deletions":1}}},{"hash":"7352e7063803c9041aef46ed38e3a8d5aa22c35e","isMergeCommit":false,"messageTitle":"Attempt to debug to make app work","messageBody":"","fileTypesAndContributionMap":{"functional-code":{"insertions":29,"deletions":33}}},{"hash":"1f0aa4a98ba52692eb31ca1a2818b5d3ea155983","isMergeCommit":false,"messageTitle":"Edit checkstyle","messageBody":"","fileTypesAndContributionMap":{"functional-code":{"insertions":41,"deletions":8}}},{"hash":"ff7b69bdf74ce30ce958481a7059842e89626e51","isMergeCommit":false,"messageTitle":"Update styling","messageBody":"","fileTypesAndContributionMap":{"functional-code":{"insertions":37,"deletions":18}}},{"hash":"80266ec32e9fbc65d716291f255c8053bdda9237","isMergeCommit":false,"messageTitle":"Update tests","messageBody":"","fileTypesAndContributionMap":{"functional-code":{"insertions":5,"deletions":5},"test-code":{"insertions":571,"deletions":323}}}]},{"date":"2023-10-15","commitResults":[{"hash":"839ff56733c88045569e02cf86182b62f18a9ce8","isMergeCommit":false,"messageTitle":"Debug EditCommandParser","messageBody":"","fileTypesAndContributionMap":{"functional-code":{"insertions":3,"deletions":3}}}]},{"date":"2023-10-20","commitResults":[{"hash":"66260567e4d17f7d75c657560723da0733f9b707","isMergeCommit":true,"messageTitle":"Merge branch \u0027latest-updated-TP\u0027","messageBody":"","fileTypesAndContributionMap":{}},{"hash":"329507802266d2090f054405a396f142f432170f","isMergeCommit":true,"messageTitle":"Merge https://github.com/AY2324S1-CS2103T-T12-4/tp into Branch-EditRecord","messageBody":"","fileTypesAndContributionMap":{}}]},{"date":"2023-10-21","commitResults":[{"hash":"5189e901d166deba09a1a6b9d06575be938eff9e","isMergeCommit":false,"messageTitle":"Add EditRecordCommand","messageBody":"","fileTypesAndContributionMap":{"functional-code":{"insertions":201,"deletions":1}}},{"hash":"48d6d118681c74fbd48435b81316802b77040e86","isMergeCommit":true,"messageTitle":"Merge https://github.com/AY2324S1-CS2103T-T12-4/tp into Branch-EditRecord","messageBody":"# Conflicts:\n#\tsrc/main/java/seedu/address/logic/commands/EditCommand.java\n","fileTypesAndContributionMap":{}},{"hash":"d3fcdc195a4e74778001a96dddc2f7715604c279","isMergeCommit":false,"messageTitle":"Add EditRecordCommandParser","messageBody":"","fileTypesAndContributionMap":{"functional-code":{"insertions":2,"deletions":0}}},{"hash":"2634f5e86ba1d2483c17c92834d078a7ecef7ba2","isMergeCommit":true,"messageTitle":"Merge pull request #1 from AY2324S1-CS2103T-T12-4/master","messageBody":"Pull from team repo to own repo","fileTypesAndContributionMap":{}},{"hash":"70faa10e1acbd57ff368e0049ddbdac45ea135a6","isMergeCommit":false,"messageTitle":"Update editrecord command","messageBody":"","fileTypesAndContributionMap":{"functional-code":{"insertions":119,"deletions":9}}}]},{"date":"2023-10-22","commitResults":[{"hash":"1ca9f8aa5045c666639663d2c56e216dbb659188","isMergeCommit":false,"messageTitle":"Change edit record command to make it work","messageBody":"","fileTypesAndContributionMap":{"functional-code":{"insertions":71,"deletions":24}}}]},{"date":"2023-10-24","commitResults":[{"hash":"1d6d4dcc970ca006ab3ff680e7b574b3d8fde441","isMergeCommit":false,"messageTitle":"Add tests for EditRecordCommand","messageBody":"","fileTypesAndContributionMap":{"functional-code":{"insertions":3,"deletions":4},"test-code":{"insertions":232,"deletions":0}}},{"hash":"d374ef322b6cb465cb933641010872102567f1ad","isMergeCommit":true,"messageTitle":"Merge branch \u0027branch-editTests\u0027 into Branch-EditRecord","messageBody":"","fileTypesAndContributionMap":{}},{"hash":"ac1e9fc459a09ea96d2452819ba98b8b85c3a0c7","isMergeCommit":false,"messageTitle":"Add EditRecordCommandParserTest","messageBody":"","fileTypesAndContributionMap":{"test-code":{"insertions":185,"deletions":0}}},{"hash":"c9030f01f21869186494170df9f93780519434aa","isMergeCommit":true,"messageTitle":"Merge branch \u0027Branch-EditRecord\u0027 of https://github.com/adammangzijun/tp into Branch-EditRecord","messageBody":"","fileTypesAndContributionMap":{}},{"hash":"02c14c90f6a5228959123b07e04b26f5b668e9b3","isMergeCommit":false,"messageTitle":"Fix test for EditRecordCommand","messageBody":"","fileTypesAndContributionMap":{"functional-code":{"insertions":2,"deletions":1},"test-code":{"insertions":229,"deletions":7}}},{"hash":"0691cb7e0cb854ab88394cc3e3b62c5994395299","isMergeCommit":true,"messageTitle":"Merge pull request #59 from ryanongwx/branch-DataEncryption","messageBody":"Branch data encryption","fileTypesAndContributionMap":{}}]},{"date":"2023-10-25","commitResults":[{"hash":"4dcdfa0632119fbf960806f41916df9035c8f685","isMergeCommit":true,"messageTitle":"Merge pull request #2 from AY2324S1-CS2103T-T12-4/master","messageBody":"pull to local device","fileTypesAndContributionMap":{}},{"hash":"1510d59c85c61f45c295ec7772f1b70aa5f04f39","isMergeCommit":false,"messageTitle":"Edit UG for editpatient command and editrecord command","messageBody":"","fileTypesAndContributionMap":{"docs":{"insertions":44,"deletions":30}}}]},{"date":"2023-10-27","commitResults":[{"hash":"3e2ce61fdb9f0a8a216f1c524436d026d44e7db4","isMergeCommit":true,"messageTitle":"Merge pull request #73 from ryanongwx/branch-AttachFile","messageBody":"Branch attach file","fileTypesAndContributionMap":{}},{"hash":"13e989c10059ef4202007dc494d08ef2537912ca","isMergeCommit":true,"messageTitle":"Merge pull request #3 from AY2324S1-CS2103T-T12-4/master","messageBody":"Merge new attach file to local master","fileTypesAndContributionMap":{}},{"hash":"0d2071793b1e37d441ed8184b969e1f5f8998795","isMergeCommit":false,"messageTitle":"update DG for editpatient","messageBody":"","fileTypesAndContributionMap":{"docs":{"insertions":58,"deletions":0}}},{"hash":"b74806314675e44e53e073b12e156a468e4bcc98","isMergeCommit":true,"messageTitle":"Merge branch \u0027Branch-editUG\u0027","messageBody":"","fileTypesAndContributionMap":{}},{"hash":"c50d284f57c24b355024a7ef67c31e0979a6cde7","isMergeCommit":true,"messageTitle":"Merge branch \u0027Branch-editUG\u0027 of https://github.com/adammangzijun/tp into Branch-editUG","messageBody":"","fileTypesAndContributionMap":{}},{"hash":"1154a6286bf2a4f973047c7e29c2b8432f101c76","isMergeCommit":true,"messageTitle":"Merge branch \u0027master\u0027 of https://github.com/adammangzijun/tp","messageBody":"# Conflicts:\n#\tdocs/DeveloperGuide.md\n","fileTypesAndContributionMap":{}},{"hash":"0f72489a87cddd984042768dcffb078264cb5d7e","isMergeCommit":true,"messageTitle":"Merge branch \u0027Branch-editUG\u0027","messageBody":"","fileTypesAndContributionMap":{}},{"hash":"345b3aba4d4f18c46a06613e29ed31550f34ad7e","isMergeCommit":true,"messageTitle":"Merge branch \u0027master\u0027 into Branch-editUG","messageBody":"","fileTypesAndContributionMap":{}},{"hash":"6d6eccb7e10cbb70daa66c8374169acb259b6534","isMergeCommit":true,"messageTitle":"Merge pull request #76 from ryanongwx/branch-editDg","messageBody":"Branch edit dg","fileTypesAndContributionMap":{}}]},{"date":"2023-10-31","commitResults":[{"hash":"7cb7f826ecaeb56983d3cab8f5882b7fcf6b9e82","isMergeCommit":true,"messageTitle":"Merge pull request #4 from AY2324S1-CS2103T-T12-4/master","messageBody":"Pulling new changes from team repo master","fileTypesAndContributionMap":{}}]},{"date":"2023-11-01","commitResults":[{"hash":"aa0ec232651307c91bdf4cb26dcc777daba2ca6f","isMergeCommit":true,"messageTitle":"Merge pull request #87 from AY2324S1-CS2103T-T12-4/branch-view-appointments","messageBody":"Branch view appointments","fileTypesAndContributionMap":{}},{"hash":"5164c568e4eb2359354931707bf678554ba31b94","isMergeCommit":true,"messageTitle":"Merge pull request #5 from AY2324S1-CS2103T-T12-4/master","messageBody":"Pulling view appointment extension","fileTypesAndContributionMap":{}},{"hash":"442da783bfe866be6aa0ea9fbf4cad73eaa6bca0","isMergeCommit":false,"messageTitle":"Update UG","messageBody":"","fileTypesAndContributionMap":{"docs":{"insertions":146,"deletions":58}}},{"hash":"31dfca016c31a4ece4a6125520664b5140449154","isMergeCommit":true,"messageTitle":"Merge branch \u0027master\u0027 into Branch-UG","messageBody":"","fileTypesAndContributionMap":{}}]},{"date":"2023-11-02","commitResults":[{"hash":"a8cbf89cbe122b948918b3dd3c0b568d67fc2493","isMergeCommit":false,"messageTitle":"Update UG latest","messageBody":"","fileTypesAndContributionMap":{"docs":{"insertions":52,"deletions":30}}},{"hash":"7e060c84ffd9432ac8bfe4cffa8c387ba8aa4171","isMergeCommit":true,"messageTitle":"Merge pull request #89 from AY2324S1-CS2103T-T12-4/branch-delete-appointments","messageBody":"Branch delete appointments","fileTypesAndContributionMap":{}},{"hash":"786cf015c3ed881fb543d247f8a95f05821a25cc","isMergeCommit":true,"messageTitle":"Merge pull request #6 from AY2324S1-CS2103T-T12-4/master","messageBody":"Pulling delete appointment command from team repo","fileTypesAndContributionMap":{}},{"hash":"0a90bc4caad13114845f3227a985002ac07628ad","isMergeCommit":false,"messageTitle":"Improve UG","messageBody":"","fileTypesAndContributionMap":{"docs":{"insertions":80,"deletions":100}}},{"hash":"7a4fb74b6415d21ba1c166f229946a0017173351","isMergeCommit":false,"messageTitle":"Improve UG","messageBody":"","fileTypesAndContributionMap":{"docs":{"insertions":5,"deletions":4}}},{"hash":"bd1016c99142f11fc6bee4f6e1be6b677682881e","isMergeCommit":false,"messageTitle":"Edit UG","messageBody":"","fileTypesAndContributionMap":{"docs":{"insertions":19,"deletions":19}}},{"hash":"fc2e77c371eebd46f513c388538b5cbfd990d759","isMergeCommit":true,"messageTitle":"Merge pull request #94 from AY2324S1-CS2103T-T12-4/branch-clean-code","messageBody":"Adjust index.md","fileTypesAndContributionMap":{}},{"hash":"ddc5b248d6fad7bce231b1129f480831f22804dd","isMergeCommit":true,"messageTitle":"Merge pull request #7 from AY2324S1-CS2103T-T12-4/master","messageBody":"Pull updated index.md","fileTypesAndContributionMap":{}}]},{"date":"2023-11-03","commitResults":[{"hash":"a759754ef1ba6e4db6a85aad326ad747d24993fe","isMergeCommit":true,"messageTitle":"Merge pull request #8 from AY2324S1-CS2103T-T12-4/master","messageBody":"Pull DG update","fileTypesAndContributionMap":{}}]},{"date":"2023-11-09","commitResults":[{"hash":"a15cd88692e58ab040cf71246019eb1f7cc5b30e","isMergeCommit":true,"messageTitle":"Merge pull request #9 from AY2324S1-CS2103T-T12-4/master","messageBody":"Pull recent changes","fileTypesAndContributionMap":{}}]},{"date":"2023-11-11","commitResults":[{"hash":"4190e0e84487886646e739c13016446154f6598d","isMergeCommit":false,"messageTitle":"Update for v1.4 bugs and additional back to top links","messageBody":"","fileTypesAndContributionMap":{"functional-code":{"insertions":0,"deletions":65},"docs":{"insertions":129,"deletions":25},"test-code":{"insertions":0,"deletions":56}}},{"hash":"56ecbc2f13a4ac31ac95fd84b68fceac680402e1","isMergeCommit":true,"messageTitle":"Merge pull request #10 from AY2324S1-CS2103T-T12-4/master","messageBody":"Pull new changes","fileTypesAndContributionMap":{}},{"hash":"17ccf6dfbadb2901f3422d401f66294e1ac12d62","isMergeCommit":true,"messageTitle":"Merge branch \u0027master\u0027 into Branch-v1.4-fix-issue","messageBody":"# Conflicts:\n#\tdocs/UserGuide.md\n","fileTypesAndContributionMap":{}}]},{"date":"2023-11-12","commitResults":[{"hash":"81561a2ca7e9bcb1cd92a4aef8ffe4293689a557","isMergeCommit":true,"messageTitle":"Merge pull request #11 from AY2324S1-CS2103T-T12-4/master","messageBody":"Pull new updates to DG and UG","fileTypesAndContributionMap":{}},{"hash":"9ab4a22a901a1258a03c2ef93396e9358cb8a63f","isMergeCommit":false,"messageTitle":"Update UG and DG","messageBody":"","fileTypesAndContributionMap":{"functional-code":{"insertions":7,"deletions":26},"docs":{"insertions":268,"deletions":30}}},{"hash":"9f8950c6bdb06c4b44146e2c1aab6cbdccfd5f17","isMergeCommit":true,"messageTitle":"Merge branch \u0027master\u0027 into Branch-v1.4-fix-issue","messageBody":"# Conflicts:\n#\tdocs/DeveloperGuide.md\n#\tdocs/UserGuide.md\n#\tdocs/team/adammangzijun.md\n","fileTypesAndContributionMap":{}},{"hash":"95046a937b702b9f0bd371ec874f50d80fc4c837","isMergeCommit":false,"messageTitle":"Finalise DG","messageBody":"","fileTypesAndContributionMap":{"docs":{"insertions":111,"deletions":54}}},{"hash":"bcd7061611686507955e014bba6d4113b1c2348a","isMergeCommit":false,"messageTitle":"Fix bugs for checkstyle","messageBody":"","fileTypesAndContributionMap":{"functional-code":{"insertions":24,"deletions":7}}}]},{"date":"2023-11-13","commitResults":[{"hash":"4ba9fc0a90ef0a649468b14cb5dd6e7ae6b8f549","isMergeCommit":false,"messageTitle":"Add test cases for DG","messageBody":"","fileTypesAndContributionMap":{"docs":{"insertions":21,"deletions":1}}},{"hash":"d1eda7e817827bbc249d6399e42703ebad570a6d","isMergeCommit":false,"messageTitle":"Fix checkstyle","messageBody":"","fileTypesAndContributionMap":{"docs":{"insertions":13,"deletions":14}}},{"hash":"16bcbac8156041783236fe725e86cb4c14329fb3","isMergeCommit":false,"messageTitle":"Fix extra words from merging conflicts","messageBody":"","fileTypesAndContributionMap":{"docs":{"insertions":0,"deletions":26}}},{"hash":"170c324a333e3ca9d8e9ecc1db137c4ec697ee86","isMergeCommit":false,"messageTitle":"Fix bugs","messageBody":"","fileTypesAndContributionMap":{"docs":{"insertions":1,"deletions":7}}}]}]},"authorFileTypeContributionMap":{"Darren159":{"docs":1187,"functional-code":2157,"test-code":1828,"other":3},"hjoneweek":{"docs":541,"functional-code":1528,"test-code":1242},"Clin-lyx":{"docs":209,"functional-code":534,"test-code":190},"ryanongwx":{"docs":618,"functional-code":356,"test-code":328},"adammangzijun":{"docs":464,"functional-code":436,"test-code":875}},"authorContributionVariance":{"Darren159":199674.84,"hjoneweek":44631.055,"Clin-lyx":11895.336,"ryanongwx":171929.33,"adammangzijun":47898.68},"authorDisplayNameMap":{"Darren159":"CS2103T-T12-4 LOW ..RREN","hjoneweek":"CS2103T-T12-4 KIM ..NJOO","Clin-lyx":"CS2103T-T12-4 LIN ..IANG","ryanongwx":"CS2103T-T12-4 RYAN..XIAN","adammangzijun":"CS2103T-T12-4 ADAM.. JUN"}}
