{"authorDailyContributionsMap":{"xavierpok":[{"date":"2023-09-24","commitResults":[{"hash":"61745db3c3ebb36d4e70ab86facda991be32acac","isMergeCommit":false,"messageTitle":"Add team member md","messageBody":"","fileTypesAndContributionMap":{"docs":{"insertions":6,"deletions":0}}},{"hash":"3c29f508a20312b1b289d4f1e57c3063d4e02aa3","isMergeCommit":false,"messageTitle":"Revert \"Add team member md\"","messageBody":"This reverts commit 61745db3c3ebb36d4e70ab86facda991be32acac.\n","fileTypesAndContributionMap":{"docs":{"insertions":0,"deletions":6}}},{"hash":"9c6927e17e488e734f8f2ba1b04f33e3ddfc671a","isMergeCommit":false,"messageTitle":"Update AboutUs.md","messageBody":"","fileTypesAndContributionMap":{"docs":{"insertions":24,"deletions":30}}}]},{"date":"2023-09-29","commitResults":[{"hash":"825013e3a08ef7c0cc7b4bddddf6772291476a47","isMergeCommit":false,"messageTitle":"Add skeletal PPP for xavierpok","messageBody":"xavierpok.md is a PP for xavierpok(me)\n\nImportant for completeness \u0026 documentation\n\n(Admin task)\n","fileTypesAndContributionMap":{"docs":{"insertions":41,"deletions":0}}},{"hash":"814fc7421da3b1d8a014a6022e382614a240d5a2","isMergeCommit":false,"messageTitle":"Add user stories to DeveloperGuide.md","messageBody":"","fileTypesAndContributionMap":{"docs":{"insertions":15,"deletions":8}}},{"hash":"9a2c15332267829b4aa6bf3bd1b797f5d4c5bee4","isMergeCommit":false,"messageTitle":"Revert \"Add user stories to DeveloperGuide.md\"","messageBody":"This reverts commit 3a783223e9c045c863475d261c924c47afd3a603.\n","fileTypesAndContributionMap":{"docs":{"insertions":8,"deletions":15}}},{"hash":"2d95bcaee3037505a0f6545bdb09a86bd5fe68b1","isMergeCommit":false,"messageTitle":"Revert \"Revert \"Add user stories to DeveloperGuide.md\"\"","messageBody":"This reverts commit 9a2c15332267829b4aa6bf3bd1b797f5d4c5bee4.\n","fileTypesAndContributionMap":{"docs":{"insertions":15,"deletions":8}}},{"hash":"a6a521d3070c477e1a9548eb9af79f65eefcf77f","isMergeCommit":false,"messageTitle":"Revert \"add Angel\u0027s PPP\"","messageBody":"This reverts commit ca585ff0073190395f80a67fb81fe1b6748b2a9c.\n","fileTypesAndContributionMap":{"docs":{"insertions":0,"deletions":22}}},{"hash":"1ec546a7c5cac617b86a892a9bdf77737b521f21","isMergeCommit":false,"messageTitle":"Revert \"Update UserGuide.md\"","messageBody":"This reverts commit 67ee8bd0d44b739375a95dde5493b882542424c4.\n","fileTypesAndContributionMap":{"docs":{"insertions":76,"deletions":127}}},{"hash":"cd89455c33b68dd66bd798392ece255a9c726db0","isMergeCommit":false,"messageTitle":"Add value prop, target user","messageBody":"Admin task\n","fileTypesAndContributionMap":{"docs":{"insertions":2,"deletions":1}}},{"hash":"1f76f96bed7e131e0c64a05fe675bae8d3207d70","isMergeCommit":false,"messageTitle":"Add NFR","messageBody":"Admin task\n","fileTypesAndContributionMap":{"docs":{"insertions":2,"deletions":2}}},{"hash":"43bb857f7c6ee9cb375a81744419fd5b32c127b9","isMergeCommit":true,"messageTitle":"Merge pull request #55 from xavierpok/add-user-stories","messageBody":"Add user stories","fileTypesAndContributionMap":{}}]}],"imkwokyong":[{"date":"2023-09-24","commitResults":[{"hash":"fc303b3e46bb37f0014195d4a3d66139158fa579","isMergeCommit":true,"messageTitle":"Merge pull request #47 from xavierpok/update-about-us","messageBody":"Update AboutUs.md","fileTypesAndContributionMap":{}}]},{"date":"2023-09-26","commitResults":[{"hash":"7a916f260952db85db5fe33aa91e24b9437e293d","isMergeCommit":false,"messageTitle":"Add PPP for imkwokyong","messageBody":"","fileTypesAndContributionMap":{"docs":{"insertions":17,"deletions":0}}},{"hash":"193cca479e1a78f14c56b33d5b9ce4217e7c5884","isMergeCommit":false,"messageTitle":"Remove whitespace in AboutUs.md and added newline in imkwokyong.md","messageBody":"","fileTypesAndContributionMap":{"docs":{"insertions":2,"deletions":1}}},{"hash":"5be8701ffb8a02ad7c679f246557dc73053ec5bf","isMergeCommit":false,"messageTitle":"Add newline in EOF of imkwokyong.md","messageBody":"","fileTypesAndContributionMap":{"docs":{"insertions":1,"deletions":2}}},{"hash":"6d1dde154968224d8873a8d89a9ddae581974df4","isMergeCommit":true,"messageTitle":"Merge pull request #48 from imkwokyong/branch-kwokyong","messageBody":"Add PPP for imkwokyong","fileTypesAndContributionMap":{}}]},{"date":"2023-09-27","commitResults":[{"hash":"adf14f58afc02a01d9a7fa0cd82b41b3699840b9","isMergeCommit":false,"messageTitle":"Update README.md","messageBody":"","fileTypesAndContributionMap":{"docs":{"insertions":17,"deletions":11}}},{"hash":"f6e34d72ef7927dc026379f2d46b8063bdf5c9d3","isMergeCommit":false,"messageTitle":"Update imkwokyong PPP to be consistent with README.md","messageBody":"","fileTypesAndContributionMap":{"docs":{"insertions":2,"deletions":1}}}]},{"date":"2023-09-28","commitResults":[{"hash":"63f0a3f86b6e273e2954eca9517deb0b49069de6","isMergeCommit":true,"messageTitle":"Merge pull request #53 from geoffong11/PPP","messageBody":"Update use cases and standardize format","fileTypesAndContributionMap":{}}]},{"date":"2023-09-29","commitResults":[{"hash":"3cefda5b94bfa6625c4e12d0d1ddd310205b473d","isMergeCommit":true,"messageTitle":"Merge pull request #54 from xavierpok/add-xavier-ppp","messageBody":"Add PPP for xavierpok(me)","fileTypesAndContributionMap":{}}]}],"Angelyxx":[{"date":"2023-09-29","commitResults":[{"hash":"67ee8bd0d44b739375a95dde5493b882542424c4","isMergeCommit":false,"messageTitle":"Update UserGuide.md","messageBody":"","fileTypesAndContributionMap":{"docs":{"insertions":127,"deletions":76}}},{"hash":"ca585ff0073190395f80a67fb81fe1b6748b2a9c","isMergeCommit":false,"messageTitle":"add Angel\u0027s PPP","messageBody":"","fileTypesAndContributionMap":{"docs":{"insertions":22,"deletions":0}}},{"hash":"c66413199f1c982361f2970ece27095dcef85e46","isMergeCommit":false,"messageTitle":"update PPP","messageBody":"","fileTypesAndContributionMap":{"docs":{"insertions":2,"deletions":1}}},{"hash":"164fd806720ea696a092be545476be8d131dd3cf","isMergeCommit":true,"messageTitle":"Merge pull request #56 from xavierpok/reset-test","messageBody":"Revert accidental commits ","fileTypesAndContributionMap":{}},{"hash":"3f827db5b6365fdfe966b7ccbe34e5e8dcb943e1","isMergeCommit":true,"messageTitle":"Merge branch \u0027master\u0027 of https://github.com/AY2324S1-CS2103-F13-1/tp","messageBody":"* \u0027master\u0027 of https://github.com/AY2324S1-CS2103-F13-1/tp:\n  Revert \"Update UserGuide.md\"\n  Revert \"add Angel\u0027s PPP\"\n\n# Conflicts:\n#\tdocs/team/angelyxx.md\n","fileTypesAndContributionMap":{}},{"hash":"169ba524df984f309da47bca1672837e16291543","isMergeCommit":false,"messageTitle":"update user guide","messageBody":"","fileTypesAndContributionMap":{"docs":{"insertions":128,"deletions":77}}}]},{"date":"2023-09-30","commitResults":[{"hash":"b772700831d76b43b6f0e5f507bcfa1470b44403","isMergeCommit":false,"messageTitle":"update readme formatting","messageBody":"","fileTypesAndContributionMap":{"docs":{"insertions":20,"deletions":20}}},{"hash":"ef9e0946659a2522bee9d19ecff9e819d9787810","isMergeCommit":true,"messageTitle":"Merge pull request #58 from xavierpok/add-NFR","messageBody":"Add NFR","fileTypesAndContributionMap":{}},{"hash":"059b4096ead900b1e7369a8e9a3a6df9a14ea8b9","isMergeCommit":true,"messageTitle":"Merge pull request #57 from xavierpok/TargetUser-ValueProp","messageBody":"Add value prop, target user","fileTypesAndContributionMap":{}},{"hash":"76ed3788bad23716637e89e71881fe120fecf88e","isMergeCommit":false,"messageTitle":"add Angel\u0027s PPP","messageBody":"","fileTypesAndContributionMap":{"docs":{"insertions":23,"deletions":0}}},{"hash":"505a69ec5eb8467cc71135febf0ca80716c37c39","isMergeCommit":true,"messageTitle":"Merge branch \u0027master\u0027 of https://github.com/AY2324S1-CS2103-F13-1/tp","messageBody":"* \u0027master\u0027 of https://github.com/AY2324S1-CS2103-F13-1/tp:\n  Add NFR\n  Add value prop, target user\n  Revert \"Revert \"Add user stories to DeveloperGuide.md\"\"\n  Revert \"Add user stories to DeveloperGuide.md\"\n  Add user stories to DeveloperGuide.md\n","fileTypesAndContributionMap":{}},{"hash":"14bfa23a56c9d492bf3ce00fb1db616b712e453f","isMergeCommit":false,"messageTitle":"Update docs/UserGuide.md","messageBody":"Co-authored-by: Kwok Yong \u003c110521168+imkwokyong@users.noreply.github.com\u003e","fileTypesAndContributionMap":{"docs":{"insertions":1,"deletions":1}}},{"hash":"a6925baa7d095157d6840d81fba8c86d57bd81bb","isMergeCommit":false,"messageTitle":"Update docs/UserGuide.md","messageBody":"Co-authored-by: Kwok Yong \u003c110521168+imkwokyong@users.noreply.github.com\u003e","fileTypesAndContributionMap":{"docs":{"insertions":1,"deletions":1}}},{"hash":"81d8d1486e9653438a1b649fe3743e69b9b88f0b","isMergeCommit":false,"messageTitle":"Update docs/UserGuide.md","messageBody":"Co-authored-by: Xavier Pok \u003c54708640+xavierpok@users.noreply.github.com\u003e","fileTypesAndContributionMap":{"docs":{"insertions":2,"deletions":1}}},{"hash":"13646172fd84ed79082807db9394c584f8dff34c","isMergeCommit":true,"messageTitle":"Merge pull request #59 from Angelyxx/master","messageBody":"Update User guide","fileTypesAndContributionMap":{}}]}],"geoffong11":[{"date":"2023-09-24","commitResults":[{"hash":"0bca6d3c3bcbde854a721de2fbd69fe1831768fb","isMergeCommit":false,"messageTitle":"update","messageBody":"","fileTypesAndContributionMap":{"docs":{"insertions":3,"deletions":2}}},{"hash":"00ee06a18490454b1332a2efeb162ad66c978872","isMergeCommit":true,"messageTitle":"update master","messageBody":"","fileTypesAndContributionMap":{}}]},{"date":"2023-09-27","commitResults":[{"hash":"fa8ad073296791557f559a68a09104f12e06351a","isMergeCommit":true,"messageTitle":"Merge branch \u0027master\u0027 of https://github.com/AY2324S1-CS2103-F13-1/tp","messageBody":"","fileTypesAndContributionMap":{}},{"hash":"66800102a74264b2f860123fae020737ec0ef5c7","isMergeCommit":true,"messageTitle":"Merge pull request #49 from imkwokyong/branch-kwokyong","messageBody":"Update README.md and imkwokyong PPP","fileTypesAndContributionMap":{}},{"hash":"9634bb5cd5641fda45a4dc36307e0d4f25944568","isMergeCommit":true,"messageTitle":"update ReadMe","messageBody":"","fileTypesAndContributionMap":{}},{"hash":"565f26bbc5cd9e157a8f7e58207afb4392312277","isMergeCommit":false,"messageTitle":"update PPP and enter some use cases","messageBody":"","fileTypesAndContributionMap":{"docs":{"insertions":58,"deletions":3}}},{"hash":"70937e742936507e0c0602a00c09ec41ce7d4210","isMergeCommit":false,"messageTitle":"update use cases","messageBody":"","fileTypesAndContributionMap":{"docs":{"insertions":23,"deletions":2}}},{"hash":"afa9dad996696f7cd40bea41ea550771d5ed50ba","isMergeCommit":true,"messageTitle":"Merge branch \u0027master\u0027 of https://github.com/AY2324S1-CS2103-F13-1/tp","messageBody":"","fileTypesAndContributionMap":{}},{"hash":"e7aa3d388c38ebfd42ade7b535efd8da7e534f8e","isMergeCommit":true,"messageTitle":"Merge branch \u0027master\u0027 into PPP","messageBody":"","fileTypesAndContributionMap":{}},{"hash":"29483c54017dce88430552767887124a2a3e1da1","isMergeCommit":false,"messageTitle":"finish up use cases","messageBody":"","fileTypesAndContributionMap":{"docs":{"insertions":13,"deletions":7}}},{"hash":"f3b096c6a97ff7eb681f039d6a6f25ab0b8dbc53","isMergeCommit":false,"messageTitle":"update glossary","messageBody":"","fileTypesAndContributionMap":{"docs":{"insertions":10,"deletions":4}}},{"hash":"669bedf7d53717fa8266ce5a09d24021fb7822da","isMergeCommit":false,"messageTitle":"update use cases","messageBody":"","fileTypesAndContributionMap":{"docs":{"insertions":2,"deletions":2}}},{"hash":"9d12b4f5a66a9eabaf71ae99befd25487b12de80","isMergeCommit":false,"messageTitle":"add more details to use cases","messageBody":"","fileTypesAndContributionMap":{"docs":{"insertions":45,"deletions":29}}},{"hash":"ea0a0226a755b4213eb2e688e1e416d115c958e2","isMergeCommit":false,"messageTitle":"checkstyle","messageBody":"","fileTypesAndContributionMap":{"docs":{"insertions":6,"deletions":6}}}]},{"date":"2023-09-28","commitResults":[{"hash":"c50367787235cc3724cc386df3113c28597b1896","isMergeCommit":false,"messageTitle":"change use cases","messageBody":"","fileTypesAndContributionMap":{"docs":{"insertions":22,"deletions":34}}},{"hash":"26152310ead60caf1347971492be2653bf56f437","isMergeCommit":false,"messageTitle":"change use cases to for more general approach","messageBody":"","fileTypesAndContributionMap":{"docs":{"insertions":15,"deletions":16}}},{"hash":"38bc11dd4981d81b0ae9f2fb53d60e0fcae6a028","isMergeCommit":false,"messageTitle":"add mark use case","messageBody":"","fileTypesAndContributionMap":{"docs":{"insertions":17,"deletions":13}}}]}]},"authorFileTypeContributionMap":{"xavierpok":{"docs":83,"functional-code":0,"test-code":0},"imkwokyong":{"docs":35,"functional-code":0,"test-code":0,"other":1},"Angelyxx":{"docs":144,"functional-code":0,"test-code":0},"geoffong11":{"docs":120,"functional-code":0,"test-code":0}},"authorContributionVariance":{"xavierpok":11424.888,"imkwokyong":129.55556,"Angelyxx":18252.988,"geoffong11":5062.9873},"authorDisplayNameMap":{"xavierpok":"CS2103-F13-1 POK ..VIER","imkwokyong":"CS2103-F13-1 KUAN..YONG","Angelyxx":"CS2103-F13-1 ANGE..XUAN","geoffong11":"CS2103-F13-1 ONG ..EOFF"}}
