{"authorDailyContributionsMap":{"xavierpok":[{"date":"2023-09-24","commitResults":[{"hash":"61745db3c3ebb36d4e70ab86facda991be32acac","isMergeCommit":false,"messageTitle":"Add team member md","messageBody":"","fileTypesAndContributionMap":{"docs":{"insertions":6,"deletions":0}}},{"hash":"3c29f508a20312b1b289d4f1e57c3063d4e02aa3","isMergeCommit":false,"messageTitle":"Revert \"Add team member md\"","messageBody":"This reverts commit 61745db3c3ebb36d4e70ab86facda991be32acac.\n","fileTypesAndContributionMap":{"docs":{"insertions":0,"deletions":6}}},{"hash":"9c6927e17e488e734f8f2ba1b04f33e3ddfc671a","isMergeCommit":false,"messageTitle":"Update AboutUs.md","messageBody":"","fileTypesAndContributionMap":{"docs":{"insertions":24,"deletions":30}}}]},{"date":"2023-09-29","commitResults":[{"hash":"825013e3a08ef7c0cc7b4bddddf6772291476a47","isMergeCommit":false,"messageTitle":"Add skeletal PPP for xavierpok","messageBody":"xavierpok.md is a PP for xavierpok(me)\n\nImportant for completeness \u0026 documentation\n\n(Admin task)\n","fileTypesAndContributionMap":{"docs":{"insertions":41,"deletions":0}}},{"hash":"814fc7421da3b1d8a014a6022e382614a240d5a2","isMergeCommit":false,"messageTitle":"Add user stories to DeveloperGuide.md","messageBody":"","fileTypesAndContributionMap":{"docs":{"insertions":15,"deletions":8}}},{"hash":"9a2c15332267829b4aa6bf3bd1b797f5d4c5bee4","isMergeCommit":false,"messageTitle":"Revert \"Add user stories to DeveloperGuide.md\"","messageBody":"This reverts commit 3a783223e9c045c863475d261c924c47afd3a603.\n","fileTypesAndContributionMap":{"docs":{"insertions":8,"deletions":15}}},{"hash":"2d95bcaee3037505a0f6545bdb09a86bd5fe68b1","isMergeCommit":false,"messageTitle":"Revert \"Revert \"Add user stories to DeveloperGuide.md\"\"","messageBody":"This reverts commit 9a2c15332267829b4aa6bf3bd1b797f5d4c5bee4.\n","fileTypesAndContributionMap":{"docs":{"insertions":15,"deletions":8}}},{"hash":"a6a521d3070c477e1a9548eb9af79f65eefcf77f","isMergeCommit":false,"messageTitle":"Revert \"add Angel\u0027s PPP\"","messageBody":"This reverts commit ca585ff0073190395f80a67fb81fe1b6748b2a9c.\n","fileTypesAndContributionMap":{"docs":{"insertions":0,"deletions":22}}},{"hash":"1ec546a7c5cac617b86a892a9bdf77737b521f21","isMergeCommit":false,"messageTitle":"Revert \"Update UserGuide.md\"","messageBody":"This reverts commit 67ee8bd0d44b739375a95dde5493b882542424c4.\n","fileTypesAndContributionMap":{"docs":{"insertions":76,"deletions":127}}},{"hash":"cd89455c33b68dd66bd798392ece255a9c726db0","isMergeCommit":false,"messageTitle":"Add value prop, target user","messageBody":"Admin task\n","fileTypesAndContributionMap":{"docs":{"insertions":2,"deletions":1}}},{"hash":"1f76f96bed7e131e0c64a05fe675bae8d3207d70","isMergeCommit":false,"messageTitle":"Add NFR","messageBody":"Admin task\n","fileTypesAndContributionMap":{"docs":{"insertions":2,"deletions":2}}},{"hash":"43bb857f7c6ee9cb375a81744419fd5b32c127b9","isMergeCommit":true,"messageTitle":"Merge pull request #55 from xavierpok/add-user-stories","messageBody":"Add user stories","fileTypesAndContributionMap":{}}]},{"date":"2023-09-30","commitResults":[{"hash":"5c031d8a15bca57c74ee2d134b341d36a8a615c9","isMergeCommit":true,"messageTitle":"Merge pull request #76 from Angelyxx/master","messageBody":"fixed hyperlinks for TOC + changed ellipsis","fileTypesAndContributionMap":{}},{"hash":"cd3cbf24c462d17ef5832eab8e927d225af262e8","isMergeCommit":false,"messageTitle":"Edit PPP","messageBody":"","fileTypesAndContributionMap":{"docs":{"insertions":7,"deletions":30}}},{"hash":"aed0fc96101e39e429a75c19f54e4434aacde33b","isMergeCommit":false,"messageTitle":"Make minor edits, fix formatting","messageBody":"","fileTypesAndContributionMap":{"docs":{"insertions":2,"deletions":2}}},{"hash":"f821e046c9ec5ac27831451f6fc3736bcd915e32","isMergeCommit":false,"messageTitle":"Add entries to NFRs","messageBody":"","fileTypesAndContributionMap":{"docs":{"insertions":7,"deletions":3}}},{"hash":"bb7fa23c3af5d9aa06b99b19be6ac028d69af185","isMergeCommit":true,"messageTitle":"Merge branch \u0027master\u0027 into add-more-NFR","messageBody":"","fileTypesAndContributionMap":{}}]},{"date":"2023-10-11","commitResults":[{"hash":"786d8cb3aff9893dc64442b4185f3ab740c9f831","isMergeCommit":false,"messageTitle":"Create LastModifiedDateTime Class","messageBody":"","fileTypesAndContributionMap":{"functional-code":{"insertions":43,"deletions":0}}}]},{"date":"2023-10-12","commitResults":[{"hash":"7284b4da9a4a2f904f3a6309d4e59ce1c7006dfa","isMergeCommit":true,"messageTitle":"Merge pull request #116 from imkwokyong/branch-help","messageBody":"Edit help command and index.md of product website","fileTypesAndContributionMap":{}}]},{"date":"2023-10-13","commitResults":[{"hash":"6c6dc362eae79e6d184851fb01554ac5c9792a2b","isMergeCommit":true,"messageTitle":"Merge branch \u0027master\u0027 into create-dateTime-Reduced","messageBody":"","fileTypesAndContributionMap":{}},{"hash":"04d078d3db5d4e8631dc92ef650a14905c8f303b","isMergeCommit":false,"messageTitle":"Add LastModifiedDateTime field to Person","messageBody":"","fileTypesAndContributionMap":{"functional-code":{"insertions":8,"deletions":0}}},{"hash":"7f72c3adecf74d4ad7dfce30a411f5833df3e738","isMergeCommit":false,"messageTitle":"Add test for LastModifiedDateTime","messageBody":"","fileTypesAndContributionMap":{"test-code":{"insertions":40,"deletions":0}}},{"hash":"96f310f0b37da3f0e3d4e31e6a8e5fbf9254866d","isMergeCommit":false,"messageTitle":"Add LastModifiedDateTime to Person toString","messageBody":"","fileTypesAndContributionMap":{"functional-code":{"insertions":13,"deletions":0}}},{"hash":"1144acee7876613b72bf82b5d155499cfed6c4ff","isMergeCommit":false,"messageTitle":"Add LastModifiedDateTime to PersonBuilder","messageBody":"","fileTypesAndContributionMap":{"test-code":{"insertions":15,"deletions":1}}},{"hash":"39b5db49b7c8eac08467fb5184886182d49d90a5","isMergeCommit":false,"messageTitle":"Add javadoc to new (temp) constructor","messageBody":"","fileTypesAndContributionMap":{"functional-code":{"insertions":4,"deletions":1}}},{"hash":"13c9226e9244bb469d9604a9a5d5c6bd25d2b28b","isMergeCommit":false,"messageTitle":"Add new field to Person#equals","messageBody":"","fileTypesAndContributionMap":{"functional-code":{"insertions":2,"deletions":1}}},{"hash":"19b2d4a1ddcb80f1f37386bd60227022c058b3f1","isMergeCommit":false,"messageTitle":"Update TypicalPersons.java","messageBody":"","fileTypesAndContributionMap":{"test-code":{"insertions":23,"deletions":7}}},{"hash":"ab5347618983f0d0d27d120444163712c431ca50","isMergeCommit":false,"messageTitle":"Revert \"Add new field to Person#equals\"","messageBody":"This reverts commit 13c9226e9244bb469d9604a9a5d5c6bd25d2b28b.\n","fileTypesAndContributionMap":{"functional-code":{"insertions":1,"deletions":2}}},{"hash":"2d2cfc02099159e3de4cffbf80e7c84f16ed3b3a","isMergeCommit":false,"messageTitle":"Update test cases","messageBody":"","fileTypesAndContributionMap":{"test-code":{"insertions":9,"deletions":2}}},{"hash":"c2053da60a281c8cac2a704a26d491fc05cbf2b2","isMergeCommit":false,"messageTitle":"Fix checkstyle violations","messageBody":"","fileTypesAndContributionMap":{"functional-code":{"insertions":20,"deletions":6},"test-code":{"insertions":31,"deletions":16}}},{"hash":"28aacedb08619d07480b81e26e436ac8b1f2b4f2","isMergeCommit":false,"messageTitle":"Update Person#equals and test cases","messageBody":"","fileTypesAndContributionMap":{"functional-code":{"insertions":5,"deletions":5},"test-code":{"insertions":12,"deletions":14}}},{"hash":"97324e1b242b7d37d456a00856940383e018e22b","isMergeCommit":false,"messageTitle":"Add LastModifiedDateTime#hashCode","messageBody":"","fileTypesAndContributionMap":{"functional-code":{"insertions":4,"deletions":2}}},{"hash":"f82dbd88c0d76199281743358dc1348c47746aea","isMergeCommit":false,"messageTitle":"Modify LastModifiedDateTime#toString","messageBody":"","fileTypesAndContributionMap":{"functional-code":{"insertions":4,"deletions":2}}},{"hash":"9cdf695ab4744488c854e5c7e20b68b45033ac93","isMergeCommit":false,"messageTitle":"Update JsonAdaptedPerson \u0026 test cases","messageBody":"","fileTypesAndContributionMap":{"functional-code":{"insertions":2,"deletions":1},"test-code":{"insertions":21,"deletions":11}}},{"hash":"8371fc7f209af5df479be29450941178b384c79d","isMergeCommit":false,"messageTitle":"Add valid checker method in LastModifiedDateTime","messageBody":"","fileTypesAndContributionMap":{"functional-code":{"insertions":23,"deletions":0}}},{"hash":"e2c6acd0f3d58d8eba4bdb4d4f86a23835411941","isMergeCommit":false,"messageTitle":"Add fromString \u0026 string validation in LastModifiedDateTime","messageBody":"Needed mostly for JsonAdaptedPerson\n\nJsonAdaptedPerson relies on string for read/writing\n\nSo exposing method for instantation of string needed\n\nSubsequently, validation of string to ensure correct format also.\n","fileTypesAndContributionMap":{"functional-code":{"insertions":37,"deletions":8}}},{"hash":"ce4e1cb2810c3f1397a70c76dcd06a28427c7235","isMergeCommit":false,"messageTitle":"Change localisation of LastModifiedDateTime","messageBody":"","fileTypesAndContributionMap":{"functional-code":{"insertions":8,"deletions":3}}},{"hash":"5c1dd05a11875b9434d511573861f054dcc6229e","isMergeCommit":false,"messageTitle":"Update test cases for LastModifiedDateTime","messageBody":"","fileTypesAndContributionMap":{"test-code":{"insertions":37,"deletions":0}}},{"hash":"8f036befc623f9a2d09976b609e529e2cf155226","isMergeCommit":false,"messageTitle":"Fix toString \u0026 add test method in LastModifiedDateTime","messageBody":"","fileTypesAndContributionMap":{"functional-code":{"insertions":1,"deletions":1},"test-code":{"insertions":12,"deletions":0}}},{"hash":"bcaafa4157eeb9805c51fdbd4a94ac91061f27ff","isMergeCommit":false,"messageTitle":"Add JSON serialization \u0026 test cases for new field","messageBody":"","fileTypesAndContributionMap":{"functional-code":{"insertions":17,"deletions":1},"test-code":{"insertions":18,"deletions":0}}},{"hash":"5a44b2fe6846b24ce93e284cacda3417137033d5","isMergeCommit":false,"messageTitle":"Fix checkstyle errors","messageBody":"","fileTypesAndContributionMap":{"functional-code":{"insertions":9,"deletions":14},"test-code":{"insertions":4,"deletions":4}}},{"hash":"4919d5cf1f63737acd79624686f929f1ba1bfba4","isMergeCommit":false,"messageTitle":"Add missing test case","messageBody":"","fileTypesAndContributionMap":{"test-code":{"insertions":7,"deletions":0}}}]},{"date":"2023-10-14","commitResults":[{"hash":"25c53efd90cf5fc18db1be06f6e774fc436d08ef","isMergeCommit":true,"messageTitle":"Merge pull request #123 from imkwokyong/branch-filter-command","messageBody":"Add functionality for `filter` command","fileTypesAndContributionMap":{}},{"hash":"735bc38bf48eb5ff3ebd8e73dd7910decb0ef71e","isMergeCommit":true,"messageTitle":"Merge branch \u0027master\u0027 into create-dateTime-Reduced","messageBody":"","fileTypesAndContributionMap":{}},{"hash":"d16ac8408c0fdcd5d1fe3c6c965d0821450c344e","isMergeCommit":false,"messageTitle":"Add LastModifiedDateTime setting to add/edit commands","messageBody":"","fileTypesAndContributionMap":{"functional-code":{"insertions":40,"deletions":2}}},{"hash":"58dfea7cbe370024402a0a56fb45ce234a6e6512","isMergeCommit":false,"messageTitle":"Add clock-keeping to commands \u0026 Model","messageBody":"If commands have a notion of time, so should model\n\nThis way, expansion for future clocks, and fine-grained control\n\nOther clocks can allow for cross time-zone, etc.\n","fileTypesAndContributionMap":{"functional-code":{"insertions":149,"deletions":15},"test-code":{"insertions":92,"deletions":20}}}]},{"date":"2023-10-15","commitResults":[{"hash":"eced7ca29cdf314c3df1e3dc764be219c37d234d","isMergeCommit":false,"messageTitle":"Amend test case to test equality on clock/time","messageBody":"","fileTypesAndContributionMap":{"test-code":{"insertions":33,"deletions":3}}},{"hash":"b6171cff990497038848d8ef04fac729737d381d","isMergeCommit":false,"messageTitle":"Amend test case \u0026 lower precision","messageBody":"JSON (de)serialization was dependent on toString\n\ntoString only retruns up to seconds in precision\n\nAmend this to be the case in class.\n\nNew test case covers this.\n","fileTypesAndContributionMap":{"functional-code":{"insertions":16,"deletions":21},"test-code":{"insertions":21,"deletions":8}}},{"hash":"b2237c364bbe3cc90a4a65782c2e499999086888","isMergeCommit":false,"messageTitle":"Fix checkstyle violations","messageBody":"","fileTypesAndContributionMap":{"functional-code":{"insertions":12,"deletions":12},"test-code":{"insertions":18,"deletions":19}}},{"hash":"e4123dceec896ac72acee79a47a9e6732b1d0128","isMergeCommit":true,"messageTitle":"Merge pull request #125 from imkwokyong/branch-kwokyong","messageBody":"Edit image of help command in User Guide","fileTypesAndContributionMap":{}},{"hash":"83ee1351cdf10e0ade1c7eb38d1c256118913a1e","isMergeCommit":true,"messageTitle":"Merge pull request #127 from xavierpok/add-dateTime-Commands","messageBody":"Corrected version of #126, with checkstyle amendments","fileTypesAndContributionMap":{}},{"hash":"7e90ee5c2f2a208245e3979fd4f03511b4760182","isMergeCommit":false,"messageTitle":"Add last modified to UI","messageBody":"","fileTypesAndContributionMap":{"functional-code":{"insertions":11,"deletions":0}}},{"hash":"121d7a385289f3caacf9d2fad05fdf1cffcec4a7","isMergeCommit":false,"messageTitle":"Fix checkstyle violations","messageBody":"","fileTypesAndContributionMap":{"functional-code":{"insertions":1,"deletions":4}}}]},{"date":"2023-10-16","commitResults":[{"hash":"fbde9bd72ee7c8f4e9f07cca7f6bb51caf0ecd04","isMergeCommit":true,"messageTitle":"Merge pull request #130 from imkwokyong/branch-kwokyong","messageBody":"Edit UserGuide and DeveloperGuide","fileTypesAndContributionMap":{}},{"hash":"6b3074af755bd9957796836b014a1dd1b5662d54","isMergeCommit":false,"messageTitle":"Update user guide for LastModifiedDateTime","messageBody":"","fileTypesAndContributionMap":{"docs":{"insertions":4,"deletions":1}}},{"hash":"7c17a64c86e34f323ba91a83993b5b21798e0f8c","isMergeCommit":true,"messageTitle":"Merge branch \u0027master\u0027 into update-UG-DateTime","messageBody":"","fileTypesAndContributionMap":{}},{"hash":"373a3fbad850699d43e82de5f5e701dc4de34fd3","isMergeCommit":false,"messageTitle":"Cut back on unneeded edits","messageBody":"","fileTypesAndContributionMap":{"docs":{"insertions":1,"deletions":3}}}]},{"date":"2023-10-18","commitResults":[{"hash":"808e571d27d822bbc8710dff2622c3c1424c5359","isMergeCommit":true,"messageTitle":"Merge pull request #132 from Angelyxx/Add-Mark-Command","messageBody":"Add mark and unmark command","fileTypesAndContributionMap":{}},{"hash":"bb4446daacdba3e51df56ea8bac5a11e215f5814","isMergeCommit":false,"messageTitle":"Add null checking conditional to JsonAdaptedPerson","messageBody":"","fileTypesAndContributionMap":{"functional-code":{"insertions":6,"deletions":0}}},{"hash":"1f3e661d1d73c4b330b3b59555a94ac96fcecb56","isMergeCommit":false,"messageTitle":"Add test case for null check","messageBody":"","fileTypesAndContributionMap":{"test-code":{"insertions":9,"deletions":0}}}]},{"date":"2023-10-21","commitResults":[{"hash":"3fa9664714039cb8917f6cf8a427be3aac7b33e0","isMergeCommit":false,"messageTitle":"Create PersonField interface \u0026 children","messageBody":"","fileTypesAndContributionMap":{"functional-code":{"insertions":22,"deletions":0}}},{"hash":"c113c27609af2b0f71ba587d733eacbd11ba9d13","isMergeCommit":false,"messageTitle":"Refactor fields \u0026 predicate classes to use interface","messageBody":"","fileTypesAndContributionMap":{"functional-code":{"insertions":126,"deletions":25}}},{"hash":"e56ef0cc8144bc1b59189851df73c2a76e4b9303","isMergeCommit":false,"messageTitle":"Refactor storage to use new interface","messageBody":"","fileTypesAndContributionMap":{"functional-code":{"insertions":6,"deletions":6}}},{"hash":"d380acc6156669b573159403940e8e9257dc17bc","isMergeCommit":false,"messageTitle":"Refactor PersonCard to use new interface","messageBody":"Uses toString() for fields not planned to stay long-term in PersonCard\n","fileTypesAndContributionMap":{"functional-code":{"insertions":8,"deletions":7}}},{"hash":"593d75974ffd84767e0b031cc31c5a41344bce3c","isMergeCommit":false,"messageTitle":"Update test cases to use new interface","messageBody":"","fileTypesAndContributionMap":{"test-code":{"insertions":15,"deletions":14}}},{"hash":"45134d6f36b5f75db6ef29e66b62875617259bee","isMergeCommit":false,"messageTitle":"Adds test cases for new methods in interface","messageBody":"","fileTypesAndContributionMap":{"test-code":{"insertions":223,"deletions":0}}},{"hash":"e8845d27cc6a0cdc2a3c7984c285c81d1aa6ba73","isMergeCommit":false,"messageTitle":"Add javadoc to new interfaces","messageBody":"","fileTypesAndContributionMap":{"functional-code":{"insertions":33,"deletions":0}}},{"hash":"3a22e12e61ae19df70fc97d0de6550f5f6b26c1f","isMergeCommit":false,"messageTitle":"Fix checkstyle in test","messageBody":"","fileTypesAndContributionMap":{"functional-code":{"insertions":18,"deletions":13},"test-code":{"insertions":17,"deletions":21}}},{"hash":"b4dcc27f036e1d696f3729ccdb1a472907493085","isMergeCommit":false,"messageTitle":"Fix small error in CompanyTest","messageBody":"","fileTypesAndContributionMap":{"test-code":{"insertions":2,"deletions":2}}}]},{"date":"2023-10-22","commitResults":[{"hash":"a5119b915881ac05cab3f4c059a4149b4c3bc9ea","isMergeCommit":false,"messageTitle":"Remove accidental duplicated test case","messageBody":"","fileTypesAndContributionMap":{"test-code":{"insertions":0,"deletions":5}}},{"hash":"c269877e14f1ac168879d803cc95c58b37339515","isMergeCommit":false,"messageTitle":"Change JsonAdaptedPerson to use getValue for str fields","messageBody":"","fileTypesAndContributionMap":{"functional-code":{"insertions":5,"deletions":5}}},{"hash":"e1a5592b93dc60f376ac64f39d65cef0af89f2bf","isMergeCommit":false,"messageTitle":"Add ScheduleStub for detail testing.","messageBody":"","fileTypesAndContributionMap":{"functional-code":{"insertions":71,"deletions":0}}},{"hash":"a9a6c45c62301ffb9c188b009729827fa8d488b9","isMergeCommit":false,"messageTitle":"Add ScheduleStub for detail testing.","messageBody":"","fileTypesAndContributionMap":{"functional-code":{"insertions":16,"deletions":12},"test-code":{"insertions":31,"deletions":0}}}]},{"date":"2023-10-25","commitResults":[{"hash":"6c125b570a331ebcc58a342aa186869f73bc4a9a","isMergeCommit":false,"messageTitle":"Update some UMLs","messageBody":"","fileTypesAndContributionMap":{"docs":{"insertions":107,"deletions":0}}},{"hash":"3ab71a4095fac066d1ad406e9342bcad7b8652c9","isMergeCommit":false,"messageTitle":"Update DG with LastModifiedDateTime","messageBody":"","fileTypesAndContributionMap":{"docs":{"insertions":39,"deletions":2}}}]}],"imkwokyong":[{"date":"2023-09-24","commitResults":[{"hash":"fc303b3e46bb37f0014195d4a3d66139158fa579","isMergeCommit":true,"messageTitle":"Merge pull request #47 from xavierpok/update-about-us","messageBody":"Update AboutUs.md","fileTypesAndContributionMap":{}}]},{"date":"2023-09-26","commitResults":[{"hash":"7a916f260952db85db5fe33aa91e24b9437e293d","isMergeCommit":false,"messageTitle":"Add PPP for imkwokyong","messageBody":"","fileTypesAndContributionMap":{"docs":{"insertions":17,"deletions":0}}},{"hash":"193cca479e1a78f14c56b33d5b9ce4217e7c5884","isMergeCommit":false,"messageTitle":"Remove whitespace in AboutUs.md and added newline in imkwokyong.md","messageBody":"","fileTypesAndContributionMap":{"docs":{"insertions":2,"deletions":1}}},{"hash":"5be8701ffb8a02ad7c679f246557dc73053ec5bf","isMergeCommit":false,"messageTitle":"Add newline in EOF of imkwokyong.md","messageBody":"","fileTypesAndContributionMap":{"docs":{"insertions":1,"deletions":2}}},{"hash":"6d1dde154968224d8873a8d89a9ddae581974df4","isMergeCommit":true,"messageTitle":"Merge pull request #48 from imkwokyong/branch-kwokyong","messageBody":"Add PPP for imkwokyong","fileTypesAndContributionMap":{}}]},{"date":"2023-09-27","commitResults":[{"hash":"adf14f58afc02a01d9a7fa0cd82b41b3699840b9","isMergeCommit":false,"messageTitle":"Update README.md","messageBody":"","fileTypesAndContributionMap":{"docs":{"insertions":17,"deletions":11}}},{"hash":"f6e34d72ef7927dc026379f2d46b8063bdf5c9d3","isMergeCommit":false,"messageTitle":"Update imkwokyong PPP to be consistent with README.md","messageBody":"","fileTypesAndContributionMap":{"docs":{"insertions":2,"deletions":1}}}]},{"date":"2023-09-28","commitResults":[{"hash":"63f0a3f86b6e273e2954eca9517deb0b49069de6","isMergeCommit":true,"messageTitle":"Merge pull request #53 from geoffong11/PPP","messageBody":"Update use cases and standardize format","fileTypesAndContributionMap":{}}]},{"date":"2023-09-29","commitResults":[{"hash":"3cefda5b94bfa6625c4e12d0d1ddd310205b473d","isMergeCommit":true,"messageTitle":"Merge pull request #54 from xavierpok/add-xavier-ppp","messageBody":"Add PPP for xavierpok(me)","fileTypesAndContributionMap":{}}]},{"date":"2023-09-30","commitResults":[{"hash":"8f61f5d7db738982beecb3a79e325039f37a092f","isMergeCommit":true,"messageTitle":"Merge pull request #83 from Angelyxx/master","messageBody":"Fixed formatting for Userguide + updated FILTER Command","fileTypesAndContributionMap":{}},{"hash":"5e67b8f31561c7d18a3025cacd98b80876288ce1","isMergeCommit":true,"messageTitle":"Merge pull request #86 from xavierpok/Format-DevGuide","messageBody":"Make minor edits, fix formatting","fileTypesAndContributionMap":{}},{"hash":"2291845d011b83ab4cda3ba8b9a58c1710cdb3c2","isMergeCommit":true,"messageTitle":"Merge pull request #87 from xavierpok/edit-xavierpok-PPP","messageBody":"Edit PPP","fileTypesAndContributionMap":{}},{"hash":"533d4ea82223d835731a194da9e66409460d7cb6","isMergeCommit":true,"messageTitle":"Merge pull request #89 from xavierpok/add-more-NFR","messageBody":"Add entries to NFRs","fileTypesAndContributionMap":{}}]},{"date":"2023-10-01","commitResults":[{"hash":"05e4c78c0f640a895036b1fbc168a40870f751b0","isMergeCommit":true,"messageTitle":"Merge pull request #91 from geoffong11/Update-User-Stories","messageBody":"Abstract out list use case","fileTypesAndContributionMap":{}},{"hash":"3f74fe357b491c9a9f79fe7a0eb46a81a2b45901","isMergeCommit":false,"messageTitle":"Update README and fix User Guide issues","messageBody":"","fileTypesAndContributionMap":{"docs":{"insertions":12,"deletions":10}}}]},{"date":"2023-10-06","commitResults":[{"hash":"971571c5ee3f5ef4ac740249196e34bc10f460da","isMergeCommit":true,"messageTitle":"Merge pull request #94 from Angelyxx/edit-PPP","messageBody":"edit PPP","fileTypesAndContributionMap":{}}]},{"date":"2023-10-12","commitResults":[{"hash":"eb4ee44747843fb8e91422239cd642bdcad9a4e1","isMergeCommit":true,"messageTitle":"Merge pull request #106 from geoffong11/modify-add-edit","messageBody":"Modify add and edit commands, remove address and irrelevant test cases","fileTypesAndContributionMap":{}},{"hash":"5e34ed52dcf93e7defe2ee0315e829d9cad9d237","isMergeCommit":false,"messageTitle":"Edit HelpWindow to show Connexion User Guide","messageBody":"","fileTypesAndContributionMap":{"functional-code":{"insertions":1,"deletions":1}}},{"hash":"1367d88b6c10b14e54c0f3da1499895b01108f25","isMergeCommit":false,"messageTitle":"Edit index.md of product website","messageBody":"","fileTypesAndContributionMap":{"docs":{"insertions":7,"deletions":6}}}]},{"date":"2023-10-13","commitResults":[{"hash":"2089f69e2f3040f50a6006257739aa913d5db870","isMergeCommit":false,"messageTitle":"Add FilterCommand and hook it to AddressBookParser","messageBody":"","fileTypesAndContributionMap":{"functional-code":{"insertions":31,"deletions":0}}},{"hash":"82071fed6ea59fb855a9012952cb0a158510a519","isMergeCommit":false,"messageTitle":"Add ContainsKeywordsPredicate for Company, Email, Job, Phone","messageBody":"","fileTypesAndContributionMap":{"functional-code":{"insertions":180,"deletions":0}}},{"hash":"c2587443e656e16189f47fdf4e93ed9d0796209e","isMergeCommit":false,"messageTitle":"Add more messages to Messages.java","messageBody":"","fileTypesAndContributionMap":{"functional-code":{"insertions":1,"deletions":0}}},{"hash":"891fb93621da0c9b683518cd54a59a4ee1f7d6cb","isMergeCommit":false,"messageTitle":"Add FilterCommandParser","messageBody":"","fileTypesAndContributionMap":{"functional-code":{"insertions":107,"deletions":4}}},{"hash":"4f7c30aa0a4a9c777003ec15ea488dddca19911f","isMergeCommit":false,"messageTitle":"Add TagContainsKeywordsPredicate","messageBody":"","fileTypesAndContributionMap":{"functional-code":{"insertions":49,"deletions":0}}},{"hash":"3bb18dc3532ae4319443d248b49f65806ee55dee","isMergeCommit":false,"messageTitle":"Modify user guide","messageBody":"","fileTypesAndContributionMap":{"docs":{"insertions":6,"deletions":3}}},{"hash":"6973342171209aab5c0d9aa875368a76bac73b1f","isMergeCommit":false,"messageTitle":"Add functionality to filter for tags","messageBody":"","fileTypesAndContributionMap":{"functional-code":{"insertions":3,"deletions":5}}},{"hash":"e8d7a20bd3880cc224e62c04e7ff734b5be3c5b6","isMergeCommit":false,"messageTitle":"Modify AddressBookParserTest","messageBody":"","fileTypesAndContributionMap":{"test-code":{"insertions":47,"deletions":0}}},{"hash":"d2edccca64d0ddf1a9ec26fec35b4b99a31adef5","isMergeCommit":false,"messageTitle":"Add and modify tests for all ContainsKeywordsPredicate","messageBody":"","fileTypesAndContributionMap":{"test-code":{"insertions":444,"deletions":2}}},{"hash":"4529fdc61215cd356c0d898fd08b5c2ff351f8ab","isMergeCommit":false,"messageTitle":"Add FilterCommandParserTest","messageBody":"","fileTypesAndContributionMap":{"test-code":{"insertions":75,"deletions":0}}},{"hash":"db241d64219a4c4102cf505a4c20a216a167f260","isMergeCommit":false,"messageTitle":"Add FilterCommandTest","messageBody":"","fileTypesAndContributionMap":{"test-code":{"insertions":248,"deletions":0}}},{"hash":"79f172d41d70228f9d55d5a58424493564f2367a","isMergeCommit":false,"messageTitle":"Adhere to checkstyle requirements","messageBody":"","fileTypesAndContributionMap":{"functional-code":{"insertions":9,"deletions":5},"test-code":{"insertions":7,"deletions":6}}},{"hash":"7671f154551664852c2e0574050ea69c04dad63d","isMergeCommit":false,"messageTitle":"Add test in FilterCommandParserTest to cover invalid args","messageBody":"","fileTypesAndContributionMap":{"test-code":{"insertions":12,"deletions":0}}}]},{"date":"2023-10-14","commitResults":[{"hash":"22c01ba2a7910f25ef4e8bc2c9eaa018a50fcf4c","isMergeCommit":true,"messageTitle":"Merge pull request #124 from xavierpok/create-dateTime-Reduced","messageBody":"Creates LastModifiedDateTime field in Person","fileTypesAndContributionMap":{}}]},{"date":"2023-10-15","commitResults":[{"hash":"cc83cf595d5c9f8b60f94d44f84fb41be44441f2","isMergeCommit":false,"messageTitle":"Edit title of app and logger","messageBody":"","fileTypesAndContributionMap":{"functional-code":{"insertions":4,"deletions":4}}}]},{"date":"2023-10-16","commitResults":[{"hash":"7d0b7320279d2d4b7386528ea3291026a35b8ee9","isMergeCommit":true,"messageTitle":"Merge pull request #129 from xavierpok/add-dateTime-display","messageBody":"Add last modified to UI","fileTypesAndContributionMap":{}},{"hash":"c7b1506052f3c23884f99fce23fbc43b25a0ba97","isMergeCommit":false,"messageTitle":"Edit documentation","messageBody":"","fileTypesAndContributionMap":{"docs":{"insertions":43,"deletions":41}}},{"hash":"90b2e8d3ad66c6255a335657e53c7ece4b9b303d","isMergeCommit":true,"messageTitle":"Merge pull request #131 from xavierpok/update-UG-DateTime","messageBody":"Update User Guide to reflect commands now store date \u0026 time","fileTypesAndContributionMap":{}}]},{"date":"2023-10-18","commitResults":[{"hash":"f7e50fd09631db3518c7c7d5e69519fb8967b814","isMergeCommit":true,"messageTitle":"Merge pull request #133 from xavierpok/add-mark-null-load-check","messageBody":"Add null checking conditional to JsonAdaptedPerson","tags":["v1.2"],"fileTypesAndContributionMap":{}}]},{"date":"2023-10-20","commitResults":[{"hash":"11ce799799bb7819aeae80ae709de84317583f6f","isMergeCommit":false,"messageTitle":"Rename package from seedu.address to connexion","messageBody":"","fileTypesAndContributionMap":{"other":{"insertions":1013,"deletions":1012},"docs":{"insertions":5,"deletions":5},"test-code":{"insertions":2,"deletions":2}}},{"hash":"1b8415d785f7b88831dc3536a4450ba4d1462df8","isMergeCommit":false,"messageTitle":"Fix some javadoc comments","messageBody":"","fileTypesAndContributionMap":{"functional-code":{"insertions":6,"deletions":9}}}]},{"date":"2023-10-23","commitResults":[{"hash":"a5bb4bd3b3239719c7a7b6fa6c8c2ef1e2e905e5","isMergeCommit":false,"messageTitle":"Remove FindCommand and FindCommandParser","messageBody":"","fileTypesAndContributionMap":{"functional-code":{"insertions":0,"deletions":95},"test-code":{"insertions":0,"deletions":134}}},{"hash":"daf9bf16ae356152a4a082819d8d58b85d94107a","isMergeCommit":false,"messageTitle":"Update UG and DG, removing find command","messageBody":"","fileTypesAndContributionMap":{"docs":{"insertions":5,"deletions":38}}}]},{"date":"2023-10-24","commitResults":[{"hash":"6a69201f92ffe95055954c58bd5e43aabd2d4e12","isMergeCommit":false,"messageTitle":"Enable assertions","messageBody":"","fileTypesAndContributionMap":{"other":{"insertions":4,"deletions":0}}}]},{"date":"2023-10-25","commitResults":[{"hash":"3f57a699383c4c05903f6e142f79cc45e8cc1ffa","isMergeCommit":true,"messageTitle":"Merge pull request #147 from imkwokyong/branch-merge-find-filter","messageBody":"Merge find command and filter command","fileTypesAndContributionMap":{}},{"hash":"9cd95c18939cf2bb0e8276993d5e556974b5d124","isMergeCommit":false,"messageTitle":"Modify UML Diagram to change field name","messageBody":"","fileTypesAndContributionMap":{"docs":{"insertions":2,"deletions":1}}},{"hash":"026f36f935ce5182510f0ae06c099e3d034434c7","isMergeCommit":false,"messageTitle":"Modify ModelClassDiagram to correct field names","messageBody":"","fileTypesAndContributionMap":{"docs":{"insertions":6,"deletions":4}}},{"hash":"ebdecbb49188f2384d37948ba6b319bd5fee89b4","isMergeCommit":false,"messageTitle":"Add FilterSequenceDiagram","messageBody":"","fileTypesAndContributionMap":{"docs":{"insertions":78,"deletions":0}}},{"hash":"959ef80a7365ada74fa960ceedb0859eb4c19cc3","isMergeCommit":false,"messageTitle":"Fix bugs in FilterSequenceDiagram","messageBody":"","fileTypesAndContributionMap":{"docs":{"insertions":1,"deletions":1}}},{"hash":"2c5958e8567718878dda4395091c713c511a9c25","isMergeCommit":false,"messageTitle":"Update DG with implementation of filter","messageBody":"","fileTypesAndContributionMap":{"docs":{"insertions":19,"deletions":0}}}]},{"date":"2023-10-26","commitResults":[{"hash":"8c0bd3d173b9fe21546cee4c0a9b4339d604b5ed","isMergeCommit":true,"messageTitle":"Merge pull request #158 from geoffong11/DG-update","messageBody":"update DG on schedule feature implementation","fileTypesAndContributionMap":{}},{"hash":"512dbf8383126c4e1798b976456cc162d2e00327","isMergeCommit":false,"messageTitle":"Change version number","messageBody":"","fileTypesAndContributionMap":{"functional-code":{"insertions":1,"deletions":1}}}]},{"date":"2023-10-28","commitResults":[{"hash":"e407e56481693a81891ab8de4729d1c3e2e50432","isMergeCommit":true,"messageTitle":"Merge pull request #157 from Angelyxx/Add-Detail-Command","messageBody":"Add detail command","fileTypesAndContributionMap":{}}]}],"Angelyxx":[{"date":"2023-09-29","commitResults":[{"hash":"67ee8bd0d44b739375a95dde5493b882542424c4","isMergeCommit":false,"messageTitle":"Update UserGuide.md","messageBody":"","fileTypesAndContributionMap":{"docs":{"insertions":127,"deletions":76}}},{"hash":"ca585ff0073190395f80a67fb81fe1b6748b2a9c","isMergeCommit":false,"messageTitle":"add Angel\u0027s PPP","messageBody":"","fileTypesAndContributionMap":{"docs":{"insertions":22,"deletions":0}}},{"hash":"c66413199f1c982361f2970ece27095dcef85e46","isMergeCommit":false,"messageTitle":"update PPP","messageBody":"","fileTypesAndContributionMap":{"docs":{"insertions":2,"deletions":1}}},{"hash":"164fd806720ea696a092be545476be8d131dd3cf","isMergeCommit":true,"messageTitle":"Merge pull request #56 from xavierpok/reset-test","messageBody":"Revert accidental commits ","fileTypesAndContributionMap":{}},{"hash":"3f827db5b6365fdfe966b7ccbe34e5e8dcb943e1","isMergeCommit":true,"messageTitle":"Merge branch \u0027master\u0027 of https://github.com/AY2324S1-CS2103-F13-1/tp","messageBody":"* \u0027master\u0027 of https://github.com/AY2324S1-CS2103-F13-1/tp:\n  Revert \"Update UserGuide.md\"\n  Revert \"add Angel\u0027s PPP\"\n\n# Conflicts:\n#\tdocs/team/angelyxx.md\n","fileTypesAndContributionMap":{}},{"hash":"169ba524df984f309da47bca1672837e16291543","isMergeCommit":false,"messageTitle":"update user guide","messageBody":"","fileTypesAndContributionMap":{"docs":{"insertions":128,"deletions":77}}}]},{"date":"2023-09-30","commitResults":[{"hash":"b772700831d76b43b6f0e5f507bcfa1470b44403","isMergeCommit":false,"messageTitle":"update readme formatting","messageBody":"","fileTypesAndContributionMap":{"docs":{"insertions":20,"deletions":20}}},{"hash":"ef9e0946659a2522bee9d19ecff9e819d9787810","isMergeCommit":true,"messageTitle":"Merge pull request #58 from xavierpok/add-NFR","messageBody":"Add NFR","fileTypesAndContributionMap":{}},{"hash":"059b4096ead900b1e7369a8e9a3a6df9a14ea8b9","isMergeCommit":true,"messageTitle":"Merge pull request #57 from xavierpok/TargetUser-ValueProp","messageBody":"Add value prop, target user","fileTypesAndContributionMap":{}},{"hash":"76ed3788bad23716637e89e71881fe120fecf88e","isMergeCommit":false,"messageTitle":"add Angel\u0027s PPP","messageBody":"","fileTypesAndContributionMap":{"docs":{"insertions":23,"deletions":0}}},{"hash":"505a69ec5eb8467cc71135febf0ca80716c37c39","isMergeCommit":true,"messageTitle":"Merge branch \u0027master\u0027 of https://github.com/AY2324S1-CS2103-F13-1/tp","messageBody":"* \u0027master\u0027 of https://github.com/AY2324S1-CS2103-F13-1/tp:\n  Add NFR\n  Add value prop, target user\n  Revert \"Revert \"Add user stories to DeveloperGuide.md\"\"\n  Revert \"Add user stories to DeveloperGuide.md\"\n  Add user stories to DeveloperGuide.md\n","fileTypesAndContributionMap":{}},{"hash":"14bfa23a56c9d492bf3ce00fb1db616b712e453f","isMergeCommit":false,"messageTitle":"Update docs/UserGuide.md","messageBody":"Co-authored-by: Kwok Yong \u003c110521168+imkwokyong@users.noreply.github.com\u003e","fileTypesAndContributionMap":{"docs":{"insertions":1,"deletions":1}}},{"hash":"a6925baa7d095157d6840d81fba8c86d57bd81bb","isMergeCommit":false,"messageTitle":"Update docs/UserGuide.md","messageBody":"Co-authored-by: Kwok Yong \u003c110521168+imkwokyong@users.noreply.github.com\u003e","fileTypesAndContributionMap":{"docs":{"insertions":1,"deletions":1}}},{"hash":"81d8d1486e9653438a1b649fe3743e69b9b88f0b","isMergeCommit":false,"messageTitle":"Update docs/UserGuide.md","messageBody":"Co-authored-by: Xavier Pok \u003c54708640+xavierpok@users.noreply.github.com\u003e","fileTypesAndContributionMap":{"docs":{"insertions":2,"deletions":1}}},{"hash":"13646172fd84ed79082807db9394c584f8dff34c","isMergeCommit":true,"messageTitle":"Merge pull request #59 from Angelyxx/master","messageBody":"Update User guide","fileTypesAndContributionMap":{}},{"hash":"1fb1f02d4027284f98dc4c76af6df6fc0ce00acc","isMergeCommit":false,"messageTitle":"fix User guide toc","messageBody":"","fileTypesAndContributionMap":{"docs":{"insertions":10,"deletions":10}}},{"hash":"62883434987535c0acff37a92c51a48d07298186","isMergeCommit":false,"messageTitle":"edit user guide","messageBody":"","fileTypesAndContributionMap":{"docs":{"insertions":1,"deletions":1}}},{"hash":"e82d9c32292443112d4e59f28d2a4e8d72e27674","isMergeCommit":false,"messageTitle":"fix ellipsis character","messageBody":"","fileTypesAndContributionMap":{"docs":{"insertions":2,"deletions":2}}},{"hash":"d152d1130430384834bbaf0dd19e583df1adecc2","isMergeCommit":false,"messageTitle":"fix formmating and update command format","messageBody":"","fileTypesAndContributionMap":{"docs":{"insertions":27,"deletions":27}}},{"hash":"5f88f608f5226173e115a8f332ddf2694fdefacd","isMergeCommit":true,"messageTitle":"Merge branch \u0027master\u0027 of https://github.com/AY2324S1-CS2103-F13-1/tp","messageBody":"* \u0027master\u0027 of https://github.com/AY2324S1-CS2103-F13-1/tp:\n","fileTypesAndContributionMap":{}}]},{"date":"2023-10-06","commitResults":[{"hash":"89ce1a488d6fa07280246160c000878492c31818","isMergeCommit":false,"messageTitle":"edit PPP","messageBody":"","fileTypesAndContributionMap":{"docs":{"insertions":1,"deletions":1}}}]},{"date":"2023-10-17","commitResults":[{"hash":"a880469b119fd21fe394eafef5ee7794da96117b","isMergeCommit":false,"messageTitle":"add mark command function","messageBody":"","fileTypesAndContributionMap":{"functional-code":{"insertions":178,"deletions":12}}}]},{"date":"2023-10-18","commitResults":[{"hash":"169f52855e4d34434b0c805862f4eaa19bc76f0a","isMergeCommit":false,"messageTitle":"update UI for mark command","messageBody":"","fileTypesAndContributionMap":{"functional-code":{"insertions":10,"deletions":3}}},{"hash":"dfa397bb7952c3f5652bfcb18b096c0d3f010864","isMergeCommit":false,"messageTitle":"add unmark command + ui","messageBody":"","fileTypesAndContributionMap":{"functional-code":{"insertions":174,"deletions":4}}},{"hash":"4cc47e539e6e234d02c64c70b33b0aa28f3beb37","isMergeCommit":false,"messageTitle":"Add Tests for mark and unmark commands","messageBody":"","fileTypesAndContributionMap":{"functional-code":{"insertions":10,"deletions":14},"test-code":{"insertions":120,"deletions":17}}},{"hash":"119b68b10601c6ec90d55071587264480ab94edf","isMergeCommit":false,"messageTitle":"edit variable name to naming convention","messageBody":"","fileTypesAndContributionMap":{"functional-code":{"insertions":3,"deletions":3}}},{"hash":"ef8586e2838a75951e8bc7a27a4252c74fd8443f","isMergeCommit":false,"messageTitle":"edit json for test cases","messageBody":"","fileTypesAndContributionMap":{"functional-code":{"insertions":2,"deletions":2}}},{"hash":"cfe11af680443c9812970fa4af0b562ae3a1c0a5","isMergeCommit":false,"messageTitle":"fix minor UI bug","messageBody":"","fileTypesAndContributionMap":{"functional-code":{"insertions":6,"deletions":1}}},{"hash":"9d63e8afb01399886928c4a7e65d3f6240d5eb1f","isMergeCommit":false,"messageTitle":"Edit for checkstyle","messageBody":"","fileTypesAndContributionMap":{"functional-code":{"insertions":4,"deletions":10},"test-code":{"insertions":10,"deletions":9}}},{"hash":"7a590a3da0471197ce7d0a1525824e26c3d6bf6a","isMergeCommit":false,"messageTitle":"edits for checkstyle again","messageBody":"","fileTypesAndContributionMap":{"functional-code":{"insertions":29,"deletions":14}}},{"hash":"4aa80e3b35ab99e69e5f57cedb6e4a6376831ff2","isMergeCommit":false,"messageTitle":"add more tests for codecov","messageBody":"","fileTypesAndContributionMap":{"functional-code":{"insertions":1,"deletions":9},"test-code":{"insertions":218,"deletions":1}}}]},{"date":"2023-10-21","commitResults":[{"hash":"38496fd7149b1465160c1b497942bd889f592dc0","isMergeCommit":true,"messageTitle":"Merge pull request #134 from imkwokyong/branch-change-package-name","messageBody":"Rename package from seedu.address to connexion","fileTypesAndContributionMap":{}}]},{"date":"2023-10-22","commitResults":[{"hash":"ed50e1f44cf2dcd287b402e3166ebf5ed16bfa44","isMergeCommit":true,"messageTitle":"Merge pull request #141 from xavierpok/add-personfield-interface","messageBody":"Add personfield interface","fileTypesAndContributionMap":{}}]},{"date":"2023-10-23","commitResults":[{"hash":"3ff4608f737a52b35704a3e2e3bb3062a25103fa","isMergeCommit":true,"messageTitle":"Merge pull request #143 from xavierpok/add-schedule-stub","messageBody":"Add schedule stub","fileTypesAndContributionMap":{}}]},{"date":"2023-10-25","commitResults":[{"hash":"e643c39e63d1f803695dd40f9ed05a216cc1943c","isMergeCommit":true,"messageTitle":"Merge pull request #149 from imkwokyong/branch-kwokyong","messageBody":"Update DG with implementation of filter and UML diagram changes","fileTypesAndContributionMap":{}},{"hash":"ed5e6b426cee0757c23489a6a4017ae1bbcf426f","isMergeCommit":false,"messageTitle":"Add Detail Command - only has person details - UI not nice yet","messageBody":"","fileTypesAndContributionMap":{"functional-code":{"insertions":289,"deletions":29}}}]},{"date":"2023-10-26","commitResults":[{"hash":"f75d9c41a073ca8f4290e507cceca53932a1c4ba","isMergeCommit":false,"messageTitle":"added dummy note and schedule fields in UI","messageBody":"","fileTypesAndContributionMap":{"functional-code":{"insertions":75,"deletions":42},"other":{"insertions":2,"deletions":2}}},{"hash":"46387aa10490f92822852d7c744db91b8660bff7","isMergeCommit":true,"messageTitle":"Merge branch \u0027master\u0027 of https://github.com/AY2324S1-CS2103-F13-1/tp into Add-Detail-Command","messageBody":"* \u0027master\u0027 of https://github.com/AY2324S1-CS2103-F13-1/tp:\n  Update DG with LastModifiedDateTime\n  Update some UMLs\n","fileTypesAndContributionMap":{}},{"hash":"58cb283435f8b898e2f394821e08154d37fea3d1","isMergeCommit":true,"messageTitle":"Merge pull request #155 from geoffong11/DG-update","messageBody":"Add DG update on schedule feature implementation","fileTypesAndContributionMap":{}},{"hash":"0036e4a1325bc0cc55c8c72a4bf937e33a75ad05","isMergeCommit":false,"messageTitle":"Revert \"Add DG update on schedule feature implementation\"","messageBody":"","fileTypesAndContributionMap":{"docs":{"insertions":8,"deletions":118}}},{"hash":"bcb8674394ea3d054b1fafb1f6cabb6d7eac4102","isMergeCommit":false,"messageTitle":"edit for checkstyle and test coverage","messageBody":"","fileTypesAndContributionMap":{"functional-code":{"insertions":49,"deletions":28},"test-code":{"insertions":8,"deletions":8}}},{"hash":"19c7b33e9f2599305e041f60a00fa3625b85fc70","isMergeCommit":false,"messageTitle":"update UI CSS","messageBody":"","fileTypesAndContributionMap":{"functional-code":{"insertions":3,"deletions":2}}},{"hash":"9db9d1361e3748611cdfd8d0f9b7e4b712f592b7","isMergeCommit":false,"messageTitle":"add Tests for DetailCommand, DetailCommandParser and AddressBookParser","messageBody":"","fileTypesAndContributionMap":{"test-code":{"insertions":94,"deletions":0}}},{"hash":"a7b5125378a72b93ef4393034c38f568d65986be","isMergeCommit":false,"messageTitle":"update DG with mark and unmark implementation","messageBody":"","fileTypesAndContributionMap":{"docs":{"insertions":168,"deletions":1}}},{"hash":"0f6011f197557c1a81b000317f5e7bc0b06c9c02","isMergeCommit":true,"messageTitle":"Merge branch \u0027master\u0027 of https://github.com/AY2324S1-CS2103-F13-1/tp into Update-DG-1.3","messageBody":"* \u0027master\u0027 of https://github.com/AY2324S1-CS2103-F13-1/tp:\n  Caps field variables for scheduleDescriptor\n  update diagram\n  update DG\n\n# Conflicts:\n#\tdocs/diagrams/ScheduleSequenceDiagram.puml\n#\tdocs/images/ScheduleSequenceDiagram.png\n","fileTypesAndContributionMap":{}},{"hash":"1bae4053754e1d0eec85f3c369c57255b7e54c95","isMergeCommit":false,"messageTitle":"edit for accidental override on previous part of the DG","messageBody":"","fileTypesAndContributionMap":{"docs":{"insertions":19,"deletions":1}}},{"hash":"d31181fdff5ffbd28d7c4d91cb1770fb74fafdb3","isMergeCommit":false,"messageTitle":"add activity diagram for mark sequence","messageBody":"","fileTypesAndContributionMap":{"docs":{"insertions":29,"deletions":0}}},{"hash":"9c6bfc9885fce10332a4d0d9210db9a224b4d06e","isMergeCommit":false,"messageTitle":"add arrow for formatting","messageBody":"","fileTypesAndContributionMap":{"docs":{"insertions":1,"deletions":0}}}]},{"date":"2023-10-27","commitResults":[{"hash":"86d8f0565771b9fbe8e096cb41f52bf5206ef50f","isMergeCommit":false,"messageTitle":"debugged UI and MarkCommand for edit","messageBody":"","fileTypesAndContributionMap":{"functional-code":{"insertions":65,"deletions":24},"test-code":{"insertions":13,"deletions":8}}},{"hash":"a8748860d99d2ff939128cf7fe8e33e7926d2c97","isMergeCommit":true,"messageTitle":"Merge branch \u0027master\u0027 of https://github.com/AY2324S1-CS2103-F13-1/tp into Add-Detail-Command","messageBody":"* \u0027master\u0027 of https://github.com/AY2324S1-CS2103-F13-1/tp:\n  Change version number\n  add arrow for formatting\n  add activity diagram for mark sequence\n  edit for accidental override on previous part of the DG\n  update DG with mark and unmark implementation\n  Caps field variables for scheduleDescriptor\n  update diagram\n  update DG\n  Revert \"Add DG update on schedule feature implementation\"\n  clear checkstyle\n  update DG for schedule feature\n  Revert \"merge changes\"\n  merge changes\n","fileTypesAndContributionMap":{}},{"hash":"3ea9303be76ddded446c1dd90ae0ba8942922157","isMergeCommit":false,"messageTitle":"Updates for UI and DG - Updated LastModified to only be personViewPanel - DG updates for correcting ClockDependentParser","messageBody":"","fileTypesAndContributionMap":{"functional-code":{"insertions":15,"deletions":7},"docs":{"insertions":7,"deletions":7},"test-code":{"insertions":0,"deletions":3}}},{"hash":"50b516cf8941d9b4ec3dbe4ad245c76672dabb31","isMergeCommit":false,"messageTitle":"add test for isValidMark()","messageBody":"","fileTypesAndContributionMap":{"test-code":{"insertions":13,"deletions":0}}},{"hash":"f2c54cf03fc866ee8988cf8b09204f63c182d074","isMergeCommit":false,"messageTitle":"testingg","messageBody":"","fileTypesAndContributionMap":{"docs":{"insertions":3,"deletions":3}}},{"hash":"6d1b22c71662a4876dfadb2578a9c4fc6b0bb30f","isMergeCommit":true,"messageTitle":"Merge branch \u0027master\u0027 of https://github.com/AY2324S1-CS2103-F13-1/tp into Add-Detail-Command","messageBody":"* \u0027master\u0027 of https://github.com/AY2324S1-CS2103-F13-1/tp:\n  Add missing image to DG\n","fileTypesAndContributionMap":{}},{"hash":"e1eb3ba465ba919475ba9ed3f9d0ef0d75db2ad2","isMergeCommit":true,"messageTitle":"Merge branch \u0027Add-Detail-Command\u0027 of https://github.com/Angelyxx/tp into Add-Detail-Command","messageBody":"* \u0027Add-Detail-Command\u0027 of https://github.com/Angelyxx/tp:\n  D:\u003c\n  EOF for gradle \u003e:(\n  testingg\n  debug\n  CI check\n","fileTypesAndContributionMap":{}}]}],"geoffong11":[{"date":"2023-09-24","commitResults":[{"hash":"0bca6d3c3bcbde854a721de2fbd69fe1831768fb","isMergeCommit":false,"messageTitle":"update","messageBody":"","fileTypesAndContributionMap":{"docs":{"insertions":3,"deletions":2}}},{"hash":"00ee06a18490454b1332a2efeb162ad66c978872","isMergeCommit":true,"messageTitle":"update master","messageBody":"","fileTypesAndContributionMap":{}}]},{"date":"2023-09-27","commitResults":[{"hash":"fa8ad073296791557f559a68a09104f12e06351a","isMergeCommit":true,"messageTitle":"Merge branch \u0027master\u0027 of https://github.com/AY2324S1-CS2103-F13-1/tp","messageBody":"","fileTypesAndContributionMap":{}},{"hash":"66800102a74264b2f860123fae020737ec0ef5c7","isMergeCommit":true,"messageTitle":"Merge pull request #49 from imkwokyong/branch-kwokyong","messageBody":"Update README.md and imkwokyong PPP","fileTypesAndContributionMap":{}},{"hash":"9634bb5cd5641fda45a4dc36307e0d4f25944568","isMergeCommit":true,"messageTitle":"update ReadMe","messageBody":"","fileTypesAndContributionMap":{}},{"hash":"565f26bbc5cd9e157a8f7e58207afb4392312277","isMergeCommit":false,"messageTitle":"update PPP and enter some use cases","messageBody":"","fileTypesAndContributionMap":{"docs":{"insertions":58,"deletions":3}}},{"hash":"70937e742936507e0c0602a00c09ec41ce7d4210","isMergeCommit":false,"messageTitle":"update use cases","messageBody":"","fileTypesAndContributionMap":{"docs":{"insertions":23,"deletions":2}}},{"hash":"afa9dad996696f7cd40bea41ea550771d5ed50ba","isMergeCommit":true,"messageTitle":"Merge branch \u0027master\u0027 of https://github.com/AY2324S1-CS2103-F13-1/tp","messageBody":"","fileTypesAndContributionMap":{}},{"hash":"e7aa3d388c38ebfd42ade7b535efd8da7e534f8e","isMergeCommit":true,"messageTitle":"Merge branch \u0027master\u0027 into PPP","messageBody":"","fileTypesAndContributionMap":{}},{"hash":"29483c54017dce88430552767887124a2a3e1da1","isMergeCommit":false,"messageTitle":"finish up use cases","messageBody":"","fileTypesAndContributionMap":{"docs":{"insertions":13,"deletions":7}}},{"hash":"f3b096c6a97ff7eb681f039d6a6f25ab0b8dbc53","isMergeCommit":false,"messageTitle":"update glossary","messageBody":"","fileTypesAndContributionMap":{"docs":{"insertions":10,"deletions":4}}},{"hash":"669bedf7d53717fa8266ce5a09d24021fb7822da","isMergeCommit":false,"messageTitle":"update use cases","messageBody":"","fileTypesAndContributionMap":{"docs":{"insertions":2,"deletions":2}}},{"hash":"9d12b4f5a66a9eabaf71ae99befd25487b12de80","isMergeCommit":false,"messageTitle":"add more details to use cases","messageBody":"","fileTypesAndContributionMap":{"docs":{"insertions":45,"deletions":29}}},{"hash":"ea0a0226a755b4213eb2e688e1e416d115c958e2","isMergeCommit":false,"messageTitle":"checkstyle","messageBody":"","fileTypesAndContributionMap":{"docs":{"insertions":6,"deletions":6}}}]},{"date":"2023-09-28","commitResults":[{"hash":"c50367787235cc3724cc386df3113c28597b1896","isMergeCommit":false,"messageTitle":"change use cases","messageBody":"","fileTypesAndContributionMap":{"docs":{"insertions":22,"deletions":34}}},{"hash":"26152310ead60caf1347971492be2653bf56f437","isMergeCommit":false,"messageTitle":"change use cases to for more general approach","messageBody":"","fileTypesAndContributionMap":{"docs":{"insertions":15,"deletions":16}}},{"hash":"38bc11dd4981d81b0ae9f2fb53d60e0fcae6a028","isMergeCommit":false,"messageTitle":"add mark use case","messageBody":"","fileTypesAndContributionMap":{"docs":{"insertions":17,"deletions":13}}}]},{"date":"2023-09-30","commitResults":[{"hash":"e24664cc41b13d406abeddf748128369a98954d5","isMergeCommit":false,"messageTitle":"check","messageBody":"","fileTypesAndContributionMap":{"docs":{"insertions":10,"deletions":10}}},{"hash":"b7f40142cf87ac446e82696d44f4df23854f4238","isMergeCommit":true,"messageTitle":"resolve merge conflict","messageBody":"","fileTypesAndContributionMap":{}},{"hash":"3c8cc2d0d8d7bc94a652cbff312c8c23b75587c5","isMergeCommit":false,"messageTitle":"abstract use case list","messageBody":"","fileTypesAndContributionMap":{"docs":{"insertions":46,"deletions":41}}},{"hash":"a4dca82640792ef177f5f95e9d2895cc144139c5","isMergeCommit":true,"messageTitle":"Merge branch \u0027master\u0027 of https://github.com/AY2324S1-CS2103-F13-1/tp","messageBody":"","fileTypesAndContributionMap":{}},{"hash":"1a88d666f5e377bd15e1d69499f24b2b721c9052","isMergeCommit":true,"messageTitle":"Merge branch \u0027master\u0027 into Update-User-Stories","messageBody":"","fileTypesAndContributionMap":{}},{"hash":"914bc93a229bcd642146ce9b538724f92bb105e2","isMergeCommit":false,"messageTitle":"update merge conflict","messageBody":"","fileTypesAndContributionMap":{"docs":{"insertions":1,"deletions":5}}},{"hash":"4589f4ad6a3b023d3b9d67fcb08cc3238b84ca3b","isMergeCommit":false,"messageTitle":"resolve merge conflict","messageBody":"","fileTypesAndContributionMap":{"docs":{"insertions":0,"deletions":1}}},{"hash":"287260a4b2dbfd42b376242c1d67b6a99cd3ebb3","isMergeCommit":true,"messageTitle":"Merge branch \u0027master\u0027 of https://github.com/AY2324S1-CS2103-F13-1/tp","messageBody":"","fileTypesAndContributionMap":{}},{"hash":"b6a71bc721c75a5344c6e5e4090b189eb6f75acd","isMergeCommit":true,"messageTitle":"Merge branch \u0027master\u0027 into Update-User-Stories","messageBody":"","fileTypesAndContributionMap":{}},{"hash":"07bc3f1213a10bc9744783e1e9841649ef8cb3f6","isMergeCommit":false,"messageTitle":"update merge","messageBody":"","fileTypesAndContributionMap":{"docs":{"insertions":0,"deletions":1}}}]},{"date":"2023-10-01","commitResults":[{"hash":"8b50e0be1e9f35cab0acb8ed2869666a9e2d3b9e","isMergeCommit":true,"messageTitle":"Merge pull request #92 from imkwokyong/branch-kwokyong","messageBody":"Update README and fix User Guide issues","fileTypesAndContributionMap":{}}]},{"date":"2023-10-10","commitResults":[{"hash":"6bd552a492709a1ed234d5438134f818b2daf3fd","isMergeCommit":false,"messageTitle":"modify add and edit methods to match output in user guide","messageBody":"","fileTypesAndContributionMap":{"functional-code":{"insertions":278,"deletions":72}}}]},{"date":"2023-10-11","commitResults":[{"hash":"7115561e81c95b2b55a4f8b76b2f17d09b20b236","isMergeCommit":false,"messageTitle":"modify test cases and add company test cases and job test cases","messageBody":"","fileTypesAndContributionMap":{"functional-code":{"insertions":1,"deletions":1},"test-code":{"insertions":400,"deletions":148}}},{"hash":"52a615891479d7ca4c41e954e0c7a2cb94dff470","isMergeCommit":false,"messageTitle":"delete address and irrelevant test cases","messageBody":"","fileTypesAndContributionMap":{"functional-code":{"insertions":0,"deletions":65},"test-code":{"insertions":0,"deletions":56}}},{"hash":"6dae7ae3246e500378c60b7073fd6bead8de62ea","isMergeCommit":false,"messageTitle":"fix CI issues and edit some javadocs comments","messageBody":"","fileTypesAndContributionMap":{"functional-code":{"insertions":11,"deletions":9}}},{"hash":"39dabf9558dd66ee2fe2384c6e436a32394221b2","isMergeCommit":false,"messageTitle":"modify code to pass checkstyle","messageBody":"","fileTypesAndContributionMap":{"test-code":{"insertions":57,"deletions":42}}},{"hash":"e01b0722b66567b6bddc749883f625db0439b971","isMergeCommit":false,"messageTitle":"modify for checkstyle","messageBody":"","fileTypesAndContributionMap":{"test-code":{"insertions":4,"deletions":10}}},{"hash":"a3731030a171d88856d87f137ffbd3a17ad31732","isMergeCommit":false,"messageTitle":"modify for checkstyle","messageBody":"","fileTypesAndContributionMap":{"test-code":{"insertions":2,"deletions":0}}},{"hash":"f7e7fbecee1ad72fc3fd92914730659fadc0adb2","isMergeCommit":false,"messageTitle":"modify for checkstyle","messageBody":"","fileTypesAndContributionMap":{"other":{"insertions":1,"deletions":0}}}]},{"date":"2023-10-20","commitResults":[{"hash":"2d7214ad8d4be5edac5cbef5506c540eb7d50e9c","isMergeCommit":false,"messageTitle":"merge changes","messageBody":"","fileTypesAndContributionMap":{"functional-code":{"insertions":1528,"deletions":1528},"other":{"insertions":73,"deletions":73},"docs":{"insertions":911,"deletions":911},"test-code":{"insertions":2135,"deletions":2135}}},{"hash":"76ca1333d7dfb20bfe5b1878c310a3cc2365d985","isMergeCommit":false,"messageTitle":"Revert \"merge changes\"","messageBody":"This reverts commit 2d7214ad8d4be5edac5cbef5506c540eb7d50e9c.\n","fileTypesAndContributionMap":{"functional-code":{"insertions":1528,"deletions":1528},"other":{"insertions":73,"deletions":73},"docs":{"insertions":911,"deletions":911},"test-code":{"insertions":2135,"deletions":2135}}},{"hash":"668cb0214c583cc33992559d06be9b6ff345446a","isMergeCommit":true,"messageTitle":"Merge branch \u0027master\u0027 of https://github.com/AY2324S1-CS2103-F13-1/tp","messageBody":"","fileTypesAndContributionMap":{}}]},{"date":"2023-10-23","commitResults":[{"hash":"9a6913b36a957ed7b01c36cf589dfa33f73f1875","isMergeCommit":true,"messageTitle":"Merge branch \u0027master\u0027 of https://github.com/AY2324S1-CS2103-F13-1/tp","messageBody":"","fileTypesAndContributionMap":{}}]},{"date":"2023-10-24","commitResults":[{"hash":"489aa25881c108328438f2f0f43015cc21af76f2","isMergeCommit":true,"messageTitle":"Merge pull request #148 from imkwokyong/branch-kwokyong","messageBody":"Enable assertions","fileTypesAndContributionMap":{}}]},{"date":"2023-10-25","commitResults":[{"hash":"01701c12797a00e4ed0ef709ac746ca77c90484f","isMergeCommit":true,"messageTitle":"Merge branch \u0027master\u0027 of https://github.com/AY2324S1-CS2103-F13-1/tp","messageBody":"","fileTypesAndContributionMap":{}},{"hash":"672d0572ce01b41c0cfbfa01c21c179730762f67","isMergeCommit":true,"messageTitle":"Merge pull request #152 from xavierpok/update-xavier-dg","messageBody":"Update xavier dg","fileTypesAndContributionMap":{}},{"hash":"96269b500cf92d1f020a7f4f2a118a4df604fcbc","isMergeCommit":true,"messageTitle":"Merge branch \u0027master\u0027 of https://github.com/AY2324S1-CS2103-F13-1/tp","messageBody":"","fileTypesAndContributionMap":{}},{"hash":"98496556017c18e1fa953d7eac929e331a9575c7","isMergeCommit":true,"messageTitle":"Merge branch \u0027master\u0027 into DG-update","messageBody":"","fileTypesAndContributionMap":{}}]},{"date":"2023-10-26","commitResults":[{"hash":"d6b5c999140e27fe2d7c105460322692721ef2a4","isMergeCommit":false,"messageTitle":"update DG for schedule feature","messageBody":"","fileTypesAndContributionMap":{"docs":{"insertions":110,"deletions":0}}},{"hash":"0e6103a3828da788bfa6fc83dd503c0b84cc701f","isMergeCommit":false,"messageTitle":"clear checkstyle","messageBody":"","fileTypesAndContributionMap":{"docs":{"insertions":9,"deletions":9}}},{"hash":"616dd04c32b516e3eae332c34fb6f014ec4aaf24","isMergeCommit":false,"messageTitle":"update DG","messageBody":"","fileTypesAndContributionMap":{"docs":{"insertions":19,"deletions":21}}},{"hash":"a75fafbfc64c14cb209df69d9fde9cb76c333c0b","isMergeCommit":false,"messageTitle":"Caps field variables for scheduleDescriptor","messageBody":"","fileTypesAndContributionMap":{"docs":{"insertions":1,"deletions":1}}},{"hash":"467dce8585b53f260518b1d4b04855e02b624888","isMergeCommit":true,"messageTitle":"Merge pull request #161 from Angelyxx/Update-DG-1.3","messageBody":"Update Developer guide with mark and unmark implementation","fileTypesAndContributionMap":{}},{"hash":"55e4c94bd5bcfcbc12d337a2ed76a02fcb9ae527","isMergeCommit":true,"messageTitle":"Merge pull request #169 from imkwokyong/branch-kwokyong","messageBody":"Change version number","tags":["v1.3.trial"],"fileTypesAndContributionMap":{}}]},{"date":"2023-10-27","commitResults":[{"hash":"c81a499b8660e5736b53befae4697160df50ddc7","isMergeCommit":true,"messageTitle":"Merge pull request #171 from xavierpok/fix-missing-img","messageBody":"Add missing image to DG","fileTypesAndContributionMap":{}}]}]},"authorFileTypeContributionMap":{"xavierpok":{"docs":203,"functional-code":598,"test-code":550},"imkwokyong":{"docs":175,"functional-code":729,"test-code":1336,"other":7},"Angelyxx":{"docs":344,"functional-code":726,"test-code":418},"geoffong11":{"docs":205,"functional-code":241,"test-code":337,"other":1}},"authorContributionVariance":{"xavierpok":18966.014,"imkwokyong":147495.34,"Angelyxx":29215.162,"geoffong11":9058964.0},"authorDisplayNameMap":{"xavierpok":"CS2103-F13-1 POK ..VIER","imkwokyong":"CS2103-F13-1 KUAN..YONG","Angelyxx":"CS2103-F13-1 ANGE..XUAN","geoffong11":"CS2103-F13-1 ONG ..EOFF"}}
