[{"path":"README.md","fileType":"docs","lines":[{"lineNumber":1,"author":{"gitId":"pangyyen"},"content":"# CareCentral App README ","lastModifiedDate":"2023-10-04"},{"lineNumber":2,"author":{"gitId":"-"},"content":"","lastModifiedDate":"2020-05-23"},{"lineNumber":3,"author":{"gitId":"pangyyen"},"content":"## 🌟 Overview","lastModifiedDate":"2023-10-04"},{"lineNumber":4,"author":{"gitId":"pangyyen"},"content":"","lastModifiedDate":"2023-10-04"},{"lineNumber":5,"author":{"gitId":"pangyyen"},"content":"CareCentral is an app designed specifically for healthcare professionals, including doctors, nurses, and hospital staff aged between 25-60 years. With a focus on streamlining patient management and appointment scheduling, CareCentral is the ultimate tool for modern healthcare providers who are comfortable with digital solutions and are looking to enhance efficiency and patient care quality.","lastModifiedDate":"2023-10-04"},{"lineNumber":6,"author":{"gitId":"pangyyen"},"content":"","lastModifiedDate":"2023-10-04"},{"lineNumber":7,"author":{"gitId":"pangyyen"},"content":"## 🤔 Problem Addressed","lastModifiedDate":"2023-10-04"},{"lineNumber":8,"author":{"gitId":"pangyyen"},"content":"","lastModifiedDate":"2023-10-04"},{"lineNumber":9,"author":{"gitId":"pangyyen"},"content":"Healthcare professionals often grapple with the complexities of organizing patient records and ensuring timely appointments. CareCentral addresses these challenges by centralizing these tasks, promoting a more streamlined and efficient medical practice. This not only elevates the quality of patient care but also significantly reduces administrative burdens.","lastModifiedDate":"2023-10-04"},{"lineNumber":10,"author":{"gitId":"pangyyen"},"content":"","lastModifiedDate":"2023-10-04"},{"lineNumber":11,"author":{"gitId":"pangyyen"},"content":"## 💪 Value Proposition","lastModifiedDate":"2023-10-04"},{"lineNumber":12,"author":{"gitId":"pangyyen"},"content":"","lastModifiedDate":"2023-10-04"},{"lineNumber":13,"author":{"gitId":"pangyyen"},"content":"Elevate your medical practice with CareCentral, your all-in-one digital assistant. Seamlessly manage patient records and ensure punctual appointments. Say goodbye to administrative hassles and focus on what truly matters - providing exceptional patient care.","lastModifiedDate":"2023-10-04"},{"lineNumber":14,"author":{"gitId":"pangyyen"},"content":"","lastModifiedDate":"2023-10-04"},{"lineNumber":15,"author":{"gitId":"pangyyen"},"content":"## 🚀 Features (Stay tuned for more!)","lastModifiedDate":"2023-10-04"},{"lineNumber":16,"author":{"gitId":"-"},"content":"","lastModifiedDate":"2020-05-23"},{"lineNumber":17,"author":{"gitId":"pangyyen"},"content":"1. **Create Patient Record** 📝","lastModifiedDate":"2023-10-04"},{"lineNumber":18,"author":{"gitId":"pangyyen"},"content":"2. **List Patients** 👥","lastModifiedDate":"2023-10-04"},{"lineNumber":19,"author":{"gitId":"pangyyen"},"content":"3. **Edit Patient Record** ✏️","lastModifiedDate":"2023-10-04"},{"lineNumber":20,"author":{"gitId":"pangyyen"},"content":"4. **Delete Patient Record** 🗑️","lastModifiedDate":"2023-10-04"},{"lineNumber":21,"author":{"gitId":"pangyyen"},"content":"","lastModifiedDate":"2023-10-04"},{"lineNumber":22,"author":{"gitId":"pangyyen"},"content":"## 🙏 Acknowledgements","lastModifiedDate":"2023-10-04"},{"lineNumber":23,"author":{"gitId":"pangyyen"},"content":"","lastModifiedDate":"2023-10-04"},{"lineNumber":24,"author":{"gitId":"pangyyen"},"content":"We are grateful to the healthcare community for their insights and contributions to making CareCentral a tool that truly addresses the needs of modern healthcare professionals. A big thank you! 🎉","lastModifiedDate":"2023-10-04"},{"lineNumber":25,"author":{"gitId":"pangyyen"},"content":"","lastModifiedDate":"2023-10-04"},{"lineNumber":26,"author":{"gitId":"pangyyen"},"content":"This project is based on the AddressBook-Level3 project created by the [SE-EDU initiative](https://se-education.org).","lastModifiedDate":"2023-10-04"},{"lineNumber":27,"author":{"gitId":"pangyyen"},"content":"","lastModifiedDate":"2023-10-04"},{"lineNumber":28,"author":{"gitId":"pangyyen"},"content":"","lastModifiedDate":"2023-10-04"},{"lineNumber":29,"author":{"gitId":"pangyyen"},"content":"[![CI Status](https://github.com/se-edu/addressbook-level3/workflows/Java%20CI/badge.svg)](https://github.com/AY2324S1-CS2103T-F08-1/tp/actions)","lastModifiedDate":"2023-10-04"},{"lineNumber":30,"author":{"gitId":"pangyyen"},"content":"","lastModifiedDate":"2023-10-04"},{"lineNumber":31,"author":{"gitId":"pangyyen"},"content":"![Ui](docs/images/Ui.png)","lastModifiedDate":"2023-10-04"}],"authorContributionMap":{"pangyyen":29,"-":2}},{"path":"docs/AboutUs.md","fileType":"docs","lines":[{"lineNumber":1,"author":{"gitId":"-"},"content":"---","lastModifiedDate":"2020-05-23"},{"lineNumber":2,"author":{"gitId":"-"},"content":"layout: page","lastModifiedDate":"2020-05-23"},{"lineNumber":3,"author":{"gitId":"-"},"content":"title: About Us","lastModifiedDate":"2020-05-23"},{"lineNumber":4,"author":{"gitId":"-"},"content":"---","lastModifiedDate":"2020-05-23"},{"lineNumber":5,"author":{"gitId":"-"},"content":"","lastModifiedDate":"2020-05-23"},{"lineNumber":6,"author":{"gitId":"-"},"content":"We are a team based in the [School of Computing, National University of Singapore](http://www.comp.nus.edu.sg).","lastModifiedDate":"2020-05-23"},{"lineNumber":7,"author":{"gitId":"-"},"content":"","lastModifiedDate":"2020-05-23"},{"lineNumber":8,"author":{"gitId":"-"},"content":"You can reach us at the email `seer[at]comp.nus.edu.sg`","lastModifiedDate":"2020-06-17"},{"lineNumber":9,"author":{"gitId":"-"},"content":"","lastModifiedDate":"2020-06-17"},{"lineNumber":10,"author":{"gitId":"-"},"content":"## Project team","lastModifiedDate":"2020-06-07"},{"lineNumber":11,"author":{"gitId":"-"},"content":"","lastModifiedDate":"2020-05-23"},{"lineNumber":12,"author":{"gitId":"pangyyen"},"content":"### Gan Pang Yen","lastModifiedDate":"2023-10-04"},{"lineNumber":13,"author":{"gitId":"-"},"content":"","lastModifiedDate":"2020-05-23"},{"lineNumber":14,"author":{"gitId":"pangyyen"},"content":"\u003cimg src\u003d\"images/pangyyen.png\" width\u003d\"200px\"\u003e","lastModifiedDate":"2023-10-04"},{"lineNumber":15,"author":{"gitId":"-"},"content":"","lastModifiedDate":"2020-05-23"},{"lineNumber":16,"author":{"gitId":"pangyyen"},"content":"[[GitHub](https://github.com/pangyyen)]","lastModifiedDate":"2023-10-04"},{"lineNumber":17,"author":{"gitId":"pangyyen"},"content":"[[LinkIn](https://www.linkedin.com/in/gan-pang-yen-222333227/)]","lastModifiedDate":"2023-10-04"},{"lineNumber":18,"author":{"gitId":"-"},"content":"","lastModifiedDate":"2020-05-23"},{"lineNumber":19,"author":{"gitId":"pangyyen"},"content":"* Role: Developer","lastModifiedDate":"2023-10-04"},{"lineNumber":20,"author":{"gitId":"pangyyen"},"content":"* Responsibilities: UI, Storage, Logic, Documentation, Testing","lastModifiedDate":"2023-10-04"},{"lineNumber":21,"author":{"gitId":"-"},"content":"","lastModifiedDate":"2020-05-23"},{"lineNumber":22,"author":{"gitId":"LimJH2002"},"content":"### LIM JIAN HONG","lastModifiedDate":"2023-10-04"},{"lineNumber":23,"author":{"gitId":"-"},"content":"","lastModifiedDate":"2020-05-23"},{"lineNumber":24,"author":{"gitId":"LimJH2002"},"content":"\u003cimg src\u003d\"images/limjh2002.png\" width\u003d\"200px\"\u003e","lastModifiedDate":"2023-10-04"},{"lineNumber":25,"author":{"gitId":"-"},"content":"","lastModifiedDate":"2020-05-23"},{"lineNumber":26,"author":{"gitId":"LimJH2002"},"content":"[[GitHub](http://github.com/LimJH2002)]","lastModifiedDate":"2023-10-04"},{"lineNumber":27,"author":{"gitId":"LimJH2002"},"content":"[[LinkedIn](https://www.linkedin.com/in/l1mjh)]","lastModifiedDate":"2023-10-04"},{"lineNumber":28,"author":{"gitId":"-"},"content":"","lastModifiedDate":"2020-05-23"},{"lineNumber":29,"author":{"gitId":"-"},"content":"* Role: Developer","lastModifiedDate":"2023-10-04"},{"lineNumber":30,"author":{"gitId":"LimJH2002"},"content":"* Responsibilities: UI, Storage, Logic, Documentation, Testing","lastModifiedDate":"2023-10-04"},{"lineNumber":31,"author":{"gitId":"-"},"content":"","lastModifiedDate":"2020-05-23"},{"lineNumber":32,"author":{"gitId":"tanboonkhong"},"content":"### Tan Boon Khong","lastModifiedDate":"2023-10-04"},{"lineNumber":33,"author":{"gitId":"-"},"content":"","lastModifiedDate":"2020-05-23"},{"lineNumber":34,"author":{"gitId":"tanboonkhong"},"content":"\u003cimg src\u003d\"images/tanboonkhong.png\" width\u003d\"200px\"\u003e","lastModifiedDate":"2023-10-04"},{"lineNumber":35,"author":{"gitId":"-"},"content":"","lastModifiedDate":"2020-05-23"},{"lineNumber":36,"author":{"gitId":"tanboonkhong"},"content":"[[GitHub](http://github.com/tanboonkhong)] [[LinkedIn](https://www.linkedin.com/in/boon-khong-tan-bb71491ab/)]","lastModifiedDate":"2023-10-04"},{"lineNumber":37,"author":{"gitId":"-"},"content":"","lastModifiedDate":"2020-05-23"},{"lineNumber":38,"author":{"gitId":"-"},"content":"* Role: Developer","lastModifiedDate":"2020-05-23"},{"lineNumber":39,"author":{"gitId":"tanboonkhong"},"content":"* Responsibilities: UI, Storage, Logic, Documentation, Testing","lastModifiedDate":"2023-10-04"},{"lineNumber":40,"author":{"gitId":"-"},"content":"","lastModifiedDate":"2020-05-23"},{"lineNumber":41,"author":{"gitId":"lyuanww"},"content":"### Wong Li Yuan","lastModifiedDate":"2023-10-04"},{"lineNumber":42,"author":{"gitId":"-"},"content":"","lastModifiedDate":"2020-05-23"},{"lineNumber":43,"author":{"gitId":"lyuanww"},"content":"\u003cimg src\u003d\"images/lyuanww.png\" width\u003d\"200px\"\u003e","lastModifiedDate":"2023-10-04"},{"lineNumber":44,"author":{"gitId":"-"},"content":"","lastModifiedDate":"2020-05-23"},{"lineNumber":45,"author":{"gitId":"lyuanww"},"content":"[[Github](https://github.com/lyuanww)]","lastModifiedDate":"2023-10-04"},{"lineNumber":46,"author":{"gitId":"lyuanww"},"content":"[[LinkedIn](https://www.linkedin.com/in/li-yuan-wong-4580a0266/)]","lastModifiedDate":"2023-10-04"},{"lineNumber":47,"author":{"gitId":"-"},"content":"","lastModifiedDate":"2020-05-23"},{"lineNumber":48,"author":{"gitId":"-"},"content":"* Role: Developer","lastModifiedDate":"2020-05-23"},{"lineNumber":49,"author":{"gitId":"lyuanww"},"content":"* Responsibilities: UI, Storage, Logic, Documentation, Testing","lastModifiedDate":"2023-10-04"},{"lineNumber":50,"author":{"gitId":"-"},"content":"","lastModifiedDate":"2020-05-23"}],"authorContributionMap":{"tanboonkhong":4,"pangyyen":6,"LimJH2002":5,"lyuanww":5,"-":30}},{"path":"docs/DeveloperGuide.md","fileType":"docs","lines":[{"lineNumber":1,"author":{"gitId":"pangyyen"},"content":"# Developer Guide for CareCentral","lastModifiedDate":"2023-10-04"},{"lineNumber":2,"author":{"gitId":"pangyyen"},"content":"","lastModifiedDate":"2023-10-04"},{"lineNumber":3,"author":{"gitId":"pangyyen"},"content":"## Product Scope","lastModifiedDate":"2023-10-04"},{"lineNumber":4,"author":{"gitId":"pangyyen"},"content":"","lastModifiedDate":"2023-10-04"},{"lineNumber":5,"author":{"gitId":"pangyyen"},"content":"### Target User Profile","lastModifiedDate":"2023-10-04"},{"lineNumber":6,"author":{"gitId":"pangyyen"},"content":"","lastModifiedDate":"2023-10-04"},{"lineNumber":7,"author":{"gitId":"pangyyen"},"content":"- **Age:** 25-60 years","lastModifiedDate":"2023-10-04"},{"lineNumber":8,"author":{"gitId":"pangyyen"},"content":"- **Occupation:** Healthcare professionals including doctors, nurses, and medical practitioners","lastModifiedDate":"2023-10-04"},{"lineNumber":9,"author":{"gitId":"pangyyen"},"content":"- **Tech Comfort:** Regular smartphone and app user, seeks digital solutions to streamline work","lastModifiedDate":"2023-10-04"},{"lineNumber":10,"author":{"gitId":"pangyyen"},"content":"- **Needs:** Efficiently manage patient records, timely appointment reminders, and a seamless referral process","lastModifiedDate":"2023-10-04"},{"lineNumber":11,"author":{"gitId":"-"},"content":"","lastModifiedDate":"2020-05-23"},{"lineNumber":12,"author":{"gitId":"pangyyen"},"content":"### Problem Addressed","lastModifiedDate":"2023-10-04"},{"lineNumber":13,"author":{"gitId":"pangyyen"},"content":"","lastModifiedDate":"2023-10-04"},{"lineNumber":14,"author":{"gitId":"pangyyen"},"content":"CareCentral tackles the complexities healthcare professionals face in organizing patient records, ensuring timely appointments, and coordinating referral processes. By centralizing these tasks, it promotes a more streamlined and efficient medical practice, enabling better patient care and reduced administrative burdens.","lastModifiedDate":"2023-10-04"},{"lineNumber":15,"author":{"gitId":"-"},"content":"","lastModifiedDate":"2023-10-04"},{"lineNumber":16,"author":{"gitId":"pangyyen"},"content":"### Value Proposition","lastModifiedDate":"2023-10-04"},{"lineNumber":17,"author":{"gitId":"-"},"content":"","lastModifiedDate":"2023-10-04"},{"lineNumber":18,"author":{"gitId":"pangyyen"},"content":"Streamline medical practice with CareCentral, designed for healthcare professionals. Seamlessly manage patient records, ensure punctual appointments, and coordinate referrals. Elevate patient care while reducing administrative tasks, all in one intuitive platform.","lastModifiedDate":"2023-10-04"},{"lineNumber":19,"author":{"gitId":"-"},"content":"","lastModifiedDate":"2023-10-04"},{"lineNumber":20,"author":{"gitId":"pangyyen"},"content":"## User Stories","lastModifiedDate":"2023-10-04"},{"lineNumber":21,"author":{"gitId":"-"},"content":"","lastModifiedDate":"2023-10-04"},{"lineNumber":22,"author":{"gitId":"pangyyen"},"content":"### Doctor","lastModifiedDate":"2023-10-04"},{"lineNumber":23,"author":{"gitId":"-"},"content":"","lastModifiedDate":"2023-10-04"},{"lineNumber":24,"author":{"gitId":"pangyyen"},"content":"- As a doctor (Age: 30-60), I can easily create, access, and edit patient records on my smartphone app to provide accurate and efficient care during patient visits.","lastModifiedDate":"2023-10-04"},{"lineNumber":25,"author":{"gitId":"pangyyen"},"content":"- As a doctor, I can share and edit surgical notes and post-operative care instructions with my patients through the app, ensuring they have all the necessary information.","lastModifiedDate":"2023-10-04"},{"lineNumber":26,"author":{"gitId":"pangyyen"},"content":"- As a doctor, I can securely store patient therapy notes in the app, ensuring confidentiality and continuity of care.","lastModifiedDate":"2023-10-04"},{"lineNumber":27,"author":{"gitId":"pangyyen"},"content":"- As a doctor (Age: 30-60), I want to schedule, reschedule, and cancel appointments on the app to manage my day-to-day practice schedule efficiently and reduce no-shows.","lastModifiedDate":"2023-10-04"},{"lineNumber":28,"author":{"gitId":"pangyyen"},"content":"- As a doctor (Age: 30-60), I can send a patient referral to a specialist using the app so that the referred professional has immediate access to necessary patient data, ensuring smooth continuation of care.","lastModifiedDate":"2023-10-04"},{"lineNumber":29,"author":{"gitId":"pangyyen"},"content":"- As a doctor (Age: 30-60), I want to prescribe medications directly through the app, so that pharmacies can promptly prepare medicines and patients receive timely notifications.","lastModifiedDate":"2023-10-04"},{"lineNumber":30,"author":{"gitId":"pangyyen"},"content":"- As a doctor (Age: 30-60), I can view patient feedback and reviews about their visit, enabling me to continuously improve my service and better meet their needs.","lastModifiedDate":"2023-10-04"},{"lineNumber":31,"author":{"gitId":"-"},"content":"","lastModifiedDate":"2023-10-04"},{"lineNumber":32,"author":{"gitId":"pangyyen"},"content":"## Use Cases","lastModifiedDate":"2023-10-04"},{"lineNumber":33,"author":{"gitId":"-"},"content":"","lastModifiedDate":"2023-10-04"},{"lineNumber":34,"author":{"gitId":"pangyyen"},"content":"### Must Have","lastModifiedDate":"2023-10-04"},{"lineNumber":35,"author":{"gitId":"-"},"content":"","lastModifiedDate":"2023-10-04"},{"lineNumber":36,"author":{"gitId":"pangyyen"},"content":"1. **Create New Patient Records**","lastModifiedDate":"2023-10-04"},{"lineNumber":37,"author":{"gitId":"pangyyen"},"content":"    - **MSS (Main Success Scenario):**","lastModifiedDate":"2023-10-04"},{"lineNumber":38,"author":{"gitId":"pangyyen"},"content":"        1. Doctor chooses to create a new patient record.","lastModifiedDate":"2023-10-04"},{"lineNumber":39,"author":{"gitId":"pangyyen"},"content":"        2. App prompts for the patient\u0027s details.","lastModifiedDate":"2023-10-04"},{"lineNumber":40,"author":{"gitId":"pangyyen"},"content":"        3. Doctor enters the required information.","lastModifiedDate":"2023-10-04"},{"lineNumber":41,"author":{"gitId":"pangyyen"},"content":"        4. App saves the new patient record.","lastModifiedDate":"2023-10-04"},{"lineNumber":42,"author":{"gitId":"pangyyen"},"content":"        5. Doctor views the updated list of patient records.","lastModifiedDate":"2023-10-04"},{"lineNumber":43,"author":{"gitId":"-"},"content":"","lastModifiedDate":"2023-10-04"},{"lineNumber":44,"author":{"gitId":"pangyyen"},"content":"2. **View All Existing Patient Records**","lastModifiedDate":"2023-10-04"},{"lineNumber":45,"author":{"gitId":"pangyyen"},"content":"    - **MSS:**","lastModifiedDate":"2023-10-04"},{"lineNumber":46,"author":{"gitId":"pangyyen"},"content":"        1. Doctor chooses to view all patient records.","lastModifiedDate":"2023-10-04"},{"lineNumber":47,"author":{"gitId":"pangyyen"},"content":"        2. App displays the list of all patient records.","lastModifiedDate":"2023-10-04"},{"lineNumber":48,"author":{"gitId":"-"},"content":"","lastModifiedDate":"2023-10-04"},{"lineNumber":49,"author":{"gitId":"pangyyen"},"content":"3. **View One Patient Record**","lastModifiedDate":"2023-10-04"},{"lineNumber":50,"author":{"gitId":"pangyyen"},"content":"    - **MSS:**","lastModifiedDate":"2023-10-04"},{"lineNumber":51,"author":{"gitId":"pangyyen"},"content":"        1. Doctor searches for a specific patient record.","lastModifiedDate":"2023-10-04"},{"lineNumber":52,"author":{"gitId":"pangyyen"},"content":"        2. App displays the patient\u0027s record.","lastModifiedDate":"2023-10-04"},{"lineNumber":53,"author":{"gitId":"-"},"content":"","lastModifiedDate":"2023-10-04"},{"lineNumber":54,"author":{"gitId":"pangyyen"},"content":"4. **Delete Patient Record**","lastModifiedDate":"2023-10-04"},{"lineNumber":55,"author":{"gitId":"pangyyen"},"content":"    - **MSS:**","lastModifiedDate":"2023-10-04"},{"lineNumber":56,"author":{"gitId":"pangyyen"},"content":"        1. Doctor selects a patient record to delete.","lastModifiedDate":"2023-10-04"},{"lineNumber":57,"author":{"gitId":"pangyyen"},"content":"        2. App deletes the selected record.","lastModifiedDate":"2023-10-04"},{"lineNumber":58,"author":{"gitId":"pangyyen"},"content":"        3. Doctor views the updated list of patient records.","lastModifiedDate":"2023-10-04"},{"lineNumber":59,"author":{"gitId":"-"},"content":"","lastModifiedDate":"2023-10-04"},{"lineNumber":60,"author":{"gitId":"pangyyen"},"content":"### Nice to Have","lastModifiedDate":"2023-10-04"},{"lineNumber":61,"author":{"gitId":"-"},"content":"","lastModifiedDate":"2023-10-04"},{"lineNumber":62,"author":{"gitId":"pangyyen"},"content":"1. **Delete Confirmation**","lastModifiedDate":"2023-10-04"},{"lineNumber":63,"author":{"gitId":"pangyyen"},"content":"    - **MSS:**","lastModifiedDate":"2023-10-04"},{"lineNumber":64,"author":{"gitId":"pangyyen"},"content":"        1. Doctor selects a patient record to delete.","lastModifiedDate":"2023-10-04"},{"lineNumber":65,"author":{"gitId":"pangyyen"},"content":"        2. App prompts for confirmation.","lastModifiedDate":"2023-10-04"},{"lineNumber":66,"author":{"gitId":"pangyyen"},"content":"        3. Doctor confirms the deletion.","lastModifiedDate":"2023-10-04"},{"lineNumber":67,"author":{"gitId":"pangyyen"},"content":"        4. App deletes the selected record.","lastModifiedDate":"2023-10-04"},{"lineNumber":68,"author":{"gitId":"-"},"content":"","lastModifiedDate":"2023-10-04"},{"lineNumber":69,"author":{"gitId":"pangyyen"},"content":"2. **View All Appointments**","lastModifiedDate":"2023-10-04"},{"lineNumber":70,"author":{"gitId":"pangyyen"},"content":"    - **MSS:**","lastModifiedDate":"2023-10-04"},{"lineNumber":71,"author":{"gitId":"pangyyen"},"content":"        1. Doctor chooses to view all appointments.","lastModifiedDate":"2023-10-04"},{"lineNumber":72,"author":{"gitId":"pangyyen"},"content":"        2. App displays the list of all appointments.","lastModifiedDate":"2023-10-04"},{"lineNumber":73,"author":{"gitId":"-"},"content":"","lastModifiedDate":"2023-10-04"},{"lineNumber":74,"author":{"gitId":"pangyyen"},"content":"3. **Edit Patient Record/Appointment**","lastModifiedDate":"2023-10-04"},{"lineNumber":75,"author":{"gitId":"pangyyen"},"content":"    - **MSS:**","lastModifiedDate":"2023-10-04"},{"lineNumber":76,"author":{"gitId":"pangyyen"},"content":"        1. Doctor selects a patient record or appointment to edit.","lastModifiedDate":"2023-10-04"},{"lineNumber":77,"author":{"gitId":"pangyyen"},"content":"        2. App prompts for the new information.","lastModifiedDate":"2023-10-04"},{"lineNumber":78,"author":{"gitId":"pangyyen"},"content":"        3. Doctor enters the updated information.","lastModifiedDate":"2023-10-04"},{"lineNumber":79,"author":{"gitId":"pangyyen"},"content":"        4. App saves the changes.","lastModifiedDate":"2023-10-04"},{"lineNumber":80,"author":{"gitId":"-"},"content":"","lastModifiedDate":"2023-10-04"},{"lineNumber":81,"author":{"gitId":"pangyyen"},"content":"### Luxury to Have","lastModifiedDate":"2023-10-04"},{"lineNumber":82,"author":{"gitId":"-"},"content":"","lastModifiedDate":"2023-10-04"},{"lineNumber":83,"author":{"gitId":"pangyyen"},"content":"1. **Share Patient Record**","lastModifiedDate":"2023-10-04"},{"lineNumber":84,"author":{"gitId":"pangyyen"},"content":"    - **MSS:**","lastModifiedDate":"2023-10-04"},{"lineNumber":85,"author":{"gitId":"pangyyen"},"content":"        1. Doctor selects a patient record to share.","lastModifiedDate":"2023-10-04"},{"lineNumber":86,"author":{"gitId":"pangyyen"},"content":"        2. App prompts for the recipient\u0027s details.","lastModifiedDate":"2023-10-04"},{"lineNumber":87,"author":{"gitId":"pangyyen"},"content":"        3. Doctor enters the recipient\u0027s information.","lastModifiedDate":"2023-10-04"},{"lineNumber":88,"author":{"gitId":"pangyyen"},"content":"        4. App shares the selected record with the recipient.","lastModifiedDate":"2023-10-04"},{"lineNumber":89,"author":{"gitId":"-"},"content":"","lastModifiedDate":"2023-10-04"},{"lineNumber":90,"author":{"gitId":"pangyyen"},"content":"2. **Prescribe Medications**","lastModifiedDate":"2023-10-04"},{"lineNumber":91,"author":{"gitId":"pangyyen"},"content":"    - **MSS:**","lastModifiedDate":"2023-10-04"},{"lineNumber":92,"author":{"gitId":"pangyyen"},"content":"        1. Doctor selects a patient to prescribe medication.","lastModifiedDate":"2023-10-04"},{"lineNumber":93,"author":{"gitId":"pangyyen"},"content":"        2. App prompts for the medication details.","lastModifiedDate":"2023-10-04"},{"lineNumber":94,"author":{"gitId":"pangyyen"},"content":"        3. Doctor enters the required information.","lastModifiedDate":"2023-10-04"},{"lineNumber":95,"author":{"gitId":"pangyyen"},"content":"        4. App sends the prescription to the pharmacy and notifies the patient.","lastModifiedDate":"2023-10-04"},{"lineNumber":96,"author":{"gitId":"-"},"content":"","lastModifiedDate":"2023-10-04"},{"lineNumber":97,"author":{"gitId":"pangyyen"},"content":"3. **Refer to Specialist**","lastModifiedDate":"2023-10-04"},{"lineNumber":98,"author":{"gitId":"pangyyen"},"content":"    - **MSS:**","lastModifiedDate":"2023-10-04"},{"lineNumber":99,"author":{"gitId":"pangyyen"},"content":"        1. Doctor selects a patient to refer to a specialist.","lastModifiedDate":"2023-10-04"},{"lineNumber":100,"author":{"gitId":"pangyyen"},"content":"        2. App prompts for the specialist\u0027s and patient\u0027s details.","lastModifiedDate":"2023-10-04"},{"lineNumber":101,"author":{"gitId":"pangyyen"},"content":"        3. Doctor enters the required information.","lastModifiedDate":"2023-10-04"},{"lineNumber":102,"author":{"gitId":"pangyyen"},"content":"        4. App sends the referral to the specialist.","lastModifiedDate":"2023-10-04"},{"lineNumber":103,"author":{"gitId":"pangyyen"},"content":"","lastModifiedDate":"2023-10-04"},{"lineNumber":104,"author":{"gitId":"pangyyen"},"content":"4. **View Feedback and Reviews**","lastModifiedDate":"2023-10-04"},{"lineNumber":105,"author":{"gitId":"pangyyen"},"content":"    - **MSS:**","lastModifiedDate":"2023-10-04"},{"lineNumber":106,"author":{"gitId":"pangyyen"},"content":"        1. Doctor chooses to view feedback and reviews.","lastModifiedDate":"2023-10-04"},{"lineNumber":107,"author":{"gitId":"pangyyen"},"content":"        2. App displays the list of all feedback and reviews.","lastModifiedDate":"2023-10-04"},{"lineNumber":108,"author":{"gitId":"pangyyen"},"content":"","lastModifiedDate":"2023-10-04"},{"lineNumber":109,"author":{"gitId":"pangyyen"},"content":"## Non-Functional Requirements","lastModifiedDate":"2023-10-04"},{"lineNumber":110,"author":{"gitId":"pangyyen"},"content":"","lastModifiedDate":"2023-10-04"},{"lineNumber":111,"author":{"gitId":"pangyyen"},"content":"1. **Performance Requirements:** The app should be able to handle up to 500 patient records without significant performance degradation.","lastModifiedDate":"2023-10-04"},{"lineNumber":112,"author":{"gitId":"pangyyen"},"content":"2. **Security Requirements:** All patient data must be stored securely to ensure confidentiality and privacy.","lastModifiedDate":"2023-10-04"},{"lineNumber":113,"author":{"gitId":"pangyyen"},"content":"3. **Usability Requirements:** The app should be user-friendly, with a clean and intuitive CLI interface that can be easily navigated by healthcare professionals.","lastModifiedDate":"2023-10-04"},{"lineNumber":114,"author":{"gitId":"pangyyen"},"content":"4. **Compatibility Requirements:** The app should be compatible with both iOS and Android devices, ensuring accessibility for a wide range of users.","lastModifiedDate":"2023-10-04"},{"lineNumber":115,"author":{"gitId":"-"},"content":"","lastModifiedDate":"2023-10-05"},{"lineNumber":116,"author":{"gitId":"-"},"content":"### Glossary","lastModifiedDate":"2023-10-05"},{"lineNumber":117,"author":{"gitId":"-"},"content":"","lastModifiedDate":"2023-10-05"},{"lineNumber":118,"author":{"gitId":"pangyyen"},"content":"- **App:** Refers to the CareCentral application.","lastModifiedDate":"2023-10-05"},{"lineNumber":119,"author":{"gitId":"pangyyen"},"content":"- **Healthcare Professional:** A user who is a certified medical practitioner, including doctors, nurses, ","lastModifiedDate":"2023-10-05"},{"lineNumber":120,"author":{"gitId":"pangyyen"},"content":"- and other medical staff.","lastModifiedDate":"2023-10-05"},{"lineNumber":121,"author":{"gitId":"pangyyen"},"content":"- **Patient Record:** A digital file within the app containing all relevant information about a patient, including ","lastModifiedDate":"2023-10-05"},{"lineNumber":122,"author":{"gitId":"pangyyen"},"content":"- medical history, prescriptions, and appointment records.","lastModifiedDate":"2023-10-05"},{"lineNumber":123,"author":{"gitId":"pangyyen"},"content":"- **User:** Refers to the healthcare professionals using the CareCentral app.","lastModifiedDate":"2023-10-05"}],"authorContributionMap":{"pangyyen":100,"-":23}},{"path":"docs/UserGuide.md","fileType":"docs","lines":[{"lineNumber":1,"author":{"gitId":"pangyyen"},"content":"# User Guide","lastModifiedDate":"2023-10-04"},{"lineNumber":2,"author":{"gitId":"-"},"content":"","lastModifiedDate":"2020-05-23"},{"lineNumber":3,"author":{"gitId":"pangyyen"},"content":"## 1. Create Patient Record","lastModifiedDate":"2023-10-04"},{"lineNumber":4,"author":{"gitId":"-"},"content":"","lastModifiedDate":"2020-05-23"},{"lineNumber":5,"author":{"gitId":"pangyyen"},"content":"**What it does:**  ","lastModifiedDate":"2023-10-04"},{"lineNumber":6,"author":{"gitId":"pangyyen"},"content":"Adds a new patient record to the system.","lastModifiedDate":"2023-10-04"},{"lineNumber":7,"author":{"gitId":"-"},"content":"","lastModifiedDate":"2020-05-23"},{"lineNumber":8,"author":{"gitId":"pangyyen"},"content":"**Command Format:**  ","lastModifiedDate":"2023-10-04"},{"lineNumber":9,"author":{"gitId":"pangyyen"},"content":"`add-patient n/NAME ic/NRIC a/AGE p/PHONE_NUMBER`","lastModifiedDate":"2023-10-04"},{"lineNumber":10,"author":{"gitId":"-"},"content":"","lastModifiedDate":"2020-05-23"},{"lineNumber":11,"author":{"gitId":"-"},"content":"","lastModifiedDate":"2020-05-23"},{"lineNumber":12,"author":{"gitId":"pangyyen"},"content":"**Example Commands:**  ","lastModifiedDate":"2023-10-04"},{"lineNumber":13,"author":{"gitId":"pangyyen"},"content":"`add-patient n/Jane Doe ic/0123456A a/45 e/janedoe@example.com`","lastModifiedDate":"2023-10-04"},{"lineNumber":14,"author":{"gitId":"-"},"content":"","lastModifiedDate":"2020-05-23"},{"lineNumber":15,"author":{"gitId":"pangyyen"},"content":"**Acceptable Values:**","lastModifiedDate":"2023-10-04"},{"lineNumber":16,"author":{"gitId":"pangyyen"},"content":"- **NAME:** Alphabetic characters and spaces only","lastModifiedDate":"2023-10-04"},{"lineNumber":17,"author":{"gitId":"pangyyen"},"content":"- **NRIC:** 8-16 Alphanumeric characters","lastModifiedDate":"2023-10-04"},{"lineNumber":18,"author":{"gitId":"pangyyen"},"content":"- **AGE:** Integer values between 0 and 120","lastModifiedDate":"2023-10-04"},{"lineNumber":19,"author":{"gitId":"pangyyen"},"content":"- **PHONE_NUMBER:** 8-12 digits integer","lastModifiedDate":"2023-10-04"},{"lineNumber":20,"author":{"gitId":"-"},"content":"","lastModifiedDate":"2020-05-23"},{"lineNumber":21,"author":{"gitId":"pangyyen"},"content":"**Expected Output (Success):**  ","lastModifiedDate":"2023-10-04"},{"lineNumber":22,"author":{"gitId":"pangyyen"},"content":"CLI: A new entry appears in the list of patients.  ","lastModifiedDate":"2023-10-04"},{"lineNumber":23,"author":{"gitId":"pangyyen"},"content":"Message: \"Successfully added patient: [Patient Details]\"","lastModifiedDate":"2023-10-04"},{"lineNumber":24,"author":{"gitId":"-"},"content":"","lastModifiedDate":"2020-05-23"},{"lineNumber":25,"author":{"gitId":"pangyyen"},"content":"**Expected Output (Failure):**","lastModifiedDate":"2023-10-04"},{"lineNumber":26,"author":{"gitId":"pangyyen"},"content":"- Message: \"Invalid input. Please enter a valid name.\"","lastModifiedDate":"2023-10-04"},{"lineNumber":27,"author":{"gitId":"pangyyen"},"content":"- Message: \"Invalid input. Please enter a valid NRIC (8-16 alphanumeric characters).\"","lastModifiedDate":"2023-10-04"},{"lineNumber":28,"author":{"gitId":"pangyyen"},"content":"- Message: \"Invalid input. Age should be between 0 to 120\"","lastModifiedDate":"2023-10-04"},{"lineNumber":29,"author":{"gitId":"pangyyen"},"content":"- Message: \"Invalid input. Please enter a valid phone number.\"","lastModifiedDate":"2023-10-04"},{"lineNumber":30,"author":{"gitId":"-"},"content":"","lastModifiedDate":"2020-05-23"},{"lineNumber":31,"author":{"gitId":"pangyyen"},"content":"---","lastModifiedDate":"2023-10-04"}],"authorContributionMap":{"pangyyen":22,"-":9}},{"path":"docs/team/lyuanww.md","fileType":"docs","lines":[{"lineNumber":1,"author":{"gitId":"lyuanww"},"content":"---","lastModifiedDate":"2023-10-04"},{"lineNumber":2,"author":{"gitId":"lyuanww"},"content":"layout: page","lastModifiedDate":"2023-10-04"},{"lineNumber":3,"author":{"gitId":"lyuanww"},"content":"title: Wong Li Yuan\u0027s Project Portfolio Page","lastModifiedDate":"2023-10-04"},{"lineNumber":4,"author":{"gitId":"lyuanww"},"content":"---","lastModifiedDate":"2023-10-04"},{"lineNumber":5,"author":{"gitId":"lyuanww"},"content":"","lastModifiedDate":"2023-10-04"},{"lineNumber":6,"author":{"gitId":"lyuanww"},"content":"### Project: CareCentral","lastModifiedDate":"2023-10-04"},{"lineNumber":7,"author":{"gitId":"lyuanww"},"content":"","lastModifiedDate":"2023-10-04"},{"lineNumber":8,"author":{"gitId":"lyuanww"},"content":"CareCentral is an app designed specifically for healthcare professionals, including doctors, nurses, and hospital staff aged between 25-60 years. With a focus on streamlining patient management and appointment scheduling, CareCentral is the ultimate tool for modern healthcare providers who are comfortable with digital solutions and are looking to enhance efficiency and patient care quality.","lastModifiedDate":"2023-10-04"},{"lineNumber":9,"author":{"gitId":"lyuanww"},"content":"","lastModifiedDate":"2023-10-04"},{"lineNumber":10,"author":{"gitId":"lyuanww"},"content":"Given below are my contributions to the project.","lastModifiedDate":"2023-10-04"},{"lineNumber":11,"author":{"gitId":"lyuanww"},"content":"","lastModifiedDate":"2023-10-04"},{"lineNumber":12,"author":{"gitId":"lyuanww"},"content":"Details to be added soon","lastModifiedDate":"2023-10-04"}],"authorContributionMap":{"lyuanww":12}},{"path":"docs/team/pangyyen.md","fileType":"docs","lines":[{"lineNumber":1,"author":{"gitId":"pangyyen"},"content":"---","lastModifiedDate":"2023-10-04"},{"lineNumber":2,"author":{"gitId":"pangyyen"},"content":"layout: page","lastModifiedDate":"2023-10-04"},{"lineNumber":3,"author":{"gitId":"pangyyen"},"content":"title: Pang Yen\u0027s Project Portfolio Page","lastModifiedDate":"2023-10-04"},{"lineNumber":4,"author":{"gitId":"pangyyen"},"content":"---","lastModifiedDate":"2023-10-04"},{"lineNumber":5,"author":{"gitId":"pangyyen"},"content":"","lastModifiedDate":"2023-10-04"},{"lineNumber":6,"author":{"gitId":"pangyyen"},"content":"### Project: CareCentral","lastModifiedDate":"2023-10-04"},{"lineNumber":7,"author":{"gitId":"pangyyen"},"content":"","lastModifiedDate":"2023-10-04"},{"lineNumber":8,"author":{"gitId":"pangyyen"},"content":"CareCentral is an app designed specifically for healthcare professionals, including doctors, nurses, and hospital staff aged between 25-60 years. With a focus on streamlining patient management and appointment scheduling, CareCentral is the ultimate tool for modern healthcare providers who are comfortable with digital solutions and are looking to enhance efficiency and patient care quality.","lastModifiedDate":"2023-10-04"},{"lineNumber":9,"author":{"gitId":"pangyyen"},"content":"","lastModifiedDate":"2023-10-04"},{"lineNumber":10,"author":{"gitId":"pangyyen"},"content":"Given below are my contributions to the project.","lastModifiedDate":"2023-10-04"},{"lineNumber":11,"author":{"gitId":"pangyyen"},"content":"","lastModifiedDate":"2023-10-04"},{"lineNumber":12,"author":{"gitId":"pangyyen"},"content":"* **New Feature 1**: ","lastModifiedDate":"2023-10-04"},{"lineNumber":13,"author":{"gitId":"pangyyen"},"content":"    * What it does:","lastModifiedDate":"2023-10-04"},{"lineNumber":14,"author":{"gitId":"pangyyen"},"content":"    * Justification: ","lastModifiedDate":"2023-10-04"},{"lineNumber":15,"author":{"gitId":"pangyyen"},"content":"    * Highlights: ","lastModifiedDate":"2023-10-04"},{"lineNumber":16,"author":{"gitId":"pangyyen"},"content":"    * Credits: ","lastModifiedDate":"2023-10-04"},{"lineNumber":17,"author":{"gitId":"pangyyen"},"content":"","lastModifiedDate":"2023-10-04"},{"lineNumber":18,"author":{"gitId":"pangyyen"},"content":"","lastModifiedDate":"2023-10-04"},{"lineNumber":19,"author":{"gitId":"pangyyen"},"content":"* **Code contributed**: [RepoSense link](https://github.com/AY2324S1-CS2103T-F08-1/tp/actions)","lastModifiedDate":"2023-10-04"},{"lineNumber":20,"author":{"gitId":"pangyyen"},"content":"","lastModifiedDate":"2023-10-04"},{"lineNumber":21,"author":{"gitId":"pangyyen"},"content":"* **Project management**:","lastModifiedDate":"2023-10-04"},{"lineNumber":22,"author":{"gitId":"pangyyen"},"content":"    * Managed releases `v1.1`","lastModifiedDate":"2023-10-04"},{"lineNumber":23,"author":{"gitId":"pangyyen"},"content":"","lastModifiedDate":"2023-10-04"},{"lineNumber":24,"author":{"gitId":"pangyyen"},"content":"* **Enhancements to existing features**:","lastModifiedDate":"2023-10-04"},{"lineNumber":25,"author":{"gitId":"pangyyen"},"content":"","lastModifiedDate":"2023-10-04"},{"lineNumber":26,"author":{"gitId":"pangyyen"},"content":"* **Documentation**:","lastModifiedDate":"2023-10-04"},{"lineNumber":27,"author":{"gitId":"pangyyen"},"content":"    * User Guide:","lastModifiedDate":"2023-10-04"},{"lineNumber":28,"author":{"gitId":"pangyyen"},"content":"    * Developer Guide:","lastModifiedDate":"2023-10-04"},{"lineNumber":29,"author":{"gitId":"pangyyen"},"content":"","lastModifiedDate":"2023-10-04"},{"lineNumber":30,"author":{"gitId":"pangyyen"},"content":"* **Community**:","lastModifiedDate":"2023-10-04"},{"lineNumber":31,"author":{"gitId":"pangyyen"},"content":"","lastModifiedDate":"2023-10-04"},{"lineNumber":32,"author":{"gitId":"pangyyen"},"content":"* **Tools**:","lastModifiedDate":"2023-10-04"},{"lineNumber":33,"author":{"gitId":"pangyyen"},"content":"","lastModifiedDate":"2023-10-04"},{"lineNumber":34,"author":{"gitId":"pangyyen"},"content":"Details to be added soon","lastModifiedDate":"2023-10-04"}],"authorContributionMap":{"pangyyen":34}},{"path":"docs/team/tanboonkhong.md","fileType":"docs","lines":[{"lineNumber":1,"author":{"gitId":"tanboonkhong"},"content":"---","lastModifiedDate":"2023-10-04"},{"lineNumber":2,"author":{"gitId":"tanboonkhong"},"content":"layout: page","lastModifiedDate":"2023-10-04"},{"lineNumber":3,"author":{"gitId":"tanboonkhong"},"content":"title: Tan Boon Khong\u0027s Project Portfolio Page","lastModifiedDate":"2023-10-04"},{"lineNumber":4,"author":{"gitId":"tanboonkhong"},"content":"---","lastModifiedDate":"2023-10-04"},{"lineNumber":5,"author":{"gitId":"tanboonkhong"},"content":"","lastModifiedDate":"2023-10-04"},{"lineNumber":6,"author":{"gitId":"tanboonkhong"},"content":"### Project: CareCentral","lastModifiedDate":"2023-10-04"},{"lineNumber":7,"author":{"gitId":"tanboonkhong"},"content":"","lastModifiedDate":"2023-10-04"},{"lineNumber":8,"author":{"gitId":"tanboonkhong"},"content":"CareCentral is an app designed specifically for healthcare professionals, including doctors, nurses, and hospital staff aged between 25-60 years. With a focus on streamlining patient management and appointment scheduling, CareCentral is the ultimate tool for modern healthcare providers who are comfortable with digital solutions and are looking to enhance efficiency and patient care quality.","lastModifiedDate":"2023-10-04"},{"lineNumber":9,"author":{"gitId":"tanboonkhong"},"content":"","lastModifiedDate":"2023-10-04"},{"lineNumber":10,"author":{"gitId":"tanboonkhong"},"content":"Given below are my contributions to the project.","lastModifiedDate":"2023-10-04"},{"lineNumber":11,"author":{"gitId":"tanboonkhong"},"content":"","lastModifiedDate":"2023-10-04"},{"lineNumber":12,"author":{"gitId":"tanboonkhong"},"content":"Details to be added soon","lastModifiedDate":"2023-10-04"}],"authorContributionMap":{"tanboonkhong":12}}]
