{"authorDailyContributionsMap":{"tanboonkhong":[{"date":"2023-10-04","commitResults":[{"hash":"c7a4f0c0f2501db874503e1bf8e9dac85df47ec4","isMergeCommit":false,"messageTitle":"Edit AboutUs Page","messageBody":"","fileTypesAndContributionMap":{"docs":{"insertions":4,"deletions":12}}},{"hash":"d1828a53c57165382d8a5ad61783565d1e456acd","isMergeCommit":true,"messageTitle":"Merge pull request #6 from tanboonkhong/bk-about-us","messageBody":"Edit AboutUs Page","fileTypesAndContributionMap":{}},{"hash":"e4a7d2f11aa697bbb12fa90dd02fd9cc70d2a116","isMergeCommit":true,"messageTitle":"Merge pull request #7 from lyuanww/ly-about-us","messageBody":"Edit About Us page for LiYuan","fileTypesAndContributionMap":{}},{"hash":"7ca88a8676b07e287a66c3447807fcfe1676fdf0","isMergeCommit":true,"messageTitle":"Merge pull request #9 from pangyyen/py-aboutus","messageBody":"Update Gan Pang Yen\u0027s details in AboutUs","fileTypesAndContributionMap":{}},{"hash":"ce578ab332d6012d1919d0beb39b15b85b02b5ab","isMergeCommit":false,"messageTitle":"Create Boon Khong\u0027s PPP","messageBody":"Create Boon Khong\u0027s Project Portfolio Page - tanboonkhong.md in docs/team/\n","fileTypesAndContributionMap":{"docs":{"insertions":12,"deletions":0}}},{"hash":"5def79d73326e9147b9e3e9046d51c84dbd9f5b9","isMergeCommit":true,"messageTitle":"Merge pull request #8 from pangyyen/branch-update-readme","messageBody":"Update README and Ui mock-up picture","fileTypesAndContributionMap":{}},{"hash":"7e11b9878c36698fbfe4db606e0e1d14593d864f","isMergeCommit":true,"messageTitle":"Merge pull request #11 from pangyyen/branch-PPP","messageBody":"Create pangyyen\u0027s PPP skeleton","fileTypesAndContributionMap":{}},{"hash":"cc9031b51f41ae06ce975a59679fd3ccc67f87d4","isMergeCommit":true,"messageTitle":"Merge pull request #15 from lyuanww/ly-ppp","messageBody":"Create Li Yuan PPP","fileTypesAndContributionMap":{}},{"hash":"93981ce2af4045ee0a29943a8431db23ab17a45c","isMergeCommit":true,"messageTitle":"Merge pull request #18 from pangyyen/py-UserGuide","messageBody":"Create new User Guide","fileTypesAndContributionMap":{}},{"hash":"a76ea7adaa0e036fe477dec02c486b9f4d8b1687","isMergeCommit":true,"messageTitle":"Merge pull request #19 from pangyyen/py-CreateDG","messageBody":"Create DG","fileTypesAndContributionMap":{}}]},{"date":"2023-10-05","commitResults":[{"hash":"8e81d92f1c55a057473ab725dac103249aef6c0a","isMergeCommit":true,"messageTitle":"Merge pull request #20 from pangyyen/py-CreateDG","messageBody":"Add in glossary in DG","fileTypesAndContributionMap":{}},{"hash":"bee2ebd6c22762ab70aefdcebc836c210da336e3","isMergeCommit":true,"messageTitle":"Merge pull request #22 from lyuanww/ly/ug","messageBody":"Add delete command to user guide","fileTypesAndContributionMap":{}},{"hash":"e0088e44bd08d4523d5f91580338902ba60a6495","isMergeCommit":true,"messageTitle":"Merge pull request #24 from LimJH2002/jh-user-guide","messageBody":"Jh user guide","fileTypesAndContributionMap":{}},{"hash":"81eb287eb069ae7ca74863d80cee7ec9b6f73fec","isMergeCommit":false,"messageTitle":"Update UserGuide.md","messageBody":"","fileTypesAndContributionMap":{"docs":{"insertions":24,"deletions":0}}},{"hash":"8249447af9f6872253b5a211cab57c17dc6a5dee","isMergeCommit":true,"messageTitle":"Merge pull request #25 from tanboonkhong/bk-user-guide","messageBody":"Update UserGuide.md","fileTypesAndContributionMap":{}},{"hash":"42b57203f6a88ac6f501cf0954e355a219b99cbb","isMergeCommit":false,"messageTitle":"Update UserGuide to include ui image","messageBody":"","fileTypesAndContributionMap":{"docs":{"insertions":2,"deletions":0}}}]},{"date":"2023-10-12","commitResults":[{"hash":"5eeac3b3bcc55b3cd3aa78eccc2dc06872cb55e8","isMergeCommit":true,"messageTitle":"Merge pull request #36 from pangyyen/branch-reformat-add-patient","messageBody":"Rename add command","fileTypesAndContributionMap":{}},{"hash":"153381f573d6996ecedc1b2fccd311d8ce4eb8bf","isMergeCommit":true,"messageTitle":"Merge pull request #37 from LimJH2002/branch-list-patient","messageBody":"Change command to list-patient","fileTypesAndContributionMap":{}},{"hash":"188b17c9cbfa67d53c60f0fdabd9380933b66ab9","isMergeCommit":false,"messageTitle":"Rename \"edit\" command to \"edit-patient\"","messageBody":"","fileTypesAndContributionMap":{"functional-code":{"insertions":2,"deletions":2}}},{"hash":"f7da0b664d8c28857fc2fa847af2754b5279a1db","isMergeCommit":true,"messageTitle":"Merge pull request #35 from lyuanww/ly-rename-delete-command","messageBody":"Rename \"delete\" command to \"delete-patient\"","fileTypesAndContributionMap":{}},{"hash":"5881a04efe9c228e6faa1e850478fb5ed4fee179","isMergeCommit":false,"messageTitle":"Add alternate constructor for Person class","messageBody":"","fileTypesAndContributionMap":{"functional-code":{"insertions":13,"deletions":0}}},{"hash":"4a62237888c16e139a520b066bea1e85323fa619","isMergeCommit":false,"messageTitle":"Create NRIC class","messageBody":"","fileTypesAndContributionMap":{"functional-code":{"insertions":61,"deletions":0}}},{"hash":"d643ecaa6765f8a6c2c7126bb282e56fb97b5dfb","isMergeCommit":false,"messageTitle":"Rename NRIC to Nric","messageBody":"","fileTypesAndContributionMap":{"other":{"insertions":4,"deletions":4}}},{"hash":"e85a5eada3cf6276e87dce9de87eaeea334235d7","isMergeCommit":false,"messageTitle":"Create NricTest.java","messageBody":"","fileTypesAndContributionMap":{"test-code":{"insertions":24,"deletions":0}}},{"hash":"0d2cc448405e252584f47388805e7b7bb6fc573e","isMergeCommit":false,"messageTitle":"Update Nric.java to have newline at EOF","messageBody":"","fileTypesAndContributionMap":{"functional-code":{"insertions":1,"deletions":0}}},{"hash":"7edf33b97680a1acf9b83de642b0aaee79400101","isMergeCommit":false,"messageTitle":"Update NricTest.java to include newline at EOF","messageBody":"","fileTypesAndContributionMap":{"test-code":{"insertions":2,"deletions":1}}},{"hash":"e874ca425ba5c20c811067a89f41c18e1963459d","isMergeCommit":false,"messageTitle":"Add test cases for NricTest.java","messageBody":"","fileTypesAndContributionMap":{"test-code":{"insertions":34,"deletions":1}}},{"hash":"9a9b99ebe8613358a974091da166f0dfd6cd2357","isMergeCommit":true,"messageTitle":"Merge pull request #42 from lyuanww/ly-patient-class","messageBody":"Add basic Patient class","fileTypesAndContributionMap":{}},{"hash":"f2ca55a9287d44b89895473d67630082e7a92249","isMergeCommit":false,"messageTitle":"Update NricTest.java","messageBody":"","fileTypesAndContributionMap":{"test-code":{"insertions":5,"deletions":4}}},{"hash":"25fd510cb3a839c614cbb1a2c8b3907d88d521f2","isMergeCommit":false,"messageTitle":"Update PersonTest.java","messageBody":"","fileTypesAndContributionMap":{"test-code":{"insertions":30,"deletions":0}}}]},{"date":"2023-10-16","commitResults":[{"hash":"48aba3ac68372a5cf4a2036a668fe99070bab387","isMergeCommit":true,"messageTitle":"Merge pull request #44 from lyuanww/ly-rename-packages","messageBody":"refactor: rename packages (major)","fileTypesAndContributionMap":{}},{"hash":"2394a9c5ad9e7879c210c484712001dc6af47c88","isMergeCommit":true,"messageTitle":"Merge pull request #46 from LimJH2002/branch-configure-model","messageBody":"Branch configure model","fileTypesAndContributionMap":{}},{"hash":"8fbf84f1df23a72041693f8593f9f05e6991408a","isMergeCommit":false,"messageTitle":"Create JsonAdaptedPatient.java","messageBody":"","fileTypesAndContributionMap":{"functional-code":{"insertions":111,"deletions":0}}},{"hash":"119a538a91b71bfef35eaa11dfde7535cdba4675","isMergeCommit":false,"messageTitle":"Update JsonAdaptedPatient.java","messageBody":"","fileTypesAndContributionMap":{"functional-code":{"insertions":19,"deletions":9}}},{"hash":"f299b0e129b3245c5ab15660282a0560635d8619","isMergeCommit":false,"messageTitle":"Create ClinicBookStorage.java","messageBody":"","fileTypesAndContributionMap":{"functional-code":{"insertions":45,"deletions":0}}},{"hash":"91d0e41bc7905e39a929800bf9c222213d9ba4ae","isMergeCommit":false,"messageTitle":"Create ClinicStorage.java","messageBody":"","fileTypesAndContributionMap":{"functional-code":{"insertions":32,"deletions":0}}},{"hash":"91d07055ad79ede58db13c1774b35740511d65ed","isMergeCommit":false,"messageTitle":"Update ClinicStorage.java","messageBody":"","fileTypesAndContributionMap":{"functional-code":{"insertions":5,"deletions":5}}},{"hash":"55d45852cbc801f641d6742e8428203ff22110fc","isMergeCommit":false,"messageTitle":"Create NewUserPrefsStorage.java","messageBody":"","fileTypesAndContributionMap":{"functional-code":{"insertions":36,"deletions":0}}},{"hash":"66750c5d6b9bea31369ad0de9035bec6d44e25f4","isMergeCommit":false,"messageTitle":"Update ClinicStorage.java","messageBody":"","fileTypesAndContributionMap":{"functional-code":{"insertions":3,"deletions":3}}},{"hash":"4f664244992edd9f7dbfa1bb31b4f12f9aafd079","isMergeCommit":false,"messageTitle":"Update NewUserPrefsStorage.java","messageBody":"","fileTypesAndContributionMap":{"functional-code":{"insertions":6,"deletions":6}}},{"hash":"c19fd444b31868d14549edb6dc742ddd8950ec19","isMergeCommit":false,"messageTitle":"Create JsonClinicBookStorage.java","messageBody":"","fileTypesAndContributionMap":{"functional-code":{"insertions":80,"deletions":0}}},{"hash":"f7f5da9c4d18ea236236afbc737613061245d538","isMergeCommit":false,"messageTitle":"Create JsonSerializableClinicBook.java","messageBody":"","fileTypesAndContributionMap":{"functional-code":{"insertions":59,"deletions":0}}},{"hash":"f18f94b403f5798c79c88c59449d9de642516c24","isMergeCommit":false,"messageTitle":"Update JsonClinicBookStorage.java","messageBody":"","fileTypesAndContributionMap":{"functional-code":{"insertions":17,"deletions":17}}},{"hash":"abb869c368b9f5e4afe583f6c225350247f9693c","isMergeCommit":false,"messageTitle":"Update ClinicStorage.java","messageBody":"","fileTypesAndContributionMap":{"functional-code":{"insertions":3,"deletions":3}}},{"hash":"5dbdac26b5da5e1b00dd9cb233cbeafad9de6d7f","isMergeCommit":false,"messageTitle":"Update ClinicBookStorage.java","messageBody":"","fileTypesAndContributionMap":{"functional-code":{"insertions":9,"deletions":9}}},{"hash":"0b361aaaf809bf83ca1a4618b7d8232ceccea92e","isMergeCommit":false,"messageTitle":"Create JsonNewUserPrefsStorage.java","messageBody":"","fileTypesAndContributionMap":{"functional-code":{"insertions":47,"deletions":0}}},{"hash":"8d5610eb612b177e0673ba381cce1c70d60c4e09","isMergeCommit":false,"messageTitle":"Create ClinicStorageManager.java","messageBody":"","fileTypesAndContributionMap":{"functional-code":{"insertions":78,"deletions":0}}},{"hash":"e8a7881a84f6a7db883bf23a2b51548e09f1a456","isMergeCommit":false,"messageTitle":"Update ClinicStorage.java","messageBody":"","fileTypesAndContributionMap":{"functional-code":{"insertions":2,"deletions":1}}},{"hash":"143e08dfb9bacb5aee80f78123c9933bef6e4510","isMergeCommit":false,"messageTitle":"Update ClinicStorageManager.java","messageBody":"","fileTypesAndContributionMap":{"functional-code":{"insertions":2,"deletions":1}}},{"hash":"8f114d5bf8ec2f9b2188693e0745ff897aefc899","isMergeCommit":false,"messageTitle":"Update JsonAdaptedPatient.java","messageBody":"","fileTypesAndContributionMap":{"functional-code":{"insertions":6,"deletions":4}}},{"hash":"97af56973396b37cf143bc045bbf8d4f5da29f90","isMergeCommit":false,"messageTitle":"Update JsonSerializableClinicBook.java","messageBody":"","fileTypesAndContributionMap":{"functional-code":{"insertions":1,"deletions":0}}},{"hash":"7e5fb123e95c26a8674dead4a2c47597721e298d","isMergeCommit":false,"messageTitle":"Update JsonClinicBookStorage.java","messageBody":"","fileTypesAndContributionMap":{"functional-code":{"insertions":2,"deletions":1}}},{"hash":"337817137ba952061cdcf1651efdc314b7363969","isMergeCommit":false,"messageTitle":"Update ClinicStorageManager.java","messageBody":"","fileTypesAndContributionMap":{"functional-code":{"insertions":1,"deletions":0}}},{"hash":"2910d165dc057e979f6230629759c0d6bf98f602","isMergeCommit":false,"messageTitle":"Update ClinicStorageManager.java","messageBody":"","fileTypesAndContributionMap":{"functional-code":{"insertions":0,"deletions":1}}},{"hash":"1e72fa4719f1a1ef4d301b7cfbe4ebc60964bb4e","isMergeCommit":false,"messageTitle":"Update ClinicStorageManager.java","messageBody":"","fileTypesAndContributionMap":{"functional-code":{"insertions":1,"deletions":2}}}]},{"date":"2023-10-17","commitResults":[{"hash":"ee89dd66d40a84cc8d4d88ef9a7e3aa1d8dd0c69","isMergeCommit":true,"messageTitle":"Merge pull request #53 from LimJH2002/branch-configure-model","messageBody":"Branch configure model","fileTypesAndContributionMap":{}},{"hash":"40ebf142e59c58dabadc2daef4576deb44b466c1","isMergeCommit":true,"messageTitle":"Merge pull request #54 from lyuanww/refactor-main-app-to-patient","messageBody":"refactor: change main app to new patient system","tags":["v1.2"],"fileTypesAndContributionMap":{}}]},{"date":"2023-10-18","commitResults":[{"hash":"d421bb880da0a8720e92bcd921b37bc4a62bf99a","isMergeCommit":true,"messageTitle":"Merge pull request #55 from LimJH2002/branch-full-port","messageBody":"Branch full port","fileTypesAndContributionMap":{}},{"hash":"12b8dfe984c9743aac632b58e057ad8968dd6d10","isMergeCommit":true,"messageTitle":"Merge pull request #1 from AY2324S1-CS2103T-F08-1/branch-porting","messageBody":"Branch porting","fileTypesAndContributionMap":{}},{"hash":"3bcfe738267855684c43733f614076974eb42feb","isMergeCommit":false,"messageTitle":"Delete ClinicStorageManager.java","messageBody":"","fileTypesAndContributionMap":{"functional-code":{"insertions":0,"deletions":78}}},{"hash":"82062f6607959eb9be4b8457f9c9b3b0a203a5d7","isMergeCommit":false,"messageTitle":"Update StorageManager.java","messageBody":"","fileTypesAndContributionMap":{"functional-code":{"insertions":15,"deletions":15}}},{"hash":"ed94a2dbbfe26477d7df91d2aa2a51d0ec4c195f","isMergeCommit":false,"messageTitle":"Delete JsonNewUserPrefsStorage.java","messageBody":"","fileTypesAndContributionMap":{"functional-code":{"insertions":0,"deletions":47}}},{"hash":"cca57747cafecad090afcaf405507a8327a72dbe","isMergeCommit":false,"messageTitle":"Delete ClinicStorage.java","messageBody":"","fileTypesAndContributionMap":{"functional-code":{"insertions":0,"deletions":33}}},{"hash":"567eaefcf7ce35a96241853afcc81c667acf82da","isMergeCommit":false,"messageTitle":"Update Storage.java","messageBody":"","fileTypesAndContributionMap":{"functional-code":{"insertions":6,"deletions":5}}},{"hash":"e1d4d97e650d46da265ce8ab01ad2e6846c2e9fc","isMergeCommit":false,"messageTitle":"Delete NewUserPrefsStorage.java","messageBody":"","fileTypesAndContributionMap":{"functional-code":{"insertions":0,"deletions":36}}},{"hash":"93661447dcef318ec39c8089132186f08969576e","isMergeCommit":false,"messageTitle":"Update UserPrefsStorage.java","messageBody":"","fileTypesAndContributionMap":{"functional-code":{"insertions":2,"deletions":2}}},{"hash":"3a27a30ac21b06dcc721dc0b75d1fb3745b53866","isMergeCommit":false,"messageTitle":"Delete AddressBookStorage.java","messageBody":"","fileTypesAndContributionMap":{"functional-code":{"insertions":0,"deletions":45}}},{"hash":"2e08e420052e2465677ae514b888201dca9d3484","isMergeCommit":false,"messageTitle":"Update MainApp.java","messageBody":"","fileTypesAndContributionMap":{"functional-code":{"insertions":9,"deletions":9}}},{"hash":"99189dd7a63e90631142467a6f6fdea325a5c3cc","isMergeCommit":false,"messageTitle":"Update ClinicLogicManager.java","messageBody":"","fileTypesAndContributionMap":{"functional-code":{"insertions":3,"deletions":3}}}]},{"date":"2023-10-19","commitResults":[{"hash":"a4afba7b891ed4c26491de69d6a750ae3ea88ed8","isMergeCommit":false,"messageTitle":"Delete ClinicStorageManager.java","messageBody":"","fileTypesAndContributionMap":{"functional-code":{"insertions":0,"deletions":78}}},{"hash":"5c679f8866d4c0dada3f938946389875d74fe2f5","isMergeCommit":false,"messageTitle":"Update StorageManager.java","messageBody":"","fileTypesAndContributionMap":{"functional-code":{"insertions":15,"deletions":15}}},{"hash":"c55d95e8b740fc1c984fc2240c3a84c3b58b57f9","isMergeCommit":false,"messageTitle":"Delete JsonNewUserPrefsStorage.java","messageBody":"","fileTypesAndContributionMap":{"functional-code":{"insertions":0,"deletions":47}}},{"hash":"db4ec79b266de6cd1a91427b4cce867273aa8bca","isMergeCommit":false,"messageTitle":"Delete ClinicStorage.java","messageBody":"","fileTypesAndContributionMap":{"functional-code":{"insertions":0,"deletions":33}}},{"hash":"514ea8ac8be3bc352e10b17d5edd69b5b23b4377","isMergeCommit":false,"messageTitle":"Update Storage.java","messageBody":"","fileTypesAndContributionMap":{"functional-code":{"insertions":6,"deletions":5}}},{"hash":"50a8618dd66310778d88e68143505f2c8e85b6c2","isMergeCommit":false,"messageTitle":"Delete NewUserPrefsStorage.java","messageBody":"","fileTypesAndContributionMap":{"functional-code":{"insertions":0,"deletions":36}}},{"hash":"634d6c0251b64bc400bd8b8437a6fd6efcdc3153","isMergeCommit":false,"messageTitle":"Update UserPrefsStorage.java","messageBody":"","fileTypesAndContributionMap":{"functional-code":{"insertions":2,"deletions":2}}},{"hash":"f478effd1b717f9e94e4dbea287c9b35ce31d277","isMergeCommit":false,"messageTitle":"Delete AddressBookStorage.java","messageBody":"","fileTypesAndContributionMap":{"functional-code":{"insertions":0,"deletions":45}}},{"hash":"aa03a070f9153edc89c3c148b36add9606fa51f0","isMergeCommit":false,"messageTitle":"Update MainApp.java","messageBody":"","fileTypesAndContributionMap":{"functional-code":{"insertions":9,"deletions":9}}},{"hash":"064e9ed45fcd0fd6b083bb664b490a2fc239f2ee","isMergeCommit":false,"messageTitle":"Update ClinicLogicManager.java","messageBody":"","fileTypesAndContributionMap":{"functional-code":{"insertions":3,"deletions":3}}},{"hash":"fa8cdb49dd5fd82e0edfba082f966329a460dae6","isMergeCommit":true,"messageTitle":"Merge pull request #2 from AY2324S1-CS2103T-F08-1/branch-porting","messageBody":"Branch porting","fileTypesAndContributionMap":{}}]},{"date":"2023-10-20","commitResults":[{"hash":"c25a2d6d6fb728da9b65b41ef8a0f07f5dc19d78","isMergeCommit":false,"messageTitle":"Rename testutil Files","messageBody":"","fileTypesAndContributionMap":{"other":{"insertions":48,"deletions":32},"test-code":{"insertions":440,"deletions":406}}},{"hash":"3858db8c507e408a133c2bea9dcbb4cb829bc35d","isMergeCommit":true,"messageTitle":"Merge pull request #60 from tanboonkhong/branch-porting","messageBody":"Branch porting","fileTypesAndContributionMap":{}},{"hash":"0b52e906e918501c699c0ec1ec1fa19c30b18f6c","isMergeCommit":true,"messageTitle":"Merge pull request #3 from AY2324S1-CS2103T-F08-1/branch-porting","messageBody":"Branch porting","fileTypesAndContributionMap":{}},{"hash":"7d73356e872591357c47c7ae590b13a15af47e5e","isMergeCommit":true,"messageTitle":"Merge pull request #4 from AY2324S1-CS2103T-F08-1/branch-porting","messageBody":"Branch porting","fileTypesAndContributionMap":{}},{"hash":"03d07f79745a30caaeacd7d9b698344bb3088525","isMergeCommit":false,"messageTitle":"Rename test cases","messageBody":"","fileTypesAndContributionMap":{"other":{"insertions":50,"deletions":46},"test-code":{"insertions":301,"deletions":301}}},{"hash":"4d4e2d406a3ae51a1d624452d0f9671cf1c480d3","isMergeCommit":true,"messageTitle":"Merge pull request #64 from tanboonkhong/branch-porting","messageBody":"Branch porting","fileTypesAndContributionMap":{}},{"hash":"8b1787491fd27569c0956b6c432dd9e7971f3a26","isMergeCommit":false,"messageTitle":"Update PatientBuilder.java","messageBody":"","fileTypesAndContributionMap":{"test-code":{"insertions":1,"deletions":1}}},{"hash":"71e070ed77f5e9a225f7a295ee77b239463b0b16","isMergeCommit":false,"messageTitle":"Fixed Test cases","messageBody":"","fileTypesAndContributionMap":{"test-code":{"insertions":1,"deletions":1}}},{"hash":"84e81cdafd78973b687bd645e003fe4a4445db04","isMergeCommit":true,"messageTitle":"Merge pull request #65 from tanboonkhong/branch-porting","messageBody":"Branch porting","fileTypesAndContributionMap":{}},{"hash":"ec264b62d24e6ada4b4a071a67288fb55e9464cd","isMergeCommit":false,"messageTitle":"Fix bugs","messageBody":"15 tests fail remaining\n","fileTypesAndContributionMap":{"functional-code":{"insertions":1,"deletions":1},"test-code":{"insertions":9,"deletions":4}}},{"hash":"70c498210fb185a28dfc880ef80310d8401c81da","isMergeCommit":true,"messageTitle":"Merge pull request #67 from tanboonkhong/branch-porting","messageBody":"Fix bugs","fileTypesAndContributionMap":{}},{"hash":"8b8d1b5ed19933017bc7113a23b4e0e9fb4d4fa1","isMergeCommit":false,"messageTitle":"Delete JsonAdaptedPerson.java","messageBody":"","fileTypesAndContributionMap":{"functional-code":{"insertions":0,"deletions":109}}},{"hash":"9eec9a1d0cf11483ba883ffee5cbeed2c9ecf24a","isMergeCommit":false,"messageTitle":"Add test cases for Nric","messageBody":"","fileTypesAndContributionMap":{"test-code":{"insertions":19,"deletions":2}}},{"hash":"edfb6fb85acd459c7ea0f6024bbeaf77daa649e5","isMergeCommit":false,"messageTitle":"Create UniquePatientListTest.java","messageBody":"","fileTypesAndContributionMap":{"test-code":{"insertions":189,"deletions":0}}},{"hash":"17180d9306078d76ef7a4d4e4ac8622dfe179653","isMergeCommit":false,"messageTitle":"Update JsonUserPrefsStorageTest.java","messageBody":"","fileTypesAndContributionMap":{"test-code":{"insertions":8,"deletions":0}}},{"hash":"794efc2f428f0b1525d3304a5bd6b4cf870b5ccd","isMergeCommit":false,"messageTitle":"Update UserPrefsTest.java","messageBody":"","fileTypesAndContributionMap":{"test-code":{"insertions":54,"deletions":1}}},{"hash":"f6404b50d7e7a27192a0fd917207e67665dde27c","isMergeCommit":false,"messageTitle":"Fix checkstyle error","messageBody":"","fileTypesAndContributionMap":{"functional-code":{"insertions":1,"deletions":1},"test-code":{"insertions":2,"deletions":0}}},{"hash":"b5aaf435f276194a9d548fff716c28cf3774289c","isMergeCommit":false,"messageTitle":"Update UniquePatientListTest.java","messageBody":"","fileTypesAndContributionMap":{"test-code":{"insertions":0,"deletions":1}}}]},{"date":"2023-10-26","commitResults":[{"hash":"72c0f95cae34bfd622fc3effcf09c132ef3ffb04","isMergeCommit":true,"messageTitle":"Merge pull request #78 from lyuanww/ly-fix-user-guide-med-history","messageBody":"Fix user guide for medical history","fileTypesAndContributionMap":{}},{"hash":"9630609edfe77e4cf514c985798f2536eeb40f32","isMergeCommit":false,"messageTitle":"Create UniquePatientListTest.java","messageBody":"","fileTypesAndContributionMap":{"test-code":{"insertions":1,"deletions":0}}},{"hash":"4ed8bf06e78cf73102ce6e17c18bc97d969d017e","isMergeCommit":false,"messageTitle":"Update UserPrefsTest.java","messageBody":"","fileTypesAndContributionMap":{"test-code":{"insertions":2,"deletions":0}}},{"hash":"78bd2d8dd33311d35687e662beac6bf8ad3df495","isMergeCommit":false,"messageTitle":"Fix checkstyle error","messageBody":"","fileTypesAndContributionMap":{"test-code":{"insertions":1,"deletions":0}}},{"hash":"4dd36ec8acc3051a8072ebeb410ae59e2a2db1bb","isMergeCommit":false,"messageTitle":"Update UniquePatientListTest.java","messageBody":"","fileTypesAndContributionMap":{"test-code":{"insertions":0,"deletions":1}}},{"hash":"faa81802521682981c0876babd6c66866e876503","isMergeCommit":false,"messageTitle":"Create UniquePatientListTest.java","messageBody":"","fileTypesAndContributionMap":{"test-code":{"insertions":1,"deletions":0}}},{"hash":"645676fe210c699e75d49517552e9d439be7df66","isMergeCommit":false,"messageTitle":"Update UserPrefsTest.java","messageBody":"","fileTypesAndContributionMap":{"test-code":{"insertions":2,"deletions":0}}},{"hash":"332a4ad27ace9f0a0eb4e09801bee32faf2701c4","isMergeCommit":false,"messageTitle":"Fix checkstyle error","messageBody":"","fileTypesAndContributionMap":{"test-code":{"insertions":1,"deletions":0}}},{"hash":"4e859c93f60c52e69eeac54f698c115e04b7a694","isMergeCommit":false,"messageTitle":"Update UniquePatientListTest.java","messageBody":"","fileTypesAndContributionMap":{"test-code":{"insertions":0,"deletions":1}}}]},{"date":"2023-10-27","commitResults":[{"hash":"95250d0693410ef0a3a05dd2cdaa17b47b210592","isMergeCommit":false,"messageTitle":"Add Undo/Redo and Pharmacy Integration to DG","messageBody":"Add proposed implementations for Undo/Redo feature and Pharmacy integration\n\n- Introduce `VersionedClinicBook` for undo/redo functionality, extending `ClinicBook` with an undo/redo history.\n  - Implement operations: `commit()`, `undo()`, and `redo()`.\n  - Expose these operations in the `Model` interface.\n\n- Introduce `Pharmacy` class for pharmacy integration, extending `ClinicBook` with `Medicine` and `Prescription` management.\n  - Implement operations for adding, deleting, finding, listing, and updating `Medicine` and `Prescription`.\n  - Provide UML diagram for `Pharmacy` class\n","fileTypesAndContributionMap":{"docs":{"insertions":30,"deletions":1}}},{"hash":"d4d61b59808013d3103a72ffb65d8c4684f9c744","isMergeCommit":false,"messageTitle":"Enable Assertion","messageBody":"","fileTypesAndContributionMap":{"other":{"insertions":4,"deletions":0}}}]}],"pangyyen":[{"date":"2023-10-04","commitResults":[{"hash":"b805a9f978649960e6b06c5c52867b6d0ba02edb","isMergeCommit":false,"messageTitle":"Update my details in AboutUs","messageBody":"","fileTypesAndContributionMap":{"docs":{"insertions":5,"deletions":5}}},{"hash":"e7646d4143e6eedb4c7e2722f1d2520e28ef935f","isMergeCommit":false,"messageTitle":"Update README and Ui mock-up picture","messageBody":"","fileTypesAndContributionMap":{"docs":{"insertions":31,"deletions":14}}},{"hash":"3b4c58efac8fdbd7b676d1315cf053762e945d63","isMergeCommit":false,"messageTitle":"Add in profile picture","messageBody":"","fileTypesAndContributionMap":{"docs":{"insertions":1,"deletions":1}}},{"hash":"cee31ae444ad1759794a61bac45289b956523571","isMergeCommit":false,"messageTitle":"Fix checkstyle error","messageBody":"","fileTypesAndContributionMap":{"docs":{"insertions":1,"deletions":1}}},{"hash":"b867880fdc10becd47a9f0d623286317d32913c3","isMergeCommit":false,"messageTitle":"create PPP\u0027s skeleton","messageBody":"","fileTypesAndContributionMap":{"docs":{"insertions":34,"deletions":0}}},{"hash":"e6e3644264377a38d187f67ed479a2ab4da89602","isMergeCommit":false,"messageTitle":"Rename of pangyyen\u0027s PPP","messageBody":"","fileTypesAndContributionMap":{"docs":{"insertions":0,"deletions":0}}},{"hash":"c9d25acb4b7ffd6eacbb7988490bc762f9b61c3a","isMergeCommit":false,"messageTitle":"Rename of pangyyen\u0027s PPP title","messageBody":"","fileTypesAndContributionMap":{"docs":{"insertions":1,"deletions":1}}},{"hash":"160c43f28f3c4a293b194136213f0c20500c3c3c","isMergeCommit":true,"messageTitle":"Merge pull request #10 from tanboonkhong/bk-ppp","messageBody":"Create Boon Khong\u0027s PPP","fileTypesAndContributionMap":{}},{"hash":"2d7f624ea55593ea7dd2c1086b7f5f5cabf8bdcf","isMergeCommit":false,"messageTitle":"Update pangyyen\u0027s PPP","messageBody":"","fileTypesAndContributionMap":{"docs":{"insertions":2,"deletions":2}}},{"hash":"286781c0e3f7c2d9f98dfcce2fa00cf8379511f1","isMergeCommit":false,"messageTitle":"Rename profile image","messageBody":"","fileTypesAndContributionMap":{"docs":{"insertions":1,"deletions":1}}},{"hash":"9d5194a77b1436cf4b4eb1ccdacda258f195e84f","isMergeCommit":true,"messageTitle":"Merge pull request #14 from lyuanww/ly-rename-image-to-github-username","messageBody":"Rename image to GitHub username","fileTypesAndContributionMap":{}},{"hash":"076f84d58b33259262bc6f7b6f77c55a4987e1f8","isMergeCommit":false,"messageTitle":"Create new User Guide","messageBody":"","fileTypesAndContributionMap":{"docs":{"insertions":22,"deletions":188}}},{"hash":"8cf4e522b5a763c969f0c47dd00c2e66e3501d81","isMergeCommit":false,"messageTitle":"Create DG","messageBody":"","fileTypesAndContributionMap":{"docs":{"insertions":113,"deletions":376}}}]},{"date":"2023-10-05","commitResults":[{"hash":"51ae36b1badbf02f49fe595b0d062db63e1d3827","isMergeCommit":false,"messageTitle":"Add in glossary for DG\u0027","messageBody":"","fileTypesAndContributionMap":{"docs":{"insertions":9,"deletions":0}}},{"hash":"c1ff0bef33580d10fec6d6c97c407c3b65eda64a","isMergeCommit":false,"messageTitle":"Fix checkstyle","messageBody":"","fileTypesAndContributionMap":{"docs":{"insertions":1,"deletions":1}}},{"hash":"4cf2601620b33bec1428c09c20ffeea16176b66c","isMergeCommit":true,"messageTitle":"Merge pull request #27 from tanboonkhong/bk-user-guide","messageBody":"Update UserGuide to include UI image","fileTypesAndContributionMap":{}},{"hash":"6df672f16537ff13d6bec9e2dda1aaa93a1a46fc","isMergeCommit":true,"messageTitle":"Merge pull request #28 from LimJH2002/jh-ppp","messageBody":"Create jh-ppp","fileTypesAndContributionMap":{}}]},{"date":"2023-10-12","commitResults":[{"hash":"6844f5c165f3e05a03c4a66666e660e44b2e4274","isMergeCommit":false,"messageTitle":"Rename add command","messageBody":"","fileTypesAndContributionMap":{"functional-code":{"insertions":1,"deletions":1}}}]},{"date":"2023-10-16","commitResults":[{"hash":"05de98d27ef9abd39ec4026f902e559c57bc5672","isMergeCommit":true,"messageTitle":"Merge pull request #43 from tanboonkhong/branch-person","messageBody":"Add Person Constructor and Nric Class","fileTypesAndContributionMap":{}},{"hash":"db458d96f52bc9f1720d08ddc385554cdea75328","isMergeCommit":true,"messageTitle":"Merge pull request #45 from LimJH2002/branch-add-nric-field","messageBody":"Branch add nric field","fileTypesAndContributionMap":{}},{"hash":"fad6a655d873c37a54e6786e0ed118bd59b4d056","isMergeCommit":false,"messageTitle":"Configure Logic.class to NewLogic.class","messageBody":"","fileTypesAndContributionMap":{"functional-code":{"insertions":50,"deletions":0}}},{"hash":"c6044f9f9dbf74825ec8079abd9d141d9964195c","isMergeCommit":true,"messageTitle":"Merge pull request #51 from tanboonkhong/branch-configure-storage","messageBody":"Branch configure storage","fileTypesAndContributionMap":{}},{"hash":"9395e3aed7e33536c0e6e632fc3d91a1c82366ad","isMergeCommit":true,"messageTitle":"Merge branch \u0027master\u0027 into branch-configure-logic-package","messageBody":"","fileTypesAndContributionMap":{}},{"hash":"914b1444e9a6bc33f7e5ccbc7487ca1bd67eda2c","isMergeCommit":false,"messageTitle":"Configure LogicManager.class to ClinicLogicManager.class","messageBody":"","fileTypesAndContributionMap":{"functional-code":{"insertions":87,"deletions":0},"other":{"insertions":2,"deletions":2}}},{"hash":"e4b24c121489371d716e33e74388e34044861775","isMergeCommit":false,"messageTitle":"Configure Command.java to ClinicCommand.java","messageBody":"","fileTypesAndContributionMap":{"functional-code":{"insertions":20,"deletions":0}}},{"hash":"61d3e46c276d9653d1e0b27d2316eab671543e7a","isMergeCommit":false,"messageTitle":"Configure AddCommand.java to AddPatientCommand.java","messageBody":"","fileTypesAndContributionMap":{"functional-code":{"insertions":84,"deletions":0}}},{"hash":"6fb2346cfd65ab4f449982e3ffb54e9d3dbd3bdd","isMergeCommit":false,"messageTitle":"Configure ClearCommand.java to ClearPatientCommand.java","messageBody":"","fileTypesAndContributionMap":{"functional-code":{"insertions":24,"deletions":1}}},{"hash":"3a9e7306d7f5ca1e47857740a8aac27124ec7b98","isMergeCommit":false,"messageTitle":"Configure Messages.java to ClinicMessages.java","messageBody":"","fileTypesAndContributionMap":{"functional-code":{"insertions":53,"deletions":0}}},{"hash":"a4b381bc853236fc604b2eab3602ffa99e9125dd","isMergeCommit":false,"messageTitle":"Configure DeleteCommand.java to DeletePatient","messageBody":"","fileTypesAndContributionMap":{"functional-code":{"insertions":69,"deletions":2}}}]},{"date":"2023-10-17","commitResults":[{"hash":"d99c3d0f7a30fd25eedab42041b8ce3c5d86ff44","isMergeCommit":false,"messageTitle":"Configure EditCommand.java EditPatientCommand.java","messageBody":"","fileTypesAndContributionMap":{"functional-code":{"insertions":256,"deletions":1}}},{"hash":"9685799a0e86b9a965f10be1801301d8b9084eae","isMergeCommit":false,"messageTitle":"Configure ExitCommand.java to ExitClinicCommand.java","messageBody":"","fileTypesAndContributionMap":{"functional-code":{"insertions":19,"deletions":0}}},{"hash":"764bf078c1e79ce71a919c04133539ae9b5df079","isMergeCommit":false,"messageTitle":"Configure FindCommand.java to Find FindPatientCommand.java","messageBody":"","fileTypesAndContributionMap":{"functional-code":{"insertions":58,"deletions":0}}},{"hash":"a9dacfdcd71ad6c6c06c9dcc25c0118bc3464db3","isMergeCommit":false,"messageTitle":"Configure HelpCommand.java to HelpClinicCommand.java","messageBody":"","fileTypesAndContributionMap":{"functional-code":{"insertions":21,"deletions":0}}},{"hash":"84aabd6265abc57efea437230bcb753a0cf5ace5","isMergeCommit":false,"messageTitle":"Configure ListCommand.java to ListPatientCommand.java","messageBody":"","fileTypesAndContributionMap":{"functional-code":{"insertions":25,"deletions":1}}},{"hash":"28e7d2daf76befe4b32d6ff92bc2ec19a3f553b7","isMergeCommit":false,"messageTitle":"Configure Parser.java to ParserClinic.java","messageBody":"","fileTypesAndContributionMap":{"functional-code":{"insertions":26,"deletions":0}}},{"hash":"9acc34396ef5960589c98c798baca6e449254e33","isMergeCommit":false,"messageTitle":"Configure FindCommandParser.java to FindPatientCommandPatser.java","messageBody":"","fileTypesAndContributionMap":{"functional-code":{"insertions":33,"deletions":0}}},{"hash":"5922aaaa6359aba647d6e90b2190dd6317a0bd5d","isMergeCommit":false,"messageTitle":"Configure EditCommandParser.java to EditCommandPatientParser.java","messageBody":"","fileTypesAndContributionMap":{"functional-code":{"insertions":85,"deletions":0}}},{"hash":"e743dc41dce46ecad48281a57bb698a0590ebc6a","isMergeCommit":false,"messageTitle":"Configure EditCommandParser.java to EditPatientCommandParser.java","messageBody":"","fileTypesAndContributionMap":{"functional-code":{"insertions":1,"deletions":1}}},{"hash":"adab6f22782992a95aeebede882e2c4f5d80500b","isMergeCommit":false,"messageTitle":"Configure DeleteCommandParser.java to DeletePatientCommandParser.java","messageBody":"","fileTypesAndContributionMap":{"functional-code":{"insertions":30,"deletions":1}}},{"hash":"9bf6775f1fe8f31ca87ddbb11f5f1e98c6cc4bb9","isMergeCommit":false,"messageTitle":"Configure ArgumentMultimap.java to ClinicArgumentMultimap.java","messageBody":"","fileTypesAndContributionMap":{"functional-code":{"insertions":79,"deletions":0}}},{"hash":"7153935aef1fd22280fa0bba4095fb419cd949c9","isMergeCommit":false,"messageTitle":"Configure AddressBookParser.java to ClinicBookParser.java","messageBody":"","fileTypesAndContributionMap":{"functional-code":{"insertions":86,"deletions":0}}},{"hash":"83e6029044b9d77ecfc613f0b51a43306dd55bf0","isMergeCommit":false,"messageTitle":"Configure AddCommandParser.java to AddPatientCommandParser.java","messageBody":"","fileTypesAndContributionMap":{"functional-code":{"insertions":64,"deletions":0}}},{"hash":"7fa53e294fe3c3bea19df20bc35f64792139f63f","isMergeCommit":false,"messageTitle":"Fix ClinicLogicManager bug","messageBody":"","fileTypesAndContributionMap":{"functional-code":{"insertions":4,"deletions":3}}},{"hash":"25dca9508d908d754436b55278321a8fb651e7ce","isMergeCommit":false,"messageTitle":"Configure Model.NameContainsKeywordsPredicate to Model.PatientNameContainsKeywordsPredicate","messageBody":"","fileTypesAndContributionMap":{"functional-code":{"insertions":47,"deletions":3}}},{"hash":"9bf05ddc5d2366499b570e824f1030ac43c4abd4","isMergeCommit":false,"messageTitle":"Fix checkstyle and minor bug","messageBody":"","fileTypesAndContributionMap":{"functional-code":{"insertions":19,"deletions":10}}},{"hash":"6e7b12c6daab98c99448a781bf8ec62907157ed6","isMergeCommit":false,"messageTitle":"Fix bug caused by diff command word: delete-patient","messageBody":"","fileTypesAndContributionMap":{"test-code":{"insertions":1,"deletions":1}}}]},{"date":"2023-10-18","commitResults":[{"hash":"542352b56c2ca92c7813a420d6de6268347fabd1","isMergeCommit":true,"messageTitle":"Merge pull request #56 from tanboonkhong/branch-porting","messageBody":"Branch porting","fileTypesAndContributionMap":{}},{"hash":"a8eba7035cf0632444b51c1d4bd69c3e087e6e8d","isMergeCommit":true,"messageTitle":"Merge pull request #1 from AY2324S1-CS2103T-F08-1/branch-porting","messageBody":"Branch porting","fileTypesAndContributionMap":{}},{"hash":"879848f68500b4f62dd63c7fd78769441d53dbff","isMergeCommit":false,"messageTitle":"Refactor for logic package","messageBody":"","fileTypesAndContributionMap":{"functional-code":{"insertions":113,"deletions":1250}}},{"hash":"39f46335191d94739515a208cd79b5597bce84bb","isMergeCommit":false,"messageTitle":"Refactor outside of logic package","messageBody":"","fileTypesAndContributionMap":{"functional-code":{"insertions":37,"deletions":37}}}]},{"date":"2023-10-19","commitResults":[{"hash":"a211ba5aacd24966808023bf5696144989a5297b","isMergeCommit":false,"messageTitle":"Refactor for logic package","messageBody":"","fileTypesAndContributionMap":{"functional-code":{"insertions":113,"deletions":1250}}},{"hash":"f5d9e5088fb09635cfad4e1ff3cc0b9fab55788b","isMergeCommit":false,"messageTitle":"Refactor outside of logic package","messageBody":"","fileTypesAndContributionMap":{"functional-code":{"insertions":37,"deletions":37}}}]},{"date":"2023-10-20","commitResults":[{"hash":"6a58514afe23436264bc5276c6e125601e0dd048","isMergeCommit":true,"messageTitle":"Merge pull request #2 from AY2324S1-CS2103T-F08-1/branch-porting","messageBody":"Branch porting","fileTypesAndContributionMap":{}},{"hash":"e7afbbf331847657f9c2e3a8e40595cad53f7b18","isMergeCommit":false,"messageTitle":"Fix LogicManager for parallel testing","messageBody":"","fileTypesAndContributionMap":{"test-code":{"insertions":16,"deletions":16}}},{"hash":"d91f285b0c50f9ebefcb5b189e26ada5ead37d22","isMergeCommit":true,"messageTitle":"Merge pull request #61 from pangyyen/branch-full-porting","messageBody":"Branch full porting","fileTypesAndContributionMap":{}},{"hash":"c08490edb38717e3eaf46c6f5ad41703e6a823b7","isMergeCommit":false,"messageTitle":"Fix test files in test folder logic/parser","messageBody":"","fileTypesAndContributionMap":{"other":{"insertions":17,"deletions":17},"test-code":{"insertions":42,"deletions":44}}},{"hash":"03443c0a853dec6609e9c270d3002acbdb058b74","isMergeCommit":true,"messageTitle":"Merge branch \u0027branch-full-porting\u0027 into branch-porting","messageBody":"","fileTypesAndContributionMap":{}},{"hash":"c47559549c07791b51554d12bbf84d2902c00282","isMergeCommit":true,"messageTitle":"Merge pull request #4 from AY2324S1-CS2103T-F08-1/branch-porting","messageBody":"Branch porting","fileTypesAndContributionMap":{}},{"hash":"544c660e37d0eb61e5853531b137eb59134c1af1","isMergeCommit":true,"messageTitle":"Merge pull request #70 from AY2324S1-CS2103T-F08-1/branch-porting","messageBody":"This PR merge the renamed branch to main","fileTypesAndContributionMap":{}}]},{"date":"2023-10-25","commitResults":[{"hash":"920e7fea5ce13064668cf88e7dbccb34e3f4397c","isMergeCommit":false,"messageTitle":"Add in Appointment User Guide","messageBody":"","fileTypesAndContributionMap":{"docs":{"insertions":85,"deletions":0}}},{"hash":"174e8da71e37e0ed490378862eb543617990ff1f","isMergeCommit":false,"messageTitle":"Create Appointment Class","messageBody":"","fileTypesAndContributionMap":{"functional-code":{"insertions":79,"deletions":0}}},{"hash":"8f699991a1a4e33e1599d8353480f1b09787be29","isMergeCommit":false,"messageTitle":"Create Appointment Unit Test Class","messageBody":"","fileTypesAndContributionMap":{"test-code":{"insertions":78,"deletions":0}}},{"hash":"3478b54fc24a58c24ec87a6785324086e2572f9f","isMergeCommit":false,"messageTitle":"Add Appointment field to Patient","messageBody":"Caveat:\n- Modify Patient.java and PatientTest.java.\n- Test case errors still exist\n","fileTypesAndContributionMap":{"functional-code":{"insertions":12,"deletions":3},"test-code":{"insertions":7,"deletions":1}}},{"hash":"8130e4e53f477fbb9791df53a0932d519c84ccc9","isMergeCommit":false,"messageTitle":"Fix Check-style","messageBody":"","fileTypesAndContributionMap":{"functional-code":{"insertions":18,"deletions":5},"test-code":{"insertions":12,"deletions":4}}},{"hash":"0a868df6d0e43b5ead90c33bef2088184ea74525","isMergeCommit":false,"messageTitle":"Add Skeleton of AddApptCommand and Paeser","messageBody":"","fileTypesAndContributionMap":{"functional-code":{"insertions":343,"deletions":9},"docs":{"insertions":1,"deletions":1}}},{"hash":"a784ee0e3f79d403fecf8fcc43995a4ab228f7cb","isMergeCommit":false,"messageTitle":"Add in Prefix and Date \u0026 Time Parser in parser package","messageBody":"","fileTypesAndContributionMap":{"functional-code":{"insertions":40,"deletions":1},"docs":{"insertions":1,"deletions":1}}},{"hash":"dc162d79d17081825af3f20c300b4173177cfc7c","isMergeCommit":false,"messageTitle":"Create Appointment Command and parser","messageBody":"","fileTypesAndContributionMap":{"functional-code":{"insertions":155,"deletions":274}}},{"hash":"09febb30168c69c0fad537e35aa3d3fcbb0154b2","isMergeCommit":true,"messageTitle":"Merge pull request #77 from lyuanww/medical-history","messageBody":"feat: Medical history","fileTypesAndContributionMap":{}},{"hash":"08281679b1c21e2afa96b1aafd5ea9c210b99daf","isMergeCommit":true,"messageTitle":"Merge pull request #7 from AY2324S1-CS2103T-F08-1/master","messageBody":"Update Patient Medical History","fileTypesAndContributionMap":{}},{"hash":"cbc2ff9a50fd16416d7f607a4dc0c84b9cf110c5","isMergeCommit":true,"messageTitle":"Merge branch \u0027master\u0027 into branch-appointment-CRUD","messageBody":"","fileTypesAndContributionMap":{}}]},{"date":"2023-10-26","commitResults":[{"hash":"6bded6dce5678d2b65a734d4c39baa8882847051","isMergeCommit":false,"messageTitle":"Create EditAppointment Command","messageBody":"","fileTypesAndContributionMap":{"functional-code":{"insertions":775,"deletions":108},"other":{"insertions":86,"deletions":69},"docs":{"insertions":21,"deletions":21},"test-code":{"insertions":45,"deletions":43}}},{"hash":"aef85bf450f651b9b4cd702a968d4f835706c11e","isMergeCommit":false,"messageTitle":"Crete DeleteAppointmentCommand","messageBody":"","fileTypesAndContributionMap":{"functional-code":{"insertions":5,"deletions":13}}},{"hash":"a663b221328bbff185271a2a71e849691ae70320","isMergeCommit":false,"messageTitle":"Add in javadoc for all the appointment commands","messageBody":"","fileTypesAndContributionMap":{"functional-code":{"insertions":31,"deletions":9}}},{"hash":"e08aee503b670b69f429d9b78fb933ff6563b514","isMergeCommit":false,"messageTitle":"Create Parser for Appointment","messageBody":"","fileTypesAndContributionMap":{"functional-code":{"insertions":186,"deletions":15},"other":{"insertions":57,"deletions":37}}},{"hash":"906aed61fa17f92c9dcdc90cd572e95bfad98e69","isMergeCommit":false,"messageTitle":"Add in comments and code clean up","messageBody":"","fileTypesAndContributionMap":{"functional-code":{"insertions":177,"deletions":107},"other":{"insertions":22,"deletions":13},"docs":{"insertions":4,"deletions":4},"test-code":{"insertions":59,"deletions":43}}},{"hash":"54741d5614d89f2c410a950ef6b0b7d4c30f5314","isMergeCommit":false,"messageTitle":"Add in Appointment field in Storage","messageBody":"","fileTypesAndContributionMap":{"functional-code":{"insertions":108,"deletions":24},"docs":{"insertions":4,"deletions":4},"test-code":{"insertions":13,"deletions":9}}},{"hash":"b4d2bbcf2ae236d457c99908ffd02ff7cd9876dd","isMergeCommit":false,"messageTitle":"Fix test cases for Medical History","messageBody":"","fileTypesAndContributionMap":{"test-code":{"insertions":60,"deletions":50}}},{"hash":"5590cc39be6c06d399c72dc2d876b441859dd686","isMergeCommit":false,"messageTitle":"Fix checkstyle","messageBody":"","fileTypesAndContributionMap":{"test-code":{"insertions":51,"deletions":47}}},{"hash":"24bcc76421f77fb9ef781a691ef967d6841f649b","isMergeCommit":false,"messageTitle":"Fix Checkstyle Test","messageBody":"","fileTypesAndContributionMap":{"test-code":{"insertions":0,"deletions":1}}},{"hash":"e01d821be93c8b0e43880f570edcd2fb8c99e2d7","isMergeCommit":false,"messageTitle":"Fix Checkstyle for Ubuntu","messageBody":"","fileTypesAndContributionMap":{"test-code":{"insertions":4,"deletions":6}}},{"hash":"d3a3e482e5619f804046e294ddff56b3d10fb652","isMergeCommit":false,"messageTitle":"Update UG","messageBody":"","fileTypesAndContributionMap":{"docs":{"insertions":40,"deletions":0}}}]},{"date":"2023-10-27","commitResults":[{"hash":"d39e976d48b962234108deae2939509bf4adfc7a","isMergeCommit":true,"messageTitle":"Merge branch \u0027AY2324S1-CS2103T-F08-1:master\u0027 into master","messageBody":"","fileTypesAndContributionMap":{}},{"hash":"76a6da818ad702291ea1200a6da1a2f1842a3d11","isMergeCommit":true,"messageTitle":"Merge branch \u0027master\u0027 into branch-appointment-CRUD","messageBody":"","fileTypesAndContributionMap":{}},{"hash":"e333ee989ec365af18c974da1e82e7c9e7b334b4","isMergeCommit":false,"messageTitle":"Update local master and merge to appointment branch","messageBody":"","fileTypesAndContributionMap":{"test-code":{"insertions":4,"deletions":4}}},{"hash":"c1356cb072c2da52fa936bed2ba502ea564881e0","isMergeCommit":true,"messageTitle":"Merge pull request #83 from LimJH2002/branch-ui","messageBody":"Branch UI","tags":["v1.3"],"fileTypesAndContributionMap":{}}]}],"LimJH2002":[{"date":"2023-10-04","commitResults":[{"hash":"c3a609d11af2d455285048a9be288201d65c67c2","isMergeCommit":false,"messageTitle":"Update AboutUs.md","messageBody":"","fileTypesAndContributionMap":{"docs":{"insertions":6,"deletions":6}}},{"hash":"50e3878b979490cd2a9854583351229d1e739f1a","isMergeCommit":true,"messageTitle":"Merge pull request #5 from LimJH2002/jh/about-us","messageBody":"Edit about us page","fileTypesAndContributionMap":{}}]},{"date":"2023-10-05","commitResults":[{"hash":"3a0eb5016b38db8ce1ac7be59a19a95fc480eaf6","isMergeCommit":true,"messageTitle":"Merge pull request #2 from LimJH2002/master","messageBody":"Update branch user guide","fileTypesAndContributionMap":{}},{"hash":"da446a3cec169f61ff55c88d7641854dbab0fc55","isMergeCommit":false,"messageTitle":"Update UserGuide.md","messageBody":"","fileTypesAndContributionMap":{"docs":{"insertions":10,"deletions":0}}},{"hash":"a902c0b7ca98f584ce2e517ce1e70cbf458c4bbf","isMergeCommit":false,"messageTitle":"Create limjh2002.md","messageBody":"","fileTypesAndContributionMap":{"docs":{"insertions":12,"deletions":0}}}]},{"date":"2023-10-12","commitResults":[{"hash":"6d6b547d56bcc0615ab4c3eb9e380d41244d95a8","isMergeCommit":false,"messageTitle":"Change command to list-patient","messageBody":"","fileTypesAndContributionMap":{"functional-code":{"insertions":2,"deletions":2}}}]},{"date":"2023-10-16","commitResults":[{"hash":"160b5c87ad3259c80c1a03af2282c99002f3687e","isMergeCommit":false,"messageTitle":"Relocate nric class","messageBody":"","fileTypesAndContributionMap":{"other":{"insertions":1,"deletions":1},"test-code":{"insertions":2,"deletions":0}}},{"hash":"282a92227a49caf447efd2613b0581271e93305d","isMergeCommit":false,"messageTitle":"Relocate nric test","messageBody":"","fileTypesAndContributionMap":{"other":{"insertions":1,"deletions":1}}},{"hash":"1a4f54cb90b20962d6e1c892d853f450057cb49c","isMergeCommit":false,"messageTitle":"Add nric to patient class","messageBody":"","fileTypesAndContributionMap":{"functional-code":{"insertions":8,"deletions":1}}},{"hash":"bba0fdf65adeb3b860a3353690c0e52a25368afa","isMergeCommit":false,"messageTitle":"Add nric test","messageBody":"","fileTypesAndContributionMap":{"test-code":{"insertions":7,"deletions":1}}},{"hash":"144f0d08a282e1f8e4efbc85e7b16be59844d286","isMergeCommit":false,"messageTitle":"Update NricTest.java","messageBody":"","fileTypesAndContributionMap":{"test-code":{"insertions":0,"deletions":3}}},{"hash":"996f88edec7affe06146ff1c95d97ea681c5ba79","isMergeCommit":true,"messageTitle":"Merge branch \u0027LimJH2002-branch-add-nric-field\u0027","messageBody":"","fileTypesAndContributionMap":{}},{"hash":"1087b5b34284428e75aa8eaa76f34edb9956513b","isMergeCommit":false,"messageTitle":"Revert \"Merge branch \u0027LimJH2002-branch-add-nric-field\u0027\"","messageBody":"This reverts commit 996f88edec7affe06146ff1c95d97ea681c5ba79, reversing\nchanges made to 05de98d27ef9abd39ec4026f902e559c57bc5672.\n","fileTypesAndContributionMap":{"functional-code":{"insertions":1,"deletions":8},"other":{"insertions":3,"deletions":2},"test-code":{"insertions":1,"deletions":7}}},{"hash":"a1cc56c33dad9014b0b68488742b444f75d26e3b","isMergeCommit":true,"messageTitle":"Merge branch \u0027master\u0027 of https://github.com/LimJH2002/tp","messageBody":"","fileTypesAndContributionMap":{}},{"hash":"6a84dbee1d3b7addfae1731e613cc67b7f584b12","isMergeCommit":true,"messageTitle":"Merge pull request #3 from LimJH2002/master","messageBody":"Sync fork","fileTypesAndContributionMap":{}},{"hash":"35b0585856a30ad5ad0b6347842b0705830286c5","isMergeCommit":false,"messageTitle":"Resolving conflicts","messageBody":"","fileTypesAndContributionMap":{"functional-code":{"insertions":8,"deletions":1},"other":{"insertions":5,"deletions":2},"test-code":{"insertions":7,"deletions":1}}},{"hash":"974c9d3acf910a11014f5e4d2750434c8defbf92","isMergeCommit":false,"messageTitle":"Update NricTest.java","messageBody":"","fileTypesAndContributionMap":{"test-code":{"insertions":1,"deletions":5}}},{"hash":"4df958464883b4eff9c5ab1fc899ebe12c7388a5","isMergeCommit":false,"messageTitle":"Fix nric tests errors","messageBody":"","fileTypesAndContributionMap":{"functional-code":{"insertions":2,"deletions":2},"test-code":{"insertions":15,"deletions":13}}},{"hash":"bfcf7cd3c542f9232ccbdb9581e6b5b44b3b767b","isMergeCommit":false,"messageTitle":"Create ClinicBook.java","messageBody":"","fileTypesAndContributionMap":{"functional-code":{"insertions":4,"deletions":0}}},{"hash":"dd7f7803658513f4a13a63b1dc3db5f60befdc7e","isMergeCommit":false,"messageTitle":"Create UniquePatientList.java","messageBody":"","fileTypesAndContributionMap":{"functional-code":{"insertions":4,"deletions":0}}},{"hash":"e23d651a6e82a2aec3e6b23819d021fa73060f2e","isMergeCommit":false,"messageTitle":"Add uniquePersonList methods","messageBody":"","fileTypesAndContributionMap":{"functional-code":{"insertions":147,"deletions":1}}},{"hash":"901d1b9897c0d099156c83c49a648c8b1ac5c348","isMergeCommit":false,"messageTitle":"Update Patient.java","messageBody":"","fileTypesAndContributionMap":{"functional-code":{"insertions":1,"deletions":1}}},{"hash":"1e2ddd15346658e80e35c35da0964bd47b81299c","isMergeCommit":false,"messageTitle":"Update UniquePatientList.java","messageBody":"","fileTypesAndContributionMap":{"functional-code":{"insertions":7,"deletions":7}}},{"hash":"69b0d7949b18540458a5950351630f3063eb16d3","isMergeCommit":false,"messageTitle":"Create ReadOnlyClinicBook.java","messageBody":"","fileTypesAndContributionMap":{"functional-code":{"insertions":18,"deletions":0}}},{"hash":"c25d8d91f3ceebe352010171ce66e47b98a517a8","isMergeCommit":false,"messageTitle":"Update UniquePatientList.java","messageBody":"","fileTypesAndContributionMap":{"functional-code":{"insertions":3,"deletions":3}}},{"hash":"85dfe6ce79c9c9bb45519f67bc63f7fca90316de","isMergeCommit":false,"messageTitle":"Update Clinic Book logic","messageBody":"","fileTypesAndContributionMap":{"functional-code":{"insertions":129,"deletions":1}}},{"hash":"163b37e0516df04fe996964fc38afe30f583dcb2","isMergeCommit":false,"messageTitle":"Create NewModel.java","messageBody":"","fileTypesAndContributionMap":{"functional-code":{"insertions":87,"deletions":0}}},{"hash":"7ca13d73776f60bfa3a10e456ba20a7f13a203f3","isMergeCommit":false,"messageTitle":"Update NewModel.java","messageBody":"","fileTypesAndContributionMap":{"functional-code":{"insertions":18,"deletions":17}}},{"hash":"ea557f5d1df59f7c160bdaac113c2a869b9cbadc","isMergeCommit":false,"messageTitle":"Create NewModelManager.java","messageBody":"","fileTypesAndContributionMap":{"functional-code":{"insertions":149,"deletions":0}}},{"hash":"08a1b4af2312222d58724b9498c7a8e8535b756d","isMergeCommit":false,"messageTitle":"Create NewReadOnlyUserPrefs.java","messageBody":"","fileTypesAndContributionMap":{"functional-code":{"insertions":16,"deletions":0}}},{"hash":"4acfb238ba861074e297bc0392582d98fb664583","isMergeCommit":false,"messageTitle":"Create NewUserPrefs.java","messageBody":"","fileTypesAndContributionMap":{"functional-code":{"insertions":88,"deletions":0}}},{"hash":"55128f72b9f8ceb514fbd549d39af519d4d3012e","isMergeCommit":false,"messageTitle":"Update styles","messageBody":"","fileTypesAndContributionMap":{"functional-code":{"insertions":9,"deletions":11}}}]},{"date":"2023-10-17","commitResults":[{"hash":"14fac451d0e43c0ee9491b6c2d070758817ee278","isMergeCommit":true,"messageTitle":"Merge pull request #52 from pangyyen/branch-configure-logic-package","messageBody":"Branch configure logic package","fileTypesAndContributionMap":{}},{"hash":"67735f0d391aedab4bf8037c213d524562882ca3","isMergeCommit":false,"messageTitle":"Create DuplicatePatientException.java","messageBody":"","fileTypesAndContributionMap":{"functional-code":{"insertions":11,"deletions":0}}},{"hash":"67e84f4b386d498e005ea98516f1f3bea12471ac","isMergeCommit":false,"messageTitle":"Create PatientNotFoundException.java","messageBody":"","fileTypesAndContributionMap":{"functional-code":{"insertions":6,"deletions":0}}},{"hash":"29af5add2c5bc4f8dbc63aaf1220401594b82060","isMergeCommit":false,"messageTitle":"Update UniquePatientList.java","messageBody":"","fileTypesAndContributionMap":{"functional-code":{"insertions":7,"deletions":7}}}]},{"date":"2023-10-18","commitResults":[{"hash":"dc1b18f3f562a36acd07fad774217f8e9c7129d1","isMergeCommit":false,"messageTitle":"Port generals","messageBody":"","fileTypesAndContributionMap":{"functional-code":{"insertions":136,"deletions":622}}},{"hash":"3fe51694301d3f89b4e174f4dc3332afc94f2e23","isMergeCommit":false,"messageTitle":"Complete utils folder","messageBody":"","fileTypesAndContributionMap":{"functional-code":{"insertions":26,"deletions":86}}},{"hash":"65c518777808327010ce5168f6d0d1c723f122dd","isMergeCommit":true,"messageTitle":"Merge pull request #58 from lyuanww/ly-branch-porting","messageBody":"port: finish branch porting","fileTypesAndContributionMap":{}},{"hash":"197d65c3b617cb232fc4bb8011d5d048a65785ab","isMergeCommit":true,"messageTitle":"Merge pull request #4 from AY2324S1-CS2103T-F08-1/branch-porting","messageBody":"Branch porting","fileTypesAndContributionMap":{}}]},{"date":"2023-10-19","commitResults":[{"hash":"6786821f6f98bb0f21d267c752d2d7203cebdef9","isMergeCommit":false,"messageTitle":"Update Nric.java","messageBody":"","fileTypesAndContributionMap":{"functional-code":{"insertions":1,"deletions":1}}}]},{"date":"2023-10-20","commitResults":[{"hash":"439f51b0dc1a7b160c6616312a667526205cab8f","isMergeCommit":true,"messageTitle":"Merge pull request #59 from LimJH2002/branch-full-port","messageBody":"Branch full port","fileTypesAndContributionMap":{}},{"hash":"942abfdd6027f4c680be2a8012c802580fc2d5a7","isMergeCommit":true,"messageTitle":"Merge pull request #7 from AY2324S1-CS2103T-F08-1/branch-porting","messageBody":"Branch porting","fileTypesAndContributionMap":{}},{"hash":"29ed5d660d1cc49a7b5274f1053cf4a80103e779","isMergeCommit":true,"messageTitle":"Merge pull request #8 from AY2324S1-CS2103T-F08-1/branch-porting","messageBody":"Branch porting","fileTypesAndContributionMap":{}},{"hash":"2660cfe8e545ddeda96169a5572225ff8bc5f14e","isMergeCommit":false,"messageTitle":"Fix model testcases","messageBody":"","fileTypesAndContributionMap":{"functional-code":{"insertions":7,"deletions":8},"test-code":{"insertions":38,"deletions":42}}},{"hash":"258cdb81ae3ae71399d7a966cabdf25e97697309","isMergeCommit":true,"messageTitle":"Merge pull request #62 from LimJH2002/branch-full-port","messageBody":"Branch full port","fileTypesAndContributionMap":{}},{"hash":"38cdda4ce5aa769de4447530cb479502e59adb9c","isMergeCommit":true,"messageTitle":"Merge pull request #9 from AY2324S1-CS2103T-F08-1/branch-porting","messageBody":"Branch porting","fileTypesAndContributionMap":{}},{"hash":"f0e61b95babca9de896cd8ea6e846469633e5cdd","isMergeCommit":true,"messageTitle":"Merge pull request #10 from AY2324S1-CS2103T-F08-1/branch-porting","messageBody":"Branch porting","fileTypesAndContributionMap":{}},{"hash":"fa30a0cb61b08eafdc601f020ccddd4c56f93bf1","isMergeCommit":true,"messageTitle":"Merge pull request #12 from AY2324S1-CS2103T-F08-1/branch-porting","messageBody":"Branch porting","fileTypesAndContributionMap":{}},{"hash":"aebb2f3274e9027213400fd8394e04c103dc6d0b","isMergeCommit":false,"messageTitle":"Fix some testcases","messageBody":"","fileTypesAndContributionMap":{"functional-code":{"insertions":1,"deletions":1},"test-code":{"insertions":8,"deletions":7}}},{"hash":"6dcc9db7c407283c0fd549b70c0fbeda4ee9d9ac","isMergeCommit":true,"messageTitle":"Merge pull request #68 from LimJH2002/branch-full-port","messageBody":"Branch full port","fileTypesAndContributionMap":{}}]},{"date":"2023-10-26","commitResults":[{"hash":"2f4a93912d4aa25075c1fe975f4fb76d49cd661d","isMergeCommit":false,"messageTitle":"Add sidebar","messageBody":"","fileTypesAndContributionMap":{"functional-code":{"insertions":73,"deletions":31}}},{"hash":"6a9df76056f43de52d9edcd9a2ab4238a98c6265","isMergeCommit":false,"messageTitle":"Update DarkTheme.css","messageBody":"","fileTypesAndContributionMap":{"functional-code":{"insertions":52,"deletions":0}}},{"hash":"7b1bbbde293ce3fa2976b86d1d070818750d1578","isMergeCommit":false,"messageTitle":"Add sidebar icons","messageBody":"","fileTypesAndContributionMap":{"functional-code":{"insertions":44,"deletions":47}}},{"hash":"afa96ca68b1e545306b7d02a07630b33dda98cf8","isMergeCommit":false,"messageTitle":"Add logo","messageBody":"","fileTypesAndContributionMap":{"functional-code":{"insertions":108,"deletions":3}}},{"hash":"90412533d4033915260c85f95b4ab0e4a7dfef3c","isMergeCommit":false,"messageTitle":"Port MainWindow","messageBody":"","fileTypesAndContributionMap":{"functional-code":{"insertions":85,"deletions":87}}},{"hash":"3a676db7ed80f0b3540e454f57bb640b62255e64","isMergeCommit":false,"messageTitle":"Revert \"Port MainWindow\"","messageBody":"This reverts commit db89667ea76f67fabc6ec19ddaacb8b0e6a79acb.\n","fileTypesAndContributionMap":{"functional-code":{"insertions":87,"deletions":85}}},{"hash":"6dbf89870b1dd85b735dcf707bf1e411a9c317ce","isMergeCommit":false,"messageTitle":"Add switch tabs functionality","messageBody":"","fileTypesAndContributionMap":{"functional-code":{"insertions":61,"deletions":15}}},{"hash":"7a7a55576df23624423cda86d5d211406b118b41","isMergeCommit":false,"messageTitle":"Add intuitive tab switching","messageBody":"","fileTypesAndContributionMap":{"functional-code":{"insertions":22,"deletions":1}}},{"hash":"94c768d8436499f41c92c407b477bce872e35e6d","isMergeCommit":false,"messageTitle":"Remove menu bar","messageBody":"","fileTypesAndContributionMap":{"functional-code":{"insertions":6,"deletions":15}}},{"hash":"e22089b15cad2ae44e4debf8c285152d3170685a","isMergeCommit":false,"messageTitle":"Revamp app theme styles","messageBody":"","fileTypesAndContributionMap":{"functional-code":{"insertions":62,"deletions":315}}},{"hash":"e6d7688eac40a4f67fc7dfa0036775ea6ab125fd","isMergeCommit":false,"messageTitle":"FIx sidebar readability","messageBody":"","fileTypesAndContributionMap":{"functional-code":{"insertions":17,"deletions":18}}},{"hash":"fee705c87b0947baccc97376bd7a01149b4d7ad0","isMergeCommit":false,"messageTitle":"Update MainWindow.fxml","messageBody":"","fileTypesAndContributionMap":{"functional-code":{"insertions":8,"deletions":5}}},{"hash":"2ec7a5754e45e0f74bc34c7a98da472338134a2d","isMergeCommit":false,"messageTitle":"Update MainWindow.fxml","messageBody":"","fileTypesAndContributionMap":{"functional-code":{"insertions":5,"deletions":5}}},{"hash":"6b6d14e2e71d329ec121c34bd5f9b411d431a815","isMergeCommit":false,"messageTitle":"Update DarkTheme.css","messageBody":"","fileTypesAndContributionMap":{"functional-code":{"insertions":3,"deletions":3}}},{"hash":"84d11c0d9564358b6bcf048d5fa6c88ff18323a6","isMergeCommit":false,"messageTitle":"Update DarkTheme.css","messageBody":"","fileTypesAndContributionMap":{"functional-code":{"insertions":52,"deletions":0}}},{"hash":"10b8911701b461c5171508062c162efef4928bba","isMergeCommit":false,"messageTitle":"Port MainWindow","messageBody":"","fileTypesAndContributionMap":{"functional-code":{"insertions":3,"deletions":3}}},{"hash":"c2f35c00b577691862971960dd318ab1654b32e7","isMergeCommit":false,"messageTitle":"Revert \"Port MainWindow\"","messageBody":"This reverts commit db89667ea76f67fabc6ec19ddaacb8b0e6a79acb.\n","fileTypesAndContributionMap":{"functional-code":{"insertions":3,"deletions":3}}},{"hash":"8d5d6baf18433704223faf83e752c370243f0562","isMergeCommit":false,"messageTitle":"Add intuitive tab switching","messageBody":"","fileTypesAndContributionMap":{"functional-code":{"insertions":9,"deletions":0}}},{"hash":"0720d70f29f5f2e7f0a634f7948a32e8338aa77a","isMergeCommit":false,"messageTitle":"Revamp app theme styles","messageBody":"","fileTypesAndContributionMap":{"functional-code":{"insertions":19,"deletions":21}}},{"hash":"653c3bd56c5ccea108904f22efdfcb9b534f2b4c","isMergeCommit":false,"messageTitle":"Update DarkTheme.css","messageBody":"","fileTypesAndContributionMap":{"functional-code":{"insertions":2,"deletions":2}}},{"hash":"3e008cdaa34ba61ae9df44e95d83e8e6650ca93c","isMergeCommit":false,"messageTitle":"Update MainWindow.java","messageBody":"","fileTypesAndContributionMap":{"functional-code":{"insertions":4,"deletions":4}}},{"hash":"96b3f0c0a65beb7dfe8b9f66102fc0d34ef65c56","isMergeCommit":false,"messageTitle":"Fix result box bug","messageBody":"","fileTypesAndContributionMap":{"functional-code":{"insertions":6,"deletions":5}}},{"hash":"c2b6565bf44636941b0a36440ba461b6c359b168","isMergeCommit":false,"messageTitle":"Add display of medical histroy","messageBody":"","fileTypesAndContributionMap":{"functional-code":{"insertions":41,"deletions":36}}},{"hash":"2fa32726bec11dba82c8bcf446c81719fa0b0265","isMergeCommit":false,"messageTitle":"Create SwitchCommand.java","messageBody":"","fileTypesAndContributionMap":{"functional-code":{"insertions":14,"deletions":0}}},{"hash":"9dd1b901c7eaeb837dc16b9fa3d410368519ba10","isMergeCommit":false,"messageTitle":"Update SwitchCommand.java","messageBody":"","fileTypesAndContributionMap":{"functional-code":{"insertions":13,"deletions":2}}},{"hash":"cf239019df5130c5be8dc37348d9d5d436f711a3","isMergeCommit":false,"messageTitle":"Create Tabs.java","messageBody":"","fileTypesAndContributionMap":{"functional-code":{"insertions":22,"deletions":0}}},{"hash":"1969d853bc012230c0143d2285878d9751222d7d","isMergeCommit":false,"messageTitle":"Add switch command","messageBody":"","fileTypesAndContributionMap":{"functional-code":{"insertions":115,"deletions":22}}},{"hash":"35ceec26424437b82a50151af58486d8a6f3c753","isMergeCommit":false,"messageTitle":"Enhance switch command","messageBody":"","fileTypesAndContributionMap":{"functional-code":{"insertions":18,"deletions":2}}},{"hash":"bea2b02cf0d4ebbcf1eddebfc63c28221717106f","isMergeCommit":false,"messageTitle":"Add sidebar","messageBody":"","fileTypesAndContributionMap":{"functional-code":{"insertions":73,"deletions":31}}},{"hash":"0f7fc7466f7072721eead54f10c58dc6f004a9a4","isMergeCommit":false,"messageTitle":"Update DarkTheme.css","messageBody":"","fileTypesAndContributionMap":{"functional-code":{"insertions":52,"deletions":0}}},{"hash":"88fcc0621f11c0cf73d7c2051d7b712b63f866c9","isMergeCommit":false,"messageTitle":"Add sidebar icons","messageBody":"","fileTypesAndContributionMap":{"functional-code":{"insertions":44,"deletions":47}}},{"hash":"2ad66088c12b6c26a382f89ceb68719ba77c2f0f","isMergeCommit":false,"messageTitle":"Add logo","messageBody":"","fileTypesAndContributionMap":{"functional-code":{"insertions":108,"deletions":3}}},{"hash":"8f94b93398e2b96243124fdbc32b195f25b1c76c","isMergeCommit":false,"messageTitle":"Port MainWindow","messageBody":"","fileTypesAndContributionMap":{"functional-code":{"insertions":85,"deletions":87}}},{"hash":"d45584ed6481fd6441bf68b2defc6c248797e27c","isMergeCommit":false,"messageTitle":"Revert \"Port MainWindow\"","messageBody":"This reverts commit db89667ea76f67fabc6ec19ddaacb8b0e6a79acb.\n","fileTypesAndContributionMap":{"functional-code":{"insertions":87,"deletions":85}}},{"hash":"e3b08ae22d5170a2d3aed9167caf449197764291","isMergeCommit":false,"messageTitle":"Add switch tabs functionality","messageBody":"","fileTypesAndContributionMap":{"functional-code":{"insertions":61,"deletions":15}}},{"hash":"48421f7211bf422e504fbf8cc729429bb41ae5bb","isMergeCommit":false,"messageTitle":"Add intuitive tab switching","messageBody":"","fileTypesAndContributionMap":{"functional-code":{"insertions":22,"deletions":1}}},{"hash":"6bd2db03d6179b099dd7a93bc935d16fd8333644","isMergeCommit":false,"messageTitle":"Remove menu bar","messageBody":"","fileTypesAndContributionMap":{"functional-code":{"insertions":6,"deletions":15}}},{"hash":"f7d62dd90784d8a8ae4f818278a8a2b2d7fa6644","isMergeCommit":false,"messageTitle":"Revamp app theme styles","messageBody":"","fileTypesAndContributionMap":{"functional-code":{"insertions":62,"deletions":315}}},{"hash":"5b21dde346914fe8bda6a0ccb690ee0e6b0bc53b","isMergeCommit":false,"messageTitle":"FIx sidebar readability","messageBody":"","fileTypesAndContributionMap":{"functional-code":{"insertions":17,"deletions":18}}},{"hash":"a52afffafb28ab80b036843bc37d8e55dd85b4b5","isMergeCommit":false,"messageTitle":"Update MainWindow.fxml","messageBody":"","fileTypesAndContributionMap":{"functional-code":{"insertions":8,"deletions":5}}},{"hash":"4bee4898e95cad8862583ba0fffea9fc5f3ae973","isMergeCommit":false,"messageTitle":"Update MainWindow.fxml","messageBody":"","fileTypesAndContributionMap":{"functional-code":{"insertions":5,"deletions":5}}},{"hash":"152366bfaf82f2ff0a8078141fea1dd0689cc5f1","isMergeCommit":false,"messageTitle":"Update DarkTheme.css","messageBody":"","fileTypesAndContributionMap":{"functional-code":{"insertions":3,"deletions":3}}},{"hash":"49da323cc820a9af69d26c77cd7307b986e3f9ef","isMergeCommit":false,"messageTitle":"Update DarkTheme.css","messageBody":"","fileTypesAndContributionMap":{"functional-code":{"insertions":52,"deletions":0}}},{"hash":"e96686ece92793ae5ae559742b2097360f3a332f","isMergeCommit":false,"messageTitle":"Port MainWindow","messageBody":"","fileTypesAndContributionMap":{"functional-code":{"insertions":3,"deletions":3}}},{"hash":"dea8cc631a7cb7cbc26a19e1ffbcfaad64befd22","isMergeCommit":false,"messageTitle":"Revert \"Port MainWindow\"","messageBody":"This reverts commit db89667ea76f67fabc6ec19ddaacb8b0e6a79acb.\n","fileTypesAndContributionMap":{"functional-code":{"insertions":3,"deletions":3}}},{"hash":"7aac0fbbee0d6b4df4819633956783a2264475eb","isMergeCommit":false,"messageTitle":"Add intuitive tab switching","messageBody":"","fileTypesAndContributionMap":{"functional-code":{"insertions":9,"deletions":0}}},{"hash":"8092a9cb1b6f9efca077a1c4e65baef13cfac9fe","isMergeCommit":false,"messageTitle":"Revamp app theme styles","messageBody":"","fileTypesAndContributionMap":{"functional-code":{"insertions":19,"deletions":21}}},{"hash":"d2ad547d23e6a71ccca187ee8e4b9bead4a315a2","isMergeCommit":false,"messageTitle":"Update DarkTheme.css","messageBody":"","fileTypesAndContributionMap":{"functional-code":{"insertions":2,"deletions":2}}},{"hash":"69f6e8f9bc26f1ae1db7678fdcda4f01dfb6f8df","isMergeCommit":false,"messageTitle":"Update MainWindow.java","messageBody":"","fileTypesAndContributionMap":{"functional-code":{"insertions":4,"deletions":4}}},{"hash":"6f00ea2dd4ab62ac1e524c67028faaf3c8513835","isMergeCommit":false,"messageTitle":"Fix result box bug","messageBody":"","fileTypesAndContributionMap":{"functional-code":{"insertions":6,"deletions":5}}},{"hash":"b3447cda8df8e0feb4891dc3bbea7fb93d39e16f","isMergeCommit":false,"messageTitle":"Add display of medical histroy","messageBody":"","fileTypesAndContributionMap":{"functional-code":{"insertions":41,"deletions":36}}},{"hash":"004a59b268bb9340aacad58bcfe6c9c6f46dd678","isMergeCommit":false,"messageTitle":"Create SwitchCommand.java","messageBody":"","fileTypesAndContributionMap":{"functional-code":{"insertions":14,"deletions":0}}},{"hash":"8cfd607ac974c37668e8ea19f52df3de7ec6ad62","isMergeCommit":false,"messageTitle":"Update SwitchCommand.java","messageBody":"","fileTypesAndContributionMap":{"functional-code":{"insertions":13,"deletions":2}}},{"hash":"296a4868be96e9089db64ad1d51f98d58da3a2d7","isMergeCommit":false,"messageTitle":"Create Tabs.java","messageBody":"","fileTypesAndContributionMap":{"functional-code":{"insertions":22,"deletions":0}}},{"hash":"b9d8902a9f1a9166193b02d37580ef35d7ccaac5","isMergeCommit":false,"messageTitle":"Add switch command","messageBody":"","fileTypesAndContributionMap":{"functional-code":{"insertions":115,"deletions":22}}},{"hash":"753eb6837b8fd8b0b1369539dabb2f11e6b8c772","isMergeCommit":false,"messageTitle":"Enhance switch command","messageBody":"","fileTypesAndContributionMap":{"functional-code":{"insertions":18,"deletions":2}}},{"hash":"12885bcc73ce3f633e337143d649dd2e26ad7142","isMergeCommit":true,"messageTitle":"Merge branch \u0027branch-ui\u0027 of https://github.com/LimJH2002/tp into branch-ui","messageBody":"","fileTypesAndContributionMap":{}}]},{"date":"2023-10-27","commitResults":[{"hash":"31f851dfc3bc67526d391802bd927845e13dc586","isMergeCommit":false,"messageTitle":"Fix checkstyles","messageBody":"","fileTypesAndContributionMap":{"functional-code":{"insertions":44,"deletions":69},"test-code":{"insertions":15,"deletions":6}}},{"hash":"6879bad312def586d034cbc14d070461ead57636","isMergeCommit":true,"messageTitle":"Merge pull request #80 from pangyyen/branch-appointment-CRUD","messageBody":"Branch appointment crud","fileTypesAndContributionMap":{}},{"hash":"ffc895b42b43ae6bf5a8cdaa9e3d56c4e8e8e5af","isMergeCommit":true,"messageTitle":"Merge pull request #81 from pangyyen/branch-UG-py","messageBody":"Update DG","fileTypesAndContributionMap":{}},{"hash":"521c711fc4f8a2594f78faffc9918f6e71c8659b","isMergeCommit":true,"messageTitle":"Merge branch \u0027branch-ui\u0027 into master","messageBody":"","fileTypesAndContributionMap":{}},{"hash":"a7b5c6c41eaef703e72f03c4111f6d72ff57f29e","isMergeCommit":true,"messageTitle":"Merge pull request #13 from LimJH2002/master","messageBody":"Merge appointments","fileTypesAndContributionMap":{}},{"hash":"b9d77c2c67762c7eb7e7e4bcb688857d814781d3","isMergeCommit":false,"messageTitle":"Fix checkstyle","messageBody":"","fileTypesAndContributionMap":{"functional-code":{"insertions":1,"deletions":2},"test-code":{"insertions":4,"deletions":8}}},{"hash":"24317e8a30fa49b17d60c96d3dae40cec687e276","isMergeCommit":false,"messageTitle":"Create AppointmentsEventCard.java","messageBody":"","fileTypesAndContributionMap":{"functional-code":{"insertions":4,"deletions":0}}},{"hash":"a5556e94bda54b3598fc2debb038289724750265","isMergeCommit":false,"messageTitle":"Create AppointmentsPanel.java","messageBody":"","fileTypesAndContributionMap":{"functional-code":{"insertions":45,"deletions":0}}},{"hash":"e3c2a4bdfc9c50cee11dabc6654ef5376463bba1","isMergeCommit":false,"messageTitle":"Update MedicalHistoryPanel.java","messageBody":"","fileTypesAndContributionMap":{"functional-code":{"insertions":5,"deletions":5}}},{"hash":"9fb88dbd97370f640c3b63b4939f8ba37c499960","isMergeCommit":false,"messageTitle":"Update AppointmentsEventCard.java","messageBody":"","fileTypesAndContributionMap":{"functional-code":{"insertions":39,"deletions":1}}},{"hash":"f33fce7e877363891708d2b8056ac8387f3d55b9","isMergeCommit":false,"messageTitle":"Update AppointmentsPanel.java","messageBody":"","fileTypesAndContributionMap":{"functional-code":{"insertions":13,"deletions":9}}},{"hash":"b363e27010c09a8c6f5a3f20ace5bf1d99768334","isMergeCommit":false,"messageTitle":"Create AppointmentsPanel.fxml","messageBody":"","fileTypesAndContributionMap":{"functional-code":{"insertions":8,"deletions":0}}},{"hash":"604753b72d97dcb0e04fa610414d350aff381dd4","isMergeCommit":false,"messageTitle":"Create AppointmentsEventCard.fxml","messageBody":"","fileTypesAndContributionMap":{"functional-code":{"insertions":28,"deletions":0}}},{"hash":"06bfac3303a1bad5f67b50996e0c7b647e2ee4d4","isMergeCommit":false,"messageTitle":"Delete Sidebar.fxml","messageBody":"","fileTypesAndContributionMap":{"functional-code":{"insertions":0,"deletions":42}}},{"hash":"5dfd66deff258efb7da9e24e7b32134349c910db","isMergeCommit":false,"messageTitle":"Attempt appointment ui fix","messageBody":"","fileTypesAndContributionMap":{"functional-code":{"insertions":32,"deletions":12},"other":{"insertions":3,"deletions":4}}},{"hash":"8cd110234a30f6329981e75c3cd8865892d12490","isMergeCommit":false,"messageTitle":"Standardize appointment","messageBody":"","fileTypesAndContributionMap":{"functional-code":{"insertions":6,"deletions":6},"other":{"insertions":4,"deletions":4}}},{"hash":"76b4cc593687dca20cf015165ade779d67371f74","isMergeCommit":false,"messageTitle":"Update DeveloperGuide.md","messageBody":"","fileTypesAndContributionMap":{"docs":{"insertions":75,"deletions":60}}},{"hash":"40e7fd02bc51bea300aa4ec1faefe00b7071ea94","isMergeCommit":false,"messageTitle":"Update DarkTheme.css","messageBody":"","fileTypesAndContributionMap":{"functional-code":{"insertions":1,"deletions":1}}},{"hash":"47841c894bc9adb79b9001fb564581d01d9f253d","isMergeCommit":false,"messageTitle":"Fix checkstyle","messageBody":"","fileTypesAndContributionMap":{"docs":{"insertions":2,"deletions":4}}},{"hash":"2aea694d489d68468389baff0991ba4720cbbc57","isMergeCommit":true,"messageTitle":"Merge pull request #84 from tanboonkhong/branch-assertion","messageBody":"Branch assertion","fileTypesAndContributionMap":{}},{"hash":"296dd35550dda050638324e5014335152658f94d","isMergeCommit":true,"messageTitle":"Merge branch \u0027AY2324S1-CS2103T-F08-1:master\u0027 into master","messageBody":"","fileTypesAndContributionMap":{}},{"hash":"3f3ddc7d23658226f593a557d4c2d51820702e4c","isMergeCommit":false,"messageTitle":"FIx appointment ui bug","messageBody":"","fileTypesAndContributionMap":{"functional-code":{"insertions":9,"deletions":5},"other":{"insertions":2,"deletions":2}}},{"hash":"8160363c169288266c1e5982e976b8bf5e115c55","isMergeCommit":true,"messageTitle":"Merge pull request #14 from LimJH2002/master","messageBody":"Merge assetions","fileTypesAndContributionMap":{}}]}],"lyuanww":[{"date":"2023-10-04","commitResults":[{"hash":"6646ec72ea7cf0df736943de3ace084a06b94cbe","isMergeCommit":false,"messageTitle":"Edit About Us page for LiYuan","messageBody":"","fileTypesAndContributionMap":{"docs":{"insertions":5,"deletions":14}}},{"hash":"70663e7b010b4e5f9776b3817634d7a18d4ebcbe","isMergeCommit":true,"messageTitle":"Resolve merge conflicts","messageBody":"","fileTypesAndContributionMap":{}},{"hash":"68c6cf4229913047928233b286c648fe599f7dcb","isMergeCommit":false,"messageTitle":"Rename image to GitHub username","messageBody":"","fileTypesAndContributionMap":{"docs":{"insertions":1,"deletions":1}}},{"hash":"346a66967a270c54e9486a1a832d08ae55e87e46","isMergeCommit":true,"messageTitle":"Merge pull request #13 from pangyyen/py-aboutus","messageBody":"Rename profile image for pangyyen","fileTypesAndContributionMap":{}},{"hash":"7ea5e44d1f14acc4da9c9207b2c878ce9630348a","isMergeCommit":false,"messageTitle":"Create Li Yuan PPP","messageBody":"","fileTypesAndContributionMap":{"docs":{"insertions":12,"deletions":0}}},{"hash":"b57648f4e9066ee7dfc7d4068b81c4f7dfdb4a63","isMergeCommit":false,"messageTitle":"Fix check errors","messageBody":"","fileTypesAndContributionMap":{"docs":{"insertions":1,"deletions":1}}}]},{"date":"2023-10-05","commitResults":[{"hash":"44aa561189a4aadede4be4aedad3de8e13b27adf","isMergeCommit":false,"messageTitle":"Add delete command to ug","messageBody":"","fileTypesAndContributionMap":{"docs":{"insertions":22,"deletions":0}}}]},{"date":"2023-10-12","commitResults":[{"hash":"5ef585a1bd6a260991c64b225dd82b9d1005bce9","isMergeCommit":false,"messageTitle":"Rename \"delete\" command to \"delete-patient\"","messageBody":"","fileTypesAndContributionMap":{"functional-code":{"insertions":1,"deletions":1}}},{"hash":"4f902f6b579bf96d9e6826d5f9c0b1b08df41858","isMergeCommit":false,"messageTitle":"Rename \"delete\" test to \"delete-patient\"","messageBody":"","fileTypesAndContributionMap":{"test-code":{"insertions":1,"deletions":1}}},{"hash":"e562abda0f794a0f280e12db16463441d688862e","isMergeCommit":true,"messageTitle":"Merge pull request #40 from tanboonkhong/branch-edit-command","messageBody":"Rename \"edit\" command to \"edit-patient\"","fileTypesAndContributionMap":{}},{"hash":"9fae02a1518ef7e3248c59d632e570549bf1643c","isMergeCommit":false,"messageTitle":"Add basic Patient class","messageBody":"","fileTypesAndContributionMap":{"functional-code":{"insertions":55,"deletions":0}}},{"hash":"8e3fc152b3aeffb3c2cd4f611e99fff2762b59f0","isMergeCommit":false,"messageTitle":"Fix checkstyle","messageBody":"","fileTypesAndContributionMap":{"functional-code":{"insertions":11,"deletions":4}}},{"hash":"906f725c141194f8e3f9ee54d934345543fa6f4d","isMergeCommit":false,"messageTitle":"Add tests","messageBody":"","fileTypesAndContributionMap":{"test-code":{"insertions":40,"deletions":0}}},{"hash":"971b127c578b5c44ffbc44547b62a4a7e7ec0601","isMergeCommit":false,"messageTitle":"Fix checkstyle","messageBody":"","fileTypesAndContributionMap":{"test-code":{"insertions":1,"deletions":3}}},{"hash":"371e453556e5a67e89d56324fcd8c655873c2214","isMergeCommit":false,"messageTitle":"Add comprehensive testing","messageBody":"","fileTypesAndContributionMap":{"test-code":{"insertions":37,"deletions":12}}}]},{"date":"2023-10-16","commitResults":[{"hash":"9d0e61e7b1f1dd76360b965519c3707e68e15aa6","isMergeCommit":false,"messageTitle":"refactor: rename packages (major)","messageBody":"","fileTypesAndContributionMap":{"other":{"insertions":786,"deletions":786},"docs":{"insertions":13,"deletions":13},"test-code":{"insertions":3,"deletions":3}}}]},{"date":"2023-10-17","commitResults":[{"hash":"39277f633b544e3b428836e0ab25a7028e47ea5b","isMergeCommit":false,"messageTitle":"refactor: change main app to new patient system","messageBody":"","fileTypesAndContributionMap":{"functional-code":{"insertions":501,"deletions":63}}},{"hash":"a292c7275590fc30424f287efeb65f3c8f763d38","isMergeCommit":false,"messageTitle":"fix: add missing file","messageBody":"","fileTypesAndContributionMap":{"functional-code":{"insertions":61,"deletions":0}}},{"hash":"c57d354331bbfdd309cd15e3a20d33d9c2e650b1","isMergeCommit":false,"messageTitle":"fix: fix checkstyle","messageBody":"","fileTypesAndContributionMap":{"functional-code":{"insertions":28,"deletions":30}}}]},{"date":"2023-10-18","commitResults":[{"hash":"1ab8cf6af1ed52057fff8b5888f25740831f1c9d","isMergeCommit":true,"messageTitle":"Merge pull request #57 from pangyyen/branch-full-porting","messageBody":"Merge pull request #1 from AY2324S1-CS2103T-F08-1/branch-porting","fileTypesAndContributionMap":{}},{"hash":"03e18d07c1c93c846634f663b0498383df337b4b","isMergeCommit":true,"messageTitle":"Merge pull request #1 from AY2324S1-CS2103T-F08-1/branch-porting","messageBody":"Branch porting","fileTypesAndContributionMap":{}},{"hash":"61d0c8d7ade113c799a3840bc5a51886d39787de","isMergeCommit":false,"messageTitle":"port: finish porting","messageBody":"","fileTypesAndContributionMap":{"functional-code":{"insertions":4,"deletions":580}}}]},{"date":"2023-10-19","commitResults":[{"hash":"84b17eb3a5b2fd5230345485e1f885957a57a238","isMergeCommit":false,"messageTitle":"port: finish porting","messageBody":"","fileTypesAndContributionMap":{"functional-code":{"insertions":4,"deletions":580}}}]},{"date":"2023-10-20","commitResults":[{"hash":"6565acf800563d33984d12ada95aac8cddc2432d","isMergeCommit":true,"messageTitle":"Merge pull request #2 from AY2324S1-CS2103T-F08-1/branch-porting","messageBody":"Branch porting for test","fileTypesAndContributionMap":{}},{"hash":"2f38bce9eee1c8fb1328b8fce64e17f8e5b0792c","isMergeCommit":true,"messageTitle":"Merge pull request #3 from AY2324S1-CS2103T-F08-1/branch-porting","messageBody":"Branch porting for test part 2","fileTypesAndContributionMap":{}},{"hash":"5f2ea4e448b8836a213354a85ba0e874e4e2a6d0","isMergeCommit":false,"messageTitle":"port: finish fixing testcases","messageBody":"","fileTypesAndContributionMap":{"functional-code":{"insertions":12,"deletions":7},"test-code":{"insertions":76,"deletions":61}}},{"hash":"3c6f5964f2ad4808bacb52616a9fae3950fa8780","isMergeCommit":true,"messageTitle":"Merge pull request #69 from lyuanww/ly-branch-porting","messageBody":"Ly branch porting","fileTypesAndContributionMap":{}}]},{"date":"2023-10-24","commitResults":[{"hash":"3025f3a240d684a622bdf7b24b96fa73f6090397","isMergeCommit":false,"messageTitle":"Create classes for Medical History","messageBody":"","fileTypesAndContributionMap":{"functional-code":{"insertions":110,"deletions":0}}},{"hash":"aeab623ca3da70acf7026c4204888b119720492b","isMergeCommit":false,"messageTitle":"Update UG for add medical history","messageBody":"","fileTypesAndContributionMap":{"docs":{"insertions":19,"deletions":0}}},{"hash":"50c24eca75a9f91eb14ae0470cb0ce3ff9d96976","isMergeCommit":false,"messageTitle":"Finish add medical history","messageBody":"","fileTypesAndContributionMap":{"functional-code":{"insertions":298,"deletions":1}}},{"hash":"7c61752ac6aa295d53eeef90d484e64fde3b5091","isMergeCommit":false,"messageTitle":"Finish list medical history","messageBody":"","fileTypesAndContributionMap":{"functional-code":{"insertions":364,"deletions":0}}},{"hash":"bbddbde31472c4d4c56e3196e3368205037e5445","isMergeCommit":false,"messageTitle":"Finish edit medical history","messageBody":"","fileTypesAndContributionMap":{"functional-code":{"insertions":297,"deletions":4}}},{"hash":"93bb422c04e9cccfe7d1b9a5889149bd255d020a","isMergeCommit":false,"messageTitle":"Finish delete medical history","messageBody":"","fileTypesAndContributionMap":{"functional-code":{"insertions":231,"deletions":6},"docs":{"insertions":63,"deletions":0}}},{"hash":"e4094ed40f1a419df87aea21ea4b73c228d3d776","isMergeCommit":false,"messageTitle":"Fix checkstyle","messageBody":"","fileTypesAndContributionMap":{"functional-code":{"insertions":243,"deletions":107}}},{"hash":"6436f18668e7ea04798154f6a5cde6dc5171e197","isMergeCommit":false,"messageTitle":"Add Date class","messageBody":"","fileTypesAndContributionMap":{"functional-code":{"insertions":70,"deletions":14}}}]},{"date":"2023-10-25","commitResults":[{"hash":"5ac14906026503a8bc4278dea8aba28928d8fdb7","isMergeCommit":false,"messageTitle":"Write test cases for commands","messageBody":"","fileTypesAndContributionMap":{"functional-code":{"insertions":57,"deletions":6},"test-code":{"insertions":495,"deletions":12}}},{"hash":"d2b60c61eb67a2c01359cf24efa3f0e508ae9bfa","isMergeCommit":false,"messageTitle":"Fix checkstyle for test","messageBody":"","fileTypesAndContributionMap":{"test-code":{"insertions":79,"deletions":70}}},{"hash":"4eab02632bef84b0d1bb650284ed705ade789921","isMergeCommit":false,"messageTitle":"Fix checkstyle for main","messageBody":"","fileTypesAndContributionMap":{"functional-code":{"insertions":29,"deletions":26}}},{"hash":"ce55f923b7970f9c07c6d23fee81035b614d55a0","isMergeCommit":false,"messageTitle":"Fix user guide for medical history","messageBody":"","fileTypesAndContributionMap":{"docs":{"insertions":4,"deletions":1}}}]},{"date":"2023-10-26","commitResults":[{"hash":"67fc25b6816e9e7f340a191c55af3579aabdb4af","isMergeCommit":true,"messageTitle":"Merge pull request #71 from tanboonkhong/branch-testing","messageBody":"Branch Testing","fileTypesAndContributionMap":{}},{"hash":"13d2e6362105ad71a6f47f265ad6b2d4e4cf4f2e","isMergeCommit":false,"messageTitle":"Update developer guide for medical history","messageBody":"","fileTypesAndContributionMap":{"docs":{"insertions":27,"deletions":0}}},{"hash":"b48d71d6be0d266bc75919e5d88b0b1c61a5b9cc","isMergeCommit":true,"messageTitle":"Merge pull request #79 from lyuanww/ly-update-dg-medical-history-pre","messageBody":"Update developer guide for medical history","fileTypesAndContributionMap":{}}]}]},"authorFileTypeContributionMap":{"tanboonkhong":{"docs":54,"functional-code":396,"test-code":1127,"other":4},"pangyyen":{"docs":267,"functional-code":1659,"test-code":303},"LimJH2002":{"docs":24,"functional-code":1054,"test-code":70},"lyuanww":{"docs":117,"functional-code":1933,"test-code":835,"other":1}},"authorContributionVariance":{"tanboonkhong":121940.04,"pangyyen":293057.12,"LimJH2002":338795.94,"lyuanww":182187.94},"authorDisplayNameMap":{"tanboonkhong":"CS2103T-F08-1 TAN ..HONG","pangyyen":"CS2103T-F08-1 GAN .. YEN","LimJH2002":"CS2103T-F08-1 LIM ..HONG","lyuanww":"CS2103T-F08-1 WONG..YUAN"}}
