{"authorDailyContributionsMap":{"Kevin-Liusx":[{"date":"2023-10-02","commitResults":[{"hash":"605cbe26ebc11e803295213907ad4eb6808ee381","isMergeCommit":false,"messageTitle":"Updated AboutUs to add my own informations","messageBody":"Added a photo of myself\n","fileTypesAndContributionMap":{"docs":{"insertions":25,"deletions":5}}},{"hash":"3920c71c3a05eddd1ca251065627dc28963a3575","isMergeCommit":false,"messageTitle":"Added new line after file","messageBody":"","fileTypesAndContributionMap":{"docs":{"insertions":1,"deletions":1}}},{"hash":"0defdd034f51efad83b3d8bdc799b979ba47b7ab","isMergeCommit":true,"messageTitle":"Merge pull request #21 from jibtaf/branch-update-top-navigation-bar","messageBody":"Update top navigation bar of project website","fileTypesAndContributionMap":{}},{"hash":"dc2b4490f7162ea54013ab6f9e07f4f59c97d0a6","isMergeCommit":false,"messageTitle":"renamed my ppp","messageBody":"","fileTypesAndContributionMap":{"docs":{"insertions":1,"deletions":1}}},{"hash":"0c6c0c21955551c8333f403f5821ab827a80c921","isMergeCommit":true,"messageTitle":"Merge pull request #23 from jibtaf/branch-update-index-page","messageBody":"Update index page of project website","fileTypesAndContributionMap":{}}]},{"date":"2023-10-03","commitResults":[{"hash":"b8cfa24b722e4119014cff8b10e73e3332654dd0","isMergeCommit":true,"messageTitle":"Merge pull request #30 from jibtaf/branch-update-pages","messageBody":"Update pages","fileTypesAndContributionMap":{}},{"hash":"c8c0df0fb8de5d6a3703ea3043dbf32083ebbff4","isMergeCommit":false,"messageTitle":"Update AboutUs.md","messageBody":"","fileTypesAndContributionMap":{"docs":{"insertions":1,"deletions":1}}}]},{"date":"2023-10-13","commitResults":[{"hash":"ee381879146bb36fb9faac6975d36936b84acb59","isMergeCommit":false,"messageTitle":"Add get methods to the employee class","messageBody":"","fileTypesAndContributionMap":{"functional-code":{"insertions":19,"deletions":3}}}]}],"WeeMingQing":[{"date":"2023-10-02","commitResults":[{"hash":"92737899dae629a67fccb800de02a019ea95c0a6","isMergeCommit":false,"messageTitle":"Edit aboutUs","messageBody":"","fileTypesAndContributionMap":{"docs":{"insertions":51,"deletions":7}}},{"hash":"2b14ed6eaee31e4d2d85ba715f1fa78a97a2d873","isMergeCommit":false,"messageTitle":"Edit aboutUs","messageBody":"","fileTypesAndContributionMap":{"docs":{"insertions":3,"deletions":21}}},{"hash":"51a502e6e65323c4e4f5684ffa36a300fb6997ff","isMergeCommit":true,"messageTitle":"Merge branch \u0027master\u0027 into edit-about-us","messageBody":"","fileTypesAndContributionMap":{}},{"hash":"83d0bc581e99ed05cc5417d8b1c307a176bc3144","isMergeCommit":true,"messageTitle":"Merge pull request #17 from WeeMingQing/edit-about-us","messageBody":"Edit aboutUs","fileTypesAndContributionMap":{}}]},{"date":"2023-10-13","commitResults":[{"hash":"8897c62671c434a304fb0d9ce4a683c0c931bdac","isMergeCommit":true,"messageTitle":"Merge pull request #38 from jibtaf/week-8-commit","messageBody":"Modify AboutUs.md","fileTypesAndContributionMap":{}},{"hash":"be36237649996eda4d9e59c46c67bc5cfdc89c16","isMergeCommit":true,"messageTitle":"Merge pull request #39 from jibtaf/branch-add-employee-class","messageBody":"Add Employee.java","fileTypesAndContributionMap":{}}]},{"date":"2023-10-14","commitResults":[{"hash":"ca1cfd1ce796ae38653052da91812282de2a5df9","isMergeCommit":false,"messageTitle":"Add equals and isSameEmployee method","messageBody":"","fileTypesAndContributionMap":{"functional-code":{"insertions":40,"deletions":0}}},{"hash":"975d1b9bd3121e73fbbc60bacc9db5e7089d57d5","isMergeCommit":false,"messageTitle":"Edit Employee class","messageBody":"","fileTypesAndContributionMap":{"functional-code":{"insertions":0,"deletions":1}}}]}],"jibtaf":[{"date":"2023-10-02","commitResults":[{"hash":"e00372edc2cba954d1cf188499dac250c05a7a2d","isMergeCommit":true,"messageTitle":"Merge pull request #8 from Leb14/add-JinHao-info","messageBody":"Create new file jinHao.md","fileTypesAndContributionMap":{}},{"hash":"ef2ca2b3d991a8a329c2af35ff6ab211056f5a48","isMergeCommit":false,"messageTitle":"Update AboutUs and PPP","messageBody":"","fileTypesAndContributionMap":{"docs":{"insertions":27,"deletions":3}}},{"hash":"54d55a148e970342025f1b9568689dab6e8ef215","isMergeCommit":true,"messageTitle":"Merge pull request #15 from applepiofmyeye/branch-JoeyDocs","messageBody":"Add my info on about us page and skeleton of PPP","fileTypesAndContributionMap":{}},{"hash":"191e3270b86f656521605fe4b89d4e4015bf562a","isMergeCommit":true,"messageTitle":"Merge pull request #20 from Kevin-Liusx/AboutUs","messageBody":"Updated AboutUs to add my own informations","fileTypesAndContributionMap":{}},{"hash":"a1ed9faf00fb0e391acdbc70d18ecd80cedab8fb","isMergeCommit":false,"messageTitle":"Update index page of project website","messageBody":"","fileTypesAndContributionMap":{"docs":{"insertions":7,"deletions":6}}},{"hash":"b4278baa2371265c4606a4ca9fb23b76cc23a480","isMergeCommit":true,"messageTitle":"Merge pull request #22 from Kevin-Liusx/AboutUs","messageBody":"renamed my ppp","fileTypesAndContributionMap":{}},{"hash":"3b9599c45f54679658d25d6203fb70f791b61b1e","isMergeCommit":false,"messageTitle":"Update README.md","messageBody":"","fileTypesAndContributionMap":{"docs":{"insertions":8,"deletions":11}}},{"hash":"56b05a8d9cd458c9021fa33ed15e32cada0281e8","isMergeCommit":true,"messageTitle":"Merge pull request #25 from applepiofmyeye/branch-UG","messageBody":"Edit to the most updated UG","fileTypesAndContributionMap":{}},{"hash":"1d0c0e9f223d95f3b15081c1742c3c91d0e1f0f0","isMergeCommit":true,"messageTitle":"Merge pull request #24 from jibtaf/branch-update-readme","messageBody":"Update README.md","fileTypesAndContributionMap":{}},{"hash":"797c99ac32484fbb8668fc715cc3eef0c521168e","isMergeCommit":true,"messageTitle":"Merge pull request #27 from applepiofmyeye/branch-UG","messageBody":"Edit user guide to add pictures","fileTypesAndContributionMap":{}},{"hash":"b25f560bc6cf158f8af182f5acba54cff8f13b1d","isMergeCommit":true,"messageTitle":"Merge pull request #26 from Leb14/edit-DeveloperGuide.md","messageBody":"Edit DeveloperGuide.md","fileTypesAndContributionMap":{}},{"hash":"9783685d0242a1327ff2c064ba2fa288ab2d3a24","isMergeCommit":true,"messageTitle":"Merge pull request #28 from Leb14/edit-DeveloperGuide.md","messageBody":"Update DeveloperGuide.md","fileTypesAndContributionMap":{}}]},{"date":"2023-10-03","commitResults":[{"hash":"3d8c486a2f7103cfb9956adfd54f9f8cc02520dc","isMergeCommit":false,"messageTitle":"Update pages","messageBody":"","fileTypesAndContributionMap":{"docs":{"insertions":4,"deletions":3}}},{"hash":"575379563425aa9cbf3ff7c6820ea9774e9677f5","isMergeCommit":true,"messageTitle":"Merge pull request #31 from Kevin-Liusx/master","messageBody":"Update AboutUs.md","fileTypesAndContributionMap":{}}]},{"date":"2023-10-13","commitResults":[{"hash":"da6560f93cdc0d6e772868fba9fb8fa6bce7b896","isMergeCommit":false,"messageTitle":"Modify AboutUs.md","messageBody":"","fileTypesAndContributionMap":{"docs":{"insertions":1,"deletions":1}}},{"hash":"f079568bd583d30ca1d62289c648986cd88098bb","isMergeCommit":false,"messageTitle":"Add Employee.java","messageBody":"","fileTypesAndContributionMap":{"functional-code":{"insertions":21,"deletions":0}}},{"hash":"144b2c02601743f6b3457f40fb023aeacc6047bd","isMergeCommit":true,"messageTitle":"Merge pull request #42 from Leb14/Edit-employee-model","messageBody":"Update employee model","fileTypesAndContributionMap":{}},{"hash":"13d9f05f2e737b9e4b7ce2ec51baa4752d384d6a","isMergeCommit":true,"messageTitle":"Merge branch \u0027master\u0027 into branch-AddEmployee","messageBody":"","fileTypesAndContributionMap":{}},{"hash":"c7146b2362a823674a36108087244d0f3fa50aee","isMergeCommit":true,"messageTitle":"Merge pull request #40 from applepiofmyeye/branch-AddEmployee","messageBody":"Add toString() method and hashCode() method for Employee class","fileTypesAndContributionMap":{}},{"hash":"d324f3107c4a64fd46dfa923bc2eef4771ba8382","isMergeCommit":true,"messageTitle":"Merge pull request #43 from Kevin-Liusx/Add-Get-Methods","messageBody":"Add get methods to the employee class","fileTypesAndContributionMap":{}}]},{"date":"2023-10-14","commitResults":[{"hash":"b7e177343c84912c56953c88548904931c07b0fa","isMergeCommit":true,"messageTitle":"Merge pull request #44 from WeeMingQing/add-check-equals-methods","messageBody":"","fileTypesAndContributionMap":{}}]},{"date":"2023-10-16","commitResults":[{"hash":"ad1c4ef043b49271a5484549928d71cf6172a17e","isMergeCommit":false,"messageTitle":"Modify edit command","messageBody":"","fileTypesAndContributionMap":{"functional-code":{"insertions":250,"deletions":170},"docs":{"insertions":19,"deletions":19},"test-code":{"insertions":93,"deletions":93}}},{"hash":"70541a5d4660939871023e0cefa70d9a628d2fdb","isMergeCommit":false,"messageTitle":"Modify LogicSequenceDiagram.puml","messageBody":"","fileTypesAndContributionMap":{"docs":{"insertions":1,"deletions":1}}},{"hash":"dab5a08abd8a0e117e6aeb28bfb475e862464fdb","isMergeCommit":false,"messageTitle":"Optimise imports","messageBody":"","fileTypesAndContributionMap":{"functional-code":{"insertions":9,"deletions":180},"test-code":{"insertions":2,"deletions":2}}}]},{"date":"2023-10-17","commitResults":[{"hash":"c6fac0be04e3c4bcdb7aea729e2568a3e7c5c62d","isMergeCommit":true,"messageTitle":"Merge pull request #46 from applepiofmyeye/branch-RefactorPerson","messageBody":"Refactor Person model to have 4 new attributes","fileTypesAndContributionMap":{}},{"hash":"e5b1f22d0553fc6e25ae8802e34b25d08f7d9b11","isMergeCommit":false,"messageTitle":"Delete bin directory","messageBody":"","fileTypesAndContributionMap":{"other":{"insertions":0,"deletions":614}}},{"hash":"27da5b02ce22e905364dc71e667ce43d282df385","isMergeCommit":true,"messageTitle":"Merge branch \u0027master\u0027 into branch-edit-command","messageBody":"","fileTypesAndContributionMap":{}},{"hash":"3e9e1529d1eff13cb15a370e6b23632076c6d4fb","isMergeCommit":false,"messageTitle":"Remove wildcard import","messageBody":"","fileTypesAndContributionMap":{"functional-code":{"insertions":1,"deletions":1}}},{"hash":"93d6ab62ea3e6fa24c216fad13c2e677d0741937","isMergeCommit":false,"messageTitle":"Optimise code style to ensure the program compiles","messageBody":"","fileTypesAndContributionMap":{"functional-code":{"insertions":77,"deletions":58},"test-code":{"insertions":17,"deletions":34}}},{"hash":"419ed1a3f874306f063d0e34fb3f8b9f4b5973db","isMergeCommit":true,"messageTitle":"Merge pull request #49 from Leb14/add-read-command","messageBody":"Add readCommandTest.java","fileTypesAndContributionMap":{}},{"hash":"017d61896ccfca68ac1644e9896bb003f01af9dc","isMergeCommit":false,"messageTitle":"Change code style to pass java CI","messageBody":"","fileTypesAndContributionMap":{"test-code":{"insertions":4,"deletions":4}}},{"hash":"d5f54d1ee862f5b1f490c265350879ab75de8518","isMergeCommit":false,"messageTitle":"Add space","messageBody":"","fileTypesAndContributionMap":{"functional-code":{"insertions":1,"deletions":1}}},{"hash":"948ba40a986bd6b798679b51c98690048ce634be","isMergeCommit":false,"messageTitle":"Optimise code style","messageBody":"","fileTypesAndContributionMap":{"other":{"insertions":13,"deletions":12},"test-code":{"insertions":30,"deletions":27}}},{"hash":"cd13306c87ae4e9157489b3bae31b6b063827b16","isMergeCommit":false,"messageTitle":"Optimise code style","messageBody":"","fileTypesAndContributionMap":{"test-code":{"insertions":199,"deletions":189}}},{"hash":"4b05765f6e56543d0f50df8321dc9a7ca70fd215","isMergeCommit":true,"messageTitle":"Merge pull request #50 from jibtaf/branch-java-ci","messageBody":"Change code style to pass java CI","fileTypesAndContributionMap":{}},{"hash":"cb1c298e7798f908a664d141bd36dc4cb1319ae3","isMergeCommit":true,"messageTitle":"Merge pull request #51 from Leb14/add-read-command","messageBody":"Fix UI not displaying person card issue","fileTypesAndContributionMap":{}}]}],"applepiofmyeye":[{"date":"2023-10-02","commitResults":[{"hash":"4f579a524c781e5fe9e274c82caf137e38819297","isMergeCommit":false,"messageTitle":"Add my info on about us page and skeleton of PPP","messageBody":"","fileTypesAndContributionMap":{"docs":{"insertions":42,"deletions":5}}},{"hash":"4bc27c15b3731fea0030d206bc9c9bd3ab4a92fc","isMergeCommit":true,"messageTitle":"Merge pull request #14 from Leb14/add-JinHao-info","messageBody":"Refine Jin Hao info ","fileTypesAndContributionMap":{}},{"hash":"d69c00fbbe7f994ed4c7eb71e452cbfd4613cb7f","isMergeCommit":true,"messageTitle":"Merge pull request #18 from Leb14/add-JinHao-info","messageBody":"Change filename","fileTypesAndContributionMap":{}},{"hash":"50a8053c5710593b553a0cac2459ddd1b928a585","isMergeCommit":false,"messageTitle":"Edit to the most updated UG","messageBody":"","fileTypesAndContributionMap":{"docs":{"insertions":85,"deletions":57}}},{"hash":"ecad44d0753203a41f0bb9c86fd52ad286a33e13","isMergeCommit":false,"messageTitle":"Edit user guide to add pictures","messageBody":"","fileTypesAndContributionMap":{"docs":{"insertions":89,"deletions":24}}}]},{"date":"2023-10-05","commitResults":[{"hash":"3e7aaf668d26db44505ede71dc4410c26d6ae367","isMergeCommit":false,"messageTitle":"Rename file to github username","messageBody":"","fileTypesAndContributionMap":{"docs":{"insertions":0,"deletions":0}}},{"hash":"ceb7bdd0d34cdb6242341d83e6278b2a6cbe74cd","isMergeCommit":true,"messageTitle":"Merge pull request #33 from applepiofmyeye/master","messageBody":"Rename file to github username","fileTypesAndContributionMap":{}}]},{"date":"2023-10-13","commitResults":[{"hash":"a8bf170a00e6140c85a3b92ce1d56ad0435de01d","isMergeCommit":false,"messageTitle":"Add toString() method and hashCode() method for Employee class","messageBody":"","fileTypesAndContributionMap":{"functional-code":{"insertions":23,"deletions":0}}}]},{"date":"2023-10-15","commitResults":[{"hash":"214615fc01c03a2d36f4756adf725d9987f783d9","isMergeCommit":true,"messageTitle":"Merge pull request #45 from Leb14/add-read-command","messageBody":"","fileTypesAndContributionMap":{}},{"hash":"73668ddd9ceb911b45bfd4f7a120e53120c8b464","isMergeCommit":false,"messageTitle":"Refactor Person model to have 4 new attributes","messageBody":"","fileTypesAndContributionMap":{"functional-code":{"insertions":502,"deletions":311},"test-code":{"insertions":264,"deletions":252}}}]},{"date":"2023-10-17","commitResults":[{"hash":"e8e80af3c40334b7c26ba08b039606b9f8fdc868","isMergeCommit":false,"messageTitle":"Resolve importing to follow coding standard","messageBody":"","fileTypesAndContributionMap":{"functional-code":{"insertions":130,"deletions":105},"other":{"insertions":614,"deletions":0},"test-code":{"insertions":306,"deletions":242}}}]}],"Leb14":[{"date":"2023-10-02","commitResults":[{"hash":"6e8e56f72860cf28da897106ab1594a2bc57ea6d","isMergeCommit":false,"messageTitle":"Create jinHao.md","messageBody":"","fileTypesAndContributionMap":{"docs":{"insertions":1,"deletions":0}}},{"hash":"09147e846ad3521af64a760416c773b5781271ca","isMergeCommit":false,"messageTitle":"Update AboutUs.md","messageBody":"","fileTypesAndContributionMap":{"docs":{"insertions":5,"deletions":5}}},{"hash":"d357195b204ba894db78426024c4a7744259a020","isMergeCommit":false,"messageTitle":"Update jinHao.md","messageBody":"","fileTypesAndContributionMap":{"docs":{"insertions":32,"deletions":0}}},{"hash":"d253ee92ed0b329d9c719d6bffdf832686443ac7","isMergeCommit":true,"messageTitle":"Merge branch \u0027AY2324S1-CS2103T-W12-2:master\u0027 into add-JinHao-info","messageBody":"","fileTypesAndContributionMap":{}},{"hash":"db0a7a5878a0777fcd81597c8c3992c33b63233d","isMergeCommit":true,"messageTitle":"Merge pull request #16 from jibtaf/branch-update-about-us-and-ppp-page","messageBody":"Update Yifan info","fileTypesAndContributionMap":{}},{"hash":"0b34b41b5f19ea5488fda8a1264c67e3708fb6b1","isMergeCommit":false,"messageTitle":"Edit filename","messageBody":"jinhao.png to leb14.png\njinHao.md to leb14.md\n","fileTypesAndContributionMap":{"docs":{"insertions":0,"deletions":0}}},{"hash":"4690389564bf3338c32ae4241e08b7394d6dcdf1","isMergeCommit":true,"messageTitle":"Merge branch \u0027add-JinHao-info\u0027 of https://github.com/Leb14/tp into add-JinHao-info","messageBody":"","fileTypesAndContributionMap":{}},{"hash":"0fe6ed0a8044395692ff21fca1f3c251ee513a0a","isMergeCommit":false,"messageTitle":"Update AboutUs.md","messageBody":"","fileTypesAndContributionMap":{"docs":{"insertions":2,"deletions":2}}},{"hash":"f061f9c2fe08a28a711da94660c11195a98ac7e1","isMergeCommit":true,"messageTitle":"Merge branch \u0027AY2324S1-CS2103T-W12-2:master\u0027 into master","messageBody":"","fileTypesAndContributionMap":{}},{"hash":"e0b4e240b0f95c14812f36d9d1d542adf64cbb89","isMergeCommit":true,"messageTitle":"Merge branch \u0027AY2324S1-CS2103T-W12-2:master\u0027 into add-JinHao-info","messageBody":"","fileTypesAndContributionMap":{}},{"hash":"cc68be00e101c495b4b0346c123d0641608184dd","isMergeCommit":false,"messageTitle":"Update AboutUs.md","messageBody":"","fileTypesAndContributionMap":{"docs":{"insertions":2,"deletions":2}}},{"hash":"f622c68de25e1e022c7a0241407843219d4afb13","isMergeCommit":false,"messageTitle":"Update DeveloperGuide.md","messageBody":"","fileTypesAndContributionMap":{"docs":{"insertions":84,"deletions":22}}},{"hash":"590e13db3833d270cfac30ce15ca0471d15c221a","isMergeCommit":false,"messageTitle":"Update DeveloperGuide.md","messageBody":"","fileTypesAndContributionMap":{"docs":{"insertions":1,"deletions":1}}},{"hash":"74a63399db05e8d24b939b7585e75c20f0036504","isMergeCommit":false,"messageTitle":"Update DeveloperGuide.md","messageBody":"","fileTypesAndContributionMap":{"docs":{"insertions":8,"deletions":8}}},{"hash":"4ccce89acf224b1007d295190a43063798bd319f","isMergeCommit":false,"messageTitle":"Update DeveloperGuide.md","messageBody":"","fileTypesAndContributionMap":{"docs":{"insertions":4,"deletions":3}}}]},{"date":"2023-10-13","commitResults":[{"hash":"b292b9a68fa7290777fc3dff50944f29c4a9ace3","isMergeCommit":false,"messageTitle":"Update employee model","messageBody":"","fileTypesAndContributionMap":{"functional-code":{"insertions":63,"deletions":4}}}]},{"date":"2023-10-15","commitResults":[{"hash":"2644a0748062780cc40f98764402b5233c03efdc","isMergeCommit":false,"messageTitle":"Add read command","messageBody":"- Added a new class ReadCommand.java to implement the \"read\" command, allowing users to retrieve specific information about a person.\n- Created ReadCommandParser.java to parse user input for the \"read\" command.\n- Modified existing classes to support the new \"read\" command.\n- Introduced PersonCardWithSpecificField.java in seedu.address.UI package for displaying specific information about a person.\n","fileTypesAndContributionMap":{"functional-code":{"insertions":310,"deletions":4}}}]},{"date":"2023-10-16","commitResults":[{"hash":"476a75ee1c0c221bd3643129a90a141ebc3a2bc7","isMergeCommit":false,"messageTitle":"Checkstyle \u0026 Add abstract method to AddCommandTest.java","messageBody":"","fileTypesAndContributionMap":{"functional-code":{"insertions":21,"deletions":19},"test-code":{"insertions":5,"deletions":0}}}]},{"date":"2023-10-17","commitResults":[{"hash":"b3bd73fb578269b3d9544cfb3eb2539379f8d17a","isMergeCommit":false,"messageTitle":"Add ReadCommandTest.java \u0026 TypicalFIelds.java","messageBody":"- Add some testcases for ReadCommand.java to ensure it works correctly.\n\n- Remove Employee model as our team discussed to just modify the person model.\n\n-Add a new method fieldNameToString to ReadCommandParser to parse the field name accordingly.\n\n- Override equals method for ReadCommand.java to compare other the object to the command for testing.\n","fileTypesAndContributionMap":{"functional-code":{"insertions":58,"deletions":131},"test-code":{"insertions":110,"deletions":0}}},{"hash":"6abba986150e5598d1a2f40df159856b99c2219b","isMergeCommit":true,"messageTitle":"Merge pull request #47 from jibtaf/branch-edit-command","messageBody":"Modify edit command","fileTypesAndContributionMap":{}},{"hash":"67df55bdebb64f9ffa0082c133b33de36a85f5f0","isMergeCommit":true,"messageTitle":"Merge branch \u0027sync-with-upstream\u0027 into add-read-command","messageBody":"","fileTypesAndContributionMap":{}},{"hash":"1c3c76d729c5dc57e277480a88262d0aa2237200","isMergeCommit":true,"messageTitle":"Merge pull request #48 from jibtaf/branch-stylecheck-and-compilability","messageBody":"Optimise code style to ensure the program compiles","fileTypesAndContributionMap":{}},{"hash":"39a4cef1cac2c9c5e48b578877ac6721eda1ebac","isMergeCommit":true,"messageTitle":"Merge branch \u0027master\u0027 into add-read-command","messageBody":"","fileTypesAndContributionMap":{}},{"hash":"7680111f590a9fbe5665ed178b82df0c581861ea","isMergeCommit":false,"messageTitle":"Edit code style according to reviews","messageBody":"","fileTypesAndContributionMap":{"functional-code":{"insertions":11,"deletions":11},"test-code":{"insertions":0,"deletions":4}}},{"hash":"c802377e74ffad93b57c1da4caefd4c242faf20a","isMergeCommit":true,"messageTitle":"Merge branch \u0027add-read-command\u0027 of https://github.com/Leb14/tp into add-read-command","messageBody":"","fileTypesAndContributionMap":{}},{"hash":"1f694082652f7d25c16bc26ae8bafdeefd8ae436","isMergeCommit":false,"messageTitle":"Fix UI not displaying person card issue","messageBody":"- As we added some fields to the person model, the UI is unable to display it according. So we altered some label in fxml and adjust some fields to make it works.\n- Add more cases for read command as there are additional fields for Person model\n","fileTypesAndContributionMap":{"functional-code":{"insertions":33,"deletions":59},"other":{"insertions":4,"deletions":3},"test-code":{"insertions":53,"deletions":45}}},{"hash":"df7b48c5fa62ce9e63d57afd592d8dcfaaa2714f","isMergeCommit":true,"messageTitle":"Merge branch \u0027master\u0027 into add-read-command","messageBody":"","fileTypesAndContributionMap":{}},{"hash":"03a45d20570a605a4501767a22ee9d3a1b79a895","isMergeCommit":false,"messageTitle":"Adjust code style","messageBody":"","fileTypesAndContributionMap":{"functional-code":{"insertions":16,"deletions":16}}},{"hash":"5c5a81b8f28993e1e7e1af0470093fdf2d4b4c05","isMergeCommit":true,"messageTitle":"Merge branch \u0027add-read-command\u0027 of https://github.com/Leb14/tp into add-read-command","messageBody":"","fileTypesAndContributionMap":{}}]}]},"authorFileTypeContributionMap":{"Kevin-Liusx":{"docs":24,"functional-code":0,"test-code":0},"WeeMingQing":{"docs":32,"functional-code":0,"test-code":0},"jibtaf":{"docs":64,"functional-code":290,"test-code":122,"other":1},"applepiofmyeye":{"docs":184,"functional-code":369,"test-code":227},"Leb14":{"docs":114,"functional-code":372,"test-code":157}},"authorContributionVariance":{"Kevin-Liusx":58.25443,"WeeMingQing":300.8892,"jibtaf":83211.8,"applepiofmyeye":132752.3,"Leb14":15123.75},"authorDisplayNameMap":{"Kevin-Liusx":"CS2103T-W12-2 LIU ..IXIN","WeeMingQing":"CS2103T-W12-2 WEE ..QING","jibtaf":"CS2103T-W12-2 HE Y..IFAN","applepiofmyeye":"CS2103T-W12-2 JOEY..LEYI","Leb14":"CS2103T-W12-2 CHEN.. HAO"}}
