{"authorDailyContributionsMap":{"TyrusLye":[{"date":"2023-10-04","commitResults":[{"hash":"0b9b2e63aa9e65f8c78c57c5e554bc8bacc2deaf","isMergeCommit":false,"messageTitle":"Update UserGuide","messageBody":"","fileTypesAndContributionMap":{"docs":{"insertions":20,"deletions":6}}}]},{"date":"2023-10-05","commitResults":[{"hash":"c4ae4b6cbf698a622c00b3fed7ac97af82149d02","isMergeCommit":true,"messageTitle":"Merge pull request #33 from TyrusLye/master","messageBody":"Update UserGuide","fileTypesAndContributionMap":{}},{"hash":"95d8edfbb3eb5e771521c1b74a286a7bb67c16cf","isMergeCommit":false,"messageTitle":"Update AboutUs.md","messageBody":"","fileTypesAndContributionMap":{"docs":{"insertions":9,"deletions":0}}},{"hash":"56180fc8466845a72b0664972d781109415b9c19","isMergeCommit":false,"messageTitle":"Create TyrusLye.md","messageBody":"","fileTypesAndContributionMap":{"docs":{"insertions":31,"deletions":0}}},{"hash":"fd4f08adc172f1a7cec7eba3e9ef80fc1e9cc73a","isMergeCommit":true,"messageTitle":"Merge pull request #36 from TyrusLye/master","messageBody":"Create TyrusLye.md","fileTypesAndContributionMap":{}},{"hash":"4d1b4fd3d598c917087754f8133cfa19b068b668","isMergeCommit":false,"messageTitle":"Fixing the PPP","messageBody":"","fileTypesAndContributionMap":{"docs":{"insertions":2,"deletions":2}}}]},{"date":"2023-10-11","commitResults":[{"hash":"bdbccdb4379a8bb0326aa0b3fd8293f24472767e","isMergeCommit":false,"messageTitle":"Make the find and list commands synonymous","messageBody":"The initial list function still works to list everything. But can now also be used to search and list specific entries.\n","fileTypesAndContributionMap":{"functional-code":{"insertions":7,"deletions":2}}},{"hash":"f61567f26508ba444726cd95642d5830957e8b7f","isMergeCommit":false,"messageTitle":"Change the clear command to reset","messageBody":"","fileTypesAndContributionMap":{"functional-code":{"insertions":1,"deletions":1}}},{"hash":"b68cedeb47047481bb7062a256f997538055266f","isMergeCommit":false,"messageTitle":"Make the find and list commands synonymous","messageBody":"The initial list function still works to list everything. But can now also be used to search and list specific entries. resolves #8\n","fileTypesAndContributionMap":{"functional-code":{"insertions":8,"deletions":0},"test-code":{"insertions":4,"deletions":2}}},{"hash":"09f6cb25ec6176bf6109f527171f30ffac767d09","isMergeCommit":false,"messageTitle":"Revert \"Make the find and list commands synonymous\"","messageBody":"This reverts commit bdbccdb4379a8bb0326aa0b3fd8293f24472767e.\n","fileTypesAndContributionMap":{"functional-code":{"insertions":2,"deletions":7}}}]},{"date":"2023-10-13","commitResults":[{"hash":"20cfc3562639851e70b60141812a6f25384c9c81","isMergeCommit":false,"messageTitle":"Update AddressBookParser.java","messageBody":"","fileTypesAndContributionMap":{"functional-code":{"insertions":0,"deletions":3}}},{"hash":"b6c61975e70ad8f4e8bd442b2c5a5d1035c7a4f0","isMergeCommit":false,"messageTitle":"Find \u0026 List Merge","messageBody":"Make Find and List synonymous while keeping list original function\n","fileTypesAndContributionMap":{"functional-code":{"insertions":0,"deletions":1}}}]},{"date":"2023-10-15","commitResults":[{"hash":"c728607c738f72cc37eccbf4e0c0426462d38152","isMergeCommit":true,"messageTitle":"Merge branch \u0027master\u0027 into Change-Clear-to-Reset","messageBody":"","fileTypesAndContributionMap":{}},{"hash":"4a1ed62c1d7e8b57d715fb0b086628706ae3803d","isMergeCommit":true,"messageTitle":"Merge branch \u0027master\u0027 into Find-\u0026-List-Merge","messageBody":"","fileTypesAndContributionMap":{}}]},{"date":"2023-10-16","commitResults":[{"hash":"02049067d9c7ffd7aa79efbea0534b52203c9f73","isMergeCommit":true,"messageTitle":"Merge branch \u0027master\u0027 into change-clear-to-reset","messageBody":"","fileTypesAndContributionMap":{}},{"hash":"5bb97309e0414853c8fcd381be0f9a0b07fd92c7","isMergeCommit":true,"messageTitle":"Merge pull request #62 from TyrusLye/change-clear-to-reset","messageBody":"Change clear to reset","fileTypesAndContributionMap":{}}]}],"H1410101":[{"date":"2023-10-04","commitResults":[{"hash":"503f404594d59fe247b135daae87d8d5b076d0c5","isMergeCommit":false,"messageTitle":"Add zh details to AboutUs.md","messageBody":"","fileTypesAndContributionMap":{"docs":{"insertions":5,"deletions":6}}},{"hash":"d4308e60b177cf0ecfad438dac53351d2e94597a","isMergeCommit":false,"messageTitle":"Add user stories to DG","messageBody":"","fileTypesAndContributionMap":{"docs":{"insertions":6,"deletions":0}}},{"hash":"3b1a489699cb600326002a9d9aedcb0c0f292840","isMergeCommit":false,"messageTitle":"Add PPP (zh)","messageBody":"","fileTypesAndContributionMap":{"docs":{"insertions":29,"deletions":0}}},{"hash":"89b3b7fbaa887468aeece6e76759110d1d0a53eb","isMergeCommit":false,"messageTitle":"Add list use case to DG","messageBody":"","fileTypesAndContributionMap":{"docs":{"insertions":17,"deletions":0}}},{"hash":"62acf3b5704aaa967164feac5ba8b8118bbd1444","isMergeCommit":false,"messageTitle":"Edit list command in UG","messageBody":"Fused list and find commands, updated descriptions.\r\nIncluded a simplified version of full proposed list functionality, geared towards v1.1 milestone.","fileTypesAndContributionMap":{"docs":{"insertions":25,"deletions":18}}},{"hash":"0b188dc6d053a41b17758654811810954bb8ad10","isMergeCommit":true,"messageTitle":"Merge branch \u0027master\u0027 into admin-zh","messageBody":"# Conflicts:\n#\tdocs/AboutUs.md\n#\tdocs/DeveloperGuide.md\n#\tdocs/UserGuide.md\n","fileTypesAndContributionMap":{}},{"hash":"883ff00e2a4fc3f70bbac528221aa4e5395c27a0","isMergeCommit":false,"messageTitle":"Add h1410101.png, remove ZWSP from UserGuide.md","messageBody":"","fileTypesAndContributionMap":{"docs":{"insertions":9,"deletions":9}}},{"hash":"17bf1030a95a5adce1a914d7416b743d7171b922","isMergeCommit":true,"messageTitle":"Merge pull request #31 from brandon-nam/master","messageBody":"Update AboutUs, PPP, and UG","fileTypesAndContributionMap":{}}]},{"date":"2023-10-12","commitResults":[{"hash":"d85e8ab97ea5fb57102ca3743074e367d89b3c82","isMergeCommit":false,"messageTitle":"Add search package, start SearchPredicate","messageBody":"Transient (code does not work).\n","fileTypesAndContributionMap":{"functional-code":{"insertions":265,"deletions":0}}}]},{"date":"2023-10-13","commitResults":[{"hash":"48f1d68ebe3c391adbb5c2b6f22fd8a56e150ced","isMergeCommit":false,"messageTitle":"Add FieldRangesTest, RangeTest, SearchPredicateTest, SingleTextSearchPredicateTest","messageBody":"Transient (code does not work).\nAchieved full coverage for Range, SingleTextSearchPredicate.\nFieldRangesTest incomplete.\n","fileTypesAndContributionMap":{"functional-code":{"insertions":222,"deletions":126},"test-code":{"insertions":395,"deletions":0}}}]},{"date":"2023-10-14","commitResults":[{"hash":"96915bc03d8406b6a119eb5717e5b4164b00a7e7","isMergeCommit":false,"messageTitle":"Finish FieldRangesTest","messageBody":"Transient (code does not work).\nAchieved full coverage for FieldRangesTest.\n","fileTypesAndContributionMap":{"functional-code":{"insertions":99,"deletions":5},"test-code":{"insertions":44,"deletions":2}}},{"hash":"a8ad82a580c6250473cadfbf7a1c05f7289e182a","isMergeCommit":false,"messageTitle":"Update SearchPredicate and FindCommandArgumentParser","messageBody":"Transient (code does not work).\n","fileTypesAndContributionMap":{"functional-code":{"insertions":280,"deletions":150}}}]},{"date":"2023-10-15","commitResults":[{"hash":"30eac10b4eb7d1b796e8fc03fd75aeb1ae4a56ec","isMergeCommit":true,"messageTitle":"Merge pull request #61 from TyrusLye/Find-\u0026-List-Merge","messageBody":"Find \u0026 list merge","fileTypesAndContributionMap":{}}]},{"date":"2023-10-18","commitResults":[{"hash":"ee68a5751197bb10b2bf5a02cb3e3015bd6f4af3","isMergeCommit":false,"messageTitle":"Finish writing and testing Search package","messageBody":"Transient (code does not work).\n","fileTypesAndContributionMap":{"functional-code":{"insertions":176,"deletions":66},"other":{"insertions":8,"deletions":3},"test-code":{"insertions":163,"deletions":38}}},{"hash":"94b2c29f1f768739ee25176f158d0c057d91bb07","isMergeCommit":false,"messageTitle":"Change find command to work with new parser","messageBody":"","fileTypesAndContributionMap":{"functional-code":{"insertions":31,"deletions":23},"test-code":{"insertions":24,"deletions":8}}},{"hash":"af8081f7bc48720bb33f58c904a0b8d99d0e9f90","isMergeCommit":true,"messageTitle":"Merge branch \u0027master\u0027 into find-by-all-fields","messageBody":"","fileTypesAndContributionMap":{}},{"hash":"70a955325f54b5878528c569ddf5d8ec0017d89c","isMergeCommit":false,"messageTitle":"Update tests for new find command","messageBody":"","fileTypesAndContributionMap":{"functional-code":{"insertions":203,"deletions":191},"other":{"insertions":23,"deletions":17},"test-code":{"insertions":56,"deletions":105}}},{"hash":"faf4ea9d066d9c8f911df38b51d3e01a57280ce4","isMergeCommit":false,"messageTitle":"Adhere to checkstyle","messageBody":"","fileTypesAndContributionMap":{"functional-code":{"insertions":75,"deletions":51},"test-code":{"insertions":85,"deletions":72}}},{"hash":"d716b6943942b5003f8529f983384bca16420a68","isMergeCommit":true,"messageTitle":"Merge branch \u0027master\u0027 into find-by-all-fields","messageBody":"","fileTypesAndContributionMap":{}}]},{"date":"2023-10-24","commitResults":[{"hash":"99006cec4779e91bdf1da73a32781d66f95b3e94","isMergeCommit":false,"messageTitle":"Edit PersonProfile, add PersonProfileField","messageBody":"Transient (code not working)\n","fileTypesAndContributionMap":{"functional-code":{"insertions":296,"deletions":48}}}]},{"date":"2023-10-25","commitResults":[{"hash":"11b14dfeff1504f7398d32f64de6f06162c00179","isMergeCommit":false,"messageTitle":"Edit PersonProfile and PersonProfileField","messageBody":"","fileTypesAndContributionMap":{"functional-code":{"insertions":49,"deletions":6}}},{"hash":"4578caba4c9f85854573562a739d6551b08fdcf8","isMergeCommit":false,"messageTitle":"Edit PersonProfile for responsiveness","messageBody":"","fileTypesAndContributionMap":{"functional-code":{"insertions":17,"deletions":13}}},{"hash":"e04d5f522b79bbf9e5b72610f3171fc6ea779c1f","isMergeCommit":false,"messageTitle":"Edit PersonProfile","messageBody":"PersonListPanel is no longer traversable.\nResultDisplay is no longer traversable.\n","fileTypesAndContributionMap":{"functional-code":{"insertions":98,"deletions":63}}},{"hash":"1e63476ad7536b689ec7bfdf64b4295b83a9130d","isMergeCommit":false,"messageTitle":"Add UI niceties","messageBody":"Feedback for missing or wrong arguments for Person is now visible through MainWindow\u0027s feedback box.\nMultiple different changes can now simultaneously be confirmed.\nFixed bugs while entering valid but incomplete information\n","fileTypesAndContributionMap":{"functional-code":{"insertions":94,"deletions":46}}},{"hash":"8bd708b7dab815210eecb7f63bc74c10f8b4475c","isMergeCommit":false,"messageTitle":"Update UG for new list functionality","messageBody":"Mismatched because double-quote feature is not updated; see next commit.\n","fileTypesAndContributionMap":{"docs":{"insertions":7,"deletions":0}}},{"hash":"b636523c8a6efdcd777361d0d839f87b86fb7beb","isMergeCommit":false,"messageTitle":"Support word boundary matching and case sensitivity through quotes","messageBody":"","fileTypesAndContributionMap":{"functional-code":{"insertions":46,"deletions":11}}},{"hash":"1ca98c04ad91a24866714618cb3c89b33543d374","isMergeCommit":true,"messageTitle":"Merge remote-tracking branch \u0027origin/find-with-quotes\u0027 into find-list-userguide","messageBody":"Support word boundary matching and case sensitivity through quotes\n","fileTypesAndContributionMap":{}},{"hash":"3c24228ba3c08762e57d8dda992b0e13d62b0a0a","isMergeCommit":false,"messageTitle":"Enforce full match for tags in SingleTextSearchMatcher","messageBody":"","fileTypesAndContributionMap":{"functional-code":{"insertions":6,"deletions":6},"test-code":{"insertions":2,"deletions":4}}},{"hash":"5474097bd9f5c6c425dd077eabf47802833adccd","isMergeCommit":false,"messageTitle":"Fix test case bug, add test case for SingleTextSearchMatcher in FindCommandArgumentParserTest","messageBody":"","fileTypesAndContributionMap":{"test-code":{"insertions":15,"deletions":0}}},{"hash":"1564340edf7226d75bd3a8fe99472aed004d48a1","isMergeCommit":false,"messageTitle":"Remove unused imports","messageBody":"","fileTypesAndContributionMap":{"test-code":{"insertions":0,"deletions":2}}},{"hash":"27eb7630eba714cd165502f28cf550f17c3ac8a0","isMergeCommit":false,"messageTitle":"Allow PersonProfileField automatic confirmation","messageBody":"","fileTypesAndContributionMap":{"functional-code":{"insertions":14,"deletions":4}}},{"hash":"05c49669b09b26888e3ab3e480dd53931a93216c","isMergeCommit":false,"messageTitle":"Resolve review suggestions","messageBody":"","fileTypesAndContributionMap":{"docs":{"insertions":3,"deletions":3}}},{"hash":"bede6f2207f79d17254b7cd2204e375faec49acf","isMergeCommit":true,"messageTitle":"Merge branch \u0027master\u0027 into find-list-userguide","messageBody":"Also fix FindCommandArgumentParserTest\n","fileTypesAndContributionMap":{}},{"hash":"c34eec6417a41944a4b962638e1710798099d549","isMergeCommit":false,"messageTitle":"Fix EditCommandTest except one test","messageBody":"","fileTypesAndContributionMap":{"test-code":{"insertions":8,"deletions":11}}},{"hash":"47c472dae1c3e477df5e0dd36ea836f23f2b729a","isMergeCommit":false,"messageTitle":"Fix checkstyle","messageBody":"","fileTypesAndContributionMap":{"functional-code":{"insertions":3,"deletions":0}}},{"hash":"9be3ac97408f38616346eb1c36eee00574944e7c","isMergeCommit":false,"messageTitle":"Increase test coverage for search package","messageBody":"Amend UG description to match external docs\n","fileTypesAndContributionMap":{"docs":{"insertions":3,"deletions":1},"test-code":{"insertions":55,"deletions":1}}}]},{"date":"2023-10-26","commitResults":[{"hash":"0d121818c8ff9cf73d3acff7cabbc4b2351da30c","isMergeCommit":true,"messageTitle":"Merge remote-tracking branch \u0027upstream/master\u0027 into find-list-userguide","messageBody":"","fileTypesAndContributionMap":{}},{"hash":"7e987838bd6625fa1c304bff5eeef7fd9701d6f2","isMergeCommit":false,"messageTitle":"Adhere to checkstyle","messageBody":"","fileTypesAndContributionMap":{"test-code":{"insertions":4,"deletions":3}}}]},{"date":"2023-10-27","commitResults":[{"hash":"a482c9bbeea97980ce407ae677cfcc1f040066dc","isMergeCommit":true,"messageTitle":"Merge branch \u0027find-list-userguide\u0027 into person-profile-ui","messageBody":"# Conflicts:\n#\tsrc/main/resources/view/MainWindow.fxml\n","fileTypesAndContributionMap":{}},{"hash":"cdab2848860787024a2a5d74a63b1c626000bee4","isMergeCommit":false,"messageTitle":"Remove placeholder elements in UI","messageBody":"","fileTypesAndContributionMap":{"functional-code":{"insertions":1,"deletions":5}}},{"hash":"53f72336bf6afdbe3f2eec3e065bcc4155f5c9a7","isMergeCommit":false,"messageTitle":"Fix UI confusion","messageBody":"","fileTypesAndContributionMap":{"functional-code":{"insertions":7,"deletions":11}}},{"hash":"a82e41414fa376ad9b42aa2341626a2c1f364940","isMergeCommit":false,"messageTitle":"Remove PersonProfile UI \"valid person\" feedback while editing","messageBody":"","fileTypesAndContributionMap":{"functional-code":{"insertions":14,"deletions":5}}},{"hash":"a21c75c6df8b0b7292b29808966e2add91e3cb7f","isMergeCommit":false,"messageTitle":"Tweak to Profile UI to lose focus if no changes were made","messageBody":"","fileTypesAndContributionMap":{"functional-code":{"insertions":13,"deletions":0}}}]},{"date":"2023-10-28","commitResults":[{"hash":"2f052214eb070321dfbc7986ebbf2fb1a96782bc","isMergeCommit":false,"messageTitle":"Tweak UI for user-friendliness","messageBody":"","fileTypesAndContributionMap":{"functional-code":{"insertions":266,"deletions":145}}},{"hash":"591742db9908351b929f554f4ca7349d25efa8ea","isMergeCommit":false,"messageTitle":"Rework Profile UI flow","messageBody":"","fileTypesAndContributionMap":{"functional-code":{"insertions":141,"deletions":53}}},{"hash":"1d19a0777cb462450921c623c8f39ca8b004fa5f","isMergeCommit":false,"messageTitle":"Change find command OR operator to forward slash","messageBody":"","fileTypesAndContributionMap":{"functional-code":{"insertions":1,"deletions":1},"test-code":{"insertions":13,"deletions":13}}}]},{"date":"2023-10-30","commitResults":[{"hash":"71faa402b3dd21fdd5952496702027a1c7861012","isMergeCommit":false,"messageTitle":"update UG to reflect find forward slash change","messageBody":"","fileTypesAndContributionMap":{"docs":{"insertions":3,"deletions":3}}},{"hash":"3d10b9f51dae14c424a727f2156bd185956bff26","isMergeCommit":false,"messageTitle":"Improve error messages for PersonProfile","messageBody":"","fileTypesAndContributionMap":{"functional-code":{"insertions":54,"deletions":26}}},{"hash":"a84e1f16dc48aa06d71393a25f6cb475dde7c3f8","isMergeCommit":false,"messageTitle":"Adhere to checkstyle","messageBody":"","fileTypesAndContributionMap":{"functional-code":{"insertions":56,"deletions":16}}},{"hash":"e4b7394635640fadb957aa7236dd43270c8cfdd0","isMergeCommit":true,"messageTitle":"Merge remote-tracking branch \u0027upstream/master\u0027 into person-profile-ui","messageBody":"","fileTypesAndContributionMap":{}},{"hash":"7adfb441c336be0df7b9eba8a26960091f2e6648","isMergeCommit":false,"messageTitle":"Fix warnings, make find more intuitive for user","messageBody":"","fileTypesAndContributionMap":{"functional-code":{"insertions":19,"deletions":19},"test-code":{"insertions":7,"deletions":1}}}]},{"date":"2023-10-31","commitResults":[{"hash":"e55e302ed02f8b52bafa64d5295fedd7913cd199","isMergeCommit":false,"messageTitle":"Fix null errors for profile UI","messageBody":"","fileTypesAndContributionMap":{"functional-code":{"insertions":15,"deletions":8}}},{"hash":"e8819ec7acb6b6fea287261f58fd532842f11d5c","isMergeCommit":false,"messageTitle":"Add SearchMatcher subclasses for OOP","messageBody":"","fileTypesAndContributionMap":{"functional-code":{"insertions":69,"deletions":34}}},{"hash":"70519b807cb5c3e2093a302ccf81e03e4d27ed19","isMergeCommit":true,"messageTitle":"Merge remote-tracking branch \u0027upstream/master\u0027 into search-code-style","messageBody":"","fileTypesAndContributionMap":{}},{"hash":"cfeb4be19d753e78eaf9aaca8e197cf878ee44e5","isMergeCommit":false,"messageTitle":"Adhere to checkstyle","messageBody":"","fileTypesAndContributionMap":{"functional-code":{"insertions":11,"deletions":0}}},{"hash":"b13722f04973b73655c6b62f595bd1e1a83c3ee6","isMergeCommit":false,"messageTitle":"Fix unhandled invalid inputs for Person fields in Profile UI","messageBody":"","fileTypesAndContributionMap":{"functional-code":{"insertions":8,"deletions":0}}},{"hash":"d58af8612465a969ef92b017b43e716c186b3b7d","isMergeCommit":true,"messageTitle":"Merge pull request #90 from H1410101/search-code-style","messageBody":"Search code style","fileTypesAndContributionMap":{}},{"hash":"d6f97bd0d096458821caddd5f69b6d5d13e00c26","isMergeCommit":true,"messageTitle":"Merge remote-tracking branch \u0027upstream/master\u0027 into person-profile-ui","messageBody":"# Conflicts:\n#\tsrc/main/java/seedu/address/model/person/Person.java\n","fileTypesAndContributionMap":{}},{"hash":"669665caf83c56ab8bef5e29c4021d572acd6a7a","isMergeCommit":false,"messageTitle":"Replace some nil literals","messageBody":"Scheduled to continue later\n","fileTypesAndContributionMap":{"functional-code":{"insertions":13,"deletions":11}}},{"hash":"abeb9ef3f4fd9f45b1027aab7ac8bf282c6bc100","isMergeCommit":false,"messageTitle":"Fix potential exceptions","messageBody":"For add feature in parallel branch\n","fileTypesAndContributionMap":{"functional-code":{"insertions":18,"deletions":17}}},{"hash":"9976d112705816a92e8a9d6bd4f8ed62e819acbe","isMergeCommit":false,"messageTitle":"Adhere to checkstyle","messageBody":"","fileTypesAndContributionMap":{"functional-code":{"insertions":1,"deletions":1}}}]},{"date":"2023-11-01","commitResults":[{"hash":"0eb0636573b1bcbe75ed01581997788b27bb5cdd","isMergeCommit":false,"messageTitle":"Add support for tags in Profile UI","messageBody":"","fileTypesAndContributionMap":{"functional-code":{"insertions":279,"deletions":11}}},{"hash":"c345574ddac8a8a71221924313a7711e429c4de4","isMergeCommit":false,"messageTitle":"Add support for notes and newlines in profile UI","messageBody":"","fileTypesAndContributionMap":{"functional-code":{"insertions":261,"deletions":13}}},{"hash":"240dd96e6f30a13f958a061a5823e4a5ed598c91","isMergeCommit":false,"messageTitle":"Add setFocus for tags and notes","messageBody":"","fileTypesAndContributionMap":{"functional-code":{"insertions":14,"deletions":0}}},{"hash":"6a70a38ee38329199bf3d958c3d84c09dbfb5351","isMergeCommit":false,"messageTitle":"Adhere to checkstyle","messageBody":"","fileTypesAndContributionMap":{"functional-code":{"insertions":16,"deletions":16}}},{"hash":"ee1bad4031f7d011428ed3ed8aab463bd2b74bbe","isMergeCommit":true,"messageTitle":"Merge upstream master","messageBody":"","fileTypesAndContributionMap":{}},{"hash":"4ef19179738e83f88265c57963695e40825b570b","isMergeCommit":true,"messageTitle":"Merge branch \u0027to-be-merged\u0027 into redo-bad-merge","messageBody":"# Conflicts:\n#\tdocs/UserGuide.md\n","fileTypesAndContributionMap":{}},{"hash":"86b8aaec02c22a1af1d3f1f435d7d67032395bd5","isMergeCommit":true,"messageTitle":"Merge branch \u0027current-head\u0027 into redo-bad-merge","messageBody":"","fileTypesAndContributionMap":{}}]}],"nananakx-x":[{"date":"2023-10-04","commitResults":[{"hash":"cb11380c9023d73ac08e3077e5ece37a2074f1a1","isMergeCommit":false,"messageTitle":"Update AboutUs and add skeletal PPP","messageBody":"","fileTypesAndContributionMap":{"docs":{"insertions":33,"deletions":6}}},{"hash":"a42b5de70910bcfbd93b4abf3898838565652253","isMergeCommit":false,"messageTitle":"Edit add command in UG","messageBody":"","fileTypesAndContributionMap":{"docs":{"insertions":27,"deletions":5}}},{"hash":"1999ea84eef75b20cadacc2b66417267e717e43d","isMergeCommit":false,"messageTitle":"Update all use cases and NFRs in DG","messageBody":"","fileTypesAndContributionMap":{"docs":{"insertions":121,"deletions":5}}},{"hash":"883748dd26e01fd04461845d076df6945b0156d8","isMergeCommit":false,"messageTitle":"Update glossary in DG","messageBody":"","fileTypesAndContributionMap":{"docs":{"insertions":3,"deletions":1}}},{"hash":"2cb40446ca8057f2a1018f265ef10dfb81ee9bc1","isMergeCommit":false,"messageTitle":"Fix use cases format in DG","messageBody":"","fileTypesAndContributionMap":{"docs":{"insertions":2,"deletions":0}}},{"hash":"9d28c6a4b2e4268212a39801c5047859751bcdf4","isMergeCommit":true,"messageTitle":"Merge pull request #34 from butteredyakiimo/branch-documentation","messageBody":"Remove AB3 trace from UG","fileTypesAndContributionMap":{}}]},{"date":"2023-10-05","commitResults":[{"hash":"5b07573b63b5ba127770bedf3ad754c26ebc7d13","isMergeCommit":true,"messageTitle":"Merge pull request #39 from TyrusLye/master","messageBody":"Fixing the PPP","fileTypesAndContributionMap":{}}]},{"date":"2023-10-06","commitResults":[{"hash":"54c428d43e1b774099df1f36e698dee03a20c140","isMergeCommit":true,"messageTitle":"Merge pull request #40 from brandon-nam/branch-documentation","messageBody":"Edit minor details in UG","fileTypesAndContributionMap":{}}]},{"date":"2023-10-11","commitResults":[{"hash":"a1df894cf5313c3f62dcca25961fa14a0144d9d1","isMergeCommit":false,"messageTitle":"Update target user in user stories/DG and readme","messageBody":"","fileTypesAndContributionMap":{"docs":{"insertions":13,"deletions":12}}},{"hash":"94d13b7dea2a03693a3e0f92f058524d8748a0fd","isMergeCommit":true,"messageTitle":"Merge pull request #51 from butteredyakiimo/branch-documentation","messageBody":"Update DG use cases to correct format, fix typos","fileTypesAndContributionMap":{}},{"hash":"98dcf43ad21376bda7eab7035a8de057d5db232e","isMergeCommit":false,"messageTitle":"Add new parameter ANIMAL_NAME and display it","messageBody":"","fileTypesAndContributionMap":{"functional-code":{"insertions":48,"deletions":14}}},{"hash":"2dfe907fe926e76d930b246a4e9d05fca05232e3","isMergeCommit":true,"messageTitle":"Merge master","messageBody":"","fileTypesAndContributionMap":{}}]},{"date":"2023-10-12","commitResults":[{"hash":"4836efc79c779f5a1d4336cfffef990af636db95","isMergeCommit":false,"messageTitle":"Fix style","messageBody":"","fileTypesAndContributionMap":{"functional-code":{"insertions":9,"deletions":4}}},{"hash":"67adfa1c7ee799c1809efe6832390f1e3dbfe3d2","isMergeCommit":false,"messageTitle":"Update add command such that animal/ is optional","messageBody":"","fileTypesAndContributionMap":{"functional-code":{"insertions":18,"deletions":12}}}]},{"date":"2023-10-13","commitResults":[{"hash":"39eae54d13e380ffbfa4c51724687adece01caae","isMergeCommit":false,"messageTitle":"Write and read new parameter from hard disk","messageBody":"","fileTypesAndContributionMap":{"functional-code":{"insertions":17,"deletions":9}}},{"hash":"5bb104b79a31c378361e1bf408841bb88a568eeb","isMergeCommit":false,"messageTitle":"Add new parameter availability and enable write/read of it","messageBody":"","fileTypesAndContributionMap":{"functional-code":{"insertions":107,"deletions":40}}},{"hash":"2eb39121a06db446ddfb7f118cfa564c20a12f02","isMergeCommit":false,"messageTitle":"Add new parameter animal type with conditions specified","messageBody":"","fileTypesAndContributionMap":{"functional-code":{"insertions":130,"deletions":14}}},{"hash":"5cf75c41d761657c599d7f9f1552e9f18f98fa18","isMergeCommit":false,"messageTitle":"Make availability/ compulsory before animalName or Type is allowed in add command","messageBody":"","fileTypesAndContributionMap":{"functional-code":{"insertions":11,"deletions":0}}},{"hash":"01b41f4a26820f28fb9d5429726c25e4164d4079","isMergeCommit":false,"messageTitle":"Add Housing field and enable write/read of this field from hard disk","messageBody":"","fileTypesAndContributionMap":{"functional-code":{"insertions":115,"deletions":15}}},{"hash":"2f8aa8bf39d620c17fa7cdd875e671a88fb44a58","isMergeCommit":false,"messageTitle":"Add UI changes to display some fields like a tag","messageBody":"","fileTypesAndContributionMap":{"functional-code":{"insertions":25,"deletions":15}}},{"hash":"ff28be60ad0e6273e5bf1c0baa74cb5c340bd85e","isMergeCommit":false,"messageTitle":"Add new condition that animalName cannot be indicated when fosterer is \u0027Available\u0027","messageBody":"","fileTypesAndContributionMap":{"functional-code":{"insertions":7,"deletions":0}}}]},{"date":"2023-10-14","commitResults":[{"hash":"9b4dd717f61d84a2f4430cd5185a0382bedda399","isMergeCommit":false,"messageTitle":"Fix error in retrieving info from data file","messageBody":"","fileTypesAndContributionMap":{"functional-code":{"insertions":4,"deletions":4}}},{"hash":"c91baf6874f8f843895bee296a22fb3d4483d676","isMergeCommit":false,"messageTitle":"Fix message format to show the right content for add command","messageBody":"","fileTypesAndContributionMap":{"functional-code":{"insertions":17,"deletions":8}}},{"hash":"2fd1f4e3695235e43246c4535866d1d166c13f81","isMergeCommit":false,"messageTitle":"Fix Person so it no longer uses Optional as parameter and add more conditions","messageBody":"","fileTypesAndContributionMap":{"functional-code":{"insertions":85,"deletions":98}}}]},{"date":"2023-10-17","commitResults":[{"hash":"6f29fb40f3a54369f1961636165eaadd5aaa5f7e","isMergeCommit":false,"messageTitle":"Fix existing test cases, comment out some on EditCommandTest","messageBody":"","fileTypesAndContributionMap":{"functional-code":{"insertions":2,"deletions":2},"test-code":{"insertions":204,"deletions":36}}},{"hash":"51937ff16a62083e71a338c0013d96df6d1ac613","isMergeCommit":false,"messageTitle":"Fix code style in all the files modified","messageBody":"","fileTypesAndContributionMap":{"functional-code":{"insertions":148,"deletions":47},"test-code":{"insertions":39,"deletions":22}}},{"hash":"6512a64dee9e737c6ae4f3b2cbafb078f90885c5","isMergeCommit":false,"messageTitle":"Add tests for AddCommandParser","messageBody":"","fileTypesAndContributionMap":{"functional-code":{"insertions":9,"deletions":42},"test-code":{"insertions":123,"deletions":13}}},{"hash":"6452b5603195aedc0bf5dbab7971cc32f2f29449","isMergeCommit":false,"messageTitle":"Fix style","messageBody":"","fileTypesAndContributionMap":{"test-code":{"insertions":6,"deletions":9}}},{"hash":"923aec765ca86a8448da939720ec9e33e6048bb3","isMergeCommit":false,"messageTitle":"Add tests for Availability, AnimalType, Housing","messageBody":"","fileTypesAndContributionMap":{"test-code":{"insertions":196,"deletions":0}}},{"hash":"71506a451d9c8eb74850c890d78482fb02d8610a","isMergeCommit":false,"messageTitle":"Update PersonTest","messageBody":"","fileTypesAndContributionMap":{"functional-code":{"insertions":3,"deletions":0},"test-code":{"insertions":6,"deletions":0}}},{"hash":"248259888b25c21ae95b9d0c254bc7de32834f19","isMergeCommit":false,"messageTitle":"Update ParserUtilTest to consider more cases","messageBody":"","fileTypesAndContributionMap":{"test-code":{"insertions":9,"deletions":3}}},{"hash":"cf97b352f517feaeb0a56f41959c52060b6f3100","isMergeCommit":false,"messageTitle":"Fix style in method naming in ParserUtilTest","messageBody":"","fileTypesAndContributionMap":{"test-code":{"insertions":2,"deletions":2}}},{"hash":"7355bb1da81216347c3098e6b7ba0a9dfb2551eb","isMergeCommit":false,"messageTitle":"Delete unused code","messageBody":"","fileTypesAndContributionMap":{"functional-code":{"insertions":0,"deletions":19}}},{"hash":"429acbe873f56206042d44ac67cf27cdf30622b2","isMergeCommit":true,"messageTitle":"Merge team repo master","messageBody":"","fileTypesAndContributionMap":{}},{"hash":"4ee7e58805a48b6374070143c6b6aa55b23acb1e","isMergeCommit":false,"messageTitle":"Delete redundant parts","messageBody":"","fileTypesAndContributionMap":{"functional-code":{"insertions":4,"deletions":7}}},{"hash":"b0c27191ded2084b555479e19fb0fa7d087ceaf5","isMergeCommit":false,"messageTitle":"Change \u0027New person added\u0027 to \u0027New fosterer added\u0027","messageBody":"","fileTypesAndContributionMap":{"functional-code":{"insertions":1,"deletions":1}}},{"hash":"16150406ab06c42e35ee8e32f25ddb3045163287","isMergeCommit":false,"messageTitle":"Change example tags for add command according to review","messageBody":"","fileTypesAndContributionMap":{"functional-code":{"insertions":2,"deletions":2}}},{"hash":"7b209d90f2db7cf8007d5e5650118294d7709bf0","isMergeCommit":true,"messageTitle":"Merge pull request #63 from nananakx-x/branch-add-command","messageBody":"Add new fields for add command with UI changes","fileTypesAndContributionMap":{}}]},{"date":"2023-10-18","commitResults":[{"hash":"bb43fecf26637d335570332142858c07af885ab2","isMergeCommit":true,"messageTitle":"Merge branch \u0027master\u0027 into branch-delete","messageBody":"","fileTypesAndContributionMap":{}},{"hash":"8c5db56f7dcfb0f0b9b5be947873ae1108575ce4","isMergeCommit":true,"messageTitle":"Merge pull request #59 from butteredyakiimo/branch-delete","messageBody":"Allow for multiple deletion","fileTypesAndContributionMap":{}},{"hash":"ff28f3c4440cdcc8be72fc4c962bb06c33b5f95e","isMergeCommit":false,"messageTitle":"Test functionality of new delete and add, fix bug","messageBody":"","fileTypesAndContributionMap":{"functional-code":{"insertions":40,"deletions":20}}},{"hash":"a8ca34be79d0ae5b156ff3c43beb0666b9e0bf63","isMergeCommit":false,"messageTitle":"Fix SampleDataUtil, parameters for AnimalType were in the wrong order","messageBody":"","fileTypesAndContributionMap":{"functional-code":{"insertions":6,"deletions":6}}},{"hash":"096458550f9b31b900a901df128dd9f0175ec640","isMergeCommit":false,"messageTitle":"Update add feature in UG","messageBody":"","fileTypesAndContributionMap":{"docs":{"insertions":32,"deletions":15}}},{"hash":"68e2e66635c48e94e3d32b8b6411d7abe29bd14b","isMergeCommit":false,"messageTitle":"Update link in help window, make changes to ug according to reviews","messageBody":"","fileTypesAndContributionMap":{"functional-code":{"insertions":1,"deletions":1},"docs":{"insertions":12,"deletions":9}}},{"hash":"11b1f249a083401ac96a21eca796fc78b16cde15","isMergeCommit":false,"messageTitle":"Fix phrasing issue","messageBody":"","fileTypesAndContributionMap":{"docs":{"insertions":1,"deletions":1}}},{"hash":"65f79fb542680497f4ece28f9876fd228fa583ca","isMergeCommit":false,"messageTitle":"Fix phrasing issue again","messageBody":"","fileTypesAndContributionMap":{"docs":{"insertions":4,"deletions":4}}},{"hash":"0392e39e6a17f0eb56c0886217a2e3d80e5aeb10","isMergeCommit":true,"messageTitle":"Merge pull request #66 from butteredyakiimo/branch-main-window","messageBody":"Change UI according to UI mock up ","fileTypesAndContributionMap":{}},{"hash":"2a718327a45c2e7f5a91581fb029b3ae79bc5257","isMergeCommit":true,"messageTitle":"Merge pull request #67 from brandon-nam/branch-userguide","messageBody":"Update View, Edit, and Exit commands in UserGuide","fileTypesAndContributionMap":{}},{"hash":"67533d3ff54aae50622ee653873d15a556836341","isMergeCommit":true,"messageTitle":"Merge pull request #68 from H1410101/find-by-all-fields","messageBody":"Find by all fields","tags":["v1.2.1","v1.2"],"fileTypesAndContributionMap":{}}]},{"date":"2023-10-19","commitResults":[{"hash":"48e72bba022592ac85aec0e9c938b825a967bddc","isMergeCommit":false,"messageTitle":"Fix UI bug","messageBody":"","fileTypesAndContributionMap":{"functional-code":{"insertions":1,"deletions":1}}},{"hash":"fcd37531f2087705aac1abf2df555ace235bc2b3","isMergeCommit":true,"messageTitle":"Merge find feature","messageBody":"","fileTypesAndContributionMap":{}}]},{"date":"2023-10-21","commitResults":[{"hash":"0e464245274db8ed1c5e2077c2ef549750b5bea7","isMergeCommit":false,"messageTitle":"Add the sort command","messageBody":"","fileTypesAndContributionMap":{"functional-code":{"insertions":99,"deletions":63},"test-code":{"insertions":131,"deletions":105}}},{"hash":"b67beb5cac04acf3fef3351d157b65beb04e211b","isMergeCommit":false,"messageTitle":"Update documentation and Add command again","messageBody":"","fileTypesAndContributionMap":{"functional-code":{"insertions":1,"deletions":0},"docs":{"insertions":55,"deletions":20}}},{"hash":"e2294d9b09da44162beceb3b4ca3394ca933f64d","isMergeCommit":false,"messageTitle":"Fix style","messageBody":"","fileTypesAndContributionMap":{"functional-code":{"insertions":5,"deletions":4},"test-code":{"insertions":23,"deletions":9}}},{"hash":"62fcca3dd3a29e1bf85f3f1bb6c611c55ce84761","isMergeCommit":false,"messageTitle":"Add tests for ParserUtil and AddressBookParser","messageBody":"","fileTypesAndContributionMap":{"test-code":{"insertions":16,"deletions":1}}}]},{"date":"2023-10-24","commitResults":[{"hash":"cf417d896aeb4ba7634dac7ed04e25e3c413b61c","isMergeCommit":false,"messageTitle":"Update changes according to review","messageBody":"","fileTypesAndContributionMap":{"functional-code":{"insertions":2,"deletions":2},"docs":{"insertions":12,"deletions":14}}},{"hash":"7c1c64a83e2f0e6bfb944e2203a4063252026291","isMergeCommit":false,"messageTitle":"Update command summary in UG","messageBody":"","fileTypesAndContributionMap":{"docs":{"insertions":2,"deletions":1}}},{"hash":"847573fb491d5b7655ece887866ad7f78d2e7e21","isMergeCommit":false,"messageTitle":"Fix minor style issue","messageBody":"","fileTypesAndContributionMap":{"functional-code":{"insertions":1,"deletions":1}}},{"hash":"e094ae1a3f75a0b1355b895d7ae14c25207d5c09","isMergeCommit":false,"messageTitle":"Update DG with add design details","messageBody":"","fileTypesAndContributionMap":{"docs":{"insertions":53,"deletions":0}}},{"hash":"a038d086ddd71eb8e28dcb91548e571a60ea15ca","isMergeCommit":false,"messageTitle":"Fix spacing issue in DG use cases","messageBody":"","fileTypesAndContributionMap":{"docs":{"insertions":4,"deletions":4}}}]},{"date":"2023-10-25","commitResults":[{"hash":"903208839d4ffb5082eb93d81dc956a11f4831c1","isMergeCommit":true,"messageTitle":"Merge pull request #73 from nananakx-x/branch-v1.3","messageBody":"Update add command and implement sort command with documentation","fileTypesAndContributionMap":{}},{"hash":"39390e3dedefdacb34c70fd339bb85826e463cec","isMergeCommit":false,"messageTitle":"Add conditions for NotAvailable and update UG","messageBody":"","fileTypesAndContributionMap":{"functional-code":{"insertions":10,"deletions":0},"docs":{"insertions":14,"deletions":2}}},{"hash":"3c84cf5ee679b7a586b40d814c4cb335876d2a93","isMergeCommit":false,"messageTitle":"Fix style","messageBody":"","fileTypesAndContributionMap":{"functional-code":{"insertions":2,"deletions":2}}},{"hash":"de321cac2606effec9c90f1fcca9011585d44340","isMergeCommit":false,"messageTitle":"Update tests for AddCommandParser","messageBody":"","fileTypesAndContributionMap":{"test-code":{"insertions":15,"deletions":44}}},{"hash":"54c1190c8a207fcfca55722e8a5a1b01f33b3928","isMergeCommit":false,"messageTitle":"Fix style in tests","messageBody":"","fileTypesAndContributionMap":{"test-code":{"insertions":49,"deletions":3}}},{"hash":"40f735651bf1097ff0ddbf1814b7e44a49e6e4b0","isMergeCommit":true,"messageTitle":"Merge branch \u0027master\u0027 into branch-v1.3","messageBody":"","fileTypesAndContributionMap":{}},{"hash":"ce4997ac9456ac321dcaa209d3d338c83ff3c3bf","isMergeCommit":false,"messageTitle":"Rephrase error message","messageBody":"","fileTypesAndContributionMap":{"functional-code":{"insertions":1,"deletions":1},"docs":{"insertions":12,"deletions":12}}},{"hash":"3118964ecaf14c1abda6a9525a8755c317023de0","isMergeCommit":true,"messageTitle":"Merge master","messageBody":"","fileTypesAndContributionMap":{}},{"hash":"3d4cad9e08b7a315080937490b3ecb350b27b854","isMergeCommit":true,"messageTitle":"Merge branch \u0027branch-v1.3\u0027 of https://github.com/nananakx-x/tp into branch-v1.3","messageBody":"","fileTypesAndContributionMap":{}},{"hash":"83d4dc5d4dab281f8117f98e1f51cd025265edcd","isMergeCommit":false,"messageTitle":"Rephrase error message in test","messageBody":"","fileTypesAndContributionMap":{"functional-code":{"insertions":1,"deletions":1},"test-code":{"insertions":1,"deletions":1}}},{"hash":"5e8f9569f6916d866e96c8b95e85ab7bcb189a2d","isMergeCommit":false,"messageTitle":"Update add use case to remove UI details","messageBody":"","fileTypesAndContributionMap":{"docs":{"insertions":1,"deletions":2}}},{"hash":"b13a54f57d5d4a18b7cbd9fe8fd5f11659de73b0","isMergeCommit":false,"messageTitle":"Move checks to Person class and update tests","messageBody":"","fileTypesAndContributionMap":{"functional-code":{"insertions":67,"deletions":44},"test-code":{"insertions":69,"deletions":41}}},{"hash":"5becb6527eb9683441e23934616f5b03ab6317af","isMergeCommit":false,"messageTitle":"Add test for addcommandparser","messageBody":"","fileTypesAndContributionMap":{"test-code":{"insertions":9,"deletions":0}}},{"hash":"c306a454a9ee4ad98104aa21998406672f42ccb3","isMergeCommit":false,"messageTitle":"Make changes according to review","messageBody":"","fileTypesAndContributionMap":{"functional-code":{"insertions":4,"deletions":2},"docs":{"insertions":12,"deletions":12}}},{"hash":"0aa161da7254d41b66ad0c5cb730a325dcdaeef3","isMergeCommit":false,"messageTitle":"Make changes according to review a second time","messageBody":"","fileTypesAndContributionMap":{"functional-code":{"insertions":4,"deletions":3},"docs":{"insertions":11,"deletions":11}}},{"hash":"2df21f6fcb6b8cd1bbf686fb92324f1090510ca5","isMergeCommit":false,"messageTitle":"Rename method in Person","messageBody":"","fileTypesAndContributionMap":{"functional-code":{"insertions":2,"deletions":2},"test-code":{"insertions":2,"deletions":3}}}]},{"date":"2023-10-30","commitResults":[{"hash":"7ad61dbc2dbaf303d6c9ef5d646a3669f70cbfbd","isMergeCommit":true,"messageTitle":"Merge pull request #83 from H1410101/find-list-userguide","messageBody":"Find list userguide","fileTypesAndContributionMap":{}},{"hash":"30be910b8d3082ee9ea201d7cc6610682789febf","isMergeCommit":true,"messageTitle":"Merge branch \u0027master\u0027 into branch-stats","messageBody":"","fileTypesAndContributionMap":{}}]},{"date":"2023-10-31","commitResults":[{"hash":"66f60bc4bac6c99757b2d7f9f93cde2abcc4b00e","isMergeCommit":true,"messageTitle":"Merge pull request #86 from butteredyakiimo/branch-stats","messageBody":"Create stats functionality","fileTypesAndContributionMap":{}},{"hash":"dca704ffcd4cde2deffc56b47fcfb8af00a9e87b","isMergeCommit":false,"messageTitle":"Format and tidy up user guide","messageBody":"","fileTypesAndContributionMap":{"functional-code":{"insertions":1,"deletions":1},"docs":{"insertions":186,"deletions":158}}},{"hash":"4487ad812d927b225295bb0ec53782a5bc502f82","isMergeCommit":false,"messageTitle":"Update duplicate person detection test","messageBody":"","fileTypesAndContributionMap":{"test-code":{"insertions":2,"deletions":2}}},{"hash":"363e5b02f7ed6217bb6085e5b067703c18b77af4","isMergeCommit":false,"messageTitle":"Separate different command formats into different sections in UG","messageBody":"","fileTypesAndContributionMap":{"docs":{"insertions":76,"deletions":39}}}]},{"date":"2023-11-01","commitResults":[{"hash":"9b1d887f884cedf3c74d35ccadb893f3c942dd48","isMergeCommit":true,"messageTitle":"Merge branch \u0027master\u0027 into branch-v1.3-doc","messageBody":"","fileTypesAndContributionMap":{}},{"hash":"bd094e084560b49d9569e89e353a6148af8cd793","isMergeCommit":false,"messageTitle":"Update colours of tips, important sections, etc in UG","messageBody":"","fileTypesAndContributionMap":{"docs":{"insertions":3,"deletions":3}}},{"hash":"bf24828da8ec557ce244392d5695b76a9f6ba05d","isMergeCommit":false,"messageTitle":"Update equals in Person class to ignore consecutive spaces between names","messageBody":"","fileTypesAndContributionMap":{"functional-code":{"insertions":5,"deletions":1}}},{"hash":"d59066c81822956142a7512d10088960639617cd","isMergeCommit":false,"messageTitle":"Make changes according to review","messageBody":"","fileTypesAndContributionMap":{"docs":{"insertions":3,"deletions":5}}},{"hash":"fed5d071b191db90003c7abd443d086501bfbbd4","isMergeCommit":true,"messageTitle":"Merge pull request #93 from H1410101/redo-bad-merge","messageBody":"Redo bad merge","fileTypesAndContributionMap":{}}]}],"butteredyakiimo":[{"date":"2023-10-02","commitResults":[{"hash":"23835865424911ff67b3163ce21681525a9613ed","isMergeCommit":false,"messageTitle":"Add skeletal PPP and image for AboutUs","messageBody":"","fileTypesAndContributionMap":{"docs":{"insertions":51,"deletions":6}}},{"hash":"fc41b29834ebdab2349e24c78287db2987d0136b","isMergeCommit":false,"messageTitle":"Edit readme text, update website tab title","messageBody":"","fileTypesAndContributionMap":{"docs":{"insertions":7,"deletions":8}}},{"hash":"1b13eae5d3c8fcf1f83b99374b0371b71ddf6027","isMergeCommit":false,"messageTitle":"Update PPP skeleton","messageBody":"","fileTypesAndContributionMap":{"docs":{"insertions":4,"deletions":22}}},{"hash":"ec2f8ed60f6b905e02f0dd76af3799ce391765bf","isMergeCommit":false,"messageTitle":"Update index.md text","messageBody":"","fileTypesAndContributionMap":{"docs":{"insertions":6,"deletions":6}}},{"hash":"bcb3e0e9ab38438e19655f333b2558d1bb97a1b0","isMergeCommit":false,"messageTitle":"Change link in index.md, edit readme","messageBody":"","fileTypesAndContributionMap":{"docs":{"insertions":3,"deletions":6}}},{"hash":"8f30af24eaa48f65d0b1f6193e3ba9f39a0055dd","isMergeCommit":false,"messageTitle":"Edit delete command in UG","messageBody":"","fileTypesAndContributionMap":{"docs":{"insertions":21,"deletions":9}}},{"hash":"d53dcddbb64e9a1d3aed5e045eed409cc9c52212","isMergeCommit":false,"messageTitle":"Add delete case and story, user profile and value prop","messageBody":"","fileTypesAndContributionMap":{"docs":{"insertions":26,"deletions":23}}}]},{"date":"2023-10-04","commitResults":[{"hash":"55bb4d6745da59f1d48db688f72d739d69c4a3e2","isMergeCommit":true,"messageTitle":"Merge pull request #30 from nananakx-x/branch-documentation","messageBody":"Update AboutUs, PPP, UG, DG documentation","fileTypesAndContributionMap":{}},{"hash":"8863fdef42e8657e77672f484c0fef7d082510a6","isMergeCommit":false,"messageTitle":"Remove ab3 trace from UG","messageBody":"","fileTypesAndContributionMap":{"docs":{"insertions":1,"deletions":1}}},{"hash":"175d2103d897ee2d8a22ed4c8b3e57239e2e0cd6","isMergeCommit":false,"messageTitle":"Remove quick start","messageBody":"","fileTypesAndContributionMap":{"docs":{"insertions":0,"deletions":30}}}]},{"date":"2023-10-05","commitResults":[{"hash":"3c7858f467a4678b3386a07f128366a9412b8087","isMergeCommit":true,"messageTitle":"Merge pull request #35 from butteredyakiimo/branch-documentation","messageBody":"Fix broken repo link","fileTypesAndContributionMap":{}}]},{"date":"2023-10-11","commitResults":[{"hash":"b1daf4ba4c2581ff37aefff1601ab70694b6605b","isMergeCommit":true,"messageTitle":"Merge pull request #48 from nananakx-x/branch-v1.2.1","messageBody":"Update target user in user stories/DG and readme","fileTypesAndContributionMap":{}},{"hash":"49b54c494798565356204e9e1f6c900238433f2f","isMergeCommit":false,"messageTitle":"Update DG use cases to correct format, fix typos","messageBody":"","fileTypesAndContributionMap":{"docs":{"insertions":92,"deletions":80}}}]},{"date":"2023-10-13","commitResults":[{"hash":"50f535d8640488bfab489a3342c715af8a377413","isMergeCommit":false,"messageTitle":"Create Indices class to allow for multiple delete","messageBody":"","fileTypesAndContributionMap":{"functional-code":{"insertions":159,"deletions":15}}}]},{"date":"2023-10-14","commitResults":[{"hash":"c35914db06ae159033a19914cf8837048e54686a","isMergeCommit":false,"messageTitle":"Add tests for DeleteCommand, DeleteParser and ParserUtil","messageBody":"","fileTypesAndContributionMap":{"functional-code":{"insertions":61,"deletions":24},"test-code":{"insertions":177,"deletions":28}}},{"hash":"7a8efbd3b92b05b37fbfc678a473bd156ea67d5b","isMergeCommit":false,"messageTitle":"Add tests for Indices class","messageBody":"","fileTypesAndContributionMap":{"functional-code":{"insertions":27,"deletions":27},"test-code":{"insertions":137,"deletions":37}}},{"hash":"c7d4e01c047d3963d54fcfd407652d1561c49240","isMergeCommit":false,"messageTitle":"Add javadocs for new methods","messageBody":"","fileTypesAndContributionMap":{"functional-code":{"insertions":46,"deletions":11},"test-code":{"insertions":19,"deletions":4}}},{"hash":"e0ee225304ecc209b9294d99fce8efa6031eeefb","isMergeCommit":false,"messageTitle":"Fix style issues and accidental delete of data from tests","messageBody":"","fileTypesAndContributionMap":{"test-code":{"insertions":15,"deletions":14}}},{"hash":"213a8122416d2b50f680fb63245fb951b7f25a87","isMergeCommit":false,"messageTitle":"Change Indices implementation to treeset","messageBody":"","fileTypesAndContributionMap":{"functional-code":{"insertions":30,"deletions":26},"test-code":{"insertions":19,"deletions":0}}},{"hash":"122ff8dff1ffa27ce8b0841856ffcd31953c3089","isMergeCommit":false,"messageTitle":"Remove sorting of array in Indices","messageBody":"","fileTypesAndContributionMap":{"functional-code":{"insertions":0,"deletions":2}}},{"hash":"5b42e462b6e098ae074ae8dc856d55fa55b4b9c6","isMergeCommit":false,"messageTitle":"Fix style","messageBody":"","fileTypesAndContributionMap":{"functional-code":{"insertions":0,"deletions":1}}},{"hash":"5faf9a923dd733cad4feff8cf1a0da713ccf85ce","isMergeCommit":false,"messageTitle":"Abstract out method to check for valid index","messageBody":"","fileTypesAndContributionMap":{"functional-code":{"insertions":13,"deletions":4},"test-code":{"insertions":10,"deletions":8}}}]},{"date":"2023-10-17","commitResults":[{"hash":"6011ba8ce4c6124cc988d16fea9aee983703e9a7","isMergeCommit":false,"messageTitle":"Add new line separator to keep output readable","messageBody":"","fileTypesAndContributionMap":{"functional-code":{"insertions":4,"deletions":3}}},{"hash":"ed538f2e05a05bde774169e33d77657bb59659f0","isMergeCommit":false,"messageTitle":"Add a use of streams, make variable final in Index","messageBody":"","fileTypesAndContributionMap":{"functional-code":{"insertions":7,"deletions":17}}},{"hash":"5d29f4963b15cae1918b5141dad11c27674caa86","isMergeCommit":false,"messageTitle":"Remove unused imports","messageBody":"","fileTypesAndContributionMap":{"functional-code":{"insertions":0,"deletions":1}}},{"hash":"79c9cdfdd5956c236539b556971f9700fbe33695","isMergeCommit":true,"messageTitle":"Merge branch \u0027master\u0027 into branch-delete","messageBody":"","fileTypesAndContributionMap":{}},{"hash":"93650613b9c10b19b52d9b53a318edc09e10784a","isMergeCommit":false,"messageTitle":"Add missing new line to output","messageBody":"","fileTypesAndContributionMap":{"functional-code":{"insertions":3,"deletions":3}}},{"hash":"57a047298945ada0a1694f7da9a7de13ca1ca3ef","isMergeCommit":false,"messageTitle":"Fix test case for new line","messageBody":"","fileTypesAndContributionMap":{"functional-code":{"insertions":3,"deletions":3}}}]},{"date":"2023-10-18","commitResults":[{"hash":"bd0b067d205c3623a75692f9b24fe565e7cbc8e4","isMergeCommit":true,"messageTitle":"Merge pull request #64 from nananakx-x/branch-mergeDeleteandAdd","messageBody":"Test functionality of new delete and add, fix existing bug","fileTypesAndContributionMap":{}},{"hash":"9ffc87125601e8e0dade9a21ba9629e20101284b","isMergeCommit":false,"messageTitle":"Change Ui to light theme","messageBody":"","fileTypesAndContributionMap":{"functional-code":{"insertions":68,"deletions":50}}},{"hash":"a16b39bcb245da0855bb8a7234f7a99c00ca6237","isMergeCommit":true,"messageTitle":"Merge pull request #65 from nananakx-x/branch-documentation2","messageBody":"Update add feature in UG and fix bug ","fileTypesAndContributionMap":{}},{"hash":"72bab7c67e4217a01e649b7f5e57d0c77dbabb87","isMergeCommit":false,"messageTitle":"Change title to Foster Family","messageBody":"","fileTypesAndContributionMap":{"functional-code":{"insertions":2,"deletions":2}}},{"hash":"a84fb517d4e3a91e5c6a72cf6dd7779ea6214717","isMergeCommit":true,"messageTitle":"Fix merge conflict","messageBody":"","fileTypesAndContributionMap":{}},{"hash":"9bab5e20210ec6be9e782def96271dff233e6452","isMergeCommit":false,"messageTitle":"Change the icon and theme of help window","messageBody":"","fileTypesAndContributionMap":{"functional-code":{"insertions":5,"deletions":5}}}]},{"date":"2023-10-23","commitResults":[{"hash":"f6554a7b556ae921cca6886f14fdac1cf3b4e6c7","isMergeCommit":false,"messageTitle":"Add assertions and logs","messageBody":"","fileTypesAndContributionMap":{"functional-code":{"insertions":13,"deletions":7},"other":{"insertions":4,"deletions":0},"test-code":{"insertions":6,"deletions":9}}},{"hash":"96c5a81d98e695eba96c9051f824038b7603055f","isMergeCommit":false,"messageTitle":"Add number of fosterers deleted in result","messageBody":"","fileTypesAndContributionMap":{"functional-code":{"insertions":20,"deletions":13},"test-code":{"insertions":28,"deletions":3}}},{"hash":"6d863a8f0e2d746092cac4d4011693849c68eb5c","isMergeCommit":false,"messageTitle":"Update delete in UG","messageBody":"","fileTypesAndContributionMap":{"functional-code":{"insertions":3,"deletions":3},"docs":{"insertions":34,"deletions":9}}},{"hash":"bf84c3ba34ee16a8dce89b567997df9bdea7e3da","isMergeCommit":false,"messageTitle":"Add back quickstart to UG","messageBody":"","fileTypesAndContributionMap":{"docs":{"insertions":30,"deletions":1}}}]},{"date":"2023-10-24","commitResults":[{"hash":"8bbdd824c4d644f0de2be92b95e307db219635a5","isMergeCommit":false,"messageTitle":"Update use case in UG for delete and statistics","messageBody":"","fileTypesAndContributionMap":{"docs":{"insertions":41,"deletions":15}}},{"hash":"ced5335a6bf9ac7e18a0ef3ecc219d8573e64d70","isMergeCommit":false,"messageTitle":"Add test for codecov in Indices","messageBody":"","fileTypesAndContributionMap":{"test-code":{"insertions":3,"deletions":0}}},{"hash":"7d75cff335b595559989d120161e2c38c88b6e20","isMergeCommit":false,"messageTitle":"Add details of stats command in UG","messageBody":"","fileTypesAndContributionMap":{"docs":{"insertions":59,"deletions":0}}},{"hash":"7ee3848f82df78fdadbae38fb4a51a46ea880193","isMergeCommit":false,"messageTitle":"Add test for assertion","messageBody":"","fileTypesAndContributionMap":{"functional-code":{"insertions":1,"deletions":2},"test-code":{"insertions":10,"deletions":0}}}]},{"date":"2023-10-25","commitResults":[{"hash":"60ece4fb7ea8e9c6a30bfbe37ecc251acbdf01c1","isMergeCommit":false,"messageTitle":"Add stats command","messageBody":"","fileTypesAndContributionMap":{"functional-code":{"insertions":277,"deletions":11}}},{"hash":"0282345f0c9cefcd50e1c43efadefe6141145167","isMergeCommit":false,"messageTitle":"Account for 0 fosterers in list","messageBody":"","fileTypesAndContributionMap":{"functional-code":{"insertions":53,"deletions":19}}},{"hash":"056fd16ef334e36f9422742ccef78cf3704c5e4c","isMergeCommit":false,"messageTitle":"Create test files","messageBody":"","fileTypesAndContributionMap":{"functional-code":{"insertions":25,"deletions":3},"test-code":{"insertions":21,"deletions":0}}},{"hash":"9df750e2c49f7be4b7847b25468c5f82349d971d","isMergeCommit":false,"messageTitle":"Update UG and DG based on review","messageBody":"","fileTypesAndContributionMap":{"docs":{"insertions":22,"deletions":15}}},{"hash":"953efa3799ee089e744a3c494ad56f39b64a0363","isMergeCommit":false,"messageTitle":"Add implementation details for Delete in DG","messageBody":"","fileTypesAndContributionMap":{"docs":{"insertions":33,"deletions":0}}},{"hash":"50c90a9aff17fe4a1f6d3ec145f5a8140b8c97be","isMergeCommit":false,"messageTitle":"Edit delete use case empty list scenario","messageBody":"","fileTypesAndContributionMap":{"docs":{"insertions":2,"deletions":2}}},{"hash":"430734559d5532d855fa783565c0fcbc046fb3d3","isMergeCommit":false,"messageTitle":"Add full stop to invalid index message","messageBody":"","fileTypesAndContributionMap":{"functional-code":{"insertions":1,"deletions":1},"docs":{"insertions":4,"deletions":4}}},{"hash":"7226bd213c4c23be87f65e60ab4e66e6ce311d1c","isMergeCommit":true,"messageTitle":"Merge pull request #82 from nananakx-x/branch-v1.3","messageBody":"Add conditions for NotAvailable, do checks in Person class instead and update user guide","fileTypesAndContributionMap":{}},{"hash":"e173fa9a8624ebedec28ae2f84aaf2b2eb19df88","isMergeCommit":true,"messageTitle":"Resolve merge conflicts","messageBody":"","fileTypesAndContributionMap":{}},{"hash":"7aeda317acaf0e34759c6b8513e0b73c8ed51eb0","isMergeCommit":false,"messageTitle":"Add user stories, add warning to delete in UG","messageBody":"","fileTypesAndContributionMap":{"docs":{"insertions":24,"deletions":15}}},{"hash":"3420a231c98f5fd2376028f55618f63684617ccd","isMergeCommit":false,"messageTitle":"Change warning to caution in UG","messageBody":"","fileTypesAndContributionMap":{"docs":{"insertions":2,"deletions":2}}},{"hash":"7aaed57e03722c0354f2fdcd50b0b6ae5cb8cabf","isMergeCommit":false,"messageTitle":"Edit based on review comments","messageBody":"","fileTypesAndContributionMap":{"docs":{"insertions":4,"deletions":3}}},{"hash":"685d0466de7c9b761a6ec82a581f9d4d31326e81","isMergeCommit":true,"messageTitle":"Merge pull request #80 from butteredyakiimo/branch-delete","messageBody":"Display number of fosterers deleted","fileTypesAndContributionMap":{}}]},{"date":"2023-10-26","commitResults":[{"hash":"bea02ad219be6269721114502acc5d5f8eb2aa38","isMergeCommit":true,"messageTitle":"Update branch","messageBody":"","fileTypesAndContributionMap":{}},{"hash":"77186525d3d9cdc20cd7625d068fbd700bebfb33","isMergeCommit":false,"messageTitle":"Update typical persons and corresponding json file","messageBody":"","fileTypesAndContributionMap":{"functional-code":{"insertions":90,"deletions":25},"docs":{"insertions":1,"deletions":1},"test-code":{"insertions":144,"deletions":75}}}]},{"date":"2023-10-27","commitResults":[{"hash":"e96687826da70a81281e67d13e1c42288800d83d","isMergeCommit":false,"messageTitle":"Add tests for all except statshousing","messageBody":"","fileTypesAndContributionMap":{"functional-code":{"insertions":8,"deletions":0},"test-code":{"insertions":285,"deletions":8}}},{"hash":"5f8fb5bae2c88ac3c764b04bc0b719dec54c54b0","isMergeCommit":false,"messageTitle":"Fix style errors","messageBody":"","fileTypesAndContributionMap":{"functional-code":{"insertions":33,"deletions":23},"test-code":{"insertions":41,"deletions":23}}}]},{"date":"2023-10-29","commitResults":[{"hash":"642ec951cd8c58c364a390866359a19c92934708","isMergeCommit":false,"messageTitle":"Add more tests for stats","messageBody":"","fileTypesAndContributionMap":{"functional-code":{"insertions":3,"deletions":5},"test-code":{"insertions":195,"deletions":57}}},{"hash":"4db6c4a62d1be080264606f5b7e11d183fd738a5","isMergeCommit":false,"messageTitle":"Fix more style errors","messageBody":"","fileTypesAndContributionMap":{"test-code":{"insertions":11,"deletions":10}}},{"hash":"c9ca1750a1b73dbaf6ef1580b28a29bd5f39aefa","isMergeCommit":false,"messageTitle":"Update UG and increase result box height","messageBody":"","fileTypesAndContributionMap":{"functional-code":{"insertions":1,"deletions":1},"docs":{"insertions":100,"deletions":193}}},{"hash":"f6a8ba8ad47d34fafeb4f1eea30cedb13e3f0ba5","isMergeCommit":false,"messageTitle":"Add screenshots to UG","messageBody":"","fileTypesAndContributionMap":{"docs":{"insertions":9,"deletions":1}}},{"hash":"07341eddca0c0c4c6722e283a5dc2c6879d4af74","isMergeCommit":false,"messageTitle":"Add in some planned enhancements","messageBody":"","fileTypesAndContributionMap":{"docs":{"insertions":24,"deletions":1}}}]},{"date":"2023-10-31","commitResults":[{"hash":"2b15455e7e24a566a8f619184289d3ec84737e69","isMergeCommit":false,"messageTitle":"Comment out edit test cases, to fix in v1.4","messageBody":"","fileTypesAndContributionMap":{"test-code":{"insertions":2,"deletions":5}}},{"hash":"0f18530e7bc8a8455e43be03104358a9949e5cde","isMergeCommit":false,"messageTitle":"Ignore extra params in parsing stats command","messageBody":"","fileTypesAndContributionMap":{"functional-code":{"insertions":2,"deletions":2},"test-code":{"insertions":11,"deletions":0}}},{"hash":"c07874b0553061a59e18986c56a13e481131e5b4","isMergeCommit":false,"messageTitle":"Move planned enhancements to DG","messageBody":"","fileTypesAndContributionMap":{"docs":{"insertions":17,"deletions":26}}}]},{"date":"2023-11-01","commitResults":[{"hash":"4cc323780995680b36bc5461c27ec7b209ac8380","isMergeCommit":true,"messageTitle":"Merge pull request #91 from nananakx-x/branch-v1.3-doc","messageBody":"Format and tidy up user guide","fileTypesAndContributionMap":{}}]}],"brandon-nam":[{"date":"2023-10-03","commitResults":[{"hash":"ab2ffd23010f176fde01c9ca75a0f8e61fd99a77","isMergeCommit":true,"messageTitle":"Merge pull request #24 from butteredyakiimo/branch-documentation","messageBody":"Update readme, index and aboutus documentation","fileTypesAndContributionMap":{}}]},{"date":"2023-10-04","commitResults":[{"hash":"47546608acf782fc6016c5003c0a639ca35e9fbc","isMergeCommit":false,"messageTitle":"Add details to AboutUs.md","messageBody":"","fileTypesAndContributionMap":{"docs":{"insertions":5,"deletions":6}}},{"hash":"870de16f66f545946fe36c19e3dcaab4d1888e8b","isMergeCommit":false,"messageTitle":"Add PPP (brandon-nam)","messageBody":"","fileTypesAndContributionMap":{"docs":{"insertions":28,"deletions":0}}},{"hash":"624133d1e9d39c0404f104d46b3a11bbb974dbc9","isMergeCommit":true,"messageTitle":"Merge pull request #28 from H1410101/admin-zh","messageBody":"Update readme, DG, UG, aboutus, and individual PPP","fileTypesAndContributionMap":{}},{"hash":"b42f2d8a9766360b69e8d9315dd046a672679783","isMergeCommit":false,"messageTitle":"Edit edit command in UG","messageBody":"","fileTypesAndContributionMap":{"docs":{"insertions":35,"deletions":12}}},{"hash":"c834de403b1ea9b75f8a3f5f7d4d9f8d436693b0","isMergeCommit":true,"messageTitle":"Merge commit \u0027624133d1e9d39c0404f104d46b3a11bbb974dbc9\u0027","messageBody":"# Conflicts:\n#\tdocs/AboutUs.md\n#\tdocs/UserGuide.md\n","fileTypesAndContributionMap":{}},{"hash":"9a14023f90a0779df120b9bfe3757264bf86d107","isMergeCommit":false,"messageTitle":"Edit add command format in UG","messageBody":"","fileTypesAndContributionMap":{"docs":{"insertions":61,"deletions":31}}},{"hash":"30e9b057f2473da97e1764eafdecda8a5f494c58","isMergeCommit":false,"messageTitle":"Update docs/UserGuide.md","messageBody":"Co-authored-by: H1410101 \u003c33563579+H1410101@users.noreply.github.com\u003e","fileTypesAndContributionMap":{"docs":{"insertions":1,"deletions":1}}},{"hash":"8aa851bc042bd5576e0748afa3eff8f470aeb3f4","isMergeCommit":false,"messageTitle":"Update docs/UserGuide.md","messageBody":"Co-authored-by: H1410101 \u003c33563579+H1410101@users.noreply.github.com\u003e","fileTypesAndContributionMap":{"docs":{"insertions":1,"deletions":2}}},{"hash":"957c05fa4722cbef6f40e8e55f26faa07f9be055","isMergeCommit":false,"messageTitle":"Update docs/UserGuide.md","messageBody":"Co-authored-by: H1410101 \u003c33563579+H1410101@users.noreply.github.com\u003e","fileTypesAndContributionMap":{"docs":{"insertions":1,"deletions":1}}},{"hash":"dd53d9436d64e4df185b7984b7a03af7e9ff4700","isMergeCommit":false,"messageTitle":"Update UserGuide.md","messageBody":"","fileTypesAndContributionMap":{"docs":{"insertions":9,"deletions":12}}}]},{"date":"2023-10-06","commitResults":[{"hash":"531b577bc250cd7b933c58ec364c291d280215f7","isMergeCommit":false,"messageTitle":"Edit minor details in UG","messageBody":"","fileTypesAndContributionMap":{"docs":{"insertions":3,"deletions":2}}}]},{"date":"2023-10-13","commitResults":[{"hash":"e4b07ffab91e690d81c9538b21dd8c11610c2fc9","isMergeCommit":false,"messageTitle":"Add ViewCommand and ViewExitCommand","messageBody":"Add ViewCommand and ViewExitCommand for enhancements of editing functionality.\n","fileTypesAndContributionMap":{"functional-code":{"insertions":321,"deletions":5}}},{"hash":"cb1a13f30ec2d09ea2550f86d0b60013ba19fa20","isMergeCommit":true,"messageTitle":"Merge branch \u0027master\u0027 into edit-edit-command","messageBody":"","fileTypesAndContributionMap":{}},{"hash":"dd5c378aab815961007f30da4c565478f3b3cb77","isMergeCommit":false,"messageTitle":"Fix styling issues","messageBody":"Fix style issues to pass checkstyle test\n","fileTypesAndContributionMap":{"functional-code":{"insertions":63,"deletions":43}}},{"hash":"e45ef449c2f52963af64b4807a666105d3d2bdf0","isMergeCommit":true,"messageTitle":"Merge branch \u0027edit-edit-command\u0027 of https://github.com/brandon-nam/tp into edit-edit-command","messageBody":"","fileTypesAndContributionMap":{}}]},{"date":"2023-10-14","commitResults":[{"hash":"dcc3eaf698952ae1685267476f7132c41e21fb14","isMergeCommit":false,"messageTitle":"Add JUnit tests for command executions in profile view page","messageBody":"While in profile view page, the command line should not allow execution of commands that are not listed in the ViewCommandParser.\nAdd JUnit tests to check if AddressBookParser and ViewCommandParser parse different commands in different views.\n","fileTypesAndContributionMap":{"functional-code":{"insertions":21,"deletions":6},"test-code":{"insertions":93,"deletions":2}}},{"hash":"6e8d4725e367de43b320f2267a202dbabe2387d3","isMergeCommit":false,"messageTitle":"Fix styling issues","messageBody":"","fileTypesAndContributionMap":{"test-code":{"insertions":37,"deletions":12}}},{"hash":"854613ff0bf6951a20d22236c43ffd520ea78865","isMergeCommit":false,"messageTitle":"Fix styling issues","messageBody":"","fileTypesAndContributionMap":{"test-code":{"insertions":2,"deletions":0}}},{"hash":"f19c440d9b27b42fedd92163596c293c183b4c5a","isMergeCommit":false,"messageTitle":"Add ViewCommandTest and ViewExitCommandTest","messageBody":"","fileTypesAndContributionMap":{"functional-code":{"insertions":0,"deletions":8},"test-code":{"insertions":82,"deletions":6}}},{"hash":"788e6174e925c9e4fd6e464b074316db3b12fbe1","isMergeCommit":false,"messageTitle":"Add more JUnit Tests for ViewCommandTest and ViewModeParserTest","messageBody":"","fileTypesAndContributionMap":{"functional-code":{"insertions":2,"deletions":0},"test-code":{"insertions":51,"deletions":1}}},{"hash":"6abb732b45477bbf4c9f434786014887a475eeff","isMergeCommit":false,"messageTitle":"Fix styling issues","messageBody":"","fileTypesAndContributionMap":{"test-code":{"insertions":10,"deletions":4}}},{"hash":"549670fa17442da4ee21a804bca92955e6b1e0ad","isMergeCommit":false,"messageTitle":"Add JUnit test for CommandResultTest","messageBody":"","fileTypesAndContributionMap":{"functional-code":{"insertions":6,"deletions":3},"test-code":{"insertions":29,"deletions":1}}},{"hash":"963bb11d9f1ce116afcde8cef8671041219e2ad4","isMergeCommit":false,"messageTitle":"Fix styling issue","messageBody":"","fileTypesAndContributionMap":{"functional-code":{"insertions":1,"deletions":1}}}]},{"date":"2023-10-16","commitResults":[{"hash":"f0eb48c59bf9caa4c1d5ed10e04fe901c03af3d0","isMergeCommit":false,"messageTitle":"Fix data representation error and add personProfilePlaceholder StackPane","messageBody":"Currently the PersonProfile FXML has issues displaying tags which causes the error.\nFix the tag display to prevent the error.\nUsing the already existing setVisible() method of StackPane can toggle the visibility of the fosterer list and the profile view.\nAdd a personProfilePlaceholder StackPane below the personListPlaceholder StackPane and allow the visibility to toggle between them.\n","fileTypesAndContributionMap":{"functional-code":{"insertions":84,"deletions":46},"test-code":{"insertions":12,"deletions":4}}}]},{"date":"2023-10-17","commitResults":[{"hash":"67c788c9fd52dce78efd9d735e373339187beb57","isMergeCommit":false,"messageTitle":"Add JUnit tests for getIsViewCommand() and getIsViewExitCommand()","messageBody":"","fileTypesAndContributionMap":{"test-code":{"insertions":17,"deletions":0}}}]},{"date":"2023-10-18","commitResults":[{"hash":"b89908d44a872f94f4ae29c9978f760f20d17740","isMergeCommit":true,"messageTitle":"Merge branch \u0027master\u0027 into edit-edit-command","messageBody":"","fileTypesAndContributionMap":{}},{"hash":"c9175f60dc4423601d6a2f4231afbc07479743ed","isMergeCommit":true,"messageTitle":"Merge pull request #58 from brandon-nam/edit-edit-command","messageBody":"Add ViewCommand and ViewExitCommand","fileTypesAndContributionMap":{}},{"hash":"30c0acb108271816fc2eaf60657e856a2ebc5caa","isMergeCommit":false,"messageTitle":"Update UserGuide.md","messageBody":"","fileTypesAndContributionMap":{"docs":{"insertions":91,"deletions":37}}},{"hash":"d37ec8fade3921465c2dea4e490a7d31b6b64a66","isMergeCommit":false,"messageTitle":"Update UserGuide.md with suggested changes","messageBody":"","fileTypesAndContributionMap":{"docs":{"insertions":3,"deletions":3}}}]},{"date":"2023-10-25","commitResults":[{"hash":"76d0ede5432aaffa688ebf214ce2b27bb2f62595","isMergeCommit":false,"messageTitle":"Update View, Edit, and add Save commands in UserGuide.md","messageBody":"View, Edit, and Save commands need detailed explanations that reflect the current implementation and progress of the project.\r\nUpdate the UserGuide.md so that it provides guides to how to use each of the command.","fileTypesAndContributionMap":{"docs":{"insertions":68,"deletions":11}}}]},{"date":"2023-10-26","commitResults":[{"hash":"949ccfbf38275d88074801c48d4de877f3c2a59f","isMergeCommit":false,"messageTitle":"Update View, Save, and Edit UserGuide.md after suggestions","messageBody":"","fileTypesAndContributionMap":{"docs":{"insertions":12,"deletions":17}}},{"hash":"01e4fa30b088d053d956de9c6d469f6022092c99","isMergeCommit":true,"messageTitle":"Merge branch \u0027master\u0027 into branch-update-userguide","messageBody":"","fileTypesAndContributionMap":{}}]},{"date":"2023-10-30","commitResults":[{"hash":"5e7768110a262048fb86203c8a1813172c6753fe","isMergeCommit":true,"messageTitle":"Merge branch \u0027master\u0027 into branch-update-userguide","messageBody":"","fileTypesAndContributionMap":{}},{"hash":"0d42fe682dbbd0c2eb4653563bdd1a3e011bc1c1","isMergeCommit":true,"messageTitle":"Merge pull request #84 from brandon-nam/branch-update-userguide","messageBody":"Update View, Edit, and add Save commands in UserGuide.md","fileTypesAndContributionMap":{}}]},{"date":"2023-11-01","commitResults":[{"hash":"75246d3a0a9f3805212eef665bc86e45462a5618","isMergeCommit":true,"messageTitle":"Merge pull request #89 from H1410101/person-profile-ui","messageBody":"Person profile UI","fileTypesAndContributionMap":{}}]}]},"authorFileTypeContributionMap":{"TyrusLye":{"docs":39,"functional-code":5,"test-code":3},"H1410101":{"docs":55,"functional-code":2158,"test-code":703},"nananakx-x":{"docs":368,"functional-code":524,"test-code":565},"butteredyakiimo":{"docs":320,"functional-code":714,"test-code":948,"other":5},"brandon-nam":{"docs":86,"functional-code":345,"test-code":307}},"authorContributionVariance":{"TyrusLye":85.35395,"H1410101":85299.91,"nananakx-x":41058.348,"butteredyakiimo":32472.29,"brandon-nam":9000.368},"authorDisplayNameMap":{"TyrusLye":"CS2103T-T13-4 TYRU.. QIN","H1410101":"CS2103T-T13-4 SIA ..HONG","nananakx-x":"CS2103T-T13-4 TAN ..ETTE","butteredyakiimo":"CS2103T-T13-4 NICO..N YI","brandon-nam":"CS2103T-T13-4 NAM ..HYUN"}}
