{"authorDailyContributionsMap":{"ruiyangzh":[{"date":"2023-09-27","commitResults":[{"hash":"180148446025f0bc391266c0d569b8178fbd8bf0","isMergeCommit":false,"messageTitle":"Ruiyang\u0027s readme.md","messageBody":"","fileTypesAndContributionMap":{"docs":{"insertions":33,"deletions":5}}},{"hash":"81d76fd30177e157b39aa5c7f0e25d38cbfa4148","isMergeCommit":false,"messageTitle":"Update ruiyang.md","messageBody":"","fileTypesAndContributionMap":{"docs":{"insertions":2,"deletions":2}}},{"hash":"650bcefc192abbd72b786661b5395f3e3128d6c8","isMergeCommit":true,"messageTitle":"Merge pull request #9 from ruiyangzh/master","messageBody":"Add readme for Ruiyang","fileTypesAndContributionMap":{}}]},{"date":"2023-09-30","commitResults":[{"hash":"58140562bcacf34895c3432a84d7f5525a1c3002","isMergeCommit":false,"messageTitle":"Update NFR section of DG","messageBody":"","fileTypesAndContributionMap":{"docs":{"insertions":25,"deletions":5}}},{"hash":"877408f518a38cd6f8e6a9e4bf851e937d419697","isMergeCommit":false,"messageTitle":"Update Command Summary in UG","messageBody":"","fileTypesAndContributionMap":{"docs":{"insertions":8,"deletions":4}}}]},{"date":"2023-10-01","commitResults":[{"hash":"6c1e25344fce1ae553a15656147ea6e0d5596863","isMergeCommit":false,"messageTitle":"Update UserGuide.md","messageBody":"","fileTypesAndContributionMap":{"docs":{"insertions":0,"deletions":1}}}]},{"date":"2023-10-02","commitResults":[{"hash":"357fd1578a69f837f6c2a87bb9198ba71ecd86f2","isMergeCommit":false,"messageTitle":"Update UserGuide.md","messageBody":"","fileTypesAndContributionMap":{"docs":{"insertions":3,"deletions":1}}},{"hash":"9c07c74289c6f084b6161eac786885c9417fadaf","isMergeCommit":true,"messageTitle":"Merge branch \u0027master\u0027 into add-developer-guide","messageBody":"","fileTypesAndContributionMap":{}}]},{"date":"2023-10-03","commitResults":[{"hash":"329750d543ed9bdf92fbe2c36b9e66d8fb5d3c1c","isMergeCommit":false,"messageTitle":"Fix naming","messageBody":"","fileTypesAndContributionMap":{"docs":{"insertions":2,"deletions":2}}},{"hash":"13ad110b580278ce313727904a2915117c1f5a93","isMergeCommit":true,"messageTitle":"Merge pull request #35 from J-hta-n/website-home","messageBody":"#33. Minor edit","fileTypesAndContributionMap":{}}]},{"date":"2023-10-16","commitResults":[{"hash":"ad9f880a5e80c5e27601e2d48602c14796e7ace9","isMergeCommit":true,"messageTitle":"Merge pull request #41 from andytoh1/add-add-sellers-feature","messageBody":"[Closes #5] Add the feature to add homeowners and their houses","fileTypesAndContributionMap":{}},{"hash":"90294aad50c87ba700765bac1b18ee3b0678b224","isMergeCommit":true,"messageTitle":"Merge pull request #42 from J-hta-n/view-sellers","messageBody":"[Closes #4] Add view sellers command","fileTypesAndContributionMap":{}}]}],"andytoh1":[{"date":"2023-09-30","commitResults":[{"hash":"418e90a3712dfd286c18f4a02181091ce80f73d1","isMergeCommit":false,"messageTitle":"no message","messageBody":"","fileTypesAndContributionMap":{"docs":{"insertions":12,"deletions":13}}},{"hash":"09e9a12d10bc91972284554a78be4e3a59c1f26f","isMergeCommit":false,"messageTitle":"no message","messageBody":"","fileTypesAndContributionMap":{"docs":{"insertions":29,"deletions":26}}},{"hash":"9e0af654198b324a0f013e40c85c8b0590b46d83","isMergeCommit":false,"messageTitle":"no message","messageBody":"","fileTypesAndContributionMap":{"docs":{"insertions":44,"deletions":8}}},{"hash":"bc023303e151bbb7e53f3a3a333673abd15a0673","isMergeCommit":false,"messageTitle":"no message","messageBody":"","fileTypesAndContributionMap":{"docs":{"insertions":15,"deletions":11}}},{"hash":"5824ac212c59deeef2c71f7dac68cf1bd5b37ce2","isMergeCommit":false,"messageTitle":"no message","messageBody":"","fileTypesAndContributionMap":{"docs":{"insertions":19,"deletions":19}}},{"hash":"b8e590770b751737a384ea8709da5f5f71e3fcd8","isMergeCommit":false,"messageTitle":"no message","messageBody":"","fileTypesAndContributionMap":{"docs":{"insertions":3,"deletions":3}}},{"hash":"f91cca33b0e7e3af595bf65e491fe67a49362b3e","isMergeCommit":false,"messageTitle":"no message","messageBody":"","fileTypesAndContributionMap":{"docs":{"insertions":5,"deletions":5}}},{"hash":"8902850b7c0639bff342e439405ec2d96372a47c","isMergeCommit":false,"messageTitle":"no message","messageBody":"","fileTypesAndContributionMap":{"docs":{"insertions":2,"deletions":2}}},{"hash":"c027e7078f6a37e9487f8f5ab9295a68a3faf33a","isMergeCommit":false,"messageTitle":"no message","messageBody":"","fileTypesAndContributionMap":{"docs":{"insertions":1,"deletions":1}}}]},{"date":"2023-10-03","commitResults":[{"hash":"7b0f3db9313567096e8eba05078de02a6fe6c01d","isMergeCommit":false,"messageTitle":"Fix AboutUs file","messageBody":"","fileTypesAndContributionMap":{"docs":{"insertions":1,"deletions":1}}}]},{"date":"2023-10-16","commitResults":[{"hash":"91fe30af579896ed53da3338da950c98c7fe62e5","isMergeCommit":false,"messageTitle":"Add functionality to add sellers and their houses to the current main address book.","messageBody":"","fileTypesAndContributionMap":{"functional-code":{"insertions":149,"deletions":10}}},{"hash":"350a1ec66e0d09f45d3590aa701d583b07a521f2","isMergeCommit":true,"messageTitle":"Merge branch \u0027master\u0027 of https://github.com/AY2324S1-CS2103T-F11-3/tp","messageBody":"","fileTypesAndContributionMap":{}},{"hash":"983e63fdbd3bec8727ba1708a4a0e8d253588281","isMergeCommit":true,"messageTitle":"Merge branch \u0027add-add-sellers-feature\u0027","messageBody":"","fileTypesAndContributionMap":{}},{"hash":"ba3a0c2161f2516baca7b5809fa58185cd5599f8","isMergeCommit":false,"messageTitle":"Add functionality to add sellers and their house info to the address book.","messageBody":"","fileTypesAndContributionMap":{"functional-code":{"insertions":25,"deletions":2}}},{"hash":"864daf32b033ea0b5842df018902b6db6d0c9f8d","isMergeCommit":false,"messageTitle":"Fix checkstyle","messageBody":"","fileTypesAndContributionMap":{"functional-code":{"insertions":33,"deletions":14}}},{"hash":"a5d61abb67a0e23131b8a8f22c6358b5f7b727c0","isMergeCommit":false,"messageTitle":"Fix checkstyle","messageBody":"","fileTypesAndContributionMap":{"functional-code":{"insertions":1,"deletions":0}}},{"hash":"43b370aa7a593b0df6537f4a26510f2b2e653461","isMergeCommit":false,"messageTitle":"Fix checkstyle","messageBody":"","fileTypesAndContributionMap":{"functional-code":{"insertions":10,"deletions":1}}}]}],"peasantbird":[{"date":"2023-10-02","commitResults":[{"hash":"0ca1a7f5f9428871f2435b9d5f5368092d80d54f","isMergeCommit":false,"messageTitle":"Update personal info in AboutUs.md","messageBody":"","fileTypesAndContributionMap":{"docs":{"insertions":5,"deletions":5}}},{"hash":"44f1bd64ef935d5cb7cd1f7ebb1ac24d79a5e7cb","isMergeCommit":false,"messageTitle":"Add add-seller feature to UG","messageBody":"","fileTypesAndContributionMap":{"docs":{"insertions":26,"deletions":8}}},{"hash":"7b270ce20de850c2b9fd00316c4be81cafa8f851","isMergeCommit":false,"messageTitle":"Update user stories in DG","messageBody":"","fileTypesAndContributionMap":{"docs":{"insertions":21,"deletions":10}}},{"hash":"3827e2ee1da7ec30b653d7e85db33d526f1748ce","isMergeCommit":true,"messageTitle":"Merge pull request #26 from iantsaii/add-developer-guide","messageBody":"update DG for use cases","fileTypesAndContributionMap":{}}]},{"date":"2023-10-03","commitResults":[{"hash":"a733cedaf1769cd0c1b5e083960d8bde6342a800","isMergeCommit":true,"messageTitle":"Merge pull request #27 from iantsaii/update-user-guide","messageBody":"Update user guide for add-buyer and list features","fileTypesAndContributionMap":{}}]},{"date":"2023-10-16","commitResults":[{"hash":"792549c2afd072bf49cc321d16a59556948bed39","isMergeCommit":false,"messageTitle":"Add Buyer class and HouseInfo attribute","messageBody":"","fileTypesAndContributionMap":{"functional-code":{"insertions":38,"deletions":0}}},{"hash":"4e0d56ead050a3fac460a6751339d8b4784a1d55","isMergeCommit":false,"messageTitle":"Rename HouseInfo to BuyHouseInfo","messageBody":"","fileTypesAndContributionMap":{"functional-code":{"insertions":4,"deletions":4},"other":{"insertions":2,"deletions":2}}},{"hash":"f456702d5aac35343ff42b247d83ecc4fefc7ba1","isMergeCommit":false,"messageTitle":"Change CRLF to LF","messageBody":"","fileTypesAndContributionMap":{"functional-code":{"insertions":38,"deletions":38}}},{"hash":"c2540e839b4e8e66923d69a45019544a2916b755","isMergeCommit":false,"messageTitle":"Reorder import statements for checkstyle","messageBody":"","fileTypesAndContributionMap":{"functional-code":{"insertions":4,"deletions":4}}},{"hash":"ef7dcd475c6e7071bdcc957816ccea18c0f82d8b","isMergeCommit":true,"messageTitle":"Merge pull request #39 from J-hta-n/create-seller","messageBody":"Add Seller and HouseInfo","fileTypesAndContributionMap":{}},{"hash":"76da80c040cb825d56f6851938bb97b6d9904a22","isMergeCommit":false,"messageTitle":"Add JavaDocs for Buyer","messageBody":"","fileTypesAndContributionMap":{"functional-code":{"insertions":10,"deletions":0}}},{"hash":"7ff972ebd96fc998e11644afc3b3193325fb1e28","isMergeCommit":true,"messageTitle":"Merge pull request #40 from peasantbird/create-buyer","messageBody":"Add Buyer class and BuyHouseInfo attribute","fileTypesAndContributionMap":{}}]}],"iantsaii":[{"date":"2023-10-02","commitResults":[{"hash":"dae7f730d0fa8a50ba9e0b3fde48d61c7d547284","isMergeCommit":false,"messageTitle":"update DG","messageBody":"","fileTypesAndContributionMap":{"docs":{"insertions":55,"deletions":0}}},{"hash":"7857cf2a4f3dc9015a9f37b6c3496e35d8227130","isMergeCommit":false,"messageTitle":"Update User guide","messageBody":"","fileTypesAndContributionMap":{"docs":{"insertions":52,"deletions":0}}},{"hash":"bcb35ad095cd64ad57960709d9d410dc4bfd71d7","isMergeCommit":false,"messageTitle":"Update UserGuide.md","messageBody":"","fileTypesAndContributionMap":{"docs":{"insertions":9,"deletions":9}}},{"hash":"241d542225c0cef1d0b99c081ba97834547656e9","isMergeCommit":false,"messageTitle":"Update UserGuide.md","messageBody":"","fileTypesAndContributionMap":{"docs":{"insertions":11,"deletions":11}}},{"hash":"62202c0750e5f4fc8a2249f756a4a29f929787c4","isMergeCommit":false,"messageTitle":"Update UserGuide.md","messageBody":"","fileTypesAndContributionMap":{"docs":{"insertions":5,"deletions":5}}},{"hash":"ec98ebef3e8cfe7996fc494c98e8ff9edc68d71e","isMergeCommit":false,"messageTitle":"Update UserGuide.md","messageBody":"","fileTypesAndContributionMap":{"docs":{"insertions":8,"deletions":4}}},{"hash":"03051fe14c5a4aaedcf3b7e6e4c6e30585a27c91","isMergeCommit":false,"messageTitle":"Update UserGuide.md","messageBody":"","fileTypesAndContributionMap":{"docs":{"insertions":1,"deletions":2}}},{"hash":"5923682fab0f76e0fea4f26ee202533eac3df8fa","isMergeCommit":false,"messageTitle":"Update UserGuide.md","messageBody":"","fileTypesAndContributionMap":{"docs":{"insertions":8,"deletions":4}}},{"hash":"e1b476fc6b7c3d66fb1b25954b42f9e0f80b448d","isMergeCommit":false,"messageTitle":"Update UserGuide.md","messageBody":"","fileTypesAndContributionMap":{"docs":{"insertions":2,"deletions":3}}},{"hash":"e3220c448d334fe16e76000f2becb1e267831dc4","isMergeCommit":false,"messageTitle":"Update Personal Info","messageBody":"","fileTypesAndContributionMap":{"docs":{"insertions":32,"deletions":4}}},{"hash":"0f28398bb98fa3a0438723c9c2acc98ca5c35181","isMergeCommit":false,"messageTitle":"Update iantsaii.md","messageBody":"","fileTypesAndContributionMap":{"docs":{"insertions":3,"deletions":0}}}]},{"date":"2023-10-03","commitResults":[{"hash":"a4d43a443bb9ee25d5693cfa63c7bc682ff60551","isMergeCommit":true,"messageTitle":"Merge branch \u0027master\u0027 into update-user-guide","messageBody":"","fileTypesAndContributionMap":{}}]}],"J-hta-n":[{"date":"2023-09-22","commitResults":[{"hash":"939d0860d1674da96dbf6c6ffbebaa14f95946a8","isMergeCommit":true,"messageTitle":"Merge branch \u0027switch-docs-to-markbind\u0027 into gh-pages","messageBody":"","fileTypesAndContributionMap":{}},{"hash":"96741183a766ce2ea84c080ff1ae79bc906d97cd","isMergeCommit":true,"messageTitle":"Merge pull request #1 from AY2324S1-CS2103T-F11-3/gh-pages","messageBody":"Merge branch \u0027gh-pages\u0027 into master","fileTypesAndContributionMap":{}},{"hash":"0d1bc27d4eff35720f36c9b3ab06e5ffb8eb53e0","isMergeCommit":false,"messageTitle":"Update site configs to match fork","messageBody":"","fileTypesAndContributionMap":{"docs":{"insertions":1,"deletions":1}}},{"hash":"2d292c90816873a3fa5c5adb4c5ebd32c433d873","isMergeCommit":true,"messageTitle":"Merge pull request #2 from AY2324S1-CS2103T-F11-3/site-configs","messageBody":"Update site configs to match fork","fileTypesAndContributionMap":{}}]},{"date":"2023-10-02","commitResults":[{"hash":"6e5f13cad9b65254247a72615e6122312c97529d","isMergeCommit":false,"messageTitle":"Update UC4 to UC6 of DG","messageBody":"","fileTypesAndContributionMap":{"docs":{"insertions":35,"deletions":11}}},{"hash":"6e749c0cfc39ede7bda0bec3ab7e8c20e4140479","isMergeCommit":false,"messageTitle":"Add delete-b, delete-s and exit features in UG","messageBody":"","fileTypesAndContributionMap":{"docs":{"insertions":31,"deletions":48}}},{"hash":"01765340275ff6d1cdce40e57fc025b3bb289561","isMergeCommit":true,"messageTitle":"Merge pull request #17 from andytoh1/AboutUs","messageBody":"Update AboutUs file","fileTypesAndContributionMap":{}},{"hash":"fff9b467a46dde7d42ec036e45307aeb214395cf","isMergeCommit":true,"messageTitle":"Merge pull request #20 from peasantbird/update-AboutUs","messageBody":"Update personal info in AboutUs.md","fileTypesAndContributionMap":{}},{"hash":"a143d13efd550cec85497ea8c880a5baef607814","isMergeCommit":false,"messageTitle":"Update AboutUs for jh","messageBody":"","fileTypesAndContributionMap":{"docs":{"insertions":36,"deletions":8}}},{"hash":"44c643850ba6b2e5c98ac8e37c81d06988f761a7","isMergeCommit":false,"messageTitle":"Fix CI","messageBody":"","fileTypesAndContributionMap":{"docs":{"insertions":4,"deletions":4}}},{"hash":"b2333d16919a449985622bcf28916ff098eeda91","isMergeCommit":false,"messageTitle":"CI","messageBody":"","fileTypesAndContributionMap":{"docs":{"insertions":1,"deletions":1}}},{"hash":"c537c4f18adf5469ed79a214c8a73211df694c6a","isMergeCommit":true,"messageTitle":"Merge pull request #10 from ruiyangzh/Add-DG","messageBody":"Update NFR section of DG","fileTypesAndContributionMap":{}},{"hash":"506d189191aff1702360e8b2c62213b81aa1562d","isMergeCommit":true,"messageTitle":"Merge pull request #18 from andytoh1/README","messageBody":"Update README file","fileTypesAndContributionMap":{}},{"hash":"3758807d409e967b1061e9dbfedabd30fc2287b6","isMergeCommit":true,"messageTitle":"Merge pull request #15 from andytoh1/DG","messageBody":"Update Target User Details in DG","fileTypesAndContributionMap":{}},{"hash":"2e554c3d1bc9a941186950560bf5e9ac854a11f1","isMergeCommit":true,"messageTitle":"Merge pull request #16 from andytoh1/UG","messageBody":"Update Introduction of UG","fileTypesAndContributionMap":{}},{"hash":"c3b7d28e0b228a72ff9a12d58e4dcbc333005bf3","isMergeCommit":true,"messageTitle":"Merge pull request #11 from ruiyangzh/Add-UG","messageBody":"Update Command Summary in UG","fileTypesAndContributionMap":{}},{"hash":"7c6b8c41a8c39f065376c5de494243d2e6625c6e","isMergeCommit":true,"messageTitle":"Merge pull request #23 from peasantbird/update-DG-user-stories","messageBody":"Update user stories in DG","fileTypesAndContributionMap":{}},{"hash":"6a7a518dd698f7d3ccf111a319abf005cf79647f","isMergeCommit":true,"messageTitle":"Merge pull request #21 from J-hta-n/modify-DG","messageBody":"Update UC4 to UC6 of DG","fileTypesAndContributionMap":{}},{"hash":"440febdc985a87ed04873b88f9f18e6620014788","isMergeCommit":true,"messageTitle":"Merge pull request #22 from peasantbird/update-UG","messageBody":"Add add-seller feature to UG","fileTypesAndContributionMap":{}},{"hash":"9025087fb1f94f750fd88989d27525ebaa97ff11","isMergeCommit":true,"messageTitle":"Merge pull request #24 from J-hta-n/modify-UG","messageBody":"Add some feature descriptions to UG","fileTypesAndContributionMap":{}},{"hash":"a0bfae7e0b5384d740269e862c37978d52c47e81","isMergeCommit":true,"messageTitle":"Merge pull request #25 from J-hta-n/ppp","messageBody":"Update AboutUs for jh","fileTypesAndContributionMap":{}}]},{"date":"2023-10-03","commitResults":[{"hash":"c10ae934fc3e7e3720b887beb27055223d8a587a","isMergeCommit":false,"messageTitle":"Rename files for ppp","messageBody":"Renames the .png and .md files for ppp\n","fileTypesAndContributionMap":{"docs":{"insertions":3,"deletions":3}}},{"hash":"7e81e7600c9970c6b7c3babf0a4a8a94b7f6689a","isMergeCommit":true,"messageTitle":"Merge pull request #29 from iantsaii/about-us","messageBody":"#8 Update Personal Info","fileTypesAndContributionMap":{}},{"hash":"7e28d99e3bc170d67720fda05ff91e66ba9ce16e","isMergeCommit":true,"messageTitle":"Merge pull request #30 from ruiyangzh/temp","messageBody":"#8. Fix naming","fileTypesAndContributionMap":{}},{"hash":"1517ab43c41d0f4691c68e9f9fa6d9799feca94c","isMergeCommit":false,"messageTitle":"Update Home Page for RTPM website","messageBody":"","fileTypesAndContributionMap":{"docs":{"insertions":8,"deletions":5}}},{"hash":"e3ecb86d89b2d7a6b18014057547649f9f0bd252","isMergeCommit":true,"messageTitle":"Merge pull request #32 from andytoh1/fix-aboutus","messageBody":"Fix AboutUs file","fileTypesAndContributionMap":{}},{"hash":"91ea4f264797afa6190c6bed0eb65557a48e7c15","isMergeCommit":true,"messageTitle":"Merge pull request #31 from J-hta-n/ppp","messageBody":"#8. Rename files for ppp","fileTypesAndContributionMap":{}},{"hash":"205d04eb788032ae3f49c26bb2cf941ab63bcec2","isMergeCommit":true,"messageTitle":"Merge pull request #34 from J-hta-n/website-home","messageBody":"#33. Update Home Page for RTPM website","fileTypesAndContributionMap":{}},{"hash":"192da6cd1028ca9259ee34d06f302f29c5445474","isMergeCommit":false,"messageTitle":"Minor edit","messageBody":"","fileTypesAndContributionMap":{"docs":{"insertions":1,"deletions":0}}},{"hash":"8a1b77815f45136cb90b4bfcb11001538b2acfa3","isMergeCommit":false,"messageTitle":"Update DeveloperGuide.md","messageBody":"","fileTypesAndContributionMap":{"docs":{"insertions":1,"deletions":1}}}]},{"date":"2023-10-04","commitResults":[{"hash":"580a703236e01de9fa28c73dd944ab82ef6668cf","isMergeCommit":false,"messageTitle":"Update UG to change \u0027addressbook\u0027 to \u0027RTPM\u0027","messageBody":"","fileTypesAndContributionMap":{"docs":{"insertions":9,"deletions":11}}},{"hash":"a9b85d9b7d21366a6f9cf4903d734b50a020fe63","isMergeCommit":false,"messageTitle":"Change NavBar github link to repo link","messageBody":"","fileTypesAndContributionMap":{"docs":{"insertions":1,"deletions":1}}}]},{"date":"2023-10-05","commitResults":[{"hash":"04981d2a7fdd1662a70b38e473264698995413b1","isMergeCommit":true,"messageTitle":"Merge pull request #36 from J-hta-n/modify-UG","messageBody":"[Closes #12] Update UG to change \u0027addressbook\u0027 to \u0027RTPM\u0027","fileTypesAndContributionMap":{}}]},{"date":"2023-10-16","commitResults":[{"hash":"12d54092f8ae605c2204865291501daba2ca66d0","isMergeCommit":false,"messageTitle":"Add Seller and HouseInfo","messageBody":"Seller inherits from Person and comprises of houseInfo and\nsellingAddress object attributes\n","fileTypesAndContributionMap":{"functional-code":{"insertions":27,"deletions":0}}},{"hash":"b2cf05bc604894cd2925678513c499e77e1dd9f1","isMergeCommit":false,"messageTitle":"Fix checkstyle issues for Seller","messageBody":"","fileTypesAndContributionMap":{"functional-code":{"insertions":21,"deletions":5}}},{"hash":"d48c867d7bb9574eaa2588ff938d39d0c557ea7c","isMergeCommit":false,"messageTitle":"Change HouseInfo to SellerHouseInfo","messageBody":"","fileTypesAndContributionMap":{"functional-code":{"insertions":15,"deletions":15}}},{"hash":"4e73d49367a19d03103df875289179dd626a6bc6","isMergeCommit":false,"messageTitle":"Add view sellers command","messageBody":"When \u0027list-s\u0027 is entered, the addressbook list is filtered to show\nonly sellers.\n","fileTypesAndContributionMap":{"functional-code":{"insertions":32,"deletions":0}}},{"hash":"379f84250a356a56aa8bf5f2c281d4820bd9fd34","isMergeCommit":false,"messageTitle":"Fix checkstyle issues","messageBody":"","fileTypesAndContributionMap":{"functional-code":{"insertions":0,"deletions":2}}}]}]},"authorFileTypeContributionMap":{"ruiyangzh":{"docs":67,"functional-code":0,"test-code":0},"andytoh1":{"docs":66,"functional-code":192,"test-code":0},"peasantbird":{"docs":46,"functional-code":48,"test-code":0},"iantsaii":{"docs":138,"functional-code":0,"test-code":0},"J-hta-n":{"docs":111,"functional-code":73,"test-code":0}},"authorContributionVariance":{"ruiyangzh":128.60158,"andytoh1":3956.1604,"peasantbird":977.7026,"iantsaii":1996.1864,"J-hta-n":1680.9379},"authorDisplayNameMap":{"ruiyangzh":"CS2103T-F11-3 ZHAO..YANG","andytoh1":"CS2103T-F11-3 TOH ..ANDY","peasantbird":"CS2103T-F11-3 WONG..RAND","iantsaii":"CS2103T-F11-3 TSAI..URRE","J-hta-n":"CS2103T-F11-3 TAN .. HAO"}}
