{"authorDailyContributionsMap":{"Jonyxzx":[{"date":"2023-09-28","commitResults":[{"hash":"29e7f59314d4f6ebd6a2de21542507546c504a1c","isMergeCommit":false,"messageTitle":"Update documents","messageBody":"Update AboutUs and UserGuide. Add personal project page onto the tp\n","fileTypesAndContributionMap":{"docs":{"insertions":50,"deletions":5}}},{"hash":"5551e3374e4ed53dec289d9945f489091f13d94a","isMergeCommit":true,"messageTitle":"Merge branch \u0027AY2324S1-CS2103T-T11-2:master\u0027 into update-docs","messageBody":"","fileTypesAndContributionMap":{}}]},{"date":"2023-10-04","commitResults":[{"hash":"1df8987c06a4f17022959b0e5d6a4cfa64aa6c33","isMergeCommit":true,"messageTitle":"Merge pull request #32 from Chen1x/master","messageBody":"V1.1 Update PPP, Update AboutUs, Reformat UG","fileTypesAndContributionMap":{}}]},{"date":"2023-10-05","commitResults":[{"hash":"d6b4c8c7bd515d2684b4e5b08714cbd5a8f554d6","isMergeCommit":false,"messageTitle":"Update the Developer Guide (User Stories) to match the new project","messageBody":"","fileTypesAndContributionMap":{"docs":{"insertions":26,"deletions":8}}},{"hash":"86ba0ecef04019a67b60a9979df294346f8ca248","isMergeCommit":true,"messageTitle":"Merge pull request #34 from Jonyxzx/update-dg-userstories","messageBody":"Update the Developer Guide (User Stories) to match the new project","fileTypesAndContributionMap":{}}]},{"date":"2023-10-14","commitResults":[{"hash":"f46e478435948fdd038adda726b7207834971130","isMergeCommit":true,"messageTitle":"Merge pull request #50 from JasonLCY-Temp/v1.2-Interview-update","messageBody":"V1.2 interview update: Add \u0027AddInterview\u0027 command functionality","fileTypesAndContributionMap":{}},{"hash":"4a8348dc9903cd148e1500b8b86478403451bee2","isMergeCommit":false,"messageTitle":"Add the find-interview function to search the interview list by job role","messageBody":"","fileTypesAndContributionMap":{"functional-code":{"insertions":156,"deletions":3},"test-code":{"insertions":119,"deletions":0}}}]},{"date":"2023-10-17","commitResults":[{"hash":"51de050c48678eef25fb3f624ac1f2b08f100384","isMergeCommit":true,"messageTitle":"Merge pull request #53 from kiwibang/Add-time-API","messageBody":"Add time api","fileTypesAndContributionMap":{}}]},{"date":"2023-10-18","commitResults":[{"hash":"9df46a2c815786260d6ff24c680c19938f0f59e7","isMergeCommit":false,"messageTitle":"Correct the User Guide to match with the project direction","messageBody":"","fileTypesAndContributionMap":{"docs":{"insertions":163,"deletions":148}}},{"hash":"187a73fbfa4919b8cc6da4136fbf3fd54632e486","isMergeCommit":true,"messageTitle":"Merge branch \u0027AY2324S1-CS2103T-T11-2:master\u0027 into master","messageBody":"","fileTypesAndContributionMap":{}}]},{"date":"2023-10-19","commitResults":[{"hash":"1fa9672424058e23cddc4fe8b13eb99e5a644ae5","isMergeCommit":false,"messageTitle":"Fix UG bug","messageBody":"","fileTypesAndContributionMap":{"docs":{"insertions":8,"deletions":8}}}]},{"date":"2023-10-22","commitResults":[{"hash":"bb531b44000d6efd74b17b603ace99e56325853f","isMergeCommit":true,"messageTitle":"Merge pull request #63 from jingjie88/applicant","messageBody":"Fix bug in sample data","fileTypesAndContributionMap":{}}]}],"JasonLCY-Temp":[{"date":"2023-09-27","commitResults":[{"hash":"07d70dbd32c6b18fff1ea78c27b8cde62ae6f229","isMergeCommit":true,"messageTitle":"Merge branch \u0027master\u0027 of https://github.com/AY2324S1-CS2103T-T11-2/tp","messageBody":"* \u0027master\u0027 of https://github.com/AY2324S1-CS2103T-T11-2/tp:\n  Update-UG-for-time-features Added the time feature to the UG as part of v1.2\n  Update AboutUs.md and added skeletal PPP for Tan Kerway\n","fileTypesAndContributionMap":{}},{"hash":"e3d37c6c62fe8f4f47084ae3fb07381ec34277a1","isMergeCommit":true,"messageTitle":"Merge branch \u0027master\u0027 of https://github.com/JasonLCY-Temp/tp","messageBody":"* \u0027master\u0027 of https://github.com/JasonLCY-Temp/tp:\n  Update-UG-for-time-features Added the time feature to the UG as part of v1.2\n  Update AboutUs.md and added skeletal PPP for Tan Kerway\n","fileTypesAndContributionMap":{}}]},{"date":"2023-09-28","commitResults":[{"hash":"ecb11f32ce4a1a452551203b72d272aeb0da2450","isMergeCommit":false,"messageTitle":"Update README.md","messageBody":"Fix codecov badge and added github actions build status badge.\n","fileTypesAndContributionMap":{"docs":{"insertions":2,"deletions":1}}},{"hash":"8438ff6158b8a35ec1997c93b3659f0a2de89bca","isMergeCommit":false,"messageTitle":"Update AboutUs.md","messageBody":"* Added my own picture\n* Changed the placeholder links to correctly link to my pages.\n* Added my roles in the project\n* Changed Team name and means of contacting us\n","fileTypesAndContributionMap":{"docs":{"insertions":7,"deletions":8}}},{"hash":"c7c70c3c3c9885877ab381b551b191965e2c009b","isMergeCommit":false,"messageTitle":"Update README.md and index.md","messageBody":"Removed AB3 placeholders and half-adapted the pages to our own purposes.\nNew placeholders still exist to be filled in.\nAlso updated the description of my team roles.\n","fileTypesAndContributionMap":{"docs":{"insertions":12,"deletions":17}}},{"hash":"1c58ced0f951085ac5475f90ff165431b57cae07","isMergeCommit":true,"messageTitle":"Merge branch \u0027v1.1-ReadMe-AboutUs-update\u0027","messageBody":"","fileTypesAndContributionMap":{}},{"hash":"c39735e254c54da02bb450ae75e8494832579b9f","isMergeCommit":false,"messageTitle":"Add Personal Portfolio Page to project","messageBody":"","fileTypesAndContributionMap":{"docs":{"insertions":37,"deletions":0}}},{"hash":"00809c897a7f50ce69e2ac4748ac1c6dec54871e","isMergeCommit":false,"messageTitle":"Fix checkstyle errors","messageBody":"","fileTypesAndContributionMap":{"docs":{"insertions":6,"deletions":6}}},{"hash":"a4d0c80c88005491d70c98c734c156c114091317","isMergeCommit":false,"messageTitle":"Fix checkstyle errors","messageBody":"","fileTypesAndContributionMap":{"docs":{"insertions":3,"deletions":3}}},{"hash":"f5cb294788c4adeb54d73a57a609757edad9890f","isMergeCommit":false,"messageTitle":"Fix checkstyle errors again","messageBody":"","fileTypesAndContributionMap":{"docs":{"insertions":3,"deletions":3}}},{"hash":"d03af90ea40c67a203ca15c27c0e25aa963b9440","isMergeCommit":true,"messageTitle":"Merge branch \u0027v1.1-ReadMe-AboutUs-update\u0027","messageBody":"","fileTypesAndContributionMap":{}},{"hash":"5f9ee60a57865e04d7531771c4b32934f3c9130b","isMergeCommit":true,"messageTitle":"Merge branch \u0027v1.1-PPP-update\u0027","messageBody":"","fileTypesAndContributionMap":{}},{"hash":"944ba59f358944995fec03ed1354bef026554870","isMergeCommit":true,"messageTitle":"Merge pull request #18 from JasonLCY-Temp/v1.1-PPP-update","messageBody":"v1.1 Update Personal Portfolio Page (Jason)","fileTypesAndContributionMap":{}},{"hash":"3c44ebe3bae76499a25379b2a260a051168174b4","isMergeCommit":true,"messageTitle":"Merge pull request #20 from Jonyxzx/update-docs","messageBody":"Update docs","fileTypesAndContributionMap":{}},{"hash":"cd10a297b1853dd801b63965ed16f817b0d2dd23","isMergeCommit":true,"messageTitle":"Merge pull request #19 from kiwibang/fix-kiwibang-PPP","messageBody":"Edited the PPP","fileTypesAndContributionMap":{}},{"hash":"31616a4d4d5941abc1471c32e056af07d1799f21","isMergeCommit":true,"messageTitle":"Merge remote-tracking branch \u0027origin/master\u0027","messageBody":"","fileTypesAndContributionMap":{}}]},{"date":"2023-10-03","commitResults":[{"hash":"b6ef65e125a2990d0a921cac40c6400a7cf43cc3","isMergeCommit":true,"messageTitle":"Merge pull request #27 from kiwibang/update-readme-contents","messageBody":"Update readme contents","fileTypesAndContributionMap":{}}]},{"date":"2023-10-04","commitResults":[{"hash":"f023ca3ed0f0a771744d1c70a460fbda33436e30","isMergeCommit":true,"messageTitle":"Merge branch \u0027master\u0027 of https://github.com/AY2324S1-CS2103T-T11-2/tp","messageBody":"* \u0027master\u0027 of https://github.com/AY2324S1-CS2103T-T11-2/tp:\n  Updated team product link of the readme\n  Removed accidental change from kiwibang.md - Now PR fixes exactly what was outlined in its description\n  Updated readme.md to suit the team\u0027s project - Follows the same format as the one given in the original god repo\n  Update docs\n  Update UG, PPP, About us\n  Revert \"Revert \"Fixed formatting issues\"\"\n  Revert \"Fixed formatting issues\"\n  Fixed formatting issues\n","fileTypesAndContributionMap":{}},{"hash":"bce754897b1c2fa59526d40230252e5c962e3f07","isMergeCommit":true,"messageTitle":"Merge pull request #28 from kiwibang/add-NFR-to-DG","messageBody":"Add nfr to dg","fileTypesAndContributionMap":{}},{"hash":"6c31710c77939edda30b0dc6dc2a676509bad865","isMergeCommit":true,"messageTitle":"Merge branch \u0027master\u0027 of https://github.com/AY2324S1-CS2103T-T11-2/tp","messageBody":"* \u0027master\u0027 of https://github.com/AY2324S1-CS2103T-T11-2/tp:\n  Updated the DG - Fixed the issue under the guidance of Jing Jie\u0027s PR review\n  Reverted accidental change to kiwibang.md - Now PR fixes only what is described\n  Added NFRs for the team\u0027s DG\n","fileTypesAndContributionMap":{}},{"hash":"304d5c33c1327a21c460d92449408b64db2146b4","isMergeCommit":false,"messageTitle":"Update index.md to match README","messageBody":"","fileTypesAndContributionMap":{"docs":{"insertions":4,"deletions":1}}},{"hash":"d9347abc94b1cd775bef2a6502914ef84c2c2fd8","isMergeCommit":false,"messageTitle":"Fix formatting in my section of AboutUs","messageBody":"","fileTypesAndContributionMap":{"docs":{"insertions":2,"deletions":1}}},{"hash":"7f0d96bbc84b25d611d304d041edc8df2cc04d9d","isMergeCommit":false,"messageTitle":"Add Use Cases to the Developer Guide","messageBody":"Specifically,\n* CRD for Interview, Interviewee and Job Role objects\n* Read/Display all Interviewees for a specific Job Role\n","fileTypesAndContributionMap":{"docs":{"insertions":144,"deletions":10}}},{"hash":"a0bc23195cf513ebe6b5770fb5f5b06c97eed93a","isMergeCommit":false,"messageTitle":"Fix inconsistencies in the DG\u0027s Use Cases","messageBody":"","fileTypesAndContributionMap":{"docs":{"insertions":3,"deletions":3}}}]},{"date":"2023-10-05","commitResults":[{"hash":"aa426bf1fad2c3ad64701146544d07945e83c8fa","isMergeCommit":true,"messageTitle":"Merge branch \u0027master\u0027 of https://github.com/AY2324S1-CS2103T-T11-2/tp","messageBody":"* \u0027master\u0027 of https://github.com/AY2324S1-CS2103T-T11-2/tp:\n  Update the Developer Guide (User Stories) to match the new project\n  Fix inconsistencies in the DG\u0027s Use Cases\n  More EOF fix\n  Fix EOF newline\n  Update UG to match our project\n  Add Use Cases to the Developer Guide\n  Add Xin-An\u0027s PPP and About us\n  Fix formatting in my section of AboutUs\n  Update index.md to match README\n  Update Jekyll site-wide settings\n","fileTypesAndContributionMap":{}},{"hash":"5b460f277179eda4b160aa726fad964dd25a60ba","isMergeCommit":true,"messageTitle":"Merge pull request #35 from Chen1x/ui-mock-up","messageBody":"V1.1 Add UI mock up","fileTypesAndContributionMap":{}},{"hash":"dc946effd9a8ddf04a633ed006da77669aca7fed","isMergeCommit":true,"messageTitle":"Merge pull request #37 from kiwibang/Remove-JohnDoe","messageBody":"Remove john doe","fileTypesAndContributionMap":{}},{"hash":"17916a8e8bf72dd7796d8f9dc64907ba1c2126dc","isMergeCommit":true,"messageTitle":"Merge pull request #36 from jingjie88/update-dg","messageBody":"Update glossary in DevloperGuide.md","fileTypesAndContributionMap":{}},{"hash":"7d121e48b308352b09e8d122212e3ae00aa784c1","isMergeCommit":true,"messageTitle":"Merge branch \u0027master\u0027 of https://github.com/AY2324S1-CS2103T-T11-2/tp","messageBody":"* \u0027master\u0027 of https://github.com/AY2324S1-CS2103T-T11-2/tp:\n  Removed the John Doe - John Doe is no more\n  Update glossary in DevloperGuide.md\n  Add Ui mock up to README\n","fileTypesAndContributionMap":{}},{"hash":"5e5b058e8ca9623c55ecdce461ecb87a7315dca9","isMergeCommit":false,"messageTitle":"Remove AB3 References from UG","messageBody":"","fileTypesAndContributionMap":{"docs":{"insertions":1,"deletions":22}}},{"hash":"5430ed0839acc5e5e4f44f73930123e7df5ac36a","isMergeCommit":false,"messageTitle":"Remove more AB3 References from UG","messageBody":"","fileTypesAndContributionMap":{"docs":{"insertions":4,"deletions":4}}}]},{"date":"2023-10-12","commitResults":[{"hash":"9137ee52c9fc205db416d09aaf1e6c4ff2ccc39f","isMergeCommit":false,"messageTitle":"Update Help command to direct users to InterviewHub\u0027s User guide","messageBody":"","fileTypesAndContributionMap":{"functional-code":{"insertions":1,"deletions":1}}},{"hash":"fd959cb50f4e11cb08132bd5cda380955d1cf1c3","isMergeCommit":false,"messageTitle":"Add \u0027AddInterview\u0027 command functionality","messageBody":"* Add Interview Object\n* Add related logic modules required for the new Command to work\n(Parsers, Prefix syntaxes, Updating AddressBook models)\n\nFor full functionality, these still have to be added:\n* Properly read/write to/from the data file\n* Unit tests to ensure functionality.\n* Update User \u0026 Developer guide to reflect the new version of the app\n","fileTypesAndContributionMap":{"functional-code":{"insertions":460,"deletions":0},"test-code":{"insertions":23,"deletions":0}}},{"hash":"0f039cee32eeb12ad43b246d3e68ff77fbc6e06f","isMergeCommit":false,"messageTitle":"Fix checkstyle errors","messageBody":"","fileTypesAndContributionMap":{"functional-code":{"insertions":12,"deletions":14},"docs":{"insertions":9,"deletions":9}}},{"hash":"4242e32ca905de810eec375028c4a1d88d6031df","isMergeCommit":false,"messageTitle":"Fix more checkstyle issues","messageBody":"","fileTypesAndContributionMap":{"functional-code":{"insertions":31,"deletions":29}}},{"hash":"0b8ba8302374257c99dc3c2d999abbdfdee5dd4d","isMergeCommit":false,"messageTitle":"Fix checkstyle issue again","messageBody":"","fileTypesAndContributionMap":{"functional-code":{"insertions":1,"deletions":1}}},{"hash":"d8d20446cc25b20b1e2d31ffb4ea339f9eb504bd","isMergeCommit":false,"messageTitle":"Fix test case issues","messageBody":"","fileTypesAndContributionMap":{"test-code":{"insertions":22,"deletions":0}}},{"hash":"04d53de7952071a1253cc842e0b1b0229d20bb97","isMergeCommit":false,"messageTitle":"Fix test case issues","messageBody":"","fileTypesAndContributionMap":{"test-code":{"insertions":3,"deletions":6}}}]},{"date":"2023-10-15","commitResults":[{"hash":"ea0f482aecf1dab9ac768d17a241057865598a3f","isMergeCommit":false,"messageTitle":"Fully implement \u0027add-interview\u0027 command","messageBody":"Interview objects are now properly written to and read from the .json\ndata file\n\nFuture related additions:\n* Unit tests to ensure functionality.\n* Update User \u0026 Developer guide to reflect the new version of the app\n","fileTypesAndContributionMap":{"functional-code":{"insertions":103,"deletions":31}}},{"hash":"779050b8edf0551618f3e5c4bbe50d1a584c1473","isMergeCommit":false,"messageTitle":"Fix checkstyle errors","messageBody":"","fileTypesAndContributionMap":{"functional-code":{"insertions":4,"deletions":2}}},{"hash":"e3767d1393ca10135a089639edd62c71ed49991d","isMergeCommit":false,"messageTitle":"Fix checkstyle errors","messageBody":"","fileTypesAndContributionMap":{"functional-code":{"insertions":1,"deletions":1}}},{"hash":"e63f9e40b58cb60686640817e6bc3adf30993b9d","isMergeCommit":false,"messageTitle":"Fix checkstyle errors","messageBody":"","fileTypesAndContributionMap":{"functional-code":{"insertions":1,"deletions":1}}},{"hash":"f1890241e54a52d3a38e6428aac26d2638b97ebf","isMergeCommit":false,"messageTitle":"Update testcases to fit new json format","messageBody":"","fileTypesAndContributionMap":{"functional-code":{"insertions":2,"deletions":2}}},{"hash":"69be3a6f2cf6b81cb02fd118abf550da440fd342","isMergeCommit":false,"messageTitle":"Add unit tests for classes changed by Interview","messageBody":"","fileTypesAndContributionMap":{"functional-code":{"insertions":26,"deletions":4},"test-code":{"insertions":61,"deletions":1}}}]},{"date":"2023-10-16","commitResults":[{"hash":"c0565671f630a2b2632395c30fc8cf36f1f88cd7","isMergeCommit":false,"messageTitle":"Fix checkstyle errors in test cases","messageBody":"","fileTypesAndContributionMap":{"test-code":{"insertions":4,"deletions":5}}}]},{"date":"2023-10-17","commitResults":[{"hash":"0a8fbf67a6f5b2b72445303558c4f5ec8bf4d17e","isMergeCommit":false,"messageTitle":"Add unit tests for some classes added or edited with Interview","messageBody":"* Interview\n* AddressBook\n* AddInterviewCommand\n","fileTypesAndContributionMap":{"functional-code":{"insertions":4,"deletions":4},"test-code":{"insertions":139,"deletions":2}}},{"hash":"d2122be8a2c5685ad1bbcbf5d32c355151729ca6","isMergeCommit":false,"messageTitle":"Fix checkstyle issues in unit tests","messageBody":"","fileTypesAndContributionMap":{"test-code":{"insertions":3,"deletions":3}}},{"hash":"7bc7f2792a742d18d9ecd5318bde262dd83ea10e","isMergeCommit":false,"messageTitle":"Fix checkstyle issues in unit tests","messageBody":"","fileTypesAndContributionMap":{"test-code":{"insertions":1,"deletions":1}}},{"hash":"b1f9ac6da3303cfdb3eefabcee86d6d636464575","isMergeCommit":true,"messageTitle":"Merge pull request #51 from Jonyxzx/add-findinterview","messageBody":"Add the find-interview function to search the interview list by job role","fileTypesAndContributionMap":{}},{"hash":"687c609dcd48a7290fda98ec3c13fb8c7403162a","isMergeCommit":true,"messageTitle":"Merge branch \u0027master\u0027 into v1.2-Interview-update","messageBody":"","fileTypesAndContributionMap":{}},{"hash":"d11ee5be5a42abac00ae63c8cf5e90130cf88863","isMergeCommit":false,"messageTitle":"Rename IsValidInterview method","messageBody":"Renamed to IsNotValidOrNewInterview, to make the method name logical and\nrepresentative of what it actually checks.\n","fileTypesAndContributionMap":{"functional-code":{"insertions":8,"deletions":8},"test-code":{"insertions":6,"deletions":6}}},{"hash":"f5088b5337d2f5c5da34f56571b0d58d24051cb3","isMergeCommit":true,"messageTitle":"Merge pull request #52 from JasonLCY-Temp/v1.2-Interview-update","messageBody":"Fully implement \u0027add-interview\u0027 command","fileTypesAndContributionMap":{}}]},{"date":"2023-10-18","commitResults":[{"hash":"50a916f8fc07275a7ac1f480a3a029749e007b07","isMergeCommit":true,"messageTitle":"Merge pull request #54 from kiwibang/Add-time-API","messageBody":"Increase Time Parser testing coverage","fileTypesAndContributionMap":{}}]}],"jingjie88":[{"date":"2023-09-26","commitResults":[{"hash":"f9a6463b2cd68eba167983d9257b54e815be4a7f","isMergeCommit":true,"messageTitle":"Merge pull request #8 from kiwibang/add-readme-me-for-kerway","messageBody":"Update AboutUs.md and added skeletal PPP for Tan Kerway","fileTypesAndContributionMap":{}},{"hash":"2e6595e02a01959d452a60998bb4c41145d5de0d","isMergeCommit":true,"messageTitle":"Merge pull request #9 from kiwibang/update-ug","messageBody":"Update-UG-for-time-features","fileTypesAndContributionMap":{}}]},{"date":"2023-09-28","commitResults":[{"hash":"f4333e2cd38da3ddc884d4ef7b8d7cf6648996b0","isMergeCommit":true,"messageTitle":"Merge pull request #17 from JasonLCY-Temp/v1.1-ReadMe-AboutUs-update","messageBody":"V1.1 Update AboutUs, README and index","fileTypesAndContributionMap":{}}]},{"date":"2023-10-01","commitResults":[{"hash":"d3134efd46832981c80366d5c7a2bec313bbf8ce","isMergeCommit":false,"messageTitle":"Update UG, PPP, About us","messageBody":"","fileTypesAndContributionMap":{"docs":{"insertions":53,"deletions":19}}}]},{"date":"2023-10-02","commitResults":[{"hash":"e928f231cb4b6c36598f33a3cd84d41c7f43e184","isMergeCommit":false,"messageTitle":"Update docs","messageBody":"","fileTypesAndContributionMap":{"docs":{"insertions":8,"deletions":8}}}]},{"date":"2023-10-04","commitResults":[{"hash":"c4bff425afb117c9d81a0d821cfaca0649d43550","isMergeCommit":true,"messageTitle":"Merge pull request #29 from JasonLCY-Temp/v1.1-Sitewide-Settings-update","messageBody":"V1.1 sitewide settings update","fileTypesAndContributionMap":{}}]},{"date":"2023-10-05","commitResults":[{"hash":"01915645c1d0c8c2eede459a996fe78d47974847","isMergeCommit":false,"messageTitle":"Update glossary in DevloperGuide.md","messageBody":"","fileTypesAndContributionMap":{"docs":{"insertions":21,"deletions":14}}}]},{"date":"2023-10-06","commitResults":[{"hash":"da0ee06f26a799ea1d10a86d36a861428745b39c","isMergeCommit":true,"messageTitle":"Merge pull request #39 from Chen1x/DG","messageBody":"Add Value Proposition and User Profile to DG","fileTypesAndContributionMap":{}},{"hash":"a522f95ff9c82d79f829deabd111a637e34c483d","isMergeCommit":true,"messageTitle":"Merge pull request #38 from JasonLCY-Temp/Remove-AB3-Traces","messageBody":"Remove ab3 traces from UG","fileTypesAndContributionMap":{}}]},{"date":"2023-10-17","commitResults":[{"hash":"eea201d0c10024c56bb3165c38b4deb682e9915d","isMergeCommit":false,"messageTitle":"Refactor Person to Applicant class","messageBody":"","fileTypesAndContributionMap":{"functional-code":{"insertions":2,"deletions":0},"other":{"insertions":9,"deletions":9}}},{"hash":"9079b31514885f8d0c48a189520f3bcbe0c7ecdf","isMergeCommit":false,"messageTitle":"Refactor Person to Applicant class","messageBody":"","fileTypesAndContributionMap":{"functional-code":{"insertions":437,"deletions":273},"docs":{"insertions":47,"deletions":47},"test-code":{"insertions":338,"deletions":337}}},{"hash":"cd13fbe36acc72165c4c73e6a4fe8f4fd3a096f4","isMergeCommit":true,"messageTitle":"Refactor Person class to Applicant","messageBody":"","fileTypesAndContributionMap":{}},{"hash":"216ea03392b0c7b91553494ea2b611398bcccabc","isMergeCommit":false,"messageTitle":"Fix storage issues","messageBody":"","fileTypesAndContributionMap":{"functional-code":{"insertions":48,"deletions":16},"test-code":{"insertions":51,"deletions":29}}}]},{"date":"2023-10-18","commitResults":[{"hash":"7f2f6fe7b20b85992404e08d35ca01f5871df06c","isMergeCommit":false,"messageTitle":"Add a few test cases for MarkCommand","messageBody":"","fileTypesAndContributionMap":{"functional-code":{"insertions":15,"deletions":3},"test-code":{"insertions":108,"deletions":59}}},{"hash":"f8a4aac7f2ff35dd1afbfd7026e3994feddd839e","isMergeCommit":true,"messageTitle":"Merge branch \u0027master\u0027 of https://github.com/AY2324S1-CS2103T-T11-2/tp","messageBody":"","fileTypesAndContributionMap":{}},{"hash":"eea3dfed9a2c0ae3df22f47994aa14e4404f405e","isMergeCommit":false,"messageTitle":"Fix checkstyle","messageBody":"","fileTypesAndContributionMap":{"functional-code":{"insertions":28,"deletions":22}}},{"hash":"6b42bb81cc3ed85815ce3bdc375b01a4471af9be","isMergeCommit":false,"messageTitle":"Fix checkstyle again","messageBody":"","fileTypesAndContributionMap":{"test-code":{"insertions":31,"deletions":24}}},{"hash":"264047c100f5ba9b7c708b176caf4b2d6ad47616","isMergeCommit":true,"messageTitle":"Merge branch \u0027applicant\u0027","messageBody":"","fileTypesAndContributionMap":{}}]},{"date":"2023-10-19","commitResults":[{"hash":"93da0b0f760a88573bea7f940bd20f74c4d90b15","isMergeCommit":false,"messageTitle":"Fix bugs","messageBody":"","fileTypesAndContributionMap":{"functional-code":{"insertions":127,"deletions":60},"test-code":{"insertions":114,"deletions":64}}},{"hash":"7e310607cb1e05c0c3d3fc94436e19253d6a76dd","isMergeCommit":false,"messageTitle":"Fix style issues","messageBody":"","fileTypesAndContributionMap":{"functional-code":{"insertions":6,"deletions":3},"test-code":{"insertions":18,"deletions":11}}},{"hash":"9515171da13312fc25ca7aa4822d72cbb4ad30bf","isMergeCommit":true,"messageTitle":"Merge with ui changes","messageBody":"","fileTypesAndContributionMap":{}},{"hash":"d88a24c84f84071632bf20be9908c342ea325fb8","isMergeCommit":false,"messageTitle":"Make delete applicant also delete interview","messageBody":"","fileTypesAndContributionMap":{"functional-code":{"insertions":35,"deletions":25},"test-code":{"insertions":0,"deletions":6}}},{"hash":"178e6c8803a261ab6399cd6aba7d29cde143790a","isMergeCommit":true,"messageTitle":"Fix style issues","messageBody":"","fileTypesAndContributionMap":{}},{"hash":"a6ddc60a872faefcc1021211ffd4680b54074c8d","isMergeCommit":false,"messageTitle":"Fix checkstyle","messageBody":"","fileTypesAndContributionMap":{"functional-code":{"insertions":0,"deletions":5}}},{"hash":"d2778617e0b73f715545e07596d51e6bc10c75bb","isMergeCommit":false,"messageTitle":"Fix bugs","messageBody":"","fileTypesAndContributionMap":{"functional-code":{"insertions":15,"deletions":13},"test-code":{"insertions":1,"deletions":1}}},{"hash":"44ba866b32dacad2051e4fc013441208fc693b72","isMergeCommit":false,"messageTitle":"Change command words","messageBody":"","fileTypesAndContributionMap":{"functional-code":{"insertions":6,"deletions":6},"test-code":{"insertions":1,"deletions":1}}},{"hash":"29410faca7013be316da16104342c1c6a8cb5c3a","isMergeCommit":false,"messageTitle":"Fix error display message for invalid add interview commands","messageBody":"","fileTypesAndContributionMap":{"functional-code":{"insertions":9,"deletions":2}}},{"hash":"671bfd96b69d0e9d48235e46729da33f32441cee","isMergeCommit":false,"messageTitle":"Change command word for list","messageBody":"","fileTypesAndContributionMap":{"functional-code":{"insertions":1,"deletions":1}}},{"hash":"ee8675801fd2beeb619806371970cca8901bae6c","isMergeCommit":false,"messageTitle":"Replaced more instances of persons with applicants","messageBody":"","fileTypesAndContributionMap":{"functional-code":{"insertions":93,"deletions":82},"other":{"insertions":25,"deletions":25},"test-code":{"insertions":123,"deletions":121}}}]},{"date":"2023-10-21","commitResults":[{"hash":"5a691967068110019dd00c5b97def0b52126fb73","isMergeCommit":true,"messageTitle":"Merge branch \u0027master\u0027 into master","messageBody":"","fileTypesAndContributionMap":{}},{"hash":"2f40fe0c2b1718ecdbd90cf553bdbecb13a0cb91","isMergeCommit":true,"messageTitle":"Merge pull request #57 from Jonyxzx/master","messageBody":"Update the User Guide","fileTypesAndContributionMap":{}},{"hash":"e06332770b65de33e967dc9567600d958d51eec9","isMergeCommit":false,"messageTitle":"Fix bug in sample data","messageBody":"","fileTypesAndContributionMap":{"functional-code":{"insertions":1,"deletions":1}}}]}],"kiwibang":[{"date":"2023-09-26","commitResults":[{"hash":"3ffb78b430579f52b35b367457a33bad9468334c","isMergeCommit":false,"messageTitle":"Update AboutUs.md and added skeletal PPP for Tan Kerway","messageBody":"","fileTypesAndContributionMap":{"docs":{"insertions":33,"deletions":5}}},{"hash":"4daef4282c99aaf2f88a4d260f92eab92d1c2147","isMergeCommit":false,"messageTitle":"Update-UG-for-time-features Added the time feature to the UG as part of v1.2","messageBody":"","fileTypesAndContributionMap":{"docs":{"insertions":45,"deletions":1}}}]},{"date":"2023-09-28","commitResults":[{"hash":"d11b8942372475cbee434cbed5810547948aacb0","isMergeCommit":false,"messageTitle":"Edited the PPP - removed some template content(e.g. history)","messageBody":"","fileTypesAndContributionMap":{"docs":{"insertions":1,"deletions":6}}},{"hash":"c2414848de5b6b8884167a5b079d1de5103aa934","isMergeCommit":false,"messageTitle":"Fixed checkstyle issues","messageBody":"","fileTypesAndContributionMap":{"docs":{"insertions":3,"deletions":2}}},{"hash":"afef4b5e4222e2628d95a08a460c241de25f4d06","isMergeCommit":false,"messageTitle":"(Hopefully) Resolve merge conflict - Probably not","messageBody":"","fileTypesAndContributionMap":{"docs":{"insertions":2,"deletions":0}}},{"hash":"ae187d5881c1532287fc162e2195dbf9d97596c3","isMergeCommit":true,"messageTitle":"Merge branch \u0027fix-kiwibang-PPP\u0027","messageBody":"","fileTypesAndContributionMap":{}},{"hash":"f2e40483b74f8ad630972c28731b1e4029793032","isMergeCommit":false,"messageTitle":"Fix merge conflicts","messageBody":"","fileTypesAndContributionMap":{"docs":{"insertions":0,"deletions":2}}},{"hash":"8e5be0c25ab0e5ceb9b0a5a0f10d33952222d34d","isMergeCommit":false,"messageTitle":"fixed merge conflicts","messageBody":"","fileTypesAndContributionMap":{"docs":{"insertions":0,"deletions":1}}},{"hash":"9b4c5e110a46465dbc0ad19ca6fa88b868ed0f3e","isMergeCommit":true,"messageTitle":"Merge branch \u0027master\u0027 of https://github.com/AY2324S1-CS2103T-T11-2/tp","messageBody":"# Conflicts:\n#\tdocs/team/kiwibang.md\n","fileTypesAndContributionMap":{}},{"hash":"7951ac1ab6dc3006815d5ab773a6394a4b3485e0","isMergeCommit":true,"messageTitle":"Merge branch \u0027master\u0027 into fix-kiwibang-PPP","messageBody":"# Conflicts:\n#\tdocs/team/kiwibang.md\n","fileTypesAndContributionMap":{}}]},{"date":"2023-10-01","commitResults":[{"hash":"3e70dfef251ee647f30167c08a4b8648547e69ff","isMergeCommit":true,"messageTitle":"Merge branch \u0027fix-kiwibang-PPP\u0027","messageBody":"","fileTypesAndContributionMap":{}},{"hash":"615925234082b77e113bca749f5c54175d5bc8fa","isMergeCommit":false,"messageTitle":"Fixed formatting issues","messageBody":"","fileTypesAndContributionMap":{"docs":{"insertions":1,"deletions":1}}},{"hash":"105be6f8b1c8c5fc5861d9a78e6e72c0c304f3f0","isMergeCommit":false,"messageTitle":"Revert \"Fixed formatting issues\"","messageBody":"This reverts commit 615925234082b77e113bca749f5c54175d5bc8fa.\n","fileTypesAndContributionMap":{"docs":{"insertions":1,"deletions":1}}},{"hash":"5e11166222f78045cda3341a8b9f79bf13621a3f","isMergeCommit":false,"messageTitle":"Revert \"Revert \"Fixed formatting issues\"\"","messageBody":"This reverts commit 105be6f8b1c8c5fc5861d9a78e6e72c0c304f3f0.\n","fileTypesAndContributionMap":{"docs":{"insertions":1,"deletions":1}}}]},{"date":"2023-10-02","commitResults":[{"hash":"3ecf66753df4591735f3c76541da6307e39f00db","isMergeCommit":true,"messageTitle":"Merge pull request #22 from jingjie88/update-docs","messageBody":"Update UG, PPP, AboutUs","fileTypesAndContributionMap":{}},{"hash":"c083701d98a8ebefe013e49a2bd4157e9c71a3b4","isMergeCommit":true,"messageTitle":"Merge branch \u0027master\u0027 of https://github.com/AY2324S1-CS2103T-T11-2/tp","messageBody":"","fileTypesAndContributionMap":{}},{"hash":"10b72d98fe2f5e855eef75bea1b7a4b824f1fb22","isMergeCommit":false,"messageTitle":"Updated readme.md to suit the team\u0027s project - Follows the same format as the one given in the original god repo","messageBody":"","fileTypesAndContributionMap":{"docs":{"insertions":13,"deletions":1}}},{"hash":"837fb1dd90a71c830048ae958ac5b1885370f878","isMergeCommit":false,"messageTitle":"Removed accidental change from kiwibang.md - Now PR fixes exactly what was outlined in its description","messageBody":"","fileTypesAndContributionMap":{"docs":{"insertions":1,"deletions":1}}},{"hash":"62565b3340f569eeddea61baa3dd626c08de65b5","isMergeCommit":false,"messageTitle":"Added NFRs for the team\u0027s DG","messageBody":"","fileTypesAndContributionMap":{"docs":{"insertions":6,"deletions":2}}},{"hash":"44113b803bb9d662ad2b366786c6e76df6643b9a","isMergeCommit":false,"messageTitle":"Reverted accidental change to kiwibang.md - Now PR fixes only what is described","messageBody":"","fileTypesAndContributionMap":{"docs":{"insertions":1,"deletions":1}}}]},{"date":"2023-10-03","commitResults":[{"hash":"6fcc08e86a9317a036289796b04faec30c00aa66","isMergeCommit":false,"messageTitle":"Updated the DG - Fixed the issue under the guidance of Jing Jie\u0027s PR review","messageBody":"","fileTypesAndContributionMap":{"docs":{"insertions":4,"deletions":6}}},{"hash":"a9d7c20f9df291028ff9bd0ce5a77e437480f5af","isMergeCommit":false,"messageTitle":"Updated team product link of the readme","messageBody":"","fileTypesAndContributionMap":{"docs":{"insertions":1,"deletions":1}}}]},{"date":"2023-10-04","commitResults":[{"hash":"e6f782c2461795607a424fc0aec353aa5a744f9e","isMergeCommit":true,"messageTitle":"Merge pull request #31 from JasonLCY-Temp/v1.1-DG-UseCases-update","messageBody":"V1.1 dg use cases update","fileTypesAndContributionMap":{}}]},{"date":"2023-10-05","commitResults":[{"hash":"6b415bc2e6e7c755a4c3569144eede937f6aedb4","isMergeCommit":true,"messageTitle":"Merge branch \u0027master\u0027 of https://github.com/AY2324S1-CS2103T-T11-2/tp into update-readme-contents","messageBody":"","fileTypesAndContributionMap":{}},{"hash":"4ea33401c692be11f0f443e3a053a2467b621f94","isMergeCommit":false,"messageTitle":"Removed the John Doe - John Doe is no more","messageBody":"","fileTypesAndContributionMap":{"docs":{"insertions":0,"deletions":46}}}]},{"date":"2023-10-17","commitResults":[{"hash":"d52a90d7e6422aa9f0db125d9c63d43daa2dcf0d","isMergeCommit":true,"messageTitle":"Merge branch \u0027master\u0027 of https://github.com/AY2324S1-CS2103T-T11-2/tp","messageBody":"","fileTypesAndContributionMap":{}},{"hash":"4186fc8d765b380155e87bd81ef38243956c16bd","isMergeCommit":false,"messageTitle":"Add TimeParser API functionality","messageBody":"","fileTypesAndContributionMap":{"functional-code":{"insertions":207,"deletions":0}}},{"hash":"6317ba44434f54b2311f427472f163fb5de55dc7","isMergeCommit":false,"messageTitle":"Add test class for TimeParser class - Add trivial tests to ensure the test class is working","messageBody":"","fileTypesAndContributionMap":{"test-code":{"insertions":19,"deletions":0}}},{"hash":"39b6d618f47841b4cdeca8fcc85f92f9f816956d","isMergeCommit":false,"messageTitle":"Fix CheckStyle issues in the TimeParser test class","messageBody":"","fileTypesAndContributionMap":{"test-code":{"insertions":4,"deletions":3}}},{"hash":"4d44197316a436c1eb3c04b0b60378201c251640","isMergeCommit":false,"messageTitle":"Tweak TimeParser syntax - Removed unused error variable - Changed if else statements to switch case for the TimeParser::ParseDate method","messageBody":"","fileTypesAndContributionMap":{"functional-code":{"insertions":14,"deletions":13}}},{"hash":"e22ad2e50159ffa89204d01368785be934f6620d","isMergeCommit":false,"messageTitle":"Increase coverage - Fixed some of the paths that are not covered by tests as per codecov","messageBody":"","fileTypesAndContributionMap":{"functional-code":{"insertions":7,"deletions":7},"test-code":{"insertions":64,"deletions":4}}},{"hash":"e43f14a0f928e4b825e5859d350d589995ff99e4","isMergeCommit":false,"messageTitle":"Fix checkstyle issues","messageBody":"","fileTypesAndContributionMap":{"test-code":{"insertions":4,"deletions":4}}}]},{"date":"2023-10-19","commitResults":[{"hash":"affe53734c8839add8f2865eb4b93f761d8481c7","isMergeCommit":false,"messageTitle":"Fix formatting issue","messageBody":"","fileTypesAndContributionMap":{"functional-code":{"insertions":1,"deletions":1}}}]},{"date":"2023-10-20","commitResults":[{"hash":"05d7c9d6541c96d37dc6976663ae0101bc1364d6","isMergeCommit":true,"messageTitle":"Merge pull request #60 from kiwibang/Add-time-API","messageBody":"Fix formatting issue","fileTypesAndContributionMap":{}}]}],"Chen1x":[{"date":"2023-10-04","commitResults":[{"hash":"09dc13fe6cc312ed3a91a70b93b6313380ca9bf5","isMergeCommit":false,"messageTitle":"Add Xin-An\u0027s PPP and About us","messageBody":"","fileTypesAndContributionMap":{"docs":{"insertions":43,"deletions":0}}},{"hash":"0d383b36a995f2072081a345012fb58fd0c25a17","isMergeCommit":false,"messageTitle":"Update UG to match our project","messageBody":"Renamed \"Interviewee\" to \"Applicant\", so as to avoid confusion with\n\"Interview\"\n\nAdded Job object which is a separate list with its own CRUD commands\n\nJob object has a one-to-many relationship with Applicants\n","fileTypesAndContributionMap":{"docs":{"insertions":130,"deletions":57}}},{"hash":"4f53e85d76f4b037b63ff09892c8b14ace496f11","isMergeCommit":false,"messageTitle":"Fix EOF newline","messageBody":"","fileTypesAndContributionMap":{"docs":{"insertions":5,"deletions":4}}},{"hash":"39262b2afe7affc4909264e5860821367e8a8d61","isMergeCommit":false,"messageTitle":"More EOF fix","messageBody":"","fileTypesAndContributionMap":{"docs":{"insertions":0,"deletions":1}}},{"hash":"5f4f2f807d5aa7b1a7755e744b30e223f646b939","isMergeCommit":true,"messageTitle":"Merge branch \u0027master\u0027 of https://github.com/Chen1x/tp","messageBody":"","fileTypesAndContributionMap":{}}]},{"date":"2023-10-05","commitResults":[{"hash":"9d394a1bc2125fe98de671e8d767ee7e1d4a3724","isMergeCommit":true,"messageTitle":"Merge branch \u0027master\u0027 of https://github.com/Chen1x/tp","messageBody":"","fileTypesAndContributionMap":{}},{"hash":"418269970dc4df8622fa177bce7c00237fb68622","isMergeCommit":false,"messageTitle":"Add Target User Profile and Value Proposition to DG","messageBody":"","fileTypesAndContributionMap":{"docs":{"insertions":3,"deletions":2}}}]},{"date":"2023-10-18","commitResults":[{"hash":"d84b2c1e1880197c3ef38bc0566ae86d6761862c","isMergeCommit":false,"messageTitle":"Add interviewList to the MainWindow layout","messageBody":"Created a new VBox for interviewList and adjusted the layout to accommodate it alongside personList.\nUpdated FXML to include definitions and styling for interviewList.\nInitialized interviewList in MainWindow.java and linked it with placeholders.\n","fileTypesAndContributionMap":{"functional-code":{"insertions":23,"deletions":9}}},{"hash":"3b1d09391ea04a5df4820963ef78f9a9c27b0554","isMergeCommit":false,"messageTitle":"Make interviewList display list of interviews","messageBody":"Now interviewList responds correctly to add-interview command\n","fileTypesAndContributionMap":{"functional-code":{"insertions":151,"deletions":2}}},{"hash":"647049bc56dec1ea1738105b9c5d4ceed9bdade0","isMergeCommit":false,"messageTitle":"Fix line character limit","messageBody":"","fileTypesAndContributionMap":{"functional-code":{"insertions":3,"deletions":3}}},{"hash":"95d8a6bebb7ca7f2021c3975188adbe0b1ce170d","isMergeCommit":false,"messageTitle":"Add test for getFilteredInterviewList function","messageBody":"","fileTypesAndContributionMap":{"test-code":{"insertions":5,"deletions":0}}},{"hash":"aa4ede00dd74e7e9aa8596c6417ce72a88f3cfa4","isMergeCommit":true,"messageTitle":"Merge pull request #58 from Chen1x/ui-second-list","messageBody":"UI Applicant List and Interview List ","fileTypesAndContributionMap":{}}]},{"date":"2023-10-20","commitResults":[{"hash":"122f116b195d8cef1e14e2249694d0258f7e51b9","isMergeCommit":true,"messageTitle":"Merge pull request #56 from jingjie88/applicant","messageBody":"Implement Applicant class and \u0027mark\u0027 command","fileTypesAndContributionMap":{}}]}]},"authorFileTypeContributionMap":{"Jonyxzx":{"docs":211,"functional-code":151,"test-code":117},"JasonLCY-Temp":{"docs":181,"functional-code":505,"test-code":208,"other":1},"jingjie88":{"docs":104,"functional-code":687,"test-code":760},"kiwibang":{"docs":48,"functional-code":208,"test-code":80},"Chen1x":{"docs":88,"functional-code":163,"test-code":3}},"authorContributionVariance":{"Jonyxzx":5255.012,"JasonLCY-Temp":14829.384,"jingjie88":112534.23,"kiwibang":3977.7336,"Chen1x":2895.7244},"authorDisplayNameMap":{"Jonyxzx":"CS2103T-T11-2 JONY..JONY","JasonLCY-Temp":"CS2103T-T11-2 JASO.. YEN","jingjie88":"CS2103T-T11-2 TAN .. JIE","kiwibang":"CS2103T-T11-2 TAN ..RWAY","Chen1x":"CS2103T-T11-2 CHEN..N-AN"}}
