{"authorDailyContributionsMap":{"tiif":[{"date":"2023-10-06","commitResults":[{"hash":"82e94c6adaa064d467d8a1e95dd983ca05c22e05","isMergeCommit":false,"messageTitle":"updated AboutUs.md","messageBody":"","fileTypesAndContributionMap":{"docs":{"insertions":24,"deletions":29}}},{"hash":"47a92c414714e698e95fcddcb3e72a220bf3885d","isMergeCommit":false,"messageTitle":"updated default.md for sitewise setting","messageBody":"","fileTypesAndContributionMap":{"docs":{"insertions":1,"deletions":1}}},{"hash":"c1dc441478ca72425a6d7f020f6a747b30f07819","isMergeCommit":false,"messageTitle":"updated the front page of website","messageBody":"","fileTypesAndContributionMap":{"docs":{"insertions":4,"deletions":4}}},{"hash":"6593e90143209e52d37aed9838921772d323f98d","isMergeCommit":false,"messageTitle":"added ppp","messageBody":"","fileTypesAndContributionMap":{"docs":{"insertions":24,"deletions":0}}},{"hash":"6f031c4b69fb4d8f3867480f33f1b76fc0e45e98","isMergeCommit":true,"messageTitle":"Merge pull request #66 from yuxunn/yuxunn-ppp","messageBody":"Create PPP","fileTypesAndContributionMap":{}}]},{"date":"2023-10-14","commitResults":[{"hash":"e813144e2833ac82fdef19be32e741ad8147a61c","isMergeCommit":false,"messageTitle":"Add LeadTest","messageBody":"","fileTypesAndContributionMap":{"test-code":{"insertions":219,"deletions":0}}},{"hash":"9538bf108d5e95aa25ba76482cad766c16e0e1b1","isMergeCommit":false,"messageTitle":"Update ClientTest","messageBody":"","fileTypesAndContributionMap":{"test-code":{"insertions":185,"deletions":3}}},{"hash":"2772fdd610aa9b398ddabec139df3eb8d78e09d3","isMergeCommit":false,"messageTitle":"Add Lead related test in AddressBookTest","messageBody":"","fileTypesAndContributionMap":{"test-code":{"insertions":31,"deletions":1}}},{"hash":"d0d55bb4d2184919bd262d92d636fa892e3dd904","isMergeCommit":false,"messageTitle":"Fix checkstyle","messageBody":"","fileTypesAndContributionMap":{"test-code":{"insertions":73,"deletions":20}}},{"hash":"0dad32b63f2f569b9e9ddba2fe1eac789c53de87","isMergeCommit":false,"messageTitle":"Fix test failed problem","messageBody":"","fileTypesAndContributionMap":{"test-code":{"insertions":2,"deletions":2}}}]},{"date":"2023-10-17","commitResults":[{"hash":"083d789f3ef61fc046dcc95b9b995c3c9a076040","isMergeCommit":true,"messageTitle":"Merge pull request #77 from garylow2001/add-clients-and-leads","messageBody":"Add clients and leads","fileTypesAndContributionMap":{}},{"hash":"839782d76da3a334ca5176ae2d057bdaf7d6e7fc","isMergeCommit":true,"messageTitle":"Merge branch \u0027master\u0027 into branch-test-v1.2","messageBody":"","fileTypesAndContributionMap":{}}]},{"date":"2023-10-18","commitResults":[{"hash":"7bfa0d10917cac616f99c9c4f666dc79e5fd9a2d","isMergeCommit":true,"messageTitle":"resolve conflict in addressbooktest","messageBody":"","fileTypesAndContributionMap":{}},{"hash":"476c4b5a0bdc45de30834088ee636273a9c25df9","isMergeCommit":false,"messageTitle":"temporary fix for failed test","messageBody":"","fileTypesAndContributionMap":{"test-code":{"insertions":5,"deletions":5}}},{"hash":"0e038251efb23500fe2975bf2768090a610fefed","isMergeCommit":true,"messageTitle":"resolve conflict","messageBody":"","fileTypesAndContributionMap":{}},{"hash":"7f68d6d6ac031dfd3eb73ef170cb2c5babc20265","isMergeCommit":false,"messageTitle":"fix checkstyle","messageBody":"","fileTypesAndContributionMap":{"other":{"insertions":79,"deletions":0},"test-code":{"insertions":3,"deletions":5}}},{"hash":"96544e7f4f1b35c60314fd953478178422591590","isMergeCommit":false,"messageTitle":"fix checkstyle","messageBody":"","fileTypesAndContributionMap":{"other":{"insertions":0,"deletions":79}}},{"hash":"342935f9cae3b972a4477b352c2206517c5c45d4","isMergeCommit":false,"messageTitle":"change AddressBook.hasPerson and create test for ListClientCommand and ListLeadCommand","messageBody":"","fileTypesAndContributionMap":{"functional-code":{"insertions":1,"deletions":1},"test-code":{"insertions":82,"deletions":33}}},{"hash":"a0821fc21419f5e32209dce02aaf9b8da3cb0f07","isMergeCommit":false,"messageTitle":"add test for deletelead and deletecommand","messageBody":"","fileTypesAndContributionMap":{"test-code":{"insertions":30,"deletions":1}}},{"hash":"c22a5ee4f6112b7caedc524aefbbf3f3ee5c3454","isMergeCommit":false,"messageTitle":"add uniqueClientList test and uniqueLeadList test","messageBody":"","fileTypesAndContributionMap":{"test-code":{"insertions":349,"deletions":0}}}]},{"date":"2023-10-19","commitResults":[{"hash":"106b5a48b378ee6f60bfb8326e75a6dc672928a9","isMergeCommit":false,"messageTitle":"Revert \"Merge pull request #76 from yuxunn/delete_commands\"","messageBody":"This reverts commit ef8ba7ce62a44e015a6b477f5f30ee042f989bb7, reversing\nchanges made to 083d789f3ef61fc046dcc95b9b995c3c9a076040.\n","fileTypesAndContributionMap":{"functional-code":{"insertions":3,"deletions":112},"other":{"insertions":35,"deletions":38},"test-code":{"insertions":6,"deletions":135}}},{"hash":"9c7dac32c6775ba87b00a13d43bdad160934823b","isMergeCommit":false,"messageTitle":"Add comment to UniquePersonList","messageBody":"","fileTypesAndContributionMap":{"functional-code":{"insertions":9,"deletions":1}}},{"hash":"4941dafd46bc699624b5ef75468cc05a1f93829e","isMergeCommit":false,"messageTitle":"delete deleteClientCommandTest and deleteLeadCommandTest","messageBody":"","fileTypesAndContributionMap":{"functional-code":{"insertions":1,"deletions":1},"test-code":{"insertions":0,"deletions":237}}},{"hash":"9f78542d5e69943d469d01cf6e8a2fde04126e10","isMergeCommit":true,"messageTitle":"Merge pull request #79 from garylow2001/add-clients-and-leads","messageBody":"Refactor addclient and addlead, Add test cases","fileTypesAndContributionMap":{}}]},{"date":"2023-10-22","commitResults":[{"hash":"91a4d7ee304ea9316ef07bb9dfa64150a2bbaebf","isMergeCommit":false,"messageTitle":"fixing lead related instantiation","messageBody":"","fileTypesAndContributionMap":{"functional-code":{"insertions":238,"deletions":55},"test-code":{"insertions":3,"deletions":7}}}]},{"date":"2023-10-25","commitResults":[{"hash":"26cc9dbfdb3403b0645b451f1883f08aee95c5c6","isMergeCommit":false,"messageTitle":"Add KeyMilestone field to Lead class","messageBody":"","fileTypesAndContributionMap":{"functional-code":{"insertions":164,"deletions":19},"test-code":{"insertions":183,"deletions":105}}}]},{"date":"2023-10-26","commitResults":[{"hash":"fc260a0441a3e1dfa6ff5b705a2e9f7bad8b8d86","isMergeCommit":false,"messageTitle":"Add Key Milestone field in User Guide","messageBody":"","fileTypesAndContributionMap":{"docs":{"insertions":12,"deletions":0}}},{"hash":"dec98faeab1c68d8cb052f62f0ea3db3f67b3396","isMergeCommit":false,"messageTitle":"Add tests","messageBody":"","fileTypesAndContributionMap":{"functional-code":{"insertions":39,"deletions":15},"test-code":{"insertions":228,"deletions":8}}},{"hash":"781f0a9b94e39eba70ee47011f123dc181b82922","isMergeCommit":false,"messageTitle":"Update version number","messageBody":"","fileTypesAndContributionMap":{"functional-code":{"insertions":1,"deletions":1},"other":{"insertions":79,"deletions":0}}},{"hash":"039c22fe798d20119d7b8d0066e0f279f10b06b4","isMergeCommit":false,"messageTitle":"Remove .idea","messageBody":"","fileTypesAndContributionMap":{"other":{"insertions":0,"deletions":79}}},{"hash":"e25e83a496e5670049dffba3dad6758dc9c8d692","isMergeCommit":true,"messageTitle":"Merge pull request #97 from garylow2001/DG","messageBody":"Add AddClient/AddLead and AddMeetingTime to Developer Guide","fileTypesAndContributionMap":{}},{"hash":"107f4ef772b80b933fc01076c9cd60cf031018b4","isMergeCommit":true,"messageTitle":"Merge branch \u0027AY2324S1-CS2103T-F08-2:master\u0027 into master","messageBody":"","fileTypesAndContributionMap":{}},{"hash":"4efbc422f70e6f6be6f1ef66a619107a01dda627","isMergeCommit":false,"messageTitle":"Update manual testing for DeveloperGuide.md","messageBody":"","fileTypesAndContributionMap":{"docs":{"insertions":58,"deletions":4}}},{"hash":"1c527e64afec795790740ebde660a7b48cf2e19c","isMergeCommit":true,"messageTitle":"Fix merge conflict","messageBody":"","fileTypesAndContributionMap":{}}]},{"date":"2023-10-27","commitResults":[{"hash":"6c157f945bd9afe5858e4b03bce6ec6c4e63e7df","isMergeCommit":true,"messageTitle":"Merge pull request #102 from jx124/proposed-sort-meeting-ug","messageBody":"Add proposed sort meeting time feature to UG","fileTypesAndContributionMap":{}},{"hash":"1398e8353674ea80a7968433b1d3b7f55a608272","isMergeCommit":true,"messageTitle":"Merge pull request #99 from tiif/branch-update-dg","messageBody":"Branch update dg","fileTypesAndContributionMap":{}},{"hash":"b5e2fe5c5a47be573a76891f5f02cd6b32b678ee","isMergeCommit":true,"messageTitle":"Merge pull request #93 from garylow2001/meeting-times","messageBody":"Add Meeting Time to Client and Lead","fileTypesAndContributionMap":{}}]},{"date":"2023-10-28","commitResults":[{"hash":"d5a522d2525765d64c21c40c4ab25e26472426cb","isMergeCommit":false,"messageTitle":"Add testcases","messageBody":"","fileTypesAndContributionMap":{"functional-code":{"insertions":20,"deletions":130},"other":{"insertions":4,"deletions":0},"test-code":{"insertions":100,"deletions":72}}},{"hash":"568462b44f168032ae560274483994172c357017","isMergeCommit":false,"messageTitle":"Use LocalDateTime in KeyMilestone validation","messageBody":"","fileTypesAndContributionMap":{"functional-code":{"insertions":11,"deletions":5},"test-code":{"insertions":2,"deletions":1}}}]},{"date":"2023-10-29","commitResults":[{"hash":"2a60c30db1d08eee2c41ade6e2005a724da1550c","isMergeCommit":true,"messageTitle":"resolve conflict","messageBody":"","fileTypesAndContributionMap":{}},{"hash":"f187ce1b8490f3558bf1740711b8c26026673969","isMergeCommit":false,"messageTitle":"Update the UI","messageBody":"","fileTypesAndContributionMap":{"functional-code":{"insertions":16,"deletions":9}}}]},{"date":"2023-10-30","commitResults":[{"hash":"0b79201ba1d90f38389134e51930a59d28bf8c4b","isMergeCommit":false,"messageTitle":"Update UI","messageBody":"","fileTypesAndContributionMap":{"functional-code":{"insertions":25,"deletions":5},"test-code":{"insertions":0,"deletions":2}}},{"hash":"28a13d7f6fad41fe613464d896a227f1a1409fca","isMergeCommit":true,"messageTitle":"Merge pull request #104 from garylow2001/meeting-times","messageBody":"Refactor Meeting Times to be optional","fileTypesAndContributionMap":{}},{"hash":"dc0d4c366d1e4dc0219e81a1b0c3c2fb9faffd27","isMergeCommit":false,"messageTitle":"Fix bugs in EditCommandParser","messageBody":"","fileTypesAndContributionMap":{"functional-code":{"insertions":20,"deletions":13},"test-code":{"insertions":1,"deletions":1}}},{"hash":"a12b9c4c6e7e46e622ec7e00f73403f1c0994c74","isMergeCommit":false,"messageTitle":"Comment out failed test","messageBody":"","fileTypesAndContributionMap":{"test-code":{"insertions":1,"deletions":2}}},{"hash":"e395e2a913a00c12f0ce547c17acbfe54ededb99","isMergeCommit":true,"messageTitle":"Merge branch \u0027master\u0027 into branch-add-field","messageBody":"","fileTypesAndContributionMap":{}},{"hash":"5ca46e759180a1037b6cf123a3324214e89f818a","isMergeCommit":false,"messageTitle":"Fix test after merge","messageBody":"","fileTypesAndContributionMap":{"functional-code":{"insertions":21,"deletions":19},"test-code":{"insertions":83,"deletions":59}}},{"hash":"0baa95838217d5eb07620b35adbcd95a892d1aef","isMergeCommit":false,"messageTitle":"Fix all test","messageBody":"","fileTypesAndContributionMap":{"test-code":{"insertions":0,"deletions":8}}},{"hash":"4c7c5a16df386b92be58b971357f1e59f1ed04ab","isMergeCommit":false,"messageTitle":"Fix checkstyle","messageBody":"","fileTypesAndContributionMap":{"functional-code":{"insertions":108,"deletions":77},"test-code":{"insertions":157,"deletions":118}}},{"hash":"bb957a0e42801b93b235e526374bf23b41800293","isMergeCommit":false,"messageTitle":"Fix bugs","messageBody":"Fixed the bug where edit the field of leads will convert it to client.\n","fileTypesAndContributionMap":{"functional-code":{"insertions":13,"deletions":2},"test-code":{"insertions":2,"deletions":1}}}]},{"date":"2023-11-02","commitResults":[{"hash":"a50f9acf42ffa1ca9f7188d73c81a535e43641ce","isMergeCommit":false,"messageTitle":"Add test and fix bugs","messageBody":"","fileTypesAndContributionMap":{"functional-code":{"insertions":10,"deletions":4},"test-code":{"insertions":206,"deletions":14}}},{"hash":"d4a99155fc554e9530828049e45583d216df4003","isMergeCommit":true,"messageTitle":"Merge branch \u0027master\u0027 into branch-add-field","messageBody":"","fileTypesAndContributionMap":{}},{"hash":"faf0d789f94c45ac55d0b0b93b9bbbae63e1135e","isMergeCommit":false,"messageTitle":"Fix checkstyle","messageBody":"","fileTypesAndContributionMap":{"test-code":{"insertions":13,"deletions":19}}},{"hash":"c8bb4396f432cee7da76449f6f0ac2a34c436ee5","isMergeCommit":false,"messageTitle":"Add testcase","messageBody":"","fileTypesAndContributionMap":{"functional-code":{"insertions":2,"deletions":1},"test-code":{"insertions":11,"deletions":0}}},{"hash":"c1212a3b04c50e01e5748cbf0006d721daaf916f","isMergeCommit":false,"messageTitle":"Fixes checkstyle error","messageBody":"","fileTypesAndContributionMap":{"test-code":{"insertions":0,"deletions":1}}},{"hash":"f4622be9a3fa5a4b6b3d8b379c91f182de1c28e7","isMergeCommit":false,"messageTitle":"Fixes lead edit string bug","messageBody":"","fileTypesAndContributionMap":{"functional-code":{"insertions":2,"deletions":1}}},{"hash":"f04ce9e66296a9c43388a0cf23086c0ba01cb13a","isMergeCommit":true,"messageTitle":"Merge branch \u0027AY2324S1-CS2103T-F08-2:master\u0027 into branch-add-field","messageBody":"","fileTypesAndContributionMap":{}}]},{"date":"2023-11-03","commitResults":[{"hash":"cdff598b4feded76aaf99daeb6383f8d90797595","isMergeCommit":false,"messageTitle":"Update user guide for KeyMilestone","messageBody":"","fileTypesAndContributionMap":{"docs":{"insertions":16,"deletions":22}}},{"hash":"ed61eb39ead6eaf345c34ed85bee4eefa2e6fd02","isMergeCommit":true,"messageTitle":"Merge branch \u0027branch-review-122\u0027 into branch-update-ug","messageBody":"","fileTypesAndContributionMap":{}},{"hash":"df8580eefbc064c8911a089dd3e9620c10f936d2","isMergeCommit":false,"messageTitle":"Update user guide and edit command usage string","messageBody":"","fileTypesAndContributionMap":{"functional-code":{"insertions":2,"deletions":0},"docs":{"insertions":2,"deletions":2}}},{"hash":"1044bb39eeb79f268f9e679ba4dc491a9945212f","isMergeCommit":true,"messageTitle":"Merge pull request #122 from garylow2001/UG","messageBody":"Update User Guide for Edit, DeleteMeeting and AddClient","fileTypesAndContributionMap":{}},{"hash":"d181f03db1469f1d5dd8292a7ad60ac4f1d58904","isMergeCommit":true,"messageTitle":"Merge branch \u0027master\u0027 into branch-update-ug","messageBody":"","fileTypesAndContributionMap":{}}]},{"date":"2023-11-08","commitResults":[{"hash":"e79ea7447b7f74902a33ea967651a300b898204d","isMergeCommit":false,"messageTitle":"Update faq and command summary in UG","messageBody":"","fileTypesAndContributionMap":{"docs":{"insertions":50,"deletions":0}}},{"hash":"b41ca93209628d5ba1e2b019e6768af1be0e931c","isMergeCommit":false,"messageTitle":"Update UG","messageBody":"","fileTypesAndContributionMap":{"docs":{"insertions":25,"deletions":4}}},{"hash":"4f986e0dfe5483246f2fbe6eab926036e92fe986","isMergeCommit":false,"messageTitle":"Update UG","messageBody":"","fileTypesAndContributionMap":{"docs":{"insertions":1,"deletions":1}}},{"hash":"e55cfde10ba710752a967ed9b25b1cbeffaed563","isMergeCommit":true,"messageTitle":"Merge branch \u0027master\u0027 into branch-fix-bug","messageBody":"","fileTypesAndContributionMap":{}}]},{"date":"2023-11-09","commitResults":[{"hash":"93b8b42c5a99cfa9d135975c3ad652e94af0e8dd","isMergeCommit":true,"messageTitle":"Merge pull request #181 from garylow2001/UG","messageBody":"Fix documentation issues in UG - Gary","fileTypesAndContributionMap":{}},{"hash":"f59f5291d1e2006929ebecfb02984d96650824c5","isMergeCommit":false,"messageTitle":"Update PPP","messageBody":"","fileTypesAndContributionMap":{"docs":{"insertions":14,"deletions":9}}}]},{"date":"2023-11-10","commitResults":[{"hash":"6a6d7579258fddcd2b069217bba839628afb48fe","isMergeCommit":true,"messageTitle":"Merge pull request #196 from garylow2001/PPP-Gary","messageBody":"Update PPP - Gary","fileTypesAndContributionMap":{}},{"hash":"d12c6792ea806bbc7ae61ab0c63b6a303839b4c6","isMergeCommit":true,"messageTitle":"Merge pull request #198 from jx124/update-ppp","messageBody":"Update PPP","fileTypesAndContributionMap":{}}]},{"date":"2023-11-12","commitResults":[{"hash":"e5f54836c1fc186d80e2c4920223ba473b50cab3","isMergeCommit":false,"messageTitle":"Add portfolio in AboutUs","messageBody":"","fileTypesAndContributionMap":{"docs":{"insertions":6,"deletions":1}}},{"hash":"dd045fdbcb8eec24cc96d82b803dd983d4b9029e","isMergeCommit":true,"messageTitle":"Merge pull request #201 from garylow2001/UG","messageBody":"Fix inconsistencies and formatting issues in UG","fileTypesAndContributionMap":{}}]},{"date":"2023-11-13","commitResults":[{"hash":"6c510f90366cbc0568b571760419d4044c0c43d6","isMergeCommit":false,"messageTitle":"Added planned enhancement","messageBody":"","fileTypesAndContributionMap":{"docs":{"insertions":39,"deletions":0}}},{"hash":"dccfa5a4a1f7c7a67764545a50442df948615610","isMergeCommit":false,"messageTitle":"Remove extra lines","messageBody":"","fileTypesAndContributionMap":{"docs":{"insertions":1,"deletions":32}}},{"hash":"5b7c647703f567681766f9157d0cfdf7bfe5e271","isMergeCommit":false,"messageTitle":"Update future enhancement","messageBody":"","fileTypesAndContributionMap":{"docs":{"insertions":1,"deletions":2}}},{"hash":"be2db3eebf5ae43599ef0da91ea9981f92073092","isMergeCommit":true,"messageTitle":"Merge pull request #206 from garylow2001/DG","messageBody":"Update DG - User Stories, AddClient/AddLead, AddMeeting","fileTypesAndContributionMap":{}},{"hash":"4f0442b51db6a5367f20d4a7d58c2adef281e59f","isMergeCommit":true,"messageTitle":"Merge branch \u0027master\u0027 into branch-planned-enhancement","messageBody":"","fileTypesAndContributionMap":{}}]}],"jx124":[{"date":"2023-10-06","commitResults":[{"hash":"56643df0c6f9889d877416b6596fd3a0c7e995f5","isMergeCommit":true,"messageTitle":"Merge pull request #59 from LicongHuang/licong_ppp","messageBody":"Licong ppp","fileTypesAndContributionMap":{}},{"hash":"fdb1dfb6d15c146aa6f18efd9784ae5d1fda48c9","isMergeCommit":false,"messageTitle":"Add PPP","messageBody":"","fileTypesAndContributionMap":{"docs":{"insertions":23,"deletions":0}}}]},{"date":"2023-10-12","commitResults":[{"hash":"d8b5f331848e2892649cf8c99307c755f3f54499","isMergeCommit":false,"messageTitle":"Change Person class to abstract","messageBody":"","fileTypesAndContributionMap":{"functional-code":{"insertions":4,"deletions":1}}},{"hash":"aeafaf750c5285be9a38c54c0101cec4227684db","isMergeCommit":false,"messageTitle":"Add Client and Lead classes","messageBody":"","fileTypesAndContributionMap":{"functional-code":{"insertions":67,"deletions":0}}},{"hash":"1cbb643a6eb545e9e120c057285ec7eb4dc032f7","isMergeCommit":false,"messageTitle":"Fix broken methods involving Person instantiation","messageBody":"","fileTypesAndContributionMap":{"functional-code":{"insertions":33,"deletions":9}}},{"hash":"d6f44b1a6ea34f7b5e9578ff7fee1cd66dfff707","isMergeCommit":false,"messageTitle":"Update test methods to create Client instead of Person","messageBody":"","fileTypesAndContributionMap":{"test-code":{"insertions":73,"deletions":50}}},{"hash":"9abd0a95bcdc3d6dfbd48fb38ca7d505770ec657","isMergeCommit":false,"messageTitle":"Fix checkstyle violations","messageBody":"","fileTypesAndContributionMap":{"functional-code":{"insertions":55,"deletions":48},"test-code":{"insertions":3,"deletions":6}}},{"hash":"6e6f04bc1d1d7840763cb7771151c570181bf97e","isMergeCommit":false,"messageTitle":"Change some tests to cover Leads","messageBody":"","fileTypesAndContributionMap":{"test-code":{"insertions":45,"deletions":5}}}]},{"date":"2023-10-17","commitResults":[{"hash":"ef8ba7ce62a44e015a6b477f5f30ee042f989bb7","isMergeCommit":true,"messageTitle":"Merge pull request #76 from yuxunn/delete_commands","messageBody":"Delete commands","fileTypesAndContributionMap":{}}]},{"date":"2023-10-19","commitResults":[{"hash":"cfb7a83e9fc4a988466f6c3598ca472cc11b8538","isMergeCommit":false,"messageTitle":"Remove person type from tags","messageBody":"","fileTypesAndContributionMap":{"functional-code":{"insertions":14,"deletions":2}}},{"hash":"2c17166e077b772922a03f50175d3ca39a87e4ca","isMergeCommit":false,"messageTitle":"Add new UI label for person type","messageBody":"","fileTypesAndContributionMap":{"functional-code":{"insertions":18,"deletions":0}}},{"hash":"98dcdcf4d8caf140d7a71c8dd35ec206822f09b1","isMergeCommit":false,"messageTitle":"Refactor to use new Type model","messageBody":"","fileTypesAndContributionMap":{"functional-code":{"insertions":90,"deletions":28},"test-code":{"insertions":29,"deletions":9}}},{"hash":"bd33c37a3a1d3cbbb10a6dc77d89bccd04fbac93","isMergeCommit":true,"messageTitle":"Merge branch \u0027master\u0027 into extract-client-lead-tags","messageBody":"","fileTypesAndContributionMap":{}},{"hash":"869ec9f5eb574bd1e677ee00e217babe063f8c60","isMergeCommit":false,"messageTitle":"Update tests","messageBody":"","fileTypesAndContributionMap":{"test-code":{"insertions":29,"deletions":22}}},{"hash":"4191b73c7af60af3a1edbc9971494ef045dd704f","isMergeCommit":false,"messageTitle":"Add tests for Type","messageBody":"","fileTypesAndContributionMap":{"test-code":{"insertions":65,"deletions":0}}},{"hash":"1f69e56b22e38ff680fc34197726b70c44509bcc","isMergeCommit":false,"messageTitle":"Fix lint","messageBody":"","fileTypesAndContributionMap":{"functional-code":{"insertions":0,"deletions":5},"test-code":{"insertions":1,"deletions":1}}},{"hash":"9f54f30650e058cfaa3e81c1f547bc2e436e8748","isMergeCommit":true,"messageTitle":"Merge branch \u0027master\u0027 into extract-client-lead-tags","messageBody":"","fileTypesAndContributionMap":{}}]},{"date":"2023-10-25","commitResults":[{"hash":"0d96f8d96260264a56d136d45baa038d772a2ad0","isMergeCommit":true,"messageTitle":"Merge pull request #88 from yuxunn/ViewCommandDraft","messageBody":"View command","fileTypesAndContributionMap":{}}]},{"date":"2023-10-26","commitResults":[{"hash":"8970b852d1400468035dcab1e82aa3b396597490","isMergeCommit":false,"messageTitle":"Update Model component","messageBody":"","fileTypesAndContributionMap":{"docs":{"insertions":24,"deletions":9}}},{"hash":"edc0d443231a166c66c0bd57f47b3ceaa529934f","isMergeCommit":false,"messageTitle":"Add trailing whitespace","messageBody":"","fileTypesAndContributionMap":{"docs":{"insertions":1,"deletions":1}}},{"hash":"db573a29393cc173dd05c10176bd4c9cc1fb1a04","isMergeCommit":false,"messageTitle":"Enable assertions","messageBody":"","fileTypesAndContributionMap":{"other":{"insertions":4,"deletions":0}}}]},{"date":"2023-10-27","commitResults":[{"hash":"65a2841ca3ca33763a94d9349d7fd8362e9cee61","isMergeCommit":true,"messageTitle":"Merge pull request #100 from yuxunn/UG","messageBody":"Update UG and DG with View Command and UI Class Diagram","fileTypesAndContributionMap":{}},{"hash":"68a41901fa2942dcce91d5c15901e4c65d74d495","isMergeCommit":false,"messageTitle":"Add proposed sort meeting time feature to UG","messageBody":"","fileTypesAndContributionMap":{"docs":{"insertions":16,"deletions":0}}}]},{"date":"2023-10-31","commitResults":[{"hash":"60ea1bdb0ea0dac5f189bac5a12bc1006770815f","isMergeCommit":false,"messageTitle":"Add strict datetime resolver","messageBody":"","fileTypesAndContributionMap":{"functional-code":{"insertions":20,"deletions":5}}},{"hash":"a0b77aea913471e197a0ff1f6b9635d778893b0f","isMergeCommit":false,"messageTitle":"Update test cases","messageBody":"","fileTypesAndContributionMap":{"functional-code":{"insertions":3,"deletions":3},"test-code":{"insertions":66,"deletions":57}}},{"hash":"5d94bf5279490dc7cfc983fae649b4bd07018f34","isMergeCommit":false,"messageTitle":"Update CLI messages","messageBody":"","fileTypesAndContributionMap":{"functional-code":{"insertions":17,"deletions":16},"test-code":{"insertions":6,"deletions":6}}}]},{"date":"2023-11-01","commitResults":[{"hash":"7fb634be33a72fe8893b2340c1d366daec5405c4","isMergeCommit":false,"messageTitle":"Add sort meeting time command","messageBody":"","fileTypesAndContributionMap":{"functional-code":{"insertions":21,"deletions":0}}},{"hash":"55bed28cff138834311780b7bcd1bdda91d12e22","isMergeCommit":false,"messageTitle":"Implement sort meeting time feature","messageBody":"","fileTypesAndContributionMap":{"functional-code":{"insertions":57,"deletions":1}}},{"hash":"718f9eea4e84f5aff5777cf73f077e7a7fa92c7a","isMergeCommit":true,"messageTitle":"Merge branch \u0027master\u0027 into add-sort-meeting-time-feature","messageBody":"","fileTypesAndContributionMap":{}},{"hash":"ed934205fe406a0db912dd93b3e8f287816b6ab0","isMergeCommit":false,"messageTitle":"Update test cases","messageBody":"","fileTypesAndContributionMap":{"test-code":{"insertions":131,"deletions":4}}},{"hash":"6087f3abddef0ccdea2be5d3dc121dc05e8cca10","isMergeCommit":true,"messageTitle":"Resolve merge conflicts","messageBody":"","fileTypesAndContributionMap":{}},{"hash":"9ceab1e49ff9bfaae6b64add54dc0592e3377f67","isMergeCommit":true,"messageTitle":"Merge pull request #113 from yuxunn/UI","messageBody":"Change View Command and Main UI","fileTypesAndContributionMap":{}},{"hash":"81ab7485b5aa18b6f8a3a8f4a602bc09a91d8169","isMergeCommit":false,"messageTitle":"Fix bug caused by calling toString on wrong object","messageBody":"","fileTypesAndContributionMap":{"test-code":{"insertions":3,"deletions":1}}},{"hash":"fe8dd08da5e184f68c5364b91e9290fb0833a050","isMergeCommit":false,"messageTitle":"Remove unused import","messageBody":"","fileTypesAndContributionMap":{"test-code":{"insertions":0,"deletions":1}}}]},{"date":"2023-11-02","commitResults":[{"hash":"0021c916f23e7a1de27fb072ec3d5a99d20b1794","isMergeCommit":true,"messageTitle":"Merge branch \u0027master\u0027 into add-sort-meeting-time-feature","messageBody":"","fileTypesAndContributionMap":{}},{"hash":"1992a9b5ef5bd3318e8513f5104279a25b519374","isMergeCommit":false,"messageTitle":"Modify sample data to have varied meeting times","messageBody":"","fileTypesAndContributionMap":{"functional-code":{"insertions":6,"deletions":6}}},{"hash":"a06a569c2579b470ef460aeceffa0fadd8a539d9","isMergeCommit":false,"messageTitle":"Clarify meeting time constraint message","messageBody":"","fileTypesAndContributionMap":{"functional-code":{"insertions":2,"deletions":1}}},{"hash":"d4e7122dc39237f58ecc829496d9323b83b8d1d7","isMergeCommit":true,"messageTitle":"Merge branch \u0027master\u0027 into add-add-meeting-time-feature","messageBody":"","fileTypesAndContributionMap":{}},{"hash":"621e657ad9018d2f8a30eeb8b7bcaaa84bdd09b9","isMergeCommit":false,"messageTitle":"Add AddMeetingCommand skeleton code","messageBody":"","fileTypesAndContributionMap":{"functional-code":{"insertions":95,"deletions":0}}},{"hash":"585f5f00e6408754d8c887982423c373b4729031","isMergeCommit":false,"messageTitle":"Implement AddMeetingCommand features fully","messageBody":"","fileTypesAndContributionMap":{"functional-code":{"insertions":78,"deletions":2}}},{"hash":"ecab6ad71ba42b30342b4235e07069ca2cb8ef76","isMergeCommit":false,"messageTitle":"Add tests for AddMeetingCommand","messageBody":"","fileTypesAndContributionMap":{"functional-code":{"insertions":1,"deletions":1},"test-code":{"insertions":149,"deletions":0}}},{"hash":"08a358599ad64cf7a0007a88ca16471e0ba86ee2","isMergeCommit":false,"messageTitle":"Add test to AddressBookParser for AddMeetingCommand parsing","messageBody":"","fileTypesAndContributionMap":{"test-code":{"insertions":12,"deletions":0}}},{"hash":"951ad863f266471845331fefbaf378370be6538a","isMergeCommit":false,"messageTitle":"Add tests for AddMeetingCommandParser","messageBody":"","fileTypesAndContributionMap":{"functional-code":{"insertions":1,"deletions":1},"test-code":{"insertions":64,"deletions":1}}},{"hash":"9be89d075e10dd989bcf2f6daa4778bc4cdd9a6a","isMergeCommit":true,"messageTitle":"Merge branch \u0027master\u0027 into add-add-meeting-time-feature","messageBody":"","fileTypesAndContributionMap":{}}]},{"date":"2023-11-03","commitResults":[{"hash":"ba5276c6f36054c36ea3e1f89a51063098bc05ad","isMergeCommit":false,"messageTitle":"Update UG for AddMeetingCommand","messageBody":"","fileTypesAndContributionMap":{"docs":{"insertions":25,"deletions":7}}},{"hash":"51bb827563c49db44641fdcf0baff4bdd8488944","isMergeCommit":false,"messageTitle":"Update UG for SortMeetingCommand","messageBody":"","fileTypesAndContributionMap":{"docs":{"insertions":28,"deletions":4}}}]},{"date":"2023-11-07","commitResults":[{"hash":"266ed35fd56c20ee53438b7edb7a3575173d987a","isMergeCommit":true,"messageTitle":"Merge pull request #179 from yuxunn/UG-4","messageBody":"Update UserGuide","fileTypesAndContributionMap":{}}]},{"date":"2023-11-08","commitResults":[{"hash":"bc68b27015c0a7bf3e1f78cb6c003055d620bfb0","isMergeCommit":false,"messageTitle":"Hide missing optional fields in Messages","messageBody":"","fileTypesAndContributionMap":{"functional-code":{"insertions":19,"deletions":15}}},{"hash":"d6c7572b201da7f17abc71a7c257f316569f348c","isMergeCommit":false,"messageTitle":"Fix inconsistencies in UG","messageBody":"","fileTypesAndContributionMap":{"docs":{"insertions":2,"deletions":2}}},{"hash":"1fba56980537bbf278bc2379abee17a713e2ee2a","isMergeCommit":false,"messageTitle":"Update test cases","messageBody":"","fileTypesAndContributionMap":{"test-code":{"insertions":2,"deletions":3}}},{"hash":"766390562872add3f7822f208a7ae45668339525","isMergeCommit":false,"messageTitle":"Add null check for key milestone","messageBody":"","fileTypesAndContributionMap":{"functional-code":{"insertions":5,"deletions":1}}},{"hash":"b22f23487eaf5602dbae8dba6b0cc59048c0ea47","isMergeCommit":false,"messageTitle":"Add test for null key milestone","messageBody":"","fileTypesAndContributionMap":{"test-code":{"insertions":10,"deletions":4}}},{"hash":"ee3a84e6e9db1a22463a778984520908ff279539","isMergeCommit":false,"messageTitle":"Update user guide","messageBody":"","fileTypesAndContributionMap":{"docs":{"insertions":54,"deletions":30}}},{"hash":"628c955d3c5fc7c8571da6139ea305ee91770792","isMergeCommit":true,"messageTitle":"Merge branch \u0027master\u0027 into update-ug-v1.4","messageBody":"","fileTypesAndContributionMap":{}},{"hash":"e3d5e281835d081c422da74399b5b332455beb4d","isMergeCommit":false,"messageTitle":"Add missing line break","messageBody":"","fileTypesAndContributionMap":{"docs":{"insertions":1,"deletions":1}}},{"hash":"fd38ee508408a1942a427c917c23f4c2287b23a0","isMergeCommit":false,"messageTitle":"Fix typos","messageBody":"","fileTypesAndContributionMap":{"docs":{"insertions":2,"deletions":2}}}]},{"date":"2023-11-09","commitResults":[{"hash":"4dad86b1f1eb9c916547fc094f54eaa8aae53556","isMergeCommit":true,"messageTitle":"Merge pull request #195 from yuxunn/UG-6","messageBody":"Update UG","fileTypesAndContributionMap":{}},{"hash":"52a5a3734eb0ea21534c24cf96f021f7d8e66aa9","isMergeCommit":false,"messageTitle":"Update PPP","messageBody":"","fileTypesAndContributionMap":{"docs":{"insertions":34,"deletions":11}}},{"hash":"ed0f6530ab90a24f779f3a4270cd90e72cebeef1","isMergeCommit":true,"messageTitle":"Merge branch \u0027master\u0027 into update-ppp","messageBody":"","fileTypesAndContributionMap":{}},{"hash":"e8ce47faaecd4790d6314897da6b3234bbf84bb3","isMergeCommit":false,"messageTitle":"Fix formatting issues","messageBody":"","fileTypesAndContributionMap":{"docs":{"insertions":39,"deletions":40}}},{"hash":"4a17cb9901551daeb10b563e8def2ec7423ef1b0","isMergeCommit":true,"messageTitle":"Merge pull request #197 from yuxunn/PPP","messageBody":"Add PPP - Yu Xun","fileTypesAndContributionMap":{}}]},{"date":"2023-11-10","commitResults":[{"hash":"b545a39c44548d3e9dcea3cfc47652dcd5a9a7b8","isMergeCommit":true,"messageTitle":"Merge pull request #180 from yuxunn/BugFix","messageBody":"Add phone number constraints","fileTypesAndContributionMap":{}}]},{"date":"2023-11-12","commitResults":[{"hash":"490b6bd41639c3a5be20995a80d6c8de1b08e327","isMergeCommit":true,"messageTitle":"Merge pull request #200 from tiif/branch-include-ppp","messageBody":"Add portfolio in AboutUs","fileTypesAndContributionMap":{}}]},{"date":"2023-11-13","commitResults":[{"hash":"dc232143b6c6422348dfd7b9023f86e4099aa963","isMergeCommit":false,"messageTitle":"Revert change that hid empty optional fields","messageBody":"","fileTypesAndContributionMap":{"functional-code":{"insertions":12,"deletions":17}}},{"hash":"a23e73d5cccee8524116b5322340fab4acf1bff7","isMergeCommit":false,"messageTitle":"Revert tests to use previous expected output","messageBody":"","fileTypesAndContributionMap":{"test-code":{"insertions":2,"deletions":2}}}]}],"yuxunn":[{"date":"2023-10-03","commitResults":[{"hash":"c544fdd614e17f11e8422435ee004987f06cb899","isMergeCommit":false,"messageTitle":"Update README.md","messageBody":"","fileTypesAndContributionMap":{"docs":{"insertions":16,"deletions":12}}}]},{"date":"2023-10-05","commitResults":[{"hash":"cbc14674e83abc961e433018a2139e28a173c345","isMergeCommit":false,"messageTitle":"Update README.md","messageBody":"","fileTypesAndContributionMap":{"docs":{"insertions":1,"deletions":1}}}]},{"date":"2023-10-06","commitResults":[{"hash":"596c52e97a46feaa90dfb0b5b907b4ee37091efb","isMergeCommit":false,"messageTitle":"Create yuxunn.md","messageBody":"","fileTypesAndContributionMap":{"docs":{"insertions":23,"deletions":0}}},{"hash":"b37aa9593ee532416d644174cec5d6fbbccfadb9","isMergeCommit":false,"messageTitle":"Create yuxunn.md","messageBody":"","fileTypesAndContributionMap":{"docs":{"insertions":21,"deletions":0}}},{"hash":"c9824b2ff6ee5b003f82669d0311cfa814603fae","isMergeCommit":true,"messageTitle":"Merge branch \u0027master\u0027 into yuxunn-ppp","messageBody":"","fileTypesAndContributionMap":{}},{"hash":"f4719b2929c90ba2bcc639b123e6bef04e10270f","isMergeCommit":true,"messageTitle":"Merge pull request #65 from tiif/branch-PPP","messageBody":"added ppp","fileTypesAndContributionMap":{}}]},{"date":"2023-10-15","commitResults":[{"hash":"5aa612abc8ebd0b14250a6aeec0d22f7275efe0b","isMergeCommit":false,"messageTitle":"add delete_client delete_lead command","messageBody":"","fileTypesAndContributionMap":{"functional-code":{"insertions":112,"deletions":3},"other":{"insertions":38,"deletions":35},"test-code":{"insertions":164,"deletions":5}}},{"hash":"88183f2fe66b39ce34994324271c4cb7999ae39f","isMergeCommit":false,"messageTitle":"add delete commands","messageBody":"","fileTypesAndContributionMap":{"functional-code":{"insertions":1,"deletions":1}}},{"hash":"2c74f798e7b500774ded529ca562bcfa735b8c75","isMergeCommit":false,"messageTitle":"add delete commands","messageBody":"","fileTypesAndContributionMap":{"functional-code":{"insertions":1,"deletions":1}}},{"hash":"8839e08cdaca9a82b1bc0ebf3eb61d13b0af6103","isMergeCommit":false,"messageTitle":"add delete commands","messageBody":"","fileTypesAndContributionMap":{"test-code":{"insertions":2,"deletions":1}}},{"hash":"0ff68d7cf71911b2e1090afa1f6543e2693f79ab","isMergeCommit":false,"messageTitle":"add delete commands","messageBody":"","fileTypesAndContributionMap":{"test-code":{"insertions":16,"deletions":44}}},{"hash":"03604aa0e08659eb03cc5bf9189980c16c5d45f9","isMergeCommit":false,"messageTitle":"add delete commands","messageBody":"","fileTypesAndContributionMap":{"test-code":{"insertions":0,"deletions":3}}},{"hash":"419a5fe9f784706d5d23624ad6f224b88cfce303","isMergeCommit":true,"messageTitle":"Merge pull request #73 from LicongHuang/master","messageBody":"Add filtered view","fileTypesAndContributionMap":{}},{"hash":"dfa88bea28d68cb8b36acba30a7578c9aaeb433f","isMergeCommit":false,"messageTitle":"added tests","messageBody":"","fileTypesAndContributionMap":{"test-code":{"insertions":14,"deletions":14}}}]},{"date":"2023-10-19","commitResults":[{"hash":"311f3e556f4287dbe83c0e54d9e25bcef2edb5a5","isMergeCommit":true,"messageTitle":"Merge pull request #80 from tiif/master","messageBody":"Revert \"Merge pull request #76 from yuxunn/delete_commands\"","fileTypesAndContributionMap":{}},{"hash":"3b4788b7600f86ef32e79a0537d75828c8ff5d8a","isMergeCommit":true,"messageTitle":"Merge pull request #81 from LicongHuang/master","messageBody":"Update ListClient and ListLead","fileTypesAndContributionMap":{}}]},{"date":"2023-10-21","commitResults":[{"hash":"f4aed83e7878a2f776f77ee89dc28cb520286a09","isMergeCommit":false,"messageTitle":"Draft for View Command","messageBody":"","fileTypesAndContributionMap":{"functional-code":{"insertions":321,"deletions":3},"test-code":{"insertions":17,"deletions":0}}}]},{"date":"2023-10-22","commitResults":[{"hash":"11678eeb92b74600d4bc8e0eeb0b059b00b0877f","isMergeCommit":false,"messageTitle":"Add view command tests","messageBody":"","fileTypesAndContributionMap":{"functional-code":{"insertions":40,"deletions":200},"other":{"insertions":8,"deletions":8},"test-code":{"insertions":67,"deletions":28}}},{"hash":"4e1abcccbe89a71452eb417b77ebad21818346bd","isMergeCommit":false,"messageTitle":"Fix checkstyle","messageBody":"","fileTypesAndContributionMap":{"functional-code":{"insertions":0,"deletions":51}}},{"hash":"13da0812f98eaa5d12cbeb9a504369aa03c12fd5","isMergeCommit":false,"messageTitle":"Fix checkstyle","messageBody":"","fileTypesAndContributionMap":{"test-code":{"insertions":2,"deletions":2}}},{"hash":"fc6916b986c02ac046ab52f48877ef35ce612ea2","isMergeCommit":false,"messageTitle":"Add parser test","messageBody":"","fileTypesAndContributionMap":{"functional-code":{"insertions":13,"deletions":0},"test-code":{"insertions":24,"deletions":0}}},{"hash":"4763ecadee940411991d449b5a5b367d7133ca3c","isMergeCommit":false,"messageTitle":"Add parser test","messageBody":"","fileTypesAndContributionMap":{"test-code":{"insertions":1,"deletions":2}}}]},{"date":"2023-10-24","commitResults":[{"hash":"1e0ccf7dbef07dbda099acc80b795c86ccd1af1f","isMergeCommit":false,"messageTitle":"Add CSS to view","messageBody":"","fileTypesAndContributionMap":{"functional-code":{"insertions":241,"deletions":9}}},{"hash":"16e3922479b31cac80877efd3cfd8ff7cb928722","isMergeCommit":false,"messageTitle":"Fix Checkstyle","messageBody":"","fileTypesAndContributionMap":{"functional-code":{"insertions":58,"deletions":41}}},{"hash":"041cd7ad03c516d1b8ecd3c6c15a1c335f622ee0","isMergeCommit":false,"messageTitle":"Fix Checkstyle","messageBody":"","fileTypesAndContributionMap":{"functional-code":{"insertions":2,"deletions":2}}},{"hash":"01acabf0f8012c01738fac8a202d10bd6eeb12d3","isMergeCommit":false,"messageTitle":"Fix Checkstyle","messageBody":"","fileTypesAndContributionMap":{"test-code":{"insertions":7,"deletions":7}}},{"hash":"7236d762bf7d2fd37ed54a550800be10c6b38956","isMergeCommit":false,"messageTitle":"Fix Checkstyle","messageBody":"","fileTypesAndContributionMap":{"test-code":{"insertions":1,"deletions":1}}},{"hash":"d9745ff34a7898c96cbc628dffd9e5f18b06997d","isMergeCommit":false,"messageTitle":"Add tests","messageBody":"","fileTypesAndContributionMap":{"test-code":{"insertions":42,"deletions":0}}}]},{"date":"2023-10-25","commitResults":[{"hash":"69cfd20f2f8f32b7352d4991175cef6987819e62","isMergeCommit":false,"messageTitle":"Add test","messageBody":"","fileTypesAndContributionMap":{"test-code":{"insertions":19,"deletions":0}}}]},{"date":"2023-10-26","commitResults":[{"hash":"928e16d768d0e2d1d6d1155ffdff3c58d2bde2b8","isMergeCommit":true,"messageTitle":"Merge branch \u0027master\u0027 into convertlead","messageBody":"","fileTypesAndContributionMap":{}},{"hash":"833d99a80089d26b137406e6b6f01509584119e0","isMergeCommit":true,"messageTitle":"Merge pull request #90 from LicongHuang/convertlead","messageBody":"Add Convertion of class","fileTypesAndContributionMap":{}},{"hash":"8b93e8d1a05a2c6640259a983f26f5626d07116a","isMergeCommit":false,"messageTitle":"Revert \"Add Convertion of class\"","messageBody":"","fileTypesAndContributionMap":{"functional-code":{"insertions":12,"deletions":269},"test-code":{"insertions":0,"deletions":82}}},{"hash":"dbc9d95968a214814e3c69608500f06844c438e4","isMergeCommit":false,"messageTitle":"UG and DG","messageBody":"","fileTypesAndContributionMap":{"docs":{"insertions":100,"deletions":1}}},{"hash":"f9f40b2b2df56083c81942fb5e1b00f8586bcb54","isMergeCommit":false,"messageTitle":"Trailing whitespaces","messageBody":"","fileTypesAndContributionMap":{"docs":{"insertions":34,"deletions":7}}},{"hash":"1cb76f87dc8d98337a860a3baba93d4f482718c7","isMergeCommit":true,"messageTitle":"Merge pull request #98 from jx124/update-model-dg","messageBody":"Update Model component in DG","fileTypesAndContributionMap":{}}]},{"date":"2023-10-27","commitResults":[{"hash":"db283ed2c40c7373a27a76d81f4a6659bc3b615d","isMergeCommit":false,"messageTitle":"Fix ViewSequenceDiagram","messageBody":"","fileTypesAndContributionMap":{"docs":{"insertions":1,"deletions":1}}},{"hash":"6f6f21ee876d446ba804930724138e09e24bc20f","isMergeCommit":true,"messageTitle":"Merge pull request #101 from LicongHuang/design-guide","messageBody":"","fileTypesAndContributionMap":{}}]},{"date":"2023-10-29","commitResults":[{"hash":"97f54b0305e1dd75ca907bacc87e6bed0667b380","isMergeCommit":true,"messageTitle":"Merge pull request #103 from LicongHuang/convertlead","messageBody":"Add command to convert lead to client","fileTypesAndContributionMap":{}}]},{"date":"2023-10-30","commitResults":[{"hash":"6e59e41abf2e5530efa6f73a65088df6d412191a","isMergeCommit":false,"messageTitle":"Make meeting time visible in view","messageBody":"","fileTypesAndContributionMap":{"functional-code":{"insertions":28,"deletions":10}}}]},{"date":"2023-11-01","commitResults":[{"hash":"e20e13698c0a24f27f40ae3970c990bfa2b80f7b","isMergeCommit":false,"messageTitle":"Change DAVE UI","messageBody":"","fileTypesAndContributionMap":{"functional-code":{"insertions":149,"deletions":75}}},{"hash":"52fab051e896a0988efd2f010bb82b4b1896a870","isMergeCommit":false,"messageTitle":"Change DAVE UI","messageBody":"","fileTypesAndContributionMap":{"functional-code":{"insertions":0,"deletions":3}}},{"hash":"232bd4c8dc1026c1449c54b7eb97455befa8e905","isMergeCommit":false,"messageTitle":"Minor fixes","messageBody":"","fileTypesAndContributionMap":{"functional-code":{"insertions":10,"deletions":4}}},{"hash":"ad917d00c10b6d367ac5794efdd7d0a906464d3f","isMergeCommit":true,"messageTitle":"Merge branch \u0027master\u0027 into UI","messageBody":"","fileTypesAndContributionMap":{}},{"hash":"2af02a696462ccb19d4b531b5baf7f5a9b8808c3","isMergeCommit":false,"messageTitle":"Minor fixes","messageBody":"","fileTypesAndContributionMap":{"functional-code":{"insertions":22,"deletions":19}}},{"hash":"19fb02ba1dc5d1f2ef7764da992b8934a018c89e","isMergeCommit":false,"messageTitle":"Fix bugs in View","messageBody":"","fileTypesAndContributionMap":{"functional-code":{"insertions":43,"deletions":41}}},{"hash":"0afbed9b80668d9bd5f30475a54812c8be0e1193","isMergeCommit":false,"messageTitle":"Fix bugs in View","messageBody":"","fileTypesAndContributionMap":{"functional-code":{"insertions":1,"deletions":1}}}]},{"date":"2023-11-02","commitResults":[{"hash":"af86810cf435b2e4541265004123e8d5abcc076a","isMergeCommit":false,"messageTitle":"Add wrap text","messageBody":"","fileTypesAndContributionMap":{"functional-code":{"insertions":1,"deletions":1}}}]},{"date":"2023-11-03","commitResults":[{"hash":"8ed262a6e4e125d045a451c3d4bf3a62ef86c214","isMergeCommit":false,"messageTitle":"Change UG","messageBody":"","fileTypesAndContributionMap":{"docs":{"insertions":3,"deletions":3}}},{"hash":"e78de48155eb1dfe46d5568c90ce97e517e3d1ee","isMergeCommit":true,"messageTitle":"Merge pull request #125 from LicongHuang/convertlead","messageBody":"","fileTypesAndContributionMap":{}},{"hash":"2ad9904be609db65a9d00afd1f986b398f213873","isMergeCommit":false,"messageTitle":"Change UG","messageBody":"","fileTypesAndContributionMap":{"docs":{"insertions":1,"deletions":1}}},{"hash":"862e490b75c8d20f87b4c4ee641056c91417e6dc","isMergeCommit":false,"messageTitle":"H4 headers","messageBody":"","fileTypesAndContributionMap":{"docs":{"insertions":2,"deletions":2}}}]},{"date":"2023-11-06","commitResults":[{"hash":"a0028c7f9174fd04c4c46b89fe3d43ccea0ec698","isMergeCommit":false,"messageTitle":"Add commands to UG","messageBody":"","fileTypesAndContributionMap":{"functional-code":{"insertions":2,"deletions":2},"docs":{"insertions":61,"deletions":1}}}]},{"date":"2023-11-07","commitResults":[{"hash":"d927fa1049b8efd8f4d50525268ccafa39b94ae1","isMergeCommit":false,"messageTitle":"Add commands to UG","messageBody":"","fileTypesAndContributionMap":{"docs":{"insertions":3,"deletions":1}}},{"hash":"777eab8999b945738305cb37ef5ce4d5ea41af8b","isMergeCommit":false,"messageTitle":"Fix phone number constraints.","messageBody":"","fileTypesAndContributionMap":{"functional-code":{"insertions":5,"deletions":2}}},{"hash":"873cbe5df51b69a909f87094df385e7ba4cba8d0","isMergeCommit":false,"messageTitle":"Fix phone number constraints","messageBody":"","fileTypesAndContributionMap":{"test-code":{"insertions":2,"deletions":1}}}]},{"date":"2023-11-08","commitResults":[{"hash":"4c68354064794ee749e1038b2857009e253066c3","isMergeCommit":false,"messageTitle":"Fix phone number constraints","messageBody":"","fileTypesAndContributionMap":{"functional-code":{"insertions":2,"deletions":5}}},{"hash":"86a6e915fa1f22a47bd6515a544ca016d1b1862e","isMergeCommit":true,"messageTitle":"Merge pull request #178 from LicongHuang/convertlead","messageBody":"Update UserGuide","fileTypesAndContributionMap":{}}]},{"date":"2023-11-09","commitResults":[{"hash":"9c6f9066bfc958bafed62c7c3f9eea14b5ba771e","isMergeCommit":false,"messageTitle":"UG","messageBody":"","fileTypesAndContributionMap":{"functional-code":{"insertions":2,"deletions":2},"docs":{"insertions":9,"deletions":7}}},{"hash":"03404942b47e5b344ea985f79b6fa6f0ddae44c2","isMergeCommit":true,"messageTitle":"Merge pull request #194 from LicongHuang/licong_ppp","messageBody":"Update PPP","fileTypesAndContributionMap":{}},{"hash":"63cbb9219ee857bbb576da7fa2099a8ea9ff5c06","isMergeCommit":false,"messageTitle":"PPP","messageBody":"","fileTypesAndContributionMap":{"docs":{"insertions":35,"deletions":10}}},{"hash":"57b38f0e97bbc82d1b4506bdd47632d3cfab996a","isMergeCommit":true,"messageTitle":"Merge remote-tracking branch \u0027upstream/master\u0027 into BugFix","messageBody":"","fileTypesAndContributionMap":{}}]},{"date":"2023-11-13","commitResults":[{"hash":"b34b92d040dd8b14ec6b202eed8d19191cb6198b","isMergeCommit":false,"messageTitle":"DG","messageBody":"","fileTypesAndContributionMap":{"docs":{"insertions":228,"deletions":64}}},{"hash":"d4d2f267b9369f327b857c8dacc2a123f28aaf91","isMergeCommit":false,"messageTitle":"DG","messageBody":"","fileTypesAndContributionMap":{"docs":{"insertions":22,"deletions":23}}},{"hash":"5a756966f5575cd6062efc19149fce016cccf00a","isMergeCommit":false,"messageTitle":"DG","messageBody":"","fileTypesAndContributionMap":{"docs":{"insertions":2,"deletions":4}}},{"hash":"f03367dd69260b32585bcf4b5676e9724c3b3b1c","isMergeCommit":false,"messageTitle":"DG","messageBody":"","fileTypesAndContributionMap":{"docs":{"insertions":8,"deletions":8}}},{"hash":"a862cbe97d09140de7236780b90340ee2f11f183","isMergeCommit":false,"messageTitle":"DG","messageBody":"","fileTypesAndContributionMap":{"docs":{"insertions":6,"deletions":6}}}]}],"garylow2001":[{"date":"2023-10-05","commitResults":[{"hash":"c5d9125daa2b735f687dd4ab32901ce5e39e713d","isMergeCommit":false,"messageTitle":"Update User Guide","messageBody":"","fileTypesAndContributionMap":{"docs":{"insertions":81,"deletions":163}}},{"hash":"2f3e9ff1c2fa068461ac73e06d4c3e9fce00a412","isMergeCommit":true,"messageTitle":"Merge branch \u0027master\u0027 into UG","messageBody":"","fileTypesAndContributionMap":{}},{"hash":"85b8317f11dba0a4252c2e95047c3a7d96ea3ae2","isMergeCommit":false,"messageTitle":"Update UG","messageBody":"","fileTypesAndContributionMap":{"docs":{"insertions":1,"deletions":1}}}]},{"date":"2023-10-06","commitResults":[{"hash":"b57942a2a29b252b9b328bf41c7c542fdc72e790","isMergeCommit":false,"messageTitle":"Add Gary\u0027s PPP","messageBody":"","fileTypesAndContributionMap":{"docs":{"insertions":35,"deletions":0}}},{"hash":"9e9b7ce97ae9020e0ada8132ace14e95665f61e4","isMergeCommit":true,"messageTitle":"Merge pull request #61 from LicongHuang/design-guide","messageBody":"Design guide","fileTypesAndContributionMap":{}}]},{"date":"2023-10-12","commitResults":[{"hash":"69379acd1579dd413ec851b06fe15c5000366c67","isMergeCommit":true,"messageTitle":"Merge pull request #71 from jx124/add-client-lead-classes","messageBody":"Make Person abstract and create Client and Lead classes","fileTypesAndContributionMap":{}}]},{"date":"2023-10-13","commitResults":[{"hash":"40e86efed018d8df18089a601d77b62444eec7dd","isMergeCommit":false,"messageTitle":"Add AddClientCommand, AddLeadCommand and their respective parser","messageBody":"","fileTypesAndContributionMap":{"functional-code":{"insertions":662,"deletions":17}}}]},{"date":"2023-10-16","commitResults":[{"hash":"7d43ecbae5a0b94579783354ecdad446d5a5b4df","isMergeCommit":false,"messageTitle":"Add checkstyle changes","messageBody":"","fileTypesAndContributionMap":{"functional-code":{"insertions":53,"deletions":19}}},{"hash":"b728f6c289a11e4670a1da8b9049f25e88dab4e7","isMergeCommit":true,"messageTitle":"Merge branch \u0027master\u0027 into add-clients-and-leads","messageBody":"","fileTypesAndContributionMap":{}},{"hash":"a200713a386d2fc3dae863fbb38ed9d40d7adb56","isMergeCommit":false,"messageTitle":"Integrate with listlead and listclient","messageBody":"","fileTypesAndContributionMap":{"functional-code":{"insertions":52,"deletions":24},"test-code":{"insertions":36,"deletions":9}}},{"hash":"36566123cf126b1e385eda0ed5f913fe2bb8f65e","isMergeCommit":false,"messageTitle":"Remove irrelevant test cases","messageBody":"","fileTypesAndContributionMap":{"test-code":{"insertions":6,"deletions":3}}}]},{"date":"2023-10-18","commitResults":[{"hash":"878de3c477226952cf827550ced73132c3c458ae","isMergeCommit":false,"messageTitle":"Refactor addclient and addlead, Add test cases","messageBody":"","fileTypesAndContributionMap":{"functional-code":{"insertions":35,"deletions":367},"test-code":{"insertions":455,"deletions":39}}}]},{"date":"2023-10-19","commitResults":[{"hash":"3cbbb7bdd22bf744eb0f216e4e96ebde894ecade","isMergeCommit":false,"messageTitle":"Pull changes from upstream","messageBody":"","fileTypesAndContributionMap":{"functional-code":{"insertions":0,"deletions":67},"other":{"insertions":13,"deletions":13},"test-code":{"insertions":240,"deletions":34}}},{"hash":"ae04a9e3e5bcbc936511bc2e0e6426e0d03cb5b3","isMergeCommit":true,"messageTitle":"Fixed merge conflicts","messageBody":"","fileTypesAndContributionMap":{}},{"hash":"41a33294e8c0c21fa70f9021c908ba3217637977","isMergeCommit":false,"messageTitle":"Refactor test cases to refer to Leads and Clients instead of Persons","messageBody":"","fileTypesAndContributionMap":{"functional-code":{"insertions":0,"deletions":16},"test-code":{"insertions":193,"deletions":440}}},{"hash":"52634a18515e465f3fd78dd59702f6e097e77bc1","isMergeCommit":false,"messageTitle":"Remove setClient and setLead from UniquePersonList","messageBody":"","fileTypesAndContributionMap":{"functional-code":{"insertions":0,"deletions":30}}},{"hash":"0bab3a788414f7eced7c4015a2dfd7ea41b15f8f","isMergeCommit":true,"messageTitle":"Merge pull request #82 from jx124/extract-client-lead-tags","messageBody":"Extract \"client\" and \"lead\" tags into Type class","tags":["v1.2"],"fileTypesAndContributionMap":{}}]},{"date":"2023-10-23","commitResults":[{"hash":"0263deac5904e10297e630302b5b6caea833c666","isMergeCommit":false,"messageTitle":"Add MeetingTime and MeetingTimeFormatter","messageBody":"","fileTypesAndContributionMap":{"functional-code":{"insertions":60,"deletions":0}}}]},{"date":"2023-10-25","commitResults":[{"hash":"03a245a0c974c5080dee626edcf2fdc95f746032","isMergeCommit":false,"messageTitle":"Fix bugs to resolve test cases","messageBody":"","fileTypesAndContributionMap":{"functional-code":{"insertions":115,"deletions":89},"test-code":{"insertions":137,"deletions":195}}},{"hash":"61a6feac14ab87c23d97b1fca12909ce5243ebd9","isMergeCommit":false,"messageTitle":"Add test cases for MeetingTime and MeetingTimeFormatter","messageBody":"","fileTypesAndContributionMap":{"functional-code":{"insertions":97,"deletions":17},"test-code":{"insertions":177,"deletions":9}}},{"hash":"915cf806fb4e15d198e9a54287b826364eefec7b","isMergeCommit":false,"messageTitle":"Update UG with addlead and addclient","messageBody":"","fileTypesAndContributionMap":{"docs":{"insertions":58,"deletions":23}}}]},{"date":"2023-10-26","commitResults":[{"hash":"8574904eb4a1a508fc959a1a67e1bf7e24e0005d","isMergeCommit":false,"messageTitle":"Add UI for meeting time","messageBody":"","fileTypesAndContributionMap":{"functional-code":{"insertions":4,"deletions":0},"test-code":{"insertions":186,"deletions":46}}},{"hash":"c90c4fc6b9aae663784c9307bf271f4bb86b0a7f","isMergeCommit":true,"messageTitle":"Merge pull request #92 from tiif/branch-keymilestone-userguide","messageBody":"Add Key Milestone field in User Guide","fileTypesAndContributionMap":{}},{"hash":"b8f8209ad19d0f5f0d20bf82207504b7ecca03b5","isMergeCommit":true,"messageTitle":"Merge master branch into meeting-times","messageBody":"","fileTypesAndContributionMap":{}},{"hash":"780d065e18fa47f2e1a4ad3a1987c8d9d1a0e987","isMergeCommit":false,"messageTitle":"Pull convert client","messageBody":"","fileTypesAndContributionMap":{"functional-code":{"insertions":8,"deletions":18},"test-code":{"insertions":4,"deletions":4}}},{"hash":"3e2b2c1c5e65a081251ce2dd61335a6e41cadf61","isMergeCommit":true,"messageTitle":"Merge pull request #95 from AY2324S1-CS2103T-F08-2/revert-90-convertlead","messageBody":"Revert \"Add Convertion of class\"","tags":["v1.3.trial"],"fileTypesAndContributionMap":{}},{"hash":"e3404d21a45d113063d1dcc56ac69d45fbc5282b","isMergeCommit":false,"messageTitle":"Add AddClient/AddLead and AddMeetingTime to Developer Guide","messageBody":"","fileTypesAndContributionMap":{"docs":{"insertions":241,"deletions":23}}}]},{"date":"2023-10-27","commitResults":[{"hash":"564e417d1e9b0f59ceb2921e1055ac9f98abb607","isMergeCommit":true,"messageTitle":"Merge with updated master","messageBody":"","fileTypesAndContributionMap":{}},{"hash":"4820a18e739e543f6e8dafb415d542a5798dca62","isMergeCommit":false,"messageTitle":"Fix checkstyle and test errors","messageBody":"","fileTypesAndContributionMap":{"functional-code":{"insertions":2,"deletions":0},"test-code":{"insertions":6,"deletions":6}}}]},{"date":"2023-10-29","commitResults":[{"hash":"2a4449f477bec86fc44fc6555d302e31ff520650","isMergeCommit":false,"messageTitle":"Make MeetingTime optional","messageBody":"","fileTypesAndContributionMap":{"functional-code":{"insertions":65,"deletions":38},"test-code":{"insertions":23,"deletions":17}}},{"hash":"5a18c1576667d1d3a67f0386ab7b7341b4cbc75c","isMergeCommit":true,"messageTitle":"Merge branch \u0027master\u0027 into meeting-times","messageBody":"","fileTypesAndContributionMap":{}},{"hash":"95137564f507d8640412ca777d2210c1945823e5","isMergeCommit":false,"messageTitle":"Modify test cases for optional meeting time","messageBody":"","fileTypesAndContributionMap":{"functional-code":{"insertions":2,"deletions":3},"test-code":{"insertions":25,"deletions":59}}},{"hash":"8fc98b8838f522fad03546dacc8ddcbd43fe5b9a","isMergeCommit":false,"messageTitle":"Fix checkstyle errors","messageBody":"","fileTypesAndContributionMap":{"functional-code":{"insertions":25,"deletions":13},"test-code":{"insertions":72,"deletions":8}}},{"hash":"80be99e07aab84d220b049bc415c0eb6716495d9","isMergeCommit":true,"messageTitle":"Merge branch \u0027master\u0027 into meeting-times","messageBody":"","fileTypesAndContributionMap":{}}]},{"date":"2023-10-30","commitResults":[{"hash":"87ee98932625b62d4beb55aff2ede47287c78929","isMergeCommit":false,"messageTitle":"Merge with master and fix test case errors","messageBody":"","fileTypesAndContributionMap":{"functional-code":{"insertions":29,"deletions":25},"test-code":{"insertions":38,"deletions":10}}}]},{"date":"2023-10-31","commitResults":[{"hash":"14d5b38abc9f0646f619acd0f2aeb897f8c99e2d","isMergeCommit":false,"messageTitle":"Add deletemeeting command","messageBody":"","fileTypesAndContributionMap":{"functional-code":{"insertions":146,"deletions":0}}},{"hash":"8312b3fd307a6cf9a020cc5df8dce9ff95e4688c","isMergeCommit":false,"messageTitle":"Add test cases for deletemeeting command","messageBody":"","fileTypesAndContributionMap":{"functional-code":{"insertions":2,"deletions":1},"test-code":{"insertions":174,"deletions":11}}},{"hash":"6cf4dd305ee457ca80612f6fe82c9904f28185dd","isMergeCommit":true,"messageTitle":"Merge pull request #109 from jx124/fix-datetime-parsing-bug","messageBody":"Fix datetime parsing bug","fileTypesAndContributionMap":{}}]},{"date":"2023-11-01","commitResults":[{"hash":"5b4032b58d19b3c2a65af1d739523bdce3dbe4d0","isMergeCommit":true,"messageTitle":"Merge with upstream","messageBody":"","fileTypesAndContributionMap":{}},{"hash":"da97802335977902cca8372f477a2e1314ee9789","isMergeCommit":false,"messageTitle":"Increase code coverage and fix checkstyle errors","messageBody":"","fileTypesAndContributionMap":{"functional-code":{"insertions":18,"deletions":15},"test-code":{"insertions":68,"deletions":20}}}]},{"date":"2023-11-02","commitResults":[{"hash":"78c9e211ff6d2d98f3a18d2b2fcbe079ff931955","isMergeCommit":true,"messageTitle":"Merge pull request #111 from jx124/add-sort-meeting-time-feature","messageBody":"Add sort meeting time feature","fileTypesAndContributionMap":{}},{"hash":"79c7a49348dfd5219b78238df7ac0c9188885eba","isMergeCommit":true,"messageTitle":"Merge pull request #121 from jx124/add-add-meeting-time-feature","messageBody":"Add add meeting time feature","fileTypesAndContributionMap":{}},{"hash":"679fb43d98239b24648222bfcc63e0ca08006323","isMergeCommit":false,"messageTitle":"Add Edit, Update deletemeeting and addclient","messageBody":"","fileTypesAndContributionMap":{"docs":{"insertions":100,"deletions":23}}},{"hash":"d4aebe12a3ea4a49890e7b4412027df946906f5d","isMergeCommit":false,"messageTitle":"Fix bug in UserGuide.md file","messageBody":"","fileTypesAndContributionMap":{"docs":{"insertions":1,"deletions":0}}}]},{"date":"2023-11-03","commitResults":[{"hash":"80b7f87e69441a4373c1cd762217e2795d86bd8d","isMergeCommit":true,"messageTitle":"Merge pull request #128 from yuxunn/UG-2","messageBody":"Update UG","fileTypesAndContributionMap":{}},{"hash":"ab70cefe3effde4115dde72bdf731335c562e338","isMergeCommit":true,"messageTitle":"Merge branch \u0027master\u0027 into update-ug","messageBody":"","fileTypesAndContributionMap":{}},{"hash":"dbcde1f13888be2ddfb185bf07b624fe5587b1db","isMergeCommit":true,"messageTitle":"Merge pull request #127 from jx124/update-ug","messageBody":"Update UG for AddMeeting and SortMeeting commands","fileTypesAndContributionMap":{}},{"hash":"93d9246f092de4510bad7c8c1164f1f1850fb159","isMergeCommit":true,"messageTitle":"Fix minor documentation and formatting errors","messageBody":"","fileTypesAndContributionMap":{}},{"hash":"8bf8cd8d0536062c8192c27c23e826173d049216","isMergeCommit":false,"messageTitle":"Fix missing image","messageBody":"","fileTypesAndContributionMap":{"docs":{"insertions":1,"deletions":1}}},{"hash":"0a9bce9483fa86558aa88a3a36f9944fd5a61d2f","isMergeCommit":true,"messageTitle":"Merge branch \u0027master\u0027 into UG","messageBody":"","fileTypesAndContributionMap":{}}]},{"date":"2023-11-07","commitResults":[{"hash":"29da20ecc82803c85b7c2fa8d51dcc449d3c0154","isMergeCommit":false,"messageTitle":"Fix documentation bugs in UG - Gary","messageBody":"","fileTypesAndContributionMap":{"docs":{"insertions":97,"deletions":21}}}]},{"date":"2023-11-08","commitResults":[{"hash":"746461a5d7fc2f103ec8db91c996979624654794","isMergeCommit":true,"messageTitle":"merge with upstream master","messageBody":"","fileTypesAndContributionMap":{}},{"hash":"d5ee1659e6d161e365743a976198e9fb66c7510c","isMergeCommit":false,"messageTitle":"Fix tip icon","messageBody":"","fileTypesAndContributionMap":{"docs":{"insertions":6,"deletions":2}}}]},{"date":"2023-11-09","commitResults":[{"hash":"60428a0ab852115a6581326bf9ecc0e5e50351c6","isMergeCommit":true,"messageTitle":"Merge pull request #186 from jx124/update-ug-v1.4","messageBody":"Update UG for v1.4","fileTypesAndContributionMap":{}},{"hash":"fa1d4363d9f134d35fd62881635d7aed4d7f5539","isMergeCommit":true,"messageTitle":"Merge pull request #182 from jx124/hide-missing-meeting","messageBody":"Hide missing optional features","fileTypesAndContributionMap":{}},{"hash":"1d5397ab7216a2faf0b57a498aeb8770625a8802","isMergeCommit":true,"messageTitle":"Fix formatting in line with other PRs","messageBody":"","fileTypesAndContributionMap":{}},{"hash":"f90d0dac49ec1a629e9e64ae465dc7957f97a874","isMergeCommit":false,"messageTitle":"Update PPP - Gary","messageBody":"","fileTypesAndContributionMap":{"docs":{"insertions":24,"deletions":12}}}]},{"date":"2023-11-11","commitResults":[{"hash":"01f8b5c2c2e3b054751f60cb4ab9cf8427b0f72d","isMergeCommit":false,"messageTitle":"Reformat inconsistencies in UG","messageBody":"","fileTypesAndContributionMap":{"docs":{"insertions":175,"deletions":154}}},{"hash":"8f9479a81ef59b213236c8997d33c797ea24c2f2","isMergeCommit":false,"messageTitle":"Update User Stories and some Use Cases","messageBody":"","fileTypesAndContributionMap":{"docs":{"insertions":27,"deletions":26}}},{"hash":"fb9b65b1fd5d18c0d8fd3749efab4e5d2f9975a7","isMergeCommit":false,"messageTitle":"Update addclient/addlead and addmeeting","messageBody":"","fileTypesAndContributionMap":{"docs":{"insertions":51,"deletions":64}}}]},{"date":"2023-11-12","commitResults":[{"hash":"dddb6a5a1418ca441060751a62f0faf7cb29859a","isMergeCommit":false,"messageTitle":"save changes to DG","messageBody":"","fileTypesAndContributionMap":{"docs":{"insertions":38,"deletions":55}}},{"hash":"1193394633678b619beaa0068eb4073a755e70c5","isMergeCommit":false,"messageTitle":"Ensure sentences end with full-stops, Reformat find command","messageBody":"","fileTypesAndContributionMap":{"docs":{"insertions":45,"deletions":34}}},{"hash":"6e062024b5d64d3973fab846d33a52c7c62bfe28","isMergeCommit":false,"messageTitle":"Add colon in edit command","messageBody":"","fileTypesAndContributionMap":{"docs":{"insertions":1,"deletions":1}}},{"hash":"a8ace5dc7dc38e172d218fc61b740a3d14cc987f","isMergeCommit":false,"messageTitle":"added colon to example usage in convert lead to client and convert client to lead","messageBody":"","fileTypesAndContributionMap":{"docs":{"insertions":3,"deletions":2}}},{"hash":"3d06b46c5aaf6444816efce6279dc9e8f8a3908d","isMergeCommit":false,"messageTitle":"updated DG","messageBody":"","fileTypesAndContributionMap":{"docs":{"insertions":2,"deletions":0}}},{"hash":"ec754f52faf7215abe2f2b9f2a6d59a2047fa5b3","isMergeCommit":true,"messageTitle":"Merge pull request #183 from jx124/add-key-milestone-null-check","messageBody":"Add null check for key milestone","fileTypesAndContributionMap":{}}]},{"date":"2023-11-13","commitResults":[{"hash":"4a5f4a530f9929e3c89789925a53b6f82d4b9401","isMergeCommit":true,"messageTitle":"Merge branch \u0027master\u0027 into DG","messageBody":"","fileTypesAndContributionMap":{}},{"hash":"e33e0c5cd403828614f29688fb0edf3f69252bd0","isMergeCommit":false,"messageTitle":"Update User stories, AddClient/Lead, AddMeetingTime","messageBody":"","fileTypesAndContributionMap":{"docs":{"insertions":79,"deletions":153}}},{"hash":"d66a84ba789e5a3b93c108c93bf635a8ac0e1ab9","isMergeCommit":true,"messageTitle":"Merge pull request #204 from jx124/revert-hide-optional-fields-message","messageBody":"Revert change that hid empty optional fields","fileTypesAndContributionMap":{}},{"hash":"90e648361b9d04ad3818746739466d96a8c09fdf","isMergeCommit":true,"messageTitle":"Merge pull request #202 from LicongHuang/licong_ppp","messageBody":"Update PPP and DG","fileTypesAndContributionMap":{}},{"hash":"3f793e2d050801ad75dfa0552f8c106c5c6d2208","isMergeCommit":true,"messageTitle":"Merge with updated master branch","messageBody":"","fileTypesAndContributionMap":{}},{"hash":"4833b0ef4dfb6ae965d3fbdb7d95691ba828f1f8","isMergeCommit":false,"messageTitle":"Updated PPP","messageBody":"","fileTypesAndContributionMap":{"docs":{"insertions":2,"deletions":1}}},{"hash":"251d319f3fd525897e7993cc8b7caf8c49bd5b4c","isMergeCommit":true,"messageTitle":"Merge pull request #205 from yuxunn/DG-2","messageBody":"Update DG","fileTypesAndContributionMap":{}},{"hash":"95973cc5d2dc6389be7bc995f6c60114c8daa86a","isMergeCommit":true,"messageTitle":"Merge with updated master","messageBody":"","fileTypesAndContributionMap":{}},{"hash":"cdb5dd0381d1bc921e1af7734ccd2fd065d6cbf6","isMergeCommit":false,"messageTitle":"Check use cases","messageBody":"","fileTypesAndContributionMap":{"docs":{"insertions":9,"deletions":27}}}]}],"LicongHuang":[{"date":"2023-10-02","commitResults":[{"hash":"57074592020ac77646e403c1790994c5ca596c07","isMergeCommit":false,"messageTitle":"Add Example DG","messageBody":"","fileTypesAndContributionMap":{"docs":{"insertions":441,"deletions":0}}},{"hash":"5e6423fb804e6ad9ae8d35fb6fbd34f199078b9f","isMergeCommit":false,"messageTitle":"Add command","messageBody":"","fileTypesAndContributionMap":{"functional-code":{"insertions":28,"deletions":0}}},{"hash":"15458438a4244751d7f948ae9fb4aa1f35db00d9","isMergeCommit":false,"messageTitle":"Remove new Command","messageBody":"","fileTypesAndContributionMap":{"functional-code":{"insertions":0,"deletions":24}}}]},{"date":"2023-10-05","commitResults":[{"hash":"a49f001d58617259a620bb94ec7677573acd4093","isMergeCommit":false,"messageTitle":"Add PPP","messageBody":"","fileTypesAndContributionMap":{"docs":{"insertions":16,"deletions":0}}},{"hash":"e3e5c97a6841964f2928f52cde3b33728a861b1e","isMergeCommit":false,"messageTitle":"Update DeveloperGuide.md","messageBody":"","fileTypesAndContributionMap":{"docs":{"insertions":58,"deletions":4}}},{"hash":"45f35b6a5e0775150c2d6e49fabb26ed652b307a","isMergeCommit":false,"messageTitle":"Remove html-to-markdown.md","messageBody":"","fileTypesAndContributionMap":{"docs":{"insertions":0,"deletions":441}}},{"hash":"784c75081771c59d4fb4605e8a37cdc11aec98db","isMergeCommit":false,"messageTitle":"Edit DevelopGuide.md","messageBody":"","fileTypesAndContributionMap":{"docs":{"insertions":0,"deletions":7}}},{"hash":"5b76a38cee771c991021620122f8c82875fcc9e2","isMergeCommit":false,"messageTitle":"Edit AddressBookParser.java","messageBody":"","fileTypesAndContributionMap":{"functional-code":{"insertions":0,"deletions":4}}},{"hash":"9b467e011ac194af0a9bd9c02471fc7cff476ad6","isMergeCommit":false,"messageTitle":"Update DeveloperGuide","messageBody":"","fileTypesAndContributionMap":{"docs":{"insertions":155,"deletions":34}}},{"hash":"6aa1b0b57182121c5b5c66d78d7e26fc1ec46536","isMergeCommit":false,"messageTitle":"Remove unnecessary file","messageBody":"","fileTypesAndContributionMap":{"docs":{"insertions":0,"deletions":441}}},{"hash":"f9b20911298b3e854b885acf00e424ccd3e0656c","isMergeCommit":false,"messageTitle":"Remove unnecessary file","messageBody":"","fileTypesAndContributionMap":{"docs":{"insertions":0,"deletions":441}}},{"hash":"17c58105cac117088ea0614f94dee4e917896d5e","isMergeCommit":false,"messageTitle":"Change svg to png","messageBody":"","fileTypesAndContributionMap":{"docs":{"insertions":18,"deletions":18}}}]},{"date":"2023-10-06","commitResults":[{"hash":"9ca511b0c0312bcc45d0ff477072144701f471b9","isMergeCommit":false,"messageTitle":"Update README.md","messageBody":"","fileTypesAndContributionMap":{"docs":{"insertions":3,"deletions":0}}},{"hash":"34070b8f1e976b96a1c3ef878aaa9c7e858d1deb","isMergeCommit":true,"messageTitle":"Merge pull request #58 from garylow2001/UG","messageBody":"Update the UG","fileTypesAndContributionMap":{}},{"hash":"ff3a071329956ce27b70fd32c8c1391b39ea48d5","isMergeCommit":true,"messageTitle":"Merge branch \u0027AY2324S1-CS2103T-F08-2:master\u0027 into master","messageBody":"","fileTypesAndContributionMap":{}},{"hash":"9434c7007e46d1abe9751958b7a997dc45e916bf","isMergeCommit":true,"messageTitle":"Merge pull request #60 from jx124/jiexiang_ppp","messageBody":"Add Jie Xiang\u0027s PPP","fileTypesAndContributionMap":{}},{"hash":"69035c0c34f4d10dd236eb39242e71350615b2cc","isMergeCommit":true,"messageTitle":"Merge pull request #62 from garylow2001/PPP-Gary","messageBody":"Add Gary\u0027s PPP","fileTypesAndContributionMap":{}},{"hash":"04589beb9fecbfd84650f5580036850937477c96","isMergeCommit":true,"messageTitle":"Merge pull request #63 from tiif/branch-update-aboutus","messageBody":"updated AboutUs.md","fileTypesAndContributionMap":{}},{"hash":"4c2751ef01b239a491104709958badc57a926193","isMergeCommit":true,"messageTitle":"Merge pull request #64 from tiif/branch-update-aboutus","messageBody":"Branch update aboutus","fileTypesAndContributionMap":{}}]},{"date":"2023-10-13","commitResults":[{"hash":"faaf31e580939f7196dddcd14a09a39811c05833","isMergeCommit":true,"messageTitle":"Merge branch \u0027AY2324S1-CS2103T-F08-2:master\u0027 into master","messageBody":"","fileTypesAndContributionMap":{}}]},{"date":"2023-10-14","commitResults":[{"hash":"1f1a0b2b609c00f172eb08882fe3d47987479946","isMergeCommit":false,"messageTitle":"Add filtered view of clients or leads","messageBody":"","fileTypesAndContributionMap":{"functional-code":{"insertions":90,"deletions":0}}},{"hash":"7f9286c293abab3d177daa5b34f9edd815b594e1","isMergeCommit":false,"messageTitle":"Update UserGuide","messageBody":"","fileTypesAndContributionMap":{"docs":{"insertions":15,"deletions":3}}},{"hash":"bd7c2111b6659990aaf5dee5653c14b505c4da3d","isMergeCommit":false,"messageTitle":"Clear lint errors","messageBody":"","fileTypesAndContributionMap":{"functional-code":{"insertions":6,"deletions":6},"docs":{"insertions":23,"deletions":26}}},{"hash":"9b6fea0d12d0daba957ac660a163b070fb821da2","isMergeCommit":false,"messageTitle":"Clear lint errors","messageBody":"","fileTypesAndContributionMap":{"functional-code":{"insertions":0,"deletions":6},"docs":{"insertions":0,"deletions":7}}},{"hash":"865e0153bdf7bc9c80fefcee8e207ceb6bf3834e","isMergeCommit":false,"messageTitle":"Remove lint problems","messageBody":"","fileTypesAndContributionMap":{"functional-code":{"insertions":13,"deletions":16}}},{"hash":"415436d86c1dd2360232951da587f8ee4963bf64","isMergeCommit":false,"messageTitle":"Remove lint problems","messageBody":"","fileTypesAndContributionMap":{"functional-code":{"insertions":1,"deletions":1}}},{"hash":"1bfdff548d37341e970941676aa254beeecfe49d","isMergeCommit":false,"messageTitle":"Clear lint issue","messageBody":"","fileTypesAndContributionMap":{"functional-code":{"insertions":6,"deletions":6}}},{"hash":"80d21a30617634104a1a0be0a84842f03871e30b","isMergeCommit":false,"messageTitle":"Clear lint issue","messageBody":"","fileTypesAndContributionMap":{"functional-code":{"insertions":0,"deletions":2}}}]},{"date":"2023-10-15","commitResults":[{"hash":"1910c60f34220f90e127be41b0524e0ee115cf4b","isMergeCommit":false,"messageTitle":"Add tests","messageBody":"","fileTypesAndContributionMap":{"functional-code":{"insertions":3,"deletions":3},"test-code":{"insertions":76,"deletions":0}}},{"hash":"3f2d179def60516bdb049a754b4f4ee90b05c106","isMergeCommit":false,"messageTitle":"Change for lint","messageBody":"","fileTypesAndContributionMap":{"test-code":{"insertions":3,"deletions":2}}}]},{"date":"2023-10-19","commitResults":[{"hash":"fa6a75bd2513181c865656ae8e873de5677d7ced","isMergeCommit":false,"messageTitle":"Create dashed flags","messageBody":"","fileTypesAndContributionMap":{"functional-code":{"insertions":6,"deletions":0}}},{"hash":"0005a2ed27e1e60dc2a7f825954e106432bf6db5","isMergeCommit":false,"messageTitle":"Some update","messageBody":"","fileTypesAndContributionMap":{"functional-code":{"insertions":4,"deletions":17}}},{"hash":"d9aceb9bed11bf1b9a77e9d904d2ab3f0b875ee7","isMergeCommit":true,"messageTitle":"Merge pull request #75 from tiif/branch-test-v1.2","messageBody":"Created test for Lead and Client class","fileTypesAndContributionMap":{}},{"hash":"e4dfeffc665088db877501793d525fc82a41b4f7","isMergeCommit":true,"messageTitle":"Merge branch \u0027AY2324S1-CS2103T-F08-2:master\u0027 into master","messageBody":"","fileTypesAndContributionMap":{}},{"hash":"f12bd38c58fae99692cbb0a13745051ea27b546d","isMergeCommit":false,"messageTitle":"Update comments","messageBody":"","fileTypesAndContributionMap":{"functional-code":{"insertions":2,"deletions":2}}}]},{"date":"2023-10-23","commitResults":[{"hash":"31dd3a7cd71cd62d8ddaf00bba01820408acafd9","isMergeCommit":false,"messageTitle":"Change CliSyntax","messageBody":"","fileTypesAndContributionMap":{"functional-code":{"insertions":5,"deletions":11}}},{"hash":"911dd3db39c9bd3d86765d44a1bd2b5a572bea4d","isMergeCommit":false,"messageTitle":"Add space in CliSyntax","messageBody":"","fileTypesAndContributionMap":{"functional-code":{"insertions":5,"deletions":5}}}]},{"date":"2023-10-25","commitResults":[{"hash":"1f97cb9e85b5deb2907f320c7dfff3bc3b8528f4","isMergeCommit":false,"messageTitle":"Implement Convert client to lead","messageBody":"","fileTypesAndContributionMap":{"functional-code":{"insertions":263,"deletions":0}}},{"hash":"e623822c44fd40f5f3c5992c8e889ad87071a19d","isMergeCommit":false,"messageTitle":"Add test","messageBody":"","fileTypesAndContributionMap":{"test-code":{"insertions":82,"deletions":0}}},{"hash":"3b7af279478d425abfc59b25e1ce140c0b533cc7","isMergeCommit":true,"messageTitle":"Merge branch \u0027AY2324S1-CS2103T-F08-2:master\u0027 into master","messageBody":"","fileTypesAndContributionMap":{}},{"hash":"54b7f5d1e9400c2a12d5276686118add7dab0867","isMergeCommit":false,"messageTitle":"Update UserGuide","messageBody":"","fileTypesAndContributionMap":{"docs":{"insertions":16,"deletions":4}}},{"hash":"1ed75003dfdb19d5145c88170dc2ea272a9ff406","isMergeCommit":true,"messageTitle":"Merge pull request #91 from garylow2001/UG","messageBody":"Update UG with addlead and addclient","fileTypesAndContributionMap":{}}]},{"date":"2023-10-26","commitResults":[{"hash":"a40513e2b8bb1f7b2984668520eb5b4d1eb09fc8","isMergeCommit":false,"messageTitle":"Editing test","messageBody":"","fileTypesAndContributionMap":{"test-code":{"insertions":308,"deletions":41}}},{"hash":"7bfcf78bd6512b2788d6b8422c9495a0a2c52fc9","isMergeCommit":false,"messageTitle":"Edit Command","messageBody":"","fileTypesAndContributionMap":{"functional-code":{"insertions":7,"deletions":5}}},{"hash":"e28afde3feccaabce4465ddc5be5a391e2a21e6e","isMergeCommit":true,"messageTitle":"Merge branch \u0027master\u0027 of github.com:LicongHuang/tp into convertlead","messageBody":"# Conflicts:\n#\tsrc/main/java/seedu/address/logic/commands/ConvertClientToLeadCommand.java\n#\tsrc/main/java/seedu/address/logic/commands/ConvertLeadToClientCommand.java\n#\tsrc/test/java/seedu/address/logic/commands/ConvertClientToLeadCommandTest.java\n#\tsrc/test/java/seedu/address/logic/commands/ConvertLeadToClientCommandTest.java\n","fileTypesAndContributionMap":{}},{"hash":"850e4addbb322a9ef7687df89cda0224ac34fe0f","isMergeCommit":false,"messageTitle":"Edit test","messageBody":"","fileTypesAndContributionMap":{"test-code":{"insertions":40,"deletions":18}}},{"hash":"1dd4bb508e4224aa5173a1e2316c8642d57cbab0","isMergeCommit":false,"messageTitle":"Edit DG","messageBody":"","fileTypesAndContributionMap":{"docs":{"insertions":34,"deletions":0}}}]},{"date":"2023-10-27","commitResults":[{"hash":"5dc88aab12d8dc5542170f9ac3ec532ec8fe7f1d","isMergeCommit":true,"messageTitle":"Merge pull request #96 from tiif/master","messageBody":"Update version number in MainApp.java","fileTypesAndContributionMap":{}},{"hash":"b2dc53a6f98ee34daec342cc6b1355bd04aa476e","isMergeCommit":true,"messageTitle":"Merge branch \u0027master\u0027 of github.com:LicongHuang/tp into convertlead","messageBody":"","fileTypesAndContributionMap":{}},{"hash":"e91279304bdbc1f39fc16782cb0ac43aafc73574","isMergeCommit":false,"messageTitle":"Update test","messageBody":"","fileTypesAndContributionMap":{"test-code":{"insertions":140,"deletions":35}}},{"hash":"0181c84f588e530de41fe38ec037d297897317c4","isMergeCommit":true,"messageTitle":"Merge branch \u0027master\u0027 of github.com:LicongHuang/tp into convertlead","messageBody":"","fileTypesAndContributionMap":{}},{"hash":"7f3bb3e815b6f6df04ee660a76fa92d80abaf4ed","isMergeCommit":false,"messageTitle":"Update test","messageBody":"","fileTypesAndContributionMap":{"functional-code":{"insertions":8,"deletions":3},"test-code":{"insertions":5,"deletions":3}}},{"hash":"37b9027f80e9bd4749ee37917bb77626ca5cc137","isMergeCommit":false,"messageTitle":"Update test","messageBody":"","fileTypesAndContributionMap":{"functional-code":{"insertions":8,"deletions":2}}}]},{"date":"2023-10-28","commitResults":[{"hash":"f4ef0f1e1a769269c8a4a88ed3d99190b24868f9","isMergeCommit":false,"messageTitle":"Add comments","messageBody":"","fileTypesAndContributionMap":{"test-code":{"insertions":14,"deletions":8}}},{"hash":"11852c2ecf3377b7b2892ffbc6ad3d80c4ff4cbb","isMergeCommit":false,"messageTitle":"Add comments","messageBody":"","fileTypesAndContributionMap":{"test-code":{"insertions":3,"deletions":3}}},{"hash":"5d9419aeee08d174d92cd5eee81361ff0adca369","isMergeCommit":false,"messageTitle":"Add comments","messageBody":"","fileTypesAndContributionMap":{"test-code":{"insertions":4,"deletions":4}}},{"hash":"76246b265643424c3e6e61558bfa2155b3c663d8","isMergeCommit":false,"messageTitle":"Add comments","messageBody":"","fileTypesAndContributionMap":{"test-code":{"insertions":18,"deletions":14}}},{"hash":"8faef41dd6e4db67a825814103883fd61a756025","isMergeCommit":false,"messageTitle":"Add comments","messageBody":"","fileTypesAndContributionMap":{"test-code":{"insertions":7,"deletions":7}}},{"hash":"7c40deb8c471b7ccb094b0d833af044eb7e71a33","isMergeCommit":false,"messageTitle":"Add comments","messageBody":"","fileTypesAndContributionMap":{"test-code":{"insertions":8,"deletions":3}}},{"hash":"74997f0eb18facecff0490fa44b59dcd5886be10","isMergeCommit":false,"messageTitle":"Add comments","messageBody":"","fileTypesAndContributionMap":{"test-code":{"insertions":6,"deletions":3}}},{"hash":"27f2d4f1b3706703e395e0f3d01aa9e8e8741908","isMergeCommit":false,"messageTitle":"Add comments","messageBody":"","fileTypesAndContributionMap":{"test-code":{"insertions":4,"deletions":8}}},{"hash":"054c87d3d58f71e227c77dfad8782c3380d736e4","isMergeCommit":false,"messageTitle":"Add comments","messageBody":"","fileTypesAndContributionMap":{"test-code":{"insertions":2,"deletions":3}}},{"hash":"f885cfb5b325eea9a83d4dc8b3e0e6f87f63193b","isMergeCommit":false,"messageTitle":"Add comments","messageBody":"","fileTypesAndContributionMap":{"test-code":{"insertions":2,"deletions":1}}},{"hash":"1d67beb0c6962fa2686cbb3fdc98c3cd183a7f58","isMergeCommit":false,"messageTitle":"Add comments","messageBody":"","fileTypesAndContributionMap":{"test-code":{"insertions":2,"deletions":2}}}]},{"date":"2023-10-29","commitResults":[{"hash":"be5207d07f8be18e8a41c56b14cfe8a50d42ef1f","isMergeCommit":false,"messageTitle":"Add Convert Command Parser","messageBody":"","fileTypesAndContributionMap":{"functional-code":{"insertions":71,"deletions":0}}},{"hash":"0651b2672351606fb14f4053aff1eeafce4a560e","isMergeCommit":false,"messageTitle":"Add Convert Command Parser","messageBody":"","fileTypesAndContributionMap":{"functional-code":{"insertions":2,"deletions":6}}},{"hash":"7575194cdb4cb41b76df3198f613c8c91bb6b383","isMergeCommit":false,"messageTitle":"Add Convert Command Parser","messageBody":"","fileTypesAndContributionMap":{"functional-code":{"insertions":1,"deletions":3},"docs":{"insertions":11,"deletions":11}}},{"hash":"6be261d15168f82bd03be51c731a6dd880a905d4","isMergeCommit":false,"messageTitle":"Add Convert Command Parser","messageBody":"","fileTypesAndContributionMap":{"docs":{"insertions":10,"deletions":0}}},{"hash":"9e4457c1e84bbd8db5dd75c1c5a6629cb448ee11","isMergeCommit":false,"messageTitle":"Add Convert Command Parser","messageBody":"","fileTypesAndContributionMap":{"functional-code":{"insertions":1,"deletions":1}}},{"hash":"ce44d09d0618b3f0750b7b68d8a8defa5f7e570f","isMergeCommit":false,"messageTitle":"Add Convert Command Parser","messageBody":"","fileTypesAndContributionMap":{"functional-code":{"insertions":1,"deletions":1},"docs":{"insertions":7,"deletions":1}}},{"hash":"08f445960308e5c8ebd6af707285424470b7ac88","isMergeCommit":false,"messageTitle":"Add Convert Command Parser","messageBody":"","fileTypesAndContributionMap":{"test-code":{"insertions":2,"deletions":2}}},{"hash":"ca7fedc4c717b1efb1104da4c974a67a79b884ae","isMergeCommit":false,"messageTitle":"Add Parser test","messageBody":"","fileTypesAndContributionMap":{"test-code":{"insertions":58,"deletions":0}}},{"hash":"e6d8c1797ac33f48d57976bffc4ecb236e37096f","isMergeCommit":false,"messageTitle":"Add Parser test","messageBody":"","fileTypesAndContributionMap":{"test-code":{"insertions":4,"deletions":2}}},{"hash":"3c80ed998fc3e9193d87b930965d00379885699f","isMergeCommit":false,"messageTitle":"Add Parser test","messageBody":"","fileTypesAndContributionMap":{"test-code":{"insertions":0,"deletions":1}}}]},{"date":"2023-10-31","commitResults":[{"hash":"69d9c4fc0cf52f5c5fe55026bb28c42e1ed31207","isMergeCommit":true,"messageTitle":"Merge pull request #108 from tiif/branch-add-field","messageBody":"Branch add field for Lead\u0027s KeyMilestone","fileTypesAndContributionMap":{}}]},{"date":"2023-11-01","commitResults":[{"hash":"1eae881d3de43aab08d1e54016f953dee4bcf064","isMergeCommit":true,"messageTitle":"Merge pull request #110 from garylow2001/meeting-times","messageBody":"Add command to delete meeting time from clients and leads","fileTypesAndContributionMap":{}},{"hash":"a36e21b3f7941abde2bb5e45634f0a279c5aacc6","isMergeCommit":true,"messageTitle":"Merge pull request #115 from jx124/fix-wrong-exception-bug","messageBody":"Fix bug caused by calling toString on wrong object","fileTypesAndContributionMap":{}}]},{"date":"2023-11-02","commitResults":[{"hash":"68a3831b7d747fec4607cdbe303485006bb45a95","isMergeCommit":true,"messageTitle":"Merge pull request #116 from tiif/branch-add-field","messageBody":"Added Testcases and Fixed Bugs for KeyMilestone","fileTypesAndContributionMap":{}},{"hash":"9c76b9b41fd03963d1064d1ea125cbb3fd79f8d4","isMergeCommit":true,"messageTitle":"Merge pull request #118 from tiif/branch-add-field","messageBody":"Fixes toString error when editing lead","fileTypesAndContributionMap":{}},{"hash":"c6a0b078431ba765dc707cb79e712a323fd5b99c","isMergeCommit":true,"messageTitle":"Merge pull request #119 from yuxunn/UI-Main","messageBody":"Add wrap text to result display","tags":["v1.3"],"fileTypesAndContributionMap":{}}]},{"date":"2023-11-03","commitResults":[{"hash":"c9300b42912384fd0ff3f5c65fdf1b663d43f8a3","isMergeCommit":false,"messageTitle":"Fix bug temporary","messageBody":"","fileTypesAndContributionMap":{"functional-code":{"insertions":2,"deletions":3},"docs":{"insertions":15,"deletions":4}}},{"hash":"359cbe6346920d0689c7b4239fd530fd177dbc39","isMergeCommit":false,"messageTitle":"Fix bug temporary","messageBody":"","fileTypesAndContributionMap":{"functional-code":{"insertions":9,"deletions":1},"docs":{"insertions":22,"deletions":2}}},{"hash":"30ec9ffc0e40bfceddcd832642236732673fba73","isMergeCommit":false,"messageTitle":"Fix User Guide","messageBody":"","fileTypesAndContributionMap":{"docs":{"insertions":3,"deletions":3}}},{"hash":"cbd57ed9921131b317dfc52ca8e6131a8a6761df","isMergeCommit":false,"messageTitle":"Fix User Guide","messageBody":"","fileTypesAndContributionMap":{"test-code":{"insertions":11,"deletions":1}}},{"hash":"2ee26b11133702d7e5df5128f4effdccc4eb0d5a","isMergeCommit":false,"messageTitle":"Fix User Guide","messageBody":"","fileTypesAndContributionMap":{"test-code":{"insertions":0,"deletions":1}}},{"hash":"a3792a76f7943b4e816148c273e2eb6c6d8c9007","isMergeCommit":false,"messageTitle":"Update UserGuide.md","messageBody":"","fileTypesAndContributionMap":{"docs":{"insertions":1,"deletions":1}}},{"hash":"0286a354fa0f489bf6130ebd17fc84f79a50f5cd","isMergeCommit":true,"messageTitle":"Merge pull request #130 from yuxunn/UG-3","messageBody":"Add h4 header","fileTypesAndContributionMap":{}},{"hash":"c76c7f5f98a27633166529530fdbeb95ae9904f2","isMergeCommit":true,"messageTitle":"Merge pull request #129 from tiif/branch-update-ug","messageBody":"Branch update ug for KeyMilestone","fileTypesAndContributionMap":{}}]},{"date":"2023-11-07","commitResults":[{"hash":"4feb4c01196a62305df29c79577464695b80f52c","isMergeCommit":false,"messageTitle":"Update UserGuide","messageBody":"","fileTypesAndContributionMap":{"functional-code":{"insertions":8,"deletions":3},"docs":{"insertions":45,"deletions":5},"test-code":{"insertions":35,"deletions":28}}}]},{"date":"2023-11-08","commitResults":[{"hash":"41c95c8376eff3a423c9daf9ea0cc6c45fde1a16","isMergeCommit":true,"messageTitle":"Merge pull request #185 from tiif/branch-fix-bug","messageBody":"Update user guide","fileTypesAndContributionMap":{}}]},{"date":"2023-11-09","commitResults":[{"hash":"a3d3eb615499096569d5ac70edf7bc258eb09b18","isMergeCommit":true,"messageTitle":"Merge pull request #193 from tiif/branch-update-ppp","messageBody":"Update PPP","fileTypesAndContributionMap":{}},{"hash":"0a103ac7aecaddf8cc477e43a19cb4d26c8f4770","isMergeCommit":false,"messageTitle":"Updated PPP","messageBody":"","fileTypesAndContributionMap":{"docs":{"insertions":27,"deletions":11}}},{"hash":"ff9b611cd7182525055fb2f2f6b69b48e8e88b87","isMergeCommit":false,"messageTitle":"Reformat PPP","messageBody":"","fileTypesAndContributionMap":{"docs":{"insertions":25,"deletions":17}}},{"hash":"a74884618c2b492eef1b418ac900ccd582616e7c","isMergeCommit":false,"messageTitle":"Update PPP","messageBody":"","fileTypesAndContributionMap":{"docs":{"insertions":2,"deletions":2}}}]},{"date":"2023-11-10","commitResults":[{"hash":"e57573f3d811c61a392351f92635a85ae3eedc1d","isMergeCommit":false,"messageTitle":"Update PPP","messageBody":"","fileTypesAndContributionMap":{"docs":{"insertions":1,"deletions":1}}}]},{"date":"2023-11-13","commitResults":[{"hash":"6234f72690fb3c6f273a07e0d193267c33098640","isMergeCommit":false,"messageTitle":"Update PPP and DG","messageBody":"","fileTypesAndContributionMap":{"docs":{"insertions":184,"deletions":8}}},{"hash":"6a5e8528a1408248e52dce6f269c0a03f830ebd8","isMergeCommit":false,"messageTitle":"Update PPP and DG","messageBody":"","fileTypesAndContributionMap":{"docs":{"insertions":2,"deletions":2}}},{"hash":"ca7aef36667532593987addf5508347534af48a8","isMergeCommit":false,"messageTitle":"Update PPP and DG","messageBody":"","fileTypesAndContributionMap":{"docs":{"insertions":20,"deletions":20}}},{"hash":"e4fb4bd194d24efa17642bab7aef4e93eea528c7","isMergeCommit":true,"messageTitle":"Update PPP and DG","messageBody":"","fileTypesAndContributionMap":{}},{"hash":"44b01cd63df0eb7e2da0401a4bb8b8a0927fd4fd","isMergeCommit":true,"messageTitle":"Merge pull request #203 from tiif/branch-planned-enhancement","messageBody":"Added planned enhancement","fileTypesAndContributionMap":{}}]}]},"authorFileTypeContributionMap":{"tiif":{"docs":163,"functional-code":441,"test-code":1184,"other":4},"jx124":{"docs":137,"functional-code":508,"test-code":618,"other":4},"yuxunn":{"docs":388,"functional-code":545,"test-code":155},"garylow2001":{"docs":693,"functional-code":636,"test-code":1223},"LicongHuang":{"docs":407,"functional-code":335,"test-code":632}},"authorContributionVariance":{"tiif":37662.707,"jx124":9278.967,"yuxunn":19622.928,"garylow2001":63543.355,"LicongHuang":59272.867},"authorDisplayNameMap":{"tiif":"CS2103T-F08-2 TIFF..YUAN","jx124":"CS2103T-F08-2 NEO ..IANG","yuxunn":"CS2103T-F08-2 TEE .. XUN","garylow2001":"CS2103T-F08-2 LOW ..GARY","LicongHuang":"CS2103T-F08-2 HUAN..CONG"}}
