{"authorDailyContributionsMap":{"dinde2004":[{"date":"2023-10-03","commitResults":[{"hash":"5d00c2b00b3b825922810d9664bdbc90a20249ed","isMergeCommit":false,"messageTitle":"Modify the information about the delete function in the User guide","messageBody":"","fileTypesAndContributionMap":{"docs":{"insertions":6,"deletions":7}}},{"hash":"e4be36d3c18e5bfba309bb7f6b73ab66c8904a10","isMergeCommit":false,"messageTitle":"Add my PPP Skeleton","messageBody":"","fileTypesAndContributionMap":{"docs":{"insertions":40,"deletions":51}}},{"hash":"43d3ae13bbb18f840996bac0075d9a24cfb2798b","isMergeCommit":true,"messageTitle":"Merge pull request #24 from kwangthiag/branch-UG","messageBody":"Edit Find in User Guide","fileTypesAndContributionMap":{}},{"hash":"3089fd662d2a1ce4719c9dacf7a9bbcafefdea3f","isMergeCommit":true,"messageTitle":"Merge pull request #31 from kwangthiag/branch-Photo","messageBody":"Add Photo","fileTypesAndContributionMap":{}}]},{"date":"2023-10-05","commitResults":[{"hash":"ad8e074b23d9ceaaf3b197c2719d227f0e34d845","isMergeCommit":false,"messageTitle":"Add non-functional requirements","messageBody":"","fileTypesAndContributionMap":{"docs":{"insertions":13,"deletions":5}}}]},{"date":"2023-10-13","commitResults":[{"hash":"f3da755d8bad30affefad48f2c27d581773f9dbc","isMergeCommit":false,"messageTitle":"Add cli syntax for cancel appointment command","messageBody":"","fileTypesAndContributionMap":{"functional-code":{"insertions":23,"deletions":0}}},{"hash":"c16b564303d4f2e3fe85f97bef67bef7bda8674f","isMergeCommit":false,"messageTitle":"Fix checkstyle","messageBody":"","fileTypesAndContributionMap":{"functional-code":{"insertions":0,"deletions":17}}}]},{"date":"2023-10-19","commitResults":[{"hash":"f44ecd9b6a041420f5485c31400776abce13e93f","isMergeCommit":false,"messageTitle":"Add function to cancel an appointment and view all appointments","messageBody":"","fileTypesAndContributionMap":{"functional-code":{"insertions":140,"deletions":0}}},{"hash":"406fd1f0dfd0043c4d0f2e4aef223f1c23b18008","isMergeCommit":false,"messageTitle":"Fix some checkstyle errors","messageBody":"","fileTypesAndContributionMap":{"functional-code":{"insertions":24,"deletions":13}}},{"hash":"20d9544776fcf66402897c2a228e1c7e01669e32","isMergeCommit":false,"messageTitle":"Fix checkstyle error when resolving conflict","messageBody":"","fileTypesAndContributionMap":{"functional-code":{"insertions":34,"deletions":24}}},{"hash":"cf3f6515809c54f2adb90fb4e84e47d3d6aa9d61","isMergeCommit":true,"messageTitle":"Resolve conflicts and fix checkstyle errors","messageBody":"","fileTypesAndContributionMap":{}},{"hash":"1dad3ae61528c5d2689310f543e52959b028bac6","isMergeCommit":true,"messageTitle":"Resolve conflicts and fix checkstyle errors","messageBody":"","fileTypesAndContributionMap":{}},{"hash":"24827d436697412287b5ab31660fddaa576c376f","isMergeCommit":false,"messageTitle":"Add newline at the end of AddressBookParser class","messageBody":"","fileTypesAndContributionMap":{"functional-code":{"insertions":1,"deletions":1}}},{"hash":"ec1a0e0002f6567eb1e52c16ac305f4bda092ad3","isMergeCommit":false,"messageTitle":"Fix indentation of switch case in AddressBookParser class","messageBody":"","fileTypesAndContributionMap":{"functional-code":{"insertions":27,"deletions":27}}}]},{"date":"2023-10-25","commitResults":[{"hash":"877186d2138f33a3f1fc8e1ed04f2b4d718292e2","isMergeCommit":false,"messageTitle":"Add tests for cancel and view appointments command","messageBody":"","fileTypesAndContributionMap":{"functional-code":{"insertions":4,"deletions":4},"test-code":{"insertions":148,"deletions":0}}},{"hash":"688eabaebc5d8b0c233d84bd8597b2a46337b12f","isMergeCommit":false,"messageTitle":"Add developer guide for cancel and view appointments command","messageBody":"","fileTypesAndContributionMap":{"docs":{"insertions":52,"deletions":1}}}]}],"kwangthiag":[{"date":"2023-10-03","commitResults":[{"hash":"9bae180d4256376ab95b902d330f6e49205c49fb","isMergeCommit":false,"messageTitle":"Edit Find in User Guide","messageBody":"","fileTypesAndContributionMap":{"docs":{"insertions":5,"deletions":5}}},{"hash":"daf987bb602220afab9aaafbe66c68f217d45031","isMergeCommit":false,"messageTitle":"Edit profile","messageBody":"","fileTypesAndContributionMap":{"docs":{"insertions":36,"deletions":51}}},{"hash":"afad1cef2ea4a41ad525ca875edad2a630ca873d","isMergeCommit":false,"messageTitle":"Fix UG names","messageBody":"","fileTypesAndContributionMap":{"docs":{"insertions":6,"deletions":6}}},{"hash":"fedf891b59f7dd5bdd3d60f5b7ab862e789748a3","isMergeCommit":false,"messageTitle":"Add my profile in AboutUs.md","messageBody":"","fileTypesAndContributionMap":{"docs":{"insertions":4,"deletions":4}}},{"hash":"1f73d8e902d7af02c88f42a54aa66576dbd4821f","isMergeCommit":true,"messageTitle":"Merge pull request #32 from licongshen12/branch-UG-Update","messageBody":"Edit Update in User Guide","fileTypesAndContributionMap":{}},{"hash":"762936620c5b516254067ca204ee0014b6533508","isMergeCommit":true,"messageTitle":"Merge pull request #36 from trgao/tianrun-PPP","messageBody":"","fileTypesAndContributionMap":{}},{"hash":"dccd4e821fb31fd36eb69823c4201dde55ceae71","isMergeCommit":true,"messageTitle":"Merge pull request #38 from trgao/update-readme","messageBody":"","fileTypesAndContributionMap":{}},{"hash":"711e19e35ac06cb3a2a347a6ef565266a7b011c1","isMergeCommit":true,"messageTitle":"Merge pull request #39 from trgao/fix-project-website","messageBody":"","fileTypesAndContributionMap":{}}]},{"date":"2023-10-04","commitResults":[{"hash":"746d234af8d94b6e97153d9bde72f613af8e3c3e","isMergeCommit":false,"messageTitle":"Add Use Cases to Developer Guide","messageBody":"","fileTypesAndContributionMap":{"docs":{"insertions":96,"deletions":10}}},{"hash":"25219847c3d472fe556b4e90d740d27b16022ea8","isMergeCommit":true,"messageTitle":"Merge pull request #49 from trgao/update-readme-aboutus","messageBody":"Update readme badge and PPP pages","fileTypesAndContributionMap":{}},{"hash":"f2ff0ee3e9eeeeefdb41d7d730c9540ee9952c64","isMergeCommit":true,"messageTitle":"Merge pull request #52 from trgao/fix-bill-photo-name","messageBody":"Fix Bill photo file name","fileTypesAndContributionMap":{}}]},{"date":"2023-10-13","commitResults":[{"hash":"3ca8eb443acbec2beb407aef39c7ddcfd61983d5","isMergeCommit":false,"messageTitle":"Fix Reschedule command syntax","messageBody":"","fileTypesAndContributionMap":{"functional-code":{"insertions":90,"deletions":1}}},{"hash":"2b52f009c495e056423e3b3c99f3081e9481c951","isMergeCommit":false,"messageTitle":"Fix Checkstyle","messageBody":"","fileTypesAndContributionMap":{"functional-code":{"insertions":6,"deletions":17}}}]},{"date":"2023-10-16","commitResults":[{"hash":"85e5a88be54bf3d57f620558e68fec390aaedcd5","isMergeCommit":true,"messageTitle":"Resolve merge conflict in CliSyntax.java","messageBody":"","fileTypesAndContributionMap":{}}]},{"date":"2023-10-17","commitResults":[{"hash":"c57f468cc4f59db531299accae171d9532313a44","isMergeCommit":false,"messageTitle":"Make Reschedule Command","messageBody":"","fileTypesAndContributionMap":{"functional-code":{"insertions":120,"deletions":16}}},{"hash":"7e8503afa0c9b010fe2cbd60ca993642d0580562","isMergeCommit":false,"messageTitle":"Make Reschedule Command","messageBody":"","fileTypesAndContributionMap":{"functional-code":{"insertions":21,"deletions":8}}},{"hash":"bccc220773b1ca02826086827c9bee4b77d2138c","isMergeCommit":false,"messageTitle":"Fix Checkstyle","messageBody":"","fileTypesAndContributionMap":{"functional-code":{"insertions":4,"deletions":2}}},{"hash":"bab64c8cc3b53a7b42a7c680b5777ea2d377f8aa","isMergeCommit":true,"messageTitle":"Merge pull request #77 from trgao/fix-appointment","messageBody":"Fix appointment class","fileTypesAndContributionMap":{}},{"hash":"0d1b3b306b48e6c44e45c1111d8ca95bf427fc9b","isMergeCommit":true,"messageTitle":"Merge pull request #75 from trgao/change-birthdate-format","messageBody":"Change birthdate format","fileTypesAndContributionMap":{}}]},{"date":"2023-10-18","commitResults":[{"hash":"42ab380f1658dca097ccb8d5db80a024fdf26ecf","isMergeCommit":true,"messageTitle":"Merge pull request #78 from trgao/fix-appointment-json","messageBody":"Fix appointments storage","fileTypesAndContributionMap":{}}]},{"date":"2023-10-19","commitResults":[{"hash":"21bc55c53cc391b6d5e227cbb5263cee333f2c54","isMergeCommit":false,"messageTitle":"Add toString method to RescheduleCommand class","messageBody":"","fileTypesAndContributionMap":{"functional-code":{"insertions":8,"deletions":0}}},{"hash":"d83af4b8f038b4a6255cda3b4532e91d0fa7135d","isMergeCommit":true,"messageTitle":"Merge pull request #90 from trgao/fix-invocation-bug","messageBody":"Fix invocation target error bug","fileTypesAndContributionMap":{}}]},{"date":"2023-10-23","commitResults":[{"hash":"6e4b7e858ba55daa9f0ab053f170ee4ac79a4f37","isMergeCommit":true,"messageTitle":"Merge pull request #101 from trgao/add-appointment-json-test","messageBody":"Add appointment json test","fileTypesAndContributionMap":{}}]},{"date":"2023-10-24","commitResults":[{"hash":"ff01315f5b303099ec00b223186ffc876eb0c20e","isMergeCommit":false,"messageTitle":"Add tests to reschedule command and fix reschedule command","messageBody":"","fileTypesAndContributionMap":{"functional-code":{"insertions":3,"deletions":1},"test-code":{"insertions":190,"deletions":0}}},{"hash":"66e19b18d95fb24553d7daa201b8fba20762096e","isMergeCommit":false,"messageTitle":"Fix Reschedule command test","messageBody":"","fileTypesAndContributionMap":{"test-code":{"insertions":3,"deletions":4}}},{"hash":"21ee2b1f69debd438d886c30dd7ac75f428a8619","isMergeCommit":false,"messageTitle":"Fix Reschedule command test","messageBody":"","fileTypesAndContributionMap":{"test-code":{"insertions":0,"deletions":1}}},{"hash":"1a6fc4d159dc017829ea2dea8d8a16355fbd4a46","isMergeCommit":false,"messageTitle":"Add appointment commands to features and command summary in user guide.","messageBody":"","fileTypesAndContributionMap":{"docs":{"insertions":55,"deletions":17}}},{"hash":"0f921ccf34774f978c7e83ecc471c14ec76fdfbc","isMergeCommit":false,"messageTitle":"Add appointment commands to features and command summary in user guide.","messageBody":"","fileTypesAndContributionMap":{"docs":{"insertions":12,"deletions":12}}},{"hash":"372921b378bf10a671a765efd06c933ced714695","isMergeCommit":false,"messageTitle":"Change message printed for Reschedule Command when index out of bounds","messageBody":"","fileTypesAndContributionMap":{"functional-code":{"insertions":1,"deletions":1},"test-code":{"insertions":1,"deletions":1}}},{"hash":"c11784a50b33b6791b15603928ab4aa2bdb16128","isMergeCommit":false,"messageTitle":"Change message printed for Reschedule Command when index out of bounds","messageBody":"","fileTypesAndContributionMap":{"test-code":{"insertions":1,"deletions":1}}}]},{"date":"2023-10-25","commitResults":[{"hash":"8d51d34c190888b5abbd2a18c1a847baa9e790e5","isMergeCommit":false,"messageTitle":"Added to Developer Guide for Reschedule Command","messageBody":"","fileTypesAndContributionMap":{"docs":{"insertions":39,"deletions":0}}},{"hash":"80d13d3cce8069e0e2facc7b0e6f86b7e4befc08","isMergeCommit":true,"messageTitle":"Merge pull request #126 from trgao/fix-user-guide","messageBody":"Fix user guide","fileTypesAndContributionMap":{}},{"hash":"5c486ffbde6a4bc45a785b760e171f5b33eaee2c","isMergeCommit":true,"messageTitle":"Merge pull request #127 from trgao/today-command","messageBody":"Today command","fileTypesAndContributionMap":{}},{"hash":"a43406c677002e1855cc2097b4bccfa7d655f487","isMergeCommit":false,"messageTitle":"Add Diagnose Feature","messageBody":"","fileTypesAndContributionMap":{"functional-code":{"insertions":178,"deletions":3}}},{"hash":"539b045788393fb5461b0e370910699d5014e5b2","isMergeCommit":false,"messageTitle":"Add Undiagnose Command","messageBody":"","fileTypesAndContributionMap":{"functional-code":{"insertions":208,"deletions":1}}},{"hash":"8ef691b9b7f3a037dd63e57691abf420f8050a7c","isMergeCommit":false,"messageTitle":"Add Sort Command","messageBody":"","fileTypesAndContributionMap":{"functional-code":{"insertions":69,"deletions":2}}},{"hash":"d84358f36ec9d076be09e468bbf9418a2a970dc1","isMergeCommit":true,"messageTitle":"Merge pull request #135 from trgao/developer-guide-upcoming-appointments","messageBody":"Add upcoming command to developer guide","fileTypesAndContributionMap":{}},{"hash":"69fb71c9dae114b9ce72d3b3e07d953bcf31da98","isMergeCommit":false,"messageTitle":"Remove Illnesses from EditCommand, Change Illness to Illnesses in AddCommand, fixed tests for both","messageBody":"","fileTypesAndContributionMap":{"functional-code":{"insertions":16,"deletions":66},"test-code":{"insertions":47,"deletions":105}}},{"hash":"1c8a540c7ab5768d075f3f52fdf6c90cb91e1d42","isMergeCommit":true,"messageTitle":"Add Sort Command","messageBody":"","fileTypesAndContributionMap":{}},{"hash":"8ecd0f685e008266c7b4900a3564f32e90f76b88","isMergeCommit":true,"messageTitle":"Merge branch \u0027sort\u0027 of https://github.com/kwangthiag/tp into sort","messageBody":"","fileTypesAndContributionMap":{}},{"hash":"37757368a5c81c28ff11880e4ebe934f998e3d6e","isMergeCommit":true,"messageTitle":"Merge branch \u0027master\u0027 into sort","messageBody":"","fileTypesAndContributionMap":{}}]},{"date":"2023-10-26","commitResults":[{"hash":"e5e2e471eddee1f93b9acceb626295d8a9beec75","isMergeCommit":true,"messageTitle":"Merge pull request #140 from trgao/fix-upcoming-sequence-diagram","messageBody":"Fix sequence diagram","fileTypesAndContributionMap":{}},{"hash":"243b7ef11799774defa2c2d996bca8e422f08574","isMergeCommit":false,"messageTitle":"Update AddressBookParser.java","messageBody":"","fileTypesAndContributionMap":{"functional-code":{"insertions":0,"deletions":6}}},{"hash":"55c408265dde2fdbfb7a32e12e16e3030e3e3c6f","isMergeCommit":true,"messageTitle":"Merge pull request #143 from trgao/edit-user-guide-2101","messageBody":"Improve user guide based on feedback","fileTypesAndContributionMap":{}},{"hash":"3d885c9a24ca613e36b40eaaf029e2cafdb83725","isMergeCommit":false,"messageTitle":"Add tests for Diagnose and Undiagnose Commands","messageBody":"","fileTypesAndContributionMap":{"functional-code":{"insertions":7,"deletions":5},"test-code":{"insertions":402,"deletions":0}}}]},{"date":"2023-10-27","commitResults":[{"hash":"4958cf6de4cd1fff21c42be4a0c5ee063fde4cd1","isMergeCommit":true,"messageTitle":"Merge pull request #147 from licongshen12/branch-undo-tests","messageBody":"Branch undo tests","fileTypesAndContributionMap":{}},{"hash":"8b8b6a5a191fdcdc335b86e0180ff22299e1621e","isMergeCommit":true,"messageTitle":"Merge pull request #148 from licongshen12/branch-undo-tests","messageBody":"Edit UndoCommandTest","fileTypesAndContributionMap":{}},{"hash":"e86a3a21ec0dfe798d72952634568985c9a49e10","isMergeCommit":true,"messageTitle":"Merge pull request #150 from licongshen12/branch-parser-tests","messageBody":"Add UndoCommandParserTest and RedoCommandParserTest","fileTypesAndContributionMap":{}}]},{"date":"2023-10-28","commitResults":[{"hash":"97bc9a5d08e575730762c0c35005b79415fa59aa","isMergeCommit":false,"messageTitle":"Add undo tests for Diagnose, Undiagnose and Sort commands","messageBody":"","fileTypesAndContributionMap":{"test-code":{"insertions":87,"deletions":2}}}]},{"date":"2023-10-29","commitResults":[{"hash":"239336eba605bdb3bfe21523f2177754a8e3324c","isMergeCommit":true,"messageTitle":"Merge pull request #154 from trgao/fix-user-guide-and-commands","messageBody":"Fix user guide and commands messages","fileTypesAndContributionMap":{}}]},{"date":"2023-10-31","commitResults":[{"hash":"7af15e529054274ef0fb75e4f63361ed42a12280","isMergeCommit":false,"messageTitle":"Add Parser Tests for Diagnose and Undiagnose Commands","messageBody":"","fileTypesAndContributionMap":{"functional-code":{"insertions":1,"deletions":1},"test-code":{"insertions":203,"deletions":15}}}]}],"billieboy7":[{"date":"2023-10-03","commitResults":[{"hash":"01942884fa4537e6b8993a661771d6a31194a576","isMergeCommit":false,"messageTitle":"Update UserGuide.md - Add functionality","messageBody":"","fileTypesAndContributionMap":{"docs":{"insertions":8,"deletions":10}}},{"hash":"8489049a126da8e6bc323bc19b78cf9ac07c1061","isMergeCommit":true,"messageTitle":"Merge pull request #26 from dinde2004/tutorial-adding-command","messageBody":"Modify the information about the delete function in the User guide","fileTypesAndContributionMap":{}}]},{"date":"2023-10-04","commitResults":[{"hash":"d46989c7f9f65feef7064a03ff49db00c0ca2bec","isMergeCommit":false,"messageTitle":"Update Target User and Value Proposition in Developer Guide","messageBody":"","fileTypesAndContributionMap":{"docs":{"insertions":6,"deletions":3}}},{"hash":"4ac4d7070b4b38e6c93179b4a6e8f4ced6aff617","isMergeCommit":false,"messageTitle":"Add Bill\u0027s skeletal PPP for Project","messageBody":"","fileTypesAndContributionMap":{"docs":{"insertions":30,"deletions":0}}}]},{"date":"2023-10-13","commitResults":[{"hash":"af5598ae15134a0ac3846dd635f7620ce74c553d","isMergeCommit":false,"messageTitle":"Add Appointment Messages","messageBody":"","fileTypesAndContributionMap":{"functional-code":{"insertions":15,"deletions":0}}}]},{"date":"2023-10-16","commitResults":[{"hash":"d4619239a4e0e7eb5c773c1b30ec02bbf20e2be4","isMergeCommit":false,"messageTitle":"Add AddAppointment Class","messageBody":"","fileTypesAndContributionMap":{"functional-code":{"insertions":170,"deletions":2}}}]},{"date":"2023-10-17","commitResults":[{"hash":"c6bc8b826a403350b9adbdedf45082c32a075df9","isMergeCommit":false,"messageTitle":"Add AddAppointmentParser class yet to fix \"clash in appointment\" error bug","messageBody":"","fileTypesAndContributionMap":{"functional-code":{"insertions":321,"deletions":147}}},{"hash":"11cc34af61cce3965df42438c7cf30dc0f9361db","isMergeCommit":false,"messageTitle":"Fix clash with appointment bug","messageBody":"","fileTypesAndContributionMap":{"functional-code":{"insertions":6,"deletions":5}}},{"hash":"e46d561df903940232a5cc26ee7e5fd8e313c154","isMergeCommit":false,"messageTitle":"Add additional checks for checking of Start time and End time.","messageBody":"","fileTypesAndContributionMap":{"functional-code":{"insertions":33,"deletions":2}}},{"hash":"b97f4c2435b1823c57188b2f3b03f76168e91ff7","isMergeCommit":false,"messageTitle":"Clear issues for CheckStyleMain","messageBody":"","fileTypesAndContributionMap":{"functional-code":{"insertions":38,"deletions":26}}}]},{"date":"2023-10-21","commitResults":[{"hash":"c046fb4c66067dd1eaf03d82d9a6e0154a30acdf","isMergeCommit":false,"messageTitle":"Add AppointmentBuilder.java, AppointmentTimeBuilder.java, AppointmentCommandTestUtil.java and additional Schedule Command Tests","messageBody":"","fileTypesAndContributionMap":{"test-code":{"insertions":275,"deletions":0}}}]},{"date":"2023-10-22","commitResults":[{"hash":"97d9dff018a5db204f240d76f80b83a8cb4d8730","isMergeCommit":false,"messageTitle":"Fix CheckStyle","messageBody":"","fileTypesAndContributionMap":{"test-code":{"insertions":31,"deletions":33}}},{"hash":"7af1e5c4a533fd2cc6ce74759a472cb863e3d948","isMergeCommit":true,"messageTitle":"Merge pull request #95 from trgao/enable-assertions","messageBody":"Enable assertions","fileTypesAndContributionMap":{}}]},{"date":"2023-10-24","commitResults":[{"hash":"ac1caa73746f6ce94d9833dae65d45ca298972f3","isMergeCommit":false,"messageTitle":"Add Introduction to UserGuide.md","messageBody":"","fileTypesAndContributionMap":{"docs":{"insertions":38,"deletions":5}}}]},{"date":"2023-10-25","commitResults":[{"hash":"50e20beca870752cfc2a9fde53e75c1169f77285","isMergeCommit":false,"messageTitle":"Add FindPatientFilter.java","messageBody":"","fileTypesAndContributionMap":{"functional-code":{"insertions":91,"deletions":0}}},{"hash":"44c08f04b01d5f574fcf1363252c9ff724e7de7d","isMergeCommit":false,"messageTitle":"Add FindPatientCommand.java","messageBody":"","fileTypesAndContributionMap":{"functional-code":{"insertions":4,"deletions":0}}},{"hash":"7f28df1437175dafe94a941dcaeb70ee0d40c40c","isMergeCommit":false,"messageTitle":" Set up FindPatientAppointmentCommandParser.java","messageBody":"","fileTypesAndContributionMap":{"functional-code":{"insertions":18,"deletions":0}}},{"hash":"60f2c16db77819138993f71e0699ab42048f2acc","isMergeCommit":false,"messageTitle":"Add ScheduleCommand description to DG","messageBody":"","fileTypesAndContributionMap":{"docs":{"insertions":46,"deletions":0}}}]},{"date":"2023-10-26","commitResults":[{"hash":"927ef85d07a0bc7b8d0afb853e133a58e0cb5c88","isMergeCommit":false,"messageTitle":"Add find patient\u0027s appointment functionality","messageBody":"","fileTypesAndContributionMap":{"functional-code":{"insertions":25,"deletions":2}}},{"hash":"acba8d9324b4b65480dd30071d2c596ec8cb1113","isMergeCommit":false,"messageTitle":"Fix Checkstyle","messageBody":"","fileTypesAndContributionMap":{"functional-code":{"insertions":39,"deletions":21}}},{"hash":"8b9307d6ee8950e6aa8b1fad39218408b9bc1a29","isMergeCommit":true,"messageTitle":"Merge branch \u0027master\u0027 into FindPatientAppointmentCommand","messageBody":"","fileTypesAndContributionMap":{}}]},{"date":"2023-10-29","commitResults":[{"hash":"86a169897658c09c0f3d92a06a48204ae8f65db5","isMergeCommit":false,"messageTitle":"Add FindIllness Functionality","messageBody":"","fileTypesAndContributionMap":{"functional-code":{"insertions":129,"deletions":0}}},{"hash":"221e0271e4cc8606bb064a99998315745f27cb26","isMergeCommit":false,"messageTitle":"Add JavaDocs","messageBody":"","fileTypesAndContributionMap":{"functional-code":{"insertions":28,"deletions":0}}},{"hash":"a50e3fe23f2ae11d2dcfda041d97031b5ca03624","isMergeCommit":false,"messageTitle":"Fix FindIllnessCommand equals() method bug","messageBody":"","fileTypesAndContributionMap":{"functional-code":{"insertions":7,"deletions":6},"test-code":{"insertions":45,"deletions":0}}},{"hash":"cc664fb1f712a6953cc2fa1d9d4eaa4110d9e98d","isMergeCommit":false,"messageTitle":"Add FindIllnessCommandTest","messageBody":"","fileTypesAndContributionMap":{"test-code":{"insertions":68,"deletions":2}}},{"hash":"840a3ffdfebe36eb23d003505ef8f085b87c7cd0","isMergeCommit":false,"messageTitle":"Standardise the illness tag to be saved in lowercase at all times","messageBody":"Problem: The DiagnoseCommand accepted tags in all cases. This caused an issue for the findIllnessCommand when checking for matching tags as the illness tags are case-sensitive.\n\nSolution: To make the find illness functionality case-insensitive, the illness tags are standardised to be in lower case.\n","fileTypesAndContributionMap":{"functional-code":{"insertions":8,"deletions":3}}},{"hash":"131f9b3c72b04257873533a167db28b912c86963","isMergeCommit":false,"messageTitle":"Fix CheckStyle","messageBody":"","fileTypesAndContributionMap":{"functional-code":{"insertions":7,"deletions":11},"test-code":{"insertions":108,"deletions":22}}}]},{"date":"2023-10-31","commitResults":[{"hash":"19800ab2ade2ef12697e86404cdc8295158a2e85","isMergeCommit":false,"messageTitle":"Add PriorityTag Class","messageBody":"","fileTypesAndContributionMap":{"functional-code":{"insertions":59,"deletions":0}}},{"hash":"cdb0eda155811c325360ccb41850a7ee24bd4b57","isMergeCommit":false,"messageTitle":"Modify Appointment Class to take in Priority Tag","messageBody":"","fileTypesAndContributionMap":{"functional-code":{"insertions":15,"deletions":3}}},{"hash":"4a2017172af3e7403f84beb99e5d46ffd90f3ca4","isMergeCommit":false,"messageTitle":"Add Priority Tag Functionality","messageBody":"","fileTypesAndContributionMap":{"functional-code":{"insertions":85,"deletions":12}}},{"hash":"fb247f0a678f77d5cfba5c140df69b922e8e7587","isMergeCommit":false,"messageTitle":"Modify Reschedule Command Tests","messageBody":"","fileTypesAndContributionMap":{"test-code":{"insertions":45,"deletions":22}}},{"hash":"0200be5b11cd77d388a16123cd8f37db7b462a7a","isMergeCommit":false,"messageTitle":"Fix CheckStyle","messageBody":"","fileTypesAndContributionMap":{"functional-code":{"insertions":10,"deletions":2},"test-code":{"insertions":30,"deletions":1}}}]},{"date":"2023-11-01","commitResults":[{"hash":"ecf51e5ecb23d2e5f84efe0ac94f506e06ec012a","isMergeCommit":false,"messageTitle":"Correct failing tests","messageBody":"","fileTypesAndContributionMap":{"test-code":{"insertions":4,"deletions":2}}}]}],"licongshen12":[{"date":"2023-10-03","commitResults":[{"hash":"630a4c2b82ba4e21744d7c5a7b720d939a263731","isMergeCommit":false,"messageTitle":"Edit Update in User Guide","messageBody":"","fileTypesAndContributionMap":{"other":{"insertions":4,"deletions":4},"docs":{"insertions":6,"deletions":11}}},{"hash":"0f3dafba2c8a8da3f7ea6293d2163bb63c0757fd","isMergeCommit":true,"messageTitle":"Merge pull request #30 from trgao/user-guide-misc","messageBody":"Update miscellaneous for user guide","fileTypesAndContributionMap":{}},{"hash":"27150ab7f34a0f08353f9a69311ad77fc04c3a72","isMergeCommit":false,"messageTitle":"Edit Update in User Guide","messageBody":"","fileTypesAndContributionMap":{"docs":{"insertions":1,"deletions":1}}},{"hash":"2912180e25834edaca3ee10796fcea1659663de6","isMergeCommit":false,"messageTitle":"Add licongshen.md and Update AboutUs.md","messageBody":"","fileTypesAndContributionMap":{"docs":{"insertions":45,"deletions":56}}}]},{"date":"2023-10-06","commitResults":[{"hash":"e4d943152aff21e2b4854f78e9ff3ecd33e0a50f","isMergeCommit":false,"messageTitle":"Update DG Glossary","messageBody":"","fileTypesAndContributionMap":{"docs":{"insertions":36,"deletions":3}}}]},{"date":"2023-10-13","commitResults":[{"hash":"2c9c8f844485d2b8100e9ec8a943a22950753110","isMergeCommit":true,"messageTitle":"Merge pull request #65 from trgao/refactor-person-class","messageBody":"Refactor person class","fileTypesAndContributionMap":{}},{"hash":"6157adda764837f01652aef9414630f6ca23d376","isMergeCommit":false,"messageTitle":"Add Appointment class","messageBody":"","fileTypesAndContributionMap":{"functional-code":{"insertions":262,"deletions":24},"other":{"insertions":6,"deletions":6},"test-code":{"insertions":44,"deletions":26}}},{"hash":"184a081fcad0bb849b43871c3e7fe4add7869f72","isMergeCommit":false,"messageTitle":"Edit Checkstyle errors","messageBody":"","fileTypesAndContributionMap":{"functional-code":{"insertions":30,"deletions":15},"test-code":{"insertions":6,"deletions":15}}},{"hash":"0c4ecf089a0387669dc1a64cfed83de56b62a6bd","isMergeCommit":false,"messageTitle":"Edit Checkstyle errors","messageBody":"","fileTypesAndContributionMap":{"test-code":{"insertions":4,"deletions":4}}}]},{"date":"2023-10-14","commitResults":[{"hash":"b153bdcddd3742ac042d4c3057886de525f6e8bb","isMergeCommit":true,"messageTitle":"Merge pull request #72 from trgao/add-appointments-ui","messageBody":"Add appointments UI and appointments list","fileTypesAndContributionMap":{}}]},{"date":"2023-10-19","commitResults":[{"hash":"d25466e511ab2aa83945f352799c0eadf73777e1","isMergeCommit":true,"messageTitle":"Merge pull request #91 from trgao/refactor-code","messageBody":"Minor changes","fileTypesAndContributionMap":{}},{"hash":"d6eb97fea0d242522b1e6a9b9ac5b2334b98216c","isMergeCommit":false,"messageTitle":"Add stubs to ScheduleCommandTest","messageBody":"","fileTypesAndContributionMap":{"test-code":{"insertions":153,"deletions":0}}},{"hash":"14a0d213f404325a94a76e1712061c9d0c96f37e","isMergeCommit":false,"messageTitle":"Add stubs to ScheduleCommandTest","messageBody":"","fileTypesAndContributionMap":{"test-code":{"insertions":0,"deletions":4}}}]},{"date":"2023-10-20","commitResults":[{"hash":"f37afe6f02b8b4d833f6f7d6a0bd409fbc2ecbb9","isMergeCommit":true,"messageTitle":"Merge pull request #94 from trgao/change-patient-id-to-name","messageBody":"Change patient id to name","tags":["v1.2"],"fileTypesAndContributionMap":{}}]},{"date":"2023-10-24","commitResults":[{"hash":"e00f4301f35b2e0520d0c0fc5d5f8d475497d9bc","isMergeCommit":true,"messageTitle":"Merge pull request #109 from trgao/add-tutorial","messageBody":"Add tutorial section for user guide","fileTypesAndContributionMap":{}},{"hash":"f40682a845e35ee1a94acfa12d4a90ba51a7b3ab","isMergeCommit":false,"messageTitle":"Add undo command","messageBody":"","fileTypesAndContributionMap":{"functional-code":{"insertions":255,"deletions":6},"test-code":{"insertions":32,"deletions":15}}},{"hash":"5c1b1bef1111c909c0da3fa7fa37be7eff2c2018","isMergeCommit":false,"messageTitle":"Fix undo command","messageBody":"","fileTypesAndContributionMap":{"functional-code":{"insertions":9,"deletions":7}}},{"hash":"544bd8b0142de12b927d7e1e570bb347e7e1cec8","isMergeCommit":true,"messageTitle":"Merge pull request #117 from trgao/fix-user-guide-format","messageBody":"Fix links in user guide","fileTypesAndContributionMap":{}},{"hash":"e71db32d767888a8b51ed32f4b1b81d8cac8b0a3","isMergeCommit":true,"messageTitle":"Merge pull request #119 from trgao/change-quick-start","messageBody":"Change quick start section of users guide","fileTypesAndContributionMap":{}},{"hash":"fdd118ac519e1259562fabc9bb7801c032872d89","isMergeCommit":false,"messageTitle":"Add redo","messageBody":"","fileTypesAndContributionMap":{"functional-code":{"insertions":51,"deletions":0}}},{"hash":"5193db62222bde1430aa0ffdb47af10848bf6d38","isMergeCommit":false,"messageTitle":"Add redo","messageBody":"","fileTypesAndContributionMap":{"functional-code":{"insertions":48,"deletions":1}}}]},{"date":"2023-10-25","commitResults":[{"hash":"41b57dfc375e4b4807f625f82aa8e868decef401","isMergeCommit":true,"messageTitle":"Merge pull request #122 from trgao/delete-appointments-with-patient","messageBody":"Remove appointments when deleting patients","fileTypesAndContributionMap":{}},{"hash":"09ba914799331b24f6da9df8bec9b86034643896","isMergeCommit":false,"messageTitle":"Update Developer Guide to include undo/redo feature","messageBody":"","fileTypesAndContributionMap":{"docs":{"insertions":47,"deletions":0}}},{"hash":"5ef33b2a50e5ebad57bccb100b89fb42e262f536","isMergeCommit":false,"messageTitle":"Updated glossary and undo/redo commands","messageBody":"","fileTypesAndContributionMap":{"docs":{"insertions":9,"deletions":0}}}]},{"date":"2023-10-27","commitResults":[{"hash":"2c36a7a7234718e79236541dd5397094173d4646","isMergeCommit":false,"messageTitle":"Add UndoCommandTest","messageBody":"Add unit tests and integration tests for undoCommand with personCommand.\n","fileTypesAndContributionMap":{"test-code":{"insertions":269,"deletions":0}}},{"hash":"a5fdb4e31e36e8607c971e809b4dba31241db0ff","isMergeCommit":false,"messageTitle":"Add UndoCommandTest","messageBody":"Add unit tests and integration tests for person commands.\n","fileTypesAndContributionMap":{"test-code":{"insertions":3,"deletions":3}}},{"hash":"aa3f64ecde9ea7e4b6e572fc50e9806b1c5a6091","isMergeCommit":false,"messageTitle":"Edit UndoCommandTest","messageBody":"Add integration tests for appointment commands. Tests for diagnose,\nundiagnose and sort to be implemented.\n","fileTypesAndContributionMap":{"test-code":{"insertions":98,"deletions":16}}},{"hash":"eafed69b293494ccd200a658ba6655b0ed31cc64","isMergeCommit":false,"messageTitle":"Add UndoCommandParserTest and RedoCommandParserTest","messageBody":"","fileTypesAndContributionMap":{"test-code":{"insertions":54,"deletions":0}}}]},{"date":"2023-10-31","commitResults":[{"hash":"e0a721e6b8eeb2c1fc99f0fc2f24359fd393eaf7","isMergeCommit":false,"messageTitle":"Add undo to clear command","messageBody":"","fileTypesAndContributionMap":{"functional-code":{"insertions":1,"deletions":1}}},{"hash":"270fb7d98a383f1bc7fda17bb8bfce128d5902b6","isMergeCommit":true,"messageTitle":"Merge pull request #155 from trgao/patients-and-list-commands","messageBody":"Add list command and change patients command","fileTypesAndContributionMap":{}},{"hash":"8b924e02038a21af50d003a7f9b5d04a9314b106","isMergeCommit":true,"messageTitle":"Merge pull request #158 from trgao/update-ui","messageBody":"Update UI","fileTypesAndContributionMap":{}}]}],"trgao":[{"date":"2023-10-03","commitResults":[{"hash":"6df5beaa2bd141449d763e94e23cacba183b8442","isMergeCommit":false,"messageTitle":"Update miscellaneous for user guide","messageBody":"","fileTypesAndContributionMap":{"docs":{"insertions":20,"deletions":26}}},{"hash":"ec50dac8e7c68af9ed2b9c1363fd51d26c1829ca","isMergeCommit":true,"messageTitle":"Merge pull request #28 from billieboy7/UGAddFunctionality","messageBody":"Update UserGuide.md - Add functionality","fileTypesAndContributionMap":{}},{"hash":"6c22fa209a990bbfe56fcac7981cb61abb6ae427","isMergeCommit":true,"messageTitle":"Merge branch \u0027master\u0027 into ppp-skeleton","messageBody":"","fileTypesAndContributionMap":{}},{"hash":"4ccc66c48e04a9a4f526f7374989cdd43fefaa5f","isMergeCommit":true,"messageTitle":"Merge pull request #33 from dinde2004/ppp-skeleton","messageBody":"Add my PPP Skeleton","fileTypesAndContributionMap":{}},{"hash":"6cf8dffea393f742244fb3775742a50f40c011dc","isMergeCommit":true,"messageTitle":"Merge pull request #34 from dinde2004/photo","messageBody":"Add my personal photo","fileTypesAndContributionMap":{}},{"hash":"0a387bac717f3017bdb4687347e25fa216a59afb","isMergeCommit":true,"messageTitle":"Merge branch \u0027master\u0027 into branch-PPP","messageBody":"","fileTypesAndContributionMap":{}},{"hash":"6f0a3b4b395ed215bd6057df6958b298f4a83be1","isMergeCommit":true,"messageTitle":"Merge pull request #35 from licongshen12/branch-PPP","messageBody":"Add licongshen.md and Update AboutUs.md","fileTypesAndContributionMap":{}},{"hash":"8a244ee0ff698438da7dbe3f6d1835f8334ceaf7","isMergeCommit":false,"messageTitle":"Update AboutUs page and add individual photo","messageBody":"","fileTypesAndContributionMap":{"docs":{"insertions":10,"deletions":10}}},{"hash":"c4f82741f6b9fd4212097cd838d73fb96ce02e26","isMergeCommit":false,"messageTitle":"Add individual project portfolio page","messageBody":"","fileTypesAndContributionMap":{"docs":{"insertions":37,"deletions":4}}},{"hash":"0ef0cd269a1c668c0cb18e21ab1276856a519e6e","isMergeCommit":false,"messageTitle":"Update project website and readme page","messageBody":"","fileTypesAndContributionMap":{"docs":{"insertions":11,"deletions":10}}},{"hash":"2ae927c4b38c0229a9a89244d5a9d58c5c8154e2","isMergeCommit":false,"messageTitle":"Fix style issues","messageBody":"","fileTypesAndContributionMap":{"docs":{"insertions":8,"deletions":19}}},{"hash":"976eaecc87da27559ddb6a434032e80dbe6f4d2a","isMergeCommit":false,"messageTitle":"Fix codecov badge","messageBody":"","fileTypesAndContributionMap":{"docs":{"insertions":1,"deletions":1}}},{"hash":"854424eb2c9b1501296b0a58af79075250d76b9b","isMergeCommit":false,"messageTitle":"Fix individual ppp page","messageBody":"","fileTypesAndContributionMap":{"docs":{"insertions":1,"deletions":1}}},{"hash":"c078ef58b6aab476327a9fb3c5b740aa569df5fd","isMergeCommit":false,"messageTitle":"Fix product website link","messageBody":"","fileTypesAndContributionMap":{"docs":{"insertions":1,"deletions":1}}}]},{"date":"2023-10-04","commitResults":[{"hash":"ed88e5fb3ecdf079b849b512bd1c8d189c7863e9","isMergeCommit":true,"messageTitle":"Merge pull request #45 from billieboy7/DG_TargetUserAndValueProp","messageBody":"Update Target User and Value Proposition in Developer Guide","fileTypesAndContributionMap":{}},{"hash":"cb77aae4c170d996eede9274f85930606b47e8d3","isMergeCommit":true,"messageTitle":"Merge pull request #46 from billieboy7/Week7-PPP","messageBody":"Add Bill\u0027s skeletal PPP for Project","fileTypesAndContributionMap":{}},{"hash":"87f11097091efb6388ff854714571ab70634dd89","isMergeCommit":true,"messageTitle":"Merge pull request #47 from billieboy7/Week7_BillIMG","messageBody":"Add Bill photo","fileTypesAndContributionMap":{}},{"hash":"c907f0d75c9268af9a993cb244b2aafc8ce733e1","isMergeCommit":true,"messageTitle":"Merge pull request #48 from kwangthiag/b-DevGuide","messageBody":"Add Use Cases to Developer Guide","fileTypesAndContributionMap":{}},{"hash":"3f84d2ed84e1d385e8f772bfd28169afcf436dc9","isMergeCommit":false,"messageTitle":"Add reposense links","messageBody":"","fileTypesAndContributionMap":{"docs":{"insertions":7,"deletions":7}}},{"hash":"08630668af750fab84a41cd1c75f589d9bfedb35","isMergeCommit":false,"messageTitle":"Update readme github badge","messageBody":"","fileTypesAndContributionMap":{"docs":{"insertions":1,"deletions":2}}},{"hash":"ac0e45677e4131354061943d64fe2f91537c90f6","isMergeCommit":false,"messageTitle":"Fix aboutus page","messageBody":"","fileTypesAndContributionMap":{"docs":{"insertions":7,"deletions":7}}},{"hash":"2a1e828d0edbbcb25f96dc6bf1ce5761ffdddf77","isMergeCommit":false,"messageTitle":"Update user stories in developer guide","messageBody":"","fileTypesAndContributionMap":{"docs":{"insertions":24,"deletions":18}}},{"hash":"3c83af82d28402e004748734722a61396dd8bd86","isMergeCommit":true,"messageTitle":"Merge pull request #50 from trgao/update-DG-user-stories","messageBody":"Update user stories in developer guide","fileTypesAndContributionMap":{}}]},{"date":"2023-10-05","commitResults":[{"hash":"226650a795c40b8e5b2f4654ceb5eae92ead643b","isMergeCommit":true,"messageTitle":"Merge pull request #53 from dinde2004/non-functional-requirements","messageBody":"Add non-functional requirements","fileTypesAndContributionMap":{}}]},{"date":"2023-10-06","commitResults":[{"hash":"2e1d75bd06e2c4196865b20269b1adb4fd08d767","isMergeCommit":true,"messageTitle":"Merge branch \u0027master\u0027 into branch-update-DG","messageBody":"","fileTypesAndContributionMap":{}},{"hash":"8789120b5d1051b2a236b94e430c992d1a134d6c","isMergeCommit":true,"messageTitle":"Merge pull request #55 from licongshen12/branch-update-DG","messageBody":"Update DG Glossary","tags":["v1.1"],"fileTypesAndContributionMap":{}}]},{"date":"2023-10-12","commitResults":[{"hash":"1c8d48ab7df097dd2eaaf8856a54c5ee3e8054b1","isMergeCommit":false,"messageTitle":"Add birthdate attribute to person class","messageBody":"","fileTypesAndContributionMap":{"functional-code":{"insertions":134,"deletions":18},"test-code":{"insertions":14,"deletions":1}}},{"hash":"047b2336bbc07fe6af90a6b6784dc7e0d006b1db","isMergeCommit":false,"messageTitle":"Fix birthdate","messageBody":"","fileTypesAndContributionMap":{"functional-code":{"insertions":19,"deletions":7}}},{"hash":"c794178922b0739b5143345a3c488bb788bb6e8a","isMergeCommit":false,"messageTitle":"Add gender attribute to person class","messageBody":"","fileTypesAndContributionMap":{"functional-code":{"insertions":139,"deletions":20}}},{"hash":"6962e784c48df74ee9eae7db6939146efefc3e8c","isMergeCommit":false,"messageTitle":"Fix tests","messageBody":"","fileTypesAndContributionMap":{"functional-code":{"insertions":53,"deletions":40},"test-code":{"insertions":201,"deletions":50}}},{"hash":"cc6d7aa72aae9b0c7458e9b6c94a5b6a8df000d0","isMergeCommit":false,"messageTitle":"Change name of app","messageBody":"","fileTypesAndContributionMap":{"functional-code":{"insertions":1,"deletions":1},"other":{"insertions":1,"deletions":1}}},{"hash":"27c7a3fb693d4584c122151b05d6c698aed68d63","isMergeCommit":false,"messageTitle":"Change prefix for commands","messageBody":"","fileTypesAndContributionMap":{"functional-code":{"insertions":7,"deletions":7}}}]},{"date":"2023-10-13","commitResults":[{"hash":"4c43ef18b2fbc46f08ad7511d2e368c172f698a0","isMergeCommit":false,"messageTitle":"Fix order of attributes","messageBody":"","fileTypesAndContributionMap":{"functional-code":{"insertions":59,"deletions":59},"test-code":{"insertions":51,"deletions":49}}},{"hash":"1eb26ef078b57eb6582cca5b0f3453ac32a17a48","isMergeCommit":false,"messageTitle":"Change user guide url","messageBody":"","fileTypesAndContributionMap":{"functional-code":{"insertions":1,"deletions":1}}},{"hash":"c2c4eec58b27ef45729c4ee82ea0125034229a83","isMergeCommit":false,"messageTitle":"Update commands","messageBody":"","fileTypesAndContributionMap":{"functional-code":{"insertions":38,"deletions":28},"test-code":{"insertions":42,"deletions":33}}},{"hash":"f0771a8d02397750c6b61cb28acffe04315a33ed","isMergeCommit":true,"messageTitle":"Merge pull request #66 from licongshen12/branch-add-appointment","messageBody":"Add Appointment class","fileTypesAndContributionMap":{}}]},{"date":"2023-10-14","commitResults":[{"hash":"3afd3162497d6419247723c9096fdeea1ec45a72","isMergeCommit":false,"messageTitle":"Add appointments ui and appointment list to logic","messageBody":"","fileTypesAndContributionMap":{"functional-code":{"insertions":435,"deletions":17}}},{"hash":"1c5e0c83028b177d55274d6ea8be6538e25d60ed","isMergeCommit":false,"messageTitle":"Fix tests and refactor commands and parser","messageBody":"","fileTypesAndContributionMap":{"functional-code":{"insertions":10,"deletions":1},"other":{"insertions":63,"deletions":25},"test-code":{"insertions":10,"deletions":3}}},{"hash":"72cc88f3af7de667d42eec6f1f41480acf7de38e","isMergeCommit":false,"messageTitle":"Update appointment model","messageBody":"","fileTypesAndContributionMap":{"functional-code":{"insertions":45,"deletions":37}}},{"hash":"64f4a368a6070dba20f91cf7b4275a56ec44667f","isMergeCommit":false,"messageTitle":"Add prefixes for appointments","messageBody":"","fileTypesAndContributionMap":{"functional-code":{"insertions":6,"deletions":1}}},{"hash":"4f1fb9b7d60700601f88070de9d4c7453070af22","isMergeCommit":true,"messageTitle":"Merge branch \u0027master\u0027 into AppointmentMessages","messageBody":"","fileTypesAndContributionMap":{}},{"hash":"3a5353fd7e43a2414b67bbb3e2ab1ec558956ad0","isMergeCommit":true,"messageTitle":"Merge pull request #70 from billieboy7/AppointmentMessages","messageBody":"Add Appointment Messages","fileTypesAndContributionMap":{}},{"hash":"b6dcb4d4f3e4a78632d613bea284a117749fba57","isMergeCommit":true,"messageTitle":"Merge branch \u0027master\u0027 into appointment-cancel-command","messageBody":"","fileTypesAndContributionMap":{}}]},{"date":"2023-10-17","commitResults":[{"hash":"92be17919281f6ecab5fa68dff54b72e209250f3","isMergeCommit":false,"messageTitle":"Change default person tags","messageBody":"","fileTypesAndContributionMap":{"functional-code":{"insertions":6,"deletions":6}}},{"hash":"98fda47189313b1c4fde5411e9134daf0f4f264f","isMergeCommit":true,"messageTitle":"Merge pull request #69 from kwangthiag/resched","messageBody":"Fix Reschedule command syntax","fileTypesAndContributionMap":{}},{"hash":"6c784e512678818d4a3b36f2af77dadaefc091a5","isMergeCommit":false,"messageTitle":"Change birthdate format","messageBody":"","fileTypesAndContributionMap":{"functional-code":{"insertions":21,"deletions":16},"test-code":{"insertions":11,"deletions":10}}},{"hash":"6a8fb98920d6fca17dafd2be170fc92631b89b90","isMergeCommit":true,"messageTitle":"Merge pull request #74 from trgao/change-tags-data","messageBody":"Change default person tags","fileTypesAndContributionMap":{}},{"hash":"bcefcfce6a4e3b89c78a2ddc22ec75bae295221a","isMergeCommit":true,"messageTitle":"Merge branch \u0027master\u0027 into change-birthdate-format","messageBody":"","fileTypesAndContributionMap":{}},{"hash":"4e02350f0b55846dbcfad87e05ec81d6c1ea75bd","isMergeCommit":false,"messageTitle":"Fix checkstyle","messageBody":"","fileTypesAndContributionMap":{"functional-code":{"insertions":4,"deletions":4}}},{"hash":"168e219c6f12eb56b17c8741635dee262105d62d","isMergeCommit":false,"messageTitle":"Fix merge conflict","messageBody":"","fileTypesAndContributionMap":{"functional-code":{"insertions":24,"deletions":24}}},{"hash":"eb80080650faaeb275764680bfebae57517a641e","isMergeCommit":true,"messageTitle":"Fix merge conflict","messageBody":"","fileTypesAndContributionMap":{}},{"hash":"1d87b1cb560ad6d0594cfbfff9c5d4d8bc73b50d","isMergeCommit":false,"messageTitle":"Fix checkstyle","messageBody":"","fileTypesAndContributionMap":{"functional-code":{"insertions":24,"deletions":24}}},{"hash":"adac76f647d60394642f062a31b4421ceb83f9f9","isMergeCommit":true,"messageTitle":"Merge branch \u0027master\u0027 into AddAppointment","messageBody":"","fileTypesAndContributionMap":{}},{"hash":"7bdb8baaa53d29b50738eb9c083277225dff4570","isMergeCommit":true,"messageTitle":"Merge pull request #76 from billieboy7/AddAppointment","messageBody":"Add Appointment Feature ","fileTypesAndContributionMap":{}},{"hash":"ecffb0aab2b44f13280482c1ff5176b89e250082","isMergeCommit":false,"messageTitle":"Fix appointment class","messageBody":"","fileTypesAndContributionMap":{"functional-code":{"insertions":104,"deletions":50}}}]},{"date":"2023-10-18","commitResults":[{"hash":"912b5769b75513f4f1dec9af85cc407cfad0f62e","isMergeCommit":false,"messageTitle":"Fix appointments storage","messageBody":"","fileTypesAndContributionMap":{"functional-code":{"insertions":179,"deletions":73}}},{"hash":"bd55a83ec32e6f2a36670b6ebb485e7cb0630683","isMergeCommit":false,"messageTitle":"Fix date formatting","messageBody":"","fileTypesAndContributionMap":{"functional-code":{"insertions":20,"deletions":24},"test-code":{"insertions":12,"deletions":13}}},{"hash":"90cc555ea8bea6629116c2ed6ec0ce895dc64561","isMergeCommit":true,"messageTitle":"Merge pull request #84 from trgao/standardise-date-format","messageBody":"Fix date formatting","fileTypesAndContributionMap":{}}]},{"date":"2023-10-19","commitResults":[{"hash":"f659dc2c91e6ba389e1f697b15bfc689df6dba74","isMergeCommit":true,"messageTitle":"Merge branch \u0027master\u0027 into appointment-cancel-and-view-command","messageBody":"","fileTypesAndContributionMap":{}},{"hash":"4180c5e00c55b8680f9a6d2ce8959bd12b9984a0","isMergeCommit":true,"messageTitle":"Merge pull request #88 from kwangthiag/resched","messageBody":"Add toString method to RescheduleCommand class","fileTypesAndContributionMap":{}},{"hash":"534dadb7143cb22cf9ea8a49c66332b9193a24ca","isMergeCommit":false,"messageTitle":"Fix invocation target error bug","messageBody":"","fileTypesAndContributionMap":{"functional-code":{"insertions":1,"deletions":1}}},{"hash":"d290f448f728431d7340e219646907a33699c4fb","isMergeCommit":true,"messageTitle":"Merge pull request #89 from dinde2004/appointment-cancel-and-view-command","messageBody":"Add function to cancel an appointment and view all appointments","fileTypesAndContributionMap":{}},{"hash":"117a75badaa03229fd771433058bbbde6dadad04","isMergeCommit":false,"messageTitle":"Minor changes","messageBody":"","fileTypesAndContributionMap":{"functional-code":{"insertions":18,"deletions":19},"other":{"insertions":8,"deletions":7}}},{"hash":"025890fdedf3402cbb8320146681b0865910e73b","isMergeCommit":true,"messageTitle":"Merge pull request #93 from licongshen12/branch-ScheduleCommandTest","messageBody":"Add stubs to ScheduleCommandTest","fileTypesAndContributionMap":{}},{"hash":"436d43832c99003146b6b2b4722753f1db5af574","isMergeCommit":false,"messageTitle":"Change patient id to patient name","messageBody":"","fileTypesAndContributionMap":{"functional-code":{"insertions":75,"deletions":55},"other":{"insertions":6,"deletions":5},"test-code":{"insertions":1,"deletions":1}}},{"hash":"5407dcf0ced12e08b44c0e8bdf8ccb1b6d3b52e2","isMergeCommit":false,"messageTitle":"Fix checkstyle","messageBody":"","fileTypesAndContributionMap":{"functional-code":{"insertions":3,"deletions":4},"test-code":{"insertions":16,"deletions":3}}}]},{"date":"2023-10-20","commitResults":[{"hash":"e070c0e94e9d53dff0741f3c03125e35b658a523","isMergeCommit":false,"messageTitle":"Fix bug","messageBody":"","fileTypesAndContributionMap":{"functional-code":{"insertions":3,"deletions":3}}},{"hash":"b3456d5311ae81b7a8468ae891c7ee204badb086","isMergeCommit":false,"messageTitle":"Remove id from parsers","messageBody":"","fileTypesAndContributionMap":{"functional-code":{"insertions":54,"deletions":67}}},{"hash":"47aa5d610fb80d9a0c3042f0391239123cbcdf1f","isMergeCommit":false,"messageTitle":"Fix tests","messageBody":"","fileTypesAndContributionMap":{"functional-code":{"insertions":0,"deletions":5},"test-code":{"insertions":31,"deletions":33}}},{"hash":"d0a12f5bd730fd20574f3185619972e0f0516a8f","isMergeCommit":false,"messageTitle":"Remove println","messageBody":"","fileTypesAndContributionMap":{"functional-code":{"insertions":0,"deletions":1}}},{"hash":"54e6baffe6948d1f7b4d30fe6a4351a934b1bc4d","isMergeCommit":false,"messageTitle":"Fix command descriptions","messageBody":"","fileTypesAndContributionMap":{"functional-code":{"insertions":6,"deletions":7},"test-code":{"insertions":33,"deletions":33}}},{"hash":"b1e347f9b4fdc37b9d160a3df3203f53abecefc3","isMergeCommit":false,"messageTitle":"Fix checkstyle","messageBody":"","fileTypesAndContributionMap":{"functional-code":{"insertions":0,"deletions":1},"test-code":{"insertions":3,"deletions":3}}}]},{"date":"2023-10-21","commitResults":[{"hash":"85eebf34f68e12f0dbc83667ce26f5225e89b82c","isMergeCommit":false,"messageTitle":"Enable assertions","messageBody":"","fileTypesAndContributionMap":{"other":{"insertions":4,"deletions":0}}}]},{"date":"2023-10-22","commitResults":[{"hash":"9ad01f3efead7bd98f330731d72d3d402d752245","isMergeCommit":true,"messageTitle":"Merge pull request #96 from billieboy7/AdditionalScheduleCommandTests","messageBody":"Additional schedule command tests","fileTypesAndContributionMap":{}}]},{"date":"2023-10-23","commitResults":[{"hash":"f4828a428dc71e516f9ae93b668ab5ded13ac570","isMergeCommit":false,"messageTitle":"Add tests for JsonAdaptedAppointment class","messageBody":"","fileTypesAndContributionMap":{"functional-code":{"insertions":2,"deletions":0},"test-code":{"insertions":101,"deletions":0}}},{"hash":"41d6a1bf869d883cb35bbc868a8d3f64cb845b80","isMergeCommit":false,"messageTitle":"Refactor parsing datetimes and changing datetime to string functions","messageBody":"","fileTypesAndContributionMap":{"functional-code":{"insertions":73,"deletions":32},"test-code":{"insertions":18,"deletions":17}}},{"hash":"47edd90f86e7582f2ca78f22cfaf4d34bb8d4e66","isMergeCommit":false,"messageTitle":"Add additional tests","messageBody":"","fileTypesAndContributionMap":{"test-code":{"insertions":17,"deletions":1}}},{"hash":"771298b2963a74cde55535b10729da3dd49c834b","isMergeCommit":false,"messageTitle":"Add test for non-existent patient","messageBody":"","fileTypesAndContributionMap":{"functional-code":{"insertions":9,"deletions":17},"test-code":{"insertions":10,"deletions":3}}},{"hash":"8c7cb490fff01fa74de65b6838e2f376d0f43795","isMergeCommit":false,"messageTitle":"Fix checkstyle","messageBody":"","fileTypesAndContributionMap":{"functional-code":{"insertions":12,"deletions":11},"test-code":{"insertions":6,"deletions":8}}}]},{"date":"2023-10-24","commitResults":[{"hash":"23cfbe86638595fdc3df56cd6c5fe19b8edd875a","isMergeCommit":true,"messageTitle":"Merge pull request #102 from kwangthiag/resched","messageBody":"Add tests to reschedule command and fix reschedule command","fileTypesAndContributionMap":{}},{"hash":"617a228fd8bb0b87c446cfd746785d536bef8fe2","isMergeCommit":false,"messageTitle":"Add tutorial section for user guide","messageBody":"","fileTypesAndContributionMap":{"docs":{"insertions":46,"deletions":0}}},{"hash":"0bdd0fe434809867d1f4f86dc6dec51eac000f7a","isMergeCommit":true,"messageTitle":"Merge pull request #110 from kwangthiag/resched","messageBody":"Fix Reschedule command test","fileTypesAndContributionMap":{}},{"hash":"e1db4d1b99c4833350437fe8a283c5a3be235a16","isMergeCommit":true,"messageTitle":"Merge pull request #111 from kwangthiag/apptcmdug","messageBody":"Add appointment commands to features and command summary in user guide.","fileTypesAndContributionMap":{}},{"hash":"e664bd2b4b71706229f95dbf6e68fc5ab7785467","isMergeCommit":true,"messageTitle":"Merge pull request #112 from licongshen12/branch-undo","messageBody":"Add undo command","fileTypesAndContributionMap":{}},{"hash":"652a913b29dbb1edad8d680f23f3a6d0c9773bd2","isMergeCommit":false,"messageTitle":"Reformat user guide","messageBody":"","fileTypesAndContributionMap":{"docs":{"insertions":114,"deletions":97}}},{"hash":"be2e798d6b6aa1c36f3e15004a669372dcf6940b","isMergeCommit":false,"messageTitle":"Change command description formats","messageBody":"","fileTypesAndContributionMap":{"docs":{"insertions":2,"deletions":2}}},{"hash":"3442700cd04806db5a879ec6a1be51fc6fbf0ce0","isMergeCommit":true,"messageTitle":"Merge pull request #114 from billieboy7/UG_Intro","messageBody":"Add Introduction to UserGuide.md","fileTypesAndContributionMap":{}},{"hash":"4b01ae95eca17ec54231a4578ba8e113be1bba4f","isMergeCommit":true,"messageTitle":"Merge pull request #115 from trgao/reformat-commands-user-guide","messageBody":"Reformat commands user guide","fileTypesAndContributionMap":{}},{"hash":"77049cac3f93720aa691ffd2f0f879565e8b6878","isMergeCommit":false,"messageTitle":"Fix links in user guide","messageBody":"","fileTypesAndContributionMap":{"docs":{"insertions":21,"deletions":17}}},{"hash":"d17ff60cb23014da3e008aa2470d927fe396752e","isMergeCommit":true,"messageTitle":"Merge pull request #118 from licongshen12/branch-fix-undo","messageBody":"Fix undo command","fileTypesAndContributionMap":{}},{"hash":"bb6a84be2d966d595b41e375486707a4d5a11ee3","isMergeCommit":false,"messageTitle":"Change quick start section of users guide","messageBody":"","fileTypesAndContributionMap":{"functional-code":{"insertions":1,"deletions":1},"docs":{"insertions":44,"deletions":21}}},{"hash":"7ca17e268b962281ca8a0ccc5c143a805206ba82","isMergeCommit":true,"messageTitle":"Merge pull request #120 from licongshen12/branch-redo","messageBody":"Branch redo","fileTypesAndContributionMap":{}},{"hash":"9139d6749e381ef7817e00684b9d704a8cb88004","isMergeCommit":true,"messageTitle":"Merge pull request #121 from kwangthiag/resched","messageBody":"Change message printed for Reschedule Command when index out of bounds","fileTypesAndContributionMap":{}},{"hash":"82e3daa946ed56a86d73a230183a3c03878d6d2b","isMergeCommit":false,"messageTitle":"Remove appointments when deleting patients","messageBody":"","fileTypesAndContributionMap":{"functional-code":{"insertions":11,"deletions":1},"docs":{"insertions":55,"deletions":6}}}]},{"date":"2023-10-25","commitResults":[{"hash":"3c63db4bb24c11d073fa9ca2377ac2616050b4e3","isMergeCommit":true,"messageTitle":"Merge pull request #123 from dinde2004/add-cancel-and-view-appointments-command-test","messageBody":"Add tests for cancel and view appointments command","fileTypesAndContributionMap":{}},{"hash":"9ae14e9b952a19bd57a60d39f08ec36ff17e495b","isMergeCommit":true,"messageTitle":"Merge pull request #124 from kwangthiag/devguide","messageBody":"Added to Developer Guide for Reschedule Command","fileTypesAndContributionMap":{}},{"hash":"c739bd01fa75af1851feb991e460f2c8762c5063","isMergeCommit":false,"messageTitle":"Increase font size for ui","messageBody":"","fileTypesAndContributionMap":{"functional-code":{"insertions":4,"deletions":4}}},{"hash":"84be481943f03cebe19d99b6c72f63cedf958de5","isMergeCommit":false,"messageTitle":"Update ui","messageBody":"","fileTypesAndContributionMap":{"functional-code":{"insertions":6,"deletions":6}}},{"hash":"fea35de2f74e61d5f802bf5c15fd780ddb86ed08","isMergeCommit":false,"messageTitle":"Add clock","messageBody":"","fileTypesAndContributionMap":{"functional-code":{"insertions":27,"deletions":1}}},{"hash":"a345fbdbcdb4ca3b06150d7dedb81c157cbbcf22","isMergeCommit":false,"messageTitle":"Fix user guide","messageBody":"","fileTypesAndContributionMap":{"docs":{"insertions":62,"deletions":11}}},{"hash":"0d1a2c1d463f04e6e7bc89093e2433638f0a2783","isMergeCommit":false,"messageTitle":"Add diagnose and undiagnose commands to user guide","messageBody":"","fileTypesAndContributionMap":{"docs":{"insertions":36,"deletions":0}}},{"hash":"50c8c94b2179fb7867b61530be69eea9fa70abb7","isMergeCommit":true,"messageTitle":"Merge pull request #125 from trgao/increase-ui-font","messageBody":"Increase UI font","fileTypesAndContributionMap":{}},{"hash":"1c9ea354d547ed1e413334e725176410c8b85c31","isMergeCommit":false,"messageTitle":"Update UserGuide.md","messageBody":"","fileTypesAndContributionMap":{"docs":{"insertions":4,"deletions":0}}},{"hash":"fa3167bed497fab3527d5b25a3144e0c72b40721","isMergeCommit":false,"messageTitle":"Add today command","messageBody":"","fileTypesAndContributionMap":{"functional-code":{"insertions":30,"deletions":1},"docs":{"insertions":26,"deletions":18}}},{"hash":"df5a1d8369c55d9107ad90fb8832c66711826cc7","isMergeCommit":false,"messageTitle":"Add today command test","messageBody":"","fileTypesAndContributionMap":{"functional-code":{"insertions":4,"deletions":3},"test-code":{"insertions":35,"deletions":0}}},{"hash":"ef51e8d295918b7cab1f3d1c79b97687acb6fba5","isMergeCommit":true,"messageTitle":"Merge pull request #131 from licongshen12/branch-DG-update","messageBody":"Update Developer Guide to include undo/redo feature","fileTypesAndContributionMap":{}},{"hash":"97e9d52d6569065599920371d57063a8773f785b","isMergeCommit":true,"messageTitle":"Merge pull request #132 from licongshen12/branch-UG-update","messageBody":"Updated glossary and undo/redo commands","fileTypesAndContributionMap":{}},{"hash":"2ac6d155706855e56e4fa38caa3894540034feb9","isMergeCommit":false,"messageTitle":"Update UserGuide.md","messageBody":"","fileTypesAndContributionMap":{"docs":{"insertions":4,"deletions":2}}},{"hash":"a048316b335ce20e83ee1486b5d7709beed33d09","isMergeCommit":false,"messageTitle":"Update UserGuide.md","messageBody":"","fileTypesAndContributionMap":{"docs":{"insertions":1,"deletions":0}}},{"hash":"bcdf96d2fec49d3830db723ba9d900c3bbd32226","isMergeCommit":true,"messageTitle":"Merge pull request #130 from kwangthiag/diagnose","messageBody":"Add Diagnose and Undiagnose Feature","fileTypesAndContributionMap":{}},{"hash":"b68b1253d6c042e6ab14ec482ac8c793b2e4eb5e","isMergeCommit":true,"messageTitle":"Merge branch \u0027master\u0027 into sort","messageBody":"","fileTypesAndContributionMap":{}},{"hash":"37eca2c29c62c94b7f7a74d060f1fda3ee81cbf7","isMergeCommit":false,"messageTitle":"Add upcoming command to developer guide","messageBody":"","fileTypesAndContributionMap":{"docs":{"insertions":109,"deletions":26}}},{"hash":"e4a8ce128f1fe8a386a3e69d534e07d5e8a83d9f","isMergeCommit":false,"messageTitle":"Fix checkstyle","messageBody":"","fileTypesAndContributionMap":{"docs":{"insertions":31,"deletions":32}}},{"hash":"f68be2d5029fdfdbcfb3e3a531920cdd6b7e05e8","isMergeCommit":true,"messageTitle":"Merge pull request #137 from billieboy7/DG_ScheduleCommand","messageBody":"Add ScheduleCommand description to DG","fileTypesAndContributionMap":{}},{"hash":"51dd61acdf8a1e79c7aabe8afdd421f7c091cf06","isMergeCommit":false,"messageTitle":"Add upcoming appointments command","messageBody":"","fileTypesAndContributionMap":{"functional-code":{"insertions":49,"deletions":19},"test-code":{"insertions":35,"deletions":1}}},{"hash":"14d5f2990cd4fde4b8b3e30cfa1558d9a52274c0","isMergeCommit":false,"messageTitle":"Add upcoming command to user guide","messageBody":"","fileTypesAndContributionMap":{"docs":{"insertions":28,"deletions":19}}},{"hash":"2d26643d31a7373ec5e3e2e6e7dac522b74dea7f","isMergeCommit":true,"messageTitle":"Merge pull request #139 from kwangthiag/diagnose","messageBody":"Fix tests for add and edit commands","fileTypesAndContributionMap":{}},{"hash":"2980ca19cc05c9d55fd6af8215ec032a47a8fc31","isMergeCommit":false,"messageTitle":"Fix sequence diagram","messageBody":"","fileTypesAndContributionMap":{"docs":{"insertions":3,"deletions":3}}},{"hash":"fe6d4284deab42f230f8f3b3cf6ef5555f15fbae","isMergeCommit":true,"messageTitle":"Merge pull request #138 from trgao/upcoming-command","messageBody":"Add upcoming appointments command","fileTypesAndContributionMap":{}},{"hash":"01eb5d6c98e52f8fa0ebedf393dff4f6fd06312a","isMergeCommit":true,"messageTitle":"Merge branch \u0027master\u0027 into add-developer-guide-for-cancel-and-view-appointments-command","messageBody":"","fileTypesAndContributionMap":{}},{"hash":"9e2704e7470213a503f06d82c38ea930315285f8","isMergeCommit":true,"messageTitle":"Merge pull request #141 from dinde2004/add-developer-guide-for-cancel-and-view-appointments-command","messageBody":"Add developer guide for cancel and view appointments command","fileTypesAndContributionMap":{}}]},{"date":"2023-10-26","commitResults":[{"hash":"7156454997b10dcebe8d0ea17406c9d48413b562","isMergeCommit":true,"messageTitle":"Merge pull request #134 from kwangthiag/sort","messageBody":"Add Sort Command","tags":["v1.3.trial"],"fileTypesAndContributionMap":{}},{"hash":"d6907a4160f725a65945afa64a9ce4226ba8d1a3","isMergeCommit":true,"messageTitle":"Merge pull request #142 from billieboy7/FindPatientAppointmentCommand","messageBody":"Find patient appointment command","fileTypesAndContributionMap":{}},{"hash":"7422f261c0bd8d031f5d7b718bfe5116d5d752d0","isMergeCommit":false,"messageTitle":"Improve user guide based on feedback","messageBody":"","fileTypesAndContributionMap":{"docs":{"insertions":128,"deletions":113}}},{"hash":"735aaea9c1cd03276b111091f8efb0752a4378b8","isMergeCommit":true,"messageTitle":"Merge pull request #144 from kwangthiag/diagnoseTest","messageBody":"Add tests for Diagnose and Undiagnose Commands","fileTypesAndContributionMap":{}}]},{"date":"2023-10-28","commitResults":[{"hash":"bd4a17ef45a9c60172d1a3b4cea4a1c148540cf1","isMergeCommit":true,"messageTitle":"Merge pull request #151 from kwangthiag/undoTests","messageBody":"Add undo tests for Diagnose, Undiagnose and Sort commands","fileTypesAndContributionMap":{}}]},{"date":"2023-10-29","commitResults":[{"hash":"9fc28a48bf056ca82abec7a4c5bd382c33297904","isMergeCommit":true,"messageTitle":"Merge pull request #152 from billieboy7/FindIllnessCommand","messageBody":"Find Illness command","fileTypesAndContributionMap":{}},{"hash":"75870c20ef3883c5feb3f45a52d022b4ebddd2be","isMergeCommit":false,"messageTitle":"Fix user guide and commands messages","messageBody":"","fileTypesAndContributionMap":{"functional-code":{"insertions":18,"deletions":18},"other":{"insertions":7,"deletions":7},"docs":{"insertions":133,"deletions":63}}},{"hash":"16013ad899021d973bc31a47b0ae83fea909fa6d","isMergeCommit":false,"messageTitle":"Fix tests","messageBody":"","fileTypesAndContributionMap":{"test-code":{"insertions":3,"deletions":3}}}]},{"date":"2023-10-31","commitResults":[{"hash":"eb68743eb05184d5e05a21cf53fbaa93b3ea94d5","isMergeCommit":false,"messageTitle":"Add list command and change patients command","messageBody":"","fileTypesAndContributionMap":{"functional-code":{"insertions":33,"deletions":3},"other":{"insertions":6,"deletions":6},"test-code":{"insertions":55,"deletions":9}}},{"hash":"137bc8eb490876f38a2c7f9bd3406e1e102bf7ce","isMergeCommit":true,"messageTitle":"Merge pull request #156 from licongshen12/branch-clear","messageBody":"Add undo to clear command","fileTypesAndContributionMap":{}},{"hash":"5532abdede33f6681e916090b719386ddd074250","isMergeCommit":true,"messageTitle":"Merge pull request #157 from kwangthiag/parser","messageBody":"Add Parser Tests for Diagnose and Undiagnose Commands","fileTypesAndContributionMap":{}},{"hash":"4040e09e2fcbd3e1c44f9ef71f8a218375f8f7dd","isMergeCommit":false,"messageTitle":"Add dark and light mode","messageBody":"","fileTypesAndContributionMap":{"functional-code":{"insertions":464,"deletions":14}}},{"hash":"3dd23ac1cf4514297cc2fcfa401fb8507b1aeb4d","isMergeCommit":false,"messageTitle":"Save light mode and dark mode preferences","messageBody":"","fileTypesAndContributionMap":{"functional-code":{"insertions":36,"deletions":9},"test-code":{"insertions":7,"deletions":7}}},{"hash":"ec836fe5816f3d837b9cc4e4e2007b3639c22a97","isMergeCommit":false,"messageTitle":"Add toggle light and dark mode command","messageBody":"","fileTypesAndContributionMap":{"functional-code":{"insertions":57,"deletions":20},"test-code":{"insertions":8,"deletions":8}}},{"hash":"3b47b3f004f67b42e1851e4bc9e04064a8c0497e","isMergeCommit":false,"messageTitle":"Update tests","messageBody":"","fileTypesAndContributionMap":{"functional-code":{"insertions":2,"deletions":2},"test-code":{"insertions":34,"deletions":1}}},{"hash":"0ae30ff90bec3673e1a2902d8f7b1093cf0f69a3","isMergeCommit":true,"messageTitle":"Merge branch \u0027master\u0027 into update-ui","messageBody":"","fileTypesAndContributionMap":{}},{"hash":"9be393029ee7ea3633b826827c438cf3fe696480","isMergeCommit":false,"messageTitle":"Fix tests","messageBody":"","fileTypesAndContributionMap":{"functional-code":{"insertions":1,"deletions":1}}}]},{"date":"2023-11-01","commitResults":[{"hash":"99db047f69c73b22d1a953f89944a8bda7209771","isMergeCommit":true,"messageTitle":"Merge pull request #159 from billieboy7/PriorityTagFunctionality","messageBody":"Priority tag functionality","fileTypesAndContributionMap":{}}]}]},"authorFileTypeContributionMap":{"dinde2004":{"docs":89,"functional-code":128,"test-code":148},"kwangthiag":{"docs":172,"functional-code":604,"test-code":919},"billieboy7":{"docs":107,"functional-code":724,"test-code":508},"licongshen12":{"docs":114,"functional-code":548,"test-code":594,"other":4},"trgao":{"docs":593,"functional-code":1897,"test-code":566,"other":6}},"authorContributionVariance":{"dinde2004":3180.8076,"kwangthiag":19609.629,"billieboy7":15649.949,"licongshen12":13349.747,"trgao":50356.812},"authorDisplayNameMap":{"dinde2004":"CS2103T-T08-4 DOAN..HINH","kwangthiag":"CS2103T-T08-4 TAN ..HIAG","billieboy7":"CS2103T-T08-4 STAL..UMAR","licongshen12":"CS2103T-T08-4 SHEN..CONG","trgao":"CS2103T-T08-4 GAO ..NRUN"}}
