{"authorDailyContributionsMap":{"yarnmengnus":[],"jack1e0":[],"kiatkat":[],"eyelessrhyme7":[{"date":"2023-09-23","commitResults":[{"hash":"51a478066a07cb343ede06b8d36b70b896505808","isMergeCommit":false,"messageTitle":"Update README.md","messageBody":"","fileTypesAndContributionMap":{"docs":{"insertions":2,"deletions":0}}}]}],"newway1814":[]},"authorFileTypeContributionMap":{"yarnmengnus":{"docs":0,"functional-code":0,"test-code":0},"jack1e0":{"docs":0,"functional-code":0,"test-code":0},"kiatkat":{"docs":0,"functional-code":0,"test-code":0},"eyelessrhyme7":{"docs":2,"functional-code":0,"test-code":0},"newway1814":{"docs":0,"functional-code":0,"test-code":0}},"authorContributionVariance":{"yarnmengnus":0.0,"jack1e0":0.0,"kiatkat":0.0,"eyelessrhyme7":1.0,"newway1814":0.0},"authorDisplayNameMap":{"yarnmengnus":"CS2103T-W15-1 LAM ..MENG","jack1e0":"CS2103T-W15-1 GUO ..CKIE","kiatkat":"CS2103T-W15-1 PUAR.. WIN","eyelessrhyme7":"CS2103T-W15-1 GUPT..AMAN","newway1814":"CS2103T-W15-1 GAND..EJAS"}}
