{"authorDailyContributionsMap":{"jedkohjk":[{"date":"2023-09-28","commitResults":[{"hash":"e4c8f452394ba0d4859b7cbf642bd88b23666851","isMergeCommit":false,"messageTitle":"Add Jed AboutUs","messageBody":"","fileTypesAndContributionMap":{"docs":{"insertions":4,"deletions":6}}}]},{"date":"2023-10-02","commitResults":[{"hash":"4940c62f33ad0e309ef78ef1b90d402fdbaccb48","isMergeCommit":false,"messageTitle":"Add user profile, value proposition and 1.2 user stories","messageBody":"","fileTypesAndContributionMap":{"other":{"insertions":580,"deletions":0},"docs":{"insertions":20,"deletions":14}}},{"hash":"9305fe835adf7d0fc5df9e4d8b28f10dfa3e7f0b","isMergeCommit":false,"messageTitle":"Add more user stories","messageBody":"","fileTypesAndContributionMap":{"docs":{"insertions":2,"deletions":0}}},{"hash":"e7708a9fb6ca32279c4d742a947c811dcc828966","isMergeCommit":false,"messageTitle":"Remove binary files","messageBody":"","fileTypesAndContributionMap":{"other":{"insertions":0,"deletions":580}}}]},{"date":"2023-10-04","commitResults":[{"hash":"29145c89135cbec2298a77044d851fe3c497b97a","isMergeCommit":true,"messageTitle":"Merge pull request #31 from jedkohjk/dev-guide","messageBody":"[DG] Add target user profile, value proposition, and user stories","fileTypesAndContributionMap":{}},{"hash":"d6ef930cb06a6b4c5bd54f22c4b0f4273dc1a5f3","isMergeCommit":false,"messageTitle":"Add skeletal PPP for Jed","messageBody":"","fileTypesAndContributionMap":{"docs":{"insertions":59,"deletions":0}}},{"hash":"b7085ef31df8ff07eb67d8c5edcc43a499901ea5","isMergeCommit":false,"messageTitle":"Fix User Guide name","messageBody":"","fileTypesAndContributionMap":{"docs":{"insertions":1,"deletions":1}}}]},{"date":"2023-10-12","commitResults":[{"hash":"ed0ed18161a03601d9ce4924354cf15cbe3c24d8","isMergeCommit":false,"messageTitle":"Add tests","messageBody":"","fileTypesAndContributionMap":{"functional-code":{"insertions":0,"deletions":85},"test-code":{"insertions":26,"deletions":0}}},{"hash":"60eb1d03b3932ee2e93281720a64a0f26c64bf7c","isMergeCommit":false,"messageTitle":"Fix clear command","messageBody":"","fileTypesAndContributionMap":{"functional-code":{"insertions":1,"deletions":1}}},{"hash":"bea3545c1e9a3d15ab72615b2f4012e2b98a254c","isMergeCommit":false,"messageTitle":"Fix checkstyle","messageBody":"","fileTypesAndContributionMap":{"functional-code":{"insertions":13,"deletions":2},"test-code":{"insertions":0,"deletions":12}}},{"hash":"461edda16fb8145e006b699db3fb1b40d7acd543","isMergeCommit":false,"messageTitle":"Split UI panes","messageBody":"","fileTypesAndContributionMap":{"functional-code":{"insertions":29,"deletions":6}}},{"hash":"360438ae20b03ac7a0af3e305f39657b1fbb6738","isMergeCommit":true,"messageTitle":"Merge branch \u0027master\u0027 into split-ui","messageBody":"","fileTypesAndContributionMap":{}}]},{"date":"2023-10-13","commitResults":[{"hash":"28fa31f7fb13e2acaa521d998473bd29423c2f67","isMergeCommit":false,"messageTitle":"Change UI layout","messageBody":"","fileTypesAndContributionMap":{"functional-code":{"insertions":48,"deletions":106},"test-code":{"insertions":1,"deletions":1}}},{"hash":"d6a00bf361344c53b1b929ad5e6453cebcc33d2b","isMergeCommit":false,"messageTitle":"Reduce border size","messageBody":"","fileTypesAndContributionMap":{"functional-code":{"insertions":3,"deletions":3}}},{"hash":"d6828a256b2127362b4730265754d0d751240bee","isMergeCommit":false,"messageTitle":"Change person commands","messageBody":"","fileTypesAndContributionMap":{"functional-code":{"insertions":12,"deletions":12},"other":{"insertions":142,"deletions":135},"test-code":{"insertions":29,"deletions":29}}},{"hash":"ff036f04878acc12fdf73accfdc9c1d186feaf24","isMergeCommit":true,"messageTitle":"Merge pull request #78 from jeffrey-jian/jeffrey-jian/fix-ParserUtil-to-use-Description","messageBody":"Change parseDescription in ParserUtil to use Description class","fileTypesAndContributionMap":{}}]},{"date":"2023-10-14","commitResults":[{"hash":"c3cfa257f59ac8a085f0e99decff8b176c10f57a","isMergeCommit":false,"messageTitle":"Fix empty cell display in UI","messageBody":"","fileTypesAndContributionMap":{"functional-code":{"insertions":9,"deletions":9}}},{"hash":"73f1b8ff767895d99ba252c394cd34e11e73d760","isMergeCommit":false,"messageTitle":"Change list command keyword to listPerson","messageBody":"","fileTypesAndContributionMap":{"functional-code":{"insertions":1,"deletions":1}}},{"hash":"ba83f4491abee59c595053ecf7df347a33f0540b","isMergeCommit":true,"messageTitle":"Merge branch \u0027master\u0027 into person-commands","messageBody":"","fileTypesAndContributionMap":{}},{"hash":"6950d794c17d1318a01b79a9990874aa4c220425","isMergeCommit":false,"messageTitle":"Display transactions in UI","messageBody":"","fileTypesAndContributionMap":{"functional-code":{"insertions":448,"deletions":7}}}]},{"date":"2023-10-15","commitResults":[{"hash":"ebb24fc96d8d3ea2c2596267fb84030855f2ccd9","isMergeCommit":false,"messageTitle":"Add newline at EOF","messageBody":"","fileTypesAndContributionMap":{"functional-code":{"insertions":1,"deletions":1}}},{"hash":"7f9685d4c162cc91f0baeefc640569b9f147050c","isMergeCommit":false,"messageTitle":"Use different colours for different list types","messageBody":"","fileTypesAndContributionMap":{"functional-code":{"insertions":15,"deletions":3}}},{"hash":"e70e71f8fe7667615981bbbb13a11af3f7bd9dde","isMergeCommit":false,"messageTitle":"Add unit tests","messageBody":"","fileTypesAndContributionMap":{"test-code":{"insertions":28,"deletions":0}}},{"hash":"c2e101e6ff5442a3c5bed2923098c37a0753ca54","isMergeCommit":false,"messageTitle":"Format datetime string","messageBody":"","fileTypesAndContributionMap":{"functional-code":{"insertions":2,"deletions":1}}},{"hash":"aa1f0552184b35053b79a557491f5c2fcf404c73","isMergeCommit":false,"messageTitle":"Revert Timestamp.toString to not break storage","messageBody":"","fileTypesAndContributionMap":{"functional-code":{"insertions":3,"deletions":3}}},{"hash":"0ed9e6d8bbf3f788d4f501650f74e22bfa6a23f9","isMergeCommit":false,"messageTitle":"Add unit tests","messageBody":"","fileTypesAndContributionMap":{"test-code":{"insertions":3,"deletions":0}}},{"hash":"d20fa842c5e1790c24f5c2be4dc2ce3d4c4cef7f","isMergeCommit":false,"messageTitle":"Fix tests","messageBody":"","fileTypesAndContributionMap":{"test-code":{"insertions":3,"deletions":3}}},{"hash":"8cda3330c5c4864bf3310511ac3c3abeeb53fcac","isMergeCommit":false,"messageTitle":"Remove magic number","messageBody":"","fileTypesAndContributionMap":{"functional-code":{"insertions":2,"deletions":1}}},{"hash":"c15e9e7ff4c17ae68fc9e873049e3906a067b59d","isMergeCommit":true,"messageTitle":"Merge pull request #89 from nathanielcalimag/nathanielcalimag/add-sample-transaction-data","messageBody":"[Task] Add sample transaction data","fileTypesAndContributionMap":{}},{"hash":"beaaeb41c09dece7445b5beda1c08c8db7b20998","isMergeCommit":false,"messageTitle":"Merge branch \u0027master\u0027 into person-commands","messageBody":"","fileTypesAndContributionMap":{"functional-code":{"insertions":15,"deletions":12},"test-code":{"insertions":0,"deletions":4}}},{"hash":"feaa101cd780ace5142ce9717bec9f4b6e4c447c","isMergeCommit":false,"messageTitle":"Add name validation","messageBody":"","fileTypesAndContributionMap":{"test-code":{"insertions":16,"deletions":0}}},{"hash":"1504b7cba76b5215e7eac5537b50d535d02f5dc0","isMergeCommit":false,"messageTitle":"Fix unit tests","messageBody":"","fileTypesAndContributionMap":{"functional-code":{"insertions":1,"deletions":1},"test-code":{"insertions":10,"deletions":10}}},{"hash":"aff3c19a334ddf6ece1d43061cb4aea99541a7b1","isMergeCommit":false,"messageTitle":"Add unit tests","messageBody":"","fileTypesAndContributionMap":{"functional-code":{"insertions":8,"deletions":2},"test-code":{"insertions":19,"deletions":0}}},{"hash":"c4ceb108c44e0ea3e46dfb2acfec3a0e7c97be2a","isMergeCommit":false,"messageTitle":"Aggregate deleted persons to others","messageBody":"","fileTypesAndContributionMap":{"functional-code":{"insertions":89,"deletions":4},"test-code":{"insertions":1,"deletions":3}}},{"hash":"70a5e0321c8d02c82e5301089d52ef106c55d281","isMergeCommit":false,"messageTitle":"Add unit tests","messageBody":"","fileTypesAndContributionMap":{"test-code":{"insertions":16,"deletions":0}}},{"hash":"69d691fc931f0951698f493d2fe04963fc2a23af","isMergeCommit":false,"messageTitle":"Fix unit tests","messageBody":"","fileTypesAndContributionMap":{"test-code":{"insertions":1,"deletions":1}}},{"hash":"90287e3df778c44821290358a35940911760afc2","isMergeCommit":false,"messageTitle":"Sort transactions","messageBody":"","fileTypesAndContributionMap":{"functional-code":{"insertions":26,"deletions":2}}},{"hash":"ad7f78fad79341f922dc1871ca575a24eeae107e","isMergeCommit":false,"messageTitle":"Fix UI datetime format","messageBody":"","fileTypesAndContributionMap":{"functional-code":{"insertions":1,"deletions":1}}},{"hash":"010ba6599a14299e7ca848a17e3895a23a24986e","isMergeCommit":false,"messageTitle":"Remove print statement","messageBody":"","fileTypesAndContributionMap":{"functional-code":{"insertions":0,"deletions":1}}},{"hash":"3dedf45dc3e5adb5654b5824ab9bc65c0a9a46c2","isMergeCommit":false,"messageTitle":"Update src/main/java/seedu/address/model/transaction/UniqueTransactionList.java","messageBody":"Co-authored-by: Nathaniel Calimag \u003c89729098+nathanielcalimag@users.noreply.github.com\u003e","fileTypesAndContributionMap":{"functional-code":{"insertions":2,"deletions":2}}},{"hash":"853e8bd9d570786f05901594a3531c00b33e0ac0","isMergeCommit":false,"messageTitle":"Update src/main/java/seedu/address/model/transaction/Transaction.java","messageBody":"Co-authored-by: Nathaniel Calimag \u003c89729098+nathanielcalimag@users.noreply.github.com\u003e","fileTypesAndContributionMap":{"functional-code":{"insertions":4,"deletions":4}}},{"hash":"3bcd87f9915fdae21d96a0a1c8988bb543ce688a","isMergeCommit":false,"messageTitle":"Update src/main/java/seedu/address/model/transaction/Transaction.java","messageBody":"Co-authored-by: Nathaniel Calimag \u003c89729098+nathanielcalimag@users.noreply.github.com\u003e","fileTypesAndContributionMap":{"functional-code":{"insertions":3,"deletions":3}}},{"hash":"2cb794c0a46b6ea19ca00c7bcc12c2bf08a21915","isMergeCommit":false,"messageTitle":"Update src/main/java/seedu/address/model/transaction/Transaction.java","messageBody":"Co-authored-by: Nathaniel Calimag \u003c89729098+nathanielcalimag@users.noreply.github.com\u003e","fileTypesAndContributionMap":{"functional-code":{"insertions":1,"deletions":1}}},{"hash":"ce4a67841d823038ddd541088ba067b47de62879","isMergeCommit":false,"messageTitle":"Use BigFraction signum instead of comparing to 0","messageBody":"","fileTypesAndContributionMap":{"functional-code":{"insertions":1,"deletions":1}}},{"hash":"3dd331a05ec366b41b674b30933dd5903b9adfad","isMergeCommit":false,"messageTitle":"Fix checkstyle","messageBody":"","fileTypesAndContributionMap":{"functional-code":{"insertions":3,"deletions":2}}},{"hash":"a2cd25fa63b81108472a9f6c5bda72499abc057f","isMergeCommit":true,"messageTitle":"Merge pull request #96 from jedkohjk/aggregate-delete","messageBody":"Aggregate deleted persons to others","fileTypesAndContributionMap":{}},{"hash":"c4a797043d08319a8df2001338670e9d8d50f482","isMergeCommit":true,"messageTitle":"Merge pull request #94 from wui-hong/wuihong/userGuideRenameExpenses","messageBody":"Update User Guide and rename expenses to transactions","fileTypesAndContributionMap":{}},{"hash":"d4c3f73f354dae582db7dc8c7b8a768139613e9a","isMergeCommit":true,"messageTitle":"Merge pull request #99 from jedkohjk/fix-datetime-ui","messageBody":"Fix UI datetime format","fileTypesAndContributionMap":{}},{"hash":"29fec572cc6a9d176f27d4f61a34596865163dda","isMergeCommit":true,"messageTitle":"Merge branch \u0027master\u0027 into sort-dates","messageBody":"","fileTypesAndContributionMap":{}},{"hash":"7c85d7296d63cf55cf519a10c84f278b9acf0965","isMergeCommit":false,"messageTitle":"Fix checkstyle","messageBody":"","fileTypesAndContributionMap":{"functional-code":{"insertions":2,"deletions":1}}},{"hash":"ed9c45d44bf4e8731ee07992e25a79b5257ed92c","isMergeCommit":false,"messageTitle":"Fix checkstyle","messageBody":"","fileTypesAndContributionMap":{"functional-code":{"insertions":0,"deletions":1}}}]},{"date":"2023-10-16","commitResults":[{"hash":"ebf81c775c3bc2147d848cd832e3eb01224a3128","isMergeCommit":false,"messageTitle":"Simplify sort method","messageBody":"","fileTypesAndContributionMap":{"functional-code":{"insertions":1,"deletions":7}}},{"hash":"c8aec2662449afce1588b1ca8e7029c6f4e1a11a","isMergeCommit":true,"messageTitle":"Merge branch \u0027sort-dates\u0027 of https://github.com/jedkohjk/tp into sort-dates","messageBody":"","fileTypesAndContributionMap":{}},{"hash":"13cbbdb504df211e4b425da6553611d4cfa871fb","isMergeCommit":false,"messageTitle":"Make regex for decimals more flexible","messageBody":"","fileTypesAndContributionMap":{"functional-code":{"insertions":2,"deletions":2},"test-code":{"insertions":6,"deletions":6}}},{"hash":"c069ae4c0c0c8df007606450236831d9893bebc0","isMergeCommit":false,"messageTitle":"Make fraction parse flexible","messageBody":"","fileTypesAndContributionMap":{"functional-code":{"insertions":9,"deletions":5}}},{"hash":"5f0bb9ab2b5510504cd4dd2a24a2922f40765263","isMergeCommit":false,"messageTitle":"Parse fractions","messageBody":"","fileTypesAndContributionMap":{"functional-code":{"insertions":14,"deletions":2},"test-code":{"insertions":4,"deletions":5}}},{"hash":"8f93d836ee4bf7cd35e577b614e54b3eb06b497b","isMergeCommit":true,"messageTitle":"Merge pull request #100 from jedkohjk/flexible-regex","messageBody":"Make regex for decimals more flexible","fileTypesAndContributionMap":{}},{"hash":"7b280e39eeba37f1b08d76713ae7efa4ad3e2e95","isMergeCommit":true,"messageTitle":"Merge pull request #90 from nathanielcalimag/nathanielcalimag/add-settle-command","messageBody":"Add settle command","fileTypesAndContributionMap":{}},{"hash":"2cdd79b149f02cdf89734f3869feb0af610cc099","isMergeCommit":true,"messageTitle":"Merge pull request #105 from nathanielcalimag/nathanielcalimag/add-minor-fixes-to-storage","messageBody":"[Task] Add minor fixes to storage","fileTypesAndContributionMap":{}},{"hash":"58a1c75502ca4cd0846e4bafbb103134c90aaa6a","isMergeCommit":false,"messageTitle":"Revert \"[Task] Add minor fixes to storage\"","messageBody":"","fileTypesAndContributionMap":{"functional-code":{"insertions":11,"deletions":13},"test-code":{"insertions":4,"deletions":14}}},{"hash":"a8194943f44bec8c3da4abeba039e792b478d25a","isMergeCommit":true,"messageTitle":"Merge pull request #108 from AY2324S1-CS2103T-W17-3/revert-105-nathanielcalimag/add-minor-fixes-to-storage","messageBody":"Revert \"[Task] Add minor fixes to storage\"","fileTypesAndContributionMap":{}},{"hash":"bfb0df4a43767c9b2097266969afc130202bbecb","isMergeCommit":true,"messageTitle":"Merge pull request #110 from nathanielcalimag/nathanielcalimag/update-bigfraction-validations","messageBody":"[Task] Add minor fixes to storage","fileTypesAndContributionMap":{}},{"hash":"4e1520832b594c3eff1725f2645b591eb4224b0e","isMergeCommit":false,"messageTitle":"Add balance to UI","messageBody":"","fileTypesAndContributionMap":{"functional-code":{"insertions":39,"deletions":8}}},{"hash":"d535ac1a5cde195fb459913c726114a5b89fbb27","isMergeCommit":false,"messageTitle":"Add group transaction feature","messageBody":"","fileTypesAndContributionMap":{"functional-code":{"insertions":163,"deletions":36},"test-code":{"insertions":19,"deletions":6}}},{"hash":"0ec327aed80b2b5433ca1a193f68698eb251ae9e","isMergeCommit":false,"messageTitle":"Add unit tests","messageBody":"","fileTypesAndContributionMap":{"functional-code":{"insertions":1,"deletions":1},"test-code":{"insertions":22,"deletions":0}}},{"hash":"91cd1e131b70517a6c751fadc534b8e313529da6","isMergeCommit":false,"messageTitle":"Add unit tests","messageBody":"","fileTypesAndContributionMap":{"test-code":{"insertions":11,"deletions":0}}},{"hash":"09574ad3cbae82c447b21269d6bc67f183e4e76a","isMergeCommit":false,"messageTitle":"Fix checkstyle","messageBody":"","fileTypesAndContributionMap":{"test-code":{"insertions":0,"deletions":1}}}]},{"date":"2023-10-17","commitResults":[{"hash":"12c98480b1a443ea25d4afa36ccdbaef9351d2bf","isMergeCommit":false,"messageTitle":"Make UI balance display based on full list","messageBody":"","fileTypesAndContributionMap":{"functional-code":{"insertions":25,"deletions":4},"test-code":{"insertions":10,"deletions":0}}},{"hash":"354acb46821d2848d378615bdfade841ff4c8d0f","isMergeCommit":false,"messageTitle":"Add sort by balance for persons","messageBody":"","fileTypesAndContributionMap":{"functional-code":{"insertions":70,"deletions":4},"test-code":{"insertions":3,"deletions":2}}},{"hash":"4ee4dfc1ef61d4ee0c1c4579d568d3a8c108ac6f","isMergeCommit":false,"messageTitle":"Add tests","messageBody":"","fileTypesAndContributionMap":{"test-code":{"insertions":21,"deletions":0}}},{"hash":"9a7b8b404c53f63048c58b80b97f685402b0bccd","isMergeCommit":false,"messageTitle":"Remove println statements","messageBody":"","fileTypesAndContributionMap":{"functional-code":{"insertions":0,"deletions":3}}},{"hash":"437102ecc0f59e614a6e38af0556a0d770d2b1a2","isMergeCommit":false,"messageTitle":"Add tests","messageBody":"","fileTypesAndContributionMap":{"test-code":{"insertions":61,"deletions":0}}},{"hash":"f02cc67a97925c82b3505464839416ffff0e1a7e","isMergeCommit":false,"messageTitle":"Add tests","messageBody":"","fileTypesAndContributionMap":{"functional-code":{"insertions":2,"deletions":2},"test-code":{"insertions":78,"deletions":8}}},{"hash":"a049f28ced7666f6e402fea32dd0d4bf9acc618b","isMergeCommit":false,"messageTitle":"Refactor UI","messageBody":"","fileTypesAndContributionMap":{"functional-code":{"insertions":30,"deletions":56}}},{"hash":"7da4ea976379dfd317674c337007e1547f665f4f","isMergeCommit":false,"messageTitle":"Fix bugs","messageBody":"","fileTypesAndContributionMap":{"functional-code":{"insertions":5,"deletions":5}}},{"hash":"8a77df9e2b25091c21fec7ed8be1830204455a53","isMergeCommit":false,"messageTitle":"Add special format for special names","messageBody":"","fileTypesAndContributionMap":{"functional-code":{"insertions":27,"deletions":7}}},{"hash":"2043eb8f816bf93a1c49cd93f745601212157852","isMergeCommit":false,"messageTitle":"Refactor sort","messageBody":"","fileTypesAndContributionMap":{"functional-code":{"insertions":15,"deletions":18}}},{"hash":"94cc45cbd9ff7c570f1c8c48e5cad4f7f31dc711","isMergeCommit":false,"messageTitle":"Add + sign for positive balances","messageBody":"","fileTypesAndContributionMap":{"functional-code":{"insertions":5,"deletions":1}}},{"hash":"38aeeb9c6a34e1df1d020e047cd90d96256c0051","isMergeCommit":false,"messageTitle":"Make names explicit","messageBody":"","fileTypesAndContributionMap":{"functional-code":{"insertions":8,"deletions":7}}},{"hash":"48ea9f45da6b65b9e4af9390a9e7043bddee347a","isMergeCommit":true,"messageTitle":"Merge pull request #115 from jedkohjk/refactor-ui","messageBody":"Refactor UI","fileTypesAndContributionMap":{}},{"hash":"7c2a421402ec69e101ade0f1575da7c4123414b2","isMergeCommit":false,"messageTitle":"Add tests","messageBody":"","fileTypesAndContributionMap":{"test-code":{"insertions":14,"deletions":0}}},{"hash":"7764bdc023877360c502987c9921eefbcbe9d289","isMergeCommit":true,"messageTitle":"Merge pull request #112 from jedkohjk/show-balances","messageBody":"Add balance to UI","fileTypesAndContributionMap":{}},{"hash":"fc2182febc06301603b016df230b38fbcf0240ec","isMergeCommit":false,"messageTitle":"Clarify names","messageBody":"","fileTypesAndContributionMap":{"functional-code":{"insertions":7,"deletions":7}}},{"hash":"2d65a9b72db61acf18f86c557c348d9c22f70f97","isMergeCommit":false,"messageTitle":"Clarify names","messageBody":"","fileTypesAndContributionMap":{"test-code":{"insertions":2,"deletions":2}}}]},{"date":"2023-10-18","commitResults":[{"hash":"f46ab1d9b6677d4c3f7bdacab443776e5b84ae9a","isMergeCommit":true,"messageTitle":"Merge branch \u0027master\u0027 into sort-persons","messageBody":"","fileTypesAndContributionMap":{}}]},{"date":"2023-10-19","commitResults":[{"hash":"224d245285b0c0d0f802e19c5bc4b8a88251cb50","isMergeCommit":false,"messageTitle":"Add duplicate validation","messageBody":"","fileTypesAndContributionMap":{"functional-code":{"insertions":40,"deletions":15},"test-code":{"insertions":1,"deletions":14}}},{"hash":"df05a74487ad6a9fb280ffeba9ae9ff6174c181a","isMergeCommit":false,"messageTitle":"Update src/main/java/seedu/address/model/transaction/Transaction.java","messageBody":"Co-authored-by: Nguyen Cao Duy \u003ccaoduy73@gmail.com\u003e","fileTypesAndContributionMap":{"functional-code":{"insertions":1,"deletions":1}}},{"hash":"f309ab9cc6b37c0562ffe463b215c16f6d4fd2f4","isMergeCommit":false,"messageTitle":"Update src/main/java/seedu/address/model/transaction/Transaction.java","messageBody":"Co-authored-by: Nguyen Cao Duy \u003ccaoduy73@gmail.com\u003e","fileTypesAndContributionMap":{"functional-code":{"insertions":1,"deletions":1}}},{"hash":"411c577c2793143f60b6a73f4e1e0cdc97fdbf41","isMergeCommit":true,"messageTitle":"Merge branch \u0027master\u0027 into group-transaction","messageBody":"","fileTypesAndContributionMap":{}},{"hash":"2fda040c33ee2f7ddb64f7f07bd5941aa5be5e4e","isMergeCommit":false,"messageTitle":"Resolve merge conflicts","messageBody":"","fileTypesAndContributionMap":{"test-code":{"insertions":13,"deletions":10}}},{"hash":"60c99e6d74b0562f843d281e00bcd448e5d30827","isMergeCommit":false,"messageTitle":"Clarify nameSet as getAllNames","messageBody":"","fileTypesAndContributionMap":{"functional-code":{"insertions":8,"deletions":8},"test-code":{"insertions":2,"deletions":2}}},{"hash":"5a2c9e33bfd2a5601fb17523627db4363055c850","isMergeCommit":false,"messageTitle":"Add unit tests","messageBody":"","fileTypesAndContributionMap":{"test-code":{"insertions":10,"deletions":0}}},{"hash":"347a105211c11dc5a3b2bf670618379f79dfca2e","isMergeCommit":true,"messageTitle":"Merge pull request #130 from wui-hong/wuihong/updatePrefix","messageBody":"Change prefix to use \"\u003d\" instead of \"/\"","fileTypesAndContributionMap":{}},{"hash":"32b29cc9212fe33c90118cbb5b37a48c83f29e9f","isMergeCommit":false,"messageTitle":"Cascade edited names to transactions","messageBody":"","fileTypesAndContributionMap":{"functional-code":{"insertions":23,"deletions":0}}},{"hash":"74e592f3483facb3609dcb9851cd59100d6d5ea3","isMergeCommit":false,"messageTitle":"Show reserved name error message if editing a persons name to a reserved one","messageBody":"","fileTypesAndContributionMap":{"functional-code":{"insertions":6,"deletions":1}}},{"hash":"e7e9f455419738fa3c5dd7a69e3d3ac80725cef1","isMergeCommit":false,"messageTitle":"Add tests","messageBody":"","fileTypesAndContributionMap":{"test-code":{"insertions":11,"deletions":0}}},{"hash":"edd0b9617352cb36d26b99cb91ff52284581b112","isMergeCommit":true,"messageTitle":"Merge branch \u0027master\u0027 into group-transaction","messageBody":"","fileTypesAndContributionMap":{}},{"hash":"2073d4e6d3e251f96b6d8bb10c2eaa0f5deca4d3","isMergeCommit":false,"messageTitle":"Resolve merge conflicts","messageBody":"","fileTypesAndContributionMap":{"functional-code":{"insertions":1,"deletions":0}}}]},{"date":"2023-10-20","commitResults":[{"hash":"5b0561b2a2e64ca5822ab34ae29393ffe9401215","isMergeCommit":true,"messageTitle":"Merge pull request #142 from jedkohjk/cascade-edit-person","messageBody":"Cascade edited names to transactions","fileTypesAndContributionMap":{}},{"hash":"6a1feb6f1a8cea0339804de22f118e9993487c5e","isMergeCommit":false,"messageTitle":"Fix javadocs","messageBody":"","fileTypesAndContributionMap":{"functional-code":{"insertions":6,"deletions":6}}}]},{"date":"2023-10-21","commitResults":[{"hash":"0a7f7853385b808b836ac72672ec0d1f5250e904","isMergeCommit":false,"messageTitle":"Make the lists consistent in the +/- sign of balances","messageBody":"","fileTypesAndContributionMap":{"functional-code":{"insertions":2,"deletions":2}}},{"hash":"d858822caeaea9a552b6c24c9571d78ac3a5f051","isMergeCommit":false,"messageTitle":"Synchronise names in lists","messageBody":"","fileTypesAndContributionMap":{"functional-code":{"insertions":32,"deletions":1}}},{"hash":"9804ab40b088f9e78064b92c429d5587bf4f13d4","isMergeCommit":false,"messageTitle":"Fix regression","messageBody":"","fileTypesAndContributionMap":{"functional-code":{"insertions":4,"deletions":3}}}]},{"date":"2023-10-22","commitResults":[{"hash":"0325723ec2d084200b6fccf5ef1b42c4615b06d0","isMergeCommit":true,"messageTitle":"Merge pull request #147 from jedkohjk/fix-ui-polarity","messageBody":"Make the lists consistent in the +/- sign of balances","fileTypesAndContributionMap":{}}]},{"date":"2023-10-23","commitResults":[{"hash":"66c3f56366f4913a0f2707238e57aa50c0458d62","isMergeCommit":false,"messageTitle":"Enable gradle assertions","messageBody":"","fileTypesAndContributionMap":{"other":{"insertions":4,"deletions":0}}},{"hash":"1cda3adc26935fabf3e150b8bc9e7f50fe50353f","isMergeCommit":true,"messageTitle":"Merge pull request #148 from jedkohjk/consistent-casing","messageBody":"Synchronise names in lists","fileTypesAndContributionMap":{}}]}],"nathanielcalimag":[{"date":"2023-09-28","commitResults":[{"hash":"0c808ddeaeb00cb59d7ab15070798a008441ac21","isMergeCommit":false,"messageTitle":"Add personal photo and information to about us page","messageBody":"","fileTypesAndContributionMap":{"docs":{"insertions":5,"deletions":5}}}]},{"date":"2023-10-04","commitResults":[{"hash":"b229cdb54470ce400ddd1c65173b2727a8413737","isMergeCommit":false,"messageTitle":"Update NFRs and glossary to describe v1.2 features","messageBody":"","fileTypesAndContributionMap":{"docs":{"insertions":23,"deletions":6}}},{"hash":"9f1a81038fcc7feb2b100814c5d6207b43def37c","isMergeCommit":true,"messageTitle":"Merge branch \u0027master\u0027 into nathanielcalimag/update-nfrs-and-glossary","messageBody":"","fileTypesAndContributionMap":{}},{"hash":"245e4dc3f059adac707f3f6f99187e35c322dd78","isMergeCommit":true,"messageTitle":"Merge pull request #35 from jedkohjk/Jed-skeletalPPP","messageBody":"Add skeletal PPP for Jed","fileTypesAndContributionMap":{}},{"hash":"ccbf7f5038110f01fbd6f3e06e5988f67884821b","isMergeCommit":false,"messageTitle":"Add Nathaniel\u0027s skeletal PPP","messageBody":"","fileTypesAndContributionMap":{"docs":{"insertions":47,"deletions":0}}},{"hash":"e3864676ec96dc2048f1a0512d7a497941f2b2bd","isMergeCommit":true,"messageTitle":"Merge pull request #40 from nathanielcalimag/nathanielcalimag/add-skeletal-ppp","messageBody":"[PPP] Add Nathaniel\u0027s skeletal PPP","fileTypesAndContributionMap":{}}]},{"date":"2023-10-12","commitResults":[{"hash":"5f5354f1e1a11147c83580513271d03547178aad","isMergeCommit":false,"messageTitle":"Add Expense model","messageBody":"","fileTypesAndContributionMap":{"functional-code":{"insertions":143,"deletions":0},"test-code":{"insertions":96,"deletions":0}}},{"hash":"b66166720cadd7532b846ea238f13b81c71bd506","isMergeCommit":false,"messageTitle":"Add more tests to Expense and Weight","messageBody":"","fileTypesAndContributionMap":{"test-code":{"insertions":37,"deletions":0}}},{"hash":"28e1177adbda29a5cb6ef2cdbfe1726d46ea8859","isMergeCommit":true,"messageTitle":"Merge pull request #60 from jedkohjk/fix-clear","messageBody":"Fix clear command","fileTypesAndContributionMap":{}}]},{"date":"2023-10-13","commitResults":[{"hash":"914cf6a85b88356c1afb69d11a21f20e11972849","isMergeCommit":true,"messageTitle":"Merge pull request #66 from ncduy0303/ncduy0303/add-transaction-model","messageBody":"[Implementation] Add Transaction model","fileTypesAndContributionMap":{}},{"hash":"093f8143b9d017ad26121e1de89834336e1c54ca","isMergeCommit":true,"messageTitle":"Merge pull request #65 from jeffrey-jian/jeffrey-jian/transaction-list","messageBody":"[Implementation] Add TransactionList Model","fileTypesAndContributionMap":{}},{"hash":"b882690a01ed06c31fe74f97c19ed78ea14a6c39","isMergeCommit":false,"messageTitle":"Update storage to include transactions and expenses","messageBody":"","fileTypesAndContributionMap":{"functional-code":{"insertions":297,"deletions":7},"other":{"insertions":16,"deletions":16},"test-code":{"insertions":74,"deletions":5}}},{"hash":"0b3136d4630ea21afc5576e913b72ccefada6812","isMergeCommit":false,"messageTitle":"Update test data for address book","messageBody":"","fileTypesAndContributionMap":{"test-code":{"insertions":2,"deletions":1}}},{"hash":"539eb6dfad36a7ab961a7f85831ab3a06fd0df39","isMergeCommit":false,"messageTitle":"Add more tests to transaction model","messageBody":"","fileTypesAndContributionMap":{"functional-code":{"insertions":16,"deletions":1},"test-code":{"insertions":143,"deletions":43}}},{"hash":"13757a133ab2a3d555f97e38b195a766db95b550","isMergeCommit":false,"messageTitle":"Extend utilities for transaction and expense testing","messageBody":"","fileTypesAndContributionMap":{"test-code":{"insertions":197,"deletions":55}}},{"hash":"ac2b4f160d209d01868b0da9926ae1bb97babb15","isMergeCommit":false,"messageTitle":"Revert to using stubs in transaction list","messageBody":"","fileTypesAndContributionMap":{"test-code":{"insertions":42,"deletions":25}}},{"hash":"d8be43dec5384306876429f59b2ed86118816ea0","isMergeCommit":false,"messageTitle":"Rename expense field","messageBody":"","fileTypesAndContributionMap":{"functional-code":{"insertions":13,"deletions":13},"test-code":{"insertions":5,"deletions":5}}},{"hash":"00aa15a04512454a76ae920e3f3bae1cf3c49b76","isMergeCommit":false,"messageTitle":"Create timestamps for transactions","messageBody":"","fileTypesAndContributionMap":{"functional-code":{"insertions":117,"deletions":4},"test-code":{"insertions":108,"deletions":13}}},{"hash":"7cb47c579f744e546debd98234b55632c627f952","isMergeCommit":false,"messageTitle":"Change transaction payee to payeeName","messageBody":"","fileTypesAndContributionMap":{"functional-code":{"insertions":24,"deletions":19},"test-code":{"insertions":24,"deletions":23}}},{"hash":"2b804a3f120d2b71f1066591a1d5726441366314","isMergeCommit":false,"messageTitle":"Update transaction test timestamps","messageBody":"","fileTypesAndContributionMap":{"test-code":{"insertions":40,"deletions":27}}},{"hash":"07744f13431385a3dacb7907c85d0774d3a4e275","isMergeCommit":false,"messageTitle":"Fix typo in comment of isSameTransaction","messageBody":"","fileTypesAndContributionMap":{"functional-code":{"insertions":1,"deletions":1}}},{"hash":"8c8db5dbe82c00d96232fa16bf01b8926f7cafa5","isMergeCommit":true,"messageTitle":"Merge branch \u0027master\u0027 into nathanielcalimag/update-storage","messageBody":"","fileTypesAndContributionMap":{}},{"hash":"1feb815bd19e6865bc0df4476282a4fa29ba48d7","isMergeCommit":false,"messageTitle":"Add more test cases for JsonAdaptedTransaction","messageBody":"","fileTypesAndContributionMap":{"functional-code":{"insertions":3,"deletions":2},"test-code":{"insertions":53,"deletions":7}}},{"hash":"772b899ffab24263e5b4f99fff686da7e5b1e2ec","isMergeCommit":false,"messageTitle":"Fix small formatting issues","messageBody":"","fileTypesAndContributionMap":{"functional-code":{"insertions":1,"deletions":1},"test-code":{"insertions":1,"deletions":1}}},{"hash":"a804d22562ff73c43537485c5b4aec643d282e6a","isMergeCommit":true,"messageTitle":"Merge pull request #67 from nathanielcalimag/nathanielcalimag/update-storage","messageBody":"[Implementation] Update storage to include transactions and expenses","fileTypesAndContributionMap":{}}]},{"date":"2023-10-14","commitResults":[{"hash":"ec921609ca8f044d4cae84493e935186fd780a4d","isMergeCommit":true,"messageTitle":"Merge pull request #76 from ncduy0303/ncduy0303/update-transaction-model","messageBody":"Update `Transaction` model","fileTypesAndContributionMap":{}},{"hash":"78e024233207ff7fdd03bd208da64ae2ded6c5b4","isMergeCommit":true,"messageTitle":"Merge pull request #80 from jedkohjk/ui-fixes","messageBody":"Fix empty cell display in UI","fileTypesAndContributionMap":{}},{"hash":"0a0427b65b18230de6e61cf8725f34cff203140b","isMergeCommit":true,"messageTitle":"Merge pull request #81 from ncduy0303/ncduy0303/add-list-transaction-command","messageBody":"Add list transaction command","fileTypesAndContributionMap":{}},{"hash":"20cee419928e064e098b7b90e7b6df54e54c98fb","isMergeCommit":true,"messageTitle":"Merge pull request #77 from jedkohjk/person-commands","messageBody":"Refactor person-related commands","fileTypesAndContributionMap":{}}]},{"date":"2023-10-15","commitResults":[{"hash":"0c2d17ac4a424fa91cab3a23aceb714fc393e5d6","isMergeCommit":false,"messageTitle":"Rename JSON expense field","messageBody":"","fileTypesAndContributionMap":{"functional-code":{"insertions":9,"deletions":9}}},{"hash":"95f4f5e464a161ae64eb1fdda09396a057a6b768","isMergeCommit":true,"messageTitle":"Merge pull request #85 from nathanielcalimag/nathanielcalimag/rename-json-expense-field","messageBody":"Rename JSON expense field","fileTypesAndContributionMap":{}},{"hash":"fbabc35f455db8f5e4371af1b98c687f106ea084","isMergeCommit":false,"messageTitle":"Fix storage saving bug","messageBody":"","fileTypesAndContributionMap":{"functional-code":{"insertions":2,"deletions":11}}},{"hash":"38c0f2a2db5e2b59cb1e008f5f5cb8398c74981b","isMergeCommit":true,"messageTitle":"Merge pull request #86 from nathanielcalimag/nathanielcalimag/fix-storage-saving-bug","messageBody":"Fix storage saving bug","fileTypesAndContributionMap":{}},{"hash":"16e05a5a8e790377f71be97b3087f33adecdb835","isMergeCommit":false,"messageTitle":"Add sample transaction data","messageBody":"","fileTypesAndContributionMap":{"functional-code":{"insertions":27,"deletions":0},"test-code":{"insertions":117,"deletions":86}}},{"hash":"e2f7efc6bc2ab2d742e39084d70e75c40e5e270c","isMergeCommit":false,"messageTitle":"Add settle command","messageBody":"","fileTypesAndContributionMap":{"functional-code":{"insertions":180,"deletions":5},"test-code":{"insertions":94,"deletions":0}}},{"hash":"03c2ae690f077cad869d157a5f45682815f3d1b8","isMergeCommit":true,"messageTitle":"Merge pull request #83 from jedkohjk/display-transactions","messageBody":"Display transactions in UI","fileTypesAndContributionMap":{}},{"hash":"b33547841ee18564682fac01392a2c603677b4a4","isMergeCommit":false,"messageTitle":"Refactor functionality to get balance of a person","messageBody":"","fileTypesAndContributionMap":{"functional-code":{"insertions":36,"deletions":5},"test-code":{"insertions":11,"deletions":4}}},{"hash":"ea2f35216d9c2d69d6c2f659a95fe06eec91d3e6","isMergeCommit":false,"messageTitle":"Extend addressbook storage test","messageBody":"","fileTypesAndContributionMap":{"test-code":{"insertions":11,"deletions":0}}},{"hash":"f08e8b4df49566c53d551af5cac9e26dae697803","isMergeCommit":true,"messageTitle":"Merge branch \u0027master\u0027 into nathanielcalimag/add-sample-transaction-data","messageBody":"","fileTypesAndContributionMap":{}},{"hash":"c8d4f3e8e647401ec8c9097f9de601dc79cfd92f","isMergeCommit":true,"messageTitle":"Merge branch \u0027nathanielcalimag/add-sample-transaction-data\u0027 into nathanielcalimag/add-settle-command","messageBody":"","fileTypesAndContributionMap":{}},{"hash":"ea42f876e2a5cc756ce5253f46d688908be0236c","isMergeCommit":false,"messageTitle":"Fix settle balance bug with negative amounts","messageBody":"","fileTypesAndContributionMap":{"functional-code":{"insertions":1,"deletions":1}}},{"hash":"3227c178cf4e304433a3159476d89c7e8dc40b5b","isMergeCommit":false,"messageTitle":"Add unit tests for settle command","messageBody":"","fileTypesAndContributionMap":{"test-code":{"insertions":39,"deletions":2}}},{"hash":"809a008bda59b2291af6fb97da11522cf4016be0","isMergeCommit":false,"messageTitle":"Add integration tests for settle person command","messageBody":"","fileTypesAndContributionMap":{"functional-code":{"insertions":0,"deletions":1},"test-code":{"insertions":121,"deletions":0}}}]},{"date":"2023-10-16","commitResults":[{"hash":"3ae3d6f67af2039d5f28c2d81aa9b85f65688f2a","isMergeCommit":false,"messageTitle":"Reuse getPortion method in getPortionOwed","messageBody":"","fileTypesAndContributionMap":{"functional-code":{"insertions":2,"deletions":10}}},{"hash":"87084e0f5e369b85b5461740f42fd436380f6a15","isMergeCommit":false,"messageTitle":"Utilise negate in getPortionOwed","messageBody":"","fileTypesAndContributionMap":{"functional-code":{"insertions":1,"deletions":1}}},{"hash":"0072ee232695ef1e72a52073933eb7dbea5f9aef","isMergeCommit":false,"messageTitle":"Add comments to settle command related functions","messageBody":"","fileTypesAndContributionMap":{"functional-code":{"insertions":8,"deletions":0}}},{"hash":"f7b041b9a9dbd1d673fc79c128cad44579e82527","isMergeCommit":false,"messageTitle":"Add minor fixes to storage","messageBody":"","fileTypesAndContributionMap":{"functional-code":{"insertions":9,"deletions":9},"test-code":{"insertions":3,"deletions":0}}},{"hash":"286a4b43e2dca078eb0b2bed4b020f91a0bb6d39","isMergeCommit":true,"messageTitle":"Merge pull request #98 from jedkohjk/sort-dates","messageBody":"Sort transactions by recency","fileTypesAndContributionMap":{}},{"hash":"0d71c9034362febccc3bba9cb8945a2ad37d79a1","isMergeCommit":false,"messageTitle":"Update validation on Weight and Amount to validate fractions","messageBody":"","fileTypesAndContributionMap":{"functional-code":{"insertions":4,"deletions":2},"test-code":{"insertions":11,"deletions":4}}},{"hash":"5c7f63a2023e9f95d4044ce850617e8b2097fbad","isMergeCommit":false,"messageTitle":"Update validations for bigfractions","messageBody":"","fileTypesAndContributionMap":{"functional-code":{"insertions":4,"deletions":3},"test-code":{"insertions":10,"deletions":5}}},{"hash":"07e6cef1c74922c7bb845fdd16debfc441b528f9","isMergeCommit":false,"messageTitle":"Fix name bugs","messageBody":"","fileTypesAndContributionMap":{"functional-code":{"insertions":9,"deletions":9},"test-code":{"insertions":3,"deletions":0}}},{"hash":"ac6a1f3a6b81e50702e472bfc50ee229bd2d1ace","isMergeCommit":true,"messageTitle":"Merge pull request #111 from nathanielcalimag/nathanielcalimag/fix-name-bugs","messageBody":"[Task] Fix name bugs","fileTypesAndContributionMap":{}}]},{"date":"2023-10-17","commitResults":[{"hash":"f6556b1527cb85ca22960329329828e53f86e914","isMergeCommit":true,"messageTitle":"Merge pull request #93 from jeffrey-jian/jeffrey-jian/add-editTransaction-command","messageBody":"Add support for Editing Transactions","fileTypesAndContributionMap":{}}]},{"date":"2023-10-18","commitResults":[{"hash":"5794743b1f7e0ea4c87bb3e1c3c960549d7d73ff","isMergeCommit":false,"messageTitle":"Change theme to light mode","messageBody":"","fileTypesAndContributionMap":{"functional-code":{"insertions":7,"deletions":3},"other":{"insertions":118,"deletions":81}}},{"hash":"7be07e92e869b1492750f8e2ae380d419f6856ce","isMergeCommit":false,"messageTitle":"Fix line-break formatting issue","messageBody":"","fileTypesAndContributionMap":{"functional-code":{"insertions":5,"deletions":5}}},{"hash":"bcd87a65975e256fbe9a5e726d640a064b2d804e","isMergeCommit":false,"messageTitle":"Fix name label styling issue","messageBody":"","fileTypesAndContributionMap":{"functional-code":{"insertions":35,"deletions":10}}},{"hash":"81621e5f25191a3a9328ee5b5e8611bfcdbcc153","isMergeCommit":false,"messageTitle":"Add gap between persons and transactions list","messageBody":"","fileTypesAndContributionMap":{"functional-code":{"insertions":5,"deletions":3}}}]},{"date":"2023-10-23","commitResults":[{"hash":"b3b0699bbbb0467ad7ec42b5bc910613a4cc61a7","isMergeCommit":true,"messageTitle":"Merge pull request #161 from jedkohjk/enable-assertions","messageBody":"Enable gradle assertions","fileTypesAndContributionMap":{}}]}],"ncduy0303":[{"date":"2023-09-28","commitResults":[{"hash":"56dae200c0c1e88980e83787e32229535a7614fd","isMergeCommit":false,"messageTitle":"Add profile photo and update AboutUs page","messageBody":"","fileTypesAndContributionMap":{"docs":{"insertions":6,"deletions":6}}},{"hash":"5e5a7e4d1158313c3a4a88cd517f7e815c527eaa","isMergeCommit":true,"messageTitle":"Merge pull request #16 from nathanielcalimag/nathanielcalimag/about-us","messageBody":"Add Nathaniel\u0027s AboutUs information","fileTypesAndContributionMap":{}},{"hash":"71c83677c949718f149cb1e3fc635a152229e931","isMergeCommit":true,"messageTitle":"Merge pull request #18 from jeffrey-jian/jeffrey-jian/about-us","messageBody":"Add Jeffrey\u0027s AboutUs Info","fileTypesAndContributionMap":{}},{"hash":"4c57524a6ca1d7d77a834fe8ecc10bb40a716b2c","isMergeCommit":true,"messageTitle":"Merge pull request #17 from wui-hong/wuihong/about-us","messageBody":"Add Wui Hong\u0027s AboutUs info","fileTypesAndContributionMap":{}}]},{"date":"2023-10-04","commitResults":[{"hash":"03c8c7232b1d2880248519dba057f1b95ac95c3f","isMergeCommit":false,"messageTitle":"Readme: Update build status and test coverage badges","messageBody":"","fileTypesAndContributionMap":{"docs":{"insertions":2,"deletions":1}}},{"hash":"e06d7d3cf560808884f898bc52c2b8af6cef848c","isMergeCommit":false,"messageTitle":"Readme: Update contents and acknowledgements","messageBody":"","fileTypesAndContributionMap":{"docs":{"insertions":13,"deletions":10}}},{"hash":"4343da65f6ebc0fcaa4e5e8fd3c43b4acc95453e","isMergeCommit":false,"messageTitle":"[PPP] Add Duy\u0027s skeletal PPP","messageBody":"","fileTypesAndContributionMap":{"docs":{"insertions":30,"deletions":0}}},{"hash":"c797e3a9559943ef27ed2dc9a632c67c985dd21c","isMergeCommit":false,"messageTitle":"[Docs] Update website information Update the details in `index.md`, `_base.scss`, `_config.yml` to match our application","messageBody":"","fileTypesAndContributionMap":{"docs":{"insertions":8,"deletions":5}}},{"hash":"4c47320e91e3558495161afef883e7075c85f048","isMergeCommit":true,"messageTitle":"Merge pull request #41 from wui-hong/wuihong/ppp","messageBody":"[PPP] Add Wui Hong\u0027s skeletal PPP","fileTypesAndContributionMap":{}},{"hash":"d0f3e7b3a00f5e75fb753c82c3f502f441677666","isMergeCommit":true,"messageTitle":"Merge pull request #38 from ncduy0303/ncduy0303/add-ppp","messageBody":"[PPP] Add Duy\u0027s skeletal PPP","fileTypesAndContributionMap":{}},{"hash":"8f797156c6d5e75d9a9316cd96891be78d481bd4","isMergeCommit":true,"messageTitle":"Merge pull request #36 from ncduy0303/ncduy0303/update-readme","messageBody":"[README] Update README page","fileTypesAndContributionMap":{}},{"hash":"807120de9f8febcf4ac0b9078fb800f8bcc19db3","isMergeCommit":true,"messageTitle":"Merge pull request #39 from nathanielcalimag/nathanielcalimag/update-nfrs-and-glossary","messageBody":"[DG] Update NFRs and glossary","fileTypesAndContributionMap":{}},{"hash":"e6b67b7f01f4a429b102ffb512f65b94772d8822","isMergeCommit":true,"messageTitle":"Merge pull request #33 from jeffrey-jian/jeffrey-jian/dg-use-cases","messageBody":"[DG] Add use cases for v1.2","fileTypesAndContributionMap":{}}]},{"date":"2023-10-12","commitResults":[{"hash":"7ed77a10256ae65ad5996c7b65ca3c0c410fa833","isMergeCommit":true,"messageTitle":"Merge pull request #59 from jedkohjk/add-tests","messageBody":"Add tests for fraction util","fileTypesAndContributionMap":{}},{"hash":"cda8fefc6b239e9d75a6fbc987a893e7613bebc8","isMergeCommit":true,"messageTitle":"Merge pull request #61 from nathanielcalimag/nathanielcalimag/add-expense-model","messageBody":"[Implementation] Add Expense model","fileTypesAndContributionMap":{}},{"hash":"0cccba899ffad7b62490372415a559e762a216a8","isMergeCommit":false,"messageTitle":"Add Amount model","messageBody":"","fileTypesAndContributionMap":{"functional-code":{"insertions":67,"deletions":0},"test-code":{"insertions":65,"deletions":0}}},{"hash":"2be890c3319377bd34b43b12228475bf30f89fdb","isMergeCommit":false,"messageTitle":"Add Transaction model","messageBody":"","fileTypesAndContributionMap":{"functional-code":{"insertions":144,"deletions":0},"test-code":{"insertions":238,"deletions":0}}}]},{"date":"2023-10-13","commitResults":[{"hash":"43491206fbc3af38b53e706e6f0ee347c8da82f3","isMergeCommit":true,"messageTitle":"Merge pull request #64 from jedkohjk/split-ui","messageBody":"Split UI panes","fileTypesAndContributionMap":{}},{"hash":"21efc15aa53c287754d83a77261d445b9a69dd58","isMergeCommit":false,"messageTitle":"Update `Transaction` model:","messageBody":"-  Change all method signature from `Person` to `Name` to remove dependency on `Person` model\n- Change `isPersonInvolved` to include both the payee and the payers\n- Add a new method to return the names of all involved people in a transaction\n","fileTypesAndContributionMap":{"functional-code":{"insertions":18,"deletions":9},"test-code":{"insertions":34,"deletions":17}}},{"hash":"b43db0c37cf1f9bdb9328f9fa5aba77156276985","isMergeCommit":false,"messageTitle":"Integrate Transaction into Model:","messageBody":"-  Add `filteredTransactions` which is similar to `filteredPersons`\n- Add transaction-related methods to `Model.java`\n- Add set and remove transaction method to `AddressBook.java`\n","fileTypesAndContributionMap":{"functional-code":{"insertions":119,"deletions":11},"test-code":{"insertions":31,"deletions":0}}},{"hash":"7bc3b9f78504eb8a058caeded6c91c8adfab47f3","isMergeCommit":false,"messageTitle":"Add `DuplicateTransactionException`","messageBody":"","fileTypesAndContributionMap":{"functional-code":{"insertions":12,"deletions":0}}},{"hash":"3f1dfb29b6c96142f4a4e9dc7e7648d652346765","isMergeCommit":false,"messageTitle":"Add more unit tests","messageBody":"","fileTypesAndContributionMap":{"functional-code":{"insertions":20,"deletions":0},"test-code":{"insertions":44,"deletions":0}}}]},{"date":"2023-10-14","commitResults":[{"hash":"ed0d9f6d69b7d2ffa5c47169f672f27d66fab6f7","isMergeCommit":false,"messageTitle":"Add list transaction command:","messageBody":"- Add new classes `ListTransactionCommand`, `ListTransactionCommandParser`, `TransactionContainsPersonNamesPredicate`\n- Add unit tests and integration tests to `Model`\n","fileTypesAndContributionMap":{"functional-code":{"insertions":170,"deletions":0},"test-code":{"insertions":239,"deletions":0}}},{"hash":"a74cd9f6c211a2763148eeaa583c3000f0b64645","isMergeCommit":false,"messageTitle":"Remove redundant check","messageBody":"","fileTypesAndContributionMap":{"functional-code":{"insertions":0,"deletions":8}}},{"hash":"a2f169bea216abc9bf2517650012cd77085cea77","isMergeCommit":false,"messageTitle":"Add more tests","messageBody":"","fileTypesAndContributionMap":{"test-code":{"insertions":19,"deletions":3}}}]},{"date":"2023-10-16","commitResults":[{"hash":"606f8a0ea18b86f6f6cf608b270b3255dc926e3c","isMergeCommit":true,"messageTitle":"Merge pull request #95 from jedkohjk/reserve-names","messageBody":"Block adding persons with reserve names","fileTypesAndContributionMap":{}},{"hash":"8d3a48db61e2fbb8399e01622cd9c6d60e51b02a","isMergeCommit":false,"messageTitle":"Rename `TypicalIndexes` constants for better reusing purposes","messageBody":"","fileTypesAndContributionMap":{"test-code":{"insertions":68,"deletions":68}}},{"hash":"f35a3b9278740253db803be2f9bc2026f27b0e51","isMergeCommit":false,"messageTitle":"Add command to delete a transaction by index","messageBody":"","fileTypesAndContributionMap":{"functional-code":{"insertions":103,"deletions":9},"test-code":{"insertions":120,"deletions":0}}},{"hash":"0a0b90ae0582463dc43b8164ae151f0be5ed4acb","isMergeCommit":false,"messageTitle":"Add tests for transaction delete command","messageBody":"","fileTypesAndContributionMap":{"functional-code":{"insertions":29,"deletions":0},"test-code":{"insertions":47,"deletions":0}}},{"hash":"a9aed86c4bb4264edfedd1f906efe359aee14e6f","isMergeCommit":false,"messageTitle":"Update src/main/java/seedu/address/logic/parser/DeleteTransactionCommandParser.java","messageBody":"Co-authored-by: Nathaniel Calimag \u003c89729098+nathanielcalimag@users.noreply.github.com\u003e","fileTypesAndContributionMap":{"functional-code":{"insertions":1,"deletions":1}}},{"hash":"6615b2a4dda2e22b613aa71841f550324a68e1ee","isMergeCommit":true,"messageTitle":"Merge branch \u0027master\u0027 into ncduy0303/add-delete-transaction-command","messageBody":"","fileTypesAndContributionMap":{}},{"hash":"8b39bc1337485e3fb02af9b1f9830760a2971d59","isMergeCommit":true,"messageTitle":"Merge pull request #106 from ncduy0303/ncduy0303/add-delete-transaction-command","messageBody":"Add delete transaction command","fileTypesAndContributionMap":{}}]},{"date":"2023-10-18","commitResults":[{"hash":"849c75362004543968bffc02ce3276064865b501","isMergeCommit":true,"messageTitle":"Merge pull request #114 from jedkohjk/sort-persons","messageBody":"Add sort by balance for persons","fileTypesAndContributionMap":{}}]},{"date":"2023-10-21","commitResults":[{"hash":"ccff1e1db1c75961382bb19d3ccca52f598360e5","isMergeCommit":true,"messageTitle":"Merge pull request #143 from jedkohjk/edit-person-reserved","messageBody":"Show reserved name error message if editing a persons name to a reserved name","fileTypesAndContributionMap":{}}]},{"date":"2023-10-23","commitResults":[{"hash":"cccedb1a9c9c80de4f3f6f10e0d85d3d42090221","isMergeCommit":false,"messageTitle":"Refactor `Expense` to `Portion` to differentiate from `Transaction`","messageBody":"","fileTypesAndContributionMap":{"functional-code":{"insertions":115,"deletions":115},"other":{"insertions":75,"deletions":75},"test-code":{"insertions":207,"deletions":207}}},{"hash":"bfb59983b0bf9fd87a8ddc6c1be7c08c81c87c2d","isMergeCommit":false,"messageTitle":"Update UG \u0026 DG temporarily for latest changes","messageBody":"","fileTypesAndContributionMap":{"docs":{"insertions":54,"deletions":91}}},{"hash":"82ba64d92911cb40d158d699b53e061271b484cb","isMergeCommit":true,"messageTitle":"Resolve merge conflicts","messageBody":"","fileTypesAndContributionMap":{}},{"hash":"601ca2322acbd9627b2316498b6c1f8080d9683a","isMergeCommit":false,"messageTitle":"Add missing refactorings","messageBody":"","fileTypesAndContributionMap":{"functional-code":{"insertions":14,"deletions":14}}},{"hash":"e713a9709a25f3db4dbfbe10e627a2e9f3a06497","isMergeCommit":false,"messageTitle":"Rename portion-related methods for easier understanding","messageBody":"","fileTypesAndContributionMap":{"functional-code":{"insertions":10,"deletions":10},"test-code":{"insertions":16,"deletions":16}}},{"hash":"83bf3040a04932144380b6b59155f93c8c86d25d","isMergeCommit":true,"messageTitle":"Merge pull request #154 from wui-hong/wuihong/week10dg","messageBody":"Update developer guide to rename expenses to transactions","fileTypesAndContributionMap":{}},{"hash":"0237a15c77ca8d76ae5c6991bedb61f459e3cba0","isMergeCommit":true,"messageTitle":"Resolve merge conflicts","messageBody":"","fileTypesAndContributionMap":{}},{"hash":"23da6105c06b0b39627f801b396b58fa8a3d320a","isMergeCommit":true,"messageTitle":"Merge pull request #160 from ncduy0303/ncduy0303/refactor-expense-to-portion","messageBody":"Refactor `Expense` to `Portion`","fileTypesAndContributionMap":{}},{"hash":"f84280139ebc25de0d8ad1a8f3d14cf84a3f5b7b","isMergeCommit":false,"messageTitle":"Fix outdated usage of `Expense`","messageBody":"","fileTypesAndContributionMap":{"functional-code":{"insertions":1,"deletions":1}}},{"hash":"a390ab9400abede6397171a77670ef2a9c691d12","isMergeCommit":true,"messageTitle":"Merge pull request #166 from ncduy0303/ncduy0303/fix-regression","messageBody":"Fix oudated usage of `Expense`","fileTypesAndContributionMap":{}}]}],"wui-hong":[{"date":"2023-09-28","commitResults":[{"hash":"c017481302a28f8d765411ad52d8903598f01c65","isMergeCommit":true,"messageTitle":"Merge pull request #14 from ncduy0303/ncduy0303/about-us","messageBody":"Add Duy\u0027s AboutUs info","fileTypesAndContributionMap":{}},{"hash":"3185473804c7d862d707879512bd0f0f456d05f4","isMergeCommit":true,"messageTitle":"Merge pull request #15 from jedkohjk/Jed-AboutUs","messageBody":"Add Jed AboutUs","fileTypesAndContributionMap":{}},{"hash":"9f93a5f0f26efb3b7c1f1f5976e63f533799cba5","isMergeCommit":false,"messageTitle":"Add Wui Hong\u0027s AboutUs info","messageBody":"","fileTypesAndContributionMap":{"functional-code":{"insertions":6,"deletions":0},"docs":{"insertions":4,"deletions":5}}},{"hash":"0bc0533e92432dfe6823c1e8f00aa3fd70e77406","isMergeCommit":true,"messageTitle":"Merge branch \u0027master\u0027 of https://github.com/wui-hong/tp into wuihong/about-us","messageBody":"","fileTypesAndContributionMap":{}},{"hash":"b1e31d7caaae9ae7e8eca4774c70a1683952014d","isMergeCommit":false,"messageTitle":"Remove unnecessary files","messageBody":"","fileTypesAndContributionMap":{"functional-code":{"insertions":0,"deletions":6}}}]},{"date":"2023-09-29","commitResults":[{"hash":"fae05adc46bbd1d9630b0e5c1f5a8c497d654481","isMergeCommit":false,"messageTitle":"Update the User Guide to include features for v1.1 and v1.2","messageBody":"","fileTypesAndContributionMap":{"docs":{"insertions":279,"deletions":87}}}]},{"date":"2023-09-30","commitResults":[{"hash":"ad1911577757893553a6582dc4813ab97d5aa190","isMergeCommit":false,"messageTitle":"Update downloaded images and format User Guide","messageBody":"","fileTypesAndContributionMap":{"docs":{"insertions":55,"deletions":39}}}]},{"date":"2023-10-01","commitResults":[{"hash":"cc284f8dcd3edebbe0a521fc89c28a13ea00eb22","isMergeCommit":true,"messageTitle":"Merge pull request #27 from wui-hong/wuihong/user-guide","messageBody":"Update the User Guide to include features for v1.1 and v1.2","fileTypesAndContributionMap":{}}]},{"date":"2023-10-04","commitResults":[{"hash":"023df9b535004c0362b04d6a7be9d2dd4e2335a3","isMergeCommit":false,"messageTitle":"Add Wui Hong\u0027s skeletal PPP","messageBody":"","fileTypesAndContributionMap":{"docs":{"insertions":0,"deletions":0}}},{"hash":"bd82db8885de7dc489b0c1a9d8fe0da4d4569c15","isMergeCommit":false,"messageTitle":"Add Wui Hong\u0027s skeletal PPP","messageBody":"","fileTypesAndContributionMap":{"docs":{"insertions":36,"deletions":0}}},{"hash":"42d3d8d7491d9ff9b8e7f44840298bdbebfce983","isMergeCommit":false,"messageTitle":"Add a newline at the end of file","messageBody":"","fileTypesAndContributionMap":{"docs":{"insertions":1,"deletions":1}}},{"hash":"05ed21c90b9bd4df352b5927b4707065ad9e0ea7","isMergeCommit":true,"messageTitle":"Merge pull request #43 from ncduy0303/ncduy0303/update-website","messageBody":"[Docs] Update website information","fileTypesAndContributionMap":{}}]},{"date":"2023-10-13","commitResults":[{"hash":"f203733ea8020bdb6601befc594e29aceb83f1f3","isMergeCommit":false,"messageTitle":"Update CliSyntax to include PREFIX_COST and PREFIX_DETAILS","messageBody":"","fileTypesAndContributionMap":{"functional-code":{"insertions":6,"deletions":0}}},{"hash":"1acb968fa610790cec9030a47fe21e20a025978f","isMergeCommit":false,"messageTitle":"Complete AddTransactionCommand.java","messageBody":"","fileTypesAndContributionMap":{"functional-code":{"insertions":82,"deletions":2}}},{"hash":"e32a1b505399923923acff18482d5e76c7202408","isMergeCommit":false,"messageTitle":"Add code for AddTransactionCommandParser.java","messageBody":"","fileTypesAndContributionMap":{"functional-code":{"insertions":46,"deletions":1}}},{"hash":"85df07327e24cc5f7e41111bab5341dc7519d236","isMergeCommit":false,"messageTitle":"Add CliSyntax for c/ and d/","messageBody":"","fileTypesAndContributionMap":{"functional-code":{"insertions":4,"deletions":0}}},{"hash":"de9015ddf71cb6fd9f79ade3150df4e743f740fc","isMergeCommit":false,"messageTitle":"Update CliSyntax to be cost and description, and add ParserUtil for cost  and description","messageBody":"","fileTypesAndContributionMap":{"functional-code":{"insertions":31,"deletions":2}}},{"hash":"3b1f1e9ad7bb37b546536499dbb99f35f3989c22","isMergeCommit":false,"messageTitle":"Add tests for ParserUtil Description and Cost","messageBody":"","fileTypesAndContributionMap":{"test-code":{"insertions":44,"deletions":0}}},{"hash":"15090051580aeaf469ca724a052592047828f7b1","isMergeCommit":false,"messageTitle":"Update ParserUtilTest","messageBody":"","fileTypesAndContributionMap":{"test-code":{"insertions":1,"deletions":1}}},{"hash":"a8a48d9e00bbb4526934d4008c4977bde07b2695","isMergeCommit":true,"messageTitle":"Merge pull request #68 from wui-hong/wuihong/supportForTransaction","messageBody":"Wuihong/support for transaction","fileTypesAndContributionMap":{}},{"hash":"571655a5ceef2f2c9d0bbd516a2b36a695e635eb","isMergeCommit":true,"messageTitle":"Merge pull request #74 from jedkohjk/change-ui","messageBody":"Change UI layout","fileTypesAndContributionMap":{}}]},{"date":"2023-10-14","commitResults":[{"hash":"fbd915850a1133441cd4a4170164dcaba7bd70dc","isMergeCommit":false,"messageTitle":"Add some minor edits","messageBody":"","fileTypesAndContributionMap":{"functional-code":{"insertions":1,"deletions":1}}},{"hash":"8aacad037cf3c2bfb7c3a34440d294abe34d5642","isMergeCommit":true,"messageTitle":"Merge branch \u0027master\u0027 into wuihong/addTransaction","messageBody":"# Conflicts:\n#\tsrc/main/java/seedu/address/logic/parser/CliSyntax.java\n","fileTypesAndContributionMap":{}},{"hash":"7d498350920ece5937ba11d8cacb5c5424cbd164","isMergeCommit":false,"messageTitle":"Complete the code for AddTransactionCommand and its Parser","messageBody":"","fileTypesAndContributionMap":{"functional-code":{"insertions":21,"deletions":7}}},{"hash":"1a1a7323c28b6ed1c9778f3f2ea51ff4c321d721","isMergeCommit":true,"messageTitle":"Merge branch \u0027master\u0027 into wuihong/addTransaction","messageBody":"","fileTypesAndContributionMap":{}},{"hash":"5a46fbe8f325460d7229b5a4e610f2cbca489346","isMergeCommit":false,"messageTitle":"Finalise CliSyntax and AddTransactionCommand code","messageBody":"","fileTypesAndContributionMap":{"functional-code":{"insertions":5,"deletions":1}}},{"hash":"d40bc816894e46ed601b98101bae282d7f3cbe29","isMergeCommit":false,"messageTitle":"Update Messages.java to have a format for Transactions","messageBody":"","fileTypesAndContributionMap":{"functional-code":{"insertions":18,"deletions":0}}},{"hash":"53970c0a41a982e1d4afef7e9b222610b9b3479b","isMergeCommit":false,"messageTitle":"Update AddressBookParser.java for addTransaction command and minor edit to AddressBook.java for addTransaction function","messageBody":"","fileTypesAndContributionMap":{"functional-code":{"insertions":7,"deletions":2}}},{"hash":"e3904510d44877ba03b43dde0b4d5c5457289146","isMergeCommit":false,"messageTitle":"Update code for checkstyle","messageBody":"","fileTypesAndContributionMap":{"functional-code":{"insertions":10,"deletions":9}}},{"hash":"0e1425c4eab679311b6e3e3d1d55aabeb7cbf266","isMergeCommit":false,"messageTitle":"Add test for addTransaction command in AddressBookParserTest","messageBody":"","fileTypesAndContributionMap":{"test-code":{"insertions":7,"deletions":0}}},{"hash":"fdb7b7fe3d014927cda54013faeb64a035a48f92","isMergeCommit":false,"messageTitle":"Fix checkstyle for AddressBookParserTest","messageBody":"","fileTypesAndContributionMap":{"test-code":{"insertions":2,"deletions":2}}},{"hash":"afa3652cea897c2a21ff4ebd3db03c7f0473b804","isMergeCommit":false,"messageTitle":"Start on testing for AddTransactionCommand","messageBody":"","fileTypesAndContributionMap":{"test-code":{"insertions":4,"deletions":0}}},{"hash":"218a9a7d3c8aec7bd6bb013a1502eab6628148b4","isMergeCommit":false,"messageTitle":"Update testing","messageBody":"","fileTypesAndContributionMap":{"test-code":{"insertions":112,"deletions":2}}}]},{"date":"2023-10-15","commitResults":[{"hash":"2c380f4043d18d6d0fb648cf5c5431634e88fc5d","isMergeCommit":true,"messageTitle":"Merge branch \u0027master\u0027 into wuihong/addTransaction","messageBody":"","fileTypesAndContributionMap":{}},{"hash":"8cd25d0c691c1f87a9fc141a8fb57f11df53e58f","isMergeCommit":false,"messageTitle":"Update addTransaction for payee to be self","messageBody":"","fileTypesAndContributionMap":{"functional-code":{"insertions":1,"deletions":1}}},{"hash":"aef0f9922d826ab43c16f38f280def29eee4954b","isMergeCommit":false,"messageTitle":"Update User Guide and rename expenses to transactions","messageBody":"","fileTypesAndContributionMap":{"docs":{"insertions":53,"deletions":53}}},{"hash":"d61051697d76d378d58ff2c59ec116481fab9327","isMergeCommit":true,"messageTitle":"Merge branch \u0027master\u0027 into wuihong/addTransaction","messageBody":"","fileTypesAndContributionMap":{}},{"hash":"47ac7226a50e9ef4c90c033a470e411ab6f22ab5","isMergeCommit":false,"messageTitle":"Complete AddTransactionCommandTest","messageBody":"","fileTypesAndContributionMap":{"test-code":{"insertions":201,"deletions":2}}},{"hash":"2886a22da6ab09185eeca71926d93ff9f00a99a9","isMergeCommit":false,"messageTitle":"Update code for AddTransactionCommandTest for checkstyle","messageBody":"","fileTypesAndContributionMap":{"test-code":{"insertions":0,"deletions":68}}},{"hash":"46c6dfd29e16ebe21f6d14ecacc71cdc9eaece0e","isMergeCommit":false,"messageTitle":"Delete AddTransactionCommandParserTest","messageBody":"","fileTypesAndContributionMap":{"test-code":{"insertions":0,"deletions":1}}}]},{"date":"2023-10-16","commitResults":[{"hash":"710790030225cd8fe5f0bdf0876bd4f17145ff0b","isMergeCommit":false,"messageTitle":"Allow for negative amounts to swap the payeeName and Name","messageBody":"","fileTypesAndContributionMap":{"functional-code":{"insertions":16,"deletions":5}}},{"hash":"13c36de6a14a2cc3838826703a46c0df94a907f6","isMergeCommit":true,"messageTitle":"Merge branch \u0027master\u0027 into wuihong/addTransaction","messageBody":"","fileTypesAndContributionMap":{}},{"hash":"5b98584e3ae34edde458682624fe26c1dad89867","isMergeCommit":true,"messageTitle":"Merge branch \u0027master\u0027 into wuihong/addTransaction","messageBody":"","fileTypesAndContributionMap":{}},{"hash":"3fa27db582096e08635111ec54115f5d7840c1bd","isMergeCommit":false,"messageTitle":"Resolve duplicate case error","messageBody":"","fileTypesAndContributionMap":{"functional-code":{"insertions":0,"deletions":3}}},{"hash":"39cc7ea6ce2e2c28e7e7502bf23bd87412e9a6fc","isMergeCommit":false,"messageTitle":"Update Util and Test for getting balances","messageBody":"","fileTypesAndContributionMap":{"test-code":{"insertions":11,"deletions":0}}},{"hash":"607ccaad073795d70b75f5b310909312acec7afb","isMergeCommit":false,"messageTitle":"Update src/main/java/seedu/address/logic/parser/AddTransactionCommandParser.java","messageBody":"Co-authored-by: Nathaniel Calimag \u003c89729098+nathanielcalimag@users.noreply.github.com\u003e","fileTypesAndContributionMap":{"functional-code":{"insertions":1,"deletions":1}}},{"hash":"c49ef0f145015b4f5d435e2294360c8beedd86a8","isMergeCommit":false,"messageTitle":"Update src/main/java/seedu/address/logic/commands/AddTransactionCommand.java","messageBody":"Co-authored-by: Nathaniel Calimag \u003c89729098+nathanielcalimag@users.noreply.github.com\u003e","fileTypesAndContributionMap":{"functional-code":{"insertions":1,"deletions":1}}},{"hash":"162097774c5622bfc2433920c741dcb5d9703e84","isMergeCommit":false,"messageTitle":"Update src/main/java/seedu/address/logic/parser/AddTransactionCommandParser.java","messageBody":"Co-authored-by: Nathaniel Calimag \u003c89729098+nathanielcalimag@users.noreply.github.com\u003e","fileTypesAndContributionMap":{"functional-code":{"insertions":1,"deletions":1}}},{"hash":"8f8bea07ce191180e049383c6eb2965937d1acff","isMergeCommit":false,"messageTitle":"Add comment for negative amount branching","messageBody":"","fileTypesAndContributionMap":{"functional-code":{"insertions":2,"deletions":0}}},{"hash":"1133d84788eb741d95a295f4a4e48f67e28a9b90","isMergeCommit":true,"messageTitle":"Merge branch \u0027wuihong/addTransaction\u0027 of https://github.com/wui-hong/tp into wuihong/addTransaction","messageBody":"","fileTypesAndContributionMap":{}},{"hash":"1e46391d21d7cf125cb794636c81cca4f868901f","isMergeCommit":true,"messageTitle":"Merge pull request #82 from wui-hong/wuihong/addTransaction","messageBody":"Add addTransaction command","fileTypesAndContributionMap":{}}]},{"date":"2023-10-17","commitResults":[{"hash":"245f25d8a174f64868a307626c223b90a1009b0c","isMergeCommit":false,"messageTitle":"Change prefix to use \"\u003d\" instead of \"/\"","messageBody":"","fileTypesAndContributionMap":{"functional-code":{"insertions":7,"deletions":7},"docs":{"insertions":46,"deletions":46},"test-code":{"insertions":1,"deletions":1}}},{"hash":"6c59a09386c2b6c2bb45162d201d507c17e29e86","isMergeCommit":false,"messageTitle":"Add more minor edits","messageBody":"","fileTypesAndContributionMap":{"docs":{"insertions":7,"deletions":7}}}]},{"date":"2023-10-18","commitResults":[{"hash":"58ad433722eea04a5c35b410123ff758b6c1cd36","isMergeCommit":false,"messageTitle":"Update javadocs in accordance with prefix change","messageBody":"","fileTypesAndContributionMap":{"functional-code":{"insertions":7,"deletions":7}}},{"hash":"0be5422b64d81066ea61c6bf5581cf15ac3d1aae","isMergeCommit":false,"messageTitle":"Replace 2 instances of \"/\" with \"\u003d\"","messageBody":"","fileTypesAndContributionMap":{"docs":{"insertions":2,"deletions":2}}}]},{"date":"2023-10-20","commitResults":[{"hash":"1a713821c9fb85f0056234c8e6cd1773b278a247","isMergeCommit":true,"messageTitle":"Merge pull request #113 from jedkohjk/group-transaction","messageBody":"Add group transaction feature","fileTypesAndContributionMap":{}}]},{"date":"2023-10-22","commitResults":[{"hash":"c1b6735036c68e1d4265545aa50958470f676cba","isMergeCommit":false,"messageTitle":"Update developer guide to rename expenses to transactions","messageBody":"","fileTypesAndContributionMap":{"docs":{"insertions":15,"deletions":15}}},{"hash":"d6061ce0e16b4f85ce2f9dc7af63662e8c36f14b","isMergeCommit":true,"messageTitle":"Merge pull request #152 from jeffrey-jian/jeffrey-jian/editable-payee","messageBody":"[Task] Editable transaction payee","fileTypesAndContributionMap":{}}]}],"jeffrey-jian":[{"date":"2023-09-28","commitResults":[{"hash":"b1e840c74628e01ecd5947532c7606d3cd6e2619","isMergeCommit":false,"messageTitle":"Update about us, add pic","messageBody":"","fileTypesAndContributionMap":{"docs":{"insertions":5,"deletions":5}}}]},{"date":"2023-10-01","commitResults":[{"hash":"bdcaba8d2291e5abea98e1e30e6f20dbb59c7430","isMergeCommit":false,"messageTitle":"Add skeletal Jeffrey\u0027s PPP","messageBody":"","fileTypesAndContributionMap":{"docs":{"insertions":85,"deletions":0}}}]},{"date":"2023-10-03","commitResults":[{"hash":"5f1edc1fe44315b6ed334103441d1f097ea1ebd7","isMergeCommit":false,"messageTitle":"Add DG use cases for v1.2","messageBody":"","fileTypesAndContributionMap":{"docs":{"insertions":146,"deletions":14}}}]},{"date":"2023-10-04","commitResults":[{"hash":"d1fdb495328314e815561751d50900bc73d745dd","isMergeCommit":true,"messageTitle":"Merge pull request #30 from jeffrey-jian/jeffrey-jian/ppp","messageBody":"Add skeletal Jeffrey\u0027s PPP","fileTypesAndContributionMap":{}},{"hash":"b55fff98d4c9043b42821dc3deee356efc75b13e","isMergeCommit":true,"messageTitle":"Merge pull request #37 from jedkohjk/user-guide-name","messageBody":"Fix User Guide name","fileTypesAndContributionMap":{}},{"hash":"cf55c834de8335a114db813d7771526761be3186","isMergeCommit":false,"messageTitle":"Rename UC \"people\" to persons, fix styling","messageBody":"Co-authored-by: Nguyen Cao Duy \u003ccaoduy73@gmail.com\u003e","fileTypesAndContributionMap":{"docs":{"insertions":3,"deletions":3}}},{"hash":"fef4fe2ccebe48a939a00b39ea27b232585e2383","isMergeCommit":false,"messageTitle":"Add line breaks between UCs","messageBody":"","fileTypesAndContributionMap":{"docs":{"insertions":16,"deletions":1}}},{"hash":"7a10a7e1bc5f2b0d25a0c439e857a09907477b82","isMergeCommit":false,"messageTitle":"Rename \u0027SpendNSplit\u0027 to \u0027Spend n Split\u0027 in UCs","messageBody":"","fileTypesAndContributionMap":{"docs":{"insertions":42,"deletions":42}}}]},{"date":"2023-10-05","commitResults":[{"hash":"3ac56d3e01729c9cf84aff32957106b4a2174887","isMergeCommit":false,"messageTitle":"fix formatting","messageBody":"","fileTypesAndContributionMap":{"docs":{"insertions":7,"deletions":4}}},{"hash":"e21e1453623abac676f400c1b341acbb110a5f72","isMergeCommit":false,"messageTitle":"Add v1.1 UCs, fix more formatting","messageBody":"","fileTypesAndContributionMap":{"docs":{"insertions":124,"deletions":66}}}]},{"date":"2023-10-07","commitResults":[{"hash":"747693f49b7a38763d66425550b2a98738919577","isMergeCommit":true,"messageTitle":"Merge pull request #46 from jeffrey-jian/jeffrey-jian/dg-use-cases","messageBody":"[DG] Add v1.1 Use Cases","fileTypesAndContributionMap":{}}]},{"date":"2023-10-12","commitResults":[{"hash":"4d529b8d9f9db88b6049e65fa81a8da2f1d6dcc9","isMergeCommit":false,"messageTitle":"Add TransactionList model","messageBody":"functions:\n- contains\n- add\n- setTransaction\n- remove\netc..\n\nalso added TransactionNotFoundException to handle transaction-\nrelated exceptions.\n","fileTypesAndContributionMap":{"functional-code":{"insertions":132,"deletions":1}}},{"hash":"58d431d1050b3ac4c0db0c40e731090fae674f41","isMergeCommit":false,"messageTitle":"Add unit test for TransactionList","messageBody":"","fileTypesAndContributionMap":{"functional-code":{"insertions":1,"deletions":1},"test-code":{"insertions":127,"deletions":0}}},{"hash":"d8d53b2d3685756cb030851417cf7a34993252d0","isMergeCommit":false,"messageTitle":"Add more unit test for TransactionList","messageBody":"","fileTypesAndContributionMap":{"test-code":{"insertions":17,"deletions":0}}}]},{"date":"2023-10-13","commitResults":[{"hash":"da7d1093fe96b7bdb1df29951029435e5da3ea03","isMergeCommit":true,"messageTitle":"Fix Transaction merge conflicts","messageBody":"","fileTypesAndContributionMap":{}},{"hash":"c0c3dadd78d15ba1875098b11d21416eb8c74257","isMergeCommit":false,"messageTitle":"Add requireNonEmptyCollection in CollectionUtil","messageBody":"","fileTypesAndContributionMap":{"functional-code":{"insertions":7,"deletions":0}}},{"hash":"cd04ea88abdf59529820e440306eeb522c141e34","isMergeCommit":false,"messageTitle":"Add test for requireNonEmptyCollection util","messageBody":"","fileTypesAndContributionMap":{"functional-code":{"insertions":4,"deletions":0},"test-code":{"insertions":19,"deletions":0}}},{"hash":"df8968c2556213b1b959872e2108dfaa6bf5922d","isMergeCommit":false,"messageTitle":"More tests for requireNonEmptyCollection util","messageBody":"","fileTypesAndContributionMap":{"test-code":{"insertions":18,"deletions":8}}},{"hash":"d24538f09c1ccd62b39de3b430eeca29f73632fa","isMergeCommit":false,"messageTitle":"Set up EditTransactionCommand wip","messageBody":"","fileTypesAndContributionMap":{"functional-code":{"insertions":103,"deletions":0}}},{"hash":"924b17ab4027066e5e8f07b776a8958a2575bc76","isMergeCommit":true,"messageTitle":"Merge pull request #72 from jeffrey-jian/jeffrey-jian/add-requireNonEmptyCollection-util","messageBody":"Add requireNonEmptyCollection Util","fileTypesAndContributionMap":{}},{"hash":"c1ce70bb16ee583440e0a3735ad0a26f4777d601","isMergeCommit":true,"messageTitle":"Merge remote-tracking branch \u0027upstream/master\u0027","messageBody":"","fileTypesAndContributionMap":{}},{"hash":"c43f6982fb402228ed6940fca8380cf422ecc14e","isMergeCommit":false,"messageTitle":"EditTransactionDescriptorBuilder wip","messageBody":"","fileTypesAndContributionMap":{"functional-code":{"insertions":104,"deletions":13},"test-code":{"insertions":79,"deletions":0}}},{"hash":"1a1a90b769c6e384e238288e91f30bb1aa4cab4f","isMergeCommit":true,"messageTitle":"Merge remote-tracking branch \u0027upstream/master\u0027","messageBody":"","fileTypesAndContributionMap":{}},{"hash":"ba8a6c15c99b32e3b0362ddcbff485977114e4d8","isMergeCommit":true,"messageTitle":"Resolve merge conflict","messageBody":"","fileTypesAndContributionMap":{}},{"hash":"f6d0776416168bbfbbc73469efac0e651f06a6c4","isMergeCommit":false,"messageTitle":"change parseDescription to use Description","messageBody":"","fileTypesAndContributionMap":{"functional-code":{"insertions":6,"deletions":3},"test-code":{"insertions":2,"deletions":2}}},{"hash":"01fc2377d4041a613c960cca6d61431221691d58","isMergeCommit":false,"messageTitle":"Update tests","messageBody":"","fileTypesAndContributionMap":{"functional-code":{"insertions":0,"deletions":103},"test-code":{"insertions":15,"deletions":2}}},{"hash":"c4c9394d4b4dceee05f07b0fa615a8105265a460","isMergeCommit":true,"messageTitle":"Resolve merge conflicts","messageBody":"","fileTypesAndContributionMap":{}}]},{"date":"2023-10-15","commitResults":[{"hash":"6b30c8847642fe0ec20cb06e68a6c54e97110606","isMergeCommit":false,"messageTitle":"Add support and tests for EditTransactionCommand","messageBody":"EditTransactionCommand for v1.2 only supports editing\ndescription and cost.\nEditing of payee, and individual expenses will be\nsupported in v1.2b/1.3/4.\n\nAdded EditTransactionCommand and Descriptor, DescriptorBuilder,\nParser, and tests.\n","fileTypesAndContributionMap":{"functional-code":{"insertions":100,"deletions":6},"test-code":{"insertions":167,"deletions":4}}},{"hash":"a46eca2c12c8a02a60c5b65d784005a3818e477d","isMergeCommit":false,"messageTitle":"Fix styling and tests","messageBody":"","fileTypesAndContributionMap":{"functional-code":{"insertions":40,"deletions":42},"test-code":{"insertions":27,"deletions":15}}},{"hash":"00f8b0175a736f87835ec22ad66b563757551728","isMergeCommit":true,"messageTitle":"Resolve merge conflicts","messageBody":"","fileTypesAndContributionMap":{}}]},{"date":"2023-10-16","commitResults":[{"hash":"48c4e3754127b5b9d32b0ec94630bc24bd5a9e18","isMergeCommit":true,"messageTitle":"Merge branch \u0027master\u0027 into jeffrey-jian/add-editTransaction-command","messageBody":"","fileTypesAndContributionMap":{}},{"hash":"b6c0ebcf68450aac1b95fdb5662b6d364dd2ef0c","isMergeCommit":false,"messageTitle":"Add more tests, add TransactionUtil","messageBody":"","fileTypesAndContributionMap":{"functional-code":{"insertions":4,"deletions":4},"test-code":{"insertions":53,"deletions":1}}},{"hash":"3f78034b932118cc05810b77e1fddcbe3c665ab9","isMergeCommit":true,"messageTitle":"Merge master","messageBody":"","fileTypesAndContributionMap":{}},{"hash":"9056ef64071b5c38d9e411375ec6f4cdae987388","isMergeCommit":false,"messageTitle":"Add test for command","messageBody":"","fileTypesAndContributionMap":{"functional-code":{"insertions":35,"deletions":3},"test-code":{"insertions":20,"deletions":8}}},{"hash":"421c9999c405aa778cc9580cc6f07d6594de7f7a","isMergeCommit":false,"messageTitle":"Fix tests","messageBody":"","fileTypesAndContributionMap":{"functional-code":{"insertions":5,"deletions":5},"test-code":{"insertions":6,"deletions":7}}}]},{"date":"2023-10-17","commitResults":[{"hash":"3e9fdd0d9602cb151a1d902bab26113eee1d5942","isMergeCommit":true,"messageTitle":"Resolve merge conflict and tests","messageBody":"","fileTypesAndContributionMap":{}},{"hash":"455cef8fc560fdecbeef4bf69a5d006cd47a970b","isMergeCommit":false,"messageTitle":"Remove debugging statements, fix docs","messageBody":"","fileTypesAndContributionMap":{"test-code":{"insertions":2,"deletions":6}}},{"hash":"250e44d6912b090aa76a5b701cc3abe90265f32c","isMergeCommit":false,"messageTitle":"Add more edit transaction tests","messageBody":"","fileTypesAndContributionMap":{"test-code":{"insertions":155,"deletions":1}}}]},{"date":"2023-10-18","commitResults":[{"hash":"d273e9ec9669b5a5fdedbd94841b212bde8ddb81","isMergeCommit":true,"messageTitle":"Merge pull request #132 from nathanielcalimag/nathanielcalimag/change-theme-to-light-mode","messageBody":"[Enhancement] Change theme to light mode","fileTypesAndContributionMap":{}}]},{"date":"2023-10-19","commitResults":[{"hash":"855ff869287dd66fa0c1641433e360e3030936db","isMergeCommit":false,"messageTitle":"Add new timestamp prefix \"ts\u003d\"","messageBody":"","fileTypesAndContributionMap":{"functional-code":{"insertions":2,"deletions":0}}},{"hash":"b5e00d3b68f9afca6cd7a46743b5a436ba5e992a","isMergeCommit":false,"messageTitle":"Add timestamp parsing in editTransaction command","messageBody":"","fileTypesAndContributionMap":{"functional-code":{"insertions":23,"deletions":2}}},{"hash":"52b5b82d4e1b45d317cb2647a940788f9b51e405","isMergeCommit":false,"messageTitle":"Add ts\u003d to fields in editTransaction cmd","messageBody":"","fileTypesAndContributionMap":{"functional-code":{"insertions":1,"deletions":1}}},{"hash":"27a9feb78b0581b082c6f9c307a064c335d0043f","isMergeCommit":false,"messageTitle":"Add more tests","messageBody":"","fileTypesAndContributionMap":{"test-code":{"insertions":61,"deletions":5}}},{"hash":"392b229a1cef17d50019e00fd1609169dfa6b1cb","isMergeCommit":false,"messageTitle":"Fix checkstyle","messageBody":"","fileTypesAndContributionMap":{"test-code":{"insertions":4,"deletions":5}}},{"hash":"f77b4bcf0a74495ebe25eb18b2b6321ebb950443","isMergeCommit":true,"messageTitle":"Merge pull request #137 from nathanielcalimag/nathanielcalimag/increase-gap-between-lists","messageBody":"[Enhancement] Add gap between persons and transactions list","fileTypesAndContributionMap":{}}]},{"date":"2023-10-21","commitResults":[{"hash":"4597fb994014cf79a4ed272c2a3268e5f7f6eb73","isMergeCommit":false,"messageTitle":"Editable transaction payee","messageBody":"","fileTypesAndContributionMap":{"functional-code":{"insertions":7,"deletions":6},"test-code":{"insertions":8,"deletions":0}}},{"hash":"bf58d37b533c1d112e85f6899c44625736d32585","isMergeCommit":false,"messageTitle":"Update command usage message","messageBody":"","fileTypesAndContributionMap":{"functional-code":{"insertions":4,"deletions":1}}}]},{"date":"2023-10-22","commitResults":[{"hash":"b34cf106494759afc2f3d7e19ae8102d622463d4","isMergeCommit":true,"messageTitle":"Resolve merge conflict","messageBody":"","fileTypesAndContributionMap":{}},{"hash":"8208633350e5696dbd4cb741f40224085fe1b73a","isMergeCommit":true,"messageTitle":"Resolve merge conflict","messageBody":"","fileTypesAndContributionMap":{}},{"hash":"c2060fede6caed5ea79db13f273b620b668b6ec7","isMergeCommit":true,"messageTitle":"Merge pull request #144 from jeffrey-jian/jeffrey-jian/add-editTransaction-command","messageBody":"Add ability to edit timestamp in EditTransactionCommand","fileTypesAndContributionMap":{}}]}]},"authorFileTypeContributionMap":{"jedkohjk":{"docs":77,"functional-code":981,"test-code":443,"other":4},"nathanielcalimag":{"docs":70,"functional-code":893,"test-code":859},"ncduy0303":{"docs":104,"functional-code":783,"test-code":1034,"other":1},"wui-hong":{"docs":318,"functional-code":176,"test-code":295},"jeffrey-jian":{"docs":232,"functional-code":452,"test-code":678}},"authorContributionVariance":{"jedkohjk":64268.785,"nathanielcalimag":80649.07,"ncduy0303":48581.125,"wui-hong":10173.55,"jeffrey-jian":14836.9375},"authorDisplayNameMap":{"jedkohjk":"CS2103T-W17-3 JED ..KEAT","nathanielcalimag":"CS2103T-W17-3 NATH..IMAG","ncduy0303":"CS2103T-W17-3 NGUY.. DUY","wui-hong":"CS2103T-W17-3 KHOO..HONG","jeffrey-jian":"CS2103T-W17-3 JEFF.. JIE"}}
