{"authorDailyContributionsMap":{"jianyangg":[{"date":"2023-09-29","commitResults":[{"hash":"40509046691c81a98a5b45bd813864e7d4a2cfc1","isMergeCommit":true,"messageTitle":"Merge pull request #44 from B-enguin/31-update-aboutus-benjamin","messageBody":"Close #31","fileTypesAndContributionMap":{}},{"hash":"689d3a62eb86fc64698f224730de4a38481fcd0f","isMergeCommit":true,"messageTitle":"Merge remote-tracking branch \u0027upstream/master\u0027","messageBody":"","fileTypesAndContributionMap":{}},{"hash":"eac3d41331850f132e9e245754ae02281ae38a9a","isMergeCommit":false,"messageTitle":"Close #54","messageBody":"Update AboutUs.md with Jian Yang\u0027s details and\n\nadded Jian Yang\u0027s photo to /images.\n","fileTypesAndContributionMap":{"docs":{"insertions":18,"deletions":6}}},{"hash":"e3de4187ff7b160fc82809c4725e83fb2c7b6694","isMergeCommit":false,"messageTitle":"Close #55","messageBody":"Added Jian Yang\u0027s Skeletal PPP\n","fileTypesAndContributionMap":{"docs":{"insertions":33,"deletions":0}}},{"hash":"712e03d93de8cf051457b4660b25e06e3a203e3f","isMergeCommit":false,"messageTitle":"Close #58","messageBody":"Update UserGuide with delivery specific features.\n","fileTypesAndContributionMap":{"docs":{"insertions":19,"deletions":1}}},{"hash":"d769a453990463269fb87a7c36ffcda0476e478c","isMergeCommit":false,"messageTitle":"Close #58","messageBody":"Update UserGuide with delivery specific features.\n","fileTypesAndContributionMap":{"docs":{"insertions":4,"deletions":4}}},{"hash":"c67764c35fb5ae9ee98b14f3392aa83f9ade5f24","isMergeCommit":false,"messageTitle":"Close #58","messageBody":"Update UserGuide with delivery specific features.\n","fileTypesAndContributionMap":{"docs":{"insertions":0,"deletions":6}}}]},{"date":"2023-09-30","commitResults":[{"hash":"ca58ecb927fc7d8c31083086ae7912cdfe9d5ac0","isMergeCommit":true,"messageTitle":"Merge branch \u0027master\u0027 into 55-skeletal-ppp-jian-yang","messageBody":"","fileTypesAndContributionMap":{}},{"hash":"aa7956c25e8eb4157aab12e8bd94c821aaf83332","isMergeCommit":false,"messageTitle":"Add newline at EOF","messageBody":"Fixes failed build test due to missing\n\nnewline at EOF.\n","fileTypesAndContributionMap":{"docs":{"insertions":2,"deletions":1}}},{"hash":"2aa3c2aa1152df435e5e576e9e05fc5ff59b1732","isMergeCommit":false,"messageTitle":"Add newline at EOF","messageBody":"Fixes failed build test due to missing\n\nnewline at EOF.\n","fileTypesAndContributionMap":{"docs":{"insertions":0,"deletions":1}}},{"hash":"1f3cfeab45744d8dd37532e6e2c896ccb95ec8c2","isMergeCommit":true,"messageTitle":"Merge pull request #67 from B-enguin/66-update-userguide","messageBody":"Update UserGuide for Customer and Delivery","fileTypesAndContributionMap":{}},{"hash":"31155220e576852358e22aae5b0a952b34ea97ed","isMergeCommit":false,"messageTitle":"Fix formatting and indentation issues","messageBody":"This commit improves on the previous\n\ncommit and addresses formatting issues that were missed out.\n","fileTypesAndContributionMap":{"docs":{"insertions":56,"deletions":63}}},{"hash":"711233f7e9b7a6ef757fb3626c94de04d842168c","isMergeCommit":true,"messageTitle":"Merge branch \u0027master\u0027 into 58-update-userguide-deliveries","messageBody":"","fileTypesAndContributionMap":{}}]},{"date":"2023-10-01","commitResults":[{"hash":"0ef3456251b39c89da3d904a8260964fa25745b3","isMergeCommit":true,"messageTitle":"Merge pull request #75 from B-enguin/47-update-dg-nfr","messageBody":"Update DeveloperGuide NFR","fileTypesAndContributionMap":{}},{"hash":"dbd82fd25e95b9d414c0d70f7fd734c1d329dc9c","isMergeCommit":true,"messageTitle":"Merge pull request #71 from zhonghan721/update-ug-dg","messageBody":"Update User Guide, Developer Guide","fileTypesAndContributionMap":{}}]},{"date":"2023-10-03","commitResults":[{"hash":"0c86e94ee7e03c2552bbf737a39c54fef037e9e9","isMergeCommit":false,"messageTitle":"Update formatting for UserGuide","messageBody":"Formatting for deliveries section is now aligned with teammates\n","fileTypesAndContributionMap":{"docs":{"insertions":20,"deletions":18}}},{"hash":"048d65fcc2951ff2901e8a747f46c1738165726b","isMergeCommit":false,"messageTitle":"Update DG Glossary section","messageBody":"Glossary is aligned with key or vague terms\n\nused in the team\u0027s DG.\n","fileTypesAndContributionMap":{"docs":{"insertions":3,"deletions":1}}},{"hash":"82f3059de9ad7ba03d7ca81195e2599726bcd2bf","isMergeCommit":true,"messageTitle":"Merge branch \u0027master\u0027 into 58-update-userguide-deliveries","messageBody":"","fileTypesAndContributionMap":{}}]},{"date":"2023-10-04","commitResults":[{"hash":"a51e3e83a7995332c58ba4e163736444849e61cf","isMergeCommit":false,"messageTitle":"Update README.md file to include description","messageBody":"Added description for HomeBoss README\n","fileTypesAndContributionMap":{"docs":{"insertions":17,"deletions":10}}},{"hash":"c5f413785fd68c743e12bbb1dde7b8c771f39768","isMergeCommit":false,"messageTitle":"Add delivery use case for DG","messageBody":"This commit closes #93.\n","fileTypesAndContributionMap":{"docs":{"insertions":142,"deletions":6}}},{"hash":"3f059b66135ad943ec8591282b3f47ef6d69780b","isMergeCommit":true,"messageTitle":"Merge pull request #100 from jianyangg/93-update-dg-uc-deliveries","messageBody":"Close #93 - Add delivery use case for DG","fileTypesAndContributionMap":{}}]},{"date":"2023-10-12","commitResults":[{"hash":"3a9720049f6ef3b2b0836852b28f4c217d5c08c2","isMergeCommit":true,"messageTitle":"Merge pull request #108 from B-enguin/25-customer-list","messageBody":"Add Customer List Command","fileTypesAndContributionMap":{}},{"hash":"eeae47724b374b933924fffd164872356b9b0f0b","isMergeCommit":false,"messageTitle":"Add Customer Delete","messageBody":"Close #15 as per user story\n","fileTypesAndContributionMap":{"functional-code":{"insertions":4,"deletions":4},"other":{"insertions":28,"deletions":26},"docs":{"insertions":4,"deletions":7},"test-code":{"insertions":8,"deletions":8}}},{"hash":"969c8f0045877f6568d4f63a92ed171ff73ff91c","isMergeCommit":false,"messageTitle":"Order imports lexicographically","messageBody":"Address checkstyle issues\n","fileTypesAndContributionMap":{"functional-code":{"insertions":23,"deletions":23}}},{"hash":"86f879e0ecde71d362d452cc3b5c5e3467eef31a","isMergeCommit":false,"messageTitle":"Fix indentation issues","messageBody":"Address checkstyle wrong indentation level\n","fileTypesAndContributionMap":{"functional-code":{"insertions":22,"deletions":22}}},{"hash":"43a485bc08b082146ead982ac70a8482149d7263","isMergeCommit":false,"messageTitle":"Order imports in lexicographical order","messageBody":"Address checkstyle errors found in AddressBookParser\n","fileTypesAndContributionMap":{"test-code":{"insertions":7,"deletions":4}}},{"hash":"8fe486f44f11b769986205e573870add97b09392","isMergeCommit":false,"messageTitle":"Remedy failed test for delete command","messageBody":"Corrected the command in logic test for delete\n","fileTypesAndContributionMap":{"test-code":{"insertions":2,"deletions":2}}}]},{"date":"2023-10-13","commitResults":[{"hash":"080e490b5a4a602fefc96ee045975b49cefbfe8d","isMergeCommit":true,"messageTitle":"Combine import statements","messageBody":"","fileTypesAndContributionMap":{}},{"hash":"eceea50a269db4b097d5e39add8d2ec51c50f87a","isMergeCommit":false,"messageTitle":"Update delete command by customerID","messageBody":"Aligns with addition of customerID field to Customer\n","fileTypesAndContributionMap":{"functional-code":{"insertions":15,"deletions":5}}},{"hash":"c72d7fd3a03184d3c955fd10dea02096d316f177","isMergeCommit":false,"messageTitle":"Update json data and fix tests","messageBody":"Changed JSON of each CustomerID to start from 1.\n","fileTypesAndContributionMap":{"test-code":{"insertions":8,"deletions":8}}},{"hash":"c8255767e6a0de99f5945f3a3f837364b60c695c","isMergeCommit":true,"messageTitle":"Merge pull request #111 from Gabriel4357/update-customer-branch-","messageBody":"As a register owner, I can update customer details","fileTypesAndContributionMap":{}}]},{"date":"2023-10-17","commitResults":[{"hash":"05349699790e0aa191b48f5847bc6dbdc44849b7","isMergeCommit":false,"messageTitle":"Reorganise UI elements","messageBody":"Shifted result display to the right\n","fileTypesAndContributionMap":{"functional-code":{"insertions":21,"deletions":15}}},{"hash":"26ec70ae9a5f5d811619fbfa192828f4c376b075","isMergeCommit":true,"messageTitle":"Merge branch \u0027master\u0027 of https://github.com/jianyangg/tp into 117-reorganise-ui-elements","messageBody":"","fileTypesAndContributionMap":{}},{"hash":"0f418d07cc6e2f7e6de34fef93ff1a1a0a5a8996","isMergeCommit":true,"messageTitle":"Merge pull request #120 from zhonghan721/10-16-log-in-log-out","messageBody":"Adds user login and logout commands","fileTypesAndContributionMap":{}},{"hash":"ad44f483eed08a32abfda71aa3db423041b93aae","isMergeCommit":true,"messageTitle":"Merge branch \u0027master\u0027 of https://github.com/jianyangg/tp into 117-reorganise-ui-elements","messageBody":"","fileTypesAndContributionMap":{}},{"hash":"c0ae3d61d0eefc7be834ce4edc59bf1015976e93","isMergeCommit":false,"messageTitle":"Add account registration","messageBody":"Also added authentication during log in\n","fileTypesAndContributionMap":{"functional-code":{"insertions":468,"deletions":22}}},{"hash":"feb7c4100971df335349c30585ce8c6f0be79809","isMergeCommit":false,"messageTitle":"Fix password confirmation bug","messageBody":"Previously didn\u0027t check if confirmPass equals password\n","fileTypesAndContributionMap":{"functional-code":{"insertions":2,"deletions":2},"other":{"insertions":1,"deletions":2},"test-code":{"insertions":16,"deletions":0}}},{"hash":"7b06c294f73bbc55843b1914eb6f0e1a03c5bd46","isMergeCommit":false,"messageTitle":"Fix checkstyle errors","messageBody":"Removed trailing whitespace and reordered variables\n","fileTypesAndContributionMap":{"functional-code":{"insertions":28,"deletions":24}}},{"hash":"2ae19ea90ea059d3143428764f01fcde3dbd45c1","isMergeCommit":false,"messageTitle":"Fix failing tests","messageBody":"Tests were using unhashed passwords\n","fileTypesAndContributionMap":{"test-code":{"insertions":12,"deletions":6}}},{"hash":"475d4293e0164dfcf348167c42d25fc480fc0a20","isMergeCommit":false,"messageTitle":"Add test for register parser","messageBody":"Fixed checkstyle for tests as well\n","fileTypesAndContributionMap":{"test-code":{"insertions":136,"deletions":1}}},{"hash":"3ace328141dfce8e6f924e0b282d51a8c388d1d7","isMergeCommit":false,"messageTitle":"Add more info to help message","messageBody":"Also updated helpMessage.png\n","fileTypesAndContributionMap":{"functional-code":{"insertions":24,"deletions":3},"test-code":{"insertions":4,"deletions":3}}},{"hash":"c019110c0e199ab4904ca796fd6dfd699e0f4355","isMergeCommit":true,"messageTitle":"Merge branch \u0027master\u0027 into 8-as-a-new-user-i-can-create-a-local-account","messageBody":"","fileTypesAndContributionMap":{}}]},{"date":"2023-10-18","commitResults":[{"hash":"a56b3c0fb625a2617001fb57ebecf7f5b271f0e9","isMergeCommit":true,"messageTitle":"Merge branch \u0027jianyangg-8-as-a-new-user-i-can-create-a-local-account\u0027","messageBody":"","fileTypesAndContributionMap":{}},{"hash":"53f5163005a777b66af1beea1bd29cbbae974036","isMergeCommit":true,"messageTitle":"Merge branch \u0027master\u0027 of https://github.com/jianyangg/tp into 24-as-a-registered-owner-i-can-delete-my-account","messageBody":"","fileTypesAndContributionMap":{}},{"hash":"64d6dfe901d53bad33e5f89978b8e14e2d6d806c","isMergeCommit":false,"messageTitle":"Improve code coverage","messageBody":"Added more tests for new files\n","fileTypesAndContributionMap":{"functional-code":{"insertions":5,"deletions":0},"test-code":{"insertions":162,"deletions":1}}},{"hash":"4f12c193543e91be216ad77b6d367a47beff0614","isMergeCommit":true,"messageTitle":"Merge branch \u0027master\u0027","messageBody":"","fileTypesAndContributionMap":{}},{"hash":"d1228da472ec8dc5d1bbff5258e0c9d2b2546f16","isMergeCommit":true,"messageTitle":"Merge branch \u0027master\u0027","messageBody":"","fileTypesAndContributionMap":{}},{"hash":"b506e2c316461a3c5806fbad6c445fec804aa1f5","isMergeCommit":false,"messageTitle":"Fix failing test","messageBody":"Test required writing to file\n","fileTypesAndContributionMap":{"test-code":{"insertions":0,"deletions":22}}},{"hash":"f12363c37c2e4fb4678379105d73a99e5126d6b2","isMergeCommit":false,"messageTitle":"Removed unused imports","messageBody":"","fileTypesAndContributionMap":{"test-code":{"insertions":0,"deletions":2}}},{"hash":"1c03f938662ef72ccdde367bcf163319308142f6","isMergeCommit":true,"messageTitle":"Merge branch \u0027master\u0027 of https://github.com/jianyangg/tp into 24-as-a-registered-owner-i-can-delete-my-account","messageBody":"","fileTypesAndContributionMap":{}},{"hash":"743f7007adbfe471ede20f3922b66a9bc173a6b3","isMergeCommit":false,"messageTitle":"Add more test cases","messageBody":"Fix low code coverage.\n","fileTypesAndContributionMap":{"functional-code":{"insertions":48,"deletions":10},"test-code":{"insertions":134,"deletions":2}}},{"hash":"d264b3ba8e07c28d9acaf5c5e5439a446cc3a1b2","isMergeCommit":false,"messageTitle":"Fix failing tests","messageBody":"","fileTypesAndContributionMap":{"functional-code":{"insertions":0,"deletions":1},"test-code":{"insertions":4,"deletions":6}}},{"hash":"1cf78e217c20f24712dcbaf6e8d21cf3b18cfc3f","isMergeCommit":false,"messageTitle":"Fix user register command test","messageBody":"","fileTypesAndContributionMap":{"test-code":{"insertions":18,"deletions":11}}},{"hash":"5980e4565e02b18b677be29535cd9e667367211e","isMergeCommit":false,"messageTitle":"Fix checkstyle","messageBody":"","fileTypesAndContributionMap":{"test-code":{"insertions":6,"deletions":22}}},{"hash":"6fb6736ec2f9979233fca28247be19fcac977979","isMergeCommit":false,"messageTitle":"Fix tests","messageBody":"","fileTypesAndContributionMap":{"functional-code":{"insertions":2,"deletions":1},"test-code":{"insertions":4,"deletions":2}}},{"hash":"f1f0687c7bbc4cac0af1ff37c69bccb12c95191f","isMergeCommit":false,"messageTitle":"Fix tests","messageBody":"","fileTypesAndContributionMap":{"functional-code":{"insertions":41,"deletions":60},"test-code":{"insertions":8,"deletions":6}}},{"hash":"f3935cd9a7d0523a0cfc9127569470c0fcc6022a","isMergeCommit":false,"messageTitle":"Fix tests","messageBody":"","fileTypesAndContributionMap":{"functional-code":{"insertions":3,"deletions":0},"test-code":{"insertions":4,"deletions":13}}},{"hash":"a2dc880f477916f4d41b8a4edea64cf831fddd5e","isMergeCommit":false,"messageTitle":"Change gradle","messageBody":"","fileTypesAndContributionMap":{"other":{"insertions":3,"deletions":0}}},{"hash":"8d1aae067f58f92f27dfe82b57c3ed00566d2b33","isMergeCommit":false,"messageTitle":"Remove test","messageBody":"","fileTypesAndContributionMap":{"test-code":{"insertions":0,"deletions":9}}},{"hash":"bfac47b899c048f0bb0dd16790eaee47ddaeb161","isMergeCommit":true,"messageTitle":"Merge branch \u0027master\u0027 into 8-as-a-new-user-i-can-create-a-local-account","messageBody":"","fileTypesAndContributionMap":{}}]},{"date":"2023-10-19","commitResults":[{"hash":"c7889facd0f9b3ef690599882763b10f1b636d05","isMergeCommit":false,"messageTitle":"Add delete command","messageBody":"","fileTypesAndContributionMap":{"functional-code":{"insertions":80,"deletions":12},"test-code":{"insertions":60,"deletions":0}}},{"hash":"83625130c3bf8900ee9b9d702adbb49af5bcaddc","isMergeCommit":false,"messageTitle":"Revert \"Add delete command\"","messageBody":"This reverts commit c7889facd0f9b3ef690599882763b10f1b636d05.\n","fileTypesAndContributionMap":{"functional-code":{"insertions":12,"deletions":80},"test-code":{"insertions":0,"deletions":60}}},{"hash":"91b608c52fa76426bb15988f43000645761c762c","isMergeCommit":false,"messageTitle":"Add delete command","messageBody":"","fileTypesAndContributionMap":{"functional-code":{"insertions":99,"deletions":21},"test-code":{"insertions":68,"deletions":2}}},{"hash":"894aa5a37e3ae5a3edbe7365923059f2db2bd2e7","isMergeCommit":true,"messageTitle":"Merge branch \u00278-as-a-new-user-i-can-create-a-local-account\u0027 of https://github.com/jianyangg/tp into 8-as-a-new-user-i-can-create-a-local-account","messageBody":"","fileTypesAndContributionMap":{}},{"hash":"1d403cd14afc009d7f484c497c5b9c2ab04b97af","isMergeCommit":true,"messageTitle":"Merge branch \u0027master\u0027 into 24-as-a-registered-owner-i-can-delete-my-account","messageBody":"","fileTypesAndContributionMap":{}},{"hash":"e9b112ecc75ee8856c97c80d394333e783cca6fc","isMergeCommit":false,"messageTitle":"Add and update tests","messageBody":"","fileTypesAndContributionMap":{"functional-code":{"insertions":14,"deletions":21},"test-code":{"insertions":33,"deletions":28}}},{"hash":"77819dafe9566be6e135070736bdc70ce1cb5efc","isMergeCommit":false,"messageTitle":"Fix failing tests","messageBody":"","fileTypesAndContributionMap":{"functional-code":{"insertions":4,"deletions":6},"test-code":{"insertions":3,"deletions":5}}},{"hash":"d526a6a5b7b93eda0b486c880a4fd0dea1b142a7","isMergeCommit":true,"messageTitle":"Merge with create-account branch","messageBody":"","fileTypesAndContributionMap":{}},{"hash":"080a9932fb899a15411cf694eb8ff072a6d6e813","isMergeCommit":true,"messageTitle":"Merge branch \u002724-as-a-registered-owner-i-can-delete-my-account\u0027 of https://github.com/jianyangg/tp into 24-as-a-registered-owner-i-can-delete-my-account","messageBody":"","fileTypesAndContributionMap":{}},{"hash":"246fbfc85b96f7aab70f033bc07b1170be846e50","isMergeCommit":true,"messageTitle":"Merge pull request #139 from jianyangg/24-as-a-registered-owner-i-can-delete-my-account","messageBody":"24 as a registered owner i can delete my account","tags":["v1.2"],"fileTypesAndContributionMap":{}}]},{"date":"2023-10-21","commitResults":[{"hash":"186a3a97f0d92510f88e95b889e614fa3bb537b6","isMergeCommit":true,"messageTitle":"Merge pull request #143 from zhonghan721/fix-ui-list","messageBody":"Fix UI list refreshing bug","fileTypesAndContributionMap":{}},{"hash":"536348fee60106baa18e8b6e16d8a54382669161","isMergeCommit":true,"messageTitle":"Merge with master","messageBody":"","fileTypesAndContributionMap":{}}]},{"date":"2023-10-24","commitResults":[{"hash":"c5dad414658f55978292870348302828da39eda4","isMergeCommit":true,"messageTitle":"Merge pull request #174 from B-enguin/173-change-delivery-status-syntax","messageBody":"Update DeliveryStatusCommand Command Syntax","fileTypesAndContributionMap":{}},{"hash":"e51d18c6e0e712ec2d8a55408a165335e6e908cc","isMergeCommit":true,"messageTitle":"Merge branch \u0027AY2324S1-CS2103T-T13-3:master\u0027 into master","messageBody":"","fileTypesAndContributionMap":{}},{"hash":"0c3822eba0d1652638518793bb2d715a78f872bb","isMergeCommit":false,"messageTitle":"Update UG for User","messageBody":"Updated register, added account recovery and account deletion\n","fileTypesAndContributionMap":{"docs":{"insertions":42,"deletions":11}}},{"hash":"29715bc2a9306f4ff0eba9585bfa58b8cd487e4c","isMergeCommit":false,"messageTitle":"Update UG TOC","messageBody":"Added User changes to table of content\n","fileTypesAndContributionMap":{"docs":{"insertions":3,"deletions":4}}},{"hash":"95151fa733bd9846b6a6bce0a93f2fd4ec467200","isMergeCommit":false,"messageTitle":"Update DG Use Cases for User","messageBody":"","fileTypesAndContributionMap":{"docs":{"insertions":29,"deletions":61}}},{"hash":"3b805c506bd0a7173e39af09737e2037d2505a5f","isMergeCommit":true,"messageTitle":"Merge pull request #147 from B-enguin/145-update-ug-status","messageBody":"Update UG for DeliveryStatusCommand","fileTypesAndContributionMap":{}},{"hash":"3f7333c2b07e768929207d84308bde4b20e314ac","isMergeCommit":true,"messageTitle":"Merge branch \u0027AY2324S1-CS2103T-T13-3:master\u0027 into master","messageBody":"","fileTypesAndContributionMap":{}},{"hash":"6604017c6fd88b740a0da91ab1f8635165537451","isMergeCommit":true,"messageTitle":"Merge pull request #177 from zhonghan721/156-157-update-dg-user-login-logout","messageBody":"156 157 update dg user login logout","fileTypesAndContributionMap":{}},{"hash":"5151368e07913ce1ba717d97c80a4561bbf01766","isMergeCommit":true,"messageTitle":"Merge branch \u0027AY2324S1-CS2103T-T13-3:master\u0027 into master","messageBody":"","fileTypesAndContributionMap":{}},{"hash":"677776edba0b51028fd575252692b4b9883ec652","isMergeCommit":true,"messageTitle":"Merge branch \u0027master\u0027 of https://github.com/jianyangg/tp into 170-update-dg-register-account","messageBody":"","fileTypesAndContributionMap":{}},{"hash":"df15122dbd685704b3dfb0e0b48462a68b4b2576","isMergeCommit":false,"messageTitle":"Update DG - Register","messageBody":"Added sequence and activity diagrams\nfor register command.\n","fileTypesAndContributionMap":{"docs":{"insertions":226,"deletions":51}}},{"hash":"f20a8c497b54de16f8574eafbb14433e77866683","isMergeCommit":false,"messageTitle":"Update sequence diagram for Register","messageBody":"Removed destruction of CommandResult instance\n","fileTypesAndContributionMap":{"docs":{"insertions":0,"deletions":2}}},{"hash":"9ecd39eb0d46741965e07fc852eee1cacd5e788f","isMergeCommit":false,"messageTitle":"Fix typo for account recovery","messageBody":"","fileTypesAndContributionMap":{"docs":{"insertions":17,"deletions":11}}},{"hash":"78043e5268ae0af378d0181783420dd427f8d702","isMergeCommit":true,"messageTitle":"Merge pull request #148 from B-enguin/146-update-ug-delivery-note","messageBody":"Update UG for DeliveryCreateNoteCommand","fileTypesAndContributionMap":{}},{"hash":"9f890bfaf4199163c16bdd9982524e50a63148a5","isMergeCommit":true,"messageTitle":"Merge pull request #158 from AY2324S1-CS2103T-T13-3/149-update-ug-view-customer-delivery-list","messageBody":"Add Delivery View, List, Customer List, Day","fileTypesAndContributionMap":{}},{"hash":"0eab538dabfbae636a4ab0b165e10b9b7ef16ca9","isMergeCommit":true,"messageTitle":"Merge pull request #182 from zhonghan721/175-change-customer-phone-number-validation","messageBody":"Change customer phone number validation to 8 digits","fileTypesAndContributionMap":{}},{"hash":"402fe6840e835da1bc0ccb8eef0ec018eeb600a0","isMergeCommit":true,"messageTitle":"Merge branch \u0027master\u0027 of https://github.com/jianyangg/tp into 189-update-ug-register-account","messageBody":"","fileTypesAndContributionMap":{}},{"hash":"ddf05be398695a3c967a4f0b8e718c4ac96e8a35","isMergeCommit":true,"messageTitle":"Merged with master","messageBody":"","fileTypesAndContributionMap":{}},{"hash":"e040e3a93d717ed69812a0c2642a5c96177cde24","isMergeCommit":false,"messageTitle":"Update UserGuide.md","messageBody":"","fileTypesAndContributionMap":{"docs":{"insertions":6,"deletions":6}}},{"hash":"455f3b0aab261f58a89f1fd800164d63df15f82d","isMergeCommit":false,"messageTitle":"Update UserGuide.md","messageBody":"Minor formatting issues\n","fileTypesAndContributionMap":{"docs":{"insertions":1,"deletions":1}}},{"hash":"57922f867eac5db6757e26421c0eccbdf35d3a86","isMergeCommit":true,"messageTitle":"Merge branch \u0027AY2324S1-CS2103T-T13-3:master\u0027 into master","messageBody":"","fileTypesAndContributionMap":{}},{"hash":"4ac5a2bd789597eac3f77fd78d859325ad3af07c","isMergeCommit":false,"messageTitle":"Update UserGuide.md","messageBody":"Removed redundant new lines","fileTypesAndContributionMap":{"docs":{"insertions":3,"deletions":6}}},{"hash":"f2d065273930c948b6c70869dce0929d3871a1f0","isMergeCommit":false,"messageTitle":"Update Register command","messageBody":"Register command now supports addition of secret question\nand answer for account recovery purposes.\n","fileTypesAndContributionMap":{"functional-code":{"insertions":135,"deletions":26},"test-code":{"insertions":114,"deletions":25}}},{"hash":"9430cc07081e64d63dcc0cb5440871459b21e68a","isMergeCommit":false,"messageTitle":"Add test cases","messageBody":"","fileTypesAndContributionMap":{"functional-code":{"insertions":2,"deletions":7},"test-code":{"insertions":5,"deletions":1}}},{"hash":"8a7f42afe2b66e8f7fa06999bde31b968eb2bf3e","isMergeCommit":true,"messageTitle":"Merge branch \u0027master\u0027 of https://github.com/jianyangg/tp into 189-update-ug-register-account","messageBody":"","fileTypesAndContributionMap":{}},{"hash":"f41dfb7136e3dcc51a4320a17f17f6fda52bac64","isMergeCommit":true,"messageTitle":"Merge branch \u0027master\u0027 of https://github.com/jianyangg/tp into 189-update-ug-register-account","messageBody":"","fileTypesAndContributionMap":{}},{"hash":"b5be09a194671f7e70cc3b8919eaf6c1f62e3c87","isMergeCommit":true,"messageTitle":"Merge branch \u0027master\u0027 of https://github.com/jianyangg/tp","messageBody":"","fileTypesAndContributionMap":{}},{"hash":"d3bd7b0de9d9db898bb03e1cf0274062c3d83156","isMergeCommit":true,"messageTitle":"Merge branch \u0027AY2324S1-CS2103T-T13-3:master\u0027 into 189-update-ug-register-account","messageBody":"","fileTypesAndContributionMap":{}},{"hash":"d0b7f57d2225b6b4d8213e940a3ba2b1dc429f2c","isMergeCommit":true,"messageTitle":"Merge branch \u0027189-update-ug-register-account\u0027 of https://github.com/jianyangg/tp into 189-update-ug-register-account","messageBody":"","fileTypesAndContributionMap":{}},{"hash":"39bb58d8002004e7c4a0fe9d20276d87ea36449a","isMergeCommit":false,"messageTitle":"Add test cases","messageBody":"","fileTypesAndContributionMap":{"docs":{"insertions":48,"deletions":29}}},{"hash":"1d658e086bec71107e6c437e3c61d46ba4bfdc6a","isMergeCommit":false,"messageTitle":"Add test cases","messageBody":"","fileTypesAndContributionMap":{"docs":{"insertions":1,"deletions":1}}},{"hash":"955a8bae6b9b105f05d351d7a061fedb8ad4385b","isMergeCommit":false,"messageTitle":"Update UserGuide.md","messageBody":"Removed redundant new lines","fileTypesAndContributionMap":{"docs":{"insertions":3,"deletions":5}}},{"hash":"e84ce6b39ab348fad505e1ff3c08dc02e6df5f87","isMergeCommit":false,"messageTitle":"Update UserGuide.md","messageBody":"One more redundant new line","fileTypesAndContributionMap":{"docs":{"insertions":1,"deletions":2}}},{"hash":"5b701d26af454b5091b889020ca3b8fb0baf2e7a","isMergeCommit":true,"messageTitle":"Merge branch \u0027master\u0027 into 8-as-a-new-user-i-can-create-a-local-account","messageBody":"","fileTypesAndContributionMap":{}}]},{"date":"2023-10-25","commitResults":[{"hash":"6caf41c644492fb82eb819aea6c53c86e3b72288","isMergeCommit":false,"messageTitle":"Add test cases","messageBody":"","fileTypesAndContributionMap":{"functional-code":{"insertions":5,"deletions":1},"test-code":{"insertions":20,"deletions":1}}},{"hash":"0c9cc85fc92929f7f27409cfb7b52c1005802fe2","isMergeCommit":false,"messageTitle":"Add test cases","messageBody":"","fileTypesAndContributionMap":{"test-code":{"insertions":60,"deletions":5}}}]}],"B-enguin":[{"date":"2023-09-28","commitResults":[{"hash":"7e4c8b9c10559da9901a487edfa21afa1354349b","isMergeCommit":false,"messageTitle":"Close #31 Add personal image and details to AboutUs.md","messageBody":"","fileTypesAndContributionMap":{"docs":{"insertions":5,"deletions":6}}},{"hash":"bbd32fe222afe756577f779acc48822803acafb4","isMergeCommit":false,"messageTitle":"Fix broken AboutUs.md. Fix 404 error for AboutUs.md.","messageBody":"","fileTypesAndContributionMap":{"docs":{"insertions":5,"deletions":5}}},{"hash":"cbf868af7a9d306d8ce66f92fd62e206bcfcb234","isMergeCommit":false,"messageTitle":"Fix AboutUs.md for EOF newline.","messageBody":"Fix CI failing for AboutUs.md for newline at EOF.\n","fileTypesAndContributionMap":{"docs":{"insertions":1,"deletions":1}}},{"hash":"df39536b2651bee794c2ec9513bfbacd90c527e0","isMergeCommit":false,"messageTitle":"Update AboutUs.md Changed Benjamin\u0027s role to member","messageBody":"","fileTypesAndContributionMap":{"docs":{"insertions":1,"deletions":1}}},{"hash":"881655e59f282031fb2e2dde6760570e8ab9ee6e","isMergeCommit":false,"messageTitle":"Close #40 Add Benjamin\u0027s Skeletal PPP","messageBody":"","fileTypesAndContributionMap":{"docs":{"insertions":11,"deletions":0}}},{"hash":"916a8e545e7fb2f3304c413d5c215c5b94345fd4","isMergeCommit":false,"messageTitle":"Revert \"Close #40\"","messageBody":"This reverts commit 881655e59f282031fb2e2dde6760570e8ab9ee6e.\n","fileTypesAndContributionMap":{"docs":{"insertions":0,"deletions":11}}},{"hash":"a24f8e203e0fa7964a8f1c072a4fe9e454cad03b","isMergeCommit":false,"messageTitle":"Close #40 Add Benjamin\u0027s Skeletal PPP","messageBody":"","fileTypesAndContributionMap":{"docs":{"insertions":12,"deletions":0}}},{"hash":"c371ef0e62d53161554b9abbe6761a749d94dab4","isMergeCommit":true,"messageTitle":"Merge pull request #46 from B-enguin/40-skeletalPPP-benjamin","messageBody":"Close #40","fileTypesAndContributionMap":{}},{"hash":"441d057e5f1305287ee9e1816a337b3adff768ef","isMergeCommit":true,"messageTitle":"Merge branch \u0027AY2324S1-CS2103T-T13-3:master\u0027 into master","messageBody":"","fileTypesAndContributionMap":{}}]},{"date":"2023-09-30","commitResults":[{"hash":"7650580129f908bd22233c52582d3b07d4d222e2","isMergeCommit":true,"messageTitle":"Merge pull request #61 from jianyangg/58-update-userguide-deliveries","messageBody":"Close #58","fileTypesAndContributionMap":{}},{"hash":"ee761705e8677d16bdf4b221c0f2e8a47609d472","isMergeCommit":true,"messageTitle":"Merge branch \u0027AY2324S1-CS2103T-T13-3:master\u0027 into master","messageBody":"","fileTypesAndContributionMap":{}},{"hash":"883e528a9a03b2fb70703904c458a7b28e40a756","isMergeCommit":false,"messageTitle":"Close #66 Update UserGuide.md for format and to include V1.3 features as comming soon","messageBody":"","fileTypesAndContributionMap":{"docs":{"insertions":29,"deletions":28}}},{"hash":"c954c363a737d05bc6f8e7769bc2711ea2256ba8","isMergeCommit":true,"messageTitle":"Merge pull request #57 from jianyangg/55-skeletal-ppp-jian-yang","messageBody":"Close #55","fileTypesAndContributionMap":{}},{"hash":"4d1bd0f3847cd48ef21b0f0e1d1f9cf63bb651dc","isMergeCommit":true,"messageTitle":"Merge pull request #68 from juliusgambe/master","messageBody":"Update DG User Story, About Us Gambe page, User Guide User section, Raeadme image","fileTypesAndContributionMap":{}}]},{"date":"2023-10-01","commitResults":[{"hash":"a720832fe5d914d528c484c9019b50211f70d531","isMergeCommit":true,"messageTitle":"Merge pull request #69 from jianyangg/58-update-userguide-deliveries","messageBody":"Close #58 and fix formatting issues","fileTypesAndContributionMap":{}},{"hash":"109e571ea6753f42e09d5fb0ee7615a04ca41155","isMergeCommit":true,"messageTitle":"Merge pull request #72 from Gabriel4357/branch-DG-Gabriel","messageBody":"Update Developer Guide - Gabriel","fileTypesAndContributionMap":{}},{"hash":"9ad6d4db060040dc5d8fd0db22b97f5af2686a1b","isMergeCommit":true,"messageTitle":"Merge pull request #74 from Gabriel4357/branch-AboutUs/PPP-Gabriel","messageBody":"Update About Us and PPP - Gabriel","fileTypesAndContributionMap":{}},{"hash":"66675a86742f6f7f8fcff45d1340626def092d9a","isMergeCommit":false,"messageTitle":"Close #47 Update DeveloperGuide.md for Non-Functional Requirements","messageBody":"","fileTypesAndContributionMap":{"docs":{"insertions":11,"deletions":3}}},{"hash":"ea55743a70dbcda0ef67896ed668a1c540fc0be7","isMergeCommit":true,"messageTitle":"Merge branch \u0027master\u0027 into branch-UG-Gabriel","messageBody":"","fileTypesAndContributionMap":{}},{"hash":"7136b5f70cae712fc7fd57f954c6971372591be6","isMergeCommit":true,"messageTitle":"Merge pull request #73 from Gabriel4357/branch-UG-Gabriel","messageBody":"UserGuide Update - Gabriel ","fileTypesAndContributionMap":{}}]},{"date":"2023-10-03","commitResults":[{"hash":"34e0cc6b4d88a01bf7f65f1bf4a50595f61e98e0","isMergeCommit":false,"messageTitle":"Close #77 Standardise UG for Customer and Delivery Sections.","messageBody":"","fileTypesAndContributionMap":{"docs":{"insertions":12,"deletions":11}}},{"hash":"a1e2c01618556982c8a87d61e05f3fab193d1215","isMergeCommit":true,"messageTitle":"Merge pull request #78 from Gabriel4357/branch-StandardiseUG-Gabriel","messageBody":"Standardise my portion of UG with rest of the team","fileTypesAndContributionMap":{}},{"hash":"353c34c00418df6afb1aa26e7c301e3900b3328b","isMergeCommit":true,"messageTitle":"Merge pull request #79 from B-enguin/77-standardise-ug","messageBody":"Standardise UG - Customer and Deliveries","fileTypesAndContributionMap":{}},{"hash":"b949dd78a4294bf28059b9a12ee6176ce9906077","isMergeCommit":true,"messageTitle":"Merge branch \u0027master\u0027 into master","messageBody":"","fileTypesAndContributionMap":{}},{"hash":"a0ba547cf682757c7eb084315320be62c8fe42bd","isMergeCommit":true,"messageTitle":"Merge pull request #80 from juliusgambe/master","messageBody":"Standardise user section on UG","fileTypesAndContributionMap":{}},{"hash":"77ccd3f463999a875ca155127a386ede5962aa7b","isMergeCommit":false,"messageTitle":"Close #85 Update DG NFR terminology used","messageBody":"","fileTypesAndContributionMap":{"docs":{"insertions":1,"deletions":1}}},{"hash":"239d1be04da4ed9d5d9713fc11fbc3e053594f63","isMergeCommit":false,"messageTitle":"Revert \"Close #85\"","messageBody":"This reverts commit 77ccd3f463999a875ca155127a386ede5962aa7b.\n","fileTypesAndContributionMap":{"docs":{"insertions":1,"deletions":1}}},{"hash":"625d1478051c5a47aa7a24b97a28c002ba72a481","isMergeCommit":false,"messageTitle":"Close #85 Update DG NFR terminology used","messageBody":"","fileTypesAndContributionMap":{"docs":{"insertions":1,"deletions":1}}}]},{"date":"2023-10-04","commitResults":[{"hash":"cb433bfa1f34c59233afff2452f6d65187cd131a","isMergeCommit":true,"messageTitle":"Merge branch \u0027AY2324S1-CS2103T-T13-3:master\u0027 into master","messageBody":"","fileTypesAndContributionMap":{}},{"hash":"cfae020c873e85e2a2d78fdbe3808fca17095b0e","isMergeCommit":false,"messageTitle":"Close #91 Update DG with UC for Customers and Deliveries","messageBody":"","fileTypesAndContributionMap":{"docs":{"insertions":179,"deletions":13}}},{"hash":"3f1af7b6556ed60b1a052d3e7aa736370657ecb3","isMergeCommit":true,"messageTitle":"Merge pull request #84 from jianyangg/58-update-userguide-deliveries","messageBody":"Close #81 Update formatting for UserGuide","fileTypesAndContributionMap":{}},{"hash":"481b548a528587bc24df48703a40fb9e24714c03","isMergeCommit":true,"messageTitle":"Merge pull request #92 from jianyangg/37-update-readme-description","messageBody":"Close #37 - Update README to include description","fileTypesAndContributionMap":{}},{"hash":"c403eca4afd55d437abf2ee22408f69116b6ef14","isMergeCommit":true,"messageTitle":"Merge pull request #95 from juliusgambe/update-dg-user","messageBody":"Add user use case","fileTypesAndContributionMap":{}},{"hash":"5d700ddcaa443cc168a242a4b77efae85da8e8d6","isMergeCommit":true,"messageTitle":"Merge pull request #87 from jianyangg/53-update-dg-glossary","messageBody":"Close #53 - Update DG Glossary section","fileTypesAndContributionMap":{}},{"hash":"e324aa46735690535c5d46d7f73b1513b4a00ee7","isMergeCommit":true,"messageTitle":"Merge branch \u0027master\u0027 into 91-update-dg-uc","messageBody":"","fileTypesAndContributionMap":{}},{"hash":"4694b63a99ba182f7fa9a0e2e47b610b9ad1571c","isMergeCommit":true,"messageTitle":"Merge pull request #94 from B-enguin/91-update-dg-uc","messageBody":"Update DG UC - Customer and Delivery","fileTypesAndContributionMap":{}},{"hash":"458f73dc24a540cbcc369a372c5cd91569a5f9ee","isMergeCommit":true,"messageTitle":"Merge pull request #97 from Gabriel4357/branch-DG-UseCases","messageBody":"Branch dg use cases","fileTypesAndContributionMap":{}},{"hash":"6a245f60bdba54ea0398198f11feeee673339549","isMergeCommit":false,"messageTitle":"Update index.md with CI Badges","messageBody":"","fileTypesAndContributionMap":{"docs":{"insertions":3,"deletions":2}}},{"hash":"81c02c31d3654c2accf973945561b70d5b511de3","isMergeCommit":true,"messageTitle":"Merge pull request #102 from AY2324S1-CS2103T-T13-3/docs-ci-patch","messageBody":"Update index.md with CI Badges","fileTypesAndContributionMap":{}}]},{"date":"2023-10-12","commitResults":[{"hash":"23a4b446795fbd86ae91016e003091d9b981e80e","isMergeCommit":true,"messageTitle":"Merge pull request #105 from juliusgambe/branch-customer-schema","messageBody":"Rename Person","fileTypesAndContributionMap":{}},{"hash":"f04720cd555de80cdc46595b1e4508c8408218fd","isMergeCommit":false,"messageTitle":"Close #106 Update CLI Syntax for project prefix format","messageBody":"","fileTypesAndContributionMap":{"functional-code":{"insertions":15,"deletions":5}}},{"hash":"9cc26158fd839c54af95499d720558d6f2cb0d8d","isMergeCommit":true,"messageTitle":"Merge pull request #107 from B-enguin/106-update-cli-syntax","messageBody":"Update CLI Syntax","fileTypesAndContributionMap":{}},{"hash":"74e0a52622dc7ef7b380bc11297c155acb567bce","isMergeCommit":false,"messageTitle":"Close #25 Add Customer Listing as per user story","messageBody":"","fileTypesAndContributionMap":{"functional-code":{"insertions":62,"deletions":46},"other":{"insertions":12,"deletions":5},"test-code":{"insertions":17,"deletions":10}}}]},{"date":"2023-10-15","commitResults":[{"hash":"165b213e447807f31139802bb134a200c5383581","isMergeCommit":true,"messageTitle":"Merge pull request #114 from juliusgambe/112-create-delivery-model","messageBody":"112 create delivery model","fileTypesAndContributionMap":{}}]},{"date":"2023-10-16","commitResults":[{"hash":"64d999d430e7b21f356e1be079b885c9aac273f6","isMergeCommit":false,"messageTitle":"Add Storage Structure for Delivery.","messageBody":"","fileTypesAndContributionMap":{"functional-code":{"insertions":1292,"deletions":153},"test-code":{"insertions":219,"deletions":81}}},{"hash":"c9beaffae4130c02fb44036a6f47e7918dbc5f92","isMergeCommit":false,"messageTitle":"Add Testing for UniqueDeliveryList","messageBody":"","fileTypesAndContributionMap":{"functional-code":{"insertions":10,"deletions":3},"test-code":{"insertions":240,"deletions":10}}},{"hash":"fba70ca3eb907844c6e81b7f2b9a33a6e3e70abb","isMergeCommit":false,"messageTitle":"Add Testing for DeliveryBook","messageBody":"","fileTypesAndContributionMap":{"test-code":{"insertions":114,"deletions":1}}},{"hash":"6daacc04af0456afc1b4bbe81f59cee8d1de5b84","isMergeCommit":false,"messageTitle":"Add Testing for ModelManager, DeliveryNameContainsKeywordsPredicate","messageBody":"","fileTypesAndContributionMap":{"functional-code":{"insertions":46,"deletions":0},"test-code":{"insertions":143,"deletions":1}}},{"hash":"f3d7aab4259e5da312961db790484c78ae0ecefb","isMergeCommit":false,"messageTitle":"Add Testing for JsonAdaptedDelivery","messageBody":"","fileTypesAndContributionMap":{"functional-code":{"insertions":52,"deletions":14},"test-code":{"insertions":347,"deletions":5}}},{"hash":"8755f4dee26d34308bebaf533fa6bd17aea8d5ec","isMergeCommit":false,"messageTitle":"Add Testing for JsonDeliveryBookStorage","messageBody":"","fileTypesAndContributionMap":{"test-code":{"insertions":126,"deletions":1}}},{"hash":"15459cfea910e8ac4efa893bf2ea505c2f859626","isMergeCommit":false,"messageTitle":"Add Testing for Storagemanager for Deliveries","messageBody":"","fileTypesAndContributionMap":{"functional-code":{"insertions":5,"deletions":7},"test-code":{"insertions":76,"deletions":0}}},{"hash":"ae19d76ab7cba396637e045fafd8b09ddf99265f","isMergeCommit":false,"messageTitle":"Clean Code by CheckStyle","messageBody":"","fileTypesAndContributionMap":{"test-code":{"insertions":37,"deletions":46}}}]},{"date":"2023-10-17","commitResults":[{"hash":"8620647dc4bc9979dbf036efc1a07f1541fb627c","isMergeCommit":false,"messageTitle":"Add Delivery Status Update Command","messageBody":"","fileTypesAndContributionMap":{"functional-code":{"insertions":185,"deletions":1},"test-code":{"insertions":218,"deletions":0}}},{"hash":"59a4efb3c9ca16e0304661c4e2c8b543576bfed7","isMergeCommit":true,"messageTitle":"Merge branch \u0027master\u0027 into 23-update-status-delivery","messageBody":"","fileTypesAndContributionMap":{}},{"hash":"bc2db15ab1768f8b989ef86ac9e3af59f7fff098","isMergeCommit":false,"messageTitle":"Fix broken comment","messageBody":"","fileTypesAndContributionMap":{"functional-code":{"insertions":1,"deletions":1}}},{"hash":"7bdea34c425ce5dc5072789c57e9ed5f2bb4999a","isMergeCommit":false,"messageTitle":"Add Command to create a note for a delivery. Add DeliveryCreateNoteCommand Modify JsonAdaptedDelivery to allow for null note entry","messageBody":"","fileTypesAndContributionMap":{"functional-code":{"insertions":239,"deletions":2},"test-code":{"insertions":189,"deletions":2}}},{"hash":"af1cf495617028aab596aeaa05c1964221a7bdc2","isMergeCommit":false,"messageTitle":"Fix checkstyle errors from merge","messageBody":"","fileTypesAndContributionMap":{"functional-code":{"insertions":1,"deletions":1},"test-code":{"insertions":3,"deletions":2}}},{"hash":"d72d9461d18ee58f9398abb2437cf29116c35ff8","isMergeCommit":true,"messageTitle":"Merge pull request #119 from jianyangg/117-reorganise-ui-elements","messageBody":"Reorganise UI elements","fileTypesAndContributionMap":{}},{"hash":"24b653ce4bad36d493fd1703f73c70d8c41780be","isMergeCommit":true,"messageTitle":"Merge pull request #121 from B-enguin/23-update-status-delivery","messageBody":"Add Delivery Status Update Command","fileTypesAndContributionMap":{}},{"hash":"40eb8457ba0c2c6a8b0fa543ab5f682ca23392a3","isMergeCommit":true,"messageTitle":"Merge branch \u0027master\u0027 into 29-create-notes-delivery","messageBody":"","fileTypesAndContributionMap":{}},{"hash":"499464e272dd88048ce1c73055eac74731e2dba5","isMergeCommit":false,"messageTitle":"Fix checkstyle errors, add checks for null status in DeliveryStatusCommand.","messageBody":"","fileTypesAndContributionMap":{"functional-code":{"insertions":6,"deletions":3},"test-code":{"insertions":10,"deletions":3}}}]},{"date":"2023-10-18","commitResults":[{"hash":"b47952f1b70ee19866701ce04b2a7b7278305a01","isMergeCommit":false,"messageTitle":"Fix formatting errors","messageBody":"","fileTypesAndContributionMap":{"functional-code":{"insertions":3,"deletions":3}}},{"hash":"e65784068cb6b4feb2166d84115f7358261c46c3","isMergeCommit":true,"messageTitle":"Merge pull request #122 from juliusgambe/30-as-an-owner-i-can-view-a-list-of-deliveries","messageBody":"30 as an owner i can view a list of deliveries","fileTypesAndContributionMap":{}},{"hash":"d515b020a3f58fecec5513d195522bc76a50e8a7","isMergeCommit":true,"messageTitle":"Merge branch \u0027master\u0027 into 29-create-notes-delivery","messageBody":"","fileTypesAndContributionMap":{}},{"hash":"574f942793643e38022aff2778865e37f7f3bf09","isMergeCommit":false,"messageTitle":"Add note display to delivery if present","messageBody":"","fileTypesAndContributionMap":{"functional-code":{"insertions":7,"deletions":1}}}]},{"date":"2023-10-19","commitResults":[{"hash":"1404aba75fb5ec6bcf6c7e01a59497a823eb4300","isMergeCommit":true,"messageTitle":"Merge pull request #136 from zhonghan721/131-prevent-delivery-commands-executing-before-logging-in","messageBody":"131 prevent delivery commands executing before logging in","fileTypesAndContributionMap":{}}]},{"date":"2023-10-21","commitResults":[{"hash":"9de2d64516a82c1feb8f68159c8da9dbf9323ce9","isMergeCommit":false,"messageTitle":"Update UG for DeliveryStatusCommand","messageBody":"","fileTypesAndContributionMap":{"docs":{"insertions":23,"deletions":29}}},{"hash":"b53744bf7a4741b754382d81a68ad695b592ae1b","isMergeCommit":false,"messageTitle":"Update UG for DeliveryCreateNoteCommand","messageBody":"","fileTypesAndContributionMap":{"docs":{"insertions":35,"deletions":4}}}]},{"date":"2023-10-23","commitResults":[{"hash":"3737a27ce14ea7adabdb980cd3ce17179770fda7","isMergeCommit":false,"messageTitle":"Update DeliveryStatusCommand Command Syntax","messageBody":"Current Command Syntax follows this format,\n`delivery status STATUS CUSTOMER_ID`\n\nFollowing changes proposed in #173 to a new format in line with other delivery commands where ID comes first,\n`delivery status CUSTOMER_ID STATUS`\n","fileTypesAndContributionMap":{"functional-code":{"insertions":3,"deletions":3},"test-code":{"insertions":16,"deletions":16}}},{"hash":"5cf5301cc79752ce549ed8ea42095eba5d3f33c5","isMergeCommit":false,"messageTitle":"Enable assertions in build.gradle file","messageBody":"In line with week 10 deliverables, to enable assertions in build.gradle\n","fileTypesAndContributionMap":{"other":{"insertions":4,"deletions":0}}}]},{"date":"2023-10-24","commitResults":[{"hash":"4a6fbc24a958b17f47a5ccfa04c0c489bd36224b","isMergeCommit":false,"messageTitle":"Add DeliveryFindCommand","messageBody":"In line with Issue #52, added ability for user to find a specific delivery\nusing the DeliveryFindCommand.\n","fileTypesAndContributionMap":{"functional-code":{"insertions":116,"deletions":8},"test-code":{"insertions":151,"deletions":0}}},{"hash":"f3d7aa8babf22c4da2bfff498015527500432869","isMergeCommit":false,"messageTitle":"Fix DeliveryFindCommand wrong inheritance","messageBody":"","fileTypesAndContributionMap":{"functional-code":{"insertions":2,"deletions":3}}}]},{"date":"2023-10-25","commitResults":[{"hash":"fb93c0630bcfdbb36e035d80e94fe6ec0475c7f5","isMergeCommit":false,"messageTitle":"Add CustomerViewCommand","messageBody":"In line with issue #12, added ability for user to view a specific `Customer`\nusing `CustomerViewCommand`.\n\nFollowing the Law of Demeter, Model has been modified to include an\nadditional method `getCustomer()` which will fetch the `Customer`\ncorresponding to the given `id` if it exists, and place it in an\n`Optional`, else an empty `Optional` is returned.\n","fileTypesAndContributionMap":{"functional-code":{"insertions":130,"deletions":8},"test-code":{"insertions":185,"deletions":0}}}]},{"date":"2023-10-26","commitResults":[{"hash":"fa49cc563344e152675bbd658883373f2c690c61","isMergeCommit":true,"messageTitle":"Merge pull request #187 from zhonghan721/155-update-ug-user-update-command","messageBody":"Update UG User Update","fileTypesAndContributionMap":{}}]}],"Gabriel4357":[{"date":"2023-10-01","commitResults":[{"hash":"eeb99846c6c576e9d7139669922b1b1e7e6a5c95","isMergeCommit":true,"messageTitle":"Merge branch \u0027master\u0027 of https://github.com/Gabriel4357/tp","messageBody":"* \u0027master\u0027 of https://github.com/Gabriel4357/tp: (30 commits)\n  Replace ui\n  Remove dividers\n  Fix User Sections\n  Add User Stories\n  Close #66 Update UserGuide.md for format and to include V1.3 features as comming soon\n  Add newline at EOF\n  Add newline at EOF\n  Update about us page julius gambe\n  Add julius gambe profile image\n  Add julius gambe portfolio page\n  Update AboutUs.md\n  Close #58\n  Close #58\n  Close #58\n  Add skeletal PPP\n  Close #55\n  Close #54\n  Revert gradle\n  Fix user guide\n  Update gradle.yml\n  ...\n","fileTypesAndContributionMap":{}},{"hash":"eff0600b5ed32d1ec9db62b30cc1fa8c3c373b86","isMergeCommit":false,"messageTitle":"Add information about myself to About Us page","messageBody":"","fileTypesAndContributionMap":{"docs":{"insertions":6,"deletions":52}}},{"hash":"158ef49ac755ef84e500aa298b40bc0ff90de022","isMergeCommit":false,"messageTitle":"Update UG details","messageBody":"","fileTypesAndContributionMap":{"docs":{"insertions":45,"deletions":28}}},{"hash":"ce804eda9b37f29d1ed013d4f735844d6cf3874b","isMergeCommit":false,"messageTitle":"Add details of target user profile to DG","messageBody":"","fileTypesAndContributionMap":{"docs":{"insertions":3,"deletions":1}}}]},{"date":"2023-10-03","commitResults":[{"hash":"e4c0a0f3503252c7998b803a61340eec385d0e61","isMergeCommit":false,"messageTitle":"Standardise my portion of UG with rest of the team","messageBody":"","fileTypesAndContributionMap":{"docs":{"insertions":5,"deletions":6}}}]},{"date":"2023-10-04","commitResults":[{"hash":"a11cd897ba2eb02f057b3465c22e57d32b86a78a","isMergeCommit":true,"messageTitle":"Merge branch \u0027master\u0027 of https://github.com/AY2324S1-CS2103T-T13-3/tp","messageBody":"* \u0027master\u0027 of https://github.com/AY2324S1-CS2103T-T13-3/tp:\n  Remove placeholder\n  Update formatting of UG\n  Close #85 Update DG NFR terminology used\n  Fix user section\n  Close #77 Standardise UG for Customer and Delivery Sections.\n  Standardise my portion of UG with rest of the team\n","fileTypesAndContributionMap":{}},{"hash":"ff3934e4372a1a75c904bf97ba2327c8f37ffb1a","isMergeCommit":true,"messageTitle":"Merge branch \u0027master\u0027 of https://github.com/AY2324S1-CS2103T-T13-3/tp","messageBody":"* \u0027master\u0027 of https://github.com/AY2324S1-CS2103T-T13-3/tp:\n  Add UC06\n  Add user use case\n  Close #91 Update DG with UC for Customers and Deliveries\n  Update README.md file to include description\n  Update DG Glossary section\n  Revert \"Close #85\"\n  Close #85 Update DG NFR terminology used\n  Update formatting for UserGuide\n","fileTypesAndContributionMap":{}},{"hash":"20c3238b69a9a2513e717e1d866a45ee6ce7cfa3","isMergeCommit":true,"messageTitle":"Merge branch \u0027master\u0027 into branch-DG-UseCases","messageBody":"* master:\n  Add UC06\n  Add user use case\n  Close #91 Update DG with UC for Customers and Deliveries\n  Update README.md file to include description\n  Update DG Glossary section\n  Revert \"Close #85\"\n  Close #85 Update DG NFR terminology used\n  Update formatting for UserGuide\n","fileTypesAndContributionMap":{}},{"hash":"5c8e7f0681043b3df7ba383de510bc7f3ec1bbc3","isMergeCommit":false,"messageTitle":"Add Use Cases in DG","messageBody":"","fileTypesAndContributionMap":{"docs":{"insertions":149,"deletions":0}}},{"hash":"37eea8b1c0b58ba52845f7883d98ddc64835582d","isMergeCommit":true,"messageTitle":"Merge branch \u0027master\u0027 of https://github.com/AY2324S1-CS2103T-T13-3/tp","messageBody":"* \u0027master\u0027 of https://github.com/AY2324S1-CS2103T-T13-3/tp:\n  Add delivery use case for DG\n  Add Use Cases in DG\n  Update DG UC for deliveries\n","fileTypesAndContributionMap":{}}]},{"date":"2023-10-12","commitResults":[{"hash":"faccaa6ceacaf63dd5a72444e8e6a422d9b4db67","isMergeCommit":true,"messageTitle":"Merge branch \u0027master\u0027 of https://github.com/AY2324S1-CS2103T-T13-3/tp","messageBody":"* \u0027master\u0027 of https://github.com/AY2324S1-CS2103T-T13-3/tp:\n  Close #106 Update CLI Syntax for project prefix format\n  Remove customer comment\n  Remove customer id equality\n  Revert name equality\n  Fix test styles\n  Fix PersonBuilder\n  Removed non static init blocks\n  Rename Person\n  Update index.md with CI Badges\n","fileTypesAndContributionMap":{}},{"hash":"8ab99261a376235357ee370e5213af7b8386ff4b","isMergeCommit":true,"messageTitle":"Merge branch \u0027master\u0027 into update-customer-branch-","messageBody":"* master:\n  Close #106 Update CLI Syntax for project prefix format\n  Remove customer comment\n  Remove customer id equality\n  Revert name equality\n  Fix test styles\n  Fix PersonBuilder\n  Removed non static init blocks\n  Rename Person\n  Update index.md with CI Badges\n","fileTypesAndContributionMap":{}},{"hash":"3c0da8c6a30979a93c9e30c98d88c76fd41d9c74","isMergeCommit":true,"messageTitle":"Merge branch \u0027master\u0027 of https://github.com/AY2324S1-CS2103T-T13-3/tp","messageBody":"* \u0027master\u0027 of https://github.com/AY2324S1-CS2103T-T13-3/tp:\n  Close #25 Add Customer Listing as per user story\n","fileTypesAndContributionMap":{}},{"hash":"375777d935ff96df9f92ede323aff63fc799340d","isMergeCommit":true,"messageTitle":"Merge branch \u0027master\u0027 into update-customer-branch-","messageBody":"* master:\n  Close #25 Add Customer Listing as per user story\n","fileTypesAndContributionMap":{}},{"hash":"41dbb8d474c6ae2d8b670965e2ad44f0af29ca81","isMergeCommit":false,"messageTitle":"Add the edit method for Customer","messageBody":"Edit method not fine tuned for customer class.\n\nThe edit method now works specifically with the customer\nkey word used.\n","fileTypesAndContributionMap":{"functional-code":{"insertions":10,"deletions":10},"other":{"insertions":15,"deletions":26},"test-code":{"insertions":27,"deletions":30}}},{"hash":"fa458e9975b7de74560bdf09febbf3eea549f537","isMergeCommit":false,"messageTitle":"Fix check style errors","messageBody":"","fileTypesAndContributionMap":{"functional-code":{"insertions":1,"deletions":1},"test-code":{"insertions":23,"deletions":16}}}]},{"date":"2023-10-13","commitResults":[{"hash":"96362c0d90b712b125503d7dab4f157281df8007","isMergeCommit":false,"messageTitle":"Fix other checkstyle issues","messageBody":"","fileTypesAndContributionMap":{"functional-code":{"insertions":25,"deletions":12}}},{"hash":"cb8550194a92dc7d2035974f8306513f4e1654e3","isMergeCommit":true,"messageTitle":"Change index to customer id instead","messageBody":"Methods are now using index to look for customers but\nwe want customers to have a unique id.\n\nAdd a customer id field so each customers have a unique id\ninstead of an index that keeps changing.\n","fileTypesAndContributionMap":{}},{"hash":"fb4941c65782e16624a1bea199f2cdb8fb0f5feb","isMergeCommit":false,"messageTitle":"Fix tests due to zero indexing","messageBody":"","fileTypesAndContributionMap":{"functional-code":{"insertions":6,"deletions":5},"test-code":{"insertions":8,"deletions":8}}},{"hash":"353a82543407e706bc12e329666aad3d322b76e7","isMergeCommit":false,"messageTitle":"Fix bugs and order of statements","messageBody":"","fileTypesAndContributionMap":{"functional-code":{"insertions":4,"deletions":6}}},{"hash":"e75efd7c917f922f230fe8ebc38692381665dbab","isMergeCommit":true,"messageTitle":"Merge branch \u0027master\u0027 into update-customer-branch-","messageBody":"","fileTypesAndContributionMap":{}},{"hash":"763925ba482f3c2240fbf128e3a1bf03ae1730d2","isMergeCommit":true,"messageTitle":"Merge branch \u0027update-customer-branch-\u0027 of https://github.com/Gabriel4357/tp into update-customer-branch-","messageBody":"* \u0027update-customer-branch-\u0027 of https://github.com/Gabriel4357/tp:\n  Update json data and fix tests\n  Update delete command by customerID\n  Remedy failed test for delete command\n  Order imports in lexicographical order\n  Fix indentation issues\n  Order imports lexicographically\n  Add Customer Delete\n","fileTypesAndContributionMap":{}},{"hash":"c413da0106cdbca51c4054325f875f3c33c263c0","isMergeCommit":false,"messageTitle":"Fix checkstyle","messageBody":"","fileTypesAndContributionMap":{"functional-code":{"insertions":1,"deletions":1},"test-code":{"insertions":1,"deletions":1}}},{"hash":"3c8b035b2708b4d1eb2df823ed5cc067db7f33f1","isMergeCommit":false,"messageTitle":"Fix coverage issue","messageBody":"","fileTypesAndContributionMap":{"functional-code":{"insertions":1,"deletions":3}}}]},{"date":"2023-10-16","commitResults":[{"hash":"0c4e1d734c4afb18e5070667b344798925c7b0fe","isMergeCommit":true,"messageTitle":"Merge branch \u0027master\u0027 of https://github.com/AY2324S1-CS2103T-T13-3/tp","messageBody":"* \u0027master\u0027 of https://github.com/AY2324S1-CS2103T-T13-3/tp: (28 commits)\n  Fix checkstyle errors\n  Add tests related to User model\n  Add User model and some tests\n  Move Date\n  Add non-positive customerId check\n  Remove customer import\n  Remove toString Test\n  Add auto id tests\n  Fix coverage issue\n  Fix checkstyle\n  Fix bugs and order of statements\n  Fix tests due to zero indexing\n  Update json data and fix tests\n  Update delete command by customerID\n  Add Delivery Field Classes\n  Add Delivery Tests\n  Add Delivery Model\n  Fix other checkstyle issues\n  Fix check style errors\n  Add the edit method for Customer\n  ...\n","fileTypesAndContributionMap":{}}]},{"date":"2023-10-17","commitResults":[{"hash":"bd159d34661044f6ef9471f19ac07663d3f82e06","isMergeCommit":false,"messageTitle":"Set up DeliveryAddCommand a little","messageBody":"","fileTypesAndContributionMap":{"functional-code":{"insertions":91,"deletions":1}}},{"hash":"c88f183cd860ab4bc6e4cf39829466869c361061","isMergeCommit":true,"messageTitle":"Merge pull request #118 from B-enguin/116-create-delivery-storage","messageBody":"Create Delivery Storage Structure","fileTypesAndContributionMap":{}},{"hash":"48998d05497aedf141250190a40739b53abacb23","isMergeCommit":true,"messageTitle":"Merge branch \u0027master\u0027 of https://github.com/AY2324S1-CS2103T-T13-3/tp","messageBody":"* \u0027master\u0027 of https://github.com/AY2324S1-CS2103T-T13-3/tp:\n  Clean Code by CheckStyle\n  Add Testing for Storagemanager for Deliveries\n  Add Testing for JsonDeliveryBookStorage\n  Add Testing for JsonAdaptedDelivery\n  Add Testing for ModelManager, DeliveryNameContainsKeywordsPredicate\n  Add Testing for DeliveryBook\n  Add Testing for UniqueDeliveryList\n  Add Storage Structure for Delivery.\n","fileTypesAndContributionMap":{}},{"hash":"a3d2f7b324342ce89b4c98e569f45aa227677947","isMergeCommit":true,"messageTitle":"Merge branch \u0027master\u0027 into create-delivery-branch","messageBody":"* master:\n  Clean Code by CheckStyle\n  Add Testing for Storagemanager for Deliveries\n  Add Testing for JsonDeliveryBookStorage\n  Add Testing for JsonAdaptedDelivery\n  Add Testing for ModelManager, DeliveryNameContainsKeywordsPredicate\n  Add Testing for DeliveryBook\n  Add Testing for UniqueDeliveryList\n  Add Storage Structure for Delivery.\n\n# Conflicts:\n#\tsrc/main/java/seedu/address/logic/commands/delivery/DeliveryCommand.java\n","fileTypesAndContributionMap":{}},{"hash":"32b2dffc38d0c0dfabef26b0265648d1a0acdaca","isMergeCommit":false,"messageTitle":"Add create delivery feature","messageBody":"Need to create deliveries for our Home Business application.\n\nLet\u0027s,\n*create new parserutils\n*create a new DeliveryAddCommandParser\n*create a new DeliveryAddDescriptor class\n*create DeliveryAddCommand to create deliveries\n","fileTypesAndContributionMap":{"functional-code":{"insertions":274,"deletions":26},"other":{"insertions":1,"deletions":1},"test-code":{"insertions":1,"deletions":1}}},{"hash":"1714bf1310999b9430e2a3559fa9a25dae1c9feb","isMergeCommit":true,"messageTitle":"Merge branch \u0027create-delivery-branch\u0027 into delete-delivery-branch","messageBody":"* create-delivery-branch:\n  Add create delivery feature\n  Set up DeliveryAddCommand a little\n","fileTypesAndContributionMap":{}}]},{"date":"2023-10-18","commitResults":[{"hash":"55a2fef8149c9169bddfa4a64d0a0fab6975421f","isMergeCommit":false,"messageTitle":"Add delivery delete method.","messageBody":"","fileTypesAndContributionMap":{"functional-code":{"insertions":247,"deletions":52},"other":{"insertions":7,"deletions":7},"test-code":{"insertions":437,"deletions":4}}},{"hash":"4b7881dc72b175c300feff95f77a3d0651792bc9","isMergeCommit":false,"messageTitle":"Remove additional fields added","messageBody":"","fileTypesAndContributionMap":{"functional-code":{"insertions":0,"deletions":52}}},{"hash":"b6ae105e20159cdc12ee8409309c5b8681ed040d","isMergeCommit":true,"messageTitle":"Merge branch \u0027master\u0027 of https://github.com/AY2324S1-CS2103T-T13-3/tp","messageBody":"* \u0027master\u0027 of https://github.com/AY2324S1-CS2103T-T13-3/tp: (29 commits)\n  Add tests and cleanup\n  Fix checkstyle errors\n  Remove system out println\n  Add ListItem, Change List UI\n  Add Empty Arg Test\n  Add Parser Test\n  Fix checkstyle\n  Fix formatting errors\n  Add Tests\n  Add tests and refactor model\n  Add Delivery List Test\n  Add Delivery View Command\n  Add sort enum\n  Add more info to help message\n  Fix checkstyle errors, add checks for null status in DeliveryStatusCommand.\n  Fix tests with log in\n  Fix Merge Conflicts\n  Fix checkstyle errors from merge\n  Add Command to create a note for a delivery. Add DeliveryCreateNoteCommand Modify JsonAdaptedDelivery to allow for null note entry\n  Remove unused import\n  ...\n","fileTypesAndContributionMap":{}},{"hash":"dab2c3cc12b26c54ccb2abe94b6993eb7b06d584","isMergeCommit":true,"messageTitle":"Merge branch \u0027master\u0027 into delete-delivery-branch","messageBody":"* master: (29 commits)\n  Add tests and cleanup\n  Fix checkstyle errors\n  Remove system out println\n  Add ListItem, Change List UI\n  Add Empty Arg Test\n  Add Parser Test\n  Fix checkstyle\n  Fix formatting errors\n  Add Tests\n  Add tests and refactor model\n  Add Delivery List Test\n  Add Delivery View Command\n  Add sort enum\n  Add more info to help message\n  Fix checkstyle errors, add checks for null status in DeliveryStatusCommand.\n  Fix tests with log in\n  Fix Merge Conflicts\n  Fix checkstyle errors from merge\n  Add Command to create a note for a delivery. Add DeliveryCreateNoteCommand Modify JsonAdaptedDelivery to allow for null note entry\n  Remove unused import\n  ...\n\n# Conflicts:\n#\tsrc/main/java/seedu/address/logic/Messages.java\n#\tsrc/main/java/seedu/address/logic/parser/AddressBookParser.java\n#\tsrc/main/java/seedu/address/logic/parser/ParserUtil.java\n#\tsrc/test/java/seedu/address/logic/commands/AddCommandTest.java\n","fileTypesAndContributionMap":{}},{"hash":"7acb6719277f4259621eeda4dcc536931f5976ca","isMergeCommit":false,"messageTitle":"Fix checkstyle","messageBody":"","fileTypesAndContributionMap":{"functional-code":{"insertions":8,"deletions":5},"test-code":{"insertions":58,"deletions":35}}},{"hash":"f02e9ed19dfb2d214ba89bb65a1aea2c9ec486a1","isMergeCommit":false,"messageTitle":"Fix failing test case","messageBody":"DuplicateDeliveryBookTest\n","fileTypesAndContributionMap":{"test-code":{"insertions":5,"deletions":2}}}]},{"date":"2023-10-19","commitResults":[{"hash":"b3b3126aa2889af34ebef957519dcdbead253aec","isMergeCommit":false,"messageTitle":"Fix some bugs","messageBody":"","fileTypesAndContributionMap":{"functional-code":{"insertions":12,"deletions":11},"other":{"insertions":7,"deletions":2},"test-code":{"insertions":165,"deletions":49}}},{"hash":"0e3d2db555ffa7be3a39c1eba49059cf2c95cc8c","isMergeCommit":true,"messageTitle":"Merge branch \u0027master\u0027 of https://github.com/AY2324S1-CS2103T-T13-3/tp","messageBody":"* \u0027master\u0027 of https://github.com/AY2324S1-CS2103T-T13-3/tp: (24 commits)\n  Fix failing tests\n  Add and update tests\n  Add delete command\n  Revert \"Add delete command\"\n  Add delete command\n  Add note display to delivery if present\n  Remove test\n  Change gradle\n  Fix tests\n  Fix tests\n  Fix tests\n  Fix checkstyle\n  Fix user register command test\n  Add login status checks\n  Fix failing tests\n  Add more test cases\n  Removed unused imports\n  Fix failing test\n  Improve code coverage\n  Add test for register parser\n  ...\n","fileTypesAndContributionMap":{}},{"hash":"81d7f6db90dd17f91ca7a940fa037d8ef7338674","isMergeCommit":true,"messageTitle":"Merge branch \u0027master\u0027 into create-delete-delivery-branch","messageBody":"# Conflicts:\n#\tsrc/main/java/seedu/address/logic/Messages.java\n#\tsrc/main/java/seedu/address/logic/commands/customer/AddCommand.java\n#\tsrc/test/java/seedu/address/logic/commands/AddCommandTest.java\n#\tsrc/test/java/seedu/address/logic/commands/CommandTestUtil.java\n#\tsrc/test/java/seedu/address/model/ModelManagerTest.java\n","fileTypesAndContributionMap":{}},{"hash":"c41149244684f04b3609185433d6e606a0908905","isMergeCommit":false,"messageTitle":" Add testings","messageBody":"","fileTypesAndContributionMap":{"functional-code":{"insertions":29,"deletions":16},"test-code":{"insertions":264,"deletions":67}}},{"hash":"ad704131f1aa253ab391c693ba216bafe4342a25","isMergeCommit":false,"messageTitle":"Fix checkstyle","messageBody":"","fileTypesAndContributionMap":{"functional-code":{"insertions":0,"deletions":16},"test-code":{"insertions":107,"deletions":97}}}]},{"date":"2023-10-20","commitResults":[{"hash":"aa9c9fb294a1ef6ebd407ed128bfb17a2ddf8930","isMergeCommit":false,"messageTitle":"Make more testings","messageBody":"","fileTypesAndContributionMap":{"functional-code":{"insertions":2,"deletions":2},"test-code":{"insertions":6,"deletions":6}}},{"hash":"d2ce553b7b0aa5cd96352796ec82d74b23a9eee1","isMergeCommit":false,"messageTitle":"Add final test and refine","messageBody":"","fileTypesAndContributionMap":{"functional-code":{"insertions":2,"deletions":13},"test-code":{"insertions":52,"deletions":9}}}]},{"date":"2023-10-21","commitResults":[{"hash":"7d89cffd0d6cc895f8c0228d81a615a6050c320a","isMergeCommit":false,"messageTitle":"Modify based off github comments","messageBody":"","fileTypesAndContributionMap":{"functional-code":{"insertions":4,"deletions":4},"test-code":{"insertions":15,"deletions":35}}},{"hash":"497564894d68edac1dfaf841a18cc15a0325de4f","isMergeCommit":true,"messageTitle":"Merge branch \u0027master\u0027 of https://github.com/AY2324S1-CS2103T-T13-3/tp","messageBody":"* \u0027master\u0027 of https://github.com/AY2324S1-CS2103T-T13-3/tp:\n  Add tests\n  Fix ui list refresh issue\n  Modify based off github comments\n  Add final test and refine\n  Make more testings\n  Fix checkstyle\n  Add testings\n  Fix some bugs\n  Fix failing test case\n  Fix checkstyle\n  Remove additional fields added\n  Add delivery delete method.\n  Add create delivery feature\n  Set up DeliveryAddCommand a little\n","fileTypesAndContributionMap":{}}]},{"date":"2023-10-23","commitResults":[{"hash":"20a15e6f62a0ee313e7a6471c51b33b955bc3743","isMergeCommit":false,"messageTitle":"Fix delivery date bug in Add Delivery","messageBody":"Problem with loading up delivery dates as we check if delivery\ndates are valid by checking if its before .now().\n\nThis should only be checked when it is being input by user, when\nloading up, it should not be checked against.\n\nLet\u0027s\n*change the tests to only check if its valid when user is inputting\n","fileTypesAndContributionMap":{"functional-code":{"insertions":11,"deletions":5},"test-code":{"insertions":45,"deletions":23}}}]},{"date":"2023-10-24","commitResults":[{"hash":"05b0dab13d5f63bb5ac96f6fe53dd0b3dab25640","isMergeCommit":false,"messageTitle":"Add address field to Delivery","messageBody":"","fileTypesAndContributionMap":{"functional-code":{"insertions":16,"deletions":10}}},{"hash":"1a15748a015a2c829c5251bef0f600814603aa83","isMergeCommit":false,"messageTitle":"Add address field to delivery","messageBody":"","fileTypesAndContributionMap":{"functional-code":{"insertions":24,"deletions":23},"test-code":{"insertions":18,"deletions":4}}},{"hash":"c0c1c875cf05a699204bbe0f549e49cd26d24b05","isMergeCommit":false,"messageTitle":"Update test details","messageBody":"","fileTypesAndContributionMap":{"test-code":{"insertions":4,"deletions":7}}},{"hash":"c670bd8ddf69c9b9e8e878f1e8691b60b50ae822","isMergeCommit":false,"messageTitle":"Fix checkstyle tests","messageBody":"","fileTypesAndContributionMap":{"functional-code":{"insertions":8,"deletions":2}}}]}],"juliusgambe":[{"date":"2023-09-28","commitResults":[{"hash":"f4d1b6c2ddeff83c28442fdff206d08e806cf22f","isMergeCommit":false,"messageTitle":"Replace user guide","messageBody":"","fileTypesAndContributionMap":{"docs":{"insertions":297,"deletions":125}}},{"hash":"b2f0ae8445a1a4fe0bdb50a07fdb3444437f9080","isMergeCommit":true,"messageTitle":"Merge pull request #1 from juliusgambe/replace-user-guide","messageBody":"Replace user guide","fileTypesAndContributionMap":{}},{"hash":"a542dc102626195c68c3d308677a9a6e6c1459f2","isMergeCommit":false,"messageTitle":"Fix EOF","messageBody":"","fileTypesAndContributionMap":{"docs":{"insertions":5,"deletions":5}}},{"hash":"eba3aea8a0adf31b9ac296f9201ea19522c004f4","isMergeCommit":true,"messageTitle":"Merge pull request #2 from juliusgambe/replace-user-guide","messageBody":"Replace user guide","fileTypesAndContributionMap":{}},{"hash":"9ee2184a43a4b6306c7ebc214532fd4f90110a57","isMergeCommit":false,"messageTitle":"Fix user guide","messageBody":"","fileTypesAndContributionMap":{"docs":{"insertions":6,"deletions":6}}},{"hash":"d8db93862e54401df5c59cb643108dee0e0f5974","isMergeCommit":true,"messageTitle":"Merge pull request #4 from juliusgambe/update-user-guide","messageBody":"Update user guide","fileTypesAndContributionMap":{}},{"hash":"0b2eddcda9f552e728d406c13c8033c7abd0bf80","isMergeCommit":true,"messageTitle":"Merge pull request #45 from juliusgambe/master","messageBody":"Replace user guide","fileTypesAndContributionMap":{}}]},{"date":"2023-09-30","commitResults":[{"hash":"126cb8eea6766d8282192d1ecaaaa46322a0a991","isMergeCommit":true,"messageTitle":"Merge pull request #63 from zhonghan721/36-update-aboutus-zhonghan","messageBody":"Close #36","fileTypesAndContributionMap":{}},{"hash":"175faf445f94d02ce1cbb268cb5920cb1d075fc3","isMergeCommit":true,"messageTitle":"Merge pull request #62 from zhonghan721/42-skeletalPPP-zhonghan","messageBody":"Close #42","fileTypesAndContributionMap":{}},{"hash":"e62446ae3661db74a84befdec22b65f6b2a06b8f","isMergeCommit":false,"messageTitle":"Add julius gambe portfolio page","messageBody":"","fileTypesAndContributionMap":{"docs":{"insertions":14,"deletions":0}}},{"hash":"ce3e0c7f302646e8577a187be78c63adc707e9ec","isMergeCommit":false,"messageTitle":"Update about us page julius gambe","messageBody":"","fileTypesAndContributionMap":{"docs":{"insertions":4,"deletions":5}}},{"hash":"6e1f1df03f5cec626cb1fa097b1e708828db6772","isMergeCommit":true,"messageTitle":"Merge pull request #5 from juliusgambe/Update-AboutUs-Gambe","messageBody":"Update about us gambe","fileTypesAndContributionMap":{}},{"hash":"450b677c6c3036a9c332ef556084c8d881b9b5ec","isMergeCommit":true,"messageTitle":"Merge branch \u0027AY2324S1-CS2103T-T13-3:master\u0027 into master","messageBody":"","fileTypesAndContributionMap":{}},{"hash":"897b8e1b827d8d36c49d49e3f3f2c68ed5759e7a","isMergeCommit":false,"messageTitle":"Add User Stories","messageBody":"","fileTypesAndContributionMap":{"docs":{"insertions":183,"deletions":78}}},{"hash":"249ab51e5427d6d6f41f7cbc0f4601f036443fa6","isMergeCommit":false,"messageTitle":"Fix User Sections","messageBody":"","fileTypesAndContributionMap":{"docs":{"insertions":81,"deletions":76}}},{"hash":"96a350144a3a2dfe95acd523bef73b9e194ebf4a","isMergeCommit":false,"messageTitle":"Remove dividers","messageBody":"","fileTypesAndContributionMap":{"docs":{"insertions":20,"deletions":31}}},{"hash":"2856b5629a7c52a90c7fef032b1262163a2bba18","isMergeCommit":true,"messageTitle":"Merge pull request #6 from juliusgambe/update-ug-user","messageBody":"Update ug user","fileTypesAndContributionMap":{}},{"hash":"a530cb082443cecb226e0545e1840956e4251296","isMergeCommit":true,"messageTitle":"Merge pull request #8 from juliusgambe/update-readme-image","messageBody":"Replace ui","fileTypesAndContributionMap":{}},{"hash":"692fd6c87b4d18f0e029726326e18a440384f6a4","isMergeCommit":true,"messageTitle":"Merge pull request #7 from juliusgambe/update-dg-user-stroies","messageBody":"Add User Stories","fileTypesAndContributionMap":{}}]},{"date":"2023-10-03","commitResults":[{"hash":"45b05dca5f72e2c71a1b8692c9af42a391e858ce","isMergeCommit":false,"messageTitle":"Fix user section","messageBody":"","fileTypesAndContributionMap":{"docs":{"insertions":25,"deletions":25}}},{"hash":"fab6f3de2fb379c9f35d58cb17c49ff7357168b5","isMergeCommit":true,"messageTitle":"Merge pull request #9 from juliusgambe/standardise-ug-user","messageBody":"Fix user section","fileTypesAndContributionMap":{}}]},{"date":"2023-10-04","commitResults":[{"hash":"48488ca527c1460b874ffaf7c804cd2ee0c244ca","isMergeCommit":false,"messageTitle":"Remove placeholder","messageBody":"","fileTypesAndContributionMap":{"docs":{"insertions":33,"deletions":49}}},{"hash":"2bf39bbe83cd91e1aeb6b5d3b32827daa2c0324e","isMergeCommit":true,"messageTitle":"Merge pull request #86 from B-enguin/85-fix-dg","messageBody":"Update DG NFR terminology used","fileTypesAndContributionMap":{}},{"hash":"04cd2f271f592630bee3b60aed29ad12463b8bc0","isMergeCommit":true,"messageTitle":"Merge pull request #88 from zhonghan721/edit-ug-format","messageBody":"Standardise UG - Deliveries","fileTypesAndContributionMap":{}},{"hash":"de444073905dbd43329ccce0dbaf0a61092c95e1","isMergeCommit":true,"messageTitle":"Merge branch \u0027master\u0027 into 58-update-userguide-deliveries","messageBody":"","fileTypesAndContributionMap":{}},{"hash":"6f91b0d3eccddbd90d8942f8cea605f98aefa0c3","isMergeCommit":false,"messageTitle":"Add user use case","messageBody":"","fileTypesAndContributionMap":{"docs":{"insertions":178,"deletions":14}}},{"hash":"cde11779fb8d5b33633bdc5dbe03ce1838350abd","isMergeCommit":false,"messageTitle":"Add UC06","messageBody":"","fileTypesAndContributionMap":{"docs":{"insertions":30,"deletions":0}}},{"hash":"ff0514fdadea7482e3813fd1e4e59ffec9bf4e23","isMergeCommit":true,"messageTitle":"Merge pull request #101 from zhonghan721/update-dg-uc","messageBody":"Update DG UC - Deliveries","fileTypesAndContributionMap":{}}]},{"date":"2023-10-11","commitResults":[{"hash":"8b9580776010b4bff835c4c57702e23ea3ae341a","isMergeCommit":false,"messageTitle":"Rename Person","messageBody":"","fileTypesAndContributionMap":{"functional-code":{"insertions":242,"deletions":226},"other":{"insertions":38,"deletions":32},"docs":{"insertions":434,"deletions":255},"test-code":{"insertions":160,"deletions":159}}},{"hash":"fc65195fc6c8cad4a879bd7e11af24a1f7b9c60b","isMergeCommit":false,"messageTitle":"Removed non static init blocks","messageBody":"","fileTypesAndContributionMap":{"functional-code":{"insertions":1,"deletions":10}}},{"hash":"51c8e0b7ed10a8841f5be211ac670b3650cc5138","isMergeCommit":false,"messageTitle":"Fix PersonBuilder","messageBody":"","fileTypesAndContributionMap":{"test-code":{"insertions":1,"deletions":1}}},{"hash":"ce24e8cda2827d87875e50da07ee48b6eeeb2c5f","isMergeCommit":false,"messageTitle":"Fix test styles","messageBody":"","fileTypesAndContributionMap":{"test-code":{"insertions":62,"deletions":52}}},{"hash":"1885c184067f3ae4bdd113994137ad07f149e6f6","isMergeCommit":false,"messageTitle":"Revert name equality","messageBody":"","fileTypesAndContributionMap":{"functional-code":{"insertions":12,"deletions":11}}},{"hash":"a9bd855b268fdd760f45ecce065ee0a433a3805f","isMergeCommit":false,"messageTitle":"Remove customer id equality","messageBody":"","fileTypesAndContributionMap":{"functional-code":{"insertions":1,"deletions":1}}},{"hash":"69dabc914777bcbfaf9b83a88786d5444cda9e8c","isMergeCommit":false,"messageTitle":"Remove customer comment","messageBody":"","fileTypesAndContributionMap":{"functional-code":{"insertions":0,"deletions":1}}}]},{"date":"2023-10-13","commitResults":[{"hash":"acd3825b8964ea546f00fbc2549ae2b515f61e28","isMergeCommit":false,"messageTitle":"Add Delivery Model","messageBody":"","fileTypesAndContributionMap":{"functional-code":{"insertions":161,"deletions":0},"test-code":{"insertions":84,"deletions":0}}},{"hash":"1aa12a19714c20e8b46b8cbc8da19c93fa5d11a1","isMergeCommit":false,"messageTitle":"Add Delivery Tests","messageBody":"","fileTypesAndContributionMap":{"test-code":{"insertions":161,"deletions":16}}},{"hash":"b5f37db17c46ee31b04ef90e6cea44b2357b9ecf","isMergeCommit":true,"messageTitle":"Merge pull request #110 from zhonghan721/11-customer-create","messageBody":"Add Customer Add Command","fileTypesAndContributionMap":{}},{"hash":"23dda484b8cb0c7cf06cecfb1c761196700f5bc6","isMergeCommit":false,"messageTitle":"Add Delivery Field Classes","messageBody":"","fileTypesAndContributionMap":{"functional-code":{"insertions":293,"deletions":27},"test-code":{"insertions":322,"deletions":25}}},{"hash":"17ccf098e3c54fbadb32b351747c635cb513d115","isMergeCommit":true,"messageTitle":"Merge branch \u0027master\u0027 into 112-create-delivery-model","messageBody":"","fileTypesAndContributionMap":{}}]},{"date":"2023-10-14","commitResults":[{"hash":"e6cb7128054288878d4d017a1507b0c4bb93e731","isMergeCommit":false,"messageTitle":"Add auto id tests","messageBody":"","fileTypesAndContributionMap":{"functional-code":{"insertions":19,"deletions":14},"test-code":{"insertions":118,"deletions":1}}},{"hash":"00b7922f68bb877b8ad049017e3fcae17e2c2176","isMergeCommit":false,"messageTitle":"Remove toString Test","messageBody":"","fileTypesAndContributionMap":{"test-code":{"insertions":0,"deletions":14}}},{"hash":"f1373bd3b7b0119e4aec66337038b35afcea8802","isMergeCommit":false,"messageTitle":"Remove customer import","messageBody":"","fileTypesAndContributionMap":{"test-code":{"insertions":0,"deletions":1}}},{"hash":"c84eeb2f8b89b37148c55ca8335ddba374be7409","isMergeCommit":false,"messageTitle":"Move Date","messageBody":"","fileTypesAndContributionMap":{"functional-code":{"insertions":0,"deletions":4},"other":{"insertions":2,"deletions":2}}}]},{"date":"2023-10-17","commitResults":[{"hash":"ae1121a54b015a6c2154f748037bb5e8aa7a8778","isMergeCommit":false,"messageTitle":"Add Delivery List Command","messageBody":"","fileTypesAndContributionMap":{"functional-code":{"insertions":234,"deletions":19},"test-code":{"insertions":12,"deletions":1}}},{"hash":"ad99af989034ac62f209e5bbe1c8f9ef246d777d","isMergeCommit":false,"messageTitle":"Add Delivery List Test","messageBody":"","fileTypesAndContributionMap":{"test-code":{"insertions":128,"deletions":1}}},{"hash":"f4dc6c476a2ef428a0324d6dbefe2a53d7232a11","isMergeCommit":false,"messageTitle":"Fix delivery list command","messageBody":"","fileTypesAndContributionMap":{"functional-code":{"insertions":2,"deletions":1}}},{"hash":"32807df1dbf08c20d0ffae881f7a1219d957f9b3","isMergeCommit":false,"messageTitle":"Remove unused import","messageBody":"","fileTypesAndContributionMap":{"functional-code":{"insertions":0,"deletions":1}}},{"hash":"a07734a052e49f70cd78ed308c7617a6847da1db","isMergeCommit":true,"messageTitle":"Merge branch \u0027master\u0027 into 30-as-an-owner-i-can-view-a-list-of-deliveries","messageBody":"","fileTypesAndContributionMap":{}},{"hash":"6753f642a9dda99f6e656f0648dae3024428d492","isMergeCommit":false,"messageTitle":"Fix Merge Conflicts","messageBody":"","fileTypesAndContributionMap":{"functional-code":{"insertions":7,"deletions":4},"test-code":{"insertions":2,"deletions":2}}},{"hash":"869bc6db15e3a613e5b1137dac3784d0e351bd03","isMergeCommit":false,"messageTitle":"Fix tests with log in","messageBody":"","fileTypesAndContributionMap":{"functional-code":{"insertions":6,"deletions":1},"test-code":{"insertions":2,"deletions":0}}},{"hash":"49f5409f99a7a770a1dfb86111db9c49bcab33ec","isMergeCommit":true,"messageTitle":"Merge branch \u0027master\u0027 into 30-as-an-owner-i-can-view-a-list-of-deliveries","messageBody":"","fileTypesAndContributionMap":{}}]},{"date":"2023-10-18","commitResults":[{"hash":"5719360cdbe1835d4c402aa98dda377cfe444de8","isMergeCommit":false,"messageTitle":"Add sort enum","messageBody":"","fileTypesAndContributionMap":{"functional-code":{"insertions":47,"deletions":19},"test-code":{"insertions":6,"deletions":5}}},{"hash":"4db50c532246560f99af2590133feb7976ff30ba","isMergeCommit":true,"messageTitle":"Merge pull request #127 from jianyangg/125-make-help-feature-more-informative","messageBody":"Add more info to help message","fileTypesAndContributionMap":{}},{"hash":"4b8536dfd644333ff1e315f35495a3a58fe82b80","isMergeCommit":false,"messageTitle":"Add Delivery View Command","messageBody":"","fileTypesAndContributionMap":{"functional-code":{"insertions":106,"deletions":10},"test-code":{"insertions":24,"deletions":0}}},{"hash":"a2844de498b9149c50306005afc0f58b9ae53949","isMergeCommit":false,"messageTitle":"Add Delivery List Test","messageBody":"","fileTypesAndContributionMap":{"test-code":{"insertions":92,"deletions":0}}},{"hash":"19603108624406ca5b5b1b5707b4b243286a550b","isMergeCommit":false,"messageTitle":"Add tests and refactor model","messageBody":"","fileTypesAndContributionMap":{"functional-code":{"insertions":42,"deletions":35},"test-code":{"insertions":35,"deletions":10}}},{"hash":"a2b12a6a792637306e68e2ba4fc1a095ac4c7391","isMergeCommit":false,"messageTitle":"Add Tests","messageBody":"","fileTypesAndContributionMap":{"functional-code":{"insertions":9,"deletions":0},"test-code":{"insertions":58,"deletions":1}}},{"hash":"cbe25f378be295ee268e75e9628fe739042121ac","isMergeCommit":false,"messageTitle":"Fix checkstyle","messageBody":"","fileTypesAndContributionMap":{"test-code":{"insertions":0,"deletions":4}}},{"hash":"19c31819d2d642850641865745cb497a3580c419","isMergeCommit":true,"messageTitle":"Merge branch \u0027master\u0027 into 22-as-an-owner-i-can-view-the-details-of-a-delivery","messageBody":"","fileTypesAndContributionMap":{}},{"hash":"792e533352bc9f5b32d607575b1ed6a2d040343f","isMergeCommit":false,"messageTitle":"Add Parser Test","messageBody":"","fileTypesAndContributionMap":{"test-code":{"insertions":14,"deletions":4}}},{"hash":"5cacde919397f9517a96a71498bfc54b164e373b","isMergeCommit":false,"messageTitle":"Add Empty Arg Test","messageBody":"","fileTypesAndContributionMap":{"test-code":{"insertions":7,"deletions":0}}},{"hash":"5fbe1969ea3ade4bbc3e850c52303d6b219963bf","isMergeCommit":false,"messageTitle":"Add ListItem, Change List UI","messageBody":"","fileTypesAndContributionMap":{"functional-code":{"insertions":257,"deletions":110},"test-code":{"insertions":16,"deletions":0}}},{"hash":"38b7896f4c0853c18275c3d7e69baec540c3b0e6","isMergeCommit":false,"messageTitle":"Remove system out println","messageBody":"","fileTypesAndContributionMap":{"functional-code":{"insertions":0,"deletions":1},"test-code":{"insertions":4,"deletions":4}}},{"hash":"892f1188ca163ca36529e3df451dae1698237e2f","isMergeCommit":false,"messageTitle":"Fix checkstyle errors","messageBody":"","fileTypesAndContributionMap":{"test-code":{"insertions":0,"deletions":2}}},{"hash":"7161df763f22d74ea43fc63f9a6c58ff02ace4e7","isMergeCommit":true,"messageTitle":"Merge pull request #128 from juliusgambe/22-as-an-owner-i-can-view-the-details-of-a-delivery","messageBody":"22 as an owner i can view the details of a delivery","fileTypesAndContributionMap":{}},{"hash":"4ac507649509588288f00e874a28adec43ab3c67","isMergeCommit":true,"messageTitle":"Merge branch \u0027master\u0027 into 129-create-delivery-list-ui","messageBody":"","fileTypesAndContributionMap":{}},{"hash":"a85a92c72d89ff47c2734df9cee2201aceb8421c","isMergeCommit":false,"messageTitle":"Add tests and cleanup","messageBody":"","fileTypesAndContributionMap":{"functional-code":{"insertions":55,"deletions":46},"test-code":{"insertions":89,"deletions":36}}},{"hash":"ca4da6632e2da2030ce78d7d6bd7b66715f9f1c8","isMergeCommit":true,"messageTitle":"Merge pull request #130 from juliusgambe/129-create-delivery-list-ui","messageBody":"","fileTypesAndContributionMap":{}}]},{"date":"2023-10-19","commitResults":[{"hash":"4f39a8b4d6e4ce5577baf471e38b1f37a45a183b","isMergeCommit":true,"messageTitle":"Merge pull request #134 from B-enguin/133-add-note-messages","messageBody":"","fileTypesAndContributionMap":{}}]},{"date":"2023-10-22","commitResults":[{"hash":"f5bca61788b6b7118ba48acaf0f12cc71599a5a9","isMergeCommit":false,"messageTitle":"Add Delivery View, List, Customer List, Day","messageBody":"","fileTypesAndContributionMap":{"docs":{"insertions":16,"deletions":23}}}]},{"date":"2023-10-24","commitResults":[{"hash":"73dde9a1dcce140a52dd4f4032c1e1d06c69acf5","isMergeCommit":false,"messageTitle":"Fix User Guide Delivery List","messageBody":"","fileTypesAndContributionMap":{"docs":{"insertions":5,"deletions":5}}},{"hash":"4b3dd3e169380004b7da707e69ff799f3afdedac","isMergeCommit":true,"messageTitle":"Merge pull request #185 from B-enguin/184-add-assertions","messageBody":"Enable assertions in build.gradle file","fileTypesAndContributionMap":{}}]},{"date":"2023-10-25","commitResults":[{"hash":"ba46b3afd2706aae0dac525b8093fb5e10939e46","isMergeCommit":true,"messageTitle":"Merge pull request #179 from Gabriel4357/Gabriel-bugfix-add-delivery","messageBody":"","fileTypesAndContributionMap":{}},{"hash":"cbdfd995349284ceca469dfed4ab547eff405c52","isMergeCommit":true,"messageTitle":"Merge branch \u0027master\u0027 into 12-view-customer","messageBody":"","fileTypesAndContributionMap":{}}]},{"date":"2023-10-26","commitResults":[{"hash":"cb864e8d0676248298f1667282562ed4e90cedc1","isMergeCommit":true,"messageTitle":"Merge pull request #188 from Gabriel4357/delivery-add-address","messageBody":"Delivery add address field ","fileTypesAndContributionMap":{}},{"hash":"7ee866131ff3e0600b3325ad5bd5a531065b58a9","isMergeCommit":true,"messageTitle":"Merge pull request #197 from B-enguin/12-view-customer","messageBody":"Add CustomerViewCommand","fileTypesAndContributionMap":{}}]}],"zhonghan721":[{"date":"2023-09-29","commitResults":[{"hash":"349156bfd715008e486c06b346adeba9dcac96ac","isMergeCommit":false,"messageTitle":"Add skeletal PPP","messageBody":"","fileTypesAndContributionMap":{"docs":{"insertions":14,"deletions":0}}},{"hash":"ce4abcd0ed7e49eaccb6d7ea453328a69ed40407","isMergeCommit":true,"messageTitle":"Merge pull request #56 from jianyangg/54-update-aboutus-jian-yang","messageBody":"Close #54","fileTypesAndContributionMap":{}},{"hash":"1c8582ec0c64011c8b3e76bb32a1bcddb6c61234","isMergeCommit":false,"messageTitle":"Update AboutUs.md","messageBody":"","fileTypesAndContributionMap":{"docs":{"insertions":4,"deletions":5}}},{"hash":"d03143c7d3cdea0916bae0e449bc8566207755eb","isMergeCommit":true,"messageTitle":"Merge branch \u0027master\u0027 into 42-skeletalPPP-zhonghan","messageBody":"","fileTypesAndContributionMap":{}}]},{"date":"2023-09-30","commitResults":[{"hash":"f572cb5855b226a782319eb3dde71bd68b3b3bee","isMergeCommit":false,"messageTitle":"Remove trailing whitespace","messageBody":"","fileTypesAndContributionMap":{"docs":{"insertions":2,"deletions":2}}},{"hash":"8356f03f5eca1685849a1ebe731080c03ae948b0","isMergeCommit":false,"messageTitle":"Update UG formatting","messageBody":"","fileTypesAndContributionMap":{"docs":{"insertions":35,"deletions":49}}},{"hash":"03ffb9fbe46d0691f22f5517aa95dd7067abd7e7","isMergeCommit":false,"messageTitle":"DeveloperGuide.md: Add value proposition","messageBody":"","fileTypesAndContributionMap":{"docs":{"insertions":4,"deletions":1}}}]},{"date":"2023-10-01","commitResults":[{"hash":"bec189fb86c4dd6ff38ecbf983932498db1aba23","isMergeCommit":true,"messageTitle":"Merge branch \u0027master\u0027 into update-ug-dg","messageBody":"","fileTypesAndContributionMap":{}}]},{"date":"2023-10-03","commitResults":[{"hash":"47f9b2d721e25e9b91bdea429e60593d7c684a24","isMergeCommit":false,"messageTitle":"Update formatting of UG","messageBody":"","fileTypesAndContributionMap":{"docs":{"insertions":16,"deletions":15}}},{"hash":"eee7fb5c2a7bda51c5ede3160a886b619e869644","isMergeCommit":true,"messageTitle":"Merge branch \u0027master\u0027 into edit-ug-format","messageBody":"","fileTypesAndContributionMap":{}}]},{"date":"2023-10-04","commitResults":[{"hash":"7c9cd0356ff3c119c040d2b4b39ab7da82782687","isMergeCommit":true,"messageTitle":"Merge pull request #89 from juliusgambe/update-dg-us","messageBody":"Remove user story documentation guide placeholder","fileTypesAndContributionMap":{}},{"hash":"bf7ceb22e0acbcac936ce4c30fccdcd9d7f0636d","isMergeCommit":false,"messageTitle":"Update DG UC for deliveries","messageBody":"","fileTypesAndContributionMap":{"docs":{"insertions":183,"deletions":0}}},{"hash":"1a0c348eae8853defb59d6f688c592aa78e5aeb6","isMergeCommit":true,"messageTitle":"Merge branch \u0027master\u0027 into update-dg-uc","messageBody":"","fileTypesAndContributionMap":{}}]},{"date":"2023-10-12","commitResults":[{"hash":"7b58662d955633c7432344bc7e1b85d1b3b8e087","isMergeCommit":false,"messageTitle":"Modify customer add functionality","messageBody":"","fileTypesAndContributionMap":{"functional-code":{"insertions":64,"deletions":9},"other":{"insertions":11,"deletions":13},"test-code":{"insertions":57,"deletions":33}}},{"hash":"4c6b4b5988e0c43ad6dae777c070d981fc8445dc","isMergeCommit":false,"messageTitle":"Fix failing tests","messageBody":"","fileTypesAndContributionMap":{"functional-code":{"insertions":8,"deletions":1},"test-code":{"insertions":5,"deletions":3}}},{"hash":"c72c423222d3279a9a962fcc660e65d5381579f9","isMergeCommit":false,"messageTitle":"Fix failing test","messageBody":"","fileTypesAndContributionMap":{"functional-code":{"insertions":8,"deletions":3},"test-code":{"insertions":27,"deletions":12}}}]},{"date":"2023-10-13","commitResults":[{"hash":"6bf143656176b494267a93458e42b823151033bc","isMergeCommit":true,"messageTitle":"Merge pull request #109 from jianyangg/15-as-a-registered-owner-i-can-delete-a-customer","messageBody":"15 as a registered owner i can delete a customer","fileTypesAndContributionMap":{}}]},{"date":"2023-10-14","commitResults":[{"hash":"b25f6af1f029830ffd969890fd805dd0661332e8","isMergeCommit":false,"messageTitle":"Add non-positive customerId check","messageBody":"","fileTypesAndContributionMap":{"functional-code":{"insertions":4,"deletions":1}}},{"hash":"deacc255e091c25ec3662ceb2d85afddcb947fb9","isMergeCommit":false,"messageTitle":"Add User model and some tests","messageBody":"","fileTypesAndContributionMap":{"functional-code":{"insertions":205,"deletions":0},"test-code":{"insertions":123,"deletions":0}}},{"hash":"2009ac3126314b5ec9db279b6b49154350a3a48f","isMergeCommit":false,"messageTitle":"Add tests related to User model","messageBody":"","fileTypesAndContributionMap":{"functional-code":{"insertions":1,"deletions":1},"test-code":{"insertions":141,"deletions":0}}},{"hash":"9d24c743afa08513fe1b59ac8c3b5af8f4e835ca","isMergeCommit":false,"messageTitle":"Fix checkstyle errors","messageBody":"","fileTypesAndContributionMap":{"functional-code":{"insertions":6,"deletions":1},"test-code":{"insertions":19,"deletions":12}}}]},{"date":"2023-10-16","commitResults":[{"hash":"8c67caabdb439a96ad747536b788284bbff8ec16","isMergeCommit":true,"messageTitle":"Merge pull request #115 from zhonghan721/113-create-user-model","messageBody":"113 create user model","fileTypesAndContributionMap":{}}]},{"date":"2023-10-17","commitResults":[{"hash":"ac61f64bb8823ad2f581d5148e28531df0ec3686","isMergeCommit":false,"messageTitle":"Add user login and logout command","messageBody":"","fileTypesAndContributionMap":{"functional-code":{"insertions":290,"deletions":6},"test-code":{"insertions":25,"deletions":0}}},{"hash":"075dcc734245597d7de52d33b1e90acee69ccb8c","isMergeCommit":true,"messageTitle":"Merge branch \u0027master\u0027 into 10-16-log-in-log-out","messageBody":"","fileTypesAndContributionMap":{}},{"hash":"aac99c87686efd5a70ce26699956a7843dcdcf9d","isMergeCommit":false,"messageTitle":"Fix currently failing tests","messageBody":"","fileTypesAndContributionMap":{"functional-code":{"insertions":39,"deletions":7},"other":{"insertions":2,"deletions":1},"test-code":{"insertions":53,"deletions":36}}},{"hash":"17ee6ede0e2a4dd187d671820171055d548ab6ba","isMergeCommit":false,"messageTitle":"Add tests related to login and logout","messageBody":"","fileTypesAndContributionMap":{"functional-code":{"insertions":28,"deletions":21},"test-code":{"insertions":277,"deletions":3}}}]},{"date":"2023-10-18","commitResults":[{"hash":"fcbe65bf156b77edb8a2b03154c12c663d2ea772","isMergeCommit":true,"messageTitle":"Merge pull request #123 from B-enguin/29-create-notes-delivery","messageBody":"Add Command to create a note for a delivery","fileTypesAndContributionMap":{}},{"hash":"eb41bd5b25366d425f969aa4de7299f334827174","isMergeCommit":false,"messageTitle":"Add login status checks","messageBody":"","fileTypesAndContributionMap":{"functional-code":{"insertions":25,"deletions":1},"test-code":{"insertions":98,"deletions":0}}},{"hash":"c9a7cd9f5e89faaadc067ff78bb9c2a22c9b6d73","isMergeCommit":true,"messageTitle":"Merge branch \u0027master\u0027 into 131-prevent-delivery-commands-executing-before-logging-in","messageBody":"","fileTypesAndContributionMap":{}}]},{"date":"2023-10-21","commitResults":[{"hash":"e77eae88067c6f35ac722c449bf72dd967af197f","isMergeCommit":true,"messageTitle":"Merge pull request #140 from Gabriel4357/create-delete-delivery-branch","messageBody":"Create delete delivery branch","fileTypesAndContributionMap":{}},{"hash":"daee64d635a80702780181a3d97649e0fca8214f","isMergeCommit":false,"messageTitle":"Fix ui list refresh issue","messageBody":"","fileTypesAndContributionMap":{"functional-code":{"insertions":23,"deletions":14},"test-code":{"insertions":15,"deletions":5}}},{"hash":"197d4bb77c8f30c333d87d94e39aa7827b4b4ef6","isMergeCommit":true,"messageTitle":"Merge branch \u0027master\u0027 into fix-ui-list","messageBody":"","fileTypesAndContributionMap":{}},{"hash":"182d5881201886ffe828368609720968392c9134","isMergeCommit":false,"messageTitle":"Add tests","messageBody":"","fileTypesAndContributionMap":{"functional-code":{"insertions":35,"deletions":16},"test-code":{"insertions":214,"deletions":14}}}]},{"date":"2023-10-22","commitResults":[{"hash":"03bab666f3c1dcba2e12211547a39f2d8f5f18f3","isMergeCommit":false,"messageTitle":"Add user login sequence diagram","messageBody":"","fileTypesAndContributionMap":{"docs":{"insertions":91,"deletions":0}}},{"hash":"157ccdaf74505e1a9e6ce388f17653143a37ca65","isMergeCommit":false,"messageTitle":"Add user logout sequence diagram","messageBody":"","fileTypesAndContributionMap":{"docs":{"insertions":80,"deletions":2}}}]},{"date":"2023-10-23","commitResults":[{"hash":"f69ab0ab007782e4bdf73ab9c1e23e830705316e","isMergeCommit":false,"messageTitle":"Update DG to include user login and logout implementation","messageBody":"","fileTypesAndContributionMap":{"docs":{"insertions":134,"deletions":2}}},{"hash":"c94027cefaca0a920a520dda6851dd0d9d497f8f","isMergeCommit":false,"messageTitle":"Rename AddCommand to CustomerAddCommand","messageBody":"","fileTypesAndContributionMap":{"functional-code":{"insertions":3,"deletions":3},"other":{"insertions":47,"deletions":45},"test-code":{"insertions":7,"deletions":7}}},{"hash":"9681ae56632ede27b3f3519ca2edf49d75620479","isMergeCommit":false,"messageTitle":"Change customer phone number validation to 8 digits","messageBody":"","fileTypesAndContributionMap":{"functional-code":{"insertions":2,"deletions":2},"test-code":{"insertions":14,"deletions":14}}},{"hash":"2a7d427425c844118d38c7b53deea5429d2a84a1","isMergeCommit":false,"messageTitle":"Fix checkstyle errors","messageBody":"","fileTypesAndContributionMap":{"test-code":{"insertions":2,"deletions":4}}}]},{"date":"2023-10-24","commitResults":[{"hash":"f91c96b74c44cc1d5fbe88319d36659294253886","isMergeCommit":false,"messageTitle":"Update diagrams for login and logout","messageBody":"","fileTypesAndContributionMap":{"docs":{"insertions":28,"deletions":19}}},{"hash":"e1a7a8ca9b8c8523956c199fc1dc7777023ea369","isMergeCommit":false,"messageTitle":"Add User Update Details to UG","messageBody":"","fileTypesAndContributionMap":{"docs":{"insertions":39,"deletions":10}}},{"hash":"14ac101d07b9bca3ff984d2a763028f6c1bc9d93","isMergeCommit":false,"messageTitle":"Update DG use case for User update details","messageBody":"","fileTypesAndContributionMap":{"docs":{"insertions":46,"deletions":54}}},{"hash":"a86898d0200eebab22d2b60d4e99e907e84a9278","isMergeCommit":false,"messageTitle":"Fix errors in DG regarding user login and logout","messageBody":"","fileTypesAndContributionMap":{"docs":{"insertions":4,"deletions":4}}},{"hash":"a592d8a696902bc1a6450f98760ee1ca883fb937","isMergeCommit":false,"messageTitle":"Add missing extension","messageBody":"","fileTypesAndContributionMap":{"docs":{"insertions":13,"deletions":4}}},{"hash":"07b143c95e5ced2b1a64c47b9f386617cf2859db","isMergeCommit":false,"messageTitle":"Change sentence wording","messageBody":"","fileTypesAndContributionMap":{"docs":{"insertions":1,"deletions":1}}},{"hash":"afe5ad8fb098a8da965650a62699c72d87cdfc2e","isMergeCommit":false,"messageTitle":"Add more test cases to CustomerAddCommandParserTest","messageBody":"","fileTypesAndContributionMap":{"test-code":{"insertions":22,"deletions":2}}},{"hash":"507a78932a66804f9d9363550e1bd2b9f24664e5","isMergeCommit":false,"messageTitle":"Refactor customer related parser test","messageBody":"","fileTypesAndContributionMap":{"other":{"insertions":4,"deletions":2}}},{"hash":"b2af3d293b33006a1107d0c5a05c441e448201c0","isMergeCommit":false,"messageTitle":"Add missing user tests to AddressBookParserTest","messageBody":"","fileTypesAndContributionMap":{"test-code":{"insertions":16,"deletions":3}}},{"hash":"deab856ff28f1942831f1e93b2ebd8f104a81bf2","isMergeCommit":false,"messageTitle":"Add missing underscore","messageBody":"","fileTypesAndContributionMap":{"docs":{"insertions":4,"deletions":4}}}]},{"date":"2023-10-25","commitResults":[{"hash":"f432bf8be6f48640065a781a69bf7976a4af07a3","isMergeCommit":true,"messageTitle":"Merge pull request #190 from jianyangg/189-update-ug-register-account","messageBody":"189 update ug register account","fileTypesAndContributionMap":{}},{"hash":"d5a6dc3e3579194e6563cc333b0509c076e88ffb","isMergeCommit":true,"messageTitle":"Merge pull request #194 from jianyangg/8-as-a-new-user-i-can-create-a-local-account","messageBody":"Update register command","fileTypesAndContributionMap":{}},{"hash":"a86ebee76fb94b119e7ea4cfd4e8df3fc7901d84","isMergeCommit":true,"messageTitle":"Merge branch \u0027master\u0027 into 155-update-ug-user-update-command","messageBody":"","fileTypesAndContributionMap":{}},{"hash":"14cad72d4e67f1ec5a8aa5d888c1f05d83a2648e","isMergeCommit":true,"messageTitle":"Merge pull request #192 from jianyangg/170-update-dg-register-account","messageBody":"170 update dg register account","fileTypesAndContributionMap":{}}]}]},"authorFileTypeContributionMap":{"jianyangg":{"docs":488,"functional-code":738,"test-code":674,"other":3},"B-enguin":{"docs":241,"functional-code":2012,"test-code":1951,"other":4},"Gabriel4357":{"docs":166,"functional-code":528,"test-code":944},"juliusgambe":{"docs":742,"functional-code":1104,"test-code":1143},"zhonghan721":{"docs":597,"functional-code":682,"test-code":1071}},"authorContributionVariance":{"jianyangg":53499.273,"B-enguin":269451.22,"Gabriel4357":44304.74,"juliusgambe":147149.39,"zhonghan721":29707.44},"authorDisplayNameMap":{"jianyangg":"CS2103T-T13-3 LIM ..YANG","B-enguin":"CS2103T-T13-3 BENJ.. HUI","Gabriel4357":"CS2103T-T13-3 GABR.. HAO","juliusgambe":"CS2103T-T13-3 JULI..AMBE","zhonghan721":"CS2103T-T13-3 LIM .. HAN"}}
