{"authorDailyContributionsMap":{"yihfei":[{"date":"2023-10-02","commitResults":[{"hash":"0234903e17e2fab81754b6261152054bf8b734b2","isMergeCommit":false,"messageTitle":"Add Remark.java, RemarkCommand.java and RemarkCommandParser.java to handle remarks","messageBody":"","fileTypesAndContributionMap":{"functional-code":{"insertions":154,"deletions":9}}}]},{"date":"2023-10-03","commitResults":[{"hash":"0b1d86e2983aba1bf8be4694204819f8479c6ba3","isMergeCommit":false,"messageTitle":"Add Remark Tests and update Remark class to work","messageBody":"","fileTypesAndContributionMap":{"functional-code":{"insertions":80,"deletions":39},"test-code":{"insertions":134,"deletions":118}}},{"hash":"5c04b3efd3cbb2dec09a607fa95fd97da2c0169c","isMergeCommit":true,"messageTitle":"Merge branch \u0027tutorial-adding-command\u0027","messageBody":"Person class needs additional info.\n\nAdd Remark class as field in Person class.\n\nRemark contains string value of additional info.\n","fileTypesAndContributionMap":{}},{"hash":"0ef184e30493d723904bb3533922c7c780e1703e","isMergeCommit":false,"messageTitle":"Modify RemarkCommand.java and RemarkCommandTest.java for style","messageBody":"","fileTypesAndContributionMap":{"functional-code":{"insertions":1,"deletions":1},"test-code":{"insertions":1,"deletions":1}}},{"hash":"14ce44ff7ec3ec45129f4e2f94edb8e46ebc1e74","isMergeCommit":false,"messageTitle":"Minor formatting change to RemarkCommandTest.java","messageBody":"","fileTypesAndContributionMap":{"test-code":{"insertions":0,"deletions":1}}}]},{"date":"2023-10-04","commitResults":[{"hash":"b97121d1c332c77225b66cd0193dda1a8e002776","isMergeCommit":true,"messageTitle":"Merge remote-tracking branch \u0027upstream/master\u0027","messageBody":"","fileTypesAndContributionMap":{}}]},{"date":"2023-10-05","commitResults":[{"hash":"09affe2079bff43ef3ab132738f0a59b6787ca1d","isMergeCommit":true,"messageTitle":"Merge pull request #25 from lambraydon/branch-Developer-Guide","messageBody":"Add NFRs to DG","fileTypesAndContributionMap":{}},{"hash":"46dac9aa1cf610bbcffcf92c0b2f0460ef46b41f","isMergeCommit":false,"messageTitle":"Revert \"Minor formatting change to RemarkCommandTest.java\"","messageBody":"This reverts commit 14ce44ff7ec3ec45129f4e2f94edb8e46ebc1e74.\n","fileTypesAndContributionMap":{"test-code":{"insertions":1,"deletions":0}}},{"hash":"b96559613e1f8d4222ad5c1532f2995da795a444","isMergeCommit":false,"messageTitle":"Revert \"Modify RemarkCommand.java and RemarkCommandTest.java for style\"","messageBody":"This reverts commit 0ef184e30493d723904bb3533922c7c780e1703e.\n","fileTypesAndContributionMap":{"functional-code":{"insertions":1,"deletions":1},"test-code":{"insertions":1,"deletions":1}}},{"hash":"79e57ba1feac51978c918111520251a7987dc208","isMergeCommit":false,"messageTitle":"Revert \"Merge branch \u0027tutorial-adding-command\u0027\"","messageBody":"This reverts commit 5c04b3efd3cbb2dec09a607fa95fd97da2c0169c, reversing\nchanges made to 540e73ddb5b8b7c30e5124d6d4054ebd7ae4144a.\n","fileTypesAndContributionMap":{"functional-code":{"insertions":41,"deletions":227},"test-code":{"insertions":118,"deletions":134}}},{"hash":"4a63ddb1b447a69612d87d3c3d0233caa4c52ee7","isMergeCommit":true,"messageTitle":"Merge github.com:AY2324S1-CS2103T-F10-4/tp","messageBody":"","fileTypesAndContributionMap":{}},{"hash":"49f1bdb63cd790e293b41fb1859a97349a0c91a6","isMergeCommit":false,"messageTitle":"Update Readme and Ui","messageBody":"","fileTypesAndContributionMap":{"docs":{"insertions":7,"deletions":11}}},{"hash":"22c3934a49d1ae734f60d990c3ddd0eebdecfa08","isMergeCommit":false,"messageTitle":"Add newline at EOF for Readme","messageBody":"","fileTypesAndContributionMap":{"docs":{"insertions":1,"deletions":1}}},{"hash":"8a36443febcc08fbd64c218bff1ec387a514400a","isMergeCommit":true,"messageTitle":"Merge pull request #24 from lambraydon/branch-AboutUs","messageBody":"Modify AboutUs","fileTypesAndContributionMap":{}},{"hash":"c705a1f0ca8bb1eb4ba9dd8609b8c944ee8ceedb","isMergeCommit":false,"messageTitle":"Add personal and photo to docs","messageBody":"","fileTypesAndContributionMap":{"docs":{"insertions":37,"deletions":7}}},{"hash":"91132efb5350c48c2a73ff9f2c4b165d07145cd9","isMergeCommit":true,"messageTitle":"Merge pull request #32 from yihfei/update-aboutus","messageBody":"Add personal details and photo to docs","fileTypesAndContributionMap":{}},{"hash":"5d22f521ca3046baeb92f597eb1681ad7175cbcb","isMergeCommit":true,"messageTitle":"Merge pull request #33 from Heran9/add-info-heran","messageBody":"Add image, PPP, modify About Us and UG","fileTypesAndContributionMap":{}},{"hash":"df796214caf726d28d8119e1b52efbc22bb9ec26","isMergeCommit":true,"messageTitle":"Merge pull request #37 from lambraydon/branch-PPP","messageBody":"Add ppp","fileTypesAndContributionMap":{}}]},{"date":"2023-10-06","commitResults":[{"hash":"4f03a425817d81956fef96504fa1b6839adccd32","isMergeCommit":false,"messageTitle":"Remove traces of AB3","messageBody":"","fileTypesAndContributionMap":{"docs":{"insertions":5,"deletions":9}}},{"hash":"69e903a9e8717a077057707868ebea6f9317eabe","isMergeCommit":true,"messageTitle":"Merge branch \u0027master\u0027 into update-ug","messageBody":"","fileTypesAndContributionMap":{}},{"hash":"0f73d8c8bae7ed6b011c614a15c7ba02193273db","isMergeCommit":false,"messageTitle":"Fix minor issue in formatting","messageBody":"","fileTypesAndContributionMap":{"docs":{"insertions":1,"deletions":1}}},{"hash":"2925ce5db5c42ff2288f933634923b8d3152c934","isMergeCommit":false,"messageTitle":"Remove instance of address book","messageBody":"","fileTypesAndContributionMap":{"docs":{"insertions":1,"deletions":1}}},{"hash":"c9a905a811c668a9817f64dd988c6174f5c09808","isMergeCommit":false,"messageTitle":"Update user stories table","messageBody":"","fileTypesAndContributionMap":{"docs":{"insertions":7,"deletions":8}}},{"hash":"fdb0afef8dca880258947baebaff1fce926aa725","isMergeCommit":false,"messageTitle":"Update glossary","messageBody":"","fileTypesAndContributionMap":{"docs":{"insertions":4,"deletions":3}}}]},{"date":"2023-10-13","commitResults":[{"hash":"5ba22276196315de90c03ef0801bd96e95b07429","isMergeCommit":false,"messageTitle":"Comment purpose of MainApp","messageBody":"","fileTypesAndContributionMap":{"functional-code":{"insertions":1,"deletions":0}}},{"hash":"0ed901bc3df2d90cb0a74123432c2d32123634ff","isMergeCommit":true,"messageTitle":"Merge pull request #67 from lambraydon/branch-list-by-day","messageBody":"Add ListByDay.java","fileTypesAndContributionMap":{}}]},{"date":"2023-10-17","commitResults":[{"hash":"dc8bc4173a41546d581c7b9ce701f2514b0f2235","isMergeCommit":false,"messageTitle":"Create SchedulePanel placeholder to display schedule","messageBody":"GUI does not contain a panel to display appointments for the day.\n\nCreate SchedulePanel with the corresponding fxml files to split the space\npreviously occupied by PersonListPanel.\n\nTo update once Person class is updated with time of tuition fields.\n","fileTypesAndContributionMap":{"functional-code":{"insertions":47,"deletions":1}}}]},{"date":"2023-10-18","commitResults":[{"hash":"79a3c9cc842ae9d3ad25ce081bb3edcf6018a3fb","isMergeCommit":true,"messageTitle":"Merge pull request #70 from lambraydon/branch-list-by-day","messageBody":"Add list by day","fileTypesAndContributionMap":{}},{"hash":"ece540ee09c99613b3344ae64618e55b9039c4d0","isMergeCommit":false,"messageTitle":"Add ScheduleCard to display tutees in ScheduleListPanel","messageBody":"","fileTypesAndContributionMap":{"functional-code":{"insertions":140,"deletions":36}}},{"hash":"27332d116a02eedfdb5f0ea55c2423a7e300744b","isMergeCommit":true,"messageTitle":"Merge branch \u0027master\u0027 into update-gui","messageBody":"","fileTypesAndContributionMap":{}},{"hash":"6d96a3567fe196482f1c0cdc9279eb3b0aa1b25e","isMergeCommit":false,"messageTitle":"Increase width of PersonListPanel","messageBody":"","fileTypesAndContributionMap":{"functional-code":{"insertions":21,"deletions":13}}},{"hash":"f0eaae27d63c3d4e998dcc9c53a8e1f7e27825e4","isMergeCommit":true,"messageTitle":"Merge pull request #69 from Heran9/add-info-heran","messageBody":"Add paid and ispaid command","fileTypesAndContributionMap":{}}]},{"date":"2023-10-19","commitResults":[{"hash":"1741bb77da30e60c17e97169be0e9b40b808714e","isMergeCommit":false,"messageTitle":"Fix Bug: Empty command","messageBody":"Empty commands with zero characters (e.g. \"\") do not result in\nany feedback to user.\n\nMake app display error message with help instructions.\n\nUsers will now receive input from the app after pressing enter\nwithout any command input.\n","fileTypesAndContributionMap":{"functional-code":{"insertions":1,"deletions":1},"test-code":{"insertions":8,"deletions":2}}},{"hash":"77f117442d77cf1c121c00bba13a21c398cb913d","isMergeCommit":false,"messageTitle":"Add import statements","messageBody":"","fileTypesAndContributionMap":{"test-code":{"insertions":3,"deletions":1}}},{"hash":"f9368312ec2071b53eb85c3ea718f877bf5fa57a","isMergeCommit":false,"messageTitle":"Fix style","messageBody":"","fileTypesAndContributionMap":{"test-code":{"insertions":1,"deletions":1}}},{"hash":"d035e42389c6ea8ce3fdaa7f6f9d3846db180baa","isMergeCommit":true,"messageTitle":"Merge branch \u0027master\u0027 into fix-emptycommand","messageBody":"","fileTypesAndContributionMap":{}}]},{"date":"2023-10-21","commitResults":[{"hash":"6c9e19efe0613c73d2115e97ef778f3bb345cf3d","isMergeCommit":false,"messageTitle":"Remove unnecessary field in MESSAGE_USAGE string","messageBody":"","fileTypesAndContributionMap":{"functional-code":{"insertions":0,"deletions":1}}}]},{"date":"2023-10-22","commitResults":[{"hash":"3a7a2342d8f0f08c8687cd722128437ba793f353","isMergeCommit":false,"messageTitle":"Implement PayRate","messageBody":"Person class does not have a field to keep track of earnings\nfor user (private tutor).\n\nAdd PayRate class and modify Person and corresponding commands\nand parser classes to work with new field.\n\nPayRate class has a int value so that we can implement\ncommand that calculates total earnings in the future.\n","fileTypesAndContributionMap":{"functional-code":{"insertions":155,"deletions":21},"test-code":{"insertions":129,"deletions":46}}},{"hash":"8c11795462ed04166182611f49fefe764d0779e6","isMergeCommit":false,"messageTitle":"Add test cases for PayRate class","messageBody":"","fileTypesAndContributionMap":{"functional-code":{"insertions":5,"deletions":2},"test-code":{"insertions":30,"deletions":2}}},{"hash":"7d02a8ae3c3b2395d3a28a456d7909945adab5dd","isMergeCommit":false,"messageTitle":"Add additional details in GUI for PayRate","messageBody":"","fileTypesAndContributionMap":{"functional-code":{"insertions":2,"deletions":2}}}]},{"date":"2023-10-25","commitResults":[{"hash":"8332a1a45fbbdb01c41ce28e4907144163a24180","isMergeCommit":true,"messageTitle":"Merge pull request #92 from Heran9/add-info-heran","messageBody":"Implement list unpaid and incorporate paid to GUI","fileTypesAndContributionMap":{}}]},{"date":"2023-10-26","commitResults":[{"hash":"c2ba8075bdf85bf0b77273f194176790d54a8377","isMergeCommit":false,"messageTitle":"Update version number","messageBody":"","fileTypesAndContributionMap":{"functional-code":{"insertions":1,"deletions":1}}},{"hash":"4356de341a885514f0e07bf642ce863bafeea5a3","isMergeCommit":false,"messageTitle":"Edit Jar file name and update UG","messageBody":"","fileTypesAndContributionMap":{"other":{"insertions":1,"deletions":1},"docs":{"insertions":13,"deletions":0}}},{"hash":"8df69fb67e6ff81b2e7a6829c8ff1727f816c0e2","isMergeCommit":true,"messageTitle":"Merge pull request #97 from Heran9/add-info-heran","messageBody":"Modify UG and DG (add paid features)","fileTypesAndContributionMap":{}},{"hash":"06d6cae4bc96c6edf2e41d0fae34aca69db65751","isMergeCommit":false,"messageTitle":"Change jar file name","messageBody":"","fileTypesAndContributionMap":{"other":{"insertions":1,"deletions":1}}},{"hash":"b4e889d454bad720c5840ce89057fe3d75417546","isMergeCommit":true,"messageTitle":"Merge branch \u0027master\u0027 into branch-DG","messageBody":"","fileTypesAndContributionMap":{}},{"hash":"61eb7012da3629558b9ea0cdc10ccb3994731cef","isMergeCommit":false,"messageTitle":"Update UG for payrate","messageBody":"","fileTypesAndContributionMap":{"other":{"insertions":1,"deletions":1},"docs":{"insertions":15,"deletions":11}}},{"hash":"751b21a8b19d68d7007ceab88b463a7dd5bea5d4","isMergeCommit":true,"messageTitle":"Merge pull request #101 from lambraydon/branch-DG-Update","messageBody":"Modify DG: Add ListByDayCommand implementation","fileTypesAndContributionMap":{}}]},{"date":"2023-10-27","commitResults":[{"hash":"b4a5bdf2760ccc2af39e8523bcfab13617aa6dbf","isMergeCommit":true,"messageTitle":"Merge pull request #103 from lambraydon/branch-UG","messageBody":"Modify UG: Add ListByDay feature","fileTypesAndContributionMap":{}},{"hash":"ad6f620863e01dd2e9983beb8200706e68d9de3e","isMergeCommit":true,"messageTitle":"Merge pull request #104 from WinstonLeonard/find-free-time","messageBody":"enable assertions","fileTypesAndContributionMap":{}},{"hash":"9e04aad59aa56a1d077bba3ff6d826af660ac4bc","isMergeCommit":false,"messageTitle":"Implement RevenueCommand","messageBody":"Current state of tuitionconnect does not allow for\neasy checking of monthly revenue.\n\nAdd a new command that calculates monthly revenue with\nlesson durations and payrate.\n","fileTypesAndContributionMap":{"functional-code":{"insertions":101,"deletions":6},"other":{"insertions":3,"deletions":0},"test-code":{"insertions":74,"deletions":0}}}]},{"date":"2023-10-28","commitResults":[{"hash":"300b826bfda2d863f390cf8d001da4e805df9878","isMergeCommit":true,"messageTitle":"Fix merge conflict","messageBody":"","fileTypesAndContributionMap":{}},{"hash":"06f3ecd41e920bf2b7a51cfe5d5ad8b2a6abee05","isMergeCommit":false,"messageTitle":"Add test case for RevenueCommand functionality","messageBody":"","fileTypesAndContributionMap":{"functional-code":{"insertions":22,"deletions":18},"test-code":{"insertions":45,"deletions":8}}},{"hash":"9a711d62aafa6294cd10cbc3dd87dfc1ab91f5c7","isMergeCommit":true,"messageTitle":"Merge branch \u0027master\u0027 into branch-totalrevenue","messageBody":"","fileTypesAndContributionMap":{}}]},{"date":"2023-10-30","commitResults":[{"hash":"7d097bb9135a69c0e2ad4285fd0c22e65b99cbfc","isMergeCommit":false,"messageTitle":"Change payRate value to double type","messageBody":"","fileTypesAndContributionMap":{"functional-code":{"insertions":19,"deletions":17},"test-code":{"insertions":92,"deletions":13}}},{"hash":"ae2eccee6757d58cbef6354eea5f1256c61ea0ed","isMergeCommit":true,"messageTitle":"Merge pull request #113 from lambraydon/branch-undo-redo","messageBody":"Add Undo and Redo","fileTypesAndContributionMap":{}},{"hash":"e10284f6273216aacc8c95089f96c769cb979465","isMergeCommit":true,"messageTitle":"Merge branch \u0027master\u0027 into Implement-PayRate","messageBody":"","fileTypesAndContributionMap":{}},{"hash":"5e741b90a058a64ac007c687ac94ec487dc150c2","isMergeCommit":false,"messageTitle":"Add test cases for RevenueCommand","messageBody":"","fileTypesAndContributionMap":{"functional-code":{"insertions":20,"deletions":1},"test-code":{"insertions":20,"deletions":3}}},{"hash":"075a63204ff82c362f51249d2ceb52602e2a9335","isMergeCommit":false,"messageTitle":"Remove redundant comment","messageBody":"","fileTypesAndContributionMap":{"functional-code":{"insertions":0,"deletions":1}}}]},{"date":"2023-10-31","commitResults":[{"hash":"74ac1d4a7f257536f3a56af3ef71c6a7151d512d","isMergeCommit":false,"messageTitle":"Modify ScheduleListPanel to display current day on top","messageBody":"","fileTypesAndContributionMap":{"functional-code":{"insertions":31,"deletions":4},"test-code":{"insertions":42,"deletions":0}}}]},{"date":"2023-11-01","commitResults":[{"hash":"6e691bd9af0b3b506b02975261df25372b0a0682","isMergeCommit":false,"messageTitle":"Remove day, begin and end from PersonCard","messageBody":"","fileTypesAndContributionMap":{"functional-code":{"insertions":1,"deletions":12}}},{"hash":"0fd150fc704a259a55693cb2985fce90707a2d16","isMergeCommit":true,"messageTitle":"Merge pull request #117 from lambraydon/branch-UI","messageBody":"Modify UI: Add rounded corners for PersonCard and ScheduleCard","fileTypesAndContributionMap":{}},{"hash":"281e898e24a6e119c0f653b01d68770409c22f33","isMergeCommit":true,"messageTitle":"Merge pull request #116 from Heran9/add-info-heran","messageBody":"Implement unpaid and unpaidAll command","fileTypesAndContributionMap":{}},{"hash":"f6b2680fce3466ac3e7a90c309f853dfad762c21","isMergeCommit":true,"messageTitle":"Merge branch \u0027master\u0027 into branch-ui","messageBody":"","fileTypesAndContributionMap":{}},{"hash":"6f9f6921d92c3bae1709fb7abc349162366bf62f","isMergeCommit":false,"messageTitle":"Enhance UI","messageBody":"","fileTypesAndContributionMap":{"functional-code":{"insertions":25,"deletions":10}}},{"hash":"750259a53ad6062724cd8c1d85ea000e8eb7a778","isMergeCommit":false,"messageTitle":"Fix checkstyle","messageBody":"","fileTypesAndContributionMap":{"functional-code":{"insertions":1,"deletions":2}}}]},{"date":"2023-11-02","commitResults":[{"hash":"a6a31cbbdf0e1b5d944d86d9d5eff5a00e48b1e6","isMergeCommit":true,"messageTitle":"Merge pull request #121 from WinstonLeonard/find-free-time","messageBody":"Find free time","fileTypesAndContributionMap":{}},{"hash":"8d0cd215486ebbe4770391defbc795a2e8d031cd","isMergeCommit":false,"messageTitle":"Remove address_book icon","messageBody":"","fileTypesAndContributionMap":{"functional-code":{"insertions":3,"deletions":1},"test-code":{"insertions":1,"deletions":1}}},{"hash":"b2a0ad1a070e5b15020d05708b90d7239c93e83b","isMergeCommit":true,"messageTitle":"Merge pull request #123 from WinstonLeonard/update-UG","messageBody":"Update ug","fileTypesAndContributionMap":{}},{"hash":"cadb0b23ecc40e50239a15186dd1adf26a1b8737","isMergeCommit":false,"messageTitle":"Enhance UI: modify subject and paid to tags","messageBody":"","fileTypesAndContributionMap":{"functional-code":{"insertions":10,"deletions":3}}},{"hash":"dd21256896852bc0a7f8e6bc751cc3cdc6b63b9c","isMergeCommit":false,"messageTitle":"Fix checkstyle","messageBody":"","fileTypesAndContributionMap":{"functional-code":{"insertions":0,"deletions":1}}},{"hash":"5aeb3f828a8720f114afa21122bfae57a552c65c","isMergeCommit":false,"messageTitle":"Add subject tag","messageBody":"","fileTypesAndContributionMap":{"functional-code":{"insertions":10,"deletions":0}}},{"hash":"ae5abd6bda80a15da910497b16b8e5394e3503be","isMergeCommit":true,"messageTitle":"Merge pull request #127 from jovkusuma/branch-EnhanceFind","messageBody":"Implement Enhanced Find for subject search","fileTypesAndContributionMap":{}},{"hash":"997556617e0ce9290ffd5d93e9564bb0e11172ca","isMergeCommit":false,"messageTitle":"Minor stylistic change","messageBody":"","fileTypesAndContributionMap":{"functional-code":{"insertions":2,"deletions":2}}},{"hash":"171703fdd5b18bb4119bb301f12122f3ce4682a7","isMergeCommit":false,"messageTitle":"Update UG for RevenueCommand","messageBody":"","fileTypesAndContributionMap":{"docs":{"insertions":24,"deletions":11}}},{"hash":"f73691bea05275adfbad0530b9822b21aef1cae0","isMergeCommit":true,"messageTitle":"Merge pull request #129 from lambraydon/branch-UI","messageBody":"Modify UnPaidAllCommand and UnPaidCommand","fileTypesAndContributionMap":{}},{"hash":"3b47d051edb5b02f78acf18f6be816327c8e539a","isMergeCommit":false,"messageTitle":"Change success msg","messageBody":"","fileTypesAndContributionMap":{"functional-code":{"insertions":1,"deletions":1}}},{"hash":"7f396a036bdf227e47d012d476f6efc6bf25db38","isMergeCommit":true,"messageTitle":"Merge pull request #133 from lambraydon/branch-UG","messageBody":"Modify User Guide","fileTypesAndContributionMap":{}},{"hash":"f9e839b1e4029cf82961e189ea41bf2cdb9e6305","isMergeCommit":false,"messageTitle":"More stylistic changes","messageBody":"","fileTypesAndContributionMap":{"functional-code":{"insertions":3,"deletions":2}}},{"hash":"95c69ba2415c566cbc0021a8fd8e3e2484fd7d2a","isMergeCommit":true,"messageTitle":"Merge pull request #135 from lambraydon/branch-BugFix","messageBody":"Bug Fix: Update help url","fileTypesAndContributionMap":{}},{"hash":"9da9742d4271d7bee728e7866285be30e80ceada","isMergeCommit":true,"messageTitle":"Merge branch \u0027master\u0027 into branch-docs","messageBody":"","fileTypesAndContributionMap":{}}]},{"date":"2023-11-03","commitResults":[{"hash":"a04b2e7931190015f11f7e8461e93293110f40ac","isMergeCommit":true,"messageTitle":"Merge pull request #138 from jovkusuma/branch-UpdateUserGuide","messageBody":"Update Command Summary to include Find","tags":["v1.3.1"],"fileTypesAndContributionMap":{}}]},{"date":"2023-11-07","commitResults":[{"hash":"182e884d00ae92514a2b150a642e6a00a46a1f37","isMergeCommit":false,"messageTitle":"Fix payrate calculateLessonDuration bug","messageBody":"","fileTypesAndContributionMap":{"functional-code":{"insertions":3,"deletions":3},"test-code":{"insertions":1,"deletions":1}}}]},{"date":"2023-11-08","commitResults":[{"hash":"1af7567b24f286183d9f3c1ca7d0b80c0c6ba4c5","isMergeCommit":false,"messageTitle":"Improve code quality and tests","messageBody":"","fileTypesAndContributionMap":{"functional-code":{"insertions":10,"deletions":5},"test-code":{"insertions":17,"deletions":1}}},{"hash":"0872f527f71c554e75031888f5d2c3c7294b6eab","isMergeCommit":false,"messageTitle":"Add checkstyle","messageBody":"","fileTypesAndContributionMap":{"functional-code":{"insertions":3,"deletions":4},"test-code":{"insertions":4,"deletions":2}}}]},{"date":"2023-11-09","commitResults":[{"hash":"3cc9f8f2121dcb477ce483f29e572ac63fd9cfd9","isMergeCommit":true,"messageTitle":"Merge pull request #179 from lambraydon/branch-bugFixes","messageBody":"PE-D Bug Fixes","fileTypesAndContributionMap":{}},{"hash":"4f71a23ed201226d83d0b0dec2308669b3edcf9d","isMergeCommit":false,"messageTitle":"PE-D bug fixes","messageBody":"","fileTypesAndContributionMap":{"docs":{"insertions":11,"deletions":10}}},{"hash":"16a7e474cdc90fdebd24922856087f8ecc93a10d","isMergeCommit":false,"messageTitle":"Update command summary","messageBody":"","fileTypesAndContributionMap":{"docs":{"insertions":19,"deletions":19}}},{"hash":"73c9f45e6b618186e7113ecaa6a3a4a18a02c3a4","isMergeCommit":true,"messageTitle":"Merge pull request #182 from lambraydon/branch-bugFixes","messageBody":"Bug Fix: Modify error message for duplicate tutees","fileTypesAndContributionMap":{}}]},{"date":"2023-11-10","commitResults":[{"hash":"d871ae89a88a28eaee161928947c7d381534848e","isMergeCommit":false,"messageTitle":"Update add command error msg","messageBody":"","fileTypesAndContributionMap":{"functional-code":{"insertions":5,"deletions":0}}},{"hash":"a3246d73bf6c1fbaddd3295428267fb693681eb0","isMergeCommit":true,"messageTitle":"Merge pull request #185 from Heran9/add-info-heran","messageBody":"Edit links in DG","fileTypesAndContributionMap":{}},{"hash":"023ece6d0a01944f2f4f8c940a4feb420b82c6ae","isMergeCommit":true,"messageTitle":"Merge pull request #187 from lambraydon/branch-DG","messageBody":"Modify DG: Update UI Class DIagram","fileTypesAndContributionMap":{}},{"hash":"4d13e6bd041d7a960baaecb66264bdbd5f307a26","isMergeCommit":false,"messageTitle":"Add RevenueSequenceDiagram","messageBody":"","fileTypesAndContributionMap":{"functional-code":{"insertions":1,"deletions":1},"docs":{"insertions":52,"deletions":2}}},{"hash":"c32c5eaaa717380c23992cf089b206cd8b133b58","isMergeCommit":false,"messageTitle":"Fix Checkstyle","messageBody":"","fileTypesAndContributionMap":{"functional-code":{"insertions":1,"deletions":1},"docs":{"insertions":2,"deletions":0}}},{"hash":"a86a28911f3cc0feffb0d763055883f527361575","isMergeCommit":true,"messageTitle":"Merge pull request #188 from lambraydon/branch-DG","messageBody":"Modify DG: Update Delete and Undo Sequence Diagram","fileTypesAndContributionMap":{}}]}],"jovkusuma":[{"date":"2023-10-03","commitResults":[{"hash":"2631263d5867638f2631528190bd7a98e7e04d8a","isMergeCommit":false,"messageTitle":"Update use case in Developer Guide","messageBody":"","fileTypesAndContributionMap":{"docs":{"insertions":20,"deletions":11}}},{"hash":"3fcbaa03ffa82b5b77a133e0f07438426c352fc9","isMergeCommit":true,"messageTitle":"Merge pull request #1 from jovkusuma/branch-DG","messageBody":"Merge \u0027branch-DG\u0027 to master","fileTypesAndContributionMap":{}},{"hash":"95f3571c0259eb9ca3e718c96837e4ebdb5253f1","isMergeCommit":false,"messageTitle":"Update AboutUs","messageBody":"","fileTypesAndContributionMap":{"docs":{"insertions":3,"deletions":3}}},{"hash":"4f075d0f7207fd63a6f30aa9c9ee1efba43ab3c3","isMergeCommit":true,"messageTitle":"Merge pull request #2 from jovkusuma/branch-AboutUs","messageBody":"Merge \u0027branch-AboutUs\u0027 to master","fileTypesAndContributionMap":{}},{"hash":"782678b71a0a5185c8dbd350b059857d1d21dab5","isMergeCommit":true,"messageTitle":"Merge pull request #20 from WinstonLeonard/master","messageBody":"updated AboutUs","fileTypesAndContributionMap":{}}]},{"date":"2023-10-05","commitResults":[{"hash":"87317114c94fdfdbe44bd08da97ccc13677d68a2","isMergeCommit":false,"messageTitle":"Created PPP and updated AboutUs","messageBody":"","fileTypesAndContributionMap":{"docs":{"insertions":33,"deletions":2}}},{"hash":"59543a56b5a08e90e88c021f0ef31f8c3e5a00fe","isMergeCommit":false,"messageTitle":"Inserted a new line at the end of PPP file","messageBody":"","fileTypesAndContributionMap":{"docs":{"insertions":1,"deletions":1}}},{"hash":"d312a993020006855add0680e4326d010a801bb0","isMergeCommit":true,"messageTitle":"Merge pull request #31 from jovkusuma/branch-AboutUs","messageBody":"Created PPP and updated AboutUs","fileTypesAndContributionMap":{}},{"hash":"0ac68573811e1c0a51bede1706e414583e493290","isMergeCommit":false,"messageTitle":"PR to Milestone","messageBody":"","fileTypesAndContributionMap":{"docs":{"insertions":7,"deletions":7}}}]},{"date":"2023-10-06","commitResults":[{"hash":"902bc7ea46f8a3884b4b71dae98705fb952c8f77","isMergeCommit":true,"messageTitle":"Merge pull request #3 from AY2324S1-CS2103T-F10-4/master","messageBody":"Fetch team master to local master","fileTypesAndContributionMap":{}},{"hash":"17faaa262ab8eb99838c66ee23abca3b25a3504f","isMergeCommit":true,"messageTitle":"Merge pull request #47 from lambraydon/branch-Developer-Guide","messageBody":"Modify product scope of DeveloperGuide.md","fileTypesAndContributionMap":{}},{"hash":"d22d45c98c033155a7910fe2402dbff8d4d51a0c","isMergeCommit":true,"messageTitle":"Merge pull request #4 from AY2324S1-CS2103T-F10-4/master","messageBody":"Fetch from team master","fileTypesAndContributionMap":{}},{"hash":"986c2eec06085ac7512690386198a8590fb7e516","isMergeCommit":true,"messageTitle":"Merge pull request #50 from WinstonLeonard/fix-checks","messageBody":"Updated AboutUs.md","fileTypesAndContributionMap":{}},{"hash":"2c3fb53f9343e934f8ff1ba8a8316b7dc035c0c0","isMergeCommit":true,"messageTitle":"Merge pull request #51 from yihfei/update-ug","messageBody":"Remove instance of address book","fileTypesAndContributionMap":{}},{"hash":"df6418c1cdd6f7277a29527295889751484ccf2e","isMergeCommit":true,"messageTitle":"Merge pull request #52 from yihfei/update-dg","messageBody":"Update user stories table","fileTypesAndContributionMap":{}},{"hash":"141b22b0bec485b5f3fd83dc71b9b9c910203edb","isMergeCommit":true,"messageTitle":"Merge branch \u0027AY2324S1-CS2103T-F10-4:master\u0027 into master","messageBody":"","fileTypesAndContributionMap":{}},{"hash":"1e296e75d6c91a059f82db5e3839617efecb78d0","isMergeCommit":true,"messageTitle":"Merge pull request #55 from WinstonLeonard/fix-checks","messageBody":"updated about us","fileTypesAndContributionMap":{}}]},{"date":"2023-10-13","commitResults":[{"hash":"90ae97e663286efad14cedbd4a9c96e0c6db4ec4","isMergeCommit":true,"messageTitle":"Merge pull request #62 from WinstonLeonard/refactor-code","messageBody":"test","fileTypesAndContributionMap":{}},{"hash":"a45a02af3d072b82a787b3f17340c598eccc9034","isMergeCommit":false,"messageTitle":"Comment what to add for better find","messageBody":"","fileTypesAndContributionMap":{"functional-code":{"insertions":1,"deletions":0}}}]},{"date":"2023-10-14","commitResults":[{"hash":"cea93ff7bd4e52dce3acfd5594285e6cc864d946","isMergeCommit":false,"messageTitle":"Implemented partial name search","messageBody":"","fileTypesAndContributionMap":{"functional-code":{"insertions":3,"deletions":3},"other":{"insertions":4,"deletions":4},"test-code":{"insertions":1,"deletions":1}}},{"hash":"22b4ceacbf8a935520b9af1c408e477de41b6143","isMergeCommit":false,"messageTitle":"Changed back the build.gradle file","messageBody":"","fileTypesAndContributionMap":{"other":{"insertions":4,"deletions":4}}},{"hash":"8ad540c0ace6f4036750044467c7b9f6b25466ca","isMergeCommit":false,"messageTitle":"Update JavaDoc to cater for code changes","messageBody":"","fileTypesAndContributionMap":{"functional-code":{"insertions":1,"deletions":1}}}]},{"date":"2023-10-19","commitResults":[{"hash":"84975808bf52e4bddb4fc40ee54d4906661f0591","isMergeCommit":true,"messageTitle":"Merge pull request #73 from WinstonLeonard/fix-test-cases","messageBody":"Fix test cases","fileTypesAndContributionMap":{}}]},{"date":"2023-10-20","commitResults":[{"hash":"7cdfaa392955d3404cc6ba25ee9a501f84504768","isMergeCommit":true,"messageTitle":"Merge pull request #80 from WinstonLeonard/multiple-commands","messageBody":"Fix multiple prefix bug","fileTypesAndContributionMap":{}}]},{"date":"2023-10-21","commitResults":[{"hash":"84c826ec771aeb73d72957a2cccdc3a749337378","isMergeCommit":true,"messageTitle":"Merge pull request #87 from yihfei/AddCommand-fix","messageBody":"Remove unnecessary field in MESSAGE_USAGE string","fileTypesAndContributionMap":{}}]},{"date":"2023-10-23","commitResults":[{"hash":"50b2d65e48b8a298095d64301ac7f33aa3c6dbbb","isMergeCommit":true,"messageTitle":"Merge pull request #88 from yihfei/Implement-PayRate","messageBody":"Implement pay rate","fileTypesAndContributionMap":{}},{"hash":"cd9d84f47f3bffd01c378a172746b7c0e4911109","isMergeCommit":false,"messageTitle":"Remove Tags in various classes","messageBody":"","fileTypesAndContributionMap":{"functional-code":{"insertions":16,"deletions":279}}},{"hash":"82d71ec378c26a570a2dfc10bb4ca2de75055a8e","isMergeCommit":false,"messageTitle":"Remove TagCommand in tests","messageBody":"","fileTypesAndContributionMap":{"test-code":{"insertions":59,"deletions":298}}},{"hash":"cf7d879a19536d261e9b4bef6fae1c5d10138149","isMergeCommit":false,"messageTitle":"Fix Checkstyle after TagCommand deletion","messageBody":"","fileTypesAndContributionMap":{"functional-code":{"insertions":0,"deletions":27},"test-code":{"insertions":6,"deletions":10}}}]},{"date":"2023-10-24","commitResults":[{"hash":"7fed3dedbb4bb51d93f768200e0576eeb3767957","isMergeCommit":false,"messageTitle":"Remove commented test case","messageBody":"","fileTypesAndContributionMap":{"test-code":{"insertions":0,"deletions":8}}}]},{"date":"2023-10-25","commitResults":[{"hash":"df3e81a955ca1099afd6d6cb4f7dbfab9294ddc2","isMergeCommit":true,"messageTitle":"Merge branch \u0027master\u0027 into branch-RemoveTagCommand","messageBody":"","fileTypesAndContributionMap":{}},{"hash":"85a616138d54e85e50628592c961790c48a6c77b","isMergeCommit":false,"messageTitle":"Resolve Conflicts","messageBody":"","fileTypesAndContributionMap":{"functional-code":{"insertions":1,"deletions":5}}},{"hash":"f05d83b46c1bf9a663ad4123cd283602eb66d0d3","isMergeCommit":false,"messageTitle":"Fix Checkstyle","messageBody":"","fileTypesAndContributionMap":{"test-code":{"insertions":2,"deletions":1}}},{"hash":"5363bbe1437b1c9f8fc50039ada4441d49184767","isMergeCommit":false,"messageTitle":"Remove Prefix Tag","messageBody":"","fileTypesAndContributionMap":{"functional-code":{"insertions":1,"deletions":3},"test-code":{"insertions":1,"deletions":1}}}]},{"date":"2023-10-26","commitResults":[{"hash":"6877033a6befe96f0c1b84a8b24b2b35383dda6e","isMergeCommit":false,"messageTitle":"Add use cases for Add and Edit a Tutee","messageBody":"","fileTypesAndContributionMap":{"docs":{"insertions":18,"deletions":2}}},{"hash":"3663283461fb076ca59421affeadd67734c3ea63","isMergeCommit":false,"messageTitle":"Fix position of delete and edit tutee","messageBody":"","fileTypesAndContributionMap":{"docs":{"insertions":9,"deletions":14}}},{"hash":"7db2b21c800795289ee2bcf4935521e3a9df0c4e","isMergeCommit":false,"messageTitle":"Fix code spacing of DG","messageBody":"","fileTypesAndContributionMap":{"docs":{"insertions":1,"deletions":0}}}]},{"date":"2023-10-27","commitResults":[{"hash":"a171ae8f40eae84c84c7247321a520759ec687d9","isMergeCommit":true,"messageTitle":"Merge pull request #102 from jovkusuma/branch-UpdateDG","messageBody":"Update DG Use cases","fileTypesAndContributionMap":{}},{"hash":"0005c0b4b5e9498ada00982bd2debb4224fcf336","isMergeCommit":false,"messageTitle":"Fix Begin after End bug in Add","messageBody":"","fileTypesAndContributionMap":{"functional-code":{"insertions":14,"deletions":0}}},{"hash":"9f0d15beb7cc43ed04976637a934e5d001783165","isMergeCommit":false,"messageTitle":"Fix Begin After End Bug in Edit","messageBody":"","fileTypesAndContributionMap":{"functional-code":{"insertions":19,"deletions":1}}},{"hash":"16e37767737c74306879ae76049d2c35920b612b","isMergeCommit":false,"messageTitle":"Move logic to AddCommand instead of its parser","messageBody":"","fileTypesAndContributionMap":{"functional-code":{"insertions":7,"deletions":6}}},{"hash":"d197f06bf8c56e99db16c6b7d7b6712fb17828ad","isMergeCommit":false,"messageTitle":"Add test cases for AddCommand","messageBody":"","fileTypesAndContributionMap":{"test-code":{"insertions":30,"deletions":0}}}]},{"date":"2023-10-28","commitResults":[{"hash":"cee079e39b4ccfc25179406a909591b2469be585","isMergeCommit":false,"messageTitle":"Add test cases","messageBody":"","fileTypesAndContributionMap":{"functional-code":{"insertions":0,"deletions":1},"test-code":{"insertions":29,"deletions":0}}},{"hash":"f4f858663d436cdc9c23cbb11e14947042c21670","isMergeCommit":false,"messageTitle":"Fix checkstyle in main and in test","messageBody":"","fileTypesAndContributionMap":{"functional-code":{"insertions":4,"deletions":7},"test-code":{"insertions":3,"deletions":3}}},{"hash":"5997438965debfa5b2527ad28bc6a6a2726b03fe","isMergeCommit":true,"messageTitle":"Merge pull request #111 from jovkusuma/branch-FixTimeBug","messageBody":"Fix time bug where begin is after the end time","fileTypesAndContributionMap":{}},{"hash":"6a99dd862db47b9a86c71e3c6a37c49b767b9e04","isMergeCommit":false,"messageTitle":"Enhance find to allow search of subjects","messageBody":"","fileTypesAndContributionMap":{"functional-code":{"insertions":4,"deletions":0}}}]},{"date":"2023-10-29","commitResults":[{"hash":"f3ebe31a4ebb16ba3b2686e8b0495e09cf9beb9d","isMergeCommit":false,"messageTitle":"Implement enhanced find to be able to search for subjects","messageBody":"","fileTypesAndContributionMap":{"functional-code":{"insertions":137,"deletions":14}}},{"hash":"855b064a7c254fcad4b8f908156694511eebcf89","isMergeCommit":false,"messageTitle":"Fix checkstyle in Main","messageBody":"","fileTypesAndContributionMap":{"functional-code":{"insertions":18,"deletions":8}}},{"hash":"c99369e4e302ab597b92dcb36474f36c6ef40522","isMergeCommit":false,"messageTitle":"Fix count of filtered tutees","messageBody":"","fileTypesAndContributionMap":{"functional-code":{"insertions":1,"deletions":9}}}]},{"date":"2023-11-02","commitResults":[{"hash":"4dc2025d7910302e09f831656fcb92d75067cd67","isMergeCommit":false,"messageTitle":"Fix Implementation and Test cases for Find","messageBody":"","fileTypesAndContributionMap":{"functional-code":{"insertions":22,"deletions":9},"test-code":{"insertions":152,"deletions":29}}},{"hash":"d30d68f37e5f650f0edc2f6493ddd8abfbc459ae","isMergeCommit":true,"messageTitle":"Fix merge conflict","messageBody":"","fileTypesAndContributionMap":{}},{"hash":"824878a690566400d1090ff78f353e506af4aa13","isMergeCommit":false,"messageTitle":"Fix minor changes","messageBody":"","fileTypesAndContributionMap":{"functional-code":{"insertions":0,"deletions":7},"test-code":{"insertions":0,"deletions":4}}},{"hash":"e833729309ca27aa5d1e9729821e7d018911856b","isMergeCommit":false,"messageTitle":"Fix Checkstyle in both Main and Test","messageBody":"","fileTypesAndContributionMap":{"functional-code":{"insertions":3,"deletions":2},"test-code":{"insertions":18,"deletions":17}}},{"hash":"af27819995ef044109fd69c14aa610007fb44a06","isMergeCommit":true,"messageTitle":"Merge pull request #124 from yihfei/branch-ui","messageBody":"Enhance UI: modify subject and paid to tags","fileTypesAndContributionMap":{}},{"hash":"eb408b7d16bab673cebe7fde7ab39b48e6bb4c9e","isMergeCommit":true,"messageTitle":"Merge pull request #128 from lambraydon/branch-UI","messageBody":"Modify addressbook.json to tuitionconnect.json","fileTypesAndContributionMap":{}},{"hash":"7fdcd5883978c649d6fca0e7b10a23de3038ece2","isMergeCommit":true,"messageTitle":"Merge pull request #132 from Heran9/add-info-heran","messageBody":"update UG","fileTypesAndContributionMap":{}},{"hash":"8dd2229c56fa7c91e8d268f5b7cb9ec69cc5da26","isMergeCommit":false,"messageTitle":"Update user guide","messageBody":"","fileTypesAndContributionMap":{"docs":{"insertions":32,"deletions":0}}},{"hash":"d4e05a209ff27dafea60757326ed280045f318eb","isMergeCommit":false,"messageTitle":"Update user guide","messageBody":"","fileTypesAndContributionMap":{"docs":{"insertions":2,"deletions":0}}},{"hash":"cfd78f9a8e1bee98f5dbbcee21f83092724e9135","isMergeCommit":true,"messageTitle":"Merge branch \u0027master\u0027 into branch-UpdateUserGuide","messageBody":"","fileTypesAndContributionMap":{}}]},{"date":"2023-11-03","commitResults":[{"hash":"b6ef97b79f5ecc494e2dc6a9fb86e4ff0a7b72a6","isMergeCommit":false,"messageTitle":"Update Command Summary to include Find","messageBody":"","fileTypesAndContributionMap":{"docs":{"insertions":1,"deletions":1}}}]},{"date":"2023-11-08","commitResults":[{"hash":"761d06df799b2b94e7f6188045bd9f76548f65c2","isMergeCommit":false,"messageTitle":"Fix Find Command Format in User Guide","messageBody":"","fileTypesAndContributionMap":{"docs":{"insertions":1,"deletions":1}}}]},{"date":"2023-11-09","commitResults":[{"hash":"0691ed318ff108ad12b0bd55cfca465a1be33fdf","isMergeCommit":false,"messageTitle":"Add additional invalid inputs","messageBody":"","fileTypesAndContributionMap":{"docs":{"insertions":4,"deletions":0}}},{"hash":"cfbf82694e2faab32c0b32d7d27ba9317f33e42d","isMergeCommit":true,"messageTitle":"Merge team master to branch","messageBody":"","fileTypesAndContributionMap":{}},{"hash":"b6fdcbf0af3ae6beaf627b1d271f40c36f2cb9f9","isMergeCommit":false,"messageTitle":"Add warnings to Find Command","messageBody":"","fileTypesAndContributionMap":{"docs":{"insertions":12,"deletions":4}}}]}],"lambraydon":[{"date":"2023-10-04","commitResults":[{"hash":"d3d3151f6280e3f3b5dcbf5579043640c430cedd","isMergeCommit":false,"messageTitle":"Add NFRs to DG","messageBody":"","fileTypesAndContributionMap":{"docs":{"insertions":17,"deletions":4}}}]},{"date":"2023-10-05","commitResults":[{"hash":"9855d4a0039f42a59f8527f11237444d5c7d1901","isMergeCommit":false,"messageTitle":"Modify AboutUs","messageBody":"","fileTypesAndContributionMap":{"docs":{"insertions":3,"deletions":3}}},{"hash":"0931de58962f1c7d6a830430842be4c3dab4f50c","isMergeCommit":false,"messageTitle":"Modify braydon.png to adhere to naming convention","messageBody":"","fileTypesAndContributionMap":{"docs":{"insertions":1,"deletions":1}}},{"hash":"7d71b05113e8e4d3520b949373c2e17fb7c90b17","isMergeCommit":true,"messageTitle":"Merge branch \u0027master\u0027 into branch-AboutUs","messageBody":"","fileTypesAndContributionMap":{}},{"hash":"47e50fed1a06ae6e39791efc08b178b29b809a48","isMergeCommit":true,"messageTitle":"Merge pull request #29 from yihfei/Update-readme","messageBody":"Update readme","fileTypesAndContributionMap":{}},{"hash":"e54b9d96112b510d21b0b78e79657c8e6d6a5deb","isMergeCommit":false,"messageTitle":"Modify AboutUs","messageBody":"","fileTypesAndContributionMap":{"docs":{"insertions":1,"deletions":1}}},{"hash":"ac409d7f5b71e37f1ebbbaee7c6ffa5e2eca0a82","isMergeCommit":false,"messageTitle":"Add PPP","messageBody":"","fileTypesAndContributionMap":{"docs":{"insertions":0,"deletions":0}}},{"hash":"2a4525649563ffb996edd62e4886c8257372ad5b","isMergeCommit":false,"messageTitle":"Add lambraydon.md","messageBody":"","fileTypesAndContributionMap":{"docs":{"insertions":31,"deletions":0}}}]},{"date":"2023-10-06","commitResults":[{"hash":"226fe67dd318ace8d256f42f1fe748370df0c6e6","isMergeCommit":false,"messageTitle":"Modify product scopr of DeveloperGuide.md","messageBody":"","fileTypesAndContributionMap":{"docs":{"insertions":5,"deletions":3}}},{"hash":"b127e694ae6f938e43d9228ee9573e9f61d9db7d","isMergeCommit":true,"messageTitle":"Merge pull request #42 from WinstonLeonard/fix-checks","messageBody":"Fix checks","fileTypesAndContributionMap":{}},{"hash":"bcf8cf33189a2cc506cbdcfeb0464664c3406234","isMergeCommit":true,"messageTitle":"Merge pull request #49 from yihfei/update-ug","messageBody":"Update ug","fileTypesAndContributionMap":{}}]},{"date":"2023-10-13","commitResults":[{"hash":"1d0932442e3a60c804088c22f48e65b08073a6df","isMergeCommit":true,"messageTitle":"Merge pull request #64 from yihfei/update-gui","messageBody":"Comment purpose of MainApp","fileTypesAndContributionMap":{}},{"hash":"d366f5d57efcbc4046302556823da1d543ae8f5c","isMergeCommit":false,"messageTitle":"Add ListByDay.java","messageBody":"","fileTypesAndContributionMap":{"functional-code":{"insertions":4,"deletions":0}}},{"hash":"8b781b02d5fb8d6821c5a9808f0cc4d9a52143f6","isMergeCommit":false,"messageTitle":"Modify ListByCommand.java","messageBody":"","fileTypesAndContributionMap":{"other":{"insertions":0,"deletions":0}}},{"hash":"04a22ad4f3572af0cab42c9aed7d15cbffd8017e","isMergeCommit":false,"messageTitle":"Modify ListByCommand.java","messageBody":"","fileTypesAndContributionMap":{"functional-code":{"insertions":4,"deletions":2}}}]},{"date":"2023-10-17","commitResults":[{"hash":"020a9dcab2ed83d1da740d8134387d7bbb51440c","isMergeCommit":false,"messageTitle":"Add Day field to Person","messageBody":"","fileTypesAndContributionMap":{"functional-code":{"insertions":55,"deletions":0}}},{"hash":"dab083860f38de1bafaa1e7daf4157b02ac4cab1","isMergeCommit":false,"messageTitle":"Add Day field to Person","messageBody":"","fileTypesAndContributionMap":{"functional-code":{"insertions":108,"deletions":52},"test-code":{"insertions":26,"deletions":13}}},{"hash":"22c232711b85f79403d5df5225fb1e26da6b97ea","isMergeCommit":false,"messageTitle":"Add ListByDayCommand","messageBody":"","fileTypesAndContributionMap":{"functional-code":{"insertions":134,"deletions":9},"test-code":{"insertions":9,"deletions":9}}}]},{"date":"2023-10-18","commitResults":[{"hash":"9acca57e9a6ad813d4f0a4e40dcf1a3895460295","isMergeCommit":false,"messageTitle":"Add ListByDayCommandTest","messageBody":"","fileTypesAndContributionMap":{"functional-code":{"insertions":69,"deletions":27},"test-code":{"insertions":191,"deletions":43}}},{"hash":"0e20d588f48290b1c3eb60b191c0ade3a480429a","isMergeCommit":false,"messageTitle":"Modify ListByDayCommandTest.java","messageBody":"","fileTypesAndContributionMap":{"functional-code":{"insertions":0,"deletions":1},"other":{"insertions":1,"deletions":1},"test-code":{"insertions":1,"deletions":1}}},{"hash":"5abcc4671f0e1238cca4af79048be881affc216b","isMergeCommit":true,"messageTitle":"Merge pull request #71 from yihfei/update-gui","messageBody":"Update gui","fileTypesAndContributionMap":{}},{"hash":"7a9bbef523c90eadf2ac620820599bc273a1b987","isMergeCommit":true,"messageTitle":"Merge pull request #72 from WinstonLeonard/refactor-code","messageBody":"Refactor code","fileTypesAndContributionMap":{}}]},{"date":"2023-10-19","commitResults":[{"hash":"d9e11e5000154ab58cab63e7d1ebe1a56c78fcd8","isMergeCommit":true,"messageTitle":"Merge pull request #76 from yihfei/fix-emptycommand","messageBody":"Fix emptycommand","fileTypesAndContributionMap":{}}]},{"date":"2023-10-24","commitResults":[{"hash":"5c70a8e6a6bdde22f6703cda769aa956d65d24ad","isMergeCommit":false,"messageTitle":"Modify Day.java: Store value as DayOfWeek","messageBody":"Current implementation of Day stores the value as a String.\n\nDifferent string representations of the same day causes two day objects to be different under the equals method.\n\nLet\u0027s,\n* store value as a DayOfWeek object\n* update test cases to new format\n","fileTypesAndContributionMap":{"functional-code":{"insertions":59,"deletions":27},"test-code":{"insertions":6,"deletions":6}}},{"hash":"27592d74f0f6e6b622d51fe6a44cfc91ea8b6eb7","isMergeCommit":false,"messageTitle":"Add SchduleList in Model","messageBody":"","fileTypesAndContributionMap":{"functional-code":{"insertions":30,"deletions":2},"test-code":{"insertions":4,"deletions":0}}},{"hash":"181bbe28d5ef3df10d35a8392f18aa140e5c1cb3","isMergeCommit":false,"messageTitle":"Add Lesson.java to encapsulate date fields","messageBody":"","fileTypesAndContributionMap":{"functional-code":{"insertions":121,"deletions":20},"test-code":{"insertions":1,"deletions":1}}},{"hash":"687aea166f64e73b027a505d700bf5234a054749","isMergeCommit":false,"messageTitle":"Add LessonComparator.java","messageBody":"","fileTypesAndContributionMap":{"functional-code":{"insertions":32,"deletions":14}}},{"hash":"36b6ff4ca6a4876aa76f6fb909fb5cffa27a6015","isMergeCommit":false,"messageTitle":"Modify files to adhere to codeStyle","messageBody":"","fileTypesAndContributionMap":{"functional-code":{"insertions":10,"deletions":9}}}]},{"date":"2023-10-25","commitResults":[{"hash":"e6b6aa3d90428f109a3edbba28c8610447476ba3","isMergeCommit":true,"messageTitle":"Merge pull request #90 from jovkusuma/branch-RemoveTagCommand","messageBody":"Remove TagCommand","fileTypesAndContributionMap":{}}]},{"date":"2023-10-26","commitResults":[{"hash":"886cfcd92ceffa2da26f3ef5eba4ad30e7dd01df","isMergeCommit":true,"messageTitle":"Merge pull request #94 from yihfei/branch-JAR","messageBody":"Update version number","tags":["v1.3"],"fileTypesAndContributionMap":{}},{"hash":"e3f4167aee0660834ed70f95f74233ac20b64ccc","isMergeCommit":false,"messageTitle":"Modify DG: Add ListByDayCommand implementation","messageBody":"","fileTypesAndContributionMap":{"functional-code":{"insertions":0,"deletions":40},"docs":{"insertions":166,"deletions":84}}},{"hash":"09aada538895a2a57185723463842ca601c1ab7b","isMergeCommit":false,"messageTitle":"Modify DG: Add ListByDayCommand implementation","messageBody":"","fileTypesAndContributionMap":{"docs":{"insertions":23,"deletions":7}}},{"hash":"5cbf2aca69d5a398b52647f7a72db8cca637b836","isMergeCommit":true,"messageTitle":"Merge pull request #96 from yihfei/branch-DG","messageBody":"update DG","fileTypesAndContributionMap":{}},{"hash":"af3e28ce4f0e21a615b604215e49f3010a2e44d9","isMergeCommit":false,"messageTitle":"Modify UG: Add ListByDay feature","messageBody":"","fileTypesAndContributionMap":{"docs":{"insertions":14,"deletions":5}}}]},{"date":"2023-10-29","commitResults":[{"hash":"ddc589e9c2c35db1ab2ffcb49cfb39af4a8c4c63","isMergeCommit":false,"messageTitle":"Add VersionedAddressBook.java","messageBody":"","fileTypesAndContributionMap":{"functional-code":{"insertions":132,"deletions":4},"test-code":{"insertions":231,"deletions":0}}},{"hash":"d708638116b17f5ac175a6d646419f5547d982bb","isMergeCommit":false,"messageTitle":"Modify ModelManager.java: Replace AddressBook with VersionedAddressBook","messageBody":"","fileTypesAndContributionMap":{"functional-code":{"insertions":76,"deletions":92},"test-code":{"insertions":96,"deletions":30}}}]},{"date":"2023-10-30","commitResults":[{"hash":"72bb9caf9fd9a908e6e77eb443bba7d8da2f3014","isMergeCommit":false,"messageTitle":"Modify VersionedAddressBook.java: Add purge method","messageBody":"","fileTypesAndContributionMap":{"functional-code":{"insertions":17,"deletions":5},"test-code":{"insertions":44,"deletions":7}}},{"hash":"22c7c52051fd0f9ef6c97418d6f0178679864eee","isMergeCommit":false,"messageTitle":"Add UndoCommand.java","messageBody":"","fileTypesAndContributionMap":{"functional-code":{"insertions":56,"deletions":2}}},{"hash":"dc4c1075eb5a8dfffe511572d354a225423d05fa","isMergeCommit":false,"messageTitle":"Add RedoCommand.java","messageBody":"","fileTypesAndContributionMap":{"functional-code":{"insertions":37,"deletions":2},"test-code":{"insertions":82,"deletions":0}}},{"hash":"d0f576a2b25e702de7095413b12d101c1a930614","isMergeCommit":false,"messageTitle":"Modify VersionedAddressBook.java: Add JavaDoc","messageBody":"","fileTypesAndContributionMap":{"functional-code":{"insertions":24,"deletions":1},"test-code":{"insertions":9,"deletions":9}}},{"hash":"97f828dc376cae034d5a9a0562b869698e3c6b48","isMergeCommit":true,"messageTitle":"Merge branch \u0027master\u0027 into branch-undo-redo","messageBody":"","fileTypesAndContributionMap":{}},{"hash":"e51c5d67889c702fdd7fc390c072c765a3f43d77","isMergeCommit":false,"messageTitle":"Modify AddCommandTest.java","messageBody":"","fileTypesAndContributionMap":{"test-code":{"insertions":6,"deletions":0}}},{"hash":"4de74fd0c920eb008c19e68d4d49e1c024446258","isMergeCommit":true,"messageTitle":"Merge pull request #114 from yihfei/Implement-PayRate","messageBody":"Modify pay rate to have double type value","fileTypesAndContributionMap":{}}]},{"date":"2023-10-31","commitResults":[{"hash":"088595e1a222744f14c52bded1da6966a0fba33e","isMergeCommit":true,"messageTitle":"Merge pull request #115 from yihfei/branch-schedulelistpanel","messageBody":"Modify ScheduleListPanel: display current day schedule","fileTypesAndContributionMap":{}}]},{"date":"2023-11-01","commitResults":[{"hash":"c48e8a0f16afdba60d34a82d1cd9742abde57d2d","isMergeCommit":false,"messageTitle":"Modify UI: Add rounded corners for PersonCard and SchduleCard","messageBody":"","fileTypesAndContributionMap":{"functional-code":{"insertions":18,"deletions":14}}},{"hash":"01a70b5c5a14c852f76f8826b69f81d7a4006743","isMergeCommit":true,"messageTitle":"Merge pull request #118 from yihfei/branch-ui","messageBody":"Branch UI","fileTypesAndContributionMap":{}}]},{"date":"2023-11-02","commitResults":[{"hash":"2fd71c849f3f08a2789bc5918a6de3edbd073f2f","isMergeCommit":false,"messageTitle":"Modify UniquePersonList.java","messageBody":"","fileTypesAndContributionMap":{"functional-code":{"insertions":7,"deletions":1},"test-code":{"insertions":7,"deletions":2}}},{"hash":"3d5317880bfb961c8812d096b0eb40b44c0c35a4","isMergeCommit":false,"messageTitle":"Modify addressbook.json to tuitionconnect.json","messageBody":"","fileTypesAndContributionMap":{"functional-code":{"insertions":1,"deletions":1},"test-code":{"insertions":2,"deletions":2}}},{"hash":"1313e35a1838d50b3e3c76209fdafcb19826dbc7","isMergeCommit":false,"messageTitle":"Modify UnPaidAllCommand and UnPaidCommand","messageBody":"","fileTypesAndContributionMap":{"functional-code":{"insertions":8,"deletions":0}}},{"hash":"ec69aa74ba176f10ced896a2ffc36e97fc2498a2","isMergeCommit":false,"messageTitle":"Modify User Guide","messageBody":"","fileTypesAndContributionMap":{"docs":{"insertions":42,"deletions":9}}},{"hash":"c4a4154f801883a8ba1e1fd604f45f60288bf411","isMergeCommit":true,"messageTitle":"Merge pull request #130 from yihfei/branch-ui","messageBody":"Minor stylistic change","fileTypesAndContributionMap":{}},{"hash":"e83c21a18f5ff797e7d21a6dc6bc66dcfb6fee4f","isMergeCommit":true,"messageTitle":"Merge pull request #131 from yihfei/branch-docs","messageBody":"Update UG for RevenueCommand","fileTypesAndContributionMap":{}},{"hash":"969b1689f05d12640940b1f988696e2aa40bb04f","isMergeCommit":true,"messageTitle":"Merge branch \u0027master\u0027 into branch-UG","messageBody":"","fileTypesAndContributionMap":{}},{"hash":"fc5db2bc1b4a62d317fce1725cec57d65b905ebc","isMergeCommit":false,"messageTitle":"Bug Fix: Update help url","messageBody":"","fileTypesAndContributionMap":{"functional-code":{"insertions":3,"deletions":3}}},{"hash":"d9b38b41600b8d8983675292282849ee865fa91b","isMergeCommit":true,"messageTitle":"Merge pull request #134 from yihfei/branch-ui","messageBody":"More stylistic changes","fileTypesAndContributionMap":{}}]},{"date":"2023-11-03","commitResults":[{"hash":"c250a95e04e40fcc6a4f9513d277ac02abddd403","isMergeCommit":false,"messageTitle":"Modify UG: Add exit and help commands","messageBody":"","fileTypesAndContributionMap":{"docs":{"insertions":85,"deletions":11}}}]},{"date":"2023-11-08","commitResults":[{"hash":"925fb37f0750c5e604fcba43be7fcc33f56898d8","isMergeCommit":true,"messageTitle":"Merge pull request #177 from yihfei/Implement-PayRate","messageBody":"Fix RevenueCommand bug","fileTypesAndContributionMap":{}},{"hash":"c3f76dae0f58f2dc3d22d12ee903cb3502b82ddb","isMergeCommit":false,"messageTitle":"Bug Fix: Add Clear command to UG","messageBody":"","fileTypesAndContributionMap":{"functional-code":{"insertions":1,"deletions":1},"docs":{"insertions":21,"deletions":33}}},{"hash":"88cde2a8cfb735ce48e857b3b8c977ebe0999dd7","isMergeCommit":false,"messageTitle":"Bug Fix: Modify error message for delete command in UG","messageBody":"","fileTypesAndContributionMap":{"docs":{"insertions":1,"deletions":1}}},{"hash":"c92ae3d8962fe5463e241a97d9b2e8bf5eab8129","isMergeCommit":false,"messageTitle":"Bug Fix: Add Table of Contents","messageBody":"","fileTypesAndContributionMap":{"docs":{"insertions":29,"deletions":2}}},{"hash":"3316d0d9816baca3c82ddb703391c5b02b8712d0","isMergeCommit":false,"messageTitle":"Modify UG: Add Known Issues","messageBody":"","fileTypesAndContributionMap":{"docs":{"insertions":1,"deletions":4}}}]},{"date":"2023-11-09","commitResults":[{"hash":"50df2fd2e46b0bce3975e08454663663917bf515","isMergeCommit":true,"messageTitle":"Merge pull request #180 from yihfei/branch-docs","messageBody":"Fix docs bugs","fileTypesAndContributionMap":{}},{"hash":"64ec885892b67bfc1910e222c31cc2d2cb9361a3","isMergeCommit":true,"messageTitle":"Merge pull request #176 from Heran9/add-info-heran","messageBody":"Add PPP and fix PE-D bugs","fileTypesAndContributionMap":{}},{"hash":"aaf320206bae9dab75b8bfa6a8a664fcb68f7f79","isMergeCommit":false,"messageTitle":"Bug Fix: Modify error message for duplicate tutees","messageBody":"","fileTypesAndContributionMap":{"functional-code":{"insertions":2,"deletions":2}}},{"hash":"5b96ac7392cf4bcef41e3605fe6b5827b163883a","isMergeCommit":true,"messageTitle":"Merge branch \u0027master\u0027 into branch-bugFixes","messageBody":"","fileTypesAndContributionMap":{}}]},{"date":"2023-11-10","commitResults":[{"hash":"d684ab532060487260299a5b51eb09c5bfff5e5d","isMergeCommit":true,"messageTitle":"Merge branch \u0027master\u0027 into branch-DG","messageBody":"","fileTypesAndContributionMap":{}},{"hash":"0834681752155911acfebeff96c1d581f8744e58","isMergeCommit":false,"messageTitle":"Modify DG: Modify UI Class Diagram","messageBody":"","fileTypesAndContributionMap":{"docs":{"insertions":9,"deletions":2}}},{"hash":"95588a5fd865990db304c9a6eee6287a86ce8003","isMergeCommit":true,"messageTitle":"Merge pull request #184 from yihfei/branch-docs","messageBody":"Update add command error msg","fileTypesAndContributionMap":{}},{"hash":"580f8fb1e8744aa4524f32a9ec45ef26dd3160e1","isMergeCommit":true,"messageTitle":"Merge branch \u0027master\u0027 into branch-DG","messageBody":"","fileTypesAndContributionMap":{}},{"hash":"b0ed4b8ad8f892e2032da6f00f5dcc3682f53f5a","isMergeCommit":false,"messageTitle":"Modify DG: Update Delete and Undo Sequence Diagram","messageBody":"","fileTypesAndContributionMap":{"docs":{"insertions":16,"deletions":0}}},{"hash":"119a9a84d14dc3285c9801f89fc868845c89c71e","isMergeCommit":true,"messageTitle":"Merge pull request #189 from yihfei/branch-docs","messageBody":"Add sequence diagram for RevenueCommand","fileTypesAndContributionMap":{}}]}],"WinstonLeonard":[{"date":"2023-10-03","commitResults":[{"hash":"e1ec0ad6bf9368a8db61e0d260d4c90312371ddd","isMergeCommit":false,"messageTitle":"added UC03","messageBody":"","fileTypesAndContributionMap":{"docs":{"insertions":8,"deletions":11}}},{"hash":"f0a6224390a839d5ceb42a9c16e4f460fb56c98b","isMergeCommit":true,"messageTitle":"Merge pull request #1 from WinstonLeonard/use-cases","messageBody":"added UC03","fileTypesAndContributionMap":{}},{"hash":"43bf5f4d25ebf7b6a963616ba2c94a39a708c3ba","isMergeCommit":true,"messageTitle":"Merge pull request #18 from jovkusuma/master","messageBody":"Merge local repo master to team repo","fileTypesAndContributionMap":{}},{"hash":"083c0449946fa854b261cecf213281c50c91bee2","isMergeCommit":true,"messageTitle":"Merge branch \u0027master\u0027 into master","messageBody":"","fileTypesAndContributionMap":{}},{"hash":"09c9b529faa96ba34237bd2b6707d1c80439bd5e","isMergeCommit":true,"messageTitle":"Merge pull request #17 from WinstonLeonard/master","messageBody":"Resolved conflict between UC01, UC02, UC03","fileTypesAndContributionMap":{}},{"hash":"857868cd13ae522e28ab7b3d15890ebd2671f4fd","isMergeCommit":false,"messageTitle":"changed About Us","messageBody":"","fileTypesAndContributionMap":{"docs":{"insertions":1,"deletions":1}}},{"hash":"28b8da64718802fd5fb65787b989a335fc13aaa4","isMergeCommit":true,"messageTitle":"Merge pull request #19 from jovkusuma/master","messageBody":"Update AboutUs","fileTypesAndContributionMap":{}},{"hash":"5448d65f061867b32fccb9fe14e5feb53ded7453","isMergeCommit":true,"messageTitle":"Merge pull request #2 from WinstonLeonard/use-cases","messageBody":"changed About Us","fileTypesAndContributionMap":{}}]},{"date":"2023-10-05","commitResults":[{"hash":"2ccc7882639368e29d9e51a4a72f238bb26d139e","isMergeCommit":false,"messageTitle":"added image and skeletal PPP","messageBody":"","fileTypesAndContributionMap":{"docs":{"insertions":41,"deletions":2}}},{"hash":"d0099d59680c9a60f78267392cb2b26c4c36c795","isMergeCommit":true,"messageTitle":"Merge pull request #40 from WinstonLeonard/branch-AboutUs","messageBody":"added image and skeletal PPP","fileTypesAndContributionMap":{}}]},{"date":"2023-10-06","commitResults":[{"hash":"9e9f496dd1014feb579721950a6bd9cd1e2de1ee","isMergeCommit":true,"messageTitle":"Merge pull request #3 from AY2324S1-CS2103T-F10-4/master","messageBody":"Pull from team repo","fileTypesAndContributionMap":{}},{"hash":"4e7658c4b013bcc991111c047ebcb7a8955994f3","isMergeCommit":false,"messageTitle":"fixed naming and trailing white space","messageBody":"","fileTypesAndContributionMap":{"docs":{"insertions":5,"deletions":5}}},{"hash":"cd5aeac732ccc1701264efd68092d233910e69a5","isMergeCommit":true,"messageTitle":"Merge pull request #46 from jovkusuma/branch-AboutUs","messageBody":"Add Photo to AboutUs","fileTypesAndContributionMap":{}},{"hash":"2e1ccab078301d4caab947a935cb2be3d71fcfa9","isMergeCommit":false,"messageTitle":"Updated AboutUs.md","messageBody":"","fileTypesAndContributionMap":{"docs":{"insertions":1,"deletions":1}}},{"hash":"9ebcc3e3b68e92658eed80cf49263d55a72fe3b9","isMergeCommit":false,"messageTitle":"fix naming","messageBody":"","fileTypesAndContributionMap":{"docs":{"insertions":0,"deletions":0}}},{"hash":"7316ba36429e56de643b255441e5d2ec80c0d048","isMergeCommit":false,"messageTitle":"fix naming","messageBody":"","fileTypesAndContributionMap":{"docs":{"insertions":0,"deletions":0}}},{"hash":"8b2b03afc150dc8ed30791fd1948f92bec4fd38a","isMergeCommit":true,"messageTitle":"Merge pull request #54 from WinstonLeonard/fix-checks","messageBody":"Fix checks","fileTypesAndContributionMap":{}},{"hash":"ac561f2a16bd0f20a3e87171e921599d2b304f20","isMergeCommit":false,"messageTitle":"updated about us","messageBody":"","fileTypesAndContributionMap":{"docs":{"insertions":1,"deletions":1}}}]},{"date":"2023-10-13","commitResults":[{"hash":"3ed26645e16317fd4b2f25753a664402b1edc225","isMergeCommit":true,"messageTitle":"Merge pull request #4 from AY2324S1-CS2103T-F10-4/master","messageBody":"Pull request from team repo","fileTypesAndContributionMap":{}},{"hash":"fb69308c6176f8b9141c451951f95b1b3c7d9a2b","isMergeCommit":false,"messageTitle":"test","messageBody":"","fileTypesAndContributionMap":{"functional-code":{"insertions":1,"deletions":0}}},{"hash":"208d13e031a67d93570f6ecaef40bb7906fc926e","isMergeCommit":true,"messageTitle":"Merge pull request #63 from jovkusuma/branch-BetterFind","messageBody":"Comment what to add for better find","fileTypesAndContributionMap":{}}]},{"date":"2023-10-15","commitResults":[{"hash":"03d9df8f0db74c8cfb1662a6e9959b4078e85bf8","isMergeCommit":true,"messageTitle":"Merge pull request #68 from jovkusuma/branch-BetterFind","messageBody":"Implement Better Find","fileTypesAndContributionMap":{}}]},{"date":"2023-10-17","commitResults":[{"hash":"df9fd3a2db2b329be01cac8cb6b629916a0230fb","isMergeCommit":false,"messageTitle":"added Subject field","messageBody":"","fileTypesAndContributionMap":{"functional-code":{"insertions":69,"deletions":0}}},{"hash":"0afb1a6093f476b96a496e90973f3f5b8cffe5fb","isMergeCommit":false,"messageTitle":"refactored add command","messageBody":"","fileTypesAndContributionMap":{"functional-code":{"insertions":271,"deletions":10}}},{"hash":"e898eb59624a163741f1c75caae0536bdd0aaaf7","isMergeCommit":false,"messageTitle":"refactored editCommand and SampleData","messageBody":"","fileTypesAndContributionMap":{"functional-code":{"insertions":72,"deletions":7}}}]},{"date":"2023-10-18","commitResults":[{"hash":"86e2cfc67ea9aec53b4a21f10c981d3fcd01f377","isMergeCommit":false,"messageTitle":"refactored add","messageBody":"- invalid inputs\n","fileTypesAndContributionMap":{"functional-code":{"insertions":68,"deletions":3},"test-code":{"insertions":258,"deletions":29}}},{"hash":"7bbaa541839f7c1dd58957994a844973e316c36f","isMergeCommit":false,"messageTitle":"Fixed bug for missing subject, day, begin, end","messageBody":"","fileTypesAndContributionMap":{"functional-code":{"insertions":7,"deletions":6}}},{"hash":"985682f9e85ae6fb2a8dcd9612df28121bf41cf2","isMergeCommit":false,"messageTitle":"refactored edit command","messageBody":"","fileTypesAndContributionMap":{"functional-code":{"insertions":27,"deletions":8}}},{"hash":"a749b6ae33f2aff4775ea38e79743f1e894bae35","isMergeCommit":true,"messageTitle":"Merge branch \u0027master\u0027 into refactor-code","messageBody":"","fileTypesAndContributionMap":{}}]},{"date":"2023-10-19","commitResults":[{"hash":"ff75930f4a9b8320965c8664bccd3150440582cc","isMergeCommit":true,"messageTitle":"Merge pull request #5 from AY2324S1-CS2103T-F10-4/master","messageBody":"fix test cases","fileTypesAndContributionMap":{}},{"hash":"57c72eaa4c5f5bd8cae1173094c5513891a2c768","isMergeCommit":false,"messageTitle":"Fix test cases","messageBody":"","fileTypesAndContributionMap":{"functional-code":{"insertions":62,"deletions":75},"test-code":{"insertions":66,"deletions":62}}},{"hash":"09400bb0a667e787d59980ff85925794d0d61fdd","isMergeCommit":false,"messageTitle":"Fix checkstyle","messageBody":"","fileTypesAndContributionMap":{"test-code":{"insertions":72,"deletions":14}}}]},{"date":"2023-10-20","commitResults":[{"hash":"3c6af4569d90e846627f243c753b1e1cd50ae82c","isMergeCommit":true,"messageTitle":"Merge pull request #6 from AY2324S1-CS2103T-F10-4/master","messageBody":"PR from Team repo","fileTypesAndContributionMap":{}},{"hash":"89598ff36ac6ca2a87a4bef2975edc8537dbcbc8","isMergeCommit":false,"messageTitle":"fix multiple prefix bug","messageBody":"","fileTypesAndContributionMap":{"functional-code":{"insertions":2,"deletions":1},"test-code":{"insertions":16,"deletions":1}}}]},{"date":"2023-10-21","commitResults":[{"hash":"2169834856f63afc3d638535ac3a5147f5db8a62","isMergeCommit":false,"messageTitle":"add command - clashing schedule","messageBody":"","fileTypesAndContributionMap":{"functional-code":{"insertions":95,"deletions":7},"test-code":{"insertions":16,"deletions":5}}},{"hash":"ae0a7c5177be4dda77e894c366577a0b20c95331","isMergeCommit":false,"messageTitle":"edit command - prevent clash","messageBody":"","fileTypesAndContributionMap":{"functional-code":{"insertions":5,"deletions":0}}}]},{"date":"2023-10-22","commitResults":[{"hash":"c6f0362b4360322be7733867c48498cffabf0c59","isMergeCommit":false,"messageTitle":"bug fix - schedule clash","messageBody":"Still need to fix bug where only begin and end field is edited\n","fileTypesAndContributionMap":{"functional-code":{"insertions":17,"deletions":5}}}]},{"date":"2023-10-24","commitResults":[{"hash":"93c255af7c95bd3db34e5469f35e556e2fa8a64b","isMergeCommit":false,"messageTitle":"bug fix - clashing dates","messageBody":"fixed bug where editing the dates of same person\n","fileTypesAndContributionMap":{"functional-code":{"insertions":3,"deletions":1},"test-code":{"insertions":2,"deletions":1}}},{"hash":"234237274c8cb11507941ca13c6bc6172322e08f","isMergeCommit":true,"messageTitle":"Merge pull request #91 from lambraydon/branch-sort-scheduleListPanel","messageBody":"Sort scheduleList by day and time","fileTypesAndContributionMap":{}},{"hash":"b245138235f9ddb5fcf87b882126b669c93e4942","isMergeCommit":true,"messageTitle":"Merge pull request #9 from AY2324S1-CS2103T-F10-4/master","messageBody":"merge from team repo","fileTypesAndContributionMap":{}}]},{"date":"2023-10-25","commitResults":[{"hash":"75f36ef9535627caace46ebf5a284cd3bf97810b","isMergeCommit":true,"messageTitle":"Merge branch \u0027multiple-commands\u0027 into merge-main-into-multCommand","messageBody":"","fileTypesAndContributionMap":{}},{"hash":"54ee6d26f4e927b17df5da794072a6ea6abef991","isMergeCommit":false,"messageTitle":"fix merge conflicts","messageBody":"","fileTypesAndContributionMap":{"functional-code":{"insertions":54,"deletions":28}}}]},{"date":"2023-10-26","commitResults":[{"hash":"3528f2bf314d778a687cb4826f87b3839a2e3389","isMergeCommit":true,"messageTitle":"Merge pull request #11 from AY2324S1-CS2103T-F10-4/master","messageBody":"pull from team repo","fileTypesAndContributionMap":{}},{"hash":"e49db2c8f5de9ad100cf7ea5742045a233db3499","isMergeCommit":false,"messageTitle":"update DG on add and edit use case","messageBody":"","fileTypesAndContributionMap":{"docs":{"insertions":37,"deletions":3}}}]},{"date":"2023-10-27","commitResults":[{"hash":"f389294b6a5663add936d2f665ca9a52548749e6","isMergeCommit":false,"messageTitle":"enable assertions","messageBody":"","fileTypesAndContributionMap":{"other":{"insertions":4,"deletions":0}}}]},{"date":"2023-10-28","commitResults":[{"hash":"ab5585c109bac4d5cb25cbeaacc45462dce0878b","isMergeCommit":false,"messageTitle":"create interval class and skeleton for FreeTimeCommand","messageBody":"","fileTypesAndContributionMap":{"functional-code":{"insertions":600,"deletions":1}}}]},{"date":"2023-10-29","commitResults":[{"hash":"a6fd0d0d8b32000cc866db282cf8161d66a9a9bb","isMergeCommit":false,"messageTitle":"implement free time","messageBody":"","fileTypesAndContributionMap":{"functional-code":{"insertions":140,"deletions":25}}},{"hash":"6c996adceb596432901a6dde7e3fb53e741fce67","isMergeCommit":false,"messageTitle":"edit MESSAGE_USAGE","messageBody":"","fileTypesAndContributionMap":{"functional-code":{"insertions":3,"deletions":3}}}]},{"date":"2023-11-01","commitResults":[{"hash":"359398f3f62c86f23d0f1c4c11ac0710a40096da","isMergeCommit":false,"messageTitle":"add test cases for interval package","messageBody":"","fileTypesAndContributionMap":{"functional-code":{"insertions":35,"deletions":32},"test-code":{"insertions":410,"deletions":0}}},{"hash":"9d0d80e248ce721d812430852c78887d097ddf1f","isMergeCommit":false,"messageTitle":"test cases for FreeTimeCommandParser","messageBody":"","fileTypesAndContributionMap":{"functional-code":{"insertions":51,"deletions":34},"test-code":{"insertions":162,"deletions":1}}},{"hash":"f9c0252db51e3fca050a1e40f27702dde629e509","isMergeCommit":false,"messageTitle":"checkstyle","messageBody":"","fileTypesAndContributionMap":{"functional-code":{"insertions":107,"deletions":41},"test-code":{"insertions":19,"deletions":25}}},{"hash":"af4dcfddaec545c8600fefc8e23cdf149932dcdd","isMergeCommit":true,"messageTitle":"Merge pull request #12 from AY2324S1-CS2103T-F10-4/master","messageBody":"pull from team repo","fileTypesAndContributionMap":{}},{"hash":"e53cba01a597c928d093688ec54000e0436cce6d","isMergeCommit":true,"messageTitle":"Merge branch \u0027find-free-time\u0027 into master","messageBody":"","fileTypesAndContributionMap":{}},{"hash":"ab06df6209ab3bf725569345d997c60f614ec884","isMergeCommit":true,"messageTitle":"Merge pull request #13 from WinstonLeonard/master","messageBody":"merge freeTime","fileTypesAndContributionMap":{}},{"hash":"b2964872b10b4e0c0c012d8fa9b005a042b453fc","isMergeCommit":false,"messageTitle":"checkstyle fix","messageBody":"","fileTypesAndContributionMap":{"functional-code":{"insertions":3,"deletions":4}}}]},{"date":"2023-11-02","commitResults":[{"hash":"8ee11a718ce318a1a3d500ed94296d2b38ae0bae","isMergeCommit":false,"messageTitle":"add test case","messageBody":"","fileTypesAndContributionMap":{"functional-code":{"insertions":2,"deletions":4},"test-code":{"insertions":36,"deletions":0}}},{"hash":"0422ba3e863437e934ab8bf3ad0185fbe5c69114","isMergeCommit":false,"messageTitle":"checkstyle","messageBody":"","fileTypesAndContributionMap":{"test-code":{"insertions":0,"deletions":2}}},{"hash":"37506fd4d4774f54311d3e7109ab9e95120ca279","isMergeCommit":true,"messageTitle":"Merge pull request #14 from AY2324S1-CS2103T-F10-4/master","messageBody":"merge from team repo","fileTypesAndContributionMap":{}},{"hash":"9fb16b57e78146467f09f8cca948b522e9c36adf","isMergeCommit":true,"messageTitle":"Merge pull request #122 from yihfei/branch-ui","messageBody":"Remove address_book icon","fileTypesAndContributionMap":{}},{"hash":"a2ac47972f9648f9043059aab7f412d7a379f099","isMergeCommit":true,"messageTitle":"Merge pull request #15 from AY2324S1-CS2103T-F10-4/master","messageBody":"MERGE FROM TEAM REPO","fileTypesAndContributionMap":{}},{"hash":"571e7252f219558159a208603cab016c7896f64d","isMergeCommit":false,"messageTitle":"update UG","messageBody":"","fileTypesAndContributionMap":{"functional-code":{"insertions":1,"deletions":1},"docs":{"insertions":22,"deletions":0}}},{"hash":"9bc87488d7e7a4e02f9f2d99be895aca9a422b81","isMergeCommit":false,"messageTitle":"update UG","messageBody":"","fileTypesAndContributionMap":{"docs":{"insertions":1,"deletions":0}}},{"hash":"4e90bd0c77bfcfd841b0e1a8fafa4dfcad0015b3","isMergeCommit":false,"messageTitle":"update UG","messageBody":"","fileTypesAndContributionMap":{"docs":{"insertions":1,"deletions":1}}},{"hash":"cfd9b2e10c881e2c41a82abc125dc5a7063c01f2","isMergeCommit":true,"messageTitle":"Merge pull request #126 from lambraydon/branch-UI","messageBody":"Modify UniquePersonList.java","fileTypesAndContributionMap":{}}]},{"date":"2023-11-09","commitResults":[{"hash":"c64554e9b981892a902ed4d6440b2e076560d1d7","isMergeCommit":true,"messageTitle":"Merge pull request #183 from jovkusuma/branch-FixUserGuideBugs","messageBody":"Add warning to find command","fileTypesAndContributionMap":{}}]}],"Heran9":[{"date":"2023-10-05","commitResults":[{"hash":"1c81bc3a948682afce39f497974ef90414ac9a97","isMergeCommit":false,"messageTitle":"Add image, PPP, modify About Us and UG","messageBody":"","fileTypesAndContributionMap":{"docs":{"insertions":102,"deletions":118}}},{"hash":"1c206c9711ac7eb38af3ab33a9cdf44b86ef7c4f","isMergeCommit":false,"messageTitle":"Fix bugs","messageBody":"","fileTypesAndContributionMap":{"docs":{"insertions":6,"deletions":6}}},{"hash":"93b43758f0cb62d8fe176b20a24bc5b7b4e749a3","isMergeCommit":true,"messageTitle":"Merge branch \u0027master\u0027 into add-info-heran","messageBody":"","fileTypesAndContributionMap":{}},{"hash":"fdc49a1c5ddfb5555b5824f836c868cde65ece8c","isMergeCommit":false,"messageTitle":"Add newline","messageBody":"","fileTypesAndContributionMap":{"docs":{"insertions":7,"deletions":6}}},{"hash":"2f689071540210ff766347429d21a0515d8b7d5f","isMergeCommit":false,"messageTitle":"resolve conflicts","messageBody":"","fileTypesAndContributionMap":{"docs":{"insertions":9,"deletions":10}}},{"hash":"e968280198cfe717b0b78345d8f567d399260f3f","isMergeCommit":true,"messageTitle":"Merge branch \u0027add-info-heran\u0027 of https://github.com/Heran9/tp into add-info-heran","messageBody":"* \u0027add-info-heran\u0027 of https://github.com/Heran9/tp:\n  Add personal and photo to docs\n","fileTypesAndContributionMap":{}},{"hash":"49bfc74fcd279790a28c01a0a021bb195d19c631","isMergeCommit":false,"messageTitle":"fix bugs","messageBody":"","fileTypesAndContributionMap":{"docs":{"insertions":0,"deletions":1}}},{"hash":"320667d2959476052e737c6e73e4ad54ed6166ed","isMergeCommit":true,"messageTitle":"Merge pull request #34 from jovkusuma/branch-AboutUs","messageBody":"PR to Milestone","fileTypesAndContributionMap":{}}]},{"date":"2023-10-17","commitResults":[{"hash":"6d52d0461bfe71127236b23895f322efd993a31a","isMergeCommit":false,"messageTitle":"Add paid and Check ispaid command","messageBody":"","fileTypesAndContributionMap":{"functional-code":{"insertions":321,"deletions":108},"test-code":{"insertions":19,"deletions":19}}},{"hash":"ae48ae0ef420a36528461582934696626b9a2e78","isMergeCommit":false,"messageTitle":"pass the check","messageBody":"","fileTypesAndContributionMap":{"functional-code":{"insertions":2,"deletions":2}}},{"hash":"e9f53460ff883e02ba21ffa39fba17be4b189f67","isMergeCommit":false,"messageTitle":"Modify code style","messageBody":"","fileTypesAndContributionMap":{"functional-code":{"insertions":112,"deletions":72},"test-code":{"insertions":10,"deletions":9}}},{"hash":"e04085b6fc7f97385306fa9416f0276dad3f479d","isMergeCommit":false,"messageTitle":"Modify code style again","messageBody":"","fileTypesAndContributionMap":{"functional-code":{"insertions":11,"deletions":6}}},{"hash":"0b8ba0a8e627de5c24016f55574367a9c574ef01","isMergeCommit":false,"messageTitle":"1","messageBody":"","fileTypesAndContributionMap":{"functional-code":{"insertions":1,"deletions":1}}},{"hash":"f705914c5381f3c3d912a0f6ebf97c0ea9f09c31","isMergeCommit":false,"messageTitle":"Modify test","messageBody":"","fileTypesAndContributionMap":{"test-code":{"insertions":15,"deletions":1}}},{"hash":"9780210c724bcbdab85f9f2d62afaccc7d06315a","isMergeCommit":false,"messageTitle":"reduce sentence length","messageBody":"","fileTypesAndContributionMap":{"test-code":{"insertions":6,"deletions":3}}}]},{"date":"2023-10-18","commitResults":[{"hash":"f2be937d63ae957c3feffa2a19bc3d143bf6c08d","isMergeCommit":false,"messageTitle":"Modify test cases","messageBody":"","fileTypesAndContributionMap":{"functional-code":{"insertions":12,"deletions":16},"test-code":{"insertions":6,"deletions":2}}},{"hash":"777f6404466a6c72a6f8e4ca6e402df72783d540","isMergeCommit":true,"messageTitle":"Merge branch \u0027master\u0027 into add-info-heran","messageBody":"","fileTypesAndContributionMap":{}},{"hash":"d7c6b6a69cd10b7236c0c5f16553fb070d48e658","isMergeCommit":false,"messageTitle":"resolve conflicts","messageBody":"","fileTypesAndContributionMap":{"functional-code":{"insertions":14,"deletions":13},"test-code":{"insertions":2,"deletions":1}}},{"hash":"fd0efdde59d93d772c1dd5251217a905628f1abb","isMergeCommit":false,"messageTitle":"modify styles","messageBody":"","fileTypesAndContributionMap":{"functional-code":{"insertions":6,"deletions":5}}},{"hash":"99783584de0d5eb6954d7da2c777903de6cadb0e","isMergeCommit":false,"messageTitle":"change orders","messageBody":"","fileTypesAndContributionMap":{"functional-code":{"insertions":1,"deletions":1}}},{"hash":"ab3fae35681f73792136a204171c205658e54340","isMergeCommit":false,"messageTitle":"change order again","messageBody":"","fileTypesAndContributionMap":{"functional-code":{"insertions":1,"deletions":1}}},{"hash":"8d3a522cf1364b88c887328123c71adc7480e251","isMergeCommit":false,"messageTitle":"fix bugs","messageBody":"","fileTypesAndContributionMap":{"test-code":{"insertions":9,"deletions":5}}}]},{"date":"2023-10-24","commitResults":[{"hash":"534770db46d15025fd3a8c360ed54d36483629fe","isMergeCommit":false,"messageTitle":"Implement list unpaid and incorporate paid to GUI","messageBody":"","fileTypesAndContributionMap":{"functional-code":{"insertions":110,"deletions":5}}},{"hash":"3480acd7ed3da5578d278624fb18b28bed5f331c","isMergeCommit":true,"messageTitle":"Merge branch \u0027master\u0027 into add-info-heran","messageBody":"","fileTypesAndContributionMap":{}},{"hash":"7e8cf8a80e701e5c5878d4e804507fe9a6b10d17","isMergeCommit":false,"messageTitle":"Add new line at EOF","messageBody":"","fileTypesAndContributionMap":{"functional-code":{"insertions":1,"deletions":1}}},{"hash":"2f4a49485f35e356885d50534df5b21072d6c66a","isMergeCommit":true,"messageTitle":"Merge branch \u0027add-info-heran\u0027 of https://github.com/Heran9/tp into add-info-heran","messageBody":"* \u0027add-info-heran\u0027 of https://github.com/Heran9/tp:\n  Modify files to adhere to codeStyle\n  Add LessonComparator.java\n  Add Lesson.java to encapsulate date fields\n  Add SchduleList in Model\n  Modify Day.java: Store value as DayOfWeek\n  Add additional details in GUI for PayRate\n  Add test cases for PayRate class\n  Implement PayRate\n","fileTypesAndContributionMap":{}},{"hash":"8504f100fbcebb150f08eb2f4abd82292f2b0163","isMergeCommit":false,"messageTitle":"Fix conflicts in PersonCard","messageBody":"","fileTypesAndContributionMap":{"functional-code":{"insertions":3,"deletions":1}}},{"hash":"07260f70f3319c8452e46d60843556449cd06fb1","isMergeCommit":false,"messageTitle":"Fix checkstyle errors","messageBody":"","fileTypesAndContributionMap":{"functional-code":{"insertions":10,"deletions":41}}}]},{"date":"2023-10-25","commitResults":[{"hash":"1f07f124981ae399d5552cfae7b6ef59c994e283","isMergeCommit":true,"messageTitle":"Merge pull request #93 from WinstonLeonard/merge-main-into-multCommand","messageBody":"add clashing schedules","fileTypesAndContributionMap":{}}]},{"date":"2023-10-26","commitResults":[{"hash":"4622dbfa865e839d280c840c1e1dde1222795bab","isMergeCommit":false,"messageTitle":"Modify UG and DG (add paid features)","messageBody":"","fileTypesAndContributionMap":{"docs":{"insertions":44,"deletions":6}}},{"hash":"793623d10802b39de61b61fc5339a3f37930a94a","isMergeCommit":true,"messageTitle":"Merge pull request #98 from yihfei/branch-JAR","messageBody":"Change jar file name","fileTypesAndContributionMap":{}},{"hash":"1579b42b55608ba8c096ed2f59d76b8d7f147284","isMergeCommit":true,"messageTitle":"Merge pull request #100 from WinstonLeonard/find-free-time","messageBody":"Update DG","fileTypesAndContributionMap":{}}]},{"date":"2023-10-28","commitResults":[{"hash":"f29a809d1622502fa6c70aec3d230426f99d3984","isMergeCommit":true,"messageTitle":"Merge pull request #112 from yihfei/branch-totalrevenue","messageBody":"Implement RevenueCommand","fileTypesAndContributionMap":{}}]},{"date":"2023-10-31","commitResults":[{"hash":"6ac65a2b4a2bc61eeb378c5b6a89be137c50a5a4","isMergeCommit":false,"messageTitle":"Implement unpaid and unpaidAll command","messageBody":"","fileTypesAndContributionMap":{"functional-code":{"insertions":151,"deletions":4}}}]},{"date":"2023-11-01","commitResults":[{"hash":"a1d1980de1015472dc0b584e80101e6d3e1b001a","isMergeCommit":false,"messageTitle":"fix style errors","messageBody":"","fileTypesAndContributionMap":{"functional-code":{"insertions":8,"deletions":6}}},{"hash":"94afbb91fec5de71f5b8b032f4cf521520426e0e","isMergeCommit":false,"messageTitle":"Fix errors in AddCommandTest","messageBody":"","fileTypesAndContributionMap":{"test-code":{"insertions":5,"deletions":0}}},{"hash":"7bb405ac2bc0f6dea262f31a3dd308edcc60e5e0","isMergeCommit":false,"messageTitle":"Add test cases","messageBody":"","fileTypesAndContributionMap":{"functional-code":{"insertions":4,"deletions":3},"test-code":{"insertions":152,"deletions":8}}},{"hash":"8f3d4be7c36570ae76e9ae70ee2745058d112dfe","isMergeCommit":false,"messageTitle":"fix bugs","messageBody":"","fileTypesAndContributionMap":{"test-code":{"insertions":1,"deletions":1}}},{"hash":"af23d3160e69d75be777ff27ec2b68e547f3e08f","isMergeCommit":false,"messageTitle":"Fix import errors","messageBody":"","fileTypesAndContributionMap":{"test-code":{"insertions":14,"deletions":4}}}]},{"date":"2023-11-02","commitResults":[{"hash":"e29d189fafd4f2ecebc3752ab46d648c545c80c8","isMergeCommit":false,"messageTitle":"update UG","messageBody":"","fileTypesAndContributionMap":{"functional-code":{"insertions":36,"deletions":11},"docs":{"insertions":26,"deletions":1},"test-code":{"insertions":1,"deletions":1}}},{"hash":"9bf6b6736cd6fe7ff0e0fa08362fa3ea64c6aa55","isMergeCommit":true,"messageTitle":"Merge branch \u0027master\u0027 into add-info-heran","messageBody":"","fileTypesAndContributionMap":{}},{"hash":"e5dcaf2ad41072833672bbace462223496118f18","isMergeCommit":false,"messageTitle":"Fix style errors","messageBody":"","fileTypesAndContributionMap":{"functional-code":{"insertions":1,"deletions":10}}},{"hash":"4849b7e6bcb7ec173fecc245d307f15db1ec01fd","isMergeCommit":true,"messageTitle":"Merge branch \u0027master\u0027 into add-info-heran","messageBody":"","fileTypesAndContributionMap":{}},{"hash":"d62fd4fa6f571e4fa1a2ed6cf6d582135879da2a","isMergeCommit":false,"messageTitle":"Delete whitespaces","messageBody":"","fileTypesAndContributionMap":{"functional-code":{"insertions":1,"deletions":1}}},{"hash":"736585896939aca8ca96f95b56bd91d7f78db667","isMergeCommit":false,"messageTitle":"Revert \"Delete whitespaces\"","messageBody":"This reverts commit c422ed98eb2e8214f809ea8162711f039f63cd1b.\n","fileTypesAndContributionMap":{"functional-code":{"insertions":1,"deletions":1}}},{"hash":"88ca8a50a2338fbd02a62ed312ab071a52a24664","isMergeCommit":false,"messageTitle":"Delete whitespaces","messageBody":"","fileTypesAndContributionMap":{"functional-code":{"insertions":1,"deletions":1}}},{"hash":"58e5e3c1b16627ac80bd780e4e64827d03ca7ea7","isMergeCommit":false,"messageTitle":"fix errors","messageBody":"","fileTypesAndContributionMap":{"functional-code":{"insertions":0,"deletions":1}}},{"hash":"d79993355316f6e1a8b7bd17194644766e4b1971","isMergeCommit":false,"messageTitle":"Fix style errors","messageBody":"","fileTypesAndContributionMap":{"functional-code":{"insertions":3,"deletions":4}}},{"hash":"efd6f1802edd9a354001266971eab4bc98c28723","isMergeCommit":false,"messageTitle":"Update test cases","messageBody":"","fileTypesAndContributionMap":{"test-code":{"insertions":13,"deletions":0}}},{"hash":"8287b904d35c6382f38f0dbb12827a1162b7962e","isMergeCommit":true,"messageTitle":"Merge pull request #137 from jovkusuma/branch-UpdateUserGuide","messageBody":"Branch update user guide","fileTypesAndContributionMap":{}}]},{"date":"2023-11-03","commitResults":[{"hash":"e057adc7dbcf782d386dac246ccac41899987f80","isMergeCommit":true,"messageTitle":"Merge pull request #139 from lambraydon/branch-UG","messageBody":"Modify UG: Add exit and help commands","fileTypesAndContributionMap":{}}]},{"date":"2023-11-08","commitResults":[{"hash":"eefa2add62e8fc75a2c8dfc004d52533e69d7ce7","isMergeCommit":false,"messageTitle":"Add PPP and fix PE-D bugs","messageBody":"","fileTypesAndContributionMap":{"functional-code":{"insertions":20,"deletions":5},"docs":{"insertions":28,"deletions":8}}},{"hash":"b9ab3fe1d24c28ff2066d90ec24f57f26eee1076","isMergeCommit":true,"messageTitle":"Merge pull request #175 from jovkusuma/branch-FixUserGuideBugs","messageBody":"Fix Find Command Format in User Guide","fileTypesAndContributionMap":{}},{"hash":"532efb2a8f89fe5c36e4629c1513df0ca147c3ab","isMergeCommit":false,"messageTitle":"Fix PE-D bugs","messageBody":"","fileTypesAndContributionMap":{"functional-code":{"insertions":56,"deletions":13}}}]},{"date":"2023-11-10","commitResults":[{"hash":"1480eb7b427eb49df234c765fde54f6d3c154bd6","isMergeCommit":false,"messageTitle":"Edit links in DG","messageBody":"","fileTypesAndContributionMap":{"docs":{"insertions":6,"deletions":6}}}]}]},"authorFileTypeContributionMap":{"yihfei":{"docs":146,"functional-code":487,"test-code":352,"other":1},"jovkusuma":{"docs":119,"functional-code":192,"test-code":261},"lambraydon":{"docs":222,"functional-code":686,"test-code":547},"WinstonLeonard":{"docs":92,"functional-code":1337,"test-code":929,"other":2},"Heran9":{"docs":152,"functional-code":547,"test-code":187}},"authorContributionVariance":{"yihfei":13453.146,"jovkusuma":11524.594,"lambraydon":18306.72,"WinstonLeonard":30540.725,"Heran9":12997.218},"authorDisplayNameMap":{"yihfei":"CS2103T-F10-4 LIM .. FEI","jovkusuma":"CS2103T-F10-4 ARMA..SUMA","lambraydon":"CS2103T-F10-4 LAM ..YDON","WinstonLeonard":"CS2103T-F10-4 WINS..NGGO","Heran9":"CS2103T-F10-4 LANG..ERAN"}}
