{"authorDailyContributionsMap":{"victorlaiyeeteng":[{"date":"2023-09-30","commitResults":[{"hash":"12a9388fd1bd3dc6ea92fecbdb1726748a8e97e6","isMergeCommit":false,"messageTitle":"Update User Guide Features Labels","messageBody":"","fileTypesAndContributionMap":{"docs":{"insertions":15,"deletions":15}}},{"hash":"5d05b65e2d864d265b07f8f2e2b19ca356f9caf2","isMergeCommit":false,"messageTitle":"Remove all instances of AB3 in UG","messageBody":"","fileTypesAndContributionMap":{"docs":{"insertions":25,"deletions":46}}},{"hash":"923e1e8e18a34984177aebfb9e9761c2f69fb079","isMergeCommit":false,"messageTitle":"Fix EOF","messageBody":"","fileTypesAndContributionMap":{"docs":{"insertions":1,"deletions":1}}},{"hash":"02a3f7cc3688c705192d53a3bac5a171f9f6b9da","isMergeCommit":false,"messageTitle":"Update Developer Guide Requirements Appendix section","messageBody":"","fileTypesAndContributionMap":{"docs":{"insertions":64,"deletions":29}}}]},{"date":"2023-10-01","commitResults":[{"hash":"50af6b143bee6080f8ec1e44e4f8d9267c98f35b","isMergeCommit":true,"messageTitle":"Merge pull request #22 from GohTengFong/branch-AddSkeletalPPP-V1.1","messageBody":"Add Skeletal PPP V1.1","fileTypesAndContributionMap":{}},{"hash":"dc67adcb79503ee19618aecbd588504a2f17002b","isMergeCommit":true,"messageTitle":"Merge pull request #21 from jannnice/branch-UpdateREADME-v1.1","messageBody":"Updated README page","fileTypesAndContributionMap":{}}]},{"date":"2023-10-02","commitResults":[{"hash":"3ca4a969a9e8f9a060dccf9e62ea44929a0a6b67","isMergeCommit":true,"messageTitle":"Merge pull request #25 from redtailedfox/edit-DG-info","messageBody":"Edit Developer Guide rephrase user stories and use cases","fileTypesAndContributionMap":{}}]},{"date":"2023-10-04","commitResults":[{"hash":"f85658a76d9580d23f55e415c735e5ba5873f02d","isMergeCommit":true,"messageTitle":"Merge pull request #27 from jannnice/branch-UpdateREADME-v1.1","messageBody":"Update CI Banner","fileTypesAndContributionMap":{}}]},{"date":"2023-10-17","commitResults":[{"hash":"9e2e7c18080d981103961a5e530842a3cf8a51ae","isMergeCommit":true,"messageTitle":"Merge pull request #44 from redtailedfox/branch-PlanListFactoringv1.2","messageBody":"Add Plans to addressbook and its associated functionalities","fileTypesAndContributionMap":{}},{"hash":"efecb77ad7cc96d92293caea89304518894a1b36","isMergeCommit":false,"messageTitle":"Implement AddPlanCommand","messageBody":"","fileTypesAndContributionMap":{"functional-code":{"insertions":267,"deletions":1},"test-code":{"insertions":6,"deletions":0}}},{"hash":"dd902a396f7c219da6b3f69c716c4ad7f5703c03","isMergeCommit":true,"messageTitle":"Fix merge conflicts from master branch","messageBody":"","fileTypesAndContributionMap":{}},{"hash":"bcbe53c76bcae990993825bdf81fad5934c1731d","isMergeCommit":false,"messageTitle":"Added test for AddPlanCommand","messageBody":"","fileTypesAndContributionMap":{"functional-code":{"insertions":39,"deletions":98},"test-code":{"insertions":352,"deletions":0}}},{"hash":"acff0916a7aa3ded868cb64304c81c389353ca07","isMergeCommit":false,"messageTitle":"Added test files for AddPlanCommandParser and ListPlanCommand","messageBody":"","fileTypesAndContributionMap":{"functional-code":{"insertions":46,"deletions":0},"test-code":{"insertions":264,"deletions":27}}},{"hash":"3a8fb8898d8a131aadb35612d2eeb2448f145a6f","isMergeCommit":false,"messageTitle":"Updated User Guide","messageBody":"","fileTypesAndContributionMap":{"docs":{"insertions":54,"deletions":56},"test-code":{"insertions":0,"deletions":2}}},{"hash":"c56a40544200e07e91087a5f3e12cc79c37f0768","isMergeCommit":false,"messageTitle":"Fix User Guide typos","messageBody":"","fileTypesAndContributionMap":{"docs":{"insertions":7,"deletions":7}}}]},{"date":"2023-10-18","commitResults":[{"hash":"b8db5252ca6c341774cdb857f2439e8685be9863","isMergeCommit":true,"messageTitle":"Merge pull request #53 from Elijah5399/branch-PlansTests2-V1.2","messageBody":"Plans tests","fileTypesAndContributionMap":{}}]},{"date":"2023-10-20","commitResults":[{"hash":"1093447a79eb2ec513542943abcb94fe7e76ce73","isMergeCommit":true,"messageTitle":"Merge pull request #62 from jannnice/branch-UpdateCommandParser","messageBody":"Updating the Command Parser","fileTypesAndContributionMap":{}}]},{"date":"2023-10-21","commitResults":[{"hash":"6e25a4537a99e0b4b1fc5f076e01f511e7c137c0","isMergeCommit":true,"messageTitle":"Merge pull request #58 from GohTengFong/branch-UncompletePlanCommand-V1.3","messageBody":"Implement uncomplete-plan command","fileTypesAndContributionMap":{}},{"hash":"3a0caeadc869ba12e1be331f7bac5f676847b002","isMergeCommit":false,"messageTitle":"Fix throwing of error when deleting friend involved in a plan","messageBody":"","fileTypesAndContributionMap":{"functional-code":{"insertions":62,"deletions":5},"test-code":{"insertions":17,"deletions":0}}}]},{"date":"2023-10-22","commitResults":[{"hash":"6aa9594fa62c30c285666053d3f755ff81337c77","isMergeCommit":false,"messageTitle":"Implemented FindPlan by friendName command","messageBody":"","fileTypesAndContributionMap":{"functional-code":{"insertions":110,"deletions":5}}},{"hash":"be353587d2640a61c62acb3cb5bdd6424fef9779","isMergeCommit":false,"messageTitle":"Add tests for FindPlanCommand and FindPlanCommandParser","messageBody":"","fileTypesAndContributionMap":{"test-code":{"insertions":150,"deletions":2}}},{"hash":"4d0db79bb3167e9c2251aa1ff81ed786ad4bc82a","isMergeCommit":false,"messageTitle":"Add test to handle adding plan with friend not present in book","messageBody":"","fileTypesAndContributionMap":{"test-code":{"insertions":17,"deletions":0}}},{"hash":"05d8f3ee0c3633cf8edce514df31b1b94dc69b8f","isMergeCommit":true,"messageTitle":"Merge pull request #70 from Elijah5399/branch-PlansMoreTests-V1.3","messageBody":"Add additional tests for Plan::isSamePerson","fileTypesAndContributionMap":{}}]},{"date":"2023-10-24","commitResults":[{"hash":"de54c04c6d6e15995a6b7d696df60be4b7ec4bc0","isMergeCommit":true,"messageTitle":"Merge pull request #72 from Elijah5399/branch-dg1-V1.3","messageBody":"Add scaffolding for DG","fileTypesAndContributionMap":{}},{"hash":"69ed2c6f745b404aba00f2a38c3af3b33eede47e","isMergeCommit":false,"messageTitle":"Add design implementation in Developer Guide for find-plan command","messageBody":"","fileTypesAndContributionMap":{"functional-code":{"insertions":1,"deletions":0},"docs":{"insertions":160,"deletions":4}}},{"hash":"92aadfbec23a2fd1800cb0321591a41367ffa27c","isMergeCommit":false,"messageTitle":"Updated User Guide and Developer Guide","messageBody":"","fileTypesAndContributionMap":{"docs":{"insertions":168,"deletions":46}}},{"hash":"444509e91e1d525c472cdf6656dbfe3680db4969","isMergeCommit":false,"messageTitle":"Fix styling","messageBody":"","fileTypesAndContributionMap":{"functional-code":{"insertions":0,"deletions":1},"docs":{"insertions":1,"deletions":1}}},{"hash":"8bd3fd07987ef845ec99ee6d8ca0c143dbd559e1","isMergeCommit":true,"messageTitle":"Merge pull request #74 from redtailedfox/editstorage","messageBody":"Refactor Storage class for Plans","fileTypesAndContributionMap":{}}]},{"date":"2023-10-26","commitResults":[{"hash":"31b2e86794be09e116667d81938d899a8c96242a","isMergeCommit":true,"messageTitle":"Merge pull request #76 from Elijah5399/branch-dg1-V1.3","messageBody":"Add add-plan activity diagram and more detailed explanation","fileTypesAndContributionMap":{}},{"hash":"f4ed143688df25ce3cdabfbcb6a16fa990bb6f7e","isMergeCommit":true,"messageTitle":"Merge pull request #83 from redtailedfox/master","messageBody":"edit uml \u0026 update dg","fileTypesAndContributionMap":{}},{"hash":"62c583ae6d7e2a3083f9e29a39e27f62b6901c03","isMergeCommit":false,"messageTitle":"Enable assertions","messageBody":"","fileTypesAndContributionMap":{"functional-code":{"insertions":1,"deletions":2},"other":{"insertions":5,"deletions":1}}},{"hash":"cc8604a4f743db5810a8a20e7ab1c562e1955807","isMergeCommit":false,"messageTitle":"Remove sample friends","messageBody":"","fileTypesAndContributionMap":{"functional-code":{"insertions":1,"deletions":20}}},{"hash":"5f4cc812d908dc818c4da48d66e126d0a2ebf71a","isMergeCommit":false,"messageTitle":"Fix checkstyles","messageBody":"","fileTypesAndContributionMap":{"functional-code":{"insertions":0,"deletions":4}}}]},{"date":"2023-10-29","commitResults":[{"hash":"fb94096e051128b5e4901cb6c3022b08eb6323a4","isMergeCommit":false,"messageTitle":"Fix updating friend in plan when friend is edited","messageBody":"","fileTypesAndContributionMap":{"functional-code":{"insertions":40,"deletions":3},"test-code":{"insertions":40,"deletions":0}}},{"hash":"8efa001ef8c4a2ce7c5a42569bbfa3dbed17101f","isMergeCommit":false,"messageTitle":"Edit file names to friendbook.json","messageBody":"","fileTypesAndContributionMap":{"functional-code":{"insertions":1,"deletions":1},"docs":{"insertions":1,"deletions":1},"test-code":{"insertions":1,"deletions":1}}},{"hash":"ea5f056e30e54154c094d37ad2beea67813b0bdd","isMergeCommit":false,"messageTitle":"Updated User Guide link in fxml","messageBody":"","fileTypesAndContributionMap":{"functional-code":{"insertions":2,"deletions":2}}}]}],"GohTengFong":[{"date":"2023-09-30","commitResults":[{"hash":"dfbb0a4c0f58e83eb95b9a6f7dc157c9f1ea72ad","isMergeCommit":false,"messageTitle":"Add skeletal PPP","messageBody":"","fileTypesAndContributionMap":{"docs":{"insertions":230,"deletions":0}}},{"hash":"d55d03e3d479b05ab6e96703b3b0967caddcb3d8","isMergeCommit":false,"messageTitle":"Add skeletal PPP","messageBody":"","fileTypesAndContributionMap":{"docs":{"insertions":50,"deletions":130}}},{"hash":"5b2fc9000dc662c9a3ae4e4336b8df2d101f01e9","isMergeCommit":false,"messageTitle":"Fix styles","messageBody":"","fileTypesAndContributionMap":{"docs":{"insertions":5,"deletions":5}}}]},{"date":"2023-10-01","commitResults":[{"hash":"a1a0ecb247102e18bae0216c31e7823810fcedf1","isMergeCommit":false,"messageTitle":"Add team images and update aboutus page","messageBody":"","fileTypesAndContributionMap":{"docs":{"insertions":27,"deletions":26}}},{"hash":"08c1f53817c41e669b145827b914f710ab75c7a8","isMergeCommit":false,"messageTitle":"Correct image link","messageBody":"","fileTypesAndContributionMap":{"docs":{"insertions":1,"deletions":1}}},{"hash":"c3c34293b13aa1a5ae4038a163aae63fa6ef7269","isMergeCommit":true,"messageTitle":"Merge pull request #18 from victorlaiyeeteng/branch-UpdateDG-V1.1","messageBody":"Update Developer Guide V1.1","fileTypesAndContributionMap":{}}]},{"date":"2023-10-02","commitResults":[{"hash":"0678316eb912e6c785d9626903c5549a14a3dba5","isMergeCommit":true,"messageTitle":"Merge pull request #19 from Elijah5399/branch-SideWideSettings-V1.1","messageBody":"Add effective page breaks","fileTypesAndContributionMap":{}}]},{"date":"2023-10-04","commitResults":[{"hash":"b97c9a4ef181a9df38ffa1b3b8d8d1888ef1cad1","isMergeCommit":true,"messageTitle":"Merge pull request #23 from GohTengFong/branch-UpdateAboutUs-V1.1","messageBody":"Update AboutUs V1.1","fileTypesAndContributionMap":{}}]},{"date":"2023-10-16","commitResults":[{"hash":"b0e330259535d174d97a1d110035274490000373","isMergeCommit":false,"messageTitle":"Update UI","messageBody":"","fileTypesAndContributionMap":{"functional-code":{"insertions":13,"deletions":13}}},{"hash":"22581269b0f612bcd091d00356df02217308d928","isMergeCommit":false,"messageTitle":"Pulled new file","messageBody":"","fileTypesAndContributionMap":{"functional-code":{"insertions":75,"deletions":0}}},{"hash":"9afd909ca5c9967d4bb408e9ab8bb42cab971ce9","isMergeCommit":false,"messageTitle":"Update more UI texts","messageBody":"","fileTypesAndContributionMap":{"functional-code":{"insertions":2,"deletions":2}}},{"hash":"7897f67c21c963be843aa375aae11bea823e859e","isMergeCommit":false,"messageTitle":"Initial","messageBody":"","fileTypesAndContributionMap":{"functional-code":{"insertions":117,"deletions":0}}},{"hash":"54b6eb972b87959de1f2316b09b97720048ccaaf","isMergeCommit":false,"messageTitle":"Add preliminary testcases","messageBody":"","fileTypesAndContributionMap":{"test-code":{"insertions":151,"deletions":0}}}]},{"date":"2023-10-17","commitResults":[{"hash":"6d75670ff5f1d502fd6ff902552eddd5e30f83e1","isMergeCommit":true,"messageTitle":"Merge branch \u0027master\u0027 into branch-CompletePlanCommand-V1.2","messageBody":"","fileTypesAndContributionMap":{}},{"hash":"3adeecec208edd5750d5ccc4ee9a3e418b924f84","isMergeCommit":true,"messageTitle":"Merge pull request #42 from jannnice/branch-RefineParse","messageBody":"Editing the Parse mechanism","fileTypesAndContributionMap":{}},{"hash":"5ac5438e309a96b41e6f6cb4420cb8bf319dcea9","isMergeCommit":true,"messageTitle":"Merge branch \u0027master\u0027 into branch-CompletePlanCommand-V1.2","messageBody":"","fileTypesAndContributionMap":{}},{"hash":"b5c73897b3e7c54b319563b9e411bad35c521af7","isMergeCommit":true,"messageTitle":"Merge pull request #45 from victorlaiyeeteng/branch-AddPlanCommand-V1.2","messageBody":"Implement add-plan command","fileTypesAndContributionMap":{}},{"hash":"5a05d56218d83659696eefb598ae0ccc86d748ad","isMergeCommit":false,"messageTitle":"Corrected failing testcases","messageBody":"","fileTypesAndContributionMap":{"functional-code":{"insertions":54,"deletions":88},"test-code":{"insertions":39,"deletions":5}}},{"hash":"b63e0fb256c3a8c9e8b52139077c8cfe032c84ce","isMergeCommit":true,"messageTitle":"Merge branch \u0027master\u0027 into branch-CompletePlanCommand-V1.2","messageBody":"","fileTypesAndContributionMap":{}},{"hash":"711463299a8bb045660edede7833e22bf740b044","isMergeCommit":false,"messageTitle":"Further correction of testcases","messageBody":"","fileTypesAndContributionMap":{"functional-code":{"insertions":0,"deletions":2},"test-code":{"insertions":12,"deletions":3}}},{"hash":"18d752e109ec075db94bc74a0832953583e321af","isMergeCommit":false,"messageTitle":"Implement complete-plan command","messageBody":"","fileTypesAndContributionMap":{"functional-code":{"insertions":4,"deletions":3}}},{"hash":"4925db4dab2dc766c376333051d298abdd0bc3cf","isMergeCommit":false,"messageTitle":"Corrected typo","messageBody":"","fileTypesAndContributionMap":{"test-code":{"insertions":1,"deletions":1}}},{"hash":"710ccfc3005017824435d4832b6b85401eb865f4","isMergeCommit":false,"messageTitle":"Rectify javadoc","messageBody":"","fileTypesAndContributionMap":{"functional-code":{"insertions":1,"deletions":1}}}]},{"date":"2023-10-18","commitResults":[{"hash":"e65a5ced4b1423eb2dabeb1b924c689376e1f4a0","isMergeCommit":true,"messageTitle":"Merge branch \u0027master\u0027 into branch-CompletePlanCommand-V1.2","messageBody":"","fileTypesAndContributionMap":{}},{"hash":"877941c5760dcdc2ae8968e139332efc1c87b3b6","isMergeCommit":true,"messageTitle":"Merge pull request #46 from GohTengFong/branch-CompletePlanCommand-V1.2","messageBody":"Implement complete-plan command V1.2","fileTypesAndContributionMap":{}},{"hash":"379f6abec88322334826e12b054cd4e6d5956591","isMergeCommit":false,"messageTitle":"Implement more testcases for complete-plan command","messageBody":"","fileTypesAndContributionMap":{"functional-code":{"insertions":0,"deletions":2},"test-code":{"insertions":16,"deletions":22}}},{"hash":"d07df98b9afb26b53b71389786dd798d7c16ac23","isMergeCommit":false,"messageTitle":"Remove 1 unnecessary testcase","messageBody":"","fileTypesAndContributionMap":{"test-code":{"insertions":0,"deletions":19}}},{"hash":"c5f2bac6a2e78f4f8cc2a1857bc873ede490a99f","isMergeCommit":false,"messageTitle":"initial","messageBody":"","fileTypesAndContributionMap":{"functional-code":{"insertions":283,"deletions":13},"test-code":{"insertions":468,"deletions":2}}},{"hash":"39b65954e21ed9f172365b8568d49552d3e72d29","isMergeCommit":false,"messageTitle":"initial","messageBody":"","fileTypesAndContributionMap":{"test-code":{"insertions":1,"deletions":3}}}]},{"date":"2023-10-19","commitResults":[{"hash":"bd6e7cce4416290aae99e7b52bca265130be1491","isMergeCommit":true,"messageTitle":"Merge branch \u0027master\u0027 into branch-EditPlanCommand-V1.3","messageBody":"","fileTypesAndContributionMap":{}},{"hash":"cf0419ed4cf3b9d8d7eb5f48ed71b1f96383f240","isMergeCommit":false,"messageTitle":"Implement uncomplete-plan command","messageBody":"","fileTypesAndContributionMap":{"functional-code":{"insertions":140,"deletions":2},"test-code":{"insertions":145,"deletions":0}}},{"hash":"199e281732e382af88a65441b173a70872838792","isMergeCommit":false,"messageTitle":"Implement new testcases","messageBody":"","fileTypesAndContributionMap":{"test-code":{"insertions":8,"deletions":0}}},{"hash":"33a60386ce4b72a934160d74c80d31db62e1fa38","isMergeCommit":false,"messageTitle":"Implement edit-plan command","messageBody":"","fileTypesAndContributionMap":{"functional-code":{"insertions":37,"deletions":9},"test-code":{"insertions":0,"deletions":466}}},{"hash":"237bec023692648330a415c977d815e08123a564","isMergeCommit":false,"messageTitle":"Implement preliminary testcases for edit-plan command","messageBody":"","fileTypesAndContributionMap":{"functional-code":{"insertions":1,"deletions":1},"test-code":{"insertions":257,"deletions":1}}}]},{"date":"2023-10-20","commitResults":[{"hash":"2ce1c30734990b492253e3448d0b98d6103fd889","isMergeCommit":false,"messageTitle":"Implement testcases for edit-plan command","messageBody":"","fileTypesAndContributionMap":{"test-code":{"insertions":168,"deletions":12}}}]},{"date":"2023-10-26","commitResults":[{"hash":"e5b91361f3d8ac9da02f230f72377833d8390faa","isMergeCommit":true,"messageTitle":"Merge pull request #84 from jannnice/branch-UpdateDG","messageBody":"Add complete-plan DG","fileTypesAndContributionMap":{}},{"hash":"b4d8448b9813435bbd53a1ad396e407e49d814af","isMergeCommit":false,"messageTitle":"initial","messageBody":"","fileTypesAndContributionMap":{"docs":{"insertions":25,"deletions":7}}},{"hash":"0fa61b70c488ae80baef5837db2e5a0b378a19fd","isMergeCommit":false,"messageTitle":"Update DG with edit-plan command","messageBody":"","fileTypesAndContributionMap":{"docs":{"insertions":54,"deletions":5}}},{"hash":"9f374bd99006a72d83c5386a3623e1bc7764c1e8","isMergeCommit":false,"messageTitle":"Fix typo","messageBody":"","fileTypesAndContributionMap":{"docs":{"insertions":1,"deletions":1}}},{"hash":"46af8653c5696fab57a1ab6d4fd30d6fc97c502e","isMergeCommit":true,"messageTitle":"Merge pull request #89 from victorlaiyeeteng/branch-assertionsAndTrialRelease-V1.3","messageBody":"Remove sample friends","fileTypesAndContributionMap":{}},{"hash":"5021f08ae87a3c88ad914a8a0e0ae3c6a36cb3a0","isMergeCommit":true,"messageTitle":"Merge pull request #90 from jannnice/branch-CompletePlanBug","messageBody":"Resolve complete plan bug","fileTypesAndContributionMap":{}}]},{"date":"2023-10-29","commitResults":[{"hash":"ca34b186f981b6ae8099e91b4a1467f7073999c0","isMergeCommit":true,"messageTitle":"Merge pull request #93 from victorlaiyeeteng/branch-fixEditFriendFXMLBug-V1.3","messageBody":"Fix Bug: Editted Friend reflected in Plans","fileTypesAndContributionMap":{}}]}],"jannnice":[{"date":"2023-09-30","commitResults":[{"hash":"087cf9a5fc7724f7570100de62039d405a7b908e","isMergeCommit":false,"messageTitle":"Updated README page","messageBody":"","fileTypesAndContributionMap":{"docs":{"insertions":15,"deletions":10}}}]},{"date":"2023-10-04","commitResults":[{"hash":"64f386fb4d4ed33103bff92259e9a8cb26c436e3","isMergeCommit":false,"messageTitle":"Update CI Banner","messageBody":"","fileTypesAndContributionMap":{"docs":{"insertions":1,"deletions":1}}}]},{"date":"2023-10-16","commitResults":[{"hash":"7e802c5439dbafa8168e33ad6529cdbc46d467d3","isMergeCommit":false,"messageTitle":"Editing the Parse mechanism","messageBody":"","fileTypesAndContributionMap":{"functional-code":{"insertions":24,"deletions":1},"test-code":{"insertions":5,"deletions":5}}}]},{"date":"2023-10-17","commitResults":[{"hash":"37d9a5dc87bbd607af39f8c11238e55d4d04d9d9","isMergeCommit":false,"messageTitle":"Added in new testcases and Refining parse for help command","messageBody":"","fileTypesAndContributionMap":{"functional-code":{"insertions":5,"deletions":1},"test-code":{"insertions":20,"deletions":1}}},{"hash":"e4bc5445466889fa0b34f8e7978a100d820ec2bf","isMergeCommit":true,"messageTitle":"Merge pull request #41 from GohTengFong/branch-UpdateUI-V1.2","messageBody":"Update UI","fileTypesAndContributionMap":{}},{"hash":"29280994baf11dc180f19e26b9291e206c7a8a84","isMergeCommit":true,"messageTitle":"Merge pull request #49 from victorlaiyeeteng/branch-AddPlanCommand-V1.2","messageBody":"Test Files for AddPlanCommand and ListPlanCommand","fileTypesAndContributionMap":{}},{"hash":"481ee5573d086324467683378a5ae53e79881823","isMergeCommit":false,"messageTitle":"Added DeletePlanCommand feature","messageBody":"","fileTypesAndContributionMap":{"functional-code":{"insertions":104,"deletions":0},"test-code":{"insertions":162,"deletions":0}}}]},{"date":"2023-10-20","commitResults":[{"hash":"6d3a172829fbc9c41f5226965c61722cfa88483e","isMergeCommit":false,"messageTitle":"Bug fixes for the Command Parser","messageBody":"","fileTypesAndContributionMap":{"functional-code":{"insertions":24,"deletions":28},"other":{"insertions":272,"deletions":0},"test-code":{"insertions":3,"deletions":3}}},{"hash":"5122791339bc2227c9524275d3616c7624846404","isMergeCommit":false,"messageTitle":"remove htmlReport folder","messageBody":"","fileTypesAndContributionMap":{"other":{"insertions":0,"deletions":272}}},{"hash":"3d3516833202f7c9d2c3cd2a093d6cee1f15d947","isMergeCommit":true,"messageTitle":"Merge pull request #61 from Elijah5399/branch-FXML-V1.3","messageBody":"Initial FXML with plans list","fileTypesAndContributionMap":{}}]},{"date":"2023-10-21","commitResults":[{"hash":"97cd2fb81a640bbc95183efc38742b965927e24a","isMergeCommit":false,"messageTitle":"Made Friend Name displayed in Floating Bubble","messageBody":"","fileTypesAndContributionMap":{"functional-code":{"insertions":19,"deletions":4}}},{"hash":"6860d47f5efd80009b20085db0e7a2852bace235","isMergeCommit":true,"messageTitle":"Merge branch \u0027master\u0027 of github.com:jannnice/tp into branch-UpdateListPanel-v1.3","messageBody":"","fileTypesAndContributionMap":{}},{"hash":"4be580b435efd4fded8fa9d6902efeca72650ee2","isMergeCommit":true,"messageTitle":"Merge pull request #65 from victorlaiyeeteng/branch-FixDeleteFriendCommand-V1.3","messageBody":"Fix throwing of error when deleting friend involved in a plan","fileTypesAndContributionMap":{}},{"hash":"aa224da41565cca745db5cd228edfabd84cc75a5","isMergeCommit":true,"messageTitle":"Merge branch \u0027master\u0027 of github.com:jannnice/tp into branch-UpdateListPanel-v1.3","messageBody":"","fileTypesAndContributionMap":{}}]},{"date":"2023-10-23","commitResults":[{"hash":"a2e0f1969c3ec28596f19065a4bb53adbdaa1450","isMergeCommit":false,"messageTitle":"Added edit-plan command word in AddressBookParser","messageBody":"","fileTypesAndContributionMap":{"functional-code":{"insertions":3,"deletions":2}}},{"hash":"ca3cafa592849d79b1c940c3be175b8503b4aba5","isMergeCommit":false,"messageTitle":"Fixed a minor typo in the error message for add-plan command","messageBody":"","fileTypesAndContributionMap":{"functional-code":{"insertions":1,"deletions":1}}},{"hash":"5e978714f646a6b8b00d43b6a8356ae75597283b","isMergeCommit":true,"messageTitle":"Merge pull request #71 from jannnice/branch-EditCommandBug","messageBody":"Added Edit Plan command word in the AddressBookParser","fileTypesAndContributionMap":{}}]},{"date":"2023-10-24","commitResults":[{"hash":"823c2979fe4eab019bb5d80fe0abe4f1eed212f7","isMergeCommit":false,"messageTitle":"Editing theme of FXML","messageBody":"","fileTypesAndContributionMap":{"functional-code":{"insertions":49,"deletions":40}}}]},{"date":"2023-10-25","commitResults":[{"hash":"bf05a22afb86bed09f05161ae42407a611df5df2","isMergeCommit":false,"messageTitle":"Background made a shade darker","messageBody":"","fileTypesAndContributionMap":{"functional-code":{"insertions":2,"deletions":2}}}]},{"date":"2023-10-26","commitResults":[{"hash":"32327eb53187db3f50760a62ed814a0f6f85e989","isMergeCommit":false,"messageTitle":"Preliminary fix","messageBody":"","fileTypesAndContributionMap":{"functional-code":{"insertions":18,"deletions":2}}},{"hash":"4e015842e430617db5621e329502a7ea786c1234","isMergeCommit":false,"messageTitle":"Preliminary Changes","messageBody":"","fileTypesAndContributionMap":{"docs":{"insertions":70,"deletions":0}}},{"hash":"ea56b5da2d9b14f4c7c0a5283ea465bf065112f0","isMergeCommit":true,"messageTitle":"Merge branch \u0027master\u0027 of github.com:jannnice/tp into branch-UpdateDG","messageBody":"","fileTypesAndContributionMap":{}},{"hash":"4f82f99c67f7722ae3723842220a7be6607ce0fc","isMergeCommit":false,"messageTitle":"Activity Diagram added","messageBody":"","fileTypesAndContributionMap":{"docs":{"insertions":20,"deletions":0}}},{"hash":"0bcb30cdcf06c992ea677d7ef24d27724f2422b9","isMergeCommit":false,"messageTitle":"Edited DG and Created Diagrams","messageBody":"","fileTypesAndContributionMap":{"docs":{"insertions":40,"deletions":4}}},{"hash":"4d63d708b6ab1320df2b358496ba26cebaf059d8","isMergeCommit":false,"messageTitle":"Fixed typos","messageBody":"","fileTypesAndContributionMap":{"docs":{"insertions":2,"deletions":2}}},{"hash":"e36b5941f2b22c84b585c64b1c656f33ec8d2804","isMergeCommit":true,"messageTitle":"Merge pull request #87 from victorlaiyeeteng/branch-assertionsAndTrialRelease-V1.3","messageBody":"Enable assertions in build.gradle","fileTypesAndContributionMap":{}},{"hash":"fa14e5ab9853a27c3624a3837965b1d6465b5e1e","isMergeCommit":true,"messageTitle":"Merge pull request #88 from GohTengFong/branch-UpdateDG","messageBody":"Fix edit-plan activity diagram not showing","fileTypesAndContributionMap":{}},{"hash":"71155b4d6867e471e5f36eaa161c0641ee7f286d","isMergeCommit":false,"messageTitle":"modified JsonAdaptedPlan","messageBody":"","fileTypesAndContributionMap":{"functional-code":{"insertions":2,"deletions":3}}},{"hash":"c238d1c74750bca99a3f821ec08c307696e0a53a","isMergeCommit":true,"messageTitle":"Merge branch \u0027master\u0027 of github.com:jannnice/tp into branch-CompletePlanBug","messageBody":"","fileTypesAndContributionMap":{}},{"hash":"3163ec5870e34cf2f47c00bdf5df89c92886730f","isMergeCommit":false,"messageTitle":"Fixed Storage to keep track of completion status of plan","messageBody":"","fileTypesAndContributionMap":{"functional-code":{"insertions":11,"deletions":2}}},{"hash":"7651cccfe2c4188501228cdf5d8122e21b8fa9fa","isMergeCommit":false,"messageTitle":"Modified Plan Builder","messageBody":"","fileTypesAndContributionMap":{"test-code":{"insertions":11,"deletions":1}}}]},{"date":"2023-10-31","commitResults":[{"hash":"d7a4af158571c2a42ef79304e416162b3692a205","isMergeCommit":false,"messageTitle":"Changing App Title","messageBody":"","fileTypesAndContributionMap":{"functional-code":{"insertions":1,"deletions":1}}}]}],"redtailedfox":[{"date":"2023-10-02","commitResults":[{"hash":"1faaaf3fd71de0a397cfc568a6c5264ea1ec37d1","isMergeCommit":false,"messageTitle":"Edit Developer Guide rephrase user stories and use cases","messageBody":"","fileTypesAndContributionMap":{"docs":{"insertions":4,"deletions":4}}}]},{"date":"2023-10-15","commitResults":[{"hash":"9723b453fe9705bf7864951cedb25ec0724ea4dc","isMergeCommit":true,"messageTitle":"Merge pull request #31 from Elijah5399/branch-plansClass-V1.2","messageBody":"Add Plan class","fileTypesAndContributionMap":{}}]},{"date":"2023-10-17","commitResults":[{"hash":"5e7a8cce03ac6e622c237afb37c3965f7fb68ebf","isMergeCommit":true,"messageTitle":"Merge pull request #43 from Elijah5399/branch-plansClass-V1.2","messageBody":"Separate Plan fields into different classes","fileTypesAndContributionMap":{}},{"hash":"a30b5669f2215639840d927433329304c14ac161","isMergeCommit":false,"messageTitle":"Add Plans to addressbook and its associated functionalities","messageBody":"","fileTypesAndContributionMap":{"functional-code":{"insertions":241,"deletions":5},"test-code":{"insertions":51,"deletions":11}}},{"hash":"719e4c82b3b78a2f2ba693c396abfcaa810f1e3a","isMergeCommit":false,"messageTitle":"Add Plans to addressbook and its associated functionalities","messageBody":"","fileTypesAndContributionMap":{"functional-code":{"insertions":12,"deletions":4}}},{"hash":"6953f3bc884a401480dc377766c6f6845d9010b1","isMergeCommit":false,"messageTitle":"Add Plans to addressbook and its associated functionalities","messageBody":"","fileTypesAndContributionMap":{"functional-code":{"insertions":27,"deletions":1}}},{"hash":"a6bf93b000edee1df28a9e5f9b39e2efb17db8f2","isMergeCommit":false,"messageTitle":"Add Plans to addressbook and its associated functionalities","messageBody":"","fileTypesAndContributionMap":{"test-code":{"insertions":13,"deletions":11}}},{"hash":"1241b40fe5fe7b129549969d1870a31745e1a788","isMergeCommit":false,"messageTitle":"Add Plans to addressbook and its associated functionalities","messageBody":"","fileTypesAndContributionMap":{"test-code":{"insertions":2,"deletions":2}}},{"hash":"354856eb62b72f6504fa425eef7f87672e19baf2","isMergeCommit":false,"messageTitle":"Add Plans to addressbook and its associated functionalities","messageBody":"","fileTypesAndContributionMap":{"test-code":{"insertions":1,"deletions":1}}}]},{"date":"2023-10-18","commitResults":[{"hash":"3628ae9afc23132fffe9774d2bb010ffcbb0ed0d","isMergeCommit":true,"messageTitle":"Merge pull request #50 from jannnice/branch-DeletePlanCommand-v1.2","messageBody":"Added DeletePlanCommand feature","fileTypesAndContributionMap":{}}]},{"date":"2023-10-22","commitResults":[{"hash":"318b49657e7045b347cc14cc744963c35e844fb9","isMergeCommit":true,"messageTitle":"Merge pull request #67 from victorlaiyeeteng/branch-findPlanCommand-V1.3","messageBody":"Implement find-plan command","fileTypesAndContributionMap":{}}]},{"date":"2023-10-24","commitResults":[{"hash":"9e6b02056da1ee82e955435e010647c97c85df47","isMergeCommit":false,"messageTitle":"Refactor Storage class and its corresponding tests to include support for list of plans within the addressbook","messageBody":"","fileTypesAndContributionMap":{"functional-code":{"insertions":123,"deletions":2},"test-code":{"insertions":5,"deletions":5}}},{"hash":"543bc6c6a57e2d0d431d521a8415b263fcc134b0","isMergeCommit":true,"messageTitle":"Merge branch \u0027master\u0027 into editstorage","messageBody":"","fileTypesAndContributionMap":{}},{"hash":"db060856f8d838c24b7acac6982b896de91a775b","isMergeCommit":false,"messageTitle":"Add Plans to addressbook and its associated functionalities","messageBody":"","fileTypesAndContributionMap":{"test-code":{"insertions":4,"deletions":4}}},{"hash":"e0a23a6037601df30fe26ca9939df50995aeb99a","isMergeCommit":false,"messageTitle":"Add Plans to addressbook and its associated functionalities","messageBody":"","fileTypesAndContributionMap":{"functional-code":{"insertions":13,"deletions":11}}},{"hash":"f7cfd1bdd7e00f47f66f3055dd3b0c068e8cee8f","isMergeCommit":false,"messageTitle":"Add Plans to addressbook and its associated functionalities","messageBody":"","fileTypesAndContributionMap":{"functional-code":{"insertions":0,"deletions":2}}},{"hash":"fd5d9f171ed142bf596e297cd351fa7de0add6e2","isMergeCommit":false,"messageTitle":"Add Plans to addressbook and its associated functionalities","messageBody":"","fileTypesAndContributionMap":{"functional-code":{"insertions":5,"deletions":19}}},{"hash":"65df802417da400417d8a36926c7cbd11536196d","isMergeCommit":false,"messageTitle":"Add Plans to addressbook and its associated functionalities","messageBody":"","fileTypesAndContributionMap":{"functional-code":{"insertions":1,"deletions":2}}},{"hash":"ab161a5d9f1ed12db41c0bc5009f2b56ec69138f","isMergeCommit":false,"messageTitle":"Add Plans to addressbook and its associated functionalities","messageBody":"","fileTypesAndContributionMap":{"functional-code":{"insertions":0,"deletions":1}}}]},{"date":"2023-10-25","commitResults":[{"hash":"7803a18da7bad652789a472373a8d422c9e8289b","isMergeCommit":false,"messageTitle":"no message","messageBody":"","fileTypesAndContributionMap":{"functional-code":{"insertions":6,"deletions":6}}},{"hash":"be66b0f225ca958c87ed527b312b4cb2872bfd72","isMergeCommit":true,"messageTitle":"Merge branch \u0027master\u0027 into editstorage","messageBody":"","fileTypesAndContributionMap":{}},{"hash":"96d3917c77bd7c13d8b0dc43a30aaf58666275e6","isMergeCommit":false,"messageTitle":"Add Plans to addressbook and its associated functionalities","messageBody":"","fileTypesAndContributionMap":{"functional-code":{"insertions":7,"deletions":1}}},{"hash":"fb7beea4c1259e696e8fa29f65031ef36bfceb81","isMergeCommit":false,"messageTitle":"Add Plans to addressbook and its associated functionalities","messageBody":"","fileTypesAndContributionMap":{"functional-code":{"insertions":6,"deletions":0}}},{"hash":"559aecf1991375b791374444b293b61a8d53ecb2","isMergeCommit":false,"messageTitle":"Add Plans to addressbook and its associated functionalities","messageBody":"","fileTypesAndContributionMap":{"docs":{"insertions":9,"deletions":1}}},{"hash":"0eb02e48686bb94bc9faf3fb85b4ff3868747943","isMergeCommit":false,"messageTitle":"Refactor UML Diagrams for ModelClassDiagram and StorageClassDiagram","messageBody":"","fileTypesAndContributionMap":{"docs":{"insertions":1,"deletions":0}}}]},{"date":"2023-10-26","commitResults":[{"hash":"10d0b56d4720e68b80dd97cc1ea9c659db0009c6","isMergeCommit":false,"messageTitle":"Refactor UML Diagrams for ModelClassDiagram and StorageClassDiagram","messageBody":"","fileTypesAndContributionMap":{"docs":{"insertions":55,"deletions":32}}},{"hash":"4ebefdae46d938b2290cf8d8b3da41e5327f6bdd","isMergeCommit":false,"messageTitle":"Refactor UML Diagrams for ModelClassDiagram and StorageClassDiagram","messageBody":"","fileTypesAndContributionMap":{"docs":{"insertions":11,"deletions":9}}},{"hash":"70401c80c6ca815df9d15e857630a32a6266f8b0","isMergeCommit":false,"messageTitle":"Refactor UML Diagrams for ModelClassDiagram and StorageClassDiagram","messageBody":"","fileTypesAndContributionMap":{"docs":{"insertions":74,"deletions":40}}},{"hash":"3d34455e8b4bbb50f1b9871b773b61588c47d026","isMergeCommit":true,"messageTitle":"merge conflict resolved","messageBody":"","fileTypesAndContributionMap":{}}]},{"date":"2023-10-29","commitResults":[{"hash":"bf61fdeecc40555501d0d600839a6f6eee6e5120","isMergeCommit":true,"messageTitle":"Merge pull request #91 from Elijah5399/branch-dateTimeFix-V1.3","messageBody":"Add checks in PlanDateTime to ensure the entered string is in the future","fileTypesAndContributionMap":{}}]}],"Elijah5399":[{"date":"2023-09-22","commitResults":[{"hash":"9a634990d04c82748977053ae92c59d31d1f37ca","isMergeCommit":false,"messageTitle":"Customise docs","messageBody":"","fileTypesAndContributionMap":{"docs":{"insertions":172,"deletions":57}}}]},{"date":"2023-09-30","commitResults":[{"hash":"b2d84d9c9fdb1de693879fc8a8751df7e27c21e9","isMergeCommit":true,"messageTitle":"Merge pull request #16 from victorlaiyeeteng/branch-UpdateUG-V1.1","messageBody":"Update User Guide V1.1","fileTypesAndContributionMap":{}}]},{"date":"2023-10-14","commitResults":[{"hash":"b5e1a50feb4b95fc11c4b0f4ccbcaf5deafe4d67","isMergeCommit":false,"messageTitle":"Add Plan class","messageBody":"","fileTypesAndContributionMap":{"functional-code":{"insertions":75,"deletions":0}}}]},{"date":"2023-10-17","commitResults":[{"hash":"bfc1eebf82536f0178e1abf8683e5ef3a9afe2e6","isMergeCommit":false,"messageTitle":"Separate Plan fields into different classes","messageBody":"","fileTypesAndContributionMap":{"functional-code":{"insertions":135,"deletions":0},"other":{"insertions":24,"deletions":11}}}]},{"date":"2023-10-18","commitResults":[{"hash":"afb3de2a07429fe633e3683305effa979e95ecaa","isMergeCommit":true,"messageTitle":"Merge pull request #51 from GohTengFong/branch-CompletePlanCommand-V1.2","messageBody":"Implement more testcases for complete-plan command","fileTypesAndContributionMap":{}},{"hash":"045e9cc1a630f02b03295450200fb8d7e81da872","isMergeCommit":false,"messageTitle":"Initial test files","messageBody":"","fileTypesAndContributionMap":{"test-code":{"insertions":4,"deletions":0}}},{"hash":"77c3cf5e729274e4db09cfd36994b6f835480868","isMergeCommit":false,"messageTitle":"Initial test files 2","messageBody":"","fileTypesAndContributionMap":{"test-code":{"insertions":8,"deletions":0}}},{"hash":"dd83dfd5ebbd065b42497dafac4b3f6e3067b850","isMergeCommit":false,"messageTitle":"Add PlanTest","messageBody":"","fileTypesAndContributionMap":{"test-code":{"insertions":52,"deletions":1}}},{"hash":"57a8fc745bde24de37633b82a0fd8addd3c3b5c3","isMergeCommit":false,"messageTitle":"Add PlanDateTimeTest","messageBody":"","fileTypesAndContributionMap":{"test-code":{"insertions":58,"deletions":1}}},{"hash":"93f0bc6b0b4790412524486506353a081cf67f39","isMergeCommit":false,"messageTitle":"Change PlanNameTest","messageBody":"","fileTypesAndContributionMap":{"test-code":{"insertions":57,"deletions":1}}},{"hash":"bf22ac7326de611e878ae37a7880950c315d57f1","isMergeCommit":false,"messageTitle":"Modify PlanDateTime to accept only current/future years","messageBody":"","fileTypesAndContributionMap":{"functional-code":{"insertions":2,"deletions":2}}}]},{"date":"2023-10-19","commitResults":[{"hash":"b977e4973423623938a7bb6a35899722f8833ef3","isMergeCommit":false,"messageTitle":"Split the PersonListPanel space into two panels","messageBody":"","fileTypesAndContributionMap":{"functional-code":{"insertions":17,"deletions":6}}},{"hash":"5ca4699a809487be0f52ba3695a1e5349e24eb42","isMergeCommit":false,"messageTitle":"Add PlanListCard.fxml and PlanListPanel.fxml","messageBody":"","fileTypesAndContributionMap":{"functional-code":{"insertions":28,"deletions":0}}}]},{"date":"2023-10-20","commitResults":[{"hash":"2616289d6ac8c0e6233155fc3cfe4d29b0c3bbab","isMergeCommit":false,"messageTitle":"Add PlanListPanel and PlanListCard","messageBody":"","fileTypesAndContributionMap":{"functional-code":{"insertions":166,"deletions":24}}},{"hash":"eb95b30356da4f1f4e6f5314c712c5607e8d8da4","isMergeCommit":false,"messageTitle":"Add dateTime, friend and completionStatus into planCard UI","messageBody":"","fileTypesAndContributionMap":{"functional-code":{"insertions":21,"deletions":15}}},{"hash":"c0379718aa0ee31488c0f4343628bb4a46a3d2e3","isMergeCommit":false,"messageTitle":"Remove unnecessary comments","messageBody":"","fileTypesAndContributionMap":{"functional-code":{"insertions":1,"deletions":3}}},{"hash":"947ed318b9c4d1a394fbebe94ebc4e06b273c6f0","isMergeCommit":false,"messageTitle":"Fix checkstyle violations and add plans header","messageBody":"","fileTypesAndContributionMap":{"functional-code":{"insertions":24,"deletions":4}}}]},{"date":"2023-10-22","commitResults":[{"hash":"e2b965724be59041c0d3b868ef3b24d611c2b199","isMergeCommit":true,"messageTitle":"Merge branch \u0027master\u0027 into branch-EditPlanCommand-V1.3","messageBody":"","fileTypesAndContributionMap":{}},{"hash":"596c31c2b64d840981e528c8a0be1e0e3bf2bd8a","isMergeCommit":false,"messageTitle":"Update AddressBookParser.java","messageBody":"","fileTypesAndContributionMap":{"functional-code":{"insertions":1,"deletions":1}}},{"hash":"d1c5cec684c2ecb9cbdfe3d614e1208f9e739a78","isMergeCommit":true,"messageTitle":"Merge pull request #63 from GohTengFong/branch-EditPlanCommand-V1.3","messageBody":"Implement edit-plan command","fileTypesAndContributionMap":{}},{"hash":"3f520ebf7e98ce102508bd28b9164d1c6e637fa6","isMergeCommit":true,"messageTitle":"Merge pull request #66 from jannnice/branch-UpdateListPanel-v1.3","messageBody":"Updated the Plan List Panel","fileTypesAndContributionMap":{}},{"hash":"06414a0f6cb9e385110c32271f275934aa3ef41b","isMergeCommit":false,"messageTitle":"Add additional tests for Plan::isSamePerson","messageBody":"","fileTypesAndContributionMap":{"test-code":{"insertions":27,"deletions":0}}}]},{"date":"2023-10-24","commitResults":[{"hash":"d26084d612a0602735945fb503a17f81b5dfe3c5","isMergeCommit":false,"messageTitle":"Add scaffolding for DG","messageBody":"","fileTypesAndContributionMap":{"docs":{"insertions":102,"deletions":1}}},{"hash":"b4641270c7a00ad230ae384975e971274af5c5d1","isMergeCommit":true,"messageTitle":"Merge pull request #75 from victorlaiyeeteng/branch-DG1-V1.3","messageBody":"Add Implementation of Edit-Plan in DG","fileTypesAndContributionMap":{}},{"hash":"b33d0ff223e04bfcc7ecb23bb18e14fe704fc695","isMergeCommit":false,"messageTitle":"Add add-plan activity diagram and more detailed explanation","messageBody":"","fileTypesAndContributionMap":{"docs":{"insertions":205,"deletions":8}}}]},{"date":"2023-10-25","commitResults":[{"hash":"a9782241ee003950bb6609c2733c3668c8d9b8a5","isMergeCommit":true,"messageTitle":"Merge pull request #77 from redtailedfox/editstorage","messageBody":"Editstorage","fileTypesAndContributionMap":{}},{"hash":"f722d8ae5c89fa645cbf7586953b1099771d90d1","isMergeCommit":true,"messageTitle":"Merge pull request #78 from redtailedfox/editstorage","messageBody":"editstorage","fileTypesAndContributionMap":{}},{"hash":"2a5496df793342402f20c7fdfa52aea8020278b3","isMergeCommit":false,"messageTitle":"Sync with remote","messageBody":"","fileTypesAndContributionMap":{"functional-code":{"insertions":1,"deletions":0}}},{"hash":"cbaaf8d9a5a1c5552dc923f80e7127e3d09cee0b","isMergeCommit":false,"messageTitle":"Remove assert sttatement","messageBody":"","fileTypesAndContributionMap":{"functional-code":{"insertions":0,"deletions":1}}}]},{"date":"2023-10-26","commitResults":[{"hash":"a24ce8d56ed5bb2595b9755c37a63231ad2ad012","isMergeCommit":true,"messageTitle":"Merge pull request #85 from GohTengFong/branch-UpdateDG","messageBody":"Update DG with \"edit-plan\" command","fileTypesAndContributionMap":{}},{"hash":"08d56d71a718fdace2590d386dc1cc8de3472926","isMergeCommit":true,"messageTitle":"Merge pull request #79 from jannnice/branch-UpdateFXMLv1.3","messageBody":"Editing theme of FXML closes #54 ","tags":["v1.3"],"fileTypesAndContributionMap":{}}]},{"date":"2023-10-28","commitResults":[{"hash":"efb91d20fab02487b46d6c5bde5c0e61ee9edb4d","isMergeCommit":false,"messageTitle":"Add checks in PlanDateTime to ensure the entered string is in the future","messageBody":"","fileTypesAndContributionMap":{"functional-code":{"insertions":26,"deletions":1},"test-code":{"insertions":24,"deletions":3}}},{"hash":"32e133a96d0514eda105b17c5390d7a6e9dd33d6","isMergeCommit":false,"messageTitle":"Add 0000 year testcase","messageBody":"","fileTypesAndContributionMap":{"test-code":{"insertions":1,"deletions":0}}}]},{"date":"2023-10-31","commitResults":[{"hash":"f0e10b7c4c11854cfd1e9884d515076bca061b4f","isMergeCommit":true,"messageTitle":"Merge pull request #96 from jannnice/branch-FXML2.0","messageBody":"Changing App Title","fileTypesAndContributionMap":{}}]}]},"authorFileTypeContributionMap":{"victorlaiyeeteng":{"docs":389,"functional-code":517,"test-code":799,"other":5},"GohTengFong":{"docs":254,"functional-code":626,"test-code":736},"jannnice":{"docs":146,"functional-code":220,"test-code":192},"redtailedfox":{"docs":80,"functional-code":374,"test-code":45},"Elijah5399":{"docs":370,"functional-code":443,"test-code":225,"other":10}},"authorContributionVariance":{"victorlaiyeeteng":41319.953,"GohTengFong":49253.63,"jannnice":11341.1875,"redtailedfox":5428.909,"Elijah5399":6186.552},"authorDisplayNameMap":{"victorlaiyeeteng":"CS2103T-W16-4 LAI ..CTOR","GohTengFong":"CS2103T-W16-4 GOH ..FONG","jannnice":"CS2103T-W16-4 JANN..TONO","redtailedfox":"CS2103T-W16-4 HO H.. WEI","Elijah5399":"CS2103T-W16-4 CHIA..IJAH"}}
