{"authorDailyContributionsMap":{"czhiruo":[{"date":"2023-09-27","commitResults":[{"hash":"3aaf188dee5b1c281a56ef190a5a8a5b0e0a66a5","isMergeCommit":true,"messageTitle":"Merge pull request #2 from nus-cs2103-AY2324S1/master","messageBody":"Add puml files for tutorial class diagrams","fileTypesAndContributionMap":{}}]},{"date":"2023-09-30","commitResults":[{"hash":"4a0a596d98f1a5fb7e3ab6f7809c1f7f4efc3b32","isMergeCommit":true,"messageTitle":"Merge pull request #13 from peiran18/peiran-update-UG","messageBody":"Update UG","fileTypesAndContributionMap":{}}]},{"date":"2023-10-01","commitResults":[{"hash":"3bb948ccd7dd801e6ba13658a4f55f5c2e2d8762","isMergeCommit":false,"messageTitle":"Update AboutUs.md","messageBody":"","fileTypesAndContributionMap":{"docs":{"insertions":2,"deletions":2}}},{"hash":"a5c48d39405c958eefe7d355c4eef9a3feef0106","isMergeCommit":false,"messageTitle":"Create czhiruo.md","messageBody":"","fileTypesAndContributionMap":{"docs":{"insertions":25,"deletions":0}}},{"hash":"8030308df895f455e2f28470a44c835db59febc8","isMergeCommit":false,"messageTitle":"Update Sitewide Settings","messageBody":"","fileTypesAndContributionMap":{"docs":{"insertions":25,"deletions":0}}}]},{"date":"2023-10-05","commitResults":[{"hash":"d63c370571eb0d76c5595d11c75ac76624a530d2","isMergeCommit":false,"messageTitle":"Update Add Application Section to Developer Guide","messageBody":"","fileTypesAndContributionMap":{"docs":{"insertions":12,"deletions":1}}}]},{"date":"2023-10-16","commitResults":[{"hash":"b29c781ca6bfec6121653f8aa4b9509b880e997b","isMergeCommit":false,"messageTitle":"Update help message displayed at help window","messageBody":"Changes:\n1. HELP_MESSAGE_COMMANDS has been updated to contain all the commands currently.\n2. User Guide has been updated to include help command.\n3. Unknown Command message now directs users to use the help command.\n","fileTypesAndContributionMap":{"functional-code":{"insertions":14,"deletions":4},"docs":{"insertions":15,"deletions":0}}},{"hash":"616e9e4738c2d4be2d51f5be054e77d0db0bcfa2","isMergeCommit":false,"messageTitle":"Update code to pass checkstyle tests","messageBody":"","fileTypesAndContributionMap":{"functional-code":{"insertions":2,"deletions":1}}},{"hash":"ef3beef2387bd4304d01394ce971ed1e934c3e28","isMergeCommit":true,"messageTitle":"Merge pull request #52 from JeremyYong128/update-company-regex","messageBody":"Update `Company` requirements","fileTypesAndContributionMap":{}},{"hash":"c5ac5c307a8f52c2795f5dfc06bfb7473634b74c","isMergeCommit":true,"messageTitle":"Merge pull request #53 from JeremyYong128/update-UI-messages","messageBody":"Update user messages","fileTypesAndContributionMap":{}},{"hash":"53eedee95d463fd2d877fb20816212131df15edc","isMergeCommit":true,"messageTitle":"Merge pull request #54 from czhiruo/update-help-command","messageBody":"Update help message displayed at help window","fileTypesAndContributionMap":{}}]},{"date":"2023-10-18","commitResults":[{"hash":"1a69badf20274d065f5192dbd5f391adeab173bd","isMergeCommit":true,"messageTitle":"Merge pull request #57 from evanyan13/evan-config-gradle","messageBody":"Config build.gradle for shadowJar","fileTypesAndContributionMap":{}}]}],"peiran18":[{"date":"2023-09-29","commitResults":[{"hash":"22befbbca76c06956a45fac378ecf08e7ca8d044","isMergeCommit":true,"messageTitle":"Merge branch \u0027master\u0027 of https://github.com/AY2324S1-CS2103T-W12-3/tp","messageBody":"","fileTypesAndContributionMap":{}},{"hash":"494f691b6f94ff8de74e62911d16f9e2c74af52a","isMergeCommit":true,"messageTitle":"Merge pull request #12 from evanyan13/evan-about-us","messageBody":"Update About Us (Evan)","fileTypesAndContributionMap":{}},{"hash":"13dd1808bcdd9e7dd0226919c4b3c0083d320bf1","isMergeCommit":true,"messageTitle":"Merge branch \u0027master\u0027 of https://github.com/AY2324S1-CS2103T-W12-3/tp","messageBody":"","fileTypesAndContributionMap":{}}]},{"date":"2023-09-30","commitResults":[{"hash":"e0b22dc4d8d91037eac2212d4f3b3811cab08d8a","isMergeCommit":false,"messageTitle":"Update user guide according to v1.2","messageBody":"Includes add, delete, list, mark, set deadline commands.\n","fileTypesAndContributionMap":{"docs":{"insertions":135,"deletions":57}}},{"hash":"7e71777bf0526f6a9875deb2ef93bb0a4813236f","isMergeCommit":false,"messageTitle":"Update user guide according to v1.2","messageBody":"Includes add, delete, list, mark, set deadline commands.\n","fileTypesAndContributionMap":{"docs":{"insertions":1,"deletions":0}}}]},{"date":"2023-10-02","commitResults":[{"hash":"9fdc1bc07984824583503550a6359f00277e1b01","isMergeCommit":false,"messageTitle":"Update PPP and about us","messageBody":"","fileTypesAndContributionMap":{"docs":{"insertions":31,"deletions":4}}},{"hash":"8ca23bc6de51747fbfd5b28b4aa003ddaff51a5d","isMergeCommit":true,"messageTitle":"Merge branch \u0027peiran-update-UG\u0027","messageBody":"","fileTypesAndContributionMap":{}}]},{"date":"2023-10-04","commitResults":[{"hash":"0ebf96edec268c138a575e0e55385d41cc667e45","isMergeCommit":true,"messageTitle":"Merge pull request #22 from evanyan13/evan-about-us","messageBody":"Update About Us","fileTypesAndContributionMap":{}},{"hash":"85b34a1df4614eb9e332ae63eccb49c4413265af","isMergeCommit":true,"messageTitle":"Merge pull request #24 from evanyan13/evan-ug-dg","messageBody":"Update Documentations","fileTypesAndContributionMap":{}},{"hash":"252e68a18cc823cc7f49be45ab7a3a72d6d5545f","isMergeCommit":true,"messageTitle":"Merge remote-tracking branch \u0027origin/master\u0027","messageBody":"","fileTypesAndContributionMap":{}}]},{"date":"2023-10-05","commitResults":[{"hash":"3c017b0f826edfdd4430760b0812275aed18b38e","isMergeCommit":false,"messageTitle":"Update DG and UG","messageBody":"Add use case for marking an application.\nFormat DG and UG.\n","fileTypesAndContributionMap":{"docs":{"insertions":51,"deletions":448}}}]},{"date":"2023-10-10","commitResults":[{"hash":"5090c6b8d2599d9852a81d883f6d15f714f385ec","isMergeCommit":true,"messageTitle":"Merge pull request #42 from evanyan13/evan-update-applicationbook","messageBody":"Update AddressBook to ApplicationBook","fileTypesAndContributionMap":{}}]},{"date":"2023-10-13","commitResults":[{"hash":"90724e8e93cb6d970c81f97ddb9849db118c198f","isMergeCommit":true,"messageTitle":"Merge branch \u0027master\u0027 of https://github.com/peiran18/tp","messageBody":"","fileTypesAndContributionMap":{}},{"hash":"38c723b46e5ea5b271e12c5571dc98a28cadac4a","isMergeCommit":false,"messageTitle":"Add javadocs for Delete Command","messageBody":"","fileTypesAndContributionMap":{"functional-code":{"insertions":23,"deletions":0}}}]},{"date":"2023-10-14","commitResults":[{"hash":"3689712b0a1a0e955584a20855ced38e501d7da7","isMergeCommit":true,"messageTitle":"Merge pull request #49 from JeremyYong128/update-predicate","messageBody":"Updated FieldContainsKeywordsPredicate class","fileTypesAndContributionMap":{}},{"hash":"0caf6ac7b4ef6a1ec88861835aa9dd9476e93f7a","isMergeCommit":true,"messageTitle":"Merge branch \u0027master\u0027 of https://github.com/peiran18/tp","messageBody":"","fileTypesAndContributionMap":{}},{"hash":"698d5d4b573f351046e4e2b3dba44ee4616a722a","isMergeCommit":true,"messageTitle":"Merge pull request #50 from JeremyYong128/update-DG-find","messageBody":"Update UG","fileTypesAndContributionMap":{}}]},{"date":"2023-10-15","commitResults":[{"hash":"04335b1c895d9d687662197dbaf212a40a5a8700","isMergeCommit":false,"messageTitle":"Add Mark Command","messageBody":"Marks status of application as TO_BE_SUBMITTED, PENDING, APPROVED, REJECTED.\nUser input must match one of the options (not case sensitive).\n","fileTypesAndContributionMap":{"functional-code":{"insertions":305,"deletions":40}}},{"hash":"b79386899d807cc603bbcd95de062fed4bc5c740","isMergeCommit":false,"messageTitle":"Update existing test cases for mark command","messageBody":"","fileTypesAndContributionMap":{"functional-code":{"insertions":13,"deletions":4},"test-code":{"insertions":67,"deletions":30}}}]},{"date":"2023-10-16","commitResults":[{"hash":"bc4975a5b73895885e9a319be6bfbfab2efcfcab","isMergeCommit":false,"messageTitle":"Add test for MarkCommand and MarkCommandParser","messageBody":"Some commented out test to be implemented in the future.\n","fileTypesAndContributionMap":{"functional-code":{"insertions":13,"deletions":12},"test-code":{"insertions":212,"deletions":2}}},{"hash":"ce05f135dc4592f33b76df520581e0593cf0898b","isMergeCommit":true,"messageTitle":"Merge branch \u0027master\u0027 into peiran-MarkCommand","messageBody":"","fileTypesAndContributionMap":{}},{"hash":"ec6b0789ad5c4682442138a0d672e2c1164cafe7","isMergeCommit":true,"messageTitle":"Merge branch \u0027AY2324S1-CS2103T-W12-3:master\u0027 into master","messageBody":"","fileTypesAndContributionMap":{}},{"hash":"05e7fe15c3519d22320bebd3bd38c5213ea44763","isMergeCommit":true,"messageTitle":"Merge branch \u0027master\u0027 of https://github.com/peiran18/tp into peiran-MarkCommand","messageBody":"# Conflicts:\n#\tsrc/main/java/seedu/application/logic/Messages.java\n#\tsrc/test/java/seedu/application/logic/commands/CommandTestUtil.java\n#\tsrc/test/java/seedu/application/storage/JsonAdaptedJobTest.java\n","fileTypesAndContributionMap":{}},{"hash":"644df724a434809a3b394626308d80e804db15c4","isMergeCommit":true,"messageTitle":"Merge remote-tracking branch \u0027origin/peiran-MarkCommand\u0027 into peiran-MarkCommand","messageBody":"# Conflicts:\n#\tsrc/main/java/seedu/application/logic/Messages.java\n","fileTypesAndContributionMap":{}}]}],"evanyan13":[{"date":"2023-09-27","commitResults":[{"hash":"95cb1716050277b21f0867d4594afe2d261772a4","isMergeCommit":false,"messageTitle":"Update About Us","messageBody":"","fileTypesAndContributionMap":{"docs":{"insertions":58,"deletions":16}}},{"hash":"3decae9f3ca9bbaac2a63bc6eac1fb5357838e85","isMergeCommit":false,"messageTitle":"Update README","messageBody":"","fileTypesAndContributionMap":{"docs":{"insertions":5,"deletions":9}}},{"hash":"8929fc9cd1c31539bdb9f6e2b43118029c3ff81c","isMergeCommit":true,"messageTitle":"Merge pull request #1 from AY2324S1-CS2103T-W12-3/master","messageBody":"Merge from master","fileTypesAndContributionMap":{}},{"hash":"e8bdca94025b2d7e7c800da7eaa329c218d4e03d","isMergeCommit":true,"messageTitle":"Merge pull request #2 from AY2324S1-CS2103T-W12-3/master","messageBody":"Update branch from master","fileTypesAndContributionMap":{}},{"hash":"add79cdee24084f415388d08a0dbd3d9f4118565","isMergeCommit":false,"messageTitle":"Edit README minor error","messageBody":"","fileTypesAndContributionMap":{"docs":{"insertions":2,"deletions":1}}},{"hash":"67e9b850e19692f9f0e88619466668eea6d4f04e","isMergeCommit":false,"messageTitle":"Edit checkstyle","messageBody":"","fileTypesAndContributionMap":{"docs":{"insertions":4,"deletions":19}}},{"hash":"bc291f42ebd8122e4d1974672deed9064e9b41df","isMergeCommit":false,"messageTitle":"Edit syntax error for checkstyle","messageBody":"","fileTypesAndContributionMap":{"docs":{"insertions":8,"deletions":8}}},{"hash":"ff97972f443a356ee6a6bdc1d316a8834ee7fd33","isMergeCommit":false,"messageTitle":"Edit syntax","messageBody":"","fileTypesAndContributionMap":{"docs":{"insertions":2,"deletions":2}}}]},{"date":"2023-09-29","commitResults":[{"hash":"fc44fcb57bf43c17a1c9e9f628febaa020b54c2d","isMergeCommit":false,"messageTitle":"Update PPP","messageBody":"","fileTypesAndContributionMap":{"docs":{"insertions":1,"deletions":1}}}]},{"date":"2023-10-01","commitResults":[{"hash":"8abaf6afd166a0685d517c0ba510f384db6b5726","isMergeCommit":true,"messageTitle":"Merge pull request #3 from AY2324S1-CS2103T-W12-3/master","messageBody":"Merge from main branch","fileTypesAndContributionMap":{}},{"hash":"e5708e15afa5088697a280f3bb6fd8587bd74440","isMergeCommit":true,"messageTitle":"Merge pull request #17 from JeremyYong128/tutorial-adding-command","messageBody":"","fileTypesAndContributionMap":{}},{"hash":"d74a7ae864cf3777fb6ca06388a79fe91e1ba10e","isMergeCommit":true,"messageTitle":"Merge branch \u0027AY2324S1-CS2103T-W12-3:master\u0027 into master","messageBody":"","fileTypesAndContributionMap":{}}]},{"date":"2023-10-02","commitResults":[{"hash":"abe8fd7131152724c7a1debbf1592d71a7dbc6ef","isMergeCommit":true,"messageTitle":"Merge pull request #19 from peiran18/peiran-update-UG","messageBody":"Update PPP and about us","fileTypesAndContributionMap":{}},{"hash":"5e168198005e5ed8a87ccb0144bfc14efa65614d","isMergeCommit":true,"messageTitle":"Merge branch \u0027AY2324S1-CS2103T-W12-3:master\u0027 into master","messageBody":"","fileTypesAndContributionMap":{}},{"hash":"72d66e500c7be8d5521748f91c1c728fc7e38be0","isMergeCommit":false,"messageTitle":"Edit About Us","messageBody":"","fileTypesAndContributionMap":{"docs":{"insertions":1,"deletions":1}}},{"hash":"c1e5266fb3cc516dc0460dcd28bcb4d7492c1c02","isMergeCommit":true,"messageTitle":"Merge branch \u0027master\u0027 of https://github.com/evanyan13/tp","messageBody":"","fileTypesAndContributionMap":{}},{"hash":"6c9868d14ef1f783808d582841f1aed586313af3","isMergeCommit":true,"messageTitle":"Merge pull request #21 from migfoo02/master","messageBody":"Update AboutUs.md","fileTypesAndContributionMap":{}}]},{"date":"2023-10-03","commitResults":[{"hash":"58c64d3becbdac14ae43a24ae7fefda20fdcc627","isMergeCommit":true,"messageTitle":"Merge branch \u0027AY2324S1-CS2103T-W12-3:master\u0027 into master","messageBody":"","fileTypesAndContributionMap":{}},{"hash":"b7d46aa3245e9cc215093215102dd306c0791f72","isMergeCommit":false,"messageTitle":"Edit AboutUs","messageBody":"","fileTypesAndContributionMap":{"docs":{"insertions":0,"deletions":2}}},{"hash":"e2712fa8f88dec238bb200940ad1890104cb837d","isMergeCommit":true,"messageTitle":"Merge branch \u0027master\u0027 of https://github.com/evanyan13/tp","messageBody":"","fileTypesAndContributionMap":{}},{"hash":"c62cc8cb7420111b011d0cf06353fd8ce9ef23a8","isMergeCommit":false,"messageTitle":"Edit syntax error","messageBody":"","fileTypesAndContributionMap":{"docs":{"insertions":18,"deletions":18}}},{"hash":"b41dd0f2667399522af1a1836f4f7d5a2247b1da","isMergeCommit":false,"messageTitle":"Edit syntax error for UserGuide","messageBody":"","fileTypesAndContributionMap":{"functional-code":{"insertions":1,"deletions":2},"docs":{"insertions":7,"deletions":6}}},{"hash":"49e1d83169fe7f53fd26e3f121be2aeb1053038e","isMergeCommit":false,"messageTitle":"Add member photos for About Us","messageBody":"","fileTypesAndContributionMap":{"docs":{"insertions":6,"deletions":6}}},{"hash":"05510a3f98c191bdc0c3c38b1598fe7942150c8f","isMergeCommit":false,"messageTitle":"Edit checkstyle errors","messageBody":"","fileTypesAndContributionMap":{"functional-code":{"insertions":10,"deletions":2},"other":{"insertions":1,"deletions":1}}},{"hash":"03dd00502ee32b5e7ce630da9d1c8745dd8d541c","isMergeCommit":false,"messageTitle":"Edit checkstyle errors in Test","messageBody":"","fileTypesAndContributionMap":{"test-code":{"insertions":18,"deletions":9}}}]},{"date":"2023-10-04","commitResults":[{"hash":"95a10ad1220ec29ae87bb9908908d00cf549605d","isMergeCommit":false,"messageTitle":"Update UG, DG and About Us","messageBody":"","fileTypesAndContributionMap":{"docs":{"insertions":95,"deletions":39}}},{"hash":"69345c3cff4e85cefb3e8944bec6127ea4e158c9","isMergeCommit":false,"messageTitle":"Update About Us","messageBody":"","fileTypesAndContributionMap":{"docs":{"insertions":7,"deletions":7}}},{"hash":"96b735e72c4175852c52c1f8deaa4b580ba48be6","isMergeCommit":true,"messageTitle":"Merge pull request #27 from JeremyYong128/add-jobApp-class","messageBody":"Change Person Class to Job Class","fileTypesAndContributionMap":{}}]},{"date":"2023-10-05","commitResults":[{"hash":"fa6c2bc0583222d048dc42d24f7913e4a77391c5","isMergeCommit":true,"messageTitle":"Merge pull request #28 from peiran18/peiran-update-DG","messageBody":"","fileTypesAndContributionMap":{}}]},{"date":"2023-10-06","commitResults":[{"hash":"3c35e0bc63191d9040743cbd5769a3d208086d86","isMergeCommit":true,"messageTitle":"Merge pull request #33 from migfoo02/master","messageBody":"Update DG and change address in AboutUs.md","fileTypesAndContributionMap":{}},{"hash":"7ef17fcb3db73c8e9934ea62eaf641f446246f1d","isMergeCommit":false,"messageTitle":"Logic: Teach the app to accept \u0027remark\u0027 arguments","messageBody":"Modify RemarkCommand to take in an Index and String for remark, and\n\nModify RemarkCommandTest to test the equals method\n\nAdd RemarkCommandParser that will know how to parse two arguments, one\nindex and one with prefix \u0027r/\u0027\n\nAdd RemarkCommandParserTest that will test different boundary values\nfor RemarkCommandParser.\n\nReplace the error message with the actual logic to modify the remarks\nof a person.\n","fileTypesAndContributionMap":{"functional-code":{"insertions":239,"deletions":10},"docs":{"insertions":2,"deletions":2},"test-code":{"insertions":147,"deletions":6}}},{"hash":"ea3e8421afd44aa932f9a27eda3e068b3fc26786","isMergeCommit":true,"messageTitle":"Merge branch \u0027AY2324S1-CS2103T-W12-3:master\u0027 into master","messageBody":"","fileTypesAndContributionMap":{}},{"hash":"f8bc8c988b1d2938cd83b8b86d313024f666a2e6","isMergeCommit":false,"messageTitle":"Revert \"Logic: Teach the app to accept \u0027remark\u0027 arguments\"","messageBody":"This reverts commit 7ef17fcb3db73c8e9934ea62eaf641f446246f1d.\n","fileTypesAndContributionMap":{"functional-code":{"insertions":10,"deletions":239},"docs":{"insertions":2,"deletions":2},"test-code":{"insertions":6,"deletions":147}}}]},{"date":"2023-10-10","commitResults":[{"hash":"06b49566b4b7fb8d89cddd72a72c31a459b25f63","isMergeCommit":false,"messageTitle":"Update AddressBook to ApplicationBook","messageBody":"","fileTypesAndContributionMap":{"functional-code":{"insertions":378,"deletions":374},"other":{"insertions":791,"deletions":791},"docs":{"insertions":13,"deletions":13},"test-code":{"insertions":334,"deletions":332}}}]},{"date":"2023-10-13","commitResults":[{"hash":"380cc7bfc18be18becd8e3c538c340c88dc0a8ad","isMergeCommit":false,"messageTitle":"Logic: Teach the app to accept ‘deadline’ arguments but still do nothing","messageBody":"Modify DeadlineCommand to take in an Index and\nString for deadline, and\nprint those two parameters as the error message\n\nModify DeadlineCommandTest to test the equals method\n\nAdd DeadlineCommandParser that will know how to parse two arguments, one\nindex and one with prefix ‘d/‘\n\nAdd DeadlineCommandParserTest that will test different boundary values\nfor DeadlineCommandParser.\n\nModify ApplicationBookParser to use the newly implemented\nDeadlineCommandParser\n\nModify ApplicationBookParserTest to ensure that what the user input\ngenerated the correct command.\n","fileTypesAndContributionMap":{"functional-code":{"insertions":100,"deletions":0},"test-code":{"insertions":112,"deletions":2}}},{"hash":"e7c0055508ff3d0f5e5c342cf4d0871a629da97d","isMergeCommit":false,"messageTitle":"Model: Modify Job to support a Deadline field Add Job#getDeadline()","messageBody":"Modify JobBuilder to support Deadline.\n\nModify AddCommand to create a Job with an empty Deadline.\n\nModify EditCommand to pass Deadline on unchanged.\n\nModify SampleDataUtil to add deadline for the sample data.\n\nAdd withDeadline() to JobBuilder.\n","fileTypesAndContributionMap":{"functional-code":{"insertions":156,"deletions":38},"test-code":{"insertions":14,"deletions":1}}},{"hash":"c0d745618270336cb695a528b7af45b96ec62744","isMergeCommit":false,"messageTitle":"Storage: Add Deadline field to JsonAdaptedJob class","messageBody":"","fileTypesAndContributionMap":{"functional-code":{"insertions":30,"deletions":17},"test-code":{"insertions":29,"deletions":8}}},{"hash":"2d94661c1d6f7b84821bd9db26b0e18f7d150f9b","isMergeCommit":false,"messageTitle":"Fix DeadlineCommand + DeadlineCommandParser","messageBody":"","fileTypesAndContributionMap":{"functional-code":{"insertions":43,"deletions":11},"test-code":{"insertions":13,"deletions":10}}}]},{"date":"2023-10-14","commitResults":[{"hash":"a37f4187f30b0dbcc4f17be964945aace33ccf32","isMergeCommit":false,"messageTitle":"Implement DeadlineCommandParser to update deadline to existing Job","messageBody":"","fileTypesAndContributionMap":{"functional-code":{"insertions":39,"deletions":8},"test-code":{"insertions":69,"deletions":17}}},{"hash":"51409b1fe395df84d5ffd4c56301adad4efa8f2b","isMergeCommit":false,"messageTitle":"Resolve checkstyle errors","messageBody":"","fileTypesAndContributionMap":{"functional-code":{"insertions":43,"deletions":28},"docs":{"insertions":66,"deletions":41},"test-code":{"insertions":6,"deletions":4}}}]},{"date":"2023-10-15","commitResults":[{"hash":"f47487bfa03c624441e3eab294a5c559b3f173b0","isMergeCommit":true,"messageTitle":"Merge pull request #51 from JeremyYong128/fix-deadline-command","messageBody":"","fileTypesAndContributionMap":{}}]},{"date":"2023-10-16","commitResults":[{"hash":"820dc5a64507716d54fab516f4e0519e41803b0a","isMergeCommit":true,"messageTitle":"Merge pull request #56 from migfoo02/miguel-model-code-quality","messageBody":"Fix code quality in Model","fileTypesAndContributionMap":{}},{"hash":"c903d9abcbac23e23f400ef27552386f7fb10a58","isMergeCommit":true,"messageTitle":"Merge branch \u0027master\u0027 into peiran-MarkCommand","messageBody":"","fileTypesAndContributionMap":{}},{"hash":"37a0b850286d5b7d989e1beb350e4eee6148da73","isMergeCommit":true,"messageTitle":"Merge pull request #55 from peiran18/peiran-MarkCommand","messageBody":"Add Mark Command","tags":["v1.2"],"fileTypesAndContributionMap":{}},{"hash":"66885deaaa5ed10589ac5953dd43f12cba163490","isMergeCommit":false,"messageTitle":"Config build.gradle for shadowJar","messageBody":"","fileTypesAndContributionMap":{"other":{"insertions":1,"deletions":1},"test-code":{"insertions":12,"deletions":14}}},{"hash":"06b33d22df905c895d9d5edb73b7b2b083071315","isMergeCommit":true,"messageTitle":"Merge branch \u0027master\u0027 into evan-config-gradle","messageBody":"","fileTypesAndContributionMap":{}}]},{"date":"2023-10-18","commitResults":[{"hash":"9117fc44d0067b9b45c8265b5acaabd795d5d806","isMergeCommit":false,"messageTitle":"Update checkstyle error","messageBody":"","fileTypesAndContributionMap":{"docs":{"insertions":4,"deletions":4},"test-code":{"insertions":18,"deletions":19}}},{"hash":"5c9c99f98afbcd7c6baa85bc94448d29fc467d53","isMergeCommit":false,"messageTitle":"Update EditCommand to allow editing of deadline via edit d/ command","messageBody":"","fileTypesAndContributionMap":{"functional-code":{"insertions":46,"deletions":21},"test-code":{"insertions":25,"deletions":8}}},{"hash":"5cb74fe7afd7a7c113228669fe98dab371d6252b","isMergeCommit":false,"messageTitle":"Logic: Change the add and edit Deadline implementation to be executed under \"add\" and \"edit\" command","messageBody":"Modify AddCommand to support adding deadline.\nBut not compulsory to include deadline field in order to add a new Job.\n\nModify EditCommand to support edit deadline.\n\nChange PREFIX_ROLE from \"z/\" to \"r/\"\n\nUpdate relevant test cases for AddCommand, AddCommandParser, EditCommand \u0026 EditCommandParser.\n","fileTypesAndContributionMap":{"functional-code":{"insertions":68,"deletions":196},"test-code":{"insertions":31,"deletions":170}}},{"hash":"deae2926b85d571536ea1a483c5b2c4a4d5618ec","isMergeCommit":false,"messageTitle":"Add more test cases for AddCommandParserTest","messageBody":"","fileTypesAndContributionMap":{"test-code":{"insertions":54,"deletions":27}}}]}],"JeremyYong128":[{"date":"2023-10-01","commitResults":[{"hash":"1166dcfd4910f8019a4c237289f6562cb3cae442","isMergeCommit":true,"messageTitle":"Merge pull request #16 from czhiruo/update-sitewide-settings","messageBody":"Update Sitewide Settings","fileTypesAndContributionMap":{}},{"hash":"f66de2441d0dbf8b1a29e91ffdc98b680cfbe3bf","isMergeCommit":true,"messageTitle":"Merge pull request #15 from AY2324S1-CS2103T-W12-3/czhiruo-update-aboutus","messageBody":"Update About Us","fileTypesAndContributionMap":{}},{"hash":"4f2688201b3d317cef2b44ac63d5a0539a81a3f2","isMergeCommit":false,"messageTitle":"Completed the add command tutorial","messageBody":"","fileTypesAndContributionMap":{"functional-code":{"insertions":214,"deletions":21},"test-code":{"insertions":26,"deletions":12}}},{"hash":"321d91f9f422df7296960b72436f33c7333f4635","isMergeCommit":false,"messageTitle":"Fixed checkstyle errors","messageBody":"","fileTypesAndContributionMap":{"functional-code":{"insertions":1,"deletions":0},"docs":{"insertions":0,"deletions":12}}},{"hash":"6502262e90c8e1c5affa2410b7ea34b3c01585a9","isMergeCommit":true,"messageTitle":"Merge branch \u0027master\u0027 into tutorial-adding-command","messageBody":"","fileTypesAndContributionMap":{}},{"hash":"53d0ea774936bc0c70433aebb4d80369e64d3e04","isMergeCommit":false,"messageTitle":"Add Project Portfolio Page","messageBody":"","fileTypesAndContributionMap":{"docs":{"insertions":25,"deletions":0}}},{"hash":"0f8a768f1f7befda4d65be4b84f7f843261fe61c","isMergeCommit":true,"messageTitle":"Merge pull request #18 from JeremyYong128/add-jeremy-aboutme","messageBody":"Add Project Portfolio Page","fileTypesAndContributionMap":{}}]},{"date":"2023-10-04","commitResults":[{"hash":"16e754838e84b80b7cd3812af3a648dbe1a8f26d","isMergeCommit":true,"messageTitle":"Merge pull request #25 from migfoo02/tutorial-adding-commnad","messageBody":"Add Remark Command","fileTypesAndContributionMap":{}},{"hash":"457b0fc6d85adf89de5996bc9492a7008ee6dc84","isMergeCommit":false,"messageTitle":"Change Person to Job","messageBody":"Change the items in the list from Persons to Jobs to repurpose the app.\n\nEach Job comprises a role and a company.\n","fileTypesAndContributionMap":{"functional-code":{"insertions":742,"deletions":1487},"other":{"insertions":30,"deletions":34},"test-code":{"insertions":1253,"deletions":1931}}},{"hash":"fb84674e74387ffecd073e2c7c8281394d2e4fbd","isMergeCommit":true,"messageTitle":"Merge master into add-jobApp-class-test","messageBody":"","fileTypesAndContributionMap":{}}]},{"date":"2023-10-05","commitResults":[{"hash":"f84ca78202516191205d3943b29d9f6fb2f84eef","isMergeCommit":false,"messageTitle":"Update DG","messageBody":"Add use case for delete application.\n","fileTypesAndContributionMap":{"docs":{"insertions":17,"deletions":1}}},{"hash":"a2db8fca905b62fc544d10c2ee6b27f0473bb450","isMergeCommit":true,"messageTitle":"Merge pull request #30 from czhiruo/update-dg","messageBody":"Update Add Application Section to Developer Guide","fileTypesAndContributionMap":{}}]},{"date":"2023-10-12","commitResults":[{"hash":"9d88938cfece9177505c64c5432aa159368642a5","isMergeCommit":false,"messageTitle":"Modify Find Command to allow for finding by field","messageBody":"Instead of searching only by role, users now include a specifier to\nindicate which field they want to search by.\n","fileTypesAndContributionMap":{"functional-code":{"insertions":116,"deletions":56},"test-code":{"insertions":125,"deletions":107}}}]},{"date":"2023-10-14","commitResults":[{"hash":"f3f2b3f08a4ba5fe73351bd064ff3f914dfdc3fe","isMergeCommit":false,"messageTitle":"Add test cases for FieldContainsKeywordsPredicate","messageBody":"","fileTypesAndContributionMap":{"functional-code":{"insertions":0,"deletions":5},"test-code":{"insertions":139,"deletions":86}}},{"hash":"cea3b44aba484c1badbd3894df9dca0fa3f38005","isMergeCommit":false,"messageTitle":"Add test cases for FieldContainsKeywordsPredicate","messageBody":"","fileTypesAndContributionMap":{"test-code":{"insertions":4,"deletions":2}}},{"hash":"80f8b87b0ce35a25aac99113ca560050a5364e9c","isMergeCommit":true,"messageTitle":"Merge pull request #45 from peiran18/peiran-javadocs","messageBody":"Update javadocs for Delete Command","fileTypesAndContributionMap":{}},{"hash":"031ff760e3be3a64956dadba7e1f2858ce488103","isMergeCommit":true,"messageTitle":"Merge pull request #48 from evanyan13/evan-add-deadline-command","messageBody":"Add Deadline Command to ApplicationBook","fileTypesAndContributionMap":{}},{"hash":"f7871ae344847271ffcd8ff983b837de73510f5f","isMergeCommit":true,"messageTitle":"Merge branch \u0027master\u0027 into add-find-by-field","messageBody":"","fileTypesAndContributionMap":{}},{"hash":"153c92c2aa1f3817be47426905d95071ef6f1a55","isMergeCommit":true,"messageTitle":"Merge pull request #47 from migfoo02/miguel-change-role-company-behaviour","messageBody":"Reorder role and company in EditCommand","fileTypesAndContributionMap":{}},{"hash":"7a9cca4d3475b9d52a95f281b5254879ce4eb92f","isMergeCommit":false,"messageTitle":"Updated FieldContainsKeywordsPredicate class","messageBody":"* Reordered `role` and `company` in test class.\n* Changed `isValidSpecifier` to return a boolean.\n* Updated tests for `isValidSpecifier` accordingly.\n* Updated error message for invalid specifier.\n","fileTypesAndContributionMap":{"functional-code":{"insertions":12,"deletions":6},"test-code":{"insertions":6,"deletions":11}}},{"hash":"045409bfad8af09144052ea2fdeaea9d2bcc7d31","isMergeCommit":false,"messageTitle":"Update UG","messageBody":"Update the UG to reflect usage of the `find` command.\n","fileTypesAndContributionMap":{"docs":{"insertions":39,"deletions":8}}},{"hash":"8975e1b989ae006c5d35c52227a253d18f2318a7","isMergeCommit":false,"messageTitle":"Update FindCommandParserTest","messageBody":"Add test case to check that invalid specifiers are handled correctly.\n","fileTypesAndContributionMap":{"functional-code":{"insertions":0,"deletions":1},"test-code":{"insertions":8,"deletions":1}}}]},{"date":"2023-10-15","commitResults":[{"hash":"f8a024513606d25151d3cbd0178500520daa07c9","isMergeCommit":false,"messageTitle":"Update DeadlineCommand and DeadlineCommandTest","messageBody":"* Replaced `\"d/\"` with `PREFIX_DEADLINE`.\n* Renamed test by replacing `Person` with `Job`.\n","fileTypesAndContributionMap":{"functional-code":{"insertions":4,"deletions":2},"test-code":{"insertions":1,"deletions":1}}}]},{"date":"2023-10-16","commitResults":[{"hash":"787f1606922a7a550ab960bb8687709b7d2c1ac6","isMergeCommit":false,"messageTitle":"Update `Company` requirements","messageBody":"* Changed `Company.name` regex to accept symbols.\n* Changed relevant tests in CommandTestUtil, CompanyTest and\nJsonAdaptedJobTest\n","fileTypesAndContributionMap":{"functional-code":{"insertions":1,"deletions":1},"test-code":{"insertions":4,"deletions":4}}},{"hash":"13d7a132400b0000b61956f34a9dcf4b918ea08d","isMergeCommit":false,"messageTitle":"Update user messages","messageBody":"* Reordered `COMPANY` to be before `ROLE` in `AddCommand` usage.\n* `DeleteCommand`: Changed \"person\" to \"job\" in comment and successful\ndeletion string.\n* Changed `Company` to be the main field after adding a new `Job`.\n","fileTypesAndContributionMap":{"functional-code":{"insertions":8,"deletions":8}}}]},{"date":"2023-10-18","commitResults":[{"hash":"793842428339417cbb8793705c97b06bcdc506e0","isMergeCommit":true,"messageTitle":"Merge pull request #58 from evanyan13/evan-edit-deadline","messageBody":"Change implementation of edit and add deadline","fileTypesAndContributionMap":{}}]}],"migfoo02":[{"date":"2023-10-02","commitResults":[{"hash":"b42bbcdc660e1ee1f9482c73bf23f0855b922934","isMergeCommit":false,"messageTitle":"Update AboutUs.md","messageBody":"","fileTypesAndContributionMap":{"docs":{"insertions":2,"deletions":2}}},{"hash":"281cf1b3d984b70280ddd7196d3a2e4d6d1447d3","isMergeCommit":false,"messageTitle":"Updated AboutUs.md","messageBody":"","fileTypesAndContributionMap":{"docs":{"insertions":25,"deletions":0}}}]},{"date":"2023-10-04","commitResults":[{"hash":"7dd2dfcb63c0597afa4104785888831b48cbc4e3","isMergeCommit":false,"messageTitle":"Fix syntax","messageBody":"","fileTypesAndContributionMap":{"functional-code":{"insertions":1,"deletions":3}}}]},{"date":"2023-10-06","commitResults":[{"hash":"34ad23ad1ac7344b4e8b222b7b74db0458e2c5cb","isMergeCommit":true,"messageTitle":"Merge pull request #31 from JeremyYong128/add-delete-DG","messageBody":"Update DG","fileTypesAndContributionMap":{}},{"hash":"496ae6314f66b3be53d5cfff1a86ccd705245d74","isMergeCommit":false,"messageTitle":"Update DG and change address in AboutUs.md","messageBody":"","fileTypesAndContributionMap":{"docs":{"insertions":11,"deletions":8}}}]},{"date":"2023-10-13","commitResults":[{"hash":"5b33969b7a3cd2d79f14e89ff69278a69e1e82ef","isMergeCommit":false,"messageTitle":"Reorder role and company in EditCommand","messageBody":"","fileTypesAndContributionMap":{"functional-code":{"insertions":13,"deletions":13}}}]},{"date":"2023-10-14","commitResults":[{"hash":"23c1c753b621dca5bddc6e1fc97cafcc5db8af35","isMergeCommit":true,"messageTitle":"Merge pull request #44 from JeremyYong128/add-find-by-field","messageBody":"Modify Find Command to allow for finding by field","fileTypesAndContributionMap":{}}]},{"date":"2023-10-16","commitResults":[{"hash":"7d43216379fab09b0e8bd549702ad52c53443ff3","isMergeCommit":false,"messageTitle":"Fix code quality in Model","messageBody":"","fileTypesAndContributionMap":{"functional-code":{"insertions":14,"deletions":16}}}]}]},"authorFileTypeContributionMap":{"czhiruo":{"docs":46,"functional-code":15,"test-code":0},"peiran18":{"docs":126,"functional-code":332,"test-code":275},"evanyan13":{"docs":158,"functional-code":954,"test-code":840,"other":2},"JeremyYong128":{"docs":76,"functional-code":719,"test-code":1085},"migfoo02":{"docs":36,"functional-code":25,"test-code":0}},"authorContributionVariance":{"czhiruo":147.7064,"peiran18":17709.268,"evanyan13":352593.8,"JeremyYong128":1065424.0,"migfoo02":87.48148},"authorDisplayNameMap":{"czhiruo":"CS2103T-W12-3 CHEN..IRUO","peiran18":"CS2103T-W12-3 CHEN..IRAN","evanyan13":"CS2103T-W12-3 YAN ..DONG","JeremyYong128":"CS2103T-W12-3 JERE..MING","migfoo02":"CS2103T-W12-3 MIGU.. YEW"}}
