{"authorDailyContributionsMap":{"TehOPanas":[{"date":"2023-10-02","commitResults":[{"hash":"b82cb1984ffeb79ae24a682f70e41c5d3c0c4b8a","isMergeCommit":true,"messageTitle":"Merge pull request #30 from yucongkoo/branch-add-personal-details","messageBody":"Add personal information in AboutUs Page","fileTypesAndContributionMap":{}},{"hash":"a66cb23b9579d9b526b1752d426991289480a2bc","isMergeCommit":true,"messageTitle":"Merge pull request #33 from yucongkoo/branch-modify-dev-guide","messageBody":"Add Use Case: Add a person to developer guide","fileTypesAndContributionMap":{}},{"hash":"d03279adf5b079ebdb05c17908c45cf497deb514","isMergeCommit":true,"messageTitle":"Merge pull request #32 from yucongkoo/branch-modify-user-guide","messageBody":"Update user guide","fileTypesAndContributionMap":{}},{"hash":"cd64e83509bc2bbbe235ecf57dd0799aab745136","isMergeCommit":true,"messageTitle":"Merge pull request #31 from yucongkoo/branch-modify-README","messageBody":"Modify README.md","fileTypesAndContributionMap":{}}]},{"date":"2023-10-04","commitResults":[{"hash":"f8db896ad5c66819e10ad70cb2f69f7343f1fb6d","isMergeCommit":true,"messageTitle":"Merge pull request #35 from yucongkoo/branch-modify-dev-guide","messageBody":"Modify Use case: Add a person","fileTypesAndContributionMap":{}}]},{"date":"2023-10-05","commitResults":[{"hash":"3aec7b48401c1e553ded42ffd19f82e384f0ce3f","isMergeCommit":false,"messageTitle":"Add details of Lian Zhi Xuan in AboutMe, create skeletal PPP","messageBody":"","fileTypesAndContributionMap":{"docs":{"insertions":40,"deletions":5}}},{"hash":"3525b365e2824dc604f29e9a6f814cda6099e720","isMergeCommit":false,"messageTitle":"Add search use case into DG","messageBody":"","fileTypesAndContributionMap":{"docs":{"insertions":57,"deletions":26}}},{"hash":"89a670295386c8a5308e1789921509e4f359e1a0","isMergeCommit":false,"messageTitle":"Modify developer guide Search use case","messageBody":"","fileTypesAndContributionMap":{"docs":{"insertions":15,"deletions":16}}},{"hash":"17f17a83ddeaa468f6b80d96615c315c94ef8500","isMergeCommit":true,"messageTitle":"Merge branch \u0027master\u0027 into ModifyDG-LianZhiXuan","messageBody":"","fileTypesAndContributionMap":{}},{"hash":"df4c1f0d71e4f8631d9b22eb882de266302279b5","isMergeCommit":false,"messageTitle":"Add Intro and Quick Start into User Guide","messageBody":"","fileTypesAndContributionMap":{"docs":{"insertions":16,"deletions":85}}},{"hash":"499cd85717e841440ac658c1a54909ec5b8b6ac8","isMergeCommit":true,"messageTitle":"Merge branch \u0027master\u0027 into UpdateUG-LianZhiXuan","messageBody":"# Conflicts:\n#\tdocs/UserGuide.md\n","fileTypesAndContributionMap":{}},{"hash":"7bf5b5d398c08eac63db2895a44c24500fb0bd2d","isMergeCommit":false,"messageTitle":"Unify DG user case to single format","messageBody":"","fileTypesAndContributionMap":{"docs":{"insertions":11,"deletions":15}}}]},{"date":"2023-10-07","commitResults":[{"hash":"80207e30fb9e227518d86a063c0de7b74dcb87f5","isMergeCommit":false,"messageTitle":"Modify file name of PPP and photo","messageBody":"","fileTypesAndContributionMap":{"docs":{"insertions":2,"deletions":2}}}]},{"date":"2023-10-08","commitResults":[{"hash":"a68a0062a4d17d0c9ee6dc19ed1d7dd713516018","isMergeCommit":false,"messageTitle":"Improve the user stories and change the mistakes","messageBody":"","fileTypesAndContributionMap":{"docs":{"insertions":23,"deletions":22}}}]},{"date":"2023-10-09","commitResults":[{"hash":"589fb02853820d9e7e669b278c5606aba8921824","isMergeCommit":false,"messageTitle":"Improvement on user story","messageBody":"","fileTypesAndContributionMap":{"docs":{"insertions":2,"deletions":1}}},{"hash":"b14cc20e0db70892cec217d88632d7774ce1c06a","isMergeCommit":true,"messageTitle":"Merge pull request #68 from yucongkoo/branch-make-address-optional","messageBody":"Make address field in person optional ","fileTypesAndContributionMap":{}}]},{"date":"2023-10-11","commitResults":[{"hash":"9eb3cce2cb4869f3f3df0e16723bbf264cc3ef0f","isMergeCommit":false,"messageTitle":"Change validation format for name, phone and email","messageBody":"Names need to be alphabets and atmost 64 characters\n\nPhone number has to be 8 digits\n\nEmail format follows OWASP standard\n","fileTypesAndContributionMap":{"functional-code":{"insertions":33,"deletions":15},"test-code":{"insertions":41,"deletions":29}}}]},{"date":"2023-10-12","commitResults":[{"hash":"fa229e57bc86dd8c6690479112e45fe3a7ba2976","isMergeCommit":false,"messageTitle":"Fix checkstyle error","messageBody":"","fileTypesAndContributionMap":{"functional-code":{"insertions":8,"deletions":13},"test-code":{"insertions":7,"deletions":3}}},{"hash":"2a2f58ccbe0d688575ebc5e0497e5d54c6cd8533","isMergeCommit":true,"messageTitle":"Merge branch \u0027master\u0027 into ValidateInput_Add","messageBody":"","fileTypesAndContributionMap":{}},{"hash":"069bcb4c4897e3d2a80ebf33d025bd625bef0784","isMergeCommit":false,"messageTitle":"Update test case for NameTest, PhoneTest","messageBody":"","fileTypesAndContributionMap":{"test-code":{"insertions":10,"deletions":3}}},{"hash":"8c05550c54a236d20a914cec233967675e8742ae","isMergeCommit":false,"messageTitle":"Update test case for PhoneTest","messageBody":"","fileTypesAndContributionMap":{"test-code":{"insertions":8,"deletions":5}}},{"hash":"6bf76e8a13986311c70c47f4ba6722cf5f197165","isMergeCommit":false,"messageTitle":"Change the assert method in PhoneTest","messageBody":"","fileTypesAndContributionMap":{"test-code":{"insertions":7,"deletions":7}}},{"hash":"381b408f809eb718ed5575abb202e51328087bab","isMergeCommit":false,"messageTitle":"Remove not used import statements","messageBody":"","fileTypesAndContributionMap":{"test-code":{"insertions":0,"deletions":2}}},{"hash":"ccfa147c4867008646f14a72f3973e8acd1015f2","isMergeCommit":false,"messageTitle":"Modify user story and add note section in UG feature","messageBody":"","fileTypesAndContributionMap":{"docs":{"insertions":5,"deletions":1}}},{"hash":"80f7b9ec40eac937a5b80c440a5704907c09764c","isMergeCommit":true,"messageTitle":"Merge branch \u0027master\u0027 into ImproveUserStories","messageBody":"","fileTypesAndContributionMap":{}},{"hash":"fc1328e7fb17a1aa428b26e090701af06338934f","isMergeCommit":true,"messageTitle":"Merge pull request #96 from yucongkoo/branch-make-address-optional","messageBody":"Fix bug of equals method in address","fileTypesAndContributionMap":{}},{"hash":"8da18428cd5d24c63ead7977ee85ee5492464238","isMergeCommit":false,"messageTitle":"Format output message of AddCommand","messageBody":"","fileTypesAndContributionMap":{"functional-code":{"insertions":11,"deletions":18}}}]},{"date":"2023-10-13","commitResults":[{"hash":"56f954a058dec204f0ed15a1f30e32ff4b539ccd","isMergeCommit":true,"messageTitle":"Merge branch \u0027master\u0027 into ImproveUserStories","messageBody":"","fileTypesAndContributionMap":{}},{"hash":"1cb6a190396cba2554b92f2aefe56ca014c59bb2","isMergeCommit":false,"messageTitle":"Add box to Note Section","messageBody":"","fileTypesAndContributionMap":{"docs":{"insertions":6,"deletions":1}}}]},{"date":"2023-10-15","commitResults":[{"hash":"2db9188771f04525cd9eccd411b4b33ec8bd11ac","isMergeCommit":true,"messageTitle":"Merge pull request #102 from yucongkoo/branch-address-enhancement","messageBody":"Refactor address structure using polymorphism","fileTypesAndContributionMap":{}},{"hash":"3c1f8423c67ca10c3a2f5a63d641d2877561f09d","isMergeCommit":true,"messageTitle":"Merge pull request #103 from yucongkoo/branch-storage-enhancement","messageBody":"Refactor the jsonAdaptedPerson class","fileTypesAndContributionMap":{}}]},{"date":"2023-10-16","commitResults":[{"hash":"21f6f6890e91e85acba38fe4b4c6924dc4dda5e8","isMergeCommit":false,"messageTitle":"Update Target User Profile","messageBody":"Change target user to Insurance agent\n\nModify user profile and user stories according to new target user\n\nChange terminology for application in DG and UG\n","fileTypesAndContributionMap":{"docs":{"insertions":62,"deletions":57}}}]},{"date":"2023-10-19","commitResults":[{"hash":"37a375c904ecbe0ff3132b84f0fb4db51f5facc4","isMergeCommit":false,"messageTitle":"Improve on mistakes found","messageBody":"","fileTypesAndContributionMap":{"docs":{"insertions":54,"deletions":54}}},{"hash":"7dc961022cd3bbea48bd6d424cc9064bbbcbfebd","isMergeCommit":true,"messageTitle":"Merge branch \u0027master\u0027 into UpdateTargetUserProfile","messageBody":"","fileTypesAndContributionMap":{}}]}],"yucongkoo":[{"date":"2023-09-30","commitResults":[{"hash":"27e2d71f4822c61edb2f2da10708106cd383a17f","isMergeCommit":false,"messageTitle":"Add personal information in AboutUs Page","messageBody":"Added details and placeholder image\n","fileTypesAndContributionMap":{"docs":{"insertions":52,"deletions":6}}},{"hash":"5782e805299aef54aeff8a6fbab9cbb5ebca4b38","isMergeCommit":false,"messageTitle":"Modify REAME.md","messageBody":"Modified README.md to match our project\n","fileTypesAndContributionMap":{"docs":{"insertions":5,"deletions":10}}},{"hash":"5c3e339b858c50f6637b75c551df71161c361216","isMergeCommit":false,"messageTitle":"Modify REAME.md","messageBody":"Completed modifying README.md to match our project\n","fileTypesAndContributionMap":{"docs":{"insertions":16,"deletions":5}}},{"hash":"10c27f7bf64a7e1b6afaabb8fec44558603b1657","isMergeCommit":false,"messageTitle":"Modify PPP page","messageBody":"Modified the PPP page to provide a skeletal PPP\n","fileTypesAndContributionMap":{"docs":{"insertions":14,"deletions":25}}}]},{"date":"2023-10-01","commitResults":[{"hash":"25b64b6ae42c3480b59af57991ddb8669ce6aebb","isMergeCommit":false,"messageTitle":"Update user guide","messageBody":"Updated description for add feature in user guide to match our product\n","fileTypesAndContributionMap":{"docs":{"insertions":6,"deletions":6}}},{"hash":"8bd37cdd9d8a72ccb5605278b91bccb934d864be","isMergeCommit":false,"messageTitle":"Add Use Case: Add a person to developer guide","messageBody":"Added the use case for adding a person to the developer guide\n","fileTypesAndContributionMap":{"docs":{"insertions":17,"deletions":13}}}]},{"date":"2023-10-02","commitResults":[{"hash":"cf82c5a2d75200f51005dff827bd8dd4f9823ae6","isMergeCommit":false,"messageTitle":"Remove redundant code","messageBody":"Removed redundant line of code\n","fileTypesAndContributionMap":{"docs":{"insertions":0,"deletions":2}}}]},{"date":"2023-10-04","commitResults":[{"hash":"a9cf7d934544c36fa129944d702b5adcaf055cf5","isMergeCommit":false,"messageTitle":"Modify Use case: Add a person","messageBody":"Modified the use case to use GFMD rather than HTML tags\n","fileTypesAndContributionMap":{"docs":{"insertions":9,"deletions":11}}}]},{"date":"2023-10-05","commitResults":[{"hash":"14c758bd4e43067a5c47dce49703418e53d3cd46","isMergeCommit":true,"messageTitle":"Merge pull request #42 from songfangyl/branch-PPP-FangYi","messageBody":"LGTM","fileTypesAndContributionMap":{}},{"hash":"50dac17de57a99bd5fa496d5d6a5d9f68618d415","isMergeCommit":true,"messageTitle":"Merge branch \u0027master\u0027 into branch-update-AboutUs","messageBody":"","fileTypesAndContributionMap":{}},{"hash":"6c05ee8119d286cda58a34b42dd3d3dcd5bc5f0d","isMergeCommit":true,"messageTitle":"Merge pull request #43 from songfangyl/branch-update-AboutUs","messageBody":"LGTM","fileTypesAndContributionMap":{}},{"hash":"201491a358b144fc6f47e98429d69c0ccd1959e4","isMergeCommit":false,"messageTitle":"Update format of use case in dev guide","messageBody":"Updated the format of use case in developer guide\n","fileTypesAndContributionMap":{"docs":{"insertions":10,"deletions":20}}},{"hash":"8669728e28e8ba1e07111208a8b8c13d8cc46187","isMergeCommit":true,"messageTitle":"Merge pull request #41 from songfangyl/branch-update-userGuide","messageBody":"Update UserGuide for Delete","fileTypesAndContributionMap":{}},{"hash":"a18c6007ac5f163136f584ca0f127d4023bd0595","isMergeCommit":true,"messageTitle":"Merge pull request #55 from songfangyl/branch-Update-DevGuide","messageBody":"Update Developer Guide ","fileTypesAndContributionMap":{}}]},{"date":"2023-10-07","commitResults":[{"hash":"00f124b4eb11d43cd087b0e03467deca164a198b","isMergeCommit":true,"messageTitle":"Merge pull request #63 from TehOPanas/ModifyFileName","messageBody":"Modify file name of PPP and photo - Lian Zhi Xuan","fileTypesAndContributionMap":{}}]},{"date":"2023-10-08","commitResults":[{"hash":"eca87ef7bc33075f813e061f17feb20682c0b369","isMergeCommit":false,"messageTitle":"Make address an optional field","messageBody":"Modified the Address class and parsers to allow adding persons without\nan address field.\n","fileTypesAndContributionMap":{"functional-code":{"insertions":32,"deletions":2}}},{"hash":"6f3f1092ea37f487a8d2d5cc54251cd55669cb03","isMergeCommit":false,"messageTitle":"Modify test cases for missing address","messageBody":"Modified the unit tests to test missing address add commands.\n","fileTypesAndContributionMap":{"test-code":{"insertions":31,"deletions":9}}},{"hash":"3d394b67b8781b9835ec13ae0b4adc8ffea86a9e","isMergeCommit":false,"messageTitle":"Fix styling errors","messageBody":"Fixed styling errors to pass checkstyle\n","fileTypesAndContributionMap":{"functional-code":{"insertions":7,"deletions":1}}},{"hash":"38e95be9683cdbbc1e566085890591c8cd7a9b85","isMergeCommit":false,"messageTitle":"Fix styling errors in test files","messageBody":"Fixed styling errors in test files\n","fileTypesAndContributionMap":{"test-code":{"insertions":6,"deletions":2}}},{"hash":"caf0c38dbfbb9ee39fdd4686e67de487137c90c4","isMergeCommit":false,"messageTitle":"Add unit test for EmptyAddress Class and Address Class","messageBody":"Added unit tests for handling empty addresses\n","fileTypesAndContributionMap":{"test-code":{"insertions":51,"deletions":0}}}]},{"date":"2023-10-10","commitResults":[{"hash":"da82d67c4c26b49b1c2eab822d74ee4c227bbc66","isMergeCommit":false,"messageTitle":"Create person attribute card","messageBody":"Created person attribute card and refactored the phone number, email\nand address to use the attribute card\n","fileTypesAndContributionMap":{"functional-code":{"insertions":101,"deletions":12}}},{"hash":"2cbba9bb6786fc411f26191ba5e9c1a32c50c54f","isMergeCommit":true,"messageTitle":"Merge branch \u0027master\u0027 into branch-modify-ui","messageBody":"","fileTypesAndContributionMap":{}},{"hash":"dbc6d3bfad9b6379ea35eed6d60497ab13e9720c","isMergeCommit":false,"messageTitle":"Make address attribute card optional","messageBody":"Make address attribute card optional to align with person objects that\ndo not have an address assigned to it\n","fileTypesAndContributionMap":{"functional-code":{"insertions":5,"deletions":0}}},{"hash":"c6e1f8955dfdbe4151ef7c84d37c75f6429b5cef","isMergeCommit":false,"messageTitle":"Add javadoc comments","messageBody":"Added javadoc comments to PersonAttributeCard Class\n","fileTypesAndContributionMap":{"functional-code":{"insertions":7,"deletions":1}}},{"hash":"b260c470fff27234a60ca78c1a000f0d1f03ef53","isMergeCommit":false,"messageTitle":"Remove trailing spaces","messageBody":"Removed trailing spaces that caused CI to fail\n","fileTypesAndContributionMap":{"docs":{"insertions":7,"deletions":7}}},{"hash":"a019b63a5eb0975efb38cdcc7094b3e1a3e7421a","isMergeCommit":false,"messageTitle":"Add newline at EOF","messageBody":"Added newline at EOF\n","fileTypesAndContributionMap":{"functional-code":{"insertions":1,"deletions":1}}}]},{"date":"2023-10-11","commitResults":[{"hash":"0d082418c5c70b8ef7c999d1849b12258ddb3e02","isMergeCommit":false,"messageTitle":"Extract styling into css file","messageBody":"Extracted styling of attribute card into css file\n","fileTypesAndContributionMap":{"functional-code":{"insertions":15,"deletions":3}}},{"hash":"de9b6628968a27be5d72ddb07c5173edb7f094b1","isMergeCommit":false,"messageTitle":"Add newline at EOF","messageBody":"Added newline at EOF\n","fileTypesAndContributionMap":{"functional-code":{"insertions":1,"deletions":1}}},{"hash":"2d3560b8526a75f122a21dcc259ca6974c5cbcf6","isMergeCommit":false,"messageTitle":"Update JsonAdaptedPerson to adapt a person with empty address","messageBody":"Added a JsonAdaptedAddress to convert address to json, so that\nnormal address and empty addresses can be differentiated\n","fileTypesAndContributionMap":{"functional-code":{"insertions":64,"deletions":7}}},{"hash":"c110565707665b7d5480c4787240149698bcf262","isMergeCommit":false,"messageTitle":"Update test cases to fit the new json format","messageBody":"Updated the test cases to fit the new json format of JsonAdaptedPerson\n","fileTypesAndContributionMap":{"functional-code":{"insertions":3,"deletions":1},"test-code":{"insertions":2,"deletions":2}}},{"hash":"acd6f122e28d326bcbe183d3e204da3071831b7d","isMergeCommit":false,"messageTitle":"Add unit test to test save and load of person without address","messageBody":"Added unit tests to test saving and loading of person without address\n","fileTypesAndContributionMap":{"test-code":{"insertions":11,"deletions":3}}},{"hash":"b5a5894b3131c9e359d644ef4ee0127555c61824","isMergeCommit":false,"messageTitle":"Fix checkstyle issues","messageBody":"Fixed checkstyle issues\n","fileTypesAndContributionMap":{"test-code":{"insertions":1,"deletions":1}}}]},{"date":"2023-10-12","commitResults":[{"hash":"0f7192bd68af437cd639825947a05e3eafba3521","isMergeCommit":true,"messageTitle":"Merge pull request #77 from Jweewee/branch-modify-list-feature","messageBody":"Modify List feature to disallow parameters","fileTypesAndContributionMap":{}},{"hash":"b38672fb4a6639b76722ab92e24a8d1efdcb8472","isMergeCommit":true,"messageTitle":"Merge pull request #85 from TehOPanas/ValidateInput_Add","messageBody":"Change validation format for name, phone and email","fileTypesAndContributionMap":{}},{"hash":"cf51df9ac54d8f4a6209ac5204ee0be0cc31b278","isMergeCommit":false,"messageTitle":"Fix bug of equals method in address","messageBody":"Fixed the bug where an address with the same value of empty address\nwill be equal to an empty address\n","fileTypesAndContributionMap":{"functional-code":{"insertions":9,"deletions":1},"test-code":{"insertions":4,"deletions":0}}},{"hash":"942d80139bdb71281b877c20daa798d2d9689756","isMergeCommit":false,"messageTitle":"Fix styling issue","messageBody":"Fixed styling issue\n","fileTypesAndContributionMap":{"functional-code":{"insertions":1,"deletions":1}}}]},{"date":"2023-10-13","commitResults":[{"hash":"0eb0d692e3080582d30d36bb048526c1afe9a8dd","isMergeCommit":true,"messageTitle":"Merge pull request #98 from TehOPanas/ValidateOutput_Add","messageBody":"Format output message of AddCommand","fileTypesAndContributionMap":{}},{"hash":"412b1d49a1ec113dfb538e4d189ac94b765b5550","isMergeCommit":true,"messageTitle":"Merge pull request #69 from TehOPanas/ImproveUserStories","messageBody":"Improve the user stories and change the mistakes","fileTypesAndContributionMap":{}}]},{"date":"2023-10-15","commitResults":[{"hash":"2a90bb8b8f2403c76299878e0cd46438530cce00","isMergeCommit":false,"messageTitle":"Refactor address structure using polymorphism","messageBody":"Refactored address class structure to use polymorphism and differentiate\nbetween empty and non-empty address\n","fileTypesAndContributionMap":{"functional-code":{"insertions":118,"deletions":89},"test-code":{"insertions":102,"deletions":81}}},{"hash":"36698b1d5a9aa98ae4581348e7d65652c324dfad","isMergeCommit":false,"messageTitle":"Refactor the jsonAdaptedPerson class","messageBody":"Refactored the jsonAdaptedPerson class to use json adapted attributes\n","fileTypesAndContributionMap":{"functional-code":{"insertions":130,"deletions":0},"other":{"insertions":44,"deletions":51}}},{"hash":"34e91ee5cb632f15aa85961d7146223d49d0d74f","isMergeCommit":true,"messageTitle":"Merge branch \u0027master\u0027 into branch-storage-enhancement","messageBody":"","fileTypesAndContributionMap":{}},{"hash":"d37e06bb106c0de27696cedf900fe0def3cc4c15","isMergeCommit":false,"messageTitle":"Enhance ArgumentTokenizer class to follow LOD","messageBody":"Enhanced ArgumentTokenizer class to follow LOD\n","fileTypesAndContributionMap":{"functional-code":{"insertions":26,"deletions":7}}},{"hash":"5b50fefa7732e0adf26ee2b7a48dfde53994361d","isMergeCommit":false,"messageTitle":"Implement of TagCommandParser and skeletal for TagCommand","messageBody":"Implemented the TagCommandParser and skeletal for TagCommand\n","fileTypesAndContributionMap":{"functional-code":{"insertions":129,"deletions":2}}}]},{"date":"2023-10-16","commitResults":[{"hash":"f0ae99aa9ef0ecdc19b6632479ab382da513ddb6","isMergeCommit":false,"messageTitle":"Implement execute function of TagCommand","messageBody":"Implemented execute functionality of the TagCommand\n","fileTypesAndContributionMap":{"functional-code":{"insertions":36,"deletions":12}}},{"hash":"af8698c274f54f059c875b544802b00257ec3990","isMergeCommit":false,"messageTitle":"Add guard clause to defend against empty tag commands","messageBody":"Added a guard clause to check whether any tags are provided to the\ntag command\n","fileTypesAndContributionMap":{"functional-code":{"insertions":7,"deletions":2}}},{"hash":"43c1d06c9d3e0e934a82557b6037fe34d4548ca0","isMergeCommit":false,"messageTitle":"Fix checkstyle errors","messageBody":"Fixed checkstyle errors\n","fileTypesAndContributionMap":{"functional-code":{"insertions":17,"deletions":17}}},{"hash":"6db3276b8ddc136183b74314e612ea29f58064bf","isMergeCommit":false,"messageTitle":"Add unit test for createPersonWithUpdatedTags method","messageBody":"Added unit test for createPersonWithUpdatedTags method\n","fileTypesAndContributionMap":{"test-code":{"insertions":92,"deletions":0}}},{"hash":"fa60e7d9d68050ca953fe539b125139701d427f9","isMergeCommit":false,"messageTitle":"Add unit test for TagCommand Class","messageBody":"Added unit tests for TagCommand Class\n","fileTypesAndContributionMap":{"functional-code":{"insertions":10,"deletions":0},"test-code":{"insertions":162,"deletions":0}}},{"hash":"d562713590888bc1974e4c93677fddd3ff6ff06c","isMergeCommit":false,"messageTitle":"Fix checkstyle issues","messageBody":"Fixed checkstyle issues\n","fileTypesAndContributionMap":{"test-code":{"insertions":17,"deletions":16}}},{"hash":"0c9c93c3ef90b130bea52214ad89777ae3415c61","isMergeCommit":true,"messageTitle":"Merge pull request #111 from songfangyl/branch-UI-update-outputbox","messageBody":"Update output box height","fileTypesAndContributionMap":{}}]},{"date":"2023-10-17","commitResults":[{"hash":"ff675842ed2b9d937b3089c541250165965f53f6","isMergeCommit":false,"messageTitle":"Add unit test for TagCommand and TagCommandParser","messageBody":"Added unit tests for TagCommand and TagCommandParser\n","fileTypesAndContributionMap":{"functional-code":{"insertions":17,"deletions":0},"test-code":{"insertions":149,"deletions":9}}},{"hash":"1017a77ef57b4a73df43ca09c87bcb6b910cb926","isMergeCommit":true,"messageTitle":"Merge branch \u0027master\u0027 into branch-tag-implementation","messageBody":"","fileTypesAndContributionMap":{}}]},{"date":"2023-10-18","commitResults":[{"hash":"fb69284df10d0a83df73fc63a7f60307b06ff163","isMergeCommit":true,"messageTitle":"Merge branch \u0027master\u0027 into branch-tag-implementation","messageBody":"","fileTypesAndContributionMap":{}},{"hash":"9f504813d648619dacdecd5b0520c562ebdd308c","isMergeCommit":false,"messageTitle":"Fix styling issue","messageBody":"Fixed styling issue\n","fileTypesAndContributionMap":{"test-code":{"insertions":1,"deletions":0}}},{"hash":"7a4ba3936ca9252cd3ca4a5176ae3c40dec3f677","isMergeCommit":false,"messageTitle":"Fix styling issue","messageBody":"Fixed styling issue of trailing whitespace\n","fileTypesAndContributionMap":{"test-code":{"insertions":2,"deletions":1}}},{"hash":"a5fde3d3247d1bf3711910966ba3d0cd7ccd8f05","isMergeCommit":false,"messageTitle":"Add test cases for tag command parser","messageBody":"Added test cases for tag command parser\n","fileTypesAndContributionMap":{"functional-code":{"insertions":8,"deletions":4},"test-code":{"insertions":68,"deletions":2}}},{"hash":"7261fd7b08dde06ba1253cbef1a7a0607e4f6a12","isMergeCommit":true,"messageTitle":"Merge pull request #123 from Jweewee/branch-modify-list-feature","messageBody":"Add size to output of list feature","fileTypesAndContributionMap":{}},{"hash":"507f5a9b45e850dcf37990e23bc38b5a88e43415","isMergeCommit":true,"messageTitle":"Merge pull request #119 from LamJiuFong/branch-Edit","messageBody":"Disable editing tags through edit command","fileTypesAndContributionMap":{}}]},{"date":"2023-10-19","commitResults":[{"hash":"77014ed24631bdf2a1d9a40f6736eb262d70786d","isMergeCommit":true,"messageTitle":"Merge pull request #110 from TehOPanas/UpdateTargetUserProfile","messageBody":"Update Target User Profile","fileTypesAndContributionMap":{}}]},{"date":"2023-10-20","commitResults":[{"hash":"bc06bf9874f35092a586ce44645d3bfd5b26233e","isMergeCommit":true,"messageTitle":"Merge branch \u0027master\u0027 into branch-tag-implementation","messageBody":"# Conflicts:\n#\tsrc/main/java/seedu/address/model/ModelManager.java\n#\tsrc/test/java/seedu/address/testutil/PersonUtil.java\n","fileTypesAndContributionMap":{}},{"hash":"49fcc76f7e9decf20742baa218da620df891465c","isMergeCommit":false,"messageTitle":"Update createPersonWithUpdatedTags method","messageBody":"Updated createPersonWithUpdatedTags to be static\n","fileTypesAndContributionMap":{"functional-code":{"insertions":9,"deletions":8},"test-code":{"insertions":22,"deletions":21}}},{"hash":"75223edd6760e01b5193a2cd9e09c4da4acb1471","isMergeCommit":false,"messageTitle":"Abstract out details for tags to be updated into a class","messageBody":"Abstracted out details for tags to be updated into a class\nUpdatePersonTagsDescriptor\n","fileTypesAndContributionMap":{"functional-code":{"insertions":97,"deletions":19},"other":{"insertions":4,"deletions":0},"test-code":{"insertions":92,"deletions":30}}},{"hash":"b9209c31f179d42d0c206ce2e0e32d2116083e84","isMergeCommit":false,"messageTitle":"Add restriction of maximum tag count","messageBody":"Added the restriction of maximum tag count\n","fileTypesAndContributionMap":{"functional-code":{"insertions":28,"deletions":6},"test-code":{"insertions":71,"deletions":24}}},{"hash":"896abe59339f934a4a47c44a270a423eb845cb7a","isMergeCommit":false,"messageTitle":"Make UpdatePersonTagsDescriptor more defensive","messageBody":"Modified UpdatePersonTagsDescriptor to be more defensive\n","fileTypesAndContributionMap":{"functional-code":{"insertions":5,"deletions":3}}},{"hash":"a2d59e8022b52073a69c53c79d757ebf057f30e7","isMergeCommit":false,"messageTitle":"Add maximum length restriction to tag names","messageBody":"Added maximum length restrictions to tag names\n","fileTypesAndContributionMap":{"functional-code":{"insertions":8,"deletions":4},"test-code":{"insertions":18,"deletions":2}}},{"hash":"a66e70bb302cb9818df267e2019445fd2968204f","isMergeCommit":false,"messageTitle":"Fix checkstyle issue","messageBody":"Fixed checkstyle issue\n","fileTypesAndContributionMap":{"test-code":{"insertions":1,"deletions":1}}}]},{"date":"2023-10-21","commitResults":[{"hash":"72ed22e654b48ec46d356c2d112c49018d862c53","isMergeCommit":true,"messageTitle":"Merge branch \u0027master\u0027 into branch-tag-implementation","messageBody":"","fileTypesAndContributionMap":{}},{"hash":"1c69f89e20b9b0e1be9449c03b646737e37cc262","isMergeCommit":false,"messageTitle":"Add unit test for TagCommand and Tag","messageBody":"Added unit tests for TagCommand and tag\n","fileTypesAndContributionMap":{"test-code":{"insertions":27,"deletions":0}}},{"hash":"6731a27e2d721ccfa79386d273fb6a3c0085263a","isMergeCommit":true,"messageTitle":"Merge branch \u0027branch-tag-implementation\u0027","messageBody":"","fileTypesAndContributionMap":{}},{"hash":"562d7f2f8af250a8c3f87ebe0def1d8c5daab777","isMergeCommit":false,"messageTitle":"Make UpdatePersonTagsDescriptor defensive","messageBody":"Made UpdatePersonTagsDescriptor defensive\n","fileTypesAndContributionMap":{"functional-code":{"insertions":19,"deletions":7}}},{"hash":"f693bd412936b61adf081ff8886025d87282b33b","isMergeCommit":false,"messageTitle":"Add logging info for tag feature","messageBody":"Added logging info for tag feature\n","fileTypesAndContributionMap":{"functional-code":{"insertions":18,"deletions":0}}},{"hash":"0611463e81655790b9c37708695f655a4b380138","isMergeCommit":false,"messageTitle":"Add test case to test assertions","messageBody":"Added test case to test assertions\n","fileTypesAndContributionMap":{"test-code":{"insertions":6,"deletions":0}}},{"hash":"3230e175b48cd44c93a11d753518c6db289db3ad","isMergeCommit":false,"messageTitle":"Make add feature more defensive","messageBody":"Made add feature more defensive\n","fileTypesAndContributionMap":{"functional-code":{"insertions":8,"deletions":0},"test-code":{"insertions":12,"deletions":0}}},{"hash":"86bf589c8236d7dc650444f5d68119b5f03720c8","isMergeCommit":false,"messageTitle":"Make EmptyAddress a singleton","messageBody":"Made EmptyAddress a singleton\n","fileTypesAndContributionMap":{"functional-code":{"insertions":15,"deletions":4},"test-code":{"insertions":8,"deletions":8}}},{"hash":"24d900c412245f9cfbbed5d42344b92beef3efa2","isMergeCommit":false,"messageTitle":"Make jsonAdaptedPerson more defensive","messageBody":"Made jsonAdaptedPerson more defensive\n","fileTypesAndContributionMap":{"functional-code":{"insertions":20,"deletions":0}}}]},{"date":"2023-10-22","commitResults":[{"hash":"4f5c5c09d1c5200209d30b6f0d69e242acf4648e","isMergeCommit":false,"messageTitle":"Update user guide","messageBody":"Updated the user guide, change the format for features and command\nsummary\n","fileTypesAndContributionMap":{"docs":{"insertions":50,"deletions":19}}},{"hash":"05a1f224f276be284f89d775b05c192584785589","isMergeCommit":true,"messageTitle":"Merge branch \u0027master\u0027 into branch-defensive-code","messageBody":"","fileTypesAndContributionMap":{}},{"hash":"04100ddf3231b8e81fd92098d04350c1bfce2f19","isMergeCommit":true,"messageTitle":"Merge commit \u002736357863ef4e34af392c1313d580dc33e658a094\u0027 into branch-tag-user-guide","messageBody":"","fileTypesAndContributionMap":{}},{"hash":"f78480c2681bbd802d0d55c777ee439da154c2ce","isMergeCommit":false,"messageTitle":"Remove trailing whitespace","messageBody":"Removed trailing whitespaces\n","fileTypesAndContributionMap":{"docs":{"insertions":3,"deletions":3}}}]},{"date":"2023-10-23","commitResults":[{"hash":"cebf27408993c31f820dc89f7fe44df44f34f025","isMergeCommit":false,"messageTitle":"Update Developer Guide","messageBody":"Updated Developer Guide to include tag feature implementation\n","fileTypesAndContributionMap":{"docs":{"insertions":288,"deletions":1}}},{"hash":"a33c447d89743f554bc653627824630693934cac","isMergeCommit":false,"messageTitle":"Fix checkstyle","messageBody":"","fileTypesAndContributionMap":{"docs":{"insertions":11,"deletions":11}}},{"hash":"951b10a563a42ef62cfcab0b1b476684d7ae2073","isMergeCommit":false,"messageTitle":"Update static method in sequence diagram","messageBody":"Updated diagram for static method in sequence diagram\n","fileTypesAndContributionMap":{"docs":{"insertions":7,"deletions":1}}}]},{"date":"2023-10-24","commitResults":[{"hash":"393edaf67a352308c8dbb0b7d9d6ceae986969f4","isMergeCommit":true,"messageTitle":"Merge pull request #148 from LamJiuFong/branch-Priority","messageBody":"Add Priority Feature","fileTypesAndContributionMap":{}},{"hash":"81cdf312451f97315750102d1345ac1d0ec5de6f","isMergeCommit":false,"messageTitle":"Fix naming issue Fixed naming issue","messageBody":"","fileTypesAndContributionMap":{"functional-code":{"insertions":3,"deletions":3}}},{"hash":"8668bede7b300bac29a4e5d345e9a4a6c9d994f5","isMergeCommit":true,"messageTitle":"Merge branch \u0027master\u0027 of https://github.com/yucongkoo/tp","messageBody":"","fileTypesAndContributionMap":{}},{"hash":"ed26caebfe07328def7850c09dfdd4c6be98f22d","isMergeCommit":false,"messageTitle":"Fix conflict","messageBody":"Fixed conflict\n","fileTypesAndContributionMap":{"functional-code":{"insertions":437,"deletions":20},"docs":{"insertions":51,"deletions":20},"test-code":{"insertions":626,"deletions":35}}},{"hash":"9d55490d5f6aaf6ba50660eef046c28c69feb679","isMergeCommit":true,"messageTitle":"Merge branch \u0027master\u0027 into branch-defensive-code","messageBody":"# Conflicts:\n#\tsrc/main/java/seedu/address/logic/parser/AddCommandParser.java\n","fileTypesAndContributionMap":{}},{"hash":"e99b965978391b05d11f64d92a9c0bf2875be270","isMergeCommit":true,"messageTitle":"Merge branch \u0027master\u0027 into branch-tag-dev-guide","messageBody":"","fileTypesAndContributionMap":{}},{"hash":"f8dadf57b8ddf94d1c84d70d76a6bbddbad49ffb","isMergeCommit":true,"messageTitle":"Merge branch \u0027master\u0027 into branch-modify-ui","messageBody":"","fileTypesAndContributionMap":{}},{"hash":"60d6073d738e9d387991f7e557c3208f517c8961","isMergeCommit":false,"messageTitle":"Update tag and priority label","messageBody":"Updated tag and priority label\n","fileTypesAndContributionMap":{"functional-code":{"insertions":85,"deletions":8}}},{"hash":"ff844e7156f1b063dce81f1d07789395eea322ba","isMergeCommit":false,"messageTitle":"Update FlowPaneLabel","messageBody":"Updated FlowPaneLabel\n","fileTypesAndContributionMap":{"functional-code":{"insertions":5,"deletions":3},"other":{"insertions":20,"deletions":15}}},{"hash":"3e5eff98dd7ee1573394a6413ecb2faebda99555","isMergeCommit":false,"messageTitle":"Update naming of files","messageBody":"Updated naming of files\n","fileTypesAndContributionMap":{"functional-code":{"insertions":12,"deletions":16}}}]}],"songfangyl":[{"date":"2023-10-05","commitResults":[{"hash":"95ccb0753ed69453e02973b65570b272ad5b9195","isMergeCommit":true,"messageTitle":"Merge pull request #36 from Jweewee/branch-modify-AboutUs","messageBody":"Modify AboutUs for Joshua\u0027s details","fileTypesAndContributionMap":{}},{"hash":"71d1642193ea60de3a77df9f8412c038b8ea8a74","isMergeCommit":true,"messageTitle":"Merge pull request #37 from Jweewee/branch-modify-user-guide","messageBody":"Update User Guide","fileTypesAndContributionMap":{}},{"hash":"e9c47d1f888c924b1b33d5fb21e3c43e113993ca","isMergeCommit":true,"messageTitle":"Merge pull request #39 from Jweewee/branch-PPP","messageBody":"Add Skeletal PPP for Joshua Wee","fileTypesAndContributionMap":{}},{"hash":"2cb7630004d2bb063fa743916dc31b22a5ee15e1","isMergeCommit":false,"messageTitle":"Update aboutUs for Fang Yi","messageBody":"","fileTypesAndContributionMap":{"docs":{"insertions":6,"deletions":5}}},{"hash":"05558f1df55bc59c328c92ac3c84eab9844938e8","isMergeCommit":false,"messageTitle":"Update UserGuide for Delete","messageBody":"","fileTypesAndContributionMap":{"docs":{"insertions":19,"deletions":14}}},{"hash":"9fc9c1e4c1c60def4054cd0fb3cd07dd9e6bd38f","isMergeCommit":false,"messageTitle":"Create PPP for songfangyl","messageBody":"","fileTypesAndContributionMap":{"docs":{"insertions":35,"deletions":0}}},{"hash":"eef12285411187d7dcc948e0e97e420d09627191","isMergeCommit":false,"messageTitle":"Add delete use case","messageBody":"","fileTypesAndContributionMap":{"docs":{"insertions":29,"deletions":1}}},{"hash":"255358bc19ab0de9016eefcc81e62aa112a6b227","isMergeCommit":false,"messageTitle":"Modify user stories","messageBody":"","fileTypesAndContributionMap":{"docs":{"insertions":23,"deletions":12}}},{"hash":"18a26a1c04311519bec83479c24d657cb450f42a","isMergeCommit":true,"messageTitle":"Merge branch \u0027master\u0027 into branch-update-userGuide","messageBody":"","fileTypesAndContributionMap":{}},{"hash":"b6d26ca5a54dcbf7aad963d8911ab8ca1f4bb60f","isMergeCommit":false,"messageTitle":"Update UserGuide","messageBody":"Add information for delete feature\n","fileTypesAndContributionMap":{"docs":{"insertions":1,"deletions":0}}},{"hash":"106427a906a721ab49986c67894775cdb042d27e","isMergeCommit":true,"messageTitle":"Merge pull request #51 from yucongkoo/branch-modify-dev-guide","messageBody":"Update format of use case in dev guide","fileTypesAndContributionMap":{}},{"hash":"6fe143e298f914137444b5e5095be56e3e3bbf1b","isMergeCommit":true,"messageTitle":"Merge branch \u0027master\u0027 into branch-Update-DevGuide","messageBody":"# Conflicts:\n#\tdocs/DeveloperGuide.md\n","fileTypesAndContributionMap":{}},{"hash":"dee7281324b03c5d28ee9a366d9063c0aebdb7e4","isMergeCommit":false,"messageTitle":"Update DevGuide","messageBody":"","fileTypesAndContributionMap":{"docs":{"insertions":5,"deletions":4}}},{"hash":"d25b8225778b29b46dcb1668f924a4b1ef014ab9","isMergeCommit":true,"messageTitle":"Merge branch \u0027master\u0027 into branch-Update-DevGuide","messageBody":"","fileTypesAndContributionMap":{}},{"hash":"c64611844335d28d6100d47ba2ffea2ed20f2ae3","isMergeCommit":false,"messageTitle":"Update DevGuide","messageBody":"Reorder use case into correct sequence.\n\nUpdate use cases format to correct format.\n","fileTypesAndContributionMap":{"docs":{"insertions":22,"deletions":23}}},{"hash":"5bd15c08e5b95d194c181be93b0d783a5bc9ff7d","isMergeCommit":false,"messageTitle":"Update user stories and delete use case","messageBody":"","fileTypesAndContributionMap":{"docs":{"insertions":5,"deletions":9}}},{"hash":"f2652c6ed03f6c70a1a3af76280ded9cb44efd55","isMergeCommit":false,"messageTitle":"Update delete use case","messageBody":"","fileTypesAndContributionMap":{"docs":{"insertions":6,"deletions":6}}},{"hash":"dfe2742c4f8695d2bce41e8a32137f6aee17d438","isMergeCommit":false,"messageTitle":"Update delete use case","messageBody":"Edits grammar error.\n","fileTypesAndContributionMap":{"docs":{"insertions":3,"deletions":3}}}]},{"date":"2023-10-06","commitResults":[{"hash":"e29a698c22133bf5821301b7f2c27b7038677d94","isMergeCommit":true,"messageTitle":"Merge pull request #58 from Jweewee/branch-modify-AboutUs","messageBody":"Updated AboutUs","fileTypesAndContributionMap":{}},{"hash":"21c0b2568c7f0092e745753c4e9b9a7aed64e191","isMergeCommit":true,"messageTitle":"Merge branch \u0027master\u0027 into Jweewee-branch-modify-developer-guide-v0.2","messageBody":"","fileTypesAndContributionMap":{}},{"hash":"ff9dabfe065c1f12bdff265d2f27d4d02a0b7d39","isMergeCommit":true,"messageTitle":"Merge pull request #57 from Jweewee/Jweewee-branch-modify-developer-guide-v0.2","messageBody":"Modify Developer Guide v0.2","fileTypesAndContributionMap":{}}]},{"date":"2023-10-10","commitResults":[{"hash":"8e0395f57785f3ab6aa8bc961ba073b15ac1c2a6","isMergeCommit":false,"messageTitle":"Update invalid format output","messageBody":"Change the original output to the output we defined in the\nUG draft.\n","fileTypesAndContributionMap":{"functional-code":{"insertions":2,"deletions":4}}}]},{"date":"2023-10-11","commitResults":[{"hash":"1d2d47eea8388392626e9dde854093942aa15970","isMergeCommit":true,"messageTitle":"Merge pull request #71 from yucongkoo/branch-modify-ui","messageBody":"Modify the UI to show attributes in cards","fileTypesAndContributionMap":{}},{"hash":"56c7f1af6328a7168f9dac8333180c8071cfc331","isMergeCommit":false,"messageTitle":"Update output format","messageBody":"","fileTypesAndContributionMap":{"functional-code":{"insertions":2,"deletions":1}}},{"hash":"7268926e5a470158c34801bd38a725927e3550df","isMergeCommit":true,"messageTitle":"Merge branch \u0027master\u0027 into branch-delete-change-output","messageBody":"","fileTypesAndContributionMap":{}},{"hash":"bf474000d38d74f4bc34ad42ddf05c694022b5a7","isMergeCommit":false,"messageTitle":"Update find feature","messageBody":"change from match any keywords to match all keywords\n","fileTypesAndContributionMap":{"functional-code":{"insertions":1,"deletions":1}}},{"hash":"1674043d26990bc1a07e1cc1650a128e525919f9","isMergeCommit":false,"messageTitle":"Update test cases","messageBody":"Change the test cases to make sure they work with the new modified\nversion of find feature.\n","fileTypesAndContributionMap":{"functional-code":{"insertions":3,"deletions":0},"test-code":{"insertions":36,"deletions":9}}},{"hash":"d02b8d3ad17aa9f163c8a251119a36192f330861","isMergeCommit":false,"messageTitle":"Update style","messageBody":"Modify the style to pass the check style test\n","fileTypesAndContributionMap":{"test-code":{"insertions":6,"deletions":3}}}]},{"date":"2023-10-12","commitResults":[{"hash":"43db8a4e3aceaae871e5aa2c082f72b4b6208273","isMergeCommit":true,"messageTitle":"Merge branch \u0027master\u0027 into branch-change-find-feature","messageBody":"# Conflicts:\n#\tsrc/test/java/seedu/address/testutil/TypicalPersons.java\n","fileTypesAndContributionMap":{}},{"hash":"c10d45936e7976150877c7c9c4d4449905373c9a","isMergeCommit":false,"messageTitle":"Change output when execute find command but no person found","messageBody":"","fileTypesAndContributionMap":{"functional-code":{"insertions":4,"deletions":0},"test-code":{"insertions":2,"deletions":1}}},{"hash":"f4a0998c241aa8844ae6d21bd663745f94c05474","isMergeCommit":true,"messageTitle":"Merge branch \u0027branch-change-find-feature\u0027 of https://github.com/songfangyl/tp into branch-change-find-feature","messageBody":"# Conflicts:\n#\tsrc/test/java/seedu/address/testutil/TypicalPersons.java\n","fileTypesAndContributionMap":{}},{"hash":"2f72111c9a8f27e8f13e6a41657733ae55a79333","isMergeCommit":false,"messageTitle":"Add Find feature into UserGuide","messageBody":"","fileTypesAndContributionMap":{"docs":{"insertions":17,"deletions":0}}},{"hash":"cd63806c0a83772f7265153456dc35e6c2c4eecf","isMergeCommit":true,"messageTitle":"Merge pull request #90 from LamJiuFong/branch-Edit","messageBody":"Disable delete tag operation through edit feature","fileTypesAndContributionMap":{}},{"hash":"8bf533691db378422cb203cf5c6ff5f831024637","isMergeCommit":true,"messageTitle":"Merge pull request #92 from LamJiuFong/branch-UserGuide","messageBody":"Update EDIT section in User Guide","fileTypesAndContributionMap":{}}]},{"date":"2023-10-14","commitResults":[{"hash":"e7aa58728651b5cc25b9c623393d0453c3390066","isMergeCommit":false,"messageTitle":"Fix grammar mistakes","messageBody":"","fileTypesAndContributionMap":{"docs":{"insertions":7,"deletions":7}}}]},{"date":"2023-10-16","commitResults":[{"hash":"7fb9eb7155c71b27c701d42eeea9bcc8877db644","isMergeCommit":false,"messageTitle":"Update output box height","messageBody":"","fileTypesAndContributionMap":{"functional-code":{"insertions":2,"deletions":2}}}]},{"date":"2023-10-18","commitResults":[{"hash":"5932f38119984dd3fad05464c3dfec5bf05592ea","isMergeCommit":false,"messageTitle":"Update find feature to support partial search","messageBody":"","fileTypesAndContributionMap":{"functional-code":{"insertions":16,"deletions":3}}},{"hash":"d3e5593af3f1481ff680f70758a6b9086ed9d714","isMergeCommit":false,"messageTitle":"Update test cases for the new find feature","messageBody":"","fileTypesAndContributionMap":{"test-code":{"insertions":78,"deletions":3}}},{"hash":"f38188908d4db9a99f7380b07175d22c13ba1a2b","isMergeCommit":true,"messageTitle":"Merge branch \u0027master\u0027 into branch-enhance-findfeature-partialsearch","messageBody":"","fileTypesAndContributionMap":{}},{"hash":"8b6f3fa4dbc7f7efd6de35f79ca2a108b1ee6bfc","isMergeCommit":true,"messageTitle":"Merge pull request #122 from LamJiuFong/branch-UserGuide","messageBody":"Update edit feature in UG","fileTypesAndContributionMap":{}},{"hash":"14f6a08e3141168016ea041cf8a1c440f69b3d2d","isMergeCommit":false,"messageTitle":"Change variables name","messageBody":"","fileTypesAndContributionMap":{"functional-code":{"insertions":5,"deletions":5}}},{"hash":"36152a002d183fea64a25e35157a6e5279eb406e","isMergeCommit":false,"messageTitle":"Update code readability","messageBody":"","fileTypesAndContributionMap":{"functional-code":{"insertions":10,"deletions":13}}},{"hash":"558d019af1486fc82f2f63e6c7d64a9119989680","isMergeCommit":false,"messageTitle":"Update user guide find feature","messageBody":"","fileTypesAndContributionMap":{"docs":{"insertions":7,"deletions":4}}},{"hash":"05c6a13e7ebfe254acb752ccf85eeb93e98ed210","isMergeCommit":false,"messageTitle":"Add javadoc","messageBody":"","fileTypesAndContributionMap":{"functional-code":{"insertions":9,"deletions":2}}},{"hash":"52595cb0d2f86605be51b65db45f352320951641","isMergeCommit":false,"messageTitle":"Move method to Name class","messageBody":"","fileTypesAndContributionMap":{"functional-code":{"insertions":18,"deletions":19}}},{"hash":"e1f2a870195813784688c441a5491ba8ca27dbad","isMergeCommit":false,"messageTitle":"Update method to static","messageBody":"","fileTypesAndContributionMap":{"functional-code":{"insertions":5,"deletions":5}}}]},{"date":"2023-10-24","commitResults":[{"hash":"02aa1eb326ae2f7cfe6fe5941c09b6690f87e384","isMergeCommit":true,"messageTitle":"Merge pull request #162 from yucongkoo/branch-modify-ui","messageBody":"Update tag and priority label UI ","fileTypesAndContributionMap":{}}]}],"LamJiuFong":[{"date":"2023-10-05","commitResults":[{"hash":"40bca966135e4772eb56217ccc81cbe1118f3ca8","isMergeCommit":true,"messageTitle":"Merge pull request #45 from TehOPanas/ModifyAboutUs-LianZhiXuan","messageBody":"Add details of Lian Zhi Xuan in AboutMe, create skeletal PPP","fileTypesAndContributionMap":{}},{"hash":"41d0c47582e389f48b8c63ca7aa7c1b9efdcae2b","isMergeCommit":true,"messageTitle":"Merge pull request #46 from TehOPanas/ModifyDG-LianZhiXuan","messageBody":"Add search use case into DG","fileTypesAndContributionMap":{}},{"hash":"9354d2363e265f06fa9e32e137945ff638c54d91","isMergeCommit":false,"messageTitle":"Add details of Lam Jiu Fong in AboutMe, create skeletal PPP","messageBody":"","fileTypesAndContributionMap":{"docs":{"insertions":44,"deletions":64}}},{"hash":"f4057abf5315d35e150b45369581d65a2a97e734","isMergeCommit":true,"messageTitle":"Merge branch \u0027master\u0027 into branch-tp","messageBody":"","fileTypesAndContributionMap":{}},{"hash":"9a376066d3a11ff84e835677ec9f03dd7af4fd63","isMergeCommit":true,"messageTitle":"Merge pull request #52 from TehOPanas/UpdateUG-LianZhiXuan","messageBody":"Update UG - Intro + Quick Start","fileTypesAndContributionMap":{}},{"hash":"c04261c2e970cb946e1c9b316366900ada28a073","isMergeCommit":true,"messageTitle":"Merge branch \u0027AY2324S1-CS2103T-W16-2:master\u0027 into master","messageBody":"","fileTypesAndContributionMap":{}},{"hash":"5efb1a6db9b06fe7eef178239c809e5675551f53","isMergeCommit":false,"messageTitle":"Update edit feature in User Guide","messageBody":"","fileTypesAndContributionMap":{"docs":{"insertions":11,"deletions":13}}},{"hash":"ff7c91cb4a43eada855c2225914e58ab1308e7eb","isMergeCommit":false,"messageTitle":"Update the link of the GitHub Actions build status badge","messageBody":"","fileTypesAndContributionMap":{"docs":{"insertions":1,"deletions":1}}},{"hash":"11fd1f4d94e6b4e254d2cddb335a228be4058652","isMergeCommit":true,"messageTitle":"Merge branch \u0027AY2324S1-CS2103T-W16-2:master\u0027 into master","messageBody":"","fileTypesAndContributionMap":{}},{"hash":"434063796ee83f4375ea3a59583bb895a22b33d7","isMergeCommit":true,"messageTitle":"Merge branch \u0027master\u0027 into branch-UserGuide","messageBody":"","fileTypesAndContributionMap":{}},{"hash":"3445ae66a412001299dc638c159778a47588f198","isMergeCommit":true,"messageTitle":"Merge branch \u0027master\u0027 into branch-README","messageBody":"","fileTypesAndContributionMap":{}},{"hash":"121f9b4bf6a0be4dc60edd2483d953684ca8508d","isMergeCommit":true,"messageTitle":"Merge branch \u0027branch-UserGuide\u0027 into master","messageBody":"","fileTypesAndContributionMap":{}},{"hash":"f15598b782ee59383a451f21b5dc600440c25919","isMergeCommit":true,"messageTitle":"Merge branch \u0027AY2324S1-CS2103T-W16-2:master\u0027 into master","messageBody":"","fileTypesAndContributionMap":{}},{"hash":"12bd778174bdf7135f1cf6bfc9b683c340461f03","isMergeCommit":false,"messageTitle":"Update Edit Use Case","messageBody":"","fileTypesAndContributionMap":{"docs":{"insertions":17,"deletions":0}}},{"hash":"bb6884226f32ae400232c30f6bddcaed6663bbc6","isMergeCommit":false,"messageTitle":"Add Edit Use Case","messageBody":"","fileTypesAndContributionMap":{"docs":{"insertions":17,"deletions":0}}},{"hash":"077371c3d15678b0260fd53959a58abdd7ad5aa3","isMergeCommit":true,"messageTitle":"Merge branch \u0027branch-DevGuide\u0027","messageBody":"# Conflicts:\n#\tdocs/DeveloperGuide.md\n","fileTypesAndContributionMap":{}}]},{"date":"2023-10-06","commitResults":[{"hash":"919c5329ef99a44fd8862d0a90a4c193275def73","isMergeCommit":false,"messageTitle":"Update spacings in Dev Guide","messageBody":"","fileTypesAndContributionMap":{"docs":{"insertions":0,"deletions":2}}}]},{"date":"2023-10-07","commitResults":[{"hash":"61653fbe53d0567261eec7a5b783071dd706e65e","isMergeCommit":true,"messageTitle":"Merge pull request #62 from Jweewee/branch-modify-AboutUs","messageBody":"Updated AboutUs png file","fileTypesAndContributionMap":{}}]},{"date":"2023-10-12","commitResults":[{"hash":"1765188344fb122d4c9af153fc6539da92ae9ebb","isMergeCommit":true,"messageTitle":"Merge pull request #73 from songfangyl/branch-delete-change-output","messageBody":"Change invalid delete command output","fileTypesAndContributionMap":{}},{"hash":"89f74c19d7b3c334b11913543cdbddca3f620d76","isMergeCommit":true,"messageTitle":"Merge branch \u0027master\u0027 into branch-change-find-feature","messageBody":"","fileTypesAndContributionMap":{}},{"hash":"4feafee03825b767efd52f557f8dd2e91bd7d379","isMergeCommit":false,"messageTitle":"Disable delete tag operation through edit","messageBody":"","fileTypesAndContributionMap":{"functional-code":{"insertions":1,"deletions":3},"test-code":{"insertions":7,"deletions":23}}},{"hash":"c21ebc4d765c72701d62c8654ddb477f29d5a28b","isMergeCommit":true,"messageTitle":"Merge branch \u0027master\u0027 into branch-Edit","messageBody":"","fileTypesAndContributionMap":{}},{"hash":"aac5efa61e6442b3ae458c8986541d6c148d22e0","isMergeCommit":false,"messageTitle":"Update EDIT section in Usser Guide","messageBody":"","fileTypesAndContributionMap":{"docs":{"insertions":2,"deletions":4}}},{"hash":"f2aa8b4a3f67e26acf81f27660b8fe4d3fdb6adc","isMergeCommit":true,"messageTitle":"Merge pull request #76 from songfangyl/branch-change-find-feature","messageBody":"Modify find feature ","fileTypesAndContributionMap":{}}]},{"date":"2023-10-14","commitResults":[{"hash":"476f6da6803479e6fdf241b4cb70346602ff9305","isMergeCommit":true,"messageTitle":"Merge pull request #99 from Jweewee/branch-modify-list-feature","messageBody":"Modify User Guide List feature","fileTypesAndContributionMap":{}}]},{"date":"2023-10-17","commitResults":[{"hash":"f0c880366a1f6c105ffbf88658bad2018e356410","isMergeCommit":false,"messageTitle":"Update PersonCard design","messageBody":"Replace headers with images.\nCombine three attribute cards into one.\n","fileTypesAndContributionMap":{"functional-code":{"insertions":63,"deletions":26}}},{"hash":"f07701e5db634d0ce383c29ea44c80dcd7f1179c","isMergeCommit":false,"messageTitle":"Update code to adhere to coding standards","messageBody":"","fileTypesAndContributionMap":{"functional-code":{"insertions":6,"deletions":3}}}]},{"date":"2023-10-18","commitResults":[{"hash":"7176320bca7cb7cb6feffe119bf8ed44586fab24","isMergeCommit":false,"messageTitle":"Disable editing tags through edit command","messageBody":"","fileTypesAndContributionMap":{"functional-code":{"insertions":18,"deletions":58}}},{"hash":"bb37db0eaf404106e8bf1849c3cd23d0c7e9afde","isMergeCommit":false,"messageTitle":"Test edit feature after disabling editing tags","messageBody":"","fileTypesAndContributionMap":{"functional-code":{"insertions":2,"deletions":5},"test-code":{"insertions":48,"deletions":62}}},{"hash":"737161d463230bae517c56e3e339fc9594c1565e","isMergeCommit":true,"messageTitle":"Merge most updated team repo","messageBody":"","fileTypesAndContributionMap":{}},{"hash":"4d6ef968c419d45546ff0aa69c36fcc5931fac56","isMergeCommit":false,"messageTitle":"Update edit feature in UG","messageBody":"","fileTypesAndContributionMap":{"docs":{"insertions":2,"deletions":1}}},{"hash":"5050fe926fb656a2158f4e843288a98aaf95267a","isMergeCommit":false,"messageTitle":"Fix the way of checking existence of prefix tag","messageBody":"","fileTypesAndContributionMap":{"functional-code":{"insertions":1,"deletions":1},"test-code":{"insertions":11,"deletions":1}}},{"hash":"fcd72f98c9aca621039587d89d4afcdf38387d5a","isMergeCommit":false,"messageTitle":"Use ArgumentTokenizer to check if prefix tag exists","messageBody":"","fileTypesAndContributionMap":{"functional-code":{"insertions":5,"deletions":5}}},{"hash":"6017bc515645947e939f520f74ddb08dede1ff89","isMergeCommit":true,"messageTitle":"Merge pull request #124 from songfangyl/branch-update-userGuide-findfeature","messageBody":"Update user guide find feature","fileTypesAndContributionMap":{}}]},{"date":"2023-10-19","commitResults":[{"hash":"841826f749559a5d54ef83009224d6ee92bc64e1","isMergeCommit":true,"messageTitle":"Merge pull request #120 from songfangyl/branch-enhance-findfeature-partialsearch","messageBody":"Enhance find feature to support partial search","fileTypesAndContributionMap":{}}]},{"date":"2023-10-21","commitResults":[{"hash":"cb4267a2b5f4e12a3dcc24766cbdbc02614eaf3b","isMergeCommit":true,"messageTitle":"Merge pull request #114 from yucongkoo/branch-tag-implementation","messageBody":"Branch tag implementation","fileTypesAndContributionMap":{}}]},{"date":"2023-10-22","commitResults":[{"hash":"36357863ef4e34af392c1313d580dc33e658a094","isMergeCommit":true,"messageTitle":"Merge pull request #131 from yucongkoo/branch-tag-implementation","messageBody":"Tag feature enhancements","fileTypesAndContributionMap":{}},{"hash":"d4584b72a8f1116c61b15dc997ec86214fe8dd0f","isMergeCommit":false,"messageTitle":"Add Priority Feature","messageBody":"","fileTypesAndContributionMap":{"functional-code":{"insertions":368,"deletions":18}}},{"hash":"315901e0258f2e1294333db4823b9512b542487d","isMergeCommit":true,"messageTitle":"Merge branch \u0027master\u0027 into branch-Priority","messageBody":"","fileTypesAndContributionMap":{}}]},{"date":"2023-10-23","commitResults":[{"hash":"46024bddbbe643ab38719bbf6dcbea310712257f","isMergeCommit":false,"messageTitle":"Add test cases","messageBody":"","fileTypesAndContributionMap":{"functional-code":{"insertions":86,"deletions":40},"test-code":{"insertions":612,"deletions":33}}},{"hash":"140747789d7932a9f5f9382bd39d56577f6c1bd7","isMergeCommit":false,"messageTitle":"Fix code to adhere to coding standards","messageBody":"","fileTypesAndContributionMap":{"functional-code":{"insertions":0,"deletions":1},"test-code":{"insertions":22,"deletions":23}}}]},{"date":"2023-10-24","commitResults":[{"hash":"9d6f805ba417e846793586d8df602b2afbb0f655","isMergeCommit":false,"messageTitle":"Fix bugs in Priority Feature","messageBody":"","fileTypesAndContributionMap":{"functional-code":{"insertions":39,"deletions":17},"test-code":{"insertions":31,"deletions":18}}},{"hash":"5b92c221627ce289ee68a44cb9010f553b7576b2","isMergeCommit":true,"messageTitle":"Merge pull request #140 from yucongkoo/branch-tag-user-guide","messageBody":"Update user guide for add and tag","fileTypesAndContributionMap":{}}]},{"date":"2023-10-25","commitResults":[{"hash":"a3596c637e56611c64a3343da9088950655b73b1","isMergeCommit":true,"messageTitle":"Merge pull request #154 from yucongkoo/branch-tag-dev-guide","messageBody":"Updated Developer Guide to include tag feature implementation.","fileTypesAndContributionMap":{}},{"hash":"290bc9b95f38d2162e53eea0dfaed92f8262bc78","isMergeCommit":true,"messageTitle":"Merge pull request #132 from yucongkoo/branch-defensive-code","messageBody":"Improve defensiveness of code and add logging for tag feature","fileTypesAndContributionMap":{}}]}],"Jweewee":[{"date":"2023-10-04","commitResults":[{"hash":"4684190b55fcbf296eaa43962d976673af37f53c","isMergeCommit":false,"messageTitle":"Modify AboutUs for Joshua\u0027s details","messageBody":"Added details about me(Joshua), personal image, role and responsibilities.\n","fileTypesAndContributionMap":{"docs":{"insertions":6,"deletions":6}}},{"hash":"13b6fb9347317b964c1db76158798a7b33ecb93a","isMergeCommit":false,"messageTitle":"Update User Guide","messageBody":"Updated description for list feature in user guide to match our product.\n","fileTypesAndContributionMap":{"docs":{"insertions":10,"deletions":1}}},{"hash":"4eaa81bca46536b52882fcfb2fd0284d00211210","isMergeCommit":false,"messageTitle":"Add Skeletal PPP for Joshua Wee","messageBody":"Added skeletal PPP for Joshua Wee, with format of personal contributions.\n","fileTypesAndContributionMap":{"docs":{"insertions":35,"deletions":0}}}]},{"date":"2023-10-05","commitResults":[{"hash":"8668d59eed5b6f50942d7685db2345c0daaa79d2","isMergeCommit":true,"messageTitle":"Merge pull request #40 from TehOPanas/AddUiMockup","messageBody":"Add UI mockup to images direcotory","fileTypesAndContributionMap":{}},{"hash":"98b9052c44c83228ec1dcfc0e14faa17f16899fd","isMergeCommit":false,"messageTitle":"Modify Developer Guide: Update Filter Use Case","messageBody":"Modified Developer Guide by updating filter use case with correct extension labelling.\n","fileTypesAndContributionMap":{"docs":{"insertions":24,"deletions":0}}},{"hash":"fdc5c9914b1fef23db7a7f0b3d9e9c62c2b36f32","isMergeCommit":false,"messageTitle":"Modify Developer Guide: Update NFR","messageBody":"Updated the Non-Functional Requirements of the product, namely its UI and error handling.\n","fileTypesAndContributionMap":{"docs":{"insertions":2,"deletions":0}}},{"hash":"f237e4bea3a5c4af5726f12a110818f30688c82d","isMergeCommit":true,"messageTitle":"Merge pull request #50 from LamJiuFong/branch-tp","messageBody":"Add details of Lam Jiu Fong in AboutMe, create skeletal PPP","fileTypesAndContributionMap":{}},{"hash":"4a564e90d13e52faa8d5686f044e51c92d6eba80","isMergeCommit":true,"messageTitle":"Merge pull request #53 from TehOPanas/DgUserCaseStyle","messageBody":"Unify DG user case to single format","fileTypesAndContributionMap":{}},{"hash":"439857c8934a23f59a84cb39f948b325c38a15bd","isMergeCommit":true,"messageTitle":"Modify Developer Guide: Update NFR","messageBody":"Updated the Non-Functional Requirements of the product, namely its UI and error handling.\n","fileTypesAndContributionMap":{}},{"hash":"97ec19491ffb9514758268efa2b8514a11b333eb","isMergeCommit":false,"messageTitle":"Modify Developer Guide: Update NFR","messageBody":"Updated the Non-Functional Requirements of the product, namely its UI and error handling.\n","fileTypesAndContributionMap":{"docs":{"insertions":9,"deletions":0}}},{"hash":"258252b74a9a8d3276bad37686d35f27a5caa367","isMergeCommit":false,"messageTitle":"Modify Developer Guide: Update NFR","messageBody":"Updated the Non-Functional Requirements of the product, namely its UI and error handling.\n","fileTypesAndContributionMap":{"docs":{"insertions":7,"deletions":6}}},{"hash":"d075f62d810dfe5f01cd2f90deeb0607653e109f","isMergeCommit":false,"messageTitle":"Modify Developer Guide: Update NFR","messageBody":"Updated the Non-Functional Requirements of the product, namely its UI and error handling.\n","fileTypesAndContributionMap":{"docs":{"insertions":0,"deletions":1}}},{"hash":"2187385988118e6dd605bd34014ada6ea783669b","isMergeCommit":false,"messageTitle":"Modify Developer Guide: Update NFR","messageBody":"Updated the Non-Functional Requirements of the product, namely its UI and error handling.\n","fileTypesAndContributionMap":{"docs":{"insertions":2,"deletions":0}}},{"hash":"03d8f5d981e6be9c1eb6221a08c3e99d2f776a1c","isMergeCommit":true,"messageTitle":"Merge pull request #54 from LamJiuFong/branch-UserGuide","messageBody":"Branch user guide","fileTypesAndContributionMap":{}},{"hash":"c3376c55dbfacc629051a15e731e3e6d1c048219","isMergeCommit":true,"messageTitle":"Merge pull request #56 from LamJiuFong/branch-README","messageBody":"Update the link of the GitHub Actions build status badge","fileTypesAndContributionMap":{}}]},{"date":"2023-10-06","commitResults":[{"hash":"45687e7e28ceaf5fcbc000604a7565fd861b8eec","isMergeCommit":true,"messageTitle":"Merge pull request #59 from LamJiuFong/branch-DevGuide","messageBody":"Add Edit Use Case","fileTypesAndContributionMap":{}},{"hash":"731512aa893a072ff67ba52b981d8a94c5780647","isMergeCommit":false,"messageTitle":"Updated AboutUs","messageBody":"Updated filename.\n","fileTypesAndContributionMap":{"docs":{"insertions":1,"deletions":1}}},{"hash":"795a8f67198ca0e5b66f5cdcf40fe0abc8a6f382","isMergeCommit":false,"messageTitle":"Updated AboutUs","messageBody":"Updated filename.\n","fileTypesAndContributionMap":{"docs":{"insertions":22,"deletions":20}}},{"hash":"6736c9b5129b42c46155f69139a8b4628482fa8b","isMergeCommit":true,"messageTitle":"Merge pull request #60 from LamJiuFong/branch-DevGuide","messageBody":"Update spacings in Dev Guide","fileTypesAndContributionMap":{}}]},{"date":"2023-10-07","commitResults":[{"hash":"8a71e71e6e4ce498787a343a023ca3b98a643100","isMergeCommit":false,"messageTitle":"Updated AboutUs png file","messageBody":"","fileTypesAndContributionMap":{"docs":{"insertions":1,"deletions":1}}}]},{"date":"2023-10-11","commitResults":[{"hash":"181db81cc9b4988955bf06f94d27682eb7846fa7","isMergeCommit":false,"messageTitle":"Modify List feature to disallow parameters","messageBody":"Enabled stricter usage of List feature by ensuring it does not allow any parameters to keep formatting as simple and strict as possible.\n","fileTypesAndContributionMap":{"functional-code":{"insertions":31,"deletions":1}}},{"hash":"fa2c95fb5614aa520da300d52dc9dc106adee1e2","isMergeCommit":false,"messageTitle":"Modify List feature and checkstyle","messageBody":"Enabled stricter usage of List feature by ensuring it does not allow any parameters to keep formatting as simple and strict as possible.\n","fileTypesAndContributionMap":{"functional-code":{"insertions":6,"deletions":6}}},{"hash":"c7bff1718ed1ad97f10a426a26ddbd38c7f9d88f","isMergeCommit":false,"messageTitle":"Modify List feature","messageBody":"Cleaned up testcases for ParseException.\n","fileTypesAndContributionMap":{"test-code":{"insertions":2,"deletions":1}}},{"hash":"b5dce22df351cf1b08cdf5b4dda88221a4492f3e","isMergeCommit":true,"messageTitle":"Merge pull request #81 from yucongkoo/branch-modify-ui","messageBody":"Extract styling into css file","fileTypesAndContributionMap":{}}]},{"date":"2023-10-12","commitResults":[{"hash":"feee7fe3900dbe29f007449c4c453344f328d68c","isMergeCommit":true,"messageTitle":"Merge pull request #83 from yucongkoo/branch-make-address-optional","messageBody":"Update JsonAdaptedPerson to allow saving and loading of persons without address","fileTypesAndContributionMap":{}},{"hash":"e84e5a2fc8d6a0882556f96144988ec919bcef5c","isMergeCommit":false,"messageTitle":"Modify List feature to update coding standards","messageBody":"Updated to keep in line coding standards.\n","fileTypesAndContributionMap":{"functional-code":{"insertions":2,"deletions":4},"test-code":{"insertions":1,"deletions":1}}},{"hash":"634b4679121e6577de06baa702fb00cac2813cdc","isMergeCommit":false,"messageTitle":"Modify List feature to update coding standards","messageBody":"Updated to keep in line coding standards.\n","fileTypesAndContributionMap":{"functional-code":{"insertions":1,"deletions":1}}}]},{"date":"2023-10-13","commitResults":[{"hash":"99f2130ccd59928db01cae7d290feba40345502c","isMergeCommit":false,"messageTitle":"Modify User Guide List feature","messageBody":"Updated to keep in line with formatting standards of displaying example code.\n","fileTypesAndContributionMap":{"docs":{"insertions":2,"deletions":2}}}]},{"date":"2023-10-14","commitResults":[{"hash":"8621278b4384216b110a99e777972eeedf935044","isMergeCommit":true,"messageTitle":"Merge pull request #95 from songfangyl/branch-update-UG-findFeature","messageBody":"Update User Guide(add find feature)","fileTypesAndContributionMap":{}}]},{"date":"2023-10-16","commitResults":[{"hash":"a40fd5d1b4644de646293e6c75c28b87bbf89783","isMergeCommit":true,"messageTitle":"Merge pull request #106 from yucongkoo/branch-parser-enhancement","messageBody":"Enhance ArgumentTokenizer class to follow LOD","fileTypesAndContributionMap":{}}]},{"date":"2023-10-18","commitResults":[{"hash":"1e255a8753c7df9c55eb74318232307930bf3141","isMergeCommit":true,"messageTitle":"Merge pull request #116 from LamJiuFong/branch-Ui","messageBody":"Update PersonCard design","fileTypesAndContributionMap":{}},{"hash":"48edc8814be66e22956010a8bc941ce8695cd375","isMergeCommit":false,"messageTitle":"Modify List feature to show list size","messageBody":"Output of list feature now includes number of customers shown.\n","fileTypesAndContributionMap":{"functional-code":{"insertions":11,"deletions":3}}},{"hash":"67e158376d5b5c9551a60b0dee19206bcf5ce042","isMergeCommit":false,"messageTitle":"Modify User Guide to update List feature description","messageBody":"Output of list feature now includes number of customers shown.\n","fileTypesAndContributionMap":{"docs":{"insertions":2,"deletions":2}}},{"hash":"ca236bb84ea3ff499f8d6618d4fc3c44ce988faa","isMergeCommit":false,"messageTitle":"Modify Tests for updated List feature","messageBody":"","fileTypesAndContributionMap":{"test-code":{"insertions":13,"deletions":3}}}]}]},"authorFileTypeContributionMap":{"TehOPanas":{"docs":153,"functional-code":43,"test-code":55},"yucongkoo":{"docs":397,"functional-code":963,"test-code":886,"other":4},"songfangyl":{"docs":74,"functional-code":30,"test-code":112},"LamJiuFong":{"docs":52,"functional-code":457,"test-code":606},"Jweewee":{"docs":64,"functional-code":35,"test-code":10}},"authorContributionVariance":{"TehOPanas":3428.778,"yucongkoo":73210.22,"songfangyl":2651.794,"LamJiuFong":24005.824,"Jweewee":280.81653},"authorDisplayNameMap":{"TehOPanas":"CS2103T-W16-2 LIAN..XUAN","yucongkoo":"CS2103T-W16-2 KOO ..CONG","songfangyl":"CS2103T-W16-2 SONG..G YI","LamJiuFong":"CS2103T-W16-2 LAM ..FONG","Jweewee":"CS2103T-W16-2 JOSH..G-EN"}}
