{"authorDailyContributionsMap":{"D-Limiter":[],"itsNatTan":[{"date":"2023-09-22","commitResults":[{"hash":"a8867a1110acf8eb4edaf5e0c06c57df62b725f6","isMergeCommit":true,"messageTitle":"Merge pull request #7 from A1WAYSD/master","messageBody":"Update UGDraft","fileTypesAndContributionMap":{}}]},{"date":"2023-09-23","commitResults":[{"hash":"86ca5c8e933b729dbaca8907363b2cb73c878aa7","isMergeCommit":true,"messageTitle":"Merge pull request #10 from Song-Mengfei/master","messageBody":"Update UG","fileTypesAndContributionMap":{}}]},{"date":"2023-09-25","commitResults":[{"hash":"6607a9440d1b6460245488f11f4599649f4f82be","isMergeCommit":false,"messageTitle":"Create nathanael.md","messageBody":"","fileTypesAndContributionMap":{"docs":{"insertions":38,"deletions":0}}},{"hash":"a9dab97e290566631de4cd121a90ef5403e0c2a3","isMergeCommit":false,"messageTitle":"Fix CI errors by eliminating checkstyle problems","messageBody":"","fileTypesAndContributionMap":{"functional-code":{"insertions":30,"deletions":10},"other":{"insertions":39,"deletions":24}}},{"hash":"de850a460e1fee6fb4c20ee62d5f08cb1a233934","isMergeCommit":true,"messageTitle":"Merge pull request #13 from itsNatTan/fix-CI","messageBody":"Fix CI errors by eliminating checkstyle problems","fileTypesAndContributionMap":{}},{"hash":"98e75ab1e27baa8da11c093dbf8286b290283422","isMergeCommit":true,"messageTitle":"Merge branch \u0027master\u0027 of https://github.com/AY2324S1-CS2103T-T11-4/tp into add-nathanael-info","messageBody":"","fileTypesAndContributionMap":{}},{"hash":"9a1b6ccd584f53201a5f1734c90aac06462f5936","isMergeCommit":true,"messageTitle":"Merge pull request #12 from itsNatTan/add-nathanael-info","messageBody":"Create nathanael.md","fileTypesAndContributionMap":{}}]},{"date":"2023-10-02","commitResults":[{"hash":"7b36be6d55a970f548586ee2682d2f6b0281d550","isMergeCommit":false,"messageTitle":"Update nathanael.md","messageBody":"Add reposense link and UG contributions","fileTypesAndContributionMap":{"docs":{"insertions":2,"deletions":4}}}]}],"Song-Mengfei":[{"date":"2023-09-23","commitResults":[{"hash":"f145ede74016036837aa1a391bd4f6d0e24ecb6e","isMergeCommit":false,"messageTitle":"Update UG","messageBody":"","fileTypesAndContributionMap":{"docs":{"insertions":87,"deletions":13}}},{"hash":"257dd19b5a5b8b61f94e483451c61f69a8b3ebc2","isMergeCommit":false,"messageTitle":"debug","messageBody":"","fileTypesAndContributionMap":{"docs":{"insertions":1,"deletions":1}}}]}],"A1WAYSD":[{"date":"2023-09-22","commitResults":[{"hash":"aeca70af2587e5969ca19df55bb3f7bf81b68fb6","isMergeCommit":false,"messageTitle":"Update UGDraft","messageBody":"","fileTypesAndContributionMap":{"docs":{"insertions":29,"deletions":2}}}]},{"date":"2023-10-01","commitResults":[{"hash":"ca4302f374fd36e3c98dd58dd7fb04111866c24a","isMergeCommit":false,"messageTitle":"Add skeletal PPP","messageBody":"","fileTypesAndContributionMap":{"docs":{"insertions":37,"deletions":0}}}]},{"date":"2023-10-02","commitResults":[{"hash":"c81b749c4a058ceed951fc106a03b8cb65268de7","isMergeCommit":true,"messageTitle":"Merge pull request #18 from itsNatTan/master","messageBody":"Update nathanael.md","fileTypesAndContributionMap":{}}]},{"date":"2023-10-04","commitResults":[{"hash":"2ca99f55c0d4dc0fc7723550b45e882a796e5be9","isMergeCommit":true,"messageTitle":"Merge pull request #17 from A1WAYSD/master","messageBody":"Add skeletal PPP","fileTypesAndContributionMap":{}}]}],"WangCheng0116":[]},"authorFileTypeContributionMap":{"D-Limiter":{"docs":0,"functional-code":0,"test-code":0},"itsNatTan":{"docs":36,"functional-code":68,"test-code":0},"Song-Mengfei":{"docs":81,"functional-code":0,"test-code":0},"A1WAYSD":{"docs":63,"functional-code":0,"test-code":0},"WangCheng0116":{"docs":0,"functional-code":0,"test-code":0}},"authorContributionVariance":{"D-Limiter":0.0,"itsNatTan":1404.2126,"Song-Mengfei":738.74585,"A1WAYSD":151.86983,"WangCheng0116":0.0},"authorDisplayNameMap":{"D-Limiter":"CS2103T-T11-4 BHAR..NISH","itsNatTan":"CS2103T-T11-4 TAN ..MARK","Song-Mengfei":"CS2103T-T11-4 SONG..GFEI","A1WAYSD":"CS2103T-T11-4 YU J..IALI","WangCheng0116":"CS2103T-T11-4 WANG..HENG"}}
