{"authorDailyContributionsMap":{"D-Limiter":[{"date":"2023-10-07","commitResults":[{"hash":"1234989ea17b6dcc0da7a5c03f3f8ee78d4c3724","isMergeCommit":false,"messageTitle":"Rename d_limiter to d_limiter.md","messageBody":"","fileTypesAndContributionMap":{"docs":{"insertions":1,"deletions":0}}}]}],"itsNatTan":[{"date":"2023-09-22","commitResults":[{"hash":"a8867a1110acf8eb4edaf5e0c06c57df62b725f6","isMergeCommit":true,"messageTitle":"Merge pull request #7 from A1WAYSD/master","messageBody":"Update UGDraft","fileTypesAndContributionMap":{}}]},{"date":"2023-09-23","commitResults":[{"hash":"86ca5c8e933b729dbaca8907363b2cb73c878aa7","isMergeCommit":true,"messageTitle":"Merge pull request #10 from Song-Mengfei/master","messageBody":"Update UG","fileTypesAndContributionMap":{}}]},{"date":"2023-09-25","commitResults":[{"hash":"6607a9440d1b6460245488f11f4599649f4f82be","isMergeCommit":false,"messageTitle":"Create nathanael.md","messageBody":"","fileTypesAndContributionMap":{"docs":{"insertions":38,"deletions":0}}},{"hash":"a9dab97e290566631de4cd121a90ef5403e0c2a3","isMergeCommit":false,"messageTitle":"Fix CI errors by eliminating checkstyle problems","messageBody":"","fileTypesAndContributionMap":{"functional-code":{"insertions":30,"deletions":10},"other":{"insertions":39,"deletions":24}}},{"hash":"de850a460e1fee6fb4c20ee62d5f08cb1a233934","isMergeCommit":true,"messageTitle":"Merge pull request #13 from itsNatTan/fix-CI","messageBody":"Fix CI errors by eliminating checkstyle problems","fileTypesAndContributionMap":{}},{"hash":"98e75ab1e27baa8da11c093dbf8286b290283422","isMergeCommit":true,"messageTitle":"Merge branch \u0027master\u0027 of https://github.com/AY2324S1-CS2103T-T11-4/tp into add-nathanael-info","messageBody":"","fileTypesAndContributionMap":{}},{"hash":"9a1b6ccd584f53201a5f1734c90aac06462f5936","isMergeCommit":true,"messageTitle":"Merge pull request #12 from itsNatTan/add-nathanael-info","messageBody":"Create nathanael.md","fileTypesAndContributionMap":{}}]},{"date":"2023-10-02","commitResults":[{"hash":"7b36be6d55a970f548586ee2682d2f6b0281d550","isMergeCommit":false,"messageTitle":"Update nathanael.md","messageBody":"Add reposense link and UG contributions","fileTypesAndContributionMap":{"docs":{"insertions":2,"deletions":4}}}]},{"date":"2023-10-05","commitResults":[{"hash":"44025dc359aaade2795ee1769f1960ee837a24ac","isMergeCommit":false,"messageTitle":"Rename PPP","messageBody":"","fileTypesAndContributionMap":{"docs":{"insertions":0,"deletions":0}}},{"hash":"da08dfb310fce816f5d57be46d390981ecfab86e","isMergeCommit":false,"messageTitle":"Just to clear progressbar","messageBody":"","fileTypesAndContributionMap":{"docs":{"insertions":0,"deletions":46}}},{"hash":"8331e0f2ff87df68ec7b00c96eee0a6a08e3d16e","isMergeCommit":true,"messageTitle":"Merge pull request #28 from itsNatTan/tutorial-adding-command","messageBody":"Clear Tutorial of tP progress","fileTypesAndContributionMap":{}},{"hash":"ee050a3d62d776cf8fecd00a543723f940f0245f","isMergeCommit":false,"messageTitle":"Update DeveloperGuide.md with user stories","messageBody":"","fileTypesAndContributionMap":{"docs":{"insertions":11,"deletions":6}}}]}],"Song-Mengfei":[{"date":"2023-09-23","commitResults":[{"hash":"f145ede74016036837aa1a391bd4f6d0e24ecb6e","isMergeCommit":false,"messageTitle":"Update UG","messageBody":"","fileTypesAndContributionMap":{"docs":{"insertions":87,"deletions":13}}},{"hash":"257dd19b5a5b8b61f94e483451c61f69a8b3ebc2","isMergeCommit":false,"messageTitle":"debug","messageBody":"","fileTypesAndContributionMap":{"docs":{"insertions":1,"deletions":1}}}]},{"date":"2023-10-04","commitResults":[{"hash":"2da278fde707c35d0c6a407e6da199c5ec319721","isMergeCommit":false,"messageTitle":"Add a PPP skeleton and photo","messageBody":"","fileTypesAndContributionMap":{"docs":{"insertions":37,"deletions":0}}},{"hash":"d7f41805c9cc2f6cbc086a9a5364570508e6d806","isMergeCommit":true,"messageTitle":"Merge pull request #21 from Song-Mengfei/tutorial-adding-command","messageBody":"Add a PPP skeleton and photo","fileTypesAndContributionMap":{}},{"hash":"73916f01aadbe5ab11946ddb69466300e1d7e235","isMergeCommit":false,"messageTitle":"Update AboutUs page","messageBody":"","fileTypesAndContributionMap":{"docs":{"insertions":4,"deletions":4}}},{"hash":"0b07f74a44601bdf0ae19b4d3fbc0ced95fc1099","isMergeCommit":true,"messageTitle":"Merge pull request #22 from Song-Mengfei/master","messageBody":"Update AboutUs page","fileTypesAndContributionMap":{}}]},{"date":"2023-10-05","commitResults":[{"hash":"d6dd6f560bfa087fad1a18c5f39ee418e320bd88","isMergeCommit":false,"messageTitle":"Fix PPP","messageBody":"","fileTypesAndContributionMap":{"docs":{"insertions":0,"deletions":0}}},{"hash":"9d74b953feaf82e431f84b040c0f5599a53be268","isMergeCommit":true,"messageTitle":"Merge pull request #23 from Song-Mengfei/master","messageBody":"Fix PPP","fileTypesAndContributionMap":{}},{"hash":"a47fe8be47f4afd1776b4a971e24ef409cc5aed6","isMergeCommit":false,"messageTitle":"Update PPP","messageBody":"","fileTypesAndContributionMap":{"docs":{"insertions":3,"deletions":3}}},{"hash":"c67dfa8a28e8cc133b8c1dcae838935c31c9a976","isMergeCommit":true,"messageTitle":"Merge branch \u0027master\u0027 of https://github.com/Song-Mengfei/tp into Update-PPP-skeleton","messageBody":"","fileTypesAndContributionMap":{}}]}],"A1WAYSD":[{"date":"2023-09-22","commitResults":[{"hash":"aeca70af2587e5969ca19df55bb3f7bf81b68fb6","isMergeCommit":false,"messageTitle":"Update UGDraft","messageBody":"","fileTypesAndContributionMap":{"docs":{"insertions":29,"deletions":2}}}]},{"date":"2023-10-01","commitResults":[{"hash":"ca4302f374fd36e3c98dd58dd7fb04111866c24a","isMergeCommit":false,"messageTitle":"Add skeletal PPP","messageBody":"","fileTypesAndContributionMap":{"docs":{"insertions":37,"deletions":0}}}]},{"date":"2023-10-02","commitResults":[{"hash":"c81b749c4a058ceed951fc106a03b8cb65268de7","isMergeCommit":true,"messageTitle":"Merge pull request #18 from itsNatTan/master","messageBody":"Update nathanael.md","fileTypesAndContributionMap":{}}]},{"date":"2023-10-04","commitResults":[{"hash":"2ca99f55c0d4dc0fc7723550b45e882a796e5be9","isMergeCommit":true,"messageTitle":"Merge pull request #17 from A1WAYSD/master","messageBody":"Add skeletal PPP","fileTypesAndContributionMap":{}},{"hash":"7a531e8936eae0b53eb2afc909b1fbca8bb16db6","isMergeCommit":false,"messageTitle":"Update AboutUs page","messageBody":"","fileTypesAndContributionMap":{"docs":{"insertions":5,"deletions":5}}}]},{"date":"2023-10-05","commitResults":[{"hash":"c8dedbc697c59a99d7faeeb216fde23cdaa41414","isMergeCommit":true,"messageTitle":"Merge pull request #20 from A1WAYSD/master","messageBody":"Update AboutUs page","fileTypesAndContributionMap":{}},{"hash":"dcb0ac6e6c32961c9546dbe3c672c0ed950e5b50","isMergeCommit":true,"messageTitle":"Merge pull request #24 from itsNatTan/master","messageBody":"Rename PPP","fileTypesAndContributionMap":{}},{"hash":"62f32dd4bfe41cfc22b112b6b6764ea461f85d93","isMergeCommit":true,"messageTitle":"Merge pull request #25 from Song-Mengfei/Update-PPP-skeleton","messageBody":"Update ppp skeleton","fileTypesAndContributionMap":{}},{"hash":"ccb950d9b26dfe239c102aeead8a1d742cf3d727","isMergeCommit":true,"messageTitle":"Merge pull request #29 from itsNatTan/docs-dg-userstories","messageBody":"Update DeveloperGuide.md with user stories","fileTypesAndContributionMap":{}}]}],"WangCheng0116":[]},"authorFileTypeContributionMap":{"D-Limiter":{"docs":1,"functional-code":0,"test-code":0},"itsNatTan":{"docs":47,"functional-code":68,"test-code":0},"Song-Mengfei":{"docs":122,"functional-code":0,"test-code":0},"A1WAYSD":{"docs":68,"functional-code":0,"test-code":0},"WangCheng0116":{"docs":0,"functional-code":0,"test-code":0}},"authorContributionVariance":{"D-Limiter":0.05859375,"itsNatTan":1320.6094,"Song-Mengfei":687.6211,"A1WAYSD":128.10938,"WangCheng0116":0.0},"authorDisplayNameMap":{"D-Limiter":"CS2103T-T11-4 BHAR..NISH","itsNatTan":"CS2103T-T11-4 TAN ..MARK","Song-Mengfei":"CS2103T-T11-4 SONG..GFEI","A1WAYSD":"CS2103T-T11-4 YU J..IALI","WangCheng0116":"CS2103T-T11-4 WANG..HENG"}}
