{"authorDailyContributionsMap":{"D-Limiter":[{"date":"2023-10-07","commitResults":[{"hash":"d37211cfa3f4b7f6cc64bcc3abce366dd6d383bf","isMergeCommit":false,"messageTitle":"Add use cases","messageBody":"","fileTypesAndContributionMap":{"docs":{"insertions":98,"deletions":382}}},{"hash":"1234989ea17b6dcc0da7a5c03f3f8ee78d4c3724","isMergeCommit":false,"messageTitle":"Rename d_limiter to d_limiter.md","messageBody":"","fileTypesAndContributionMap":{"docs":{"insertions":1,"deletions":0}}},{"hash":"e999b90258c361ce9bfed8eff42ffc55919b8d04","isMergeCommit":true,"messageTitle":"Merge branch \u0027master\u0027 into Update-DG-to-include-all-use-cases","messageBody":"","fileTypesAndContributionMap":{}},{"hash":"304787917fff3e276a9aff53cdfdb62b2afde908","isMergeCommit":true,"messageTitle":"Merge pull request #33 from AY2324S1-CS2103T-T11-4/Update-DG-to-include-all-use-cases","messageBody":"Update DG to include all use cases","fileTypesAndContributionMap":{}},{"hash":"b6694dd2ac3bb0f766b16943b3e9134e4ea5f418","isMergeCommit":false,"messageTitle":"Update AboutUs.md","messageBody":"","fileTypesAndContributionMap":{"docs":{"insertions":1,"deletions":1}}},{"hash":"27312f190f884a133b48501809c8116254038dfd","isMergeCommit":true,"messageTitle":"Merge pull request #48 from AY2324S1-CS2103T-T11-4/Update-AboutUS.md","messageBody":"Update AboutUs.md","fileTypesAndContributionMap":{}}]},{"date":"2023-10-10","commitResults":[{"hash":"07d8321a348b8fe444df960dce40fbb743c99aa7","isMergeCommit":false,"messageTitle":"Update d_limiter.md","messageBody":"","fileTypesAndContributionMap":{"docs":{"insertions":36,"deletions":1}}},{"hash":"0bd56a3417a0635685d102625047a5527da0800b","isMergeCommit":true,"messageTitle":"Merge pull request #55 from AY2324S1-CS2103T-T11-4/D-Limiter-patch-2","messageBody":"Update d_limiter.md","fileTypesAndContributionMap":{}},{"hash":"01fb7f8a123cfb720b978c91fe8cc8bfa20fb486","isMergeCommit":false,"messageTitle":"Add new command for tutorial","messageBody":"","fileTypesAndContributionMap":{"functional-code":{"insertions":14,"deletions":0}}},{"hash":"a2ff3aef9b51938041af9f3a1de6cf03b6fb6c3c","isMergeCommit":true,"messageTitle":"Merge pull request #56 from D-Limiter/tutorial-adding-command","messageBody":"Add new command for \"tutorial-adding-command\"","fileTypesAndContributionMap":{}},{"hash":"6c6f2cc465b5fed01e2c510f56d344f752a73af8","isMergeCommit":false,"messageTitle":"Update DeveloperGuide.md","messageBody":"","fileTypesAndContributionMap":{"docs":{"insertions":1,"deletions":1}}},{"hash":"4398f49b033e2186c6e15ee54a79cd3ec3b8aa01","isMergeCommit":true,"messageTitle":"Merge pull request #57 from D-Limiter/master","messageBody":"Update DeveloperGuide.md","fileTypesAndContributionMap":{}},{"hash":"060a9626a80b4559fabde59d9df5ed4104e0d06d","isMergeCommit":false,"messageTitle":"Update README.md","messageBody":"","fileTypesAndContributionMap":{"docs":{"insertions":1,"deletions":1}}},{"hash":"d5945e7b48f6531eed296935a21d67e225bb6929","isMergeCommit":false,"messageTitle":"Rename d_limiter.md to d-limiter.md","messageBody":"","fileTypesAndContributionMap":{"docs":{"insertions":0,"deletions":0}}},{"hash":"c074ffd8dcb5e6a0adc404106c6a4bd520ed202c","isMergeCommit":true,"messageTitle":"Merge pull request #58 from D-Limiter/master","messageBody":"Update README.md","fileTypesAndContributionMap":{}}]},{"date":"2023-10-13","commitResults":[{"hash":"1c2c71f3389099a710e44c6d2b1a7d580ae6abb4","isMergeCommit":true,"messageTitle":"Merge branch \u0027master\u0027 of https://github.com/D-Limiter/tp into tutorial-adding-command new","messageBody":"","fileTypesAndContributionMap":{}},{"hash":"03f0213173096a39df3b824cf588c7a3f9bbc7a3","isMergeCommit":true,"messageTitle":"Merge branch \u0027tutorial-adding-command\u0027 Merge updates","messageBody":"","fileTypesAndContributionMap":{}}]},{"date":"2023-10-14","commitResults":[{"hash":"6c6de929300ebe2c3f26816ed86aaf6d170ca013","isMergeCommit":false,"messageTitle":"Add enhancements for word organization","messageBody":"","fileTypesAndContributionMap":{"functional-code":{"insertions":30,"deletions":19},"other":{"insertions":1,"deletions":1}}},{"hash":"3df17d748aa5a575e50a07669ecb6fadf712fd62","isMergeCommit":true,"messageTitle":"Merge pull request #103 from D-Limiter/master","messageBody":"Add word organization enhancements","fileTypesAndContributionMap":{}},{"hash":"9003486ee40379276cbc68d0837c0e760e733e8d","isMergeCommit":false,"messageTitle":"Add language support","messageBody":"","fileTypesAndContributionMap":{"functional-code":{"insertions":192,"deletions":69},"test-code":{"insertions":59,"deletions":50}}},{"hash":"d469971fb2f1dc900fe35338c0648d7422a8034d","isMergeCommit":true,"messageTitle":"Merge pull request #104 from D-Limiter/master","messageBody":"Add language support","fileTypesAndContributionMap":{}}]},{"date":"2023-10-15","commitResults":[{"hash":"292656e35fb2580230e292080e7dc98ae89d9c9b","isMergeCommit":false,"messageTitle":"Add stats functionality","messageBody":"","fileTypesAndContributionMap":{"functional-code":{"insertions":97,"deletions":33}}},{"hash":"b28b859c3dc8d56dd545b7ea520cfe1c9e870118","isMergeCommit":true,"messageTitle":"Merge pull request #105 from D-Limiter/master","messageBody":"Add stats functionality","fileTypesAndContributionMap":{}},{"hash":"837e8d89b25369da079831cd7796241cd0391676","isMergeCommit":false,"messageTitle":"Update UserGuide.md","messageBody":"","fileTypesAndContributionMap":{"docs":{"insertions":12,"deletions":5}}},{"hash":"0831b13ae742153a7de568cd1a305e774ab2bb7e","isMergeCommit":true,"messageTitle":"Merge pull request #106 from D-Limiter/master","messageBody":"Update UserGuide.md","fileTypesAndContributionMap":{}}]},{"date":"2023-10-16","commitResults":[{"hash":"1268c6a86adf997abee2364789f36e785f5f0a1d","isMergeCommit":false,"messageTitle":"Format updates","messageBody":"","fileTypesAndContributionMap":{"functional-code":{"insertions":1,"deletions":1}}},{"hash":"c8e764ed85d7eaa822a3ea69f775b9b952e5df51","isMergeCommit":true,"messageTitle":"Merge branch \u0027master\u0027 of https://github.com/D-Limiter/tp Merge Commit","messageBody":"","fileTypesAndContributionMap":{}},{"hash":"0f0442b0484819aada1a34ac79db384b802d8ff5","isMergeCommit":true,"messageTitle":"Merge pull request #111 from D-Limiter/master","messageBody":"Add format changes","fileTypesAndContributionMap":{}},{"hash":"8ad2434ed62447412ec08a4c7e515aa0e6550851","isMergeCommit":true,"messageTitle":"Merge pull request #112 from Song-Mengfei/LanguageCommand","messageBody":"Add function to list all flashcards of the given language","fileTypesAndContributionMap":{}}]},{"date":"2023-10-18","commitResults":[{"hash":"81891efbb631911d34a0235783aeeaa67770d2ab","isMergeCommit":false,"messageTitle":"Add error message updates","messageBody":"","fileTypesAndContributionMap":{"functional-code":{"insertions":3,"deletions":2}}},{"hash":"66217169b36a169163f50226d959b6eb6423e083","isMergeCommit":false,"messageTitle":"Update error message","messageBody":"","fileTypesAndContributionMap":{"functional-code":{"insertions":0,"deletions":1},"docs":{"insertions":1,"deletions":5},"test-code":{"insertions":1,"deletions":1}}}]},{"date":"2023-10-19","commitResults":[{"hash":"e64d2ee945f529182f64619ed3b8cb4f9bc6f006","isMergeCommit":true,"messageTitle":"Merge pull request #120 from itsNatTan/bugfix-detect-duplicate","messageBody":"Bugfix detect duplicate","fileTypesAndContributionMap":{}},{"hash":"d2cfd2b4750f514f38fe693c59080105dcb81ef4","isMergeCommit":true,"messageTitle":"Update error messages","messageBody":"","fileTypesAndContributionMap":{}},{"hash":"9b3cdd6846dca83f4bcd3d27ca2de7920226a2ec","isMergeCommit":false,"messageTitle":"Update errors","messageBody":"","fileTypesAndContributionMap":{"functional-code":{"insertions":1,"deletions":1}}},{"hash":"5e929c1e27c20d837c6313428ad4ffebbeaf836d","isMergeCommit":false,"messageTitle":"Add updates for errors","messageBody":"","fileTypesAndContributionMap":{"functional-code":{"insertions":4,"deletions":1}}}]}],"itsNatTan":[{"date":"2023-09-22","commitResults":[{"hash":"a8867a1110acf8eb4edaf5e0c06c57df62b725f6","isMergeCommit":true,"messageTitle":"Merge pull request #7 from A1WAYSD/master","messageBody":"Update UGDraft","fileTypesAndContributionMap":{}}]},{"date":"2023-09-23","commitResults":[{"hash":"86ca5c8e933b729dbaca8907363b2cb73c878aa7","isMergeCommit":true,"messageTitle":"Merge pull request #10 from Song-Mengfei/master","messageBody":"Update UG","fileTypesAndContributionMap":{}}]},{"date":"2023-09-25","commitResults":[{"hash":"6607a9440d1b6460245488f11f4599649f4f82be","isMergeCommit":false,"messageTitle":"Create nathanael.md","messageBody":"","fileTypesAndContributionMap":{"docs":{"insertions":38,"deletions":0}}},{"hash":"a9dab97e290566631de4cd121a90ef5403e0c2a3","isMergeCommit":false,"messageTitle":"Fix CI errors by eliminating checkstyle problems","messageBody":"","fileTypesAndContributionMap":{"functional-code":{"insertions":30,"deletions":10},"other":{"insertions":39,"deletions":24}}},{"hash":"de850a460e1fee6fb4c20ee62d5f08cb1a233934","isMergeCommit":true,"messageTitle":"Merge pull request #13 from itsNatTan/fix-CI","messageBody":"Fix CI errors by eliminating checkstyle problems","fileTypesAndContributionMap":{}},{"hash":"98e75ab1e27baa8da11c093dbf8286b290283422","isMergeCommit":true,"messageTitle":"Merge branch \u0027master\u0027 of https://github.com/AY2324S1-CS2103T-T11-4/tp into add-nathanael-info","messageBody":"","fileTypesAndContributionMap":{}},{"hash":"9a1b6ccd584f53201a5f1734c90aac06462f5936","isMergeCommit":true,"messageTitle":"Merge pull request #12 from itsNatTan/add-nathanael-info","messageBody":"Create nathanael.md","fileTypesAndContributionMap":{}},{"hash":"922f0ea4195e02980e3ca9e60fa9faec82aac761","isMergeCommit":false,"messageTitle":"Add AddCommand for addition of flashcards Add functionality for AddCommand to detect duplicate FlashCard Make Command abstract class","messageBody":"","fileTypesAndContributionMap":{"functional-code":{"insertions":72,"deletions":2}}},{"hash":"aeda67cc67431a8da72291933dca9d6d969c3855","isMergeCommit":false,"messageTitle":"Fix CI errors","messageBody":"","fileTypesAndContributionMap":{"functional-code":{"insertions":6,"deletions":6}}}]},{"date":"2023-10-02","commitResults":[{"hash":"7b36be6d55a970f548586ee2682d2f6b0281d550","isMergeCommit":false,"messageTitle":"Update nathanael.md","messageBody":"Add reposense link and UG contributions","fileTypesAndContributionMap":{"docs":{"insertions":2,"deletions":4}}}]},{"date":"2023-10-05","commitResults":[{"hash":"44025dc359aaade2795ee1769f1960ee837a24ac","isMergeCommit":false,"messageTitle":"Rename PPP","messageBody":"","fileTypesAndContributionMap":{"docs":{"insertions":0,"deletions":0}}},{"hash":"da08dfb310fce816f5d57be46d390981ecfab86e","isMergeCommit":false,"messageTitle":"Just to clear progressbar","messageBody":"","fileTypesAndContributionMap":{"docs":{"insertions":0,"deletions":46}}},{"hash":"8331e0f2ff87df68ec7b00c96eee0a6a08e3d16e","isMergeCommit":true,"messageTitle":"Merge pull request #28 from itsNatTan/tutorial-adding-command","messageBody":"Clear Tutorial of tP progress","fileTypesAndContributionMap":{}},{"hash":"ee050a3d62d776cf8fecd00a543723f940f0245f","isMergeCommit":false,"messageTitle":"Update DeveloperGuide.md with user stories","messageBody":"","fileTypesAndContributionMap":{"docs":{"insertions":11,"deletions":6}}}]},{"date":"2023-10-11","commitResults":[{"hash":"cf56218761f46c6a712183655fa0b7772d21b5b6","isMergeCommit":false,"messageTitle":"Abstract out components of Flashcard into its own classes Create ProficiencyLevel, OriginalWord, Translation","messageBody":"","fileTypesAndContributionMap":{"functional-code":{"insertions":87,"deletions":3},"other":{"insertions":13,"deletions":13}}},{"hash":"dad1cb75f48f39ce6db93642f380633a842c81a0","isMergeCommit":false,"messageTitle":"Change package name to be in line with convention","messageBody":"","fileTypesAndContributionMap":{"other":{"insertions":1,"deletions":1}}},{"hash":"f3c88fd288f0b9d84798efa86d397745272f8b93","isMergeCommit":false,"messageTitle":"Add newline to pass checkstyle","messageBody":"","fileTypesAndContributionMap":{"functional-code":{"insertions":1,"deletions":2}}},{"hash":"9a3fa1e741e6bfcad6c0d9cc3b5a9f9126bf99b7","isMergeCommit":true,"messageTitle":"Move AddCommand to fix merge conflict","messageBody":"","fileTypesAndContributionMap":{}},{"hash":"0f39a210620d062269b8d0b7fb55cfd2400e4786","isMergeCommit":false,"messageTitle":"Add new prefix for commands","messageBody":"","fileTypesAndContributionMap":{"functional-code":{"insertions":2,"deletions":0}}},{"hash":"3db3728b71a65c358c40c5e75c09034d3a6bee5d","isMergeCommit":false,"messageTitle":"Change MESSAGE_USAGE","messageBody":"","fileTypesAndContributionMap":{"functional-code":{"insertions":12,"deletions":2}}},{"hash":"7392e632932ec2d3151b747ce364f6519961ddec","isMergeCommit":false,"messageTitle":"Remove new Command interface to use original AB3 Command interface Add features in original AddCommand class into new AddCommand class","messageBody":"","fileTypesAndContributionMap":{"functional-code":{"insertions":32,"deletions":25}}},{"hash":"58b934ad4c99cb6b71738885154500484582fa81","isMergeCommit":false,"messageTitle":"Change import order to follow checkstyle convention","messageBody":"","fileTypesAndContributionMap":{"functional-code":{"insertions":4,"deletions":4}}},{"hash":"ff3949ea967b24218d326b23710a81bb65e500cf","isMergeCommit":false,"messageTitle":"Change URL of UserGuide to FlashLingo\u0027s UserGuide","messageBody":"","fileTypesAndContributionMap":{"functional-code":{"insertions":1,"deletions":1}}}]},{"date":"2023-10-12","commitResults":[{"hash":"7f99bad63427da4223d24088468afb6a439c9394","isMergeCommit":false,"messageTitle":"Change Help button to open browser directly rather than pop up a window with URL","messageBody":"","fileTypesAndContributionMap":{"functional-code":{"insertions":20,"deletions":4}}},{"hash":"a053335d17cf8dcfdb463a94544be2a301deb987","isMergeCommit":false,"messageTitle":"Fix CI errors","messageBody":"","fileTypesAndContributionMap":{"functional-code":{"insertions":1,"deletions":2}}}]},{"date":"2023-10-15","commitResults":[{"hash":"3cfed8115b385760743c37889bd8403ce5e69a44","isMergeCommit":false,"messageTitle":"Update build.gradle","messageBody":"","fileTypesAndContributionMap":{"other":{"insertions":2,"deletions":2}}},{"hash":"75118d02b407ad1499353f9d975b23bc15de96df","isMergeCommit":false,"messageTitle":"Refactor UI elements to flashcard","messageBody":"","fileTypesAndContributionMap":{"functional-code":{"insertions":5,"deletions":5},"other":{"insertions":8,"deletions":8}}},{"hash":"1cfd63840923c23ec0b60b7117d61e02ebda8a9a","isMergeCommit":false,"messageTitle":"Add functionality to FlashCard to assist UI functions","messageBody":"","fileTypesAndContributionMap":{"functional-code":{"insertions":41,"deletions":2},"other":{"insertions":0,"deletions":21}}},{"hash":"9785409fdc8224f7284418626244de154db9f7f5","isMergeCommit":false,"messageTitle":"Create sample data for testing","messageBody":"","fileTypesAndContributionMap":{"functional-code":{"insertions":7,"deletions":2}}},{"hash":"9c3b6c9e02a79f081d47d89b2862ccaf95fb81e0","isMergeCommit":false,"messageTitle":"Update UI","messageBody":"","fileTypesAndContributionMap":{"functional-code":{"insertions":145,"deletions":39},"other":{"insertions":12,"deletions":1}}}]},{"date":"2023-10-17","commitResults":[{"hash":"11e4396743a5b2c36fa96c38fa8eec5c7c8c7395","isMergeCommit":true,"messageTitle":"Merge pull request #114 from Song-Mengfei/LanguageCommand","messageBody":"Fix document error","fileTypesAndContributionMap":{}},{"hash":"b0288486f292c53aaa928f3d5b2a5a2cf870eb2e","isMergeCommit":true,"messageTitle":"Merge pull request #113 from Song-Mengfei/ReviewCommand","messageBody":"Add Review Command","fileTypesAndContributionMap":{}},{"hash":"4764a371ac32f65e5fc056636f43b7eb5a0822d2","isMergeCommit":true,"messageTitle":"Merge pull request #107 from Song-Mengfei/test","messageBody":"Update name of tests","fileTypesAndContributionMap":{}},{"hash":"c0a435d5b3c29f3b1b260f55d7342f79bf9cbd52","isMergeCommit":false,"messageTitle":"Fix CI","messageBody":"","fileTypesAndContributionMap":{"functional-code":{"insertions":124,"deletions":105}}},{"hash":"3e0769f93bcf57cf3577dea152bf5cbb1f85dcf2","isMergeCommit":true,"messageTitle":"Fix CI after merge","messageBody":"","fileTypesAndContributionMap":{}},{"hash":"921769e42e5294128d026e582f72ec8b2569d776","isMergeCommit":false,"messageTitle":"Fixing repository-wide test errors","messageBody":"","fileTypesAndContributionMap":{"docs":{"insertions":16,"deletions":9},"test-code":{"insertions":1,"deletions":1}}},{"hash":"c12b9135f957f3e72e3c5d206fdf61fa611c9537","isMergeCommit":false,"messageTitle":"Fix repository-wide test errors that was missed","messageBody":"","fileTypesAndContributionMap":{"docs":{"insertions":1,"deletions":1}}},{"hash":"005fcd4cf59d69805a1ede0ae9fc4b3db9b38d6a","isMergeCommit":false,"messageTitle":"Remove tests to pass CI (Tests were for AB3, will add for ours in the future)","messageBody":"","fileTypesAndContributionMap":{"test-code":{"insertions":0,"deletions":4272}}}]},{"date":"2023-10-18","commitResults":[{"hash":"1fc8659902980031d18535a8300cfcacd30580c7","isMergeCommit":false,"messageTitle":"Fix equality of FlashCard to also consider translated word","messageBody":"","fileTypesAndContributionMap":{"functional-code":{"insertions":3,"deletions":14}}}]}],"Song-Mengfei":[{"date":"2023-09-23","commitResults":[{"hash":"f145ede74016036837aa1a391bd4f6d0e24ecb6e","isMergeCommit":false,"messageTitle":"Update UG","messageBody":"","fileTypesAndContributionMap":{"docs":{"insertions":87,"deletions":13}}},{"hash":"257dd19b5a5b8b61f94e483451c61f69a8b3ebc2","isMergeCommit":false,"messageTitle":"debug","messageBody":"","fileTypesAndContributionMap":{"docs":{"insertions":1,"deletions":1}}}]},{"date":"2023-10-04","commitResults":[{"hash":"2da278fde707c35d0c6a407e6da199c5ec319721","isMergeCommit":false,"messageTitle":"Add a PPP skeleton and photo","messageBody":"","fileTypesAndContributionMap":{"docs":{"insertions":37,"deletions":0}}},{"hash":"d7f41805c9cc2f6cbc086a9a5364570508e6d806","isMergeCommit":true,"messageTitle":"Merge pull request #21 from Song-Mengfei/tutorial-adding-command","messageBody":"Add a PPP skeleton and photo","fileTypesAndContributionMap":{}},{"hash":"73916f01aadbe5ab11946ddb69466300e1d7e235","isMergeCommit":false,"messageTitle":"Update AboutUs page","messageBody":"","fileTypesAndContributionMap":{"docs":{"insertions":4,"deletions":4}}},{"hash":"0b07f74a44601bdf0ae19b4d3fbc0ced95fc1099","isMergeCommit":true,"messageTitle":"Merge pull request #22 from Song-Mengfei/master","messageBody":"Update AboutUs page","fileTypesAndContributionMap":{}}]},{"date":"2023-10-05","commitResults":[{"hash":"d6dd6f560bfa087fad1a18c5f39ee418e320bd88","isMergeCommit":false,"messageTitle":"Fix PPP","messageBody":"","fileTypesAndContributionMap":{"docs":{"insertions":0,"deletions":0}}},{"hash":"9d74b953feaf82e431f84b040c0f5599a53be268","isMergeCommit":true,"messageTitle":"Merge pull request #23 from Song-Mengfei/master","messageBody":"Fix PPP","fileTypesAndContributionMap":{}},{"hash":"a47fe8be47f4afd1776b4a971e24ef409cc5aed6","isMergeCommit":false,"messageTitle":"Update PPP","messageBody":"","fileTypesAndContributionMap":{"docs":{"insertions":3,"deletions":3}}},{"hash":"c67dfa8a28e8cc133b8c1dcae838935c31c9a976","isMergeCommit":true,"messageTitle":"Merge branch \u0027master\u0027 of https://github.com/Song-Mengfei/tp into Update-PPP-skeleton","messageBody":"","fileTypesAndContributionMap":{}},{"hash":"ef862909347b22c7e9dd4b875d819012efc109da","isMergeCommit":false,"messageTitle":"update UserGuide","messageBody":"","fileTypesAndContributionMap":{"docs":{"insertions":140,"deletions":71}}},{"hash":"05a459adf90a4f0351ba174d285253c73245707a","isMergeCommit":false,"messageTitle":"Update DG with glossary","messageBody":"","fileTypesAndContributionMap":{"docs":{"insertions":3,"deletions":1}}}]},{"date":"2023-10-06","commitResults":[{"hash":"ae4b58b74eaface78ebabc4d2cbbc56d7b0758a8","isMergeCommit":false,"messageTitle":"Update UG","messageBody":"","fileTypesAndContributionMap":{"docs":{"insertions":1,"deletions":10}}},{"hash":"8c72965abb03e1cfdf9273bf807de570e9e3fc35","isMergeCommit":false,"messageTitle":"Revert \"Update UG\"","messageBody":"This reverts commit ae4b58b74eaface78ebabc4d2cbbc56d7b0758a8.\n","fileTypesAndContributionMap":{"docs":{"insertions":10,"deletions":1}}},{"hash":"fd33a6c880c5f5d302ccfdbc0c6da1ea519986fd","isMergeCommit":false,"messageTitle":"Update UG","messageBody":"","fileTypesAndContributionMap":{"docs":{"insertions":3,"deletions":12}}}]},{"date":"2023-10-07","commitResults":[{"hash":"e4712cb2f0488b34f1498fd41778a9b6a90ab337","isMergeCommit":false,"messageTitle":"update UG","messageBody":"","fileTypesAndContributionMap":{"docs":{"insertions":1,"deletions":1}}}]},{"date":"2023-10-08","commitResults":[{"hash":"c829d6e7836d9a6056383a5277c73eedfdb9bcf8","isMergeCommit":false,"messageTitle":"Update AboutUs.md","messageBody":"","fileTypesAndContributionMap":{"docs":{"insertions":1,"deletions":1}}},{"hash":"09becce4b44bc5610c2d1faccde2b225b7c7564d","isMergeCommit":true,"messageTitle":"Merge pull request #50 from Song-Mengfei/aboutMe","messageBody":"Update AboutUs.md","fileTypesAndContributionMap":{}}]},{"date":"2023-10-12","commitResults":[{"hash":"15c2f0eee24d6e64e1243c53891250192756bdab","isMergeCommit":true,"messageTitle":"Merge pull request #65 from WangCheng0116/AddWordsCommand","messageBody":"Add words command","fileTypesAndContributionMap":{}},{"hash":"d7550b36e84c1d465b7561243ea3aec6d00555d2","isMergeCommit":true,"messageTitle":"Merge pull request #67 from WangCheng0116/YesCommand","messageBody":"YesCommand and NoCommand Implementation","fileTypesAndContributionMap":{}},{"hash":"fe609e34c52537fe278a8f887dee8c09c492aa64","isMergeCommit":false,"messageTitle":"Add new Modle","messageBody":"","fileTypesAndContributionMap":{"functional-code":{"insertions":373,"deletions":4}}},{"hash":"154462ff602bd2300d4ddc0c475bd0132864b4fd","isMergeCommit":true,"messageTitle":"Merge branch \u0027newModle\u0027","messageBody":"","fileTypesAndContributionMap":{}},{"hash":"8ae128c9ed5e9c198a4ede1607e6459467a9aece","isMergeCommit":false,"messageTitle":"Fix bug","messageBody":"","fileTypesAndContributionMap":{"functional-code":{"insertions":17,"deletions":17}}},{"hash":"8de1ea7b2bf6c0da44e5020cdb418498df351394","isMergeCommit":false,"messageTitle":"Add new command and new parser","messageBody":"","fileTypesAndContributionMap":{"functional-code":{"insertions":186,"deletions":142}}},{"hash":"dadc4088c211ced4c90398c953b0f964863d489c","isMergeCommit":true,"messageTitle":"Merge branch \u0027master\u0027 into master","messageBody":"","fileTypesAndContributionMap":{}},{"hash":"b89c5f6f2af87c499c646569c74c2f309cd2c093","isMergeCommit":true,"messageTitle":"Merge pull request #71 from Song-Mengfei/master","messageBody":"Add new model, delete command and delete parser","fileTypesAndContributionMap":{}},{"hash":"9962f75f6960d1654c9d2273a14b76bafc9fb31f","isMergeCommit":false,"messageTitle":"Fix Java CI","messageBody":"","fileTypesAndContributionMap":{"functional-code":{"insertions":1,"deletions":1},"other":{"insertions":4,"deletions":7},"docs":{"insertions":22,"deletions":22}}},{"hash":"46c9000a65a025ff7b75449dc038ce53cd1d72f2","isMergeCommit":true,"messageTitle":"Merge branch \u0027master\u0027 of https://github.com/Song-Mengfei/tp","messageBody":"","fileTypesAndContributionMap":{}},{"hash":"e48b1253279e7dd7afadfbfab569313a39362f49","isMergeCommit":false,"messageTitle":"Fix Java CI","messageBody":"","fileTypesAndContributionMap":{"functional-code":{"insertions":64,"deletions":90}}},{"hash":"b9ed7d8dd71b5f8f8a7b68ba43ed88bb0e4dd50e","isMergeCommit":false,"messageTitle":"Fix Java CI","messageBody":"","fileTypesAndContributionMap":{"functional-code":{"insertions":19,"deletions":19}}},{"hash":"8aa00b425e097599d5028681aa93cf4f31b7d89e","isMergeCommit":false,"messageTitle":"Fix Java CI","messageBody":"","fileTypesAndContributionMap":{"functional-code":{"insertions":2,"deletions":2}}},{"hash":"89d32db567ed904fae09d19c32487405512a68a5","isMergeCommit":false,"messageTitle":"Delete test","messageBody":"","fileTypesAndContributionMap":{"test-code":{"insertions":0,"deletions":5022}}},{"hash":"c8ca00d60c72095eb4032d2bd1b49561d9892338","isMergeCommit":false,"messageTitle":"Revert \"Delete test\"","messageBody":"This reverts commit 89d32db567ed904fae09d19c32487405512a68a5.\n","fileTypesAndContributionMap":{"test-code":{"insertions":5022,"deletions":0}}},{"hash":"1d17f6baaddcac78c7e9950b498e4053d613db31","isMergeCommit":true,"messageTitle":"Merge pull request #72 from Song-Mengfei/master","messageBody":"Fix Java CI","fileTypesAndContributionMap":{}},{"hash":"be9d06c213a302996ec34a6f135587fcff511c84","isMergeCommit":false,"messageTitle":"Delete files","messageBody":"","fileTypesAndContributionMap":{"other":{"insertions":3,"deletions":1},"test-code":{"insertions":0,"deletions":5011}}},{"hash":"b867dd9e1ed61753d8340ebdcf5ed3bd6d1b5f1f","isMergeCommit":false,"messageTitle":"Revert \"Delete files\"","messageBody":"This reverts commit be9d06c213a302996ec34a6f135587fcff511c84.\n","fileTypesAndContributionMap":{"other":{"insertions":1,"deletions":3},"test-code":{"insertions":5011,"deletions":0}}},{"hash":"afa9e079b67c3da05ac7bf6e2d88a612fe8178d8","isMergeCommit":true,"messageTitle":"Merge pull request #74 from Song-Mengfei/master","messageBody":"Recover test files","fileTypesAndContributionMap":{}}]},{"date":"2023-10-13","commitResults":[{"hash":"48a0646f66f5f0694cd6fda68d8b1b96dba983c2","isMergeCommit":false,"messageTitle":"Update add parser","messageBody":"","fileTypesAndContributionMap":{"functional-code":{"insertions":113,"deletions":42}}},{"hash":"a1b866805050b9c51c42cd4f5f4f0dd12581b0fb","isMergeCommit":true,"messageTitle":"Merge pull request #77 from Song-Mengfei/master","messageBody":"Update add parser","fileTypesAndContributionMap":{}},{"hash":"8d2c0d3739695e7beed7c7cc77424e69678a5590","isMergeCommit":false,"messageTitle":"Update flashlingo parser","messageBody":"","fileTypesAndContributionMap":{"functional-code":{"insertions":49,"deletions":26}}},{"hash":"d14a1a539056b7beb656042bb2e738564d9bab17","isMergeCommit":true,"messageTitle":"Merge branch \u0027master\u0027 into master","messageBody":"","fileTypesAndContributionMap":{}},{"hash":"6dbe8cc13d9951cf60f869448ee79a1aa35037b1","isMergeCommit":true,"messageTitle":"Merge pull request #79 from Song-Mengfei/master","messageBody":"Update flashlingo parser","fileTypesAndContributionMap":{}},{"hash":"64c0201d2aa2d7899ca829c401f6e0d0d346b805","isMergeCommit":true,"messageTitle":"Merge pull request #80 from WangCheng0116/master","messageBody":"Refactor everything and make sure Ui properly work","fileTypesAndContributionMap":{}},{"hash":"8b91ccd1df9280a64fd301e8d7463a693ed331bb","isMergeCommit":true,"messageTitle":"Merge pull request #82 from WangCheng0116/EditCommand","messageBody":"Implement EditCommand","fileTypesAndContributionMap":{}},{"hash":"117cc1525b469e518433ac1ea8ac715df93b3502","isMergeCommit":false,"messageTitle":"Update Find Command","messageBody":"","fileTypesAndContributionMap":{"functional-code":{"insertions":77,"deletions":17}}},{"hash":"d920e26b39de24594b803d7a7099fa171dc47dfc","isMergeCommit":false,"messageTitle":"Fix checkstyle","messageBody":"","fileTypesAndContributionMap":{"functional-code":{"insertions":32,"deletions":29}}},{"hash":"648dcadfd8281c68acd9ebb7a7c56f1d1da38da4","isMergeCommit":true,"messageTitle":"Merge pull request #84 from WangCheng0116/master","messageBody":"Fix documentation error","fileTypesAndContributionMap":{}},{"hash":"eead6a98c859f102f00dff0f8eaf92bd4d854ab9","isMergeCommit":false,"messageTitle":"Fix AddCommand bug","messageBody":"","fileTypesAndContributionMap":{"functional-code":{"insertions":29,"deletions":0}}},{"hash":"cb465e8f5bba1f0f0b3b684953765c4b54293fd8","isMergeCommit":true,"messageTitle":"Merge pull request #86 from Song-Mengfei/master","messageBody":"Fix AddCommand bug","fileTypesAndContributionMap":{}},{"hash":"b4e68b5467cac955bce5571f39aff84cb0eefb20","isMergeCommit":false,"messageTitle":"Fix Delete Command and storage issue","messageBody":"","fileTypesAndContributionMap":{"functional-code":{"insertions":12,"deletions":5}}},{"hash":"7b72f5c1077e34488cee8eb52751260760586b23","isMergeCommit":true,"messageTitle":"Merge branch \u0027master\u0027 into master","messageBody":"","fileTypesAndContributionMap":{}},{"hash":"23cd1d25df6e71d2e87d3025f46eec4db095d5aa","isMergeCommit":true,"messageTitle":"Merge pull request #88 from Song-Mengfei/master","messageBody":"Fix Delete Command and storage issue","fileTypesAndContributionMap":{}},{"hash":"bf808a1d20d5c2c7734ce41e3b3ed3ab935b1e4f","isMergeCommit":false,"messageTitle":"Update Find Command","messageBody":"","fileTypesAndContributionMap":{"functional-code":{"insertions":40,"deletions":14}}},{"hash":"6834bcfc1716f9c19575f6ebbeebfb2cd79cc44b","isMergeCommit":true,"messageTitle":"Merge pull request #89 from Song-Mengfei/master","messageBody":"Update Find Command","fileTypesAndContributionMap":{}},{"hash":"4c93ae5145ab20957a2a9c2dbb4c46f474ad49ae","isMergeCommit":true,"messageTitle":"Merge pull request #92 from WangCheng0116/master","messageBody":"Fix Json reading files issues","fileTypesAndContributionMap":{}},{"hash":"5b1552177527a1fa70cabc267551f863f21b2ae7","isMergeCommit":true,"messageTitle":"Merge pull request #93 from WangCheng0116/master","messageBody":"Better result output for easier debugging","fileTypesAndContributionMap":{}},{"hash":"d04b01bc21cfa2062458e433d46bf71866669e5b","isMergeCommit":false,"messageTitle":"Update UG","messageBody":"","fileTypesAndContributionMap":{"functional-code":{"insertions":0,"deletions":1},"docs":{"insertions":3,"deletions":44}}},{"hash":"af003b1030a91dbdc9ae4f3f0dd356e6b8a16973","isMergeCommit":true,"messageTitle":"Merge pull request #96 from WangCheng0116/master","messageBody":"Modify tests","fileTypesAndContributionMap":{}},{"hash":"9d3f4809eccbb1059f00cfa74619a0822f7369d3","isMergeCommit":false,"messageTitle":"Change TypicalFlashCards","messageBody":"","fileTypesAndContributionMap":{"other":{"insertions":4,"deletions":7},"test-code":{"insertions":18,"deletions":19}}},{"hash":"7eed14bc08f70e5afb2585ac453872ecc85558b4","isMergeCommit":true,"messageTitle":"Merge branch \u0027master\u0027 of https://github.com/Song-Mengfei/tp","messageBody":"Update typical FlashCards\n","fileTypesAndContributionMap":{}},{"hash":"f08a23c732c11c87cb81160d5143fdf74bbca640","isMergeCommit":true,"messageTitle":"Merge pull request #98 from WangCheng0116/master","messageBody":"Modify tests classes","fileTypesAndContributionMap":{}},{"hash":"f8d83a18f50debab186ba4e7fac142e8f8d8c222","isMergeCommit":false,"messageTitle":"Update testcase","messageBody":"","fileTypesAndContributionMap":{"test-code":{"insertions":15,"deletions":155}}},{"hash":"1be0356602fa251c8c967908c63fd7fd6dc39cc4","isMergeCommit":true,"messageTitle":"Merge branch \u0027master\u0027 of https://github.com/Song-Mengfei/tp","messageBody":"# Conflicts:\n#\tsrc/test/java/seedu/address/logic/parser/AddCommandParserTest.java\n#\tsrc/test/java/seedu/address/logic/parser/FlashlingoParserTest.java\n","fileTypesAndContributionMap":{}},{"hash":"2099fe2d5265341294261b74708540bd9b36cad5","isMergeCommit":false,"messageTitle":"Update PPP","messageBody":"","fileTypesAndContributionMap":{"docs":{"insertions":9,"deletions":5}}},{"hash":"576bd96df68af8153ea20f2eb4c39c0d184d4f09","isMergeCommit":true,"messageTitle":"Merge pull request #101 from Song-Mengfei/Update-PPP-skeleton","messageBody":"Update ppp skeleton","fileTypesAndContributionMap":{}}]},{"date":"2023-10-15","commitResults":[{"hash":"6d5c15bc291bb54583e76b644208fd994a9f2be4","isMergeCommit":false,"messageTitle":"Update tests","messageBody":"","fileTypesAndContributionMap":{"test-code":{"insertions":40,"deletions":49}}},{"hash":"30c105a62d5c5512ecf4e6673e491aad01731e88","isMergeCommit":false,"messageTitle":"Update the name of test","messageBody":"","fileTypesAndContributionMap":{"other":{"insertions":108,"deletions":113},"test-code":{"insertions":54,"deletions":117}}}]},{"date":"2023-10-16","commitResults":[{"hash":"cda1bfed65c36e6b9ae5bff73b39ddeb817ec93d","isMergeCommit":false,"messageTitle":"Add function to list all flashcards of teh given language","messageBody":"","fileTypesAndContributionMap":{"functional-code":{"insertions":150,"deletions":2}}},{"hash":"ad3149459e5003613e381849b127ce24d61670fe","isMergeCommit":false,"messageTitle":"Add Review Command","messageBody":"","fileTypesAndContributionMap":{"functional-code":{"insertions":77,"deletions":6}}},{"hash":"e520d29b1ac49ec37a4898248dc3cd2e77acb414","isMergeCommit":false,"messageTitle":"Fix document error","messageBody":"","fileTypesAndContributionMap":{"functional-code":{"insertions":3,"deletions":3}}}]},{"date":"2023-10-19","commitResults":[{"hash":"231e0d7af2441e7a3745921882925d94e7e73b24","isMergeCommit":true,"messageTitle":"Merge pull request #125 from D-Limiter/master","messageBody":"Update for error messages","fileTypesAndContributionMap":{}}]}],"A1WAYSD":[{"date":"2023-09-22","commitResults":[{"hash":"aeca70af2587e5969ca19df55bb3f7bf81b68fb6","isMergeCommit":false,"messageTitle":"Update UGDraft","messageBody":"","fileTypesAndContributionMap":{"docs":{"insertions":29,"deletions":2}}}]},{"date":"2023-10-01","commitResults":[{"hash":"ca4302f374fd36e3c98dd58dd7fb04111866c24a","isMergeCommit":false,"messageTitle":"Add skeletal PPP","messageBody":"","fileTypesAndContributionMap":{"docs":{"insertions":37,"deletions":0}}}]},{"date":"2023-10-02","commitResults":[{"hash":"c81b749c4a058ceed951fc106a03b8cb65268de7","isMergeCommit":true,"messageTitle":"Merge pull request #18 from itsNatTan/master","messageBody":"Update nathanael.md","fileTypesAndContributionMap":{}}]},{"date":"2023-10-04","commitResults":[{"hash":"2ca99f55c0d4dc0fc7723550b45e882a796e5be9","isMergeCommit":true,"messageTitle":"Merge pull request #17 from A1WAYSD/master","messageBody":"Add skeletal PPP","fileTypesAndContributionMap":{}},{"hash":"7a531e8936eae0b53eb2afc909b1fbca8bb16db6","isMergeCommit":false,"messageTitle":"Update AboutUs page","messageBody":"","fileTypesAndContributionMap":{"docs":{"insertions":5,"deletions":5}}}]},{"date":"2023-10-05","commitResults":[{"hash":"c8dedbc697c59a99d7faeeb216fde23cdaa41414","isMergeCommit":true,"messageTitle":"Merge pull request #20 from A1WAYSD/master","messageBody":"Update AboutUs page","fileTypesAndContributionMap":{}},{"hash":"dcb0ac6e6c32961c9546dbe3c672c0ed950e5b50","isMergeCommit":true,"messageTitle":"Merge pull request #24 from itsNatTan/master","messageBody":"Rename PPP","fileTypesAndContributionMap":{}},{"hash":"62f32dd4bfe41cfc22b112b6b6764ea461f85d93","isMergeCommit":true,"messageTitle":"Merge pull request #25 from Song-Mengfei/Update-PPP-skeleton","messageBody":"Update ppp skeleton","fileTypesAndContributionMap":{}},{"hash":"ccb950d9b26dfe239c102aeead8a1d742cf3d727","isMergeCommit":true,"messageTitle":"Merge pull request #29 from itsNatTan/docs-dg-userstories","messageBody":"Update DeveloperGuide.md with user stories","fileTypesAndContributionMap":{}}]},{"date":"2023-10-07","commitResults":[{"hash":"f73a745675608e3146d85cae78741b727d04edaa","isMergeCommit":true,"messageTitle":"Merge pull request #30 from Song-Mengfei/userGuide","messageBody":"Update UserGuide","fileTypesAndContributionMap":{}},{"hash":"c325700f5176c638d06f603ba5db7f3fc62aefd8","isMergeCommit":true,"messageTitle":"Merge pull request #31 from Song-Mengfei/developerGuide","messageBody":"Update DG with glossary","fileTypesAndContributionMap":{}},{"hash":"b42ac5821594d0f5c16307fb36da8303681d2c98","isMergeCommit":false,"messageTitle":"Update project scope and NFR","messageBody":"","fileTypesAndContributionMap":{"docs":{"insertions":16,"deletions":9}}},{"hash":"fae0ab3fa8fc7ee7b1b39a911a640e62ea5235c0","isMergeCommit":true,"messageTitle":"Merge pull request #42 from WangCheng0116/update-readme","messageBody":"Update readme","fileTypesAndContributionMap":{}},{"hash":"87a9e388ca3927356bd890320c2634df05032cde","isMergeCommit":true,"messageTitle":"Merge pull request #43 from Song-Mengfei/userGuide","messageBody":"update UG","fileTypesAndContributionMap":{}},{"hash":"e1df5a65f6b40bea87b946f6bb54af9760060a8c","isMergeCommit":false,"messageTitle":"Update _config.yml","messageBody":"","fileTypesAndContributionMap":{"docs":{"insertions":0,"deletions":178}}},{"hash":"b45a0495c7b55158b61914439e2492419a21878e","isMergeCommit":false,"messageTitle":"Fix conflict","messageBody":"","fileTypesAndContributionMap":{"docs":{"insertions":179,"deletions":0}}},{"hash":"c35f37aa20079e4d51ea98352b535d556ce1efed","isMergeCommit":true,"messageTitle":"Merge branch \u0027master\u0027 into v1.1-update-DG","messageBody":"","fileTypesAndContributionMap":{}},{"hash":"8a2223311b6933dc32e513d79a98abc78ce963d5","isMergeCommit":true,"messageTitle":"Merge pull request #46 from WangCheng0116/update-readme","messageBody":"Fix errors in badge section","fileTypesAndContributionMap":{}},{"hash":"74b8efd24fff1ac2f0f3989030a33d5fef4f22e0","isMergeCommit":false,"messageTitle":"Update DG","messageBody":"","fileTypesAndContributionMap":{"docs":{"insertions":0,"deletions":3}}},{"hash":"092d3d26d0b7df41f57186af247df2066903e2bb","isMergeCommit":true,"messageTitle":"Merge pull request #47 from A1WAYSD/master","messageBody":"Update DG","fileTypesAndContributionMap":{}},{"hash":"4234b250842d09e6e33406f9ea17fe06d3f8574d","isMergeCommit":false,"messageTitle":"Fix DG linked to website","messageBody":"","fileTypesAndContributionMap":{"docs":{"insertions":0,"deletions":1}}},{"hash":"02d6dcb134ddca3a8dbcfe7ee5bed331f411bf85","isMergeCommit":true,"messageTitle":"Merge pull request #49 from A1WAYSD/master","messageBody":"Fix DG linked to website","fileTypesAndContributionMap":{}}]},{"date":"2023-10-08","commitResults":[{"hash":"24dcb03944c3e2366d83380f19c049bfab745222","isMergeCommit":false,"messageTitle":"Correct filename","messageBody":"","fileTypesAndContributionMap":{"docs":{"insertions":1,"deletions":1}}},{"hash":"e5ce95914322ff152b4149cfb37c50196bb55fb7","isMergeCommit":true,"messageTitle":"Merge pull request #54 from A1WAYSD/master","messageBody":"Correct filename","fileTypesAndContributionMap":{}}]},{"date":"2023-10-12","commitResults":[{"hash":"a56fdda4ba1c93e4f2eb4e0b6d0901779020adb1","isMergeCommit":false,"messageTitle":"Refactor to Flashlingo","messageBody":"","fileTypesAndContributionMap":{"functional-code":{"insertions":6133,"deletions":0},"test-code":{"insertions":255,"deletions":190}}},{"hash":"dc570cc1c77f3bfa5826aadf12f9ae4af140458a","isMergeCommit":false,"messageTitle":"Update temp storage","messageBody":"","fileTypesAndContributionMap":{"functional-code":{"insertions":572,"deletions":0}}}]},{"date":"2023-10-13","commitResults":[{"hash":"e6fbce819cdb40483e5ac47ee8963d388dce9894","isMergeCommit":false,"messageTitle":"Delete duplicate files","messageBody":"","fileTypesAndContributionMap":{"functional-code":{"insertions":0,"deletions":6754}}},{"hash":"24fa6158d92fa602416d382284ece8d78aa47a14","isMergeCommit":false,"messageTitle":"Modify dependent classes","messageBody":"","fileTypesAndContributionMap":{"functional-code":{"insertions":82,"deletions":16},"test-code":{"insertions":200,"deletions":196}}},{"hash":"2e57b68e22a2a479ea256ef3e079c0fee4ea3c72","isMergeCommit":false,"messageTitle":"Update SampleDataUtil","messageBody":"","fileTypesAndContributionMap":{"functional-code":{"insertions":1,"deletions":1}}},{"hash":"f9c7fcdbfe1f08ffda24aaef44cc4c87ca79a846","isMergeCommit":false,"messageTitle":"Update storage","messageBody":"","fileTypesAndContributionMap":{"functional-code":{"insertions":182,"deletions":63},"other":{"insertions":25,"deletions":29}}}]},{"date":"2023-10-16","commitResults":[{"hash":"ec11f39760632d61a464a5e9396b9d551ec1d0df","isMergeCommit":true,"messageTitle":"Merge pull request #108 from itsNatTan/master","messageBody":"Update build.gradle","fileTypesAndContributionMap":{}},{"hash":"d735f3bbea65de6c903c64e02139d4b0e8f8322a","isMergeCommit":true,"messageTitle":"Merge pull request #109 from itsNatTan/ui","messageBody":"Update UI","fileTypesAndContributionMap":{}}]}],"WangCheng0116":[{"date":"2023-09-23","commitResults":[{"hash":"e95780e0daa60f400ec0b3e4c7f2ed28b46e8717","isMergeCommit":false,"messageTitle":"Update UGDraft.md","messageBody":"","fileTypesAndContributionMap":{"docs":{"insertions":16,"deletions":1}}}]},{"date":"2023-10-07","commitResults":[{"hash":"d1f8d7be35589467bcb610e6cb23445a7676ab0c","isMergeCommit":false,"messageTitle":"Create wangcheng0116.md","messageBody":"","fileTypesAndContributionMap":{"docs":{"insertions":1,"deletions":0}}},{"hash":"367fae75c22f89d6f3756fb525535919aa0527dc","isMergeCommit":true,"messageTitle":"Merge branch \u0027master\u0027 of https://github.com/WangCheng0116/tp","messageBody":"# Conflicts:\n#\tdocs/UGDraft.md\n","fileTypesAndContributionMap":{}},{"hash":"b16da3c3294e499519fffde5898ce5c737f493cc","isMergeCommit":true,"messageTitle":"Adding PPP and photo","messageBody":"","fileTypesAndContributionMap":{}},{"hash":"bea8b323c7808833e19c62fc1df9bf5c52897d5a","isMergeCommit":true,"messageTitle":"Merge pull request #34 from WangCheng0116/master","messageBody":"Update photo and PPP","fileTypesAndContributionMap":{}},{"hash":"2bc1def814ca4284317efb6e63e9ea07738a3502","isMergeCommit":false,"messageTitle":"Update UGDratf","messageBody":"","fileTypesAndContributionMap":{"docs":{"insertions":2,"deletions":0}}},{"hash":"8322be711381aa4e4e873b91db7b8113fd148cd1","isMergeCommit":true,"messageTitle":"Merge branch \u0027tutorial-adding-command\u0027","messageBody":"","fileTypesAndContributionMap":{}},{"hash":"a6e5469e6c0477b18ae166625067f20c2ab55523","isMergeCommit":false,"messageTitle":"Update","messageBody":"","fileTypesAndContributionMap":{"other":{"insertions":580,"deletions":0}}},{"hash":"a194e516d2f277977fe624ba9d822033ad4f52cc","isMergeCommit":false,"messageTitle":"Add RemarkCommand class","messageBody":"","fileTypesAndContributionMap":{"functional-code":{"insertions":0,"deletions":0}}},{"hash":"50bc25b820a92a49f6642835d4cebb351ca6557c","isMergeCommit":false,"messageTitle":"Add RemarkCommand class","messageBody":"","fileTypesAndContributionMap":{"functional-code":{"insertions":90,"deletions":0}}},{"hash":"42161a9026ec3b97e130c74f89a6e4175f8b2c41","isMergeCommit":false,"messageTitle":"Add Remark class","messageBody":"","fileTypesAndContributionMap":{"functional-code":{"insertions":44,"deletions":0}}},{"hash":"277a45d96c11eb2d8cb5731cfe1258dda3a0c27a","isMergeCommit":false,"messageTitle":"Update Person class","messageBody":"","fileTypesAndContributionMap":{"functional-code":{"insertions":22,"deletions":13}}},{"hash":"20df334cd4ef81911a746fe4d241d0be395e9c94","isMergeCommit":false,"messageTitle":"Add AddCommandParser and modify CliSyntax","messageBody":"","fileTypesAndContributionMap":{"functional-code":{"insertions":46,"deletions":3}}},{"hash":"468324c769733580f029905977f6abc3c4bab954","isMergeCommit":false,"messageTitle":"Fix bugs in EditCommandParser","messageBody":"","fileTypesAndContributionMap":{"functional-code":{"insertions":35,"deletions":32}}},{"hash":"c342f2b96259fca5c517d15bf983a441cc58ade9","isMergeCommit":false,"messageTitle":"Update sample data","messageBody":"","fileTypesAndContributionMap":{"functional-code":{"insertions":24,"deletions":20}}},{"hash":"1303f30a1fa89f7d4e6acc8ba32e9cd2cbaac6eb","isMergeCommit":false,"messageTitle":"no message","messageBody":"","fileTypesAndContributionMap":{"other":{"insertions":580,"deletions":0}}},{"hash":"5352419bf2d5b3fcac74ed94e3fa2e41233f15e3","isMergeCommit":true,"messageTitle":"Merge branch \u0027tutorial-adding-command\u0027","messageBody":"# Conflicts:\n#\tbin/main/seedu/address/logic/commands/EditCommand$EditPersonDescriptor.class\n#\tbin/main/seedu/address/logic/commands/EditCommand.class\n#\tbin/main/seedu/address/logic/parser/AddCommandParser.class\n#\tbin/main/seedu/address/logic/parser/CliSyntax.class\n#\tbin/main/seedu/address/model/person/Person.class\n#\tbin/main/seedu/address/model/util/SampleDataUtil.class\n#\tbin/main/seedu/address/storage/JsonAdaptedPerson.class\n#\tbin/test/seedu/address/testutil/PersonBuilder.class\n","fileTypesAndContributionMap":{}},{"hash":"48ffbe61f194902b5d0014f6f3c4b0ed0783e41b","isMergeCommit":false,"messageTitle":"Update readme","messageBody":"","fileTypesAndContributionMap":{"docs":{"insertions":10,"deletions":8}}},{"hash":"04710d1a6e26bd1fef26d740a6c2070152029479","isMergeCommit":true,"messageTitle":"Merge pull request #40 from A1WAYSD/v1.1-update-DG","messageBody":"Update Project Scope and NFRs","fileTypesAndContributionMap":{}},{"hash":"9b9060fe9229504b6b82994fe6dc30356e3beb5b","isMergeCommit":false,"messageTitle":"Update README.md","messageBody":"","fileTypesAndContributionMap":{"docs":{"insertions":2,"deletions":2}}},{"hash":"667f9fb2724fb48486b635ccf856461f27e7fce5","isMergeCommit":false,"messageTitle":"Fix errors in badge section","messageBody":"","fileTypesAndContributionMap":{"docs":{"insertions":2,"deletions":2}}},{"hash":"e29caf375437379be723fd4bc8b012ee69f9e673","isMergeCommit":true,"messageTitle":"Merge pull request #45 from A1WAYSD/v1.1-update-DG","messageBody":"Update _config.yml","fileTypesAndContributionMap":{}},{"hash":"8cfa32bb56bd90f252e8b1b1892ef225aea012ab","isMergeCommit":false,"messageTitle":"Update AboutUs.md","messageBody":"","fileTypesAndContributionMap":{"docs":{"insertions":6,"deletions":6}}},{"hash":"810d776e946f438eba51f33bab371232f32be2b1","isMergeCommit":false,"messageTitle":"Update AboutUs.md","messageBody":"","fileTypesAndContributionMap":{"docs":{"insertions":10,"deletions":9}}}]},{"date":"2023-10-11","commitResults":[{"hash":"5679671ed89b34b520b4aa9faf8c0dadcb7b6ba1","isMergeCommit":true,"messageTitle":"Merge pull request #59 from itsNatTan/model-flashcard","messageBody":"Abstract out components of Flashcard into its own classes","fileTypesAndContributionMap":{}}]},{"date":"2023-10-12","commitResults":[{"hash":"5a4de597ca02626b0721331c8eaf5e33a18837ba","isMergeCommit":false,"messageTitle":"sync","messageBody":"","fileTypesAndContributionMap":{"functional-code":{"insertions":0,"deletions":49},"other":{"insertions":580,"deletions":0}}},{"hash":"7c3f7238555bea6df9e2fcc46ebcc6d002126944","isMergeCommit":false,"messageTitle":"Create parallel template","messageBody":"","fileTypesAndContributionMap":{"other":{"insertions":690,"deletions":0}}},{"hash":"1e5c3ca48529207c7d6754495b63651d0c850067","isMergeCommit":true,"messageTitle":"Merge branch \u0027master\u0027 of https://github.com/WangCheng0116/tp","messageBody":"","fileTypesAndContributionMap":{}},{"hash":"d50b678a75e95789f3e2d0d1083143d50276c168","isMergeCommit":true,"messageTitle":"Merge branch \u0027update-readme\u0027","messageBody":"# Conflicts:\n#\tbin/main/seedu/address/logic/commands/EditCommand$EditPersonDescriptor.class\n#\tbin/main/seedu/address/logic/commands/EditCommand.class\n#\tbin/main/seedu/address/logic/parser/AddCommandParser.class\n#\tbin/main/seedu/address/logic/parser/CliSyntax.class\n#\tbin/main/seedu/address/management/TextReader.class\n#\tbin/main/seedu/address/management/TextWriter.class\n#\tbin/main/seedu/address/model/person/Person.class\n#\tbin/main/seedu/address/model/util/SampleDataUtil.class\n#\tbin/main/seedu/address/storage/JsonAdaptedPerson.class\n#\tbin/test/seedu/address/testutil/PersonBuilder.class\n#\tsrc/main/java/seedu/address/cardslist/CardList.java\n","fileTypesAndContributionMap":{}},{"hash":"3f0debaab806530dcc27dab97cf02431373ec404","isMergeCommit":true,"messageTitle":"Merge pull request #63 from WangCheng0116/master","messageBody":"Create parallel template","fileTypesAndContributionMap":{}},{"hash":"4543bf985e43a01f7b8b7225029ed8e8f8bc3f73","isMergeCommit":false,"messageTitle":"Implement DeleteWordsCommand","messageBody":"","fileTypesAndContributionMap":{"other":{"insertions":976,"deletions":0}}},{"hash":"e2506ec7b386ac28deca3220fa6308607e281e6b","isMergeCommit":true,"messageTitle":"Merge branch \u0027DeleteWordsCommand\u0027","messageBody":"","fileTypesAndContributionMap":{}},{"hash":"375dc282713d3c9394be2271c551d6853929c28e","isMergeCommit":false,"messageTitle":"Implement AddWordsCommand and create skeleton for Model class","messageBody":"","fileTypesAndContributionMap":{"other":{"insertions":175,"deletions":4}}},{"hash":"b8772ab79ae70029ad3244bbf9b6c9b30bc9d255","isMergeCommit":true,"messageTitle":"Merge branch \u0027AddWordsCommand\u0027","messageBody":"","fileTypesAndContributionMap":{}},{"hash":"2bf2e28fa34373be9bdda53d43c144d2a003c522","isMergeCommit":true,"messageTitle":"Merge branch \u0027master\u0027 into feature-addCommand","messageBody":"","fileTypesAndContributionMap":{}},{"hash":"226ea9c5750c8739a4090ae3b98f99a8b86c12d5","isMergeCommit":true,"messageTitle":"Merge pull request #60 from itsNatTan/feature-addCommand","messageBody":"Create AddCommand class to facilitate Add feature","fileTypesAndContributionMap":{}},{"hash":"3d76d65688964b4bbfaec2f5b079d4c45bd5ebd6","isMergeCommit":true,"messageTitle":"Merge pull request #62 from itsNatTan/feature-helpcommand","messageBody":"Help feature","fileTypesAndContributionMap":{}},{"hash":"04df7a544f7c2f55c091415b75392f8edff35f46","isMergeCommit":true,"messageTitle":"Merge branch \u0027master\u0027 of https://github.com/WangCheng0116/tp","messageBody":"","fileTypesAndContributionMap":{}},{"hash":"db60b1dc559e8a1ddee6810ede3d9de3cc84f2ce","isMergeCommit":false,"messageTitle":"Implement YesCommand and NoCommand and their corresponding parsers.","messageBody":"","fileTypesAndContributionMap":{"functional-code":{"insertions":189,"deletions":0}}},{"hash":"201910e5cc1b78c0fbabf5f631045cc0d6c4970b","isMergeCommit":false,"messageTitle":"Fix bugs","messageBody":"","fileTypesAndContributionMap":{"functional-code":{"insertions":2,"deletions":0}}},{"hash":"6716d4db33df242abb089c548fa4e02f280f78f8","isMergeCommit":true,"messageTitle":"Merge branch \u0027YesCommand\u0027","messageBody":"","fileTypesAndContributionMap":{}},{"hash":"4726e8543a9c1c03396bba5d92f517c42bf3e4fe","isMergeCommit":true,"messageTitle":"Merge pull request #68 from WangCheng0116/master","messageBody":"Fix an error ","fileTypesAndContributionMap":{}},{"hash":"2f374216d0e8fe6453950d53bad3beadbabb5ce2","isMergeCommit":false,"messageTitle":"Modify existing classes","messageBody":"","fileTypesAndContributionMap":{"functional-code":{"insertions":327,"deletions":67}}},{"hash":"d5b52ed6e1125a11050de01070ebbfbfa14accf6","isMergeCommit":true,"messageTitle":"Merge pull request #69 from WangCheng0116/master","messageBody":"Modify existing classes and implement model packages as parallel working","fileTypesAndContributionMap":{}},{"hash":"87a8979e59c1dbe0031b7e26756484962169f124","isMergeCommit":false,"messageTitle":"Fix errors","messageBody":"","fileTypesAndContributionMap":{"functional-code":{"insertions":17,"deletions":17}}},{"hash":"65feb8566310840af8afa157c6bfe9c4f93fa268","isMergeCommit":true,"messageTitle":"Merge pull request #70 from WangCheng0116/master","messageBody":"Fix errors","fileTypesAndContributionMap":{}}]},{"date":"2023-10-13","commitResults":[{"hash":"6c740ebff9e682dd6670f307d6d7fe147960f99e","isMergeCommit":true,"messageTitle":"Merge pull request #75 from A1WAYSD/update-storage","messageBody":"Update storage","fileTypesAndContributionMap":{}},{"hash":"c13ba78846cce4c639ed851897847e2c3c414f9d","isMergeCommit":false,"messageTitle":"Delete redundant files","messageBody":"","fileTypesAndContributionMap":{"functional-code":{"insertions":96,"deletions":773},"other":{"insertions":2,"deletions":3}}},{"hash":"84f0324d7f3d668d59deda4b851f13a5712c0c66","isMergeCommit":false,"messageTitle":"Refactor NewModel","messageBody":"","fileTypesAndContributionMap":{"functional-code":{"insertions":101,"deletions":350},"test-code":{"insertions":12,"deletions":12}}},{"hash":"ee9bb54dd7ff49121af4aa60214d9f223c978cb7","isMergeCommit":true,"messageTitle":"Merge pull request #78 from WangCheng0116/master","messageBody":"Refactor NewModel and NewCommand","fileTypesAndContributionMap":{}},{"hash":"862099bb528edd80a6bb877967f3be4383a3501e","isMergeCommit":false,"messageTitle":"Refactor everything and make sure Ui properly work","messageBody":"","fileTypesAndContributionMap":{"functional-code":{"insertions":75,"deletions":117},"other":{"insertions":5,"deletions":5}}},{"hash":"aff46279c4fadf930836ddf15e6494a12acd30a6","isMergeCommit":false,"messageTitle":"Implement EditCommand","messageBody":"","fileTypesAndContributionMap":{"functional-code":{"insertions":107,"deletions":42}}},{"hash":"71e8b2eaa56d1aacd9d3290af6972677e5a63c70","isMergeCommit":true,"messageTitle":"Merge pull request #83 from Song-Mengfei/master","messageBody":"Update Find Command","fileTypesAndContributionMap":{}},{"hash":"5d37387001b243e66607f188a75a34965eb0103f","isMergeCommit":true,"messageTitle":"Merge branch \u0027EditCommand\u0027","messageBody":"","fileTypesAndContributionMap":{}},{"hash":"19e941d596ab6f58a2693d33ace34610d50a28f2","isMergeCommit":false,"messageTitle":"Update","messageBody":"","fileTypesAndContributionMap":{"functional-code":{"insertions":77,"deletions":17}}},{"hash":"ac44cbb776e80e006e6605e3af940d7ab516e7ae","isMergeCommit":true,"messageTitle":"Merge branch \u0027master\u0027 of https://github.com/WangCheng0116/tp","messageBody":"","fileTypesAndContributionMap":{}},{"hash":"6031bba4428d9b71dc121fbac04fdf9e9d16a72d","isMergeCommit":false,"messageTitle":"Fix documentation error","messageBody":"","fileTypesAndContributionMap":{"functional-code":{"insertions":10,"deletions":10}}},{"hash":"fb5caee2574d604a21662812db96759178dbfa7b","isMergeCommit":true,"messageTitle":"Merge pull request #85 from Song-Mengfei/master","messageBody":"Fix checkstyle","fileTypesAndContributionMap":{}},{"hash":"c5355fe3b2533123ecad6ae40ef9ebd07abf8e76","isMergeCommit":false,"messageTitle":"FIx AddCommand bug","messageBody":"","fileTypesAndContributionMap":{"functional-code":{"insertions":36,"deletions":7}}},{"hash":"8a3cb8d646b257f8c9efa232793da4af390c9aae","isMergeCommit":true,"messageTitle":"Merge branch \u0027master\u0027 of https://github.com/WangCheng0116/tp","messageBody":"# Conflicts:\n#\tsrc/main/java/seedu/flashlingo/model/flashcard/OriginalWord.java\n","fileTypesAndContributionMap":{}},{"hash":"87c3cd60c3e97db10ecc9f7dfc2bd6857ea17f40","isMergeCommit":false,"messageTitle":"Add toString methods","messageBody":"","fileTypesAndContributionMap":{"functional-code":{"insertions":14,"deletions":1}}},{"hash":"352c4a52d38e20d5f06b5d8a27a34249f31b40f8","isMergeCommit":true,"messageTitle":"Merge pull request #87 from WangCheng0116/master","messageBody":"Add toString methods","fileTypesAndContributionMap":{}},{"hash":"227415a6320a5011c6ff06195a9967f7bdaaf0b0","isMergeCommit":false,"messageTitle":"no message","messageBody":"","fileTypesAndContributionMap":{"functional-code":{"insertions":3,"deletions":4}}},{"hash":"e94eda7ad8cdd90acaf1e2e95393ea89d533b557","isMergeCommit":true,"messageTitle":"Merge branch \u0027master\u0027 of https://github.com/WangCheng0116/tp","messageBody":"# Conflicts:\n#\tsrc/main/java/seedu/flashlingo/logic/commands/FindCommand.java\n","fileTypesAndContributionMap":{}},{"hash":"769e590706b6391ad437d2c4cc859124a9155df2","isMergeCommit":false,"messageTitle":"Update UserGuide.md","messageBody":"","fileTypesAndContributionMap":{"docs":{"insertions":3,"deletions":3}}},{"hash":"7a9ef48e0294f8791e64a3899405a68318674b03","isMergeCommit":true,"messageTitle":"Merge branch \u0027AY2324S1-CS2103T-T11-4:master\u0027 into master","messageBody":"","fileTypesAndContributionMap":{}},{"hash":"eda7639329578be2676827a059b7f4fae4c5e82e","isMergeCommit":false,"messageTitle":"update","messageBody":"","fileTypesAndContributionMap":{"docs":{"insertions":32,"deletions":12}}},{"hash":"1965fb083836d2fbe78cf3aad53732ec20c7bc49","isMergeCommit":true,"messageTitle":"Merge branch \u0027master\u0027 of https://github.com/WangCheng0116/tp","messageBody":"# Conflicts:\n#\tdocs/UserGuide.md\n","fileTypesAndContributionMap":{}},{"hash":"358b72ddcbbea44b7bdd1e5e63ce43cb6a9dbdbe","isMergeCommit":false,"messageTitle":"Fix Add Duplicate error","messageBody":"","fileTypesAndContributionMap":{"functional-code":{"insertions":1,"deletions":2}}},{"hash":"68bd125c944772b0da61eaf9031cda4a74c39253","isMergeCommit":true,"messageTitle":"Merge pull request #90 from WangCheng0116/master","messageBody":"Fix add duplicate error","fileTypesAndContributionMap":{}},{"hash":"2f0347a6e394607541995b75ff01991eda43b274","isMergeCommit":false,"messageTitle":"Fix Find Command Error","messageBody":"","fileTypesAndContributionMap":{"functional-code":{"insertions":6,"deletions":1}}},{"hash":"9fb001a378e679b4c41ad5dfdcd7c150e0e103b6","isMergeCommit":true,"messageTitle":"Merge pull request #91 from WangCheng0116/master","messageBody":"Fix Find Command Error","fileTypesAndContributionMap":{}},{"hash":"cfb1d338df94e7eeb2096dcef491ae08d2da837f","isMergeCommit":false,"messageTitle":"Fix Json reading files issues","messageBody":"","fileTypesAndContributionMap":{"functional-code":{"insertions":28,"deletions":61}}},{"hash":"95061d5870a9d6d55f321cac511d986f568551bf","isMergeCommit":false,"messageTitle":"Better result output for easier debugging","messageBody":"","fileTypesAndContributionMap":{"functional-code":{"insertions":5,"deletions":4}}},{"hash":"9f695e81016ef6ad7fc143444f9b1d9dfbdce731","isMergeCommit":true,"messageTitle":"Merge pull request #94 from Song-Mengfei/master","messageBody":"Update UG","fileTypesAndContributionMap":{}},{"hash":"de62ef43006608bba53df143f018a59d63455027","isMergeCommit":false,"messageTitle":"Modify tests","messageBody":"","fileTypesAndContributionMap":{"test-code":{"insertions":149,"deletions":192}}},{"hash":"99629e236b5401013bad8fa4ec0e76da0cf367a5","isMergeCommit":true,"messageTitle":"Merge pull request #97 from Song-Mengfei/master","messageBody":"Update Typical FlashCards","fileTypesAndContributionMap":{}},{"hash":"327a6aee2ab2050975342d39d5e92ce0965b649d","isMergeCommit":false,"messageTitle":"Modify tests classes","messageBody":"","fileTypesAndContributionMap":{"functional-code":{"insertions":7,"deletions":0},"other":{"insertions":9,"deletions":29},"test-code":{"insertions":52,"deletions":243}}},{"hash":"a57bfefd3fa74b29f62e80bba9205e2f459f9215","isMergeCommit":false,"messageTitle":"Update UserGuide.md","messageBody":"","fileTypesAndContributionMap":{"docs":{"insertions":1,"deletions":3}}}]}]},"authorFileTypeContributionMap":{"D-Limiter":{"docs":133,"functional-code":271,"test-code":0},"itsNatTan":{"docs":56,"functional-code":289,"test-code":0,"other":14},"Song-Mengfei":{"docs":130,"functional-code":322,"test-code":0,"other":2},"A1WAYSD":{"docs":188,"functional-code":3130,"test-code":0},"WangCheng0116":{"docs":47,"functional-code":327,"test-code":0,"other":801}},"authorContributionVariance":{"D-Limiter":13924.644,"itsNatTan":702772.94,"Song-Mengfei":1.5210113E7,"A1WAYSD":3573137.5,"WangCheng0116":622497.6},"authorDisplayNameMap":{"D-Limiter":"CS2103T-T11-4 BHAR..NISH","itsNatTan":"CS2103T-T11-4 TAN ..MARK","Song-Mengfei":"CS2103T-T11-4 SONG..GFEI","A1WAYSD":"CS2103T-T11-4 YU J..IALI","WangCheng0116":"CS2103T-T11-4 WANG..HENG"}}
