{"authorDailyContributionsMap":{"cbj252":[{"date":"2023-09-24","commitResults":[{"hash":"effcbdeef3038edc33ccd10202355cdec4fca64d","isMergeCommit":false,"messageTitle":"Update aboutUs page","messageBody":"","fileTypesAndContributionMap":{"docs":{"insertions":39,"deletions":5}}},{"hash":"0019e94d4ea1b2afb487691599e6feb2d6ba52da","isMergeCommit":false,"messageTitle":"Fix trailing whitespace","messageBody":"","fileTypesAndContributionMap":{"docs":{"insertions":3,"deletions":3}}},{"hash":"b8bccdb7672204798015c8db933e6108efacbf64","isMergeCommit":false,"messageTitle":"Add new line to cbj252.md EOF","messageBody":"","fileTypesAndContributionMap":{"docs":{"insertions":1,"deletions":1}}}]},{"date":"2023-09-29","commitResults":[{"hash":"0055e822d3ca281ee7c464cdf949ea352372fec3","isMergeCommit":true,"messageTitle":"Merge pull request #14 from cbj252/add-bingJian-info","messageBody":"Add PPP and AboutUs page info","fileTypesAndContributionMap":{}}]},{"date":"2023-09-30","commitResults":[{"hash":"cc29387ff2ff34d27f366844258add7ada01f410","isMergeCommit":false,"messageTitle":"Add role to aboutUs.md","messageBody":"","fileTypesAndContributionMap":{"docs":{"insertions":2,"deletions":1}}},{"hash":"ff9a517d807066dff6e5db9d2e5b29d29b4dcdfc","isMergeCommit":true,"messageTitle":"Merge pull request #24 from cbj252/edit-bingJian-info","messageBody":"Add role to aboutUs.md","fileTypesAndContributionMap":{}}]},{"date":"2023-10-01","commitResults":[{"hash":"23543ae09dc5de6a52660f03e3f1970515a5bb8c","isMergeCommit":false,"messageTitle":"Create bar showing modules user is TAing for with placeholder values","messageBody":"","fileTypesAndContributionMap":{"functional-code":{"insertions":21,"deletions":19}}}]},{"date":"2023-10-02","commitResults":[{"hash":"c8eb62c57165d27cc25b8ba34876fca2ac9a12e8","isMergeCommit":false,"messageTitle":"Update DeveloperGuide.md away from AB3","messageBody":"","fileTypesAndContributionMap":{"docs":{"insertions":27,"deletions":23}}},{"hash":"1a9926b7d08e0d25991f74a592579ffb2c2f8a49","isMergeCommit":true,"messageTitle":"Merge pull request #32 from cbj252/update-DG","messageBody":"Update DeveloperGuide.md away from AB3","fileTypesAndContributionMap":{}},{"hash":"5d533cb4a27382b524d3cf222f3e43d9c6b71d50","isMergeCommit":false,"messageTitle":"Edit readme away from AB3","messageBody":"","fileTypesAndContributionMap":{"docs":{"insertions":16,"deletions":12}}},{"hash":"e95ec12c9ba5218e283424ce106d22f455f9017a","isMergeCommit":true,"messageTitle":"Merge pull request #35 from cbj252/edit-readme","messageBody":"Edit readme away from AB3","fileTypesAndContributionMap":{}}]},{"date":"2023-10-03","commitResults":[{"hash":"8be3247e3ba627f49e301783ee0c74b240247926","isMergeCommit":false,"messageTitle":"Add some commands to UG","messageBody":"","fileTypesAndContributionMap":{"docs":{"insertions":51,"deletions":22}}},{"hash":"f185ffe0a2f97e5376756df042d52dccd4597ea6","isMergeCommit":true,"messageTitle":"Merge pull request #40 from cbj252/updateUG-bingJian","messageBody":"Add some commands to UG","fileTypesAndContributionMap":{}},{"hash":"773047c398271bdc14b45ff475543a0248d57c48","isMergeCommit":true,"messageTitle":"Merge branch \u0027master\u0027 into branch-module-feature","messageBody":"","fileTypesAndContributionMap":{}}]},{"date":"2023-10-04","commitResults":[{"hash":"6bf29940882a0a601cd5da9d3aed2d38f52ccc53","isMergeCommit":true,"messageTitle":"Merge branch \u0027master\u0027 into branch-module-feature","messageBody":"","fileTypesAndContributionMap":{}}]},{"date":"2023-10-05","commitResults":[{"hash":"590620e3570c5f719af43dc11bedc207fa1afe3e","isMergeCommit":false,"messageTitle":"Remove AddressBook references in the UG","messageBody":"","fileTypesAndContributionMap":{"docs":{"insertions":26,"deletions":35}}},{"hash":"13b7f0b7b20b2f97ae9dfe21d693626f800bd62d","isMergeCommit":true,"messageTitle":"Merge pull request #45 from cbj252/changeUG","messageBody":"Remove AddressBook references in the UG","fileTypesAndContributionMap":{}}]},{"date":"2023-10-08","commitResults":[{"hash":"c7030f7a7b9ead9a740a2d1b24a3136bd0d5c4a7","isMergeCommit":true,"messageTitle":"Merge branch \u0027branch-module-feature\u0027 of github.com:jacksonyuan256/tp into add-module-commands","messageBody":"","fileTypesAndContributionMap":{}},{"hash":"61ab56ce7c6ffe94499b3443d08cc2b6ce2b0c9d","isMergeCommit":false,"messageTitle":"Add AddToModule command","messageBody":"","fileTypesAndContributionMap":{"functional-code":{"insertions":4,"deletions":0},"test-code":{"insertions":4,"deletions":0}}}]},{"date":"2023-10-10","commitResults":[{"hash":"614b818c4209cd0073a61356ea9c74b208cfcea0","isMergeCommit":false,"messageTitle":"Checkstyle modifications around AddToModule","messageBody":"","fileTypesAndContributionMap":{"functional-code":{"insertions":161,"deletions":6},"test-code":{"insertions":140,"deletions":2}}},{"hash":"7c60023bc393ad179891dfe3822da0443b06dcea","isMergeCommit":false,"messageTitle":"Implement RemoveFromModule command","messageBody":"","fileTypesAndContributionMap":{"functional-code":{"insertions":171,"deletions":0},"test-code":{"insertions":125,"deletions":0}}},{"hash":"9e6de84f49d04f891e26c5fcf1aa0e2e949e15a8","isMergeCommit":false,"messageTitle":"Revert \"Added Tutorials\"","messageBody":"","fileTypesAndContributionMap":{"functional-code":{"insertions":0,"deletions":114},"docs":{"insertions":8,"deletions":7}}},{"hash":"e035e5f5eabe1d29fbb976ba5797829b2b4a4bd9","isMergeCommit":true,"messageTitle":"Merge pull request #52 from AY2324S1-CS2103T-F12-3/revert-51-Removed-/team","messageBody":"Revert \"Added Tutorials\"","fileTypesAndContributionMap":{}}]},{"date":"2023-10-11","commitResults":[{"hash":"822ffd73a49bfd3972f3237849aa104c42998389","isMergeCommit":false,"messageTitle":"Implement addTutorial command","messageBody":"","fileTypesAndContributionMap":{"functional-code":{"insertions":460,"deletions":9},"test-code":{"insertions":67,"deletions":7}}},{"hash":"620deb45cf9ef3e977a1b16e6c97943f1a844371","isMergeCommit":false,"messageTitle":"Add DeleteTutorialCommand","messageBody":"Tutorials and Modules currently do not save to storage as Jackson is in charge of storage.\n","fileTypesAndContributionMap":{"functional-code":{"insertions":118,"deletions":8},"test-code":{"insertions":90,"deletions":1}}},{"hash":"61bc47b584dc5e8ba59a0b0a5827913c42bfa860","isMergeCommit":false,"messageTitle":"Fix no line at EOF","messageBody":"","fileTypesAndContributionMap":{"functional-code":{"insertions":1,"deletions":6}}},{"hash":"88ee45025412a16ab1d653d816fb47d6cec8110f","isMergeCommit":false,"messageTitle":"Remove unused imports","messageBody":"","fileTypesAndContributionMap":{"test-code":{"insertions":1,"deletions":20}}},{"hash":"006402a2e8a2468ab13d55cb1020b6b5bff5a823","isMergeCommit":true,"messageTitle":"Fix merge conflicts","messageBody":"","fileTypesAndContributionMap":{}},{"hash":"e476774d08a34da863d2ffccc3b4462b0222c3ce","isMergeCommit":true,"messageTitle":"Merge branch \u0027cbj252-add-module-commands\u0027","messageBody":"","fileTypesAndContributionMap":{}},{"hash":"9512c22bf33894757605626162c5e91549a1e5d6","isMergeCommit":false,"messageTitle":"Revert \"Add module commands\"","messageBody":"","fileTypesAndContributionMap":{"functional-code":{"insertions":2,"deletions":1546},"test-code":{"insertions":0,"deletions":427}}},{"hash":"ac149c5a6235d5a9c753831c3ae5850dc208a23f","isMergeCommit":true,"messageTitle":"Merge pull request #54 from AY2324S1-CS2103T-F12-3/revert-53-add-module-commands","messageBody":"Revert \"Add module commands\"","fileTypesAndContributionMap":{}}]},{"date":"2023-10-12","commitResults":[{"hash":"44b9aeaa1c9cc7db359d9179d1ee72aa8ae0d529","isMergeCommit":false,"messageTitle":"Add tests","messageBody":"Certain tests have been commented out, such as execute_duplicateTutorial_errorMessage because of prerequsites assigned to other members not yet available.\nTutorial.java tests have been omitted due to it\u0027s details not being finalised.\n","fileTypesAndContributionMap":{"test-code":{"insertions":284,"deletions":62}}},{"hash":"dfe5255deeb1a241a98374ccd5512e8b96af3ce6","isMergeCommit":false,"messageTitle":"Revert \"Revert \"Add module commands\"\"","messageBody":"","fileTypesAndContributionMap":{"functional-code":{"insertions":1546,"deletions":2},"test-code":{"insertions":427,"deletions":0}}},{"hash":"c6076f9f2c6ab20137feb8346a311aea0a7e4a73","isMergeCommit":true,"messageTitle":"Merge pull request #58 from AY2324S1-CS2103T-F12-3/revert-54-revert-53-add-module-commands","messageBody":"Revert \"Revert \"Add module commands\"\"","fileTypesAndContributionMap":{}},{"hash":"9fb22864d35ac2adfc30564da98980c62ffcc124","isMergeCommit":true,"messageTitle":"Merge pull request #59 from cbj252/add-module-commands","messageBody":"Add tests","fileTypesAndContributionMap":{}}]},{"date":"2023-10-13","commitResults":[{"hash":"d4ab6ed11d2cdf63d85df0a365dd70c6da3507af","isMergeCommit":false,"messageTitle":"Add tests","messageBody":"","fileTypesAndContributionMap":{"functional-code":{"insertions":23,"deletions":2},"test-code":{"insertions":65,"deletions":12}}},{"hash":"4c6587a45970d43c3bc007988f8c4c425a2e9645","isMergeCommit":true,"messageTitle":"Merge pull request #65 from cbj252/branch-module","messageBody":"Add tests to branchModule","fileTypesAndContributionMap":{}}]},{"date":"2023-10-15","commitResults":[{"hash":"6614f3c92cc918ac98e47169fda8ee0e8c283afe","isMergeCommit":true,"messageTitle":"Merge pull request #62 from AY2324S1-CS2103T-F12-3/branch-module","messageBody":"Add module \u0026 tutorials with commands to add and delete them + Add persons to modules.","fileTypesAndContributionMap":{}}]},{"date":"2023-10-21","commitResults":[{"hash":"70bfe108e6ad93fdcf714d331bcda385de32ca06","isMergeCommit":false,"messageTitle":"Add module, tutorial and studnet number in person messages","messageBody":"","fileTypesAndContributionMap":{"functional-code":{"insertions":6,"deletions":0}}},{"hash":"b40b651f64878699e45bc897a1db2725500f9b9e","isMergeCommit":true,"messageTitle":"Merge branch \u0027add-Tutorial-related-commands\u0027 of github.com:Propene-Dan/tp into person-module-tutorial-field","messageBody":"","fileTypesAndContributionMap":{}},{"hash":"fc9be869379b9ce9a60c3ae0bce76090403e640a","isMergeCommit":false,"messageTitle":"Add new field per person to host modules/tutorials","messageBody":"Previously, the tag system was used to identify who is in which module, but it has proven to be annying when it\ncomes to searching because it is difficult to differentiate between modules and tutorials,\nas well as which tutorial is connected to which module using it.\nThis commit adds a new field to Person comprising of module and tutorial objects to remedy the problem.\n","fileTypesAndContributionMap":{"functional-code":{"insertions":256,"deletions":39},"test-code":{"insertions":41,"deletions":21}}},{"hash":"733c502162ed18e6f24493afe3d928e2039d24fd","isMergeCommit":false,"messageTitle":"Remove unused imports","messageBody":"","fileTypesAndContributionMap":{"functional-code":{"insertions":0,"deletions":1},"test-code":{"insertions":0,"deletions":4}}}]},{"date":"2023-10-22","commitResults":[{"hash":"4c8dd7b569a135aefa2d5341a90465115b27058e","isMergeCommit":false,"messageTitle":"Make minor edits to removeFromTutorial and deleteModule","messageBody":"","fileTypesAndContributionMap":{"functional-code":{"insertions":7,"deletions":5}}}]},{"date":"2023-10-24","commitResults":[{"hash":"1933f2c973369d22bcaca19ea8a90f17f0d1e188","isMergeCommit":false,"messageTitle":"Change MainApp version","messageBody":"","fileTypesAndContributionMap":{"functional-code":{"insertions":1,"deletions":1}}},{"hash":"0ec075b7ceca6c2ae3a286fbde74dcd6c6c81c18","isMergeCommit":true,"messageTitle":"Merge branch \u0027master\u0027 into person-module-tutorial-field","messageBody":"","fileTypesAndContributionMap":{}},{"hash":"d82dff7b2f42e445659dcc74a68bdec121402eb4","isMergeCommit":false,"messageTitle":"Update Tutorial.java","messageBody":"","fileTypesAndContributionMap":{"functional-code":{"insertions":1,"deletions":20}}},{"hash":"6931ebdf1eeae16ca145d8e7ae60810af42edfc1","isMergeCommit":false,"messageTitle":"Fix tests","messageBody":"","fileTypesAndContributionMap":{"test-code":{"insertions":4,"deletions":4}}},{"hash":"7d98fa8f4b38d1aeeef749e81a4eeaa52bfd5c6a","isMergeCommit":false,"messageTitle":"Add tests","messageBody":"","fileTypesAndContributionMap":{"test-code":{"insertions":67,"deletions":6}}},{"hash":"f15ef2f23bcfb5c549a1e6dfda83434c041a9e46","isMergeCommit":true,"messageTitle":"Merge pull request #85 from cbj252/person-module-tutorial-field","messageBody":"Person module tutorial field","fileTypesAndContributionMap":{}},{"hash":"64de92702be280f96f2301e980ef52182956abde","isMergeCommit":true,"messageTitle":"Merge branch \u0027master\u0027 of github.com:cbj252/tp","messageBody":"","fileTypesAndContributionMap":{}},{"hash":"d535f0c2e917557359135c9b0618298981322db0","isMergeCommit":false,"messageTitle":"Add images to DeveloperGuide","messageBody":"DeveloperGuide was previously using PlantUML tags to display images, but\nthis was not working on either GitHub preview nor in IDE so images of\nthe diagrams are saved instead.\n","fileTypesAndContributionMap":{"docs":{"insertions":18,"deletions":18}}}]},{"date":"2023-10-25","commitResults":[{"hash":"f9f1d8356bceeedd0ade40cba6e32b7fed3164c8","isMergeCommit":false,"messageTitle":"Update DG and UG","messageBody":"DG: Diagrams seemed to not work - the puml files do not update\naccordingly, despite attempts to fix it. Thus, images of the puml\ndiagrams, stored in images are used instead. Any update to the diagrams\nthus need to be saved in the images.\n","fileTypesAndContributionMap":{"docs":{"insertions":98,"deletions":47}}},{"hash":"3e1d0bb866dd736a67e11034795563fda47c8a67","isMergeCommit":true,"messageTitle":"Merge branch \u0027AY2324S1-CS2103T-F12-3:master\u0027 into DG_and_UG","messageBody":"","fileTypesAndContributionMap":{}},{"hash":"76e60c68d145cb51778e37da6c63fbc81c9cbe38","isMergeCommit":true,"messageTitle":"Merge pull request #90 from cbj252/DG_and_UG","messageBody":"Update DG and UG","fileTypesAndContributionMap":{}}]},{"date":"2023-10-26","commitResults":[{"hash":"817062b581aa91b12f230dd741b5e277138a4221","isMergeCommit":false,"messageTitle":"Remove duplicate function","messageBody":"","fileTypesAndContributionMap":{"functional-code":{"insertions":1,"deletions":15}}},{"hash":"96c49956b000286650008332676944537c9499ee","isMergeCommit":false,"messageTitle":"Make storage save person fields","messageBody":"Storage new saves the modules \u0026 tutorials fields that each person has.\nNo checking is done to make sure that these modules and tutorials exist.\n","fileTypesAndContributionMap":{"functional-code":{"insertions":53,"deletions":19},"test-code":{"insertions":49,"deletions":38}}},{"hash":"4e4e25ff89370bf6588e8d7f571caf2df4fc3903","isMergeCommit":false,"messageTitle":"Make adding tutorial to person also add the module","messageBody":"","fileTypesAndContributionMap":{"functional-code":{"insertions":2,"deletions":1},"test-code":{"insertions":43,"deletions":0}}},{"hash":"858376daba0a5f932925d7f6f28a10643597bf20","isMergeCommit":false,"messageTitle":"Polish UG","messageBody":"","fileTypesAndContributionMap":{"docs":{"insertions":7,"deletions":11}}},{"hash":"cee5e08db62b84d9e9fe375d2d3ab37d9a3c4c5b","isMergeCommit":true,"messageTitle":"Merge pull request #97 from cbj252/storage","messageBody":"Make Storage affect the module/tutorial fields that Person has","fileTypesAndContributionMap":{}},{"hash":"3dcb31c94b30ba541b07183d2ddb570e391e08ef","isMergeCommit":false,"messageTitle":"Update README.md","messageBody":"","fileTypesAndContributionMap":{"docs":{"insertions":1,"deletions":1}}}]},{"date":"2023-10-30","commitResults":[{"hash":"acaad08655d93093a51f30b81fca55a479e81745","isMergeCommit":false,"messageTitle":"Add logging","messageBody":"","fileTypesAndContributionMap":{"functional-code":{"insertions":26,"deletions":11},"docs":{"insertions":8,"deletions":4}}},{"hash":"46d313ca8107b4b94d4ecddace7df0a151d98442","isMergeCommit":false,"messageTitle":"Rename commands for consistency","messageBody":"Trying to not trip up the reader: Previously,\nmodule.getModuleCode() and tutorial.getModuleName() both obtained module\ncode. Thus, tutorial.getModuleName() is refactored to getModuleCode to\nnot confuse future developers.\n","fileTypesAndContributionMap":{"functional-code":{"insertions":7,"deletions":7},"docs":{"insertions":5,"deletions":6}}},{"hash":"5f68ec0f2cac8338b4996eb2a0449ae5bf2f4125","isMergeCommit":false,"messageTitle":"Fix comments","messageBody":"Retified some incorrect comments that referenced the wrong command, like\nDeleteTutorialCommandParser\u0027s comment saying it would create a\nAddTutorialCommand. Also changed a few GUI messages to better reflect\nthe command.\n\nNo functional code changes.\n","fileTypesAndContributionMap":{"functional-code":{"insertions":26,"deletions":25},"docs":{"insertions":1,"deletions":1}}},{"hash":"9c70f272a17ca63d76290de5bdf707542d93da94","isMergeCommit":false,"messageTitle":"Remove unwanted comment","messageBody":"","fileTypesAndContributionMap":{"functional-code":{"insertions":0,"deletions":1}}},{"hash":"95a9a478b3cba88228168b1d026ac9e6e2d7450d","isMergeCommit":true,"messageTitle":"Merge pull request #101 from cbj252/code_quality","messageBody":"Code quality fixes","fileTypesAndContributionMap":{}}]},{"date":"2023-10-31","commitResults":[{"hash":"8885be61b2a37a3540d7c28f3a0b30ec9a75039c","isMergeCommit":false,"messageTitle":"Fix add command message","messageBody":"","fileTypesAndContributionMap":{"functional-code":{"insertions":7,"deletions":2}}},{"hash":"eefc1752bd4cf60e48d4faa160b088afebe0803f","isMergeCommit":false,"messageTitle":"Fix some commands in UG","messageBody":"","fileTypesAndContributionMap":{"docs":{"insertions":32,"deletions":28}}},{"hash":"3663689bca9d97b5b9de4f6af9ebfb259dbe30a4","isMergeCommit":true,"messageTitle":"Merge pull request #108 from cbj252/master","messageBody":"Fix add command\u0027s GUI example being wrong","fileTypesAndContributionMap":{}}]},{"date":"2023-11-02","commitResults":[{"hash":"b25c61742d1fec6bb8b39c231a1434af2eaeec0f","isMergeCommit":false,"messageTitle":"Update UserGuide.md","messageBody":"","fileTypesAndContributionMap":{"docs":{"insertions":24,"deletions":10}}},{"hash":"d55c67b5cca42de61d4975b3b02d7a5524a2baf8","isMergeCommit":false,"messageTitle":"Refix add command","messageBody":"","fileTypesAndContributionMap":{"functional-code":{"insertions":2,"deletions":0},"docs":{"insertions":6,"deletions":7}}},{"hash":"0e88919b54979fa369a4537d61cd5dacce6e5d5d","isMergeCommit":true,"messageTitle":"Merge pull request #114 from cbj252/master","messageBody":"Update UserGuide.md","fileTypesAndContributionMap":{}},{"hash":"ded01e075726fac77b67b92ec8572066f90ed64d","isMergeCommit":false,"messageTitle":"Add User Guide to Readme","messageBody":"Temporary, needed for CS2101 presentation.\r\nWill remove after the presentation.","fileTypesAndContributionMap":{"docs":{"insertions":2,"deletions":0}}}]}],"teozern1":[{"date":"2023-09-25","commitResults":[{"hash":"ace0b8fa37b07b2a22f3b90798af9115ed7bc354","isMergeCommit":false,"messageTitle":"Update AboutUs to include teozern1","messageBody":"","fileTypesAndContributionMap":{"docs":{"insertions":6,"deletions":6}}},{"hash":"0e7981aaa6897236e9bbabdfc6cd15f45d01f829","isMergeCommit":true,"messageTitle":"Merge branch \u0027Branch-AboutUs\u0027","messageBody":"","fileTypesAndContributionMap":{}},{"hash":"4c5220b913b89a833680b995fea9a4353e778499","isMergeCommit":false,"messageTitle":"Add Student features to user guide","messageBody":"","fileTypesAndContributionMap":{"docs":{"insertions":31,"deletions":1}}},{"hash":"69a0e4575c42fbaf343e087a8c815f8c571a6ab0","isMergeCommit":true,"messageTitle":"Merge branch \u0027A-UserGuide\u0027","messageBody":"","fileTypesAndContributionMap":{}}]},{"date":"2023-09-29","commitResults":[{"hash":"45b13acfff50506f4f49649ab13bbf999392572c","isMergeCommit":true,"messageTitle":"Merge pull request #15 from teozern1/Branch-AboutUs","messageBody":"Edit AboutUs and add image to docs","fileTypesAndContributionMap":{}},{"hash":"10b143fe3fb159fe0e8b2f093ee557fe62d69fe8","isMergeCommit":true,"messageTitle":"Merge pull request #21 from teozern1/Branch-UserGuide","messageBody":"Add Student features to user guide","fileTypesAndContributionMap":{}}]},{"date":"2023-10-02","commitResults":[{"hash":"c9b31688cf31baf415ee57f96f60b86bf96c6cfd","isMergeCommit":false,"messageTitle":"Add Skeleton to PPP","messageBody":"","fileTypesAndContributionMap":{"docs":{"insertions":10,"deletions":0}}},{"hash":"3c87cdd2a8ca8111c561ee8e745faae007acbcc8","isMergeCommit":true,"messageTitle":"Merge pull request #28 from teozern1/Branch-PPP","messageBody":"Add  PPP for user teozern1","fileTypesAndContributionMap":{}},{"hash":"6712719e4bb10506ca45e9cf21a8b605df448689","isMergeCommit":false,"messageTitle":"Update UG to fix formatting issue","messageBody":"","fileTypesAndContributionMap":{"docs":{"insertions":2,"deletions":19}}},{"hash":"f28b5b32dcb9b5f033a2b896f1defb34924e4624","isMergeCommit":true,"messageTitle":"Merge pull request #33 from teozern1/Branch-UserGuide","messageBody":"Update UG to fix formatting issue","fileTypesAndContributionMap":{}}]},{"date":"2023-10-15","commitResults":[{"hash":"e061ba64307167e731bdd0db2c515e94fdc6fc70","isMergeCommit":false,"messageTitle":"Add edit StudentNumber function","messageBody":"","fileTypesAndContributionMap":{"functional-code":{"insertions":140,"deletions":55},"test-code":{"insertions":5,"deletions":6}}}]},{"date":"2023-10-17","commitResults":[{"hash":"259b9245c8302d1237f8d9b77805795b061ce806","isMergeCommit":false,"messageTitle":"Add unit tests for student number","messageBody":"","fileTypesAndContributionMap":{"functional-code":{"insertions":3,"deletions":0},"test-code":{"insertions":126,"deletions":115}}},{"hash":"ab180e973ca5decbc21e9b5d4bd3c820d49b6155","isMergeCommit":false,"messageTitle":"Change UG to reflect actual command","messageBody":"","fileTypesAndContributionMap":{"docs":{"insertions":5,"deletions":21}}},{"hash":"7ded5a1d22c76eefd7c391c7857f5d38c0433c6c","isMergeCommit":true,"messageTitle":"Merge branch \u0027master\u0027 into Branch-StudentNumber","messageBody":"","fileTypesAndContributionMap":{}},{"hash":"e28437475fb6643cea0aa365ab0444bbeafbb6d6","isMergeCommit":false,"messageTitle":"clear trailing whitespace","messageBody":"","fileTypesAndContributionMap":{"docs":{"insertions":1,"deletions":1}}},{"hash":"165c266af7dafb2370cab26b571f7ddda2e1d18f","isMergeCommit":true,"messageTitle":"Merge pull request #68 from teozern1/master","messageBody":"clear trailing whitespace","fileTypesAndContributionMap":{}},{"hash":"b82e88bac076de0d22fb29c6eb2c63560d1bdace","isMergeCommit":true,"messageTitle":"Merge branch \u0027Branch-StudentNumber\u0027","messageBody":"","fileTypesAndContributionMap":{}},{"hash":"15bfb77b9899276b2839f4bfa230a5219bc77fa7","isMergeCommit":false,"messageTitle":"clear trailing whitespace","messageBody":"","fileTypesAndContributionMap":{"docs":{"insertions":1,"deletions":1}}},{"hash":"85305bb5411efb02097a2884ccfb96c3117b87c4","isMergeCommit":true,"messageTitle":"Merge branch \u0027master\u0027 into master","messageBody":"","fileTypesAndContributionMap":{}},{"hash":"7ea1ccb5425106311f0e8f176e7bd2043d8c9723","isMergeCommit":false,"messageTitle":"Remove test addressbook.json","messageBody":"","fileTypesAndContributionMap":{"docs":{"insertions":1,"deletions":2}}}]},{"date":"2023-10-18","commitResults":[{"hash":"46fe16eb630fe186d236959625d1c4149a046850","isMergeCommit":false,"messageTitle":"Clean up checkstyle","messageBody":"","fileTypesAndContributionMap":{"functional-code":{"insertions":11,"deletions":16},"test-code":{"insertions":141,"deletions":37}}},{"hash":"e9727361195aac75986af81dccc17348e0878129","isMergeCommit":false,"messageTitle":"Remove trailing wihtespace","messageBody":"","fileTypesAndContributionMap":{"docs":{"insertions":1,"deletions":2}}},{"hash":"6411670e51d4fb4f3a1f9c2a649728342d783f74","isMergeCommit":true,"messageTitle":"Merge branch \u0027branch-studentNumber\u0027 into Branch-StudentNumber","messageBody":"","fileTypesAndContributionMap":{}},{"hash":"98c9fab068ecea7042fb5ddf95847a6db9148c37","isMergeCommit":false,"messageTitle":"Clear github checks","messageBody":"","fileTypesAndContributionMap":{"docs":{"insertions":1,"deletions":1}}},{"hash":"2af8ac2b4401b4fb7448cf445cd670f4c46636b2","isMergeCommit":false,"messageTitle":"Clean up checkstyles","messageBody":"","fileTypesAndContributionMap":{"functional-code":{"insertions":28,"deletions":11}}},{"hash":"49e29d1d24ae37fee80bd19b3deb20e2885d39e3","isMergeCommit":true,"messageTitle":"Merge branch \u0027Branch-StudentNumber\u0027","messageBody":"# Conflicts:\n#\tdocs/team/teozern1.md\n","fileTypesAndContributionMap":{}},{"hash":"9d5708262035a895a32daeaffa7c65affda2fa94","isMergeCommit":false,"messageTitle":"clean up checkstyle","messageBody":"","fileTypesAndContributionMap":{"functional-code":{"insertions":43,"deletions":15}}},{"hash":"98c5c10ddaa5bf8c85f6635515ebe5c22257421a","isMergeCommit":true,"messageTitle":"Merge pull request #76 from teozern1/master","messageBody":"Add studentNumber functionality","fileTypesAndContributionMap":{}}]},{"date":"2023-10-20","commitResults":[{"hash":"ed17aec27cd6199588598b94fc523bdcfc7edcf3","isMergeCommit":true,"messageTitle":"Merge pull request #82 from AY2324S1-CS2103T-F12-3/branch-studentNumber","messageBody":"Add student number ","fileTypesAndContributionMap":{}}]},{"date":"2023-10-24","commitResults":[{"hash":"594ab78ab79f972234c404aad0b2b111c1143423","isMergeCommit":false,"messageTitle":"Add telegram field and associated functionality","messageBody":"","fileTypesAndContributionMap":{"functional-code":{"insertions":168,"deletions":26},"test-code":{"insertions":135,"deletions":40}}},{"hash":"526684da3017eff5d5e7aee7a8c40510dc8d8da6","isMergeCommit":true,"messageTitle":"Merge branch \u0027Branch-Telegram\u0027","messageBody":"","fileTypesAndContributionMap":{}},{"hash":"ca21a613506d74dd340604d4e9cb8beebeef9b85","isMergeCommit":true,"messageTitle":"Merge branch \u0027master\u0027 of https://github.com/teozern1/tp","messageBody":"","fileTypesAndContributionMap":{}}]},{"date":"2023-10-25","commitResults":[{"hash":"87635e7c12d828e1cce8b1b5ff7a2e24455c0949","isMergeCommit":true,"messageTitle":"Merge branch \u0027master\u0027 into master","messageBody":"","fileTypesAndContributionMap":{}},{"hash":"a3b992575e886283eb802788c7d3b99df25dd78c","isMergeCommit":false,"messageTitle":"Update Person.java","messageBody":"Clear trailing whitespace","fileTypesAndContributionMap":{"functional-code":{"insertions":1,"deletions":1}}},{"hash":"cc3f1fc7f89182cc0a62df9958fcca8432734a34","isMergeCommit":false,"messageTitle":"Update RemoveFromTutorialCommand.java","messageBody":"Accommodate Telegram attribute","fileTypesAndContributionMap":{"functional-code":{"insertions":2,"deletions":1}}},{"hash":"3decf548ca13456db778b40e89f582bb3127272b","isMergeCommit":false,"messageTitle":"Update AddToTutorialCommand.java","messageBody":"Accommodate Telegram attribute","fileTypesAndContributionMap":{"functional-code":{"insertions":2,"deletions":1}}},{"hash":"bec48903237165a4986a84a7b106b79fadd722f1","isMergeCommit":false,"messageTitle":"Add newline","messageBody":"","fileTypesAndContributionMap":{"functional-code":{"insertions":0,"deletions":1}}},{"hash":"9275ce78eb30132ae4709346ef49eb92d9fff699","isMergeCommit":true,"messageTitle":"Merge branch \u0027master\u0027 of https://github.com/teozern1/tp","messageBody":"","fileTypesAndContributionMap":{}},{"hash":"8f9486a6325c8a6790e2983ecd2cfa7f0c96be32","isMergeCommit":false,"messageTitle":"Fix duplicate tutorial/module tests for Telegram attribute","messageBody":"","fileTypesAndContributionMap":{"functional-code":{"insertions":6,"deletions":2}}},{"hash":"a2c7fbcc16f6fc1250289d8f69ebf236d190755f","isMergeCommit":true,"messageTitle":"Merge pull request #87 from teozern1/master","messageBody":"Add telegram field and associated functionality","fileTypesAndContributionMap":{}},{"hash":"1da1fbeca362a550100483bcf41a982b6327715c","isMergeCommit":false,"messageTitle":"Change UG to include editing of  Telegram attribute","messageBody":"","fileTypesAndContributionMap":{"docs":{"insertions":3,"deletions":12}}}]},{"date":"2023-10-26","commitResults":[{"hash":"ce0266716d2e080a97e35bba51162130f988e931","isMergeCommit":false,"messageTitle":"Add Student number and telegram to edit command in command summary","messageBody":"","fileTypesAndContributionMap":{"docs":{"insertions":2,"deletions":2}}},{"hash":"53b48a8b8c06675bed02362505837ba29dd38d93","isMergeCommit":true,"messageTitle":"Merge branch \u0027master\u0027 into master","messageBody":"","fileTypesAndContributionMap":{}}]},{"date":"2023-10-28","commitResults":[{"hash":"18cb4b723a3881503886197b3065e98affe661d9","isMergeCommit":true,"messageTitle":"Merge branch \u0027AY2324S1-CS2103T-F12-3:master\u0027 into master","messageBody":"","fileTypesAndContributionMap":{}},{"hash":"5bdac86594446b3dd3181a42bf6ed0469968b630","isMergeCommit":false,"messageTitle":"Add new column for assignments","messageBody":"","fileTypesAndContributionMap":{"functional-code":{"insertions":193,"deletions":6}}},{"hash":"7d0c31cfb32526c7ffa0ab763e7dec75268257b1","isMergeCommit":true,"messageTitle":"Merge branch \u0027Branch-AssignmentUI\u0027","messageBody":"","fileTypesAndContributionMap":{}},{"hash":"b1cad0b3d236d05f57ba7ae5e3485511b5604734","isMergeCommit":false,"messageTitle":"Add assignment class and update ui to use assignments","messageBody":"","fileTypesAndContributionMap":{"functional-code":{"insertions":429,"deletions":56}}}]},{"date":"2023-10-30","commitResults":[{"hash":"2bcb39c6974ffe10dac7e9e9daae4b68004c2a2e","isMergeCommit":false,"messageTitle":"Add addAssignment Command","messageBody":"","fileTypesAndContributionMap":{"functional-code":{"insertions":130,"deletions":3}}},{"hash":"97abe7027f51206dba1e718f5bc2dd2bcdc77b51","isMergeCommit":true,"messageTitle":"Merge branch \u0027Branch-AddAssignment\u0027","messageBody":"","fileTypesAndContributionMap":{}},{"hash":"d19fdabdd9baa35983fe266efc38ef56e889bbfc","isMergeCommit":false,"messageTitle":"Add storage for  assignments","messageBody":"","fileTypesAndContributionMap":{"functional-code":{"insertions":55,"deletions":1}}},{"hash":"c9fb82e32412c05b5bcacc50f62041ff5a2120b3","isMergeCommit":true,"messageTitle":"Merge branch \u0027Branch-AssignmentStorage\u0027","messageBody":"","fileTypesAndContributionMap":{}}]},{"date":"2023-10-31","commitResults":[{"hash":"db85985aa67565b6c0863aab7097f9361da1e535","isMergeCommit":false,"messageTitle":"Remove address and relevant tests and functionality","messageBody":"","fileTypesAndContributionMap":{"functional-code":{"insertions":52,"deletions":202},"docs":{"insertions":7,"deletions":7},"test-code":{"insertions":116,"deletions":253}}},{"hash":"027c26230960fe265fa42647c01e6226d23d0df8","isMergeCommit":true,"messageTitle":"Merge branch \u0027Branch-RemoveAddress\u0027","messageBody":"","fileTypesAndContributionMap":{}},{"hash":"4ba459a3b0698c7452239670d6250f88e3685a80","isMergeCommit":true,"messageTitle":"Merge branch \u0027master\u0027 of https://github.com/teozern1/tp","messageBody":"# Conflicts: Update Edit command in UG, Update message usage in AddCommand\n#\tdocs/UserGuide.md\n#\tsrc/main/java/seedu/address/logic/commands/AddCommand.java\n","fileTypesAndContributionMap":{}},{"hash":"d7bcdf8a11ccd7b646ba2b10d135c409ef606607","isMergeCommit":true,"messageTitle":"Merge pull request #110 from teozern1/master","messageBody":"Add assignment functionality, Remove address functionality","fileTypesAndContributionMap":{}}]}],"supermii2":[{"date":"2023-09-29","commitResults":[{"hash":"92b130bacc7428652f0d1bf890ce4d2f89c44bf3","isMergeCommit":false,"messageTitle":"Add Alvis info","messageBody":"","fileTypesAndContributionMap":{"docs":{"insertions":23,"deletions":5}}},{"hash":"9604fe795af59d224eb248af193d9358cd40dbc8","isMergeCommit":true,"messageTitle":"Merge pull request #18 from supermii2/master","messageBody":"Add Alvis info","fileTypesAndContributionMap":{}}]},{"date":"2023-10-04","commitResults":[{"hash":"cc34579113cb44c653c437a367c9a285041ba84c","isMergeCommit":false,"messageTitle":"Amend PPP","messageBody":"","fileTypesAndContributionMap":{"docs":{"insertions":25,"deletions":8}}},{"hash":"6511918f24729b5a78ce0e8cde6bcbb1df9b4dac","isMergeCommit":true,"messageTitle":"Merge branch \u0027ppp\u0027","messageBody":"","fileTypesAndContributionMap":{}},{"hash":"d5dc1dcd06524f00911ed7a5ea571a13a6025765","isMergeCommit":false,"messageTitle":"Fix typo in ppp","messageBody":"","fileTypesAndContributionMap":{"docs":{"insertions":1,"deletions":1}}},{"hash":"71de5f4134f7f7dd91e63384c4ddac3b8e60115d","isMergeCommit":true,"messageTitle":"Merge branch \u0027ppp\u0027","messageBody":"","fileTypesAndContributionMap":{}},{"hash":"c5d662216eec0e00acb4dde902bbc78af31abb2d","isMergeCommit":true,"messageTitle":"Merge pull request #43 from supermii2/master","messageBody":"Add ppp for user supermii2","fileTypesAndContributionMap":{}},{"hash":"612cbe98629fcb748fbea8e48889e4168f7c04dc","isMergeCommit":false,"messageTitle":"Add ug section on search","messageBody":"","fileTypesAndContributionMap":{"docs":{"insertions":32,"deletions":16}}},{"hash":"3003b3a47c3c82a13f5e6be59199b32ab74fd04b","isMergeCommit":true,"messageTitle":"Merge branch \u0027ug\u0027","messageBody":"","fileTypesAndContributionMap":{}},{"hash":"bbf65dd0c6b05565ea78b34879f1ddf2f5c2bc3c","isMergeCommit":true,"messageTitle":"Merge pull request #44 from supermii2/master","messageBody":"Add ug section on search","fileTypesAndContributionMap":{}}]},{"date":"2023-10-06","commitResults":[{"hash":"0563d8d7ad3154323f9736ad80d98715bb02e273","isMergeCommit":false,"messageTitle":"Rename Alvis doc file to github username","messageBody":"","fileTypesAndContributionMap":{"docs":{"insertions":0,"deletions":0}}},{"hash":"b921c6d7c8f03d7945a5a76bebc9b212d49b30e6","isMergeCommit":true,"messageTitle":"Merge pull request #48 from supermii2/master","messageBody":"Rename Alvis doc file to github username","fileTypesAndContributionMap":{}},{"hash":"0715cc8a14ca55a1831e4ce1e37921c6976bb866","isMergeCommit":false,"messageTitle":"Fix image in About Us","messageBody":"","fileTypesAndContributionMap":{"docs":{"insertions":1,"deletions":1}}},{"hash":"ab211cf4b5e2371decb331c91c2beafdcf043945","isMergeCommit":true,"messageTitle":"Merge pull request #49 from supermii2/master","messageBody":"Fix image in About Us","fileTypesAndContributionMap":{}}]},{"date":"2023-10-13","commitResults":[{"hash":"e1dbd7652cb7ec4b663e80f883e94ca981581170","isMergeCommit":false,"messageTitle":"Add student and teacher","messageBody":"","fileTypesAndContributionMap":{"functional-code":{"insertions":28,"deletions":0}}},{"hash":"819174e973fb57aa183abc4c98c687a1f196e15c","isMergeCommit":false,"messageTitle":"Fix style issues","messageBody":"","fileTypesAndContributionMap":{"functional-code":{"insertions":12,"deletions":6}}},{"hash":"b106428865d13599ff999e15d45111a22a1023ef","isMergeCommit":true,"messageTitle":"Merge pull request #64 from supermii2/master","messageBody":"Add student and teacher","fileTypesAndContributionMap":{}}]},{"date":"2023-10-18","commitResults":[{"hash":"63179d0130192907a4578b82b82938b423591a64","isMergeCommit":false,"messageTitle":"Add Search command functionality","messageBody":"","fileTypesAndContributionMap":{"functional-code":{"insertions":89,"deletions":0}}},{"hash":"57333cd885ea8c9b4efe59eb62531393643fc4e7","isMergeCommit":false,"messageTitle":"Enable searches with multiples of the same tag","messageBody":"","fileTypesAndContributionMap":{"functional-code":{"insertions":36,"deletions":25}}},{"hash":"86c14b312f9e4707db81b664988e2ac9c56f7b39","isMergeCommit":false,"messageTitle":"Add test cases for Search","messageBody":"","fileTypesAndContributionMap":{"functional-code":{"insertions":22,"deletions":2},"test-code":{"insertions":97,"deletions":1}}},{"hash":"679c365504e1bc493233231be43840b2018df3ff","isMergeCommit":false,"messageTitle":"Amend code to meet checkstyle guidelines","messageBody":"","fileTypesAndContributionMap":{"functional-code":{"insertions":6,"deletions":7},"test-code":{"insertions":14,"deletions":14}}},{"hash":"74f99f66729cf9a69297cb3ca8f7a13b40a9f5f2","isMergeCommit":true,"messageTitle":"Merge branch \u0027search\u0027","messageBody":"","fileTypesAndContributionMap":{}},{"hash":"0bf2cb45732810b029b5944b8f18bb584ebb18c7","isMergeCommit":false,"messageTitle":"Revert changes in typicalpersons","messageBody":"","fileTypesAndContributionMap":{"test-code":{"insertions":1,"deletions":1}}},{"hash":"58a2ad3a8958eb04450e2f8ee643e28513b0c5fa","isMergeCommit":false,"messageTitle":"Add additional test cases for increased code coverage","messageBody":"","fileTypesAndContributionMap":{"functional-code":{"insertions":1,"deletions":0},"test-code":{"insertions":61,"deletions":14}}},{"hash":"4b35da2c1260e3292cf7deb26501b063847244b0","isMergeCommit":false,"messageTitle":"Remove unused imports","messageBody":"","fileTypesAndContributionMap":{"test-code":{"insertions":16,"deletions":5}}},{"hash":"569d747fe3987955226b4a39c6587241e359984a","isMergeCommit":true,"messageTitle":"Merge pull request #74 from supermii2/search","messageBody":"Add search command functionality","fileTypesAndContributionMap":{}},{"hash":"f0337e865c8dc504e0cf4b3effbfd3be1daff07e","isMergeCommit":true,"messageTitle":"Merge pull request #75 from supermii2/ppp","messageBody":"Backtracking to fulfil v1.1 requirements in tP dashboard","fileTypesAndContributionMap":{}}]},{"date":"2023-10-24","commitResults":[{"hash":"15c99afc24ccc89b594bb88050baa3beae77e1cd","isMergeCommit":false,"messageTitle":"Amend Search command for refactored Module and Tutorial handling","messageBody":"","fileTypesAndContributionMap":{"functional-code":{"insertions":11,"deletions":11},"test-code":{"insertions":12,"deletions":12}}},{"hash":"ad2f20db79a86f0f68ca02a107e4d2fa99ab7606","isMergeCommit":true,"messageTitle":"Merge pull request #88 from supermii2/master","messageBody":"Amend Search command for refactored Module and Tutorial handling","fileTypesAndContributionMap":{}}]},{"date":"2023-10-28","commitResults":[{"hash":"718ad03bf2e8f5fe81c5c996ebf6ab5540595832","isMergeCommit":false,"messageTitle":"Add tutorial search functionality","messageBody":"","fileTypesAndContributionMap":{"functional-code":{"insertions":27,"deletions":8},"test-code":{"insertions":26,"deletions":15}}},{"hash":"9c9fad70d13e2c063424a0772ec847df4fc173b5","isMergeCommit":true,"messageTitle":"Merge branch \u0027master\u0027 into search","messageBody":"","fileTypesAndContributionMap":{}},{"hash":"eb923ee1cd4fb6d80f93585a31146d58be5b3d23","isMergeCommit":false,"messageTitle":"Fix bug in parse search command test case","messageBody":"","fileTypesAndContributionMap":{"functional-code":{"insertions":1,"deletions":1},"test-code":{"insertions":1,"deletions":2}}},{"hash":"ecd04d4c6043f46b298017a2a0a352d56e8e963a","isMergeCommit":false,"messageTitle":"Fix bug in parse search command test case","messageBody":"","fileTypesAndContributionMap":{"test-code":{"insertions":1,"deletions":2}}},{"hash":"a9f98c0ef5fe4d13feb75e29315de61c3c00b107","isMergeCommit":true,"messageTitle":"Merge branch \u0027search\u0027 of https://github.com/supermii2/tp into search","messageBody":"","fileTypesAndContributionMap":{}},{"hash":"09b2dd86ed9bbda87e5e5c16bfb4feb5da6d2d32","isMergeCommit":false,"messageTitle":"[Minor Fix] Change access modifier on TutorialList","messageBody":"","fileTypesAndContributionMap":{"functional-code":{"insertions":1,"deletions":1}}},{"hash":"a38b87f92e476c2951d683b8496dd92a77aa0218","isMergeCommit":false,"messageTitle":"Add test case to catch too many modules error","messageBody":"","fileTypesAndContributionMap":{"test-code":{"insertions":11,"deletions":0}}}]},{"date":"2023-11-01","commitResults":[{"hash":"65ce1c0b20d89e0f7b2fe066d4cea0270e9b99b8","isMergeCommit":true,"messageTitle":"Merge branch \u0027master\u0027 into search","messageBody":"","fileTypesAndContributionMap":{}},{"hash":"1db5c4ba981aeb468c03c4f683291458700c5ebe","isMergeCommit":false,"messageTitle":"Add more test cases to search","messageBody":"","fileTypesAndContributionMap":{"functional-code":{"insertions":5,"deletions":5},"test-code":{"insertions":33,"deletions":11}}},{"hash":"37f8a7c0fd05ea70f90ddd5905c0da654da61f30","isMergeCommit":true,"messageTitle":"Merge pull request #99 from supermii2/search","messageBody":"Add tutorial search functionality","fileTypesAndContributionMap":{}},{"hash":"eafc46abb80a6a578ed0e9feb78635a25633d496","isMergeCommit":false,"messageTitle":"Fix bug where giving a tutorial group with no module would cause an error","messageBody":"","fileTypesAndContributionMap":{"functional-code":{"insertions":7,"deletions":5},"test-code":{"insertions":69,"deletions":53}}},{"hash":"eaa4f30debc645633f38c6250c5eeccfc4e3474d","isMergeCommit":true,"messageTitle":"Merge pull request #111 from supermii2/search","messageBody":"Fix bug where giving a tutorial group with no module","fileTypesAndContributionMap":{}}]}],"jacksonyuan256":[{"date":"2023-09-29","commitResults":[{"hash":"fb7fa51054caaee999a3b253ce6b7f5c2b99fb68","isMergeCommit":false,"messageTitle":"Added some information on the AboutUs.md","messageBody":"","fileTypesAndContributionMap":{"other":{"insertions":1,"deletions":0},"docs":{"insertions":38,"deletions":49}}},{"hash":"635177bd62e38ff415a435c7e780e09de88ec938","isMergeCommit":false,"messageTitle":"Some small edits to the description","messageBody":"","fileTypesAndContributionMap":{"docs":{"insertions":48,"deletions":1}}},{"hash":"398827692659fd9183d86568adb34749d77694e6","isMergeCommit":true,"messageTitle":"Merge pull request #17 from jacksonyuan256/add-jackson-info","messageBody":"Add jackson info","fileTypesAndContributionMap":{}},{"hash":"f43b13da636281ff1774c3e28e338a3b02d905bf","isMergeCommit":false,"messageTitle":"Revert \"Add jackson info\"","messageBody":"","fileTypesAndContributionMap":{"functional-code":{"insertions":11,"deletions":203},"other":{"insertions":0,"deletions":581},"docs":{"insertions":3,"deletions":39},"test-code":{"insertions":12,"deletions":246}}},{"hash":"96bd29368ad16629d3305f700b58f9018c3b10e0","isMergeCommit":true,"messageTitle":"Merge pull request #20 from AY2324S1-CS2103T-F12-3/revert-17-add-jackson-info","messageBody":"Revert \"Add jackson info\"","fileTypesAndContributionMap":{}},{"hash":"390ab663e28f525e9940ae078305c3e2f6be5c4a","isMergeCommit":false,"messageTitle":"Added some information on AboutUs","messageBody":"","fileTypesAndContributionMap":{"docs":{"insertions":39,"deletions":4}}},{"hash":"fdd12e1b8113bf9b5e54f802e630860843b3bb7b","isMergeCommit":true,"messageTitle":"Merge pull request #22 from jacksonyuan256/add-aboutUs-jackson","messageBody":"Added some information on AboutUs","fileTypesAndContributionMap":{}}]},{"date":"2023-10-01","commitResults":[{"hash":"d2a13560476353b7526b4f5ab217dcc2bc71a9bf","isMergeCommit":false,"messageTitle":"Added some basic architecture to support operations for TA Modules.","messageBody":"Trying to add a box to display modules in MainWindow causes NullPointer\nexceptions. Most of the internal logic for Module has been\nmade to be as similar to Person as possible, such as naming and the\nexecution path.\n","fileTypesAndContributionMap":{"functional-code":{"insertions":375,"deletions":0},"docs":{"insertions":36,"deletions":35}}},{"hash":"f65cdb1164566ad0e9963eb2125cfb0a38e26825","isMergeCommit":false,"messageTitle":"Rectified mistake for Skeletal PPP","messageBody":"","fileTypesAndContributionMap":{"docs":{"insertions":36,"deletions":35}}}]},{"date":"2023-10-02","commitResults":[{"hash":"01b27e3282499b414f408b768d7edee303fc6a44","isMergeCommit":false,"messageTitle":"Rectified trailing whitespace","messageBody":"","fileTypesAndContributionMap":{"docs":{"insertions":2,"deletions":1}}},{"hash":"3350c2a5bac75bf1b21b55a617795ee6032cfe0f","isMergeCommit":false,"messageTitle":"Rectify trailing whitespace","messageBody":"","fileTypesAndContributionMap":{"docs":{"insertions":1,"deletions":1}}},{"hash":"bb520440eaa37c11f3c313c1a28ce2d471def9c8","isMergeCommit":false,"messageTitle":"Attempt to rectify whitespace","messageBody":"","fileTypesAndContributionMap":{"docs":{"insertions":0,"deletions":1}}},{"hash":"ce5facbc25b4b08e0cef4ad956ee48d3b885a42b","isMergeCommit":true,"messageTitle":"Merge pull request #26 from jacksonyuan256/add-aboutUs-jackson","messageBody":"Rectified mistake for Skeletal PPP","fileTypesAndContributionMap":{}},{"hash":"b75d9feebb7c520ef7439c5211bba96b47dfa273","isMergeCommit":false,"messageTitle":"Added the feature to add modules in the address book.","messageBody":"Rectified some error checking mechanics such as missing prefix or\nerroneous module code. Some prompts should appear to offer guidance on\nthe correct input. The box containing the text \"Modules taken: \"\nshould change to reflect the addition of the module.\n","fileTypesAndContributionMap":{"functional-code":{"insertions":90,"deletions":16}}}]},{"date":"2023-10-03","commitResults":[{"hash":"fbd6df230c76d1328de54c8a6aa597a3b23acb2f","isMergeCommit":false,"messageTitle":"Rectify whitespace","messageBody":"","fileTypesAndContributionMap":{"functional-code":{"insertions":10,"deletions":8}}},{"hash":"ff43284792986afad40dc72ba68d0b4feae59655","isMergeCommit":true,"messageTitle":"Merge branch \u0027branch-module-feature\u0027 of https://github.com/jacksonyuan256/tp into branch-module-feature","messageBody":"","fileTypesAndContributionMap":{}},{"hash":"1950cee75d2089b4975fb945439b4930a9efb8f3","isMergeCommit":false,"messageTitle":"Rectify more whitespace","messageBody":"","fileTypesAndContributionMap":{"functional-code":{"insertions":1,"deletions":1},"docs":{"insertions":11,"deletions":11}}},{"hash":"43b93add0b0e5822aa81fa0350db8319761ecc45","isMergeCommit":false,"messageTitle":"Create deleteModule feature","messageBody":"","fileTypesAndContributionMap":{"functional-code":{"insertions":76,"deletions":0}}},{"hash":"a186adda652ede39b2e53bcb7bee1b0c660291aa","isMergeCommit":false,"messageTitle":"Rectified checkstyle issues","messageBody":"","fileTypesAndContributionMap":{"functional-code":{"insertions":45,"deletions":30}}},{"hash":"13ca6320337cad5c829720e8577d229da829b0a3","isMergeCommit":false,"messageTitle":"Rectified some test cases due to the addition of new methods.","messageBody":"","fileTypesAndContributionMap":{"test-code":{"insertions":30,"deletions":0}}}]},{"date":"2023-10-04","commitResults":[{"hash":"784a33ed44b4ad5862817026b32b4e45ebb05635","isMergeCommit":false,"messageTitle":"Updated the user guide with some commands","messageBody":"","fileTypesAndContributionMap":{"docs":{"insertions":21,"deletions":1}}},{"hash":"b8a54706def179b930bfa064c90798cf9330349f","isMergeCommit":true,"messageTitle":"Merge branch \u0027master\u0027 into branch-userGuide","messageBody":"","fileTypesAndContributionMap":{}},{"hash":"1ecf7f8288dba6545ce4de2c79acb9cee2e93f1b","isMergeCommit":true,"messageTitle":"Merge pull request #42 from jacksonyuan256/branch-userGuide","messageBody":"Updated the user guide with some commands","fileTypesAndContributionMap":{}}]},{"date":"2023-10-12","commitResults":[{"hash":"5dbd84622f3e99c68222090dfd4993ad55d6840d","isMergeCommit":false,"messageTitle":"Added and modified some test cases","messageBody":"","fileTypesAndContributionMap":{"functional-code":{"insertions":64,"deletions":2},"test-code":{"insertions":419,"deletions":0}}},{"hash":"5af9dc2ba3429458618029d44d8505db75d2d50c","isMergeCommit":true,"messageTitle":"Merge branch \u0027branch-module-feature\u0027 of https://github.com/jacksonyuan256/tp into branch-module-feature","messageBody":"","fileTypesAndContributionMap":{}},{"hash":"12079e5118cba3a3470a5ca1750b388ebb1c52b0","isMergeCommit":false,"messageTitle":"Rectified some checkstyle issues","messageBody":"","fileTypesAndContributionMap":{"functional-code":{"insertions":0,"deletions":3},"test-code":{"insertions":10,"deletions":14}}},{"hash":"8dc4a0a8de764c8595068c02e0e16b607bbe3f10","isMergeCommit":true,"messageTitle":"Merge branch \u0027branch-module-feature\u0027 of https://github.com/jacksonyuan256/tp into branch-module","messageBody":"# Conflicts:\n#\tsrc/main/java/seedu/address/logic/Messages.java\n#\tsrc/main/java/seedu/address/logic/commands/DeleteModuleCommand.java\n#\tsrc/test/java/seedu/address/logic/parser/AddressBookParserTest.java\n","fileTypesAndContributionMap":{}},{"hash":"45e7c799f639d430737702f381b1bdad53bd91f2","isMergeCommit":false,"messageTitle":"Recitifed some missing methods in ModelStub","messageBody":"","fileTypesAndContributionMap":{"test-code":{"insertions":22,"deletions":1}}},{"hash":"b202b31580dd7fd9dd6660e553301eaa16383515","isMergeCommit":false,"messageTitle":"Rectified more test cases with regards to Tutorial","messageBody":"","fileTypesAndContributionMap":{"test-code":{"insertions":5,"deletions":6}}},{"hash":"b5c191b76022da7b826d81499c577ab959a6f53e","isMergeCommit":false,"messageTitle":"Rectified checkstyle","messageBody":"","fileTypesAndContributionMap":{"test-code":{"insertions":0,"deletions":1}}},{"hash":"3c9a403d46c7bdd9be3ab4f3d2c9065cf854ffe9","isMergeCommit":true,"messageTitle":"Merge pull request #61 from jacksonyuan256/branch-module-feature","messageBody":"Recitifed some missing methods in ModelStub","fileTypesAndContributionMap":{}}]},{"date":"2023-10-19","commitResults":[{"hash":"59107226ea72a545d84c20c8ecab94c59e3825ed","isMergeCommit":false,"messageTitle":"Updated the Dev Guide to reflect the state of the model.","messageBody":"","fileTypesAndContributionMap":{"docs":{"insertions":1,"deletions":1}}},{"hash":"3223ad92fbaab8af8a1c07c280ab425644e69a85","isMergeCommit":true,"messageTitle":"Merge pull request #81 from jacksonyuan256/branch-devGuide","messageBody":"Updated the Dev Guide to reflect the state of the model.","fileTypesAndContributionMap":{}}]},{"date":"2023-10-20","commitResults":[{"hash":"96b081ee63fe170978af6730d43e13bdacdf206c","isMergeCommit":false,"messageTitle":"Added the feature to load and store user input for modules and tutorials","messageBody":"","fileTypesAndContributionMap":{"functional-code":{"insertions":137,"deletions":74},"test-code":{"insertions":62,"deletions":0}}},{"hash":"c1b83271c20a85c94177a2fcc9eaaee38713b57e","isMergeCommit":true,"messageTitle":"Merge branch \u0027master\u0027 into branch-storage","messageBody":"","fileTypesAndContributionMap":{}},{"hash":"31f5246b80d1c8c96a3e9591a91fd5fe215b30a6","isMergeCommit":true,"messageTitle":"Merge branch \u0027branch-storage\u0027 of https://github.com/jacksonyuan256/tp into branch-storage","messageBody":"","fileTypesAndContributionMap":{}},{"hash":"b6fd3b8a12760a47948e6808ad246ae0a8af1f4f","isMergeCommit":false,"messageTitle":"Rectified some test cases","messageBody":"","fileTypesAndContributionMap":{"test-code":{"insertions":6,"deletions":5}}}]},{"date":"2023-10-22","commitResults":[{"hash":"6025913d952179dd03d15d5a185b851136b22773","isMergeCommit":false,"messageTitle":"Updated Logger in MainWindow to log the information for the GUI displayed","messageBody":"","fileTypesAndContributionMap":{"functional-code":{"insertions":4,"deletions":0}}},{"hash":"da461f5e2ae0ffc4c0e25c5e83085f8d17ada32f","isMergeCommit":true,"messageTitle":"Merge pull request #83 from jacksonyuan256/branch-storage","messageBody":"Added the feature to load and store user input for modules and tutorials","tags":["v1.2.1"],"fileTypesAndContributionMap":{}},{"hash":"a124199192e38885e9eded1f8203c6aeea9ea3db","isMergeCommit":false,"messageTitle":"Modify deleteModule command to delete the tutorials related to the module being deleted","messageBody":"This is done by adding a method to check for related tutorials in\nthe addressBook and calling that same method in removeModule.\n","fileTypesAndContributionMap":{"functional-code":{"insertions":25,"deletions":3},"test-code":{"insertions":18,"deletions":1}}}]},{"date":"2023-10-24","commitResults":[{"hash":"3c3a58a7a035d68163a349d62ca837dfdb7d054c","isMergeCommit":false,"messageTitle":"Add some test cases to verify that UniqueModuleList works as intended","messageBody":"","fileTypesAndContributionMap":{"test-code":{"insertions":34,"deletions":0}}},{"hash":"63fa332dcb6cf320381c3d9350a81c7802efe10b","isMergeCommit":false,"messageTitle":"Rectify some checkstyle errors","messageBody":"","fileTypesAndContributionMap":{"test-code":{"insertions":5,"deletions":4}}},{"hash":"16a7af0de9b0f83c42e9b8da1bb64af20acf51d8","isMergeCommit":false,"messageTitle":"Modify the address book to improve test coverage","messageBody":"","fileTypesAndContributionMap":{"functional-code":{"insertions":1,"deletions":2}}},{"hash":"a185ad1806565f8ae23c474c56a7d836fdf6a1d2","isMergeCommit":true,"messageTitle":"Merge pull request #84 from jacksonyuan256/branch-modify-DeleteModule","messageBody":"Modify deleteModule command to delete the tutorials related to the module being deleted","fileTypesAndContributionMap":{}}]},{"date":"2023-10-25","commitResults":[{"hash":"4484d28ff4cc4e5577f33250efc216f92ee38c3a","isMergeCommit":false,"messageTitle":"Enable assertions in build gradle","messageBody":"","fileTypesAndContributionMap":{"other":{"insertions":4,"deletions":0}}},{"hash":"a80ebff4af2a6f01e0f466921d8468b84769f2c2","isMergeCommit":true,"messageTitle":"Merge pull request #89 from jacksonyuan256/branch-modify-DeleteModule","messageBody":"Enable assertions in build gradle","fileTypesAndContributionMap":{}},{"hash":"c99797af1d4e1d8a89f1bcff69f013c64afaaa31","isMergeCommit":false,"messageTitle":"Add functionality to mark attendance for students","messageBody":"This is done in a similar fashion to AddToModule but the changes are\nreflected on the tags in the GUI.\n","fileTypesAndContributionMap":{"functional-code":{"insertions":153,"deletions":3},"test-code":{"insertions":93,"deletions":0}}}]},{"date":"2023-10-26","commitResults":[{"hash":"2e3b5aecabb065f92d88d6da585ebb75721825bd","isMergeCommit":false,"messageTitle":"Update user guide for the new command to take attendance","messageBody":"","fileTypesAndContributionMap":{"docs":{"insertions":13,"deletions":0}}},{"hash":"7c10a10053ee2698ac91fcfda10e1ef3df9686b8","isMergeCommit":true,"messageTitle":"Merge pull request #95 from jacksonyuan256/branch-userGuide","messageBody":"Update user guide for the new command to take attendance","fileTypesAndContributionMap":{}},{"hash":"de9ceb2b2a37793bdd6b02079d73cac1cea7a7f8","isMergeCommit":false,"messageTitle":"Update command summary in the user guide","messageBody":"","fileTypesAndContributionMap":{"docs":{"insertions":4,"deletions":3}}},{"hash":"c3214a11d61c69f757b23af6355390b1dec56e26","isMergeCommit":true,"messageTitle":"Merge pull request #96 from jacksonyuan256/branch-userGuide","messageBody":"Update command summary in the user guide","fileTypesAndContributionMap":{}},{"hash":"70feb2f16b499e9744544761ecbe004a59fb005f","isMergeCommit":false,"messageTitle":"Update dev guide with use cases","messageBody":"","fileTypesAndContributionMap":{"docs":{"insertions":9,"deletions":1}}},{"hash":"6eadc94f5c3b2041148547866672b7c2ca8c72df","isMergeCommit":true,"messageTitle":"Merge pull request #98 from jacksonyuan256/branch-devGuide","messageBody":"Update dev guide with use cases","fileTypesAndContributionMap":{}}]},{"date":"2023-10-28","commitResults":[{"hash":"8748399d1761b6224f4175d2cb38617b87052958","isMergeCommit":true,"messageTitle":"Merge branch \u0027master\u0027 of https://github.com/AY2324S1-CS2103T-F12-3/tp into branch-attendance","messageBody":"","fileTypesAndContributionMap":{}},{"hash":"807dcd234f3ee9f027b2b2e973ca57418f522f55","isMergeCommit":false,"messageTitle":"Modify the prefix for attendance","messageBody":"","fileTypesAndContributionMap":{"functional-code":{"insertions":1,"deletions":1},"test-code":{"insertions":3,"deletions":3}}},{"hash":"805b54e13fdd23b2892e46b1a415f11f6f3944a8","isMergeCommit":true,"messageTitle":"Merge pull request #92 from jacksonyuan256/branch-attendance","messageBody":"Add functionality to mark attendance for students","fileTypesAndContributionMap":{}}]},{"date":"2023-11-01","commitResults":[{"hash":"c7474df0c622c9d9138f60c8932f536bf7aa37d4","isMergeCommit":false,"messageTitle":"Add functionality for removing attendance","messageBody":"Throws error if the tag does not exist in the person or the INDEX is\nout of bounds. The search command has also been modified to search\nfor tags.\n","fileTypesAndContributionMap":{"functional-code":{"insertions":175,"deletions":7},"test-code":{"insertions":145,"deletions":14}}},{"hash":"0068605df5aa70476d12787f552ac28c512441ee","isMergeCommit":true,"messageTitle":"Merge pull request #113 from jacksonyuan256/branch-attendance","messageBody":"Add functionality for removing attendance","fileTypesAndContributionMap":{}}]},{"date":"2023-11-02","commitResults":[{"hash":"5a3f40d48b63def52c811044327befbeef3b46bf","isMergeCommit":false,"messageTitle":"Update user guide for new commands","messageBody":"","fileTypesAndContributionMap":{"docs":{"insertions":15,"deletions":2}}},{"hash":"872a17f89400f2165a4408103679772278b19ef7","isMergeCommit":true,"messageTitle":"Merge pull request #115 from jacksonyuan256/branch-userGuide","messageBody":"Update user guide for new commands","fileTypesAndContributionMap":{}}]}],"Propene-Dan":[{"date":"2023-10-05","commitResults":[{"hash":"4e56b6c1c4ae84badc4376d783658d1a73c217e7","isMergeCommit":true,"messageTitle":"Merge branch \u0027master\u0027 of https://github.com/AY2324S1-CS2103T-F12-3/tp","messageBody":"","fileTypesAndContributionMap":{}},{"hash":"85068e523e5079a5c06a28eda946b6822c5b89ff","isMergeCommit":false,"messageTitle":"added propene-dan\u0027s info in AboutUs.md","messageBody":"","fileTypesAndContributionMap":{"docs":{"insertions":5,"deletions":5}}},{"hash":"b599399858e3a1f4306da1eb808f94e8a9794eb2","isMergeCommit":false,"messageTitle":"added propene-dan.md in docs/team","messageBody":"","fileTypesAndContributionMap":{"docs":{"insertions":35,"deletions":0}}}]},{"date":"2023-10-06","commitResults":[{"hash":"ba690165c2086b2d426d406ef01b862afc89c089","isMergeCommit":false,"messageTitle":"edited UG:","messageBody":"changed title to be TASsistant User Guide\n\nadded descriptions of functions related to Tutorials\n","fileTypesAndContributionMap":{"docs":{"insertions":54,"deletions":15}}},{"hash":"487f23761f0cbd99df834a27a7f0279d29004d70","isMergeCommit":true,"messageTitle":"Merge pull request #46 from Propene-Dan/add_bingxis_info","messageBody":"Add bingxis info","fileTypesAndContributionMap":{}},{"hash":"691fe6e56d241ccec82bf5526a20e11d57a7a239","isMergeCommit":false,"messageTitle":"modified functions related to Tutorial","messageBody":"","fileTypesAndContributionMap":{"docs":{"insertions":19,"deletions":19}}},{"hash":"43b00dd6de7a3ed6167b308304df85aa3c7c2d9f","isMergeCommit":true,"messageTitle":"Merge pull request #47 from Propene-Dan/master","messageBody":"modified functions related to Tutorial","fileTypesAndContributionMap":{}},{"hash":"7ac2f27e3f55f3fc7c2fc49784603fdf41f5400e","isMergeCommit":false,"messageTitle":"added Tutorial.java","messageBody":"","fileTypesAndContributionMap":{"functional-code":{"insertions":84,"deletions":0}}},{"hash":"30f00e11ada0733486c391cbf9effbbdb12bd271","isMergeCommit":false,"messageTitle":"changed removeStudent to remove by index in UG","messageBody":"","fileTypesAndContributionMap":{"docs":{"insertions":7,"deletions":8}}},{"hash":"c891457f1cb405c98e85406fcffe3b4b5b110d5e","isMergeCommit":false,"messageTitle":"added StudentExistException","messageBody":"","fileTypesAndContributionMap":{"functional-code":{"insertions":11,"deletions":0}}},{"hash":"3820ca2ab0e46c159ea812e5fab5282c7714f474","isMergeCommit":false,"messageTitle":"modified Tutorial:","messageBody":"throws various Exceptions when addStudent and removeStudent\n\nadded JavaDoc\n","fileTypesAndContributionMap":{"functional-code":{"insertions":26,"deletions":7}}},{"hash":"a0a71fb9e744d5405619ce2bc1fe39c89ffc485c","isMergeCommit":true,"messageTitle":"Merge pull request #51 from Propene-Dan/Removed-/team","messageBody":"Added Tutorials","fileTypesAndContributionMap":{}}]},{"date":"2023-10-18","commitResults":[{"hash":"721940d02cdc967c06d0447792f9c06ac96fddc6","isMergeCommit":false,"messageTitle":"updated UG","messageBody":"","fileTypesAndContributionMap":{"docs":{"insertions":34,"deletions":45}}},{"hash":"3a4cbf7c6ff759e753f13a356125d0ca9a20ca3a","isMergeCommit":false,"messageTitle":"added new messages required by tutorial-related commands","messageBody":"","fileTypesAndContributionMap":{"functional-code":{"insertions":2,"deletions":0}}},{"hash":"c4f69202665ac184d413f3ed3d615695ff85397b","isMergeCommit":false,"messageTitle":"added toFullString() to Tutorial.java","messageBody":"","fileTypesAndContributionMap":{"functional-code":{"insertions":16,"deletions":2}}},{"hash":"015b60a8d650bcf118385558e947060c9af19d6a","isMergeCommit":false,"messageTitle":"added AddToTutorialCommand","messageBody":"","fileTypesAndContributionMap":{"functional-code":{"insertions":122,"deletions":0}}},{"hash":"d6c00649792d4ff118b4c06cdf4be5de6eb63471","isMergeCommit":false,"messageTitle":"added RemoveFromTutorialCommand","messageBody":"","fileTypesAndContributionMap":{"functional-code":{"insertions":132,"deletions":0}}},{"hash":"5b7abdfcf882e6ede4a976f261c5323ecf342b1c","isMergeCommit":false,"messageTitle":"clean up checkstyle","messageBody":"","fileTypesAndContributionMap":{"functional-code":{"insertions":5,"deletions":4}}}]},{"date":"2023-10-30","commitResults":[{"hash":"f2cf4b7193edee0f3b71a7bf5f8bb138e47e9d1b","isMergeCommit":false,"messageTitle":"add new constructor in Tutorial.java","messageBody":"","fileTypesAndContributionMap":{"functional-code":{"insertions":12,"deletions":0}}},{"hash":"c439e209fa3051b15451a66c0ed4c119bfd94bd7","isMergeCommit":false,"messageTitle":"make AddToTutorialCommandParser accept ModuleName and TutorialName only","messageBody":"","fileTypesAndContributionMap":{"functional-code":{"insertions":4,"deletions":3}}},{"hash":"18b2802036a703dbdc29ab6ae5054b96d90d9052","isMergeCommit":false,"messageTitle":"make RemoveFromTutorialCommandParser accept ModuleName and TutorialName only","messageBody":"","fileTypesAndContributionMap":{"functional-code":{"insertions":4,"deletions":5}}},{"hash":"8dd39152d48ab98d1a224502e0a06b0e3227cbb4","isMergeCommit":false,"messageTitle":"modify AddToTutorialCommand to support its parser","messageBody":"","fileTypesAndContributionMap":{"functional-code":{"insertions":12,"deletions":5}}},{"hash":"dd2e178be4a8ec8e601768b26d85e86377293e32","isMergeCommit":false,"messageTitle":"modify RemoveFromTutorialCommand to support its parser","messageBody":"","fileTypesAndContributionMap":{"functional-code":{"insertions":12,"deletions":5}}},{"hash":"875099c118c86aa56fab88d8782a56370c453f82","isMergeCommit":false,"messageTitle":"fixed bugs when tutorial does not exist","messageBody":"","fileTypesAndContributionMap":{"functional-code":{"insertions":15,"deletions":12}}},{"hash":"166b16f5e919d3cc40745336d4ca5099393d5415","isMergeCommit":false,"messageTitle":"resolved checkstyle","messageBody":"","fileTypesAndContributionMap":{"functional-code":{"insertions":4,"deletions":6}}},{"hash":"9be4250012695237022f92fd7fee5548dce3654d","isMergeCommit":false,"messageTitle":"move AddToTutorialCommand and RemoveFromTutorialCommand out from tutorial package","messageBody":"","fileTypesAndContributionMap":{"other":{"insertions":0,"deletions":0}}},{"hash":"aa628ab469f54fb8ea09fb3c379cd2183c27a219","isMergeCommit":false,"messageTitle":"dealing with bugs caused by re-packaging","messageBody":"","fileTypesAndContributionMap":{"functional-code":{"insertions":7,"deletions":11},"test-code":{"insertions":0,"deletions":1}}},{"hash":"ad78f6c87e3c7eff518835f3716d6b0cc596f91a","isMergeCommit":false,"messageTitle":"add Invalid-Tutorial-Time-Format message","messageBody":"","fileTypesAndContributionMap":{"functional-code":{"insertions":1,"deletions":0}}},{"hash":"50e572e93265b90d91cb95fc0c3a4087e8387893","isMergeCommit":false,"messageTitle":"add hint to Tutorial time format in AddTutorialCommand","messageBody":"","fileTypesAndContributionMap":{"functional-code":{"insertions":1,"deletions":1}}},{"hash":"3e09a75e13feaef25d11d776393c42de08d7df6d","isMergeCommit":false,"messageTitle":"add checks of date-time Format in AddTutorialCommandParser","messageBody":"","fileTypesAndContributionMap":{"functional-code":{"insertions":29,"deletions":0}}},{"hash":"5bd521de743176d430d7d18f72d435fef38c60fe","isMergeCommit":false,"messageTitle":"add tests to AddTutorialCommandParserTest","messageBody":"","fileTypesAndContributionMap":{"test-code":{"insertions":12,"deletions":2}}},{"hash":"b71dfb2d33f4dd01f9d4ca0348a9f11dc246e75d","isMergeCommit":false,"messageTitle":"added javaDoc and requireNonNull in Tutorial.java","messageBody":"avoid unexpected use of the constructor with 2 arguments\n","fileTypesAndContributionMap":{"functional-code":{"insertions":13,"deletions":0}}},{"hash":"14e3a527e656482e1fb7b138690eafb51642ac49","isMergeCommit":false,"messageTitle":"resolved checkstyle","messageBody":"","fileTypesAndContributionMap":{"functional-code":{"insertions":5,"deletions":4}}},{"hash":"f509926555ce4f22e689e54c6867482c93ea4e6b","isMergeCommit":false,"messageTitle":"resolved checkstyle","messageBody":"","fileTypesAndContributionMap":{"functional-code":{"insertions":7,"deletions":6}}},{"hash":"c8e7c4228e4b06b6cca973458d8f2046d97a1058","isMergeCommit":false,"messageTitle":"resolved past-tests problems","messageBody":"","fileTypesAndContributionMap":{"test-code":{"insertions":2,"deletions":2}}}]},{"date":"2023-10-31","commitResults":[{"hash":"af861e1bd4e05d1af4f38da27f854332a00fc3f4","isMergeCommit":false,"messageTitle":"modified equals() in Tutorial added isSameTutorial() in Tutorial","messageBody":"","fileTypesAndContributionMap":{"functional-code":{"insertions":14,"deletions":2}}},{"hash":"df4e8a9f347303d2a1f502a52ad6f10134ebfb1a","isMergeCommit":false,"messageTitle":"remove redundant code in AddToTutorialCommand","messageBody":"","fileTypesAndContributionMap":{"functional-code":{"insertions":1,"deletions":3}}},{"hash":"c47f4f3871050205b70a0006dba1b3e27961753c","isMergeCommit":false,"messageTitle":"added person_lacks_tutorial message in RemoveFromTutorialCommand","messageBody":"removed redundant code in RemoveFromTutorialCommand\n","fileTypesAndContributionMap":{"functional-code":{"insertions":3,"deletions":3}}},{"hash":"72973f85d3837fd656f25b06c37552fa7dedb41d","isMergeCommit":false,"messageTitle":"added tests for AddToTutorialCommand","messageBody":"","fileTypesAndContributionMap":{"test-code":{"insertions":126,"deletions":13}}},{"hash":"400763ff8ec00b6a939230ecc49f45f2677c5c81","isMergeCommit":false,"messageTitle":"added tests for RemoveFromTutorialCommand","messageBody":"","fileTypesAndContributionMap":{"test-code":{"insertions":191,"deletions":0}}},{"hash":"d02990d093ea958fe82707a27be216e6bd088b63","isMergeCommit":false,"messageTitle":"added tests for AddToTutorialCommandParser","messageBody":"","fileTypesAndContributionMap":{"test-code":{"insertions":50,"deletions":0}}},{"hash":"bd0a669190e88f54d70d6fc2bf0574e0d2d24e94","isMergeCommit":false,"messageTitle":"added tests for RemoveFromTutorialCommandParser","messageBody":"","fileTypesAndContributionMap":{"test-code":{"insertions":52,"deletions":0}}},{"hash":"f3b5de76644ea1a188f2f6fa19a965086fca470f","isMergeCommit":false,"messageTitle":"resolved checkstyle","messageBody":"","fileTypesAndContributionMap":{"test-code":{"insertions":33,"deletions":27}}},{"hash":"320cc79efa2eaea6d5ee9fda375fb3316ae596ef","isMergeCommit":true,"messageTitle":"Merge branch \u0027modify-time-in-tutorial\u0027 into modify-TutorialCommands","messageBody":"","fileTypesAndContributionMap":{}},{"hash":"57ece619dde417e1dfcc2f2a1216594ff38e42c2","isMergeCommit":false,"messageTitle":"moved TIME_FORMAT_REGEX to Tutorial class","messageBody":"","fileTypesAndContributionMap":{"functional-code":{"insertions":4,"deletions":6}}},{"hash":"3220620940b947f90a6f0ea5fa2f46dadd0ba7a4","isMergeCommit":false,"messageTitle":"move the time-format-check in AddTutorialCommandParser to Tutorial","messageBody":"","fileTypesAndContributionMap":{"functional-code":{"insertions":35,"deletions":15}}},{"hash":"2c252377bd93b125e79bd1fdeaedd8439e6b5be8","isMergeCommit":true,"messageTitle":"Merge branch \u0027master\u0027 into modify-TutorialCommands","messageBody":"# Conflicts:\n#\tsrc/main/java/seedu/address/logic/commands/AddToTutorialCommand.java\n#\tsrc/main/java/seedu/address/logic/commands/AddTutorialCommand.java\n","fileTypesAndContributionMap":{}},{"hash":"32401d8112387cbb8b8998ef05c790cc0e7a05bf","isMergeCommit":true,"messageTitle":"Merge pull request #107 from Propene-Dan/modify-TutorialCommands","messageBody":"Modify tutorial commands","fileTypesAndContributionMap":{}}]}]},"authorFileTypeContributionMap":{"cbj252":{"docs":140,"functional-code":1578,"test-code":814},"teozern1":{"docs":15,"functional-code":955,"test-code":288},"supermii2":{"docs":40,"functional-code":169,"test-code":222},"jacksonyuan256":{"docs":49,"functional-code":662,"test-code":773,"other":4},"Propene-Dan":{"docs":40,"functional-code":385,"test-code":440}},"authorContributionVariance":{"cbj252":298761.12,"teozern1":25686.863,"supermii2":4929.3945,"jacksonyuan256":52164.16,"Propene-Dan":12419.706},"authorDisplayNameMap":{"cbj252":"CS2103T-F12-3 CHUA..JIAN","teozern1":"CS2103T-F12-3 TEO ..ZERN","supermii2":"CS2103T-F12-3 ALVI..S NG","jacksonyuan256":"CS2103T-F12-3 YUAN..KSON","Propene-Dan":"CS2103T-F12-3 SONG..NGXI"}}
