{"authorDailyContributionsMap":{"JizhuoChen":[{"date":"2023-10-03","commitResults":[{"hash":"a6426af994d301464f2b28e9310aba10b161e8bd","isMergeCommit":false,"messageTitle":"Add remark to the address book","messageBody":"","fileTypesAndContributionMap":{"functional-code":{"insertions":204,"deletions":11},"test-code":{"insertions":83,"deletions":11}}}]},{"date":"2023-10-05","commitResults":[{"hash":"c1fda87b6f3c88f063671df7d4231f5c22f29e02","isMergeCommit":true,"messageTitle":"Merge branch \u0027master\u0027 into tutorial-adding-command","messageBody":"","fileTypesAndContributionMap":{}},{"hash":"64ddceaf2373bb95729f525910d89fcbdcf6efce","isMergeCommit":false,"messageTitle":"Fix some format issues","messageBody":"","fileTypesAndContributionMap":{"functional-code":{"insertions":2,"deletions":2},"test-code":{"insertions":1,"deletions":1}}},{"hash":"6452a23484177f430bf6e8012573df81d0e7204f","isMergeCommit":true,"messageTitle":"Merge branch \u0027tutorial-adding-command\u0027 of https://github.com/JizhuoChen/tp into tutorial-adding-command","messageBody":"","fileTypesAndContributionMap":{}},{"hash":"6c66ca7f19023a2840739fec8dfcdc463c927944","isMergeCommit":true,"messageTitle":"Merge pull request #36 from JizhuoChen/tutorial-adding-command","messageBody":"Tutorial adding command","fileTypesAndContributionMap":{}},{"hash":"6882e066c6377ac67254323480dea06119d58475","isMergeCommit":true,"messageTitle":"Merge branch \u0027tutorial-adding-command\u0027","messageBody":"","fileTypesAndContributionMap":{}},{"hash":"9f27ca2354628112d86e9b3d0608062feb2f7965","isMergeCommit":false,"messageTitle":"Add files via upload","messageBody":"","fileTypesAndContributionMap":{"docs":{"insertions":36,"deletions":0}}},{"hash":"0b71bfedc6001e65453dc5779e9e1062dc58105d","isMergeCommit":true,"messageTitle":"Merge branch \u0027master\u0027 of https://github.com/JizhuoChen/tp","messageBody":"","fileTypesAndContributionMap":{}},{"hash":"adc499b32e1bb2b23ec9d56dbc344217ab2eea20","isMergeCommit":false,"messageTitle":"Change the index.md file","messageBody":"","fileTypesAndContributionMap":{"docs":{"insertions":4,"deletions":4}}},{"hash":"99617f2aa3b1bf0efb995a5a2f7cf87cb74605f4","isMergeCommit":false,"messageTitle":"Update index.md","messageBody":"","fileTypesAndContributionMap":{"docs":{"insertions":4,"deletions":4}}}]},{"date":"2023-10-06","commitResults":[{"hash":"835018bbd2cc58672b3b8c95ba96dc8e7a428dd1","isMergeCommit":false,"messageTitle":"make a minor change","messageBody":"","fileTypesAndContributionMap":{"functional-code":{"insertions":1,"deletions":1}}},{"hash":"94e22e11bbf8dee3f5d87b995018dc70501fb49c","isMergeCommit":false,"messageTitle":"minor bug fix","messageBody":"","fileTypesAndContributionMap":{"docs":{"insertions":2,"deletions":2}}},{"hash":"6ab2ea5f49c62304d43da633fc4f5b044c1e2c2b","isMergeCommit":false,"messageTitle":"fix some checkstyle error","messageBody":"","fileTypesAndContributionMap":{"docs":{"insertions":9,"deletions":9}}},{"hash":"fa1bd4be4c0ca157a0d2cd960ed2898f5cfe67b8","isMergeCommit":false,"messageTitle":"fix some checkstyle errors","messageBody":"","fileTypesAndContributionMap":{"docs":{"insertions":34,"deletions":36}}}]},{"date":"2023-10-08","commitResults":[{"hash":"0d0ce4709a44da8e24f142e8b039dea359028808","isMergeCommit":false,"messageTitle":"Fix the bug in jsonadaptedperson","messageBody":"","fileTypesAndContributionMap":{"functional-code":{"insertions":2,"deletions":1},"test-code":{"insertions":1,"deletions":1}}},{"hash":"16cd911a32abe0564846226f160ebd7fae81987d","isMergeCommit":false,"messageTitle":"Fix checkstyle error","messageBody":"","fileTypesAndContributionMap":{"test-code":{"insertions":2,"deletions":1}}},{"hash":"3282408c92ae5c6e4f122852786ede5e6cdfa86e","isMergeCommit":true,"messageTitle":"Merge pull request #50 from JizhuoChen/minor_bug_fix","messageBody":"Bug fix in JsonAdaptedPersonTest and some checkstyle","fileTypesAndContributionMap":{}}]}],"erohsikivar":[{"date":"2023-10-05","commitResults":[{"hash":"38030665784bd94005d370021f40f9837dd1e500","isMergeCommit":false,"messageTitle":"Add files via upload","messageBody":"","fileTypesAndContributionMap":{"docs":{"insertions":36,"deletions":0}}},{"hash":"51462ffa1c4df68fc96af27a1b9b0910e9c98919","isMergeCommit":false,"messageTitle":"Update DeveloperGuide.md","messageBody":"","fileTypesAndContributionMap":{"docs":{"insertions":7,"deletions":5}}},{"hash":"1aeb247e2186025de1013a662ea3debb2c0edc59","isMergeCommit":false,"messageTitle":"Update DeveloperGuide.md","messageBody":"","fileTypesAndContributionMap":{"docs":{"insertions":2,"deletions":4}}},{"hash":"8a607ac0a52bee015b162400302fed9144724254","isMergeCommit":false,"messageTitle":"Update DeveloperGuide.md","messageBody":"","fileTypesAndContributionMap":{"docs":{"insertions":11,"deletions":10}}},{"hash":"2743a51b59f4ad5e2014ba9414314efb70cdcbdf","isMergeCommit":false,"messageTitle":"Update DeveloperGuide.md","messageBody":"","fileTypesAndContributionMap":{"docs":{"insertions":14,"deletions":2}}},{"hash":"ee0dceac9c66e9f6d0653062af5a177dd51629a7","isMergeCommit":false,"messageTitle":"Update Portfolio","messageBody":"","fileTypesAndContributionMap":{"functional-code":{"insertions":10,"deletions":3},"docs":{"insertions":1,"deletions":1},"test-code":{"insertions":2,"deletions":1}}},{"hash":"47391e9e3e9b45bd09ce2b1c02b8a951ebd7d762","isMergeCommit":true,"messageTitle":"Merge pull request #40 from adhigop13/master","messageBody":"Add non functional requirements","fileTypesAndContributionMap":{}}]}],"Tang-Moyan":[{"date":"2023-10-02","commitResults":[{"hash":"1e529ca046ed4d8bc1360fa13025281f42ba33b8","isMergeCommit":false,"messageTitle":"Small fix for the repository-wide tests","messageBody":"","fileTypesAndContributionMap":{"functional-code":{"insertions":1,"deletions":1},"docs":{"insertions":8,"deletions":8}}}]},{"date":"2023-10-03","commitResults":[{"hash":"28b2e97ae808cedb4c9fc6199a540bba5fe8545e","isMergeCommit":false,"messageTitle":"Small fix for the repository-wide tests","messageBody":"","fileTypesAndContributionMap":{"functional-code":{"insertions":6,"deletions":6}}}]},{"date":"2023-10-06","commitResults":[{"hash":"e955de4ee204971358716d2f3e76f6946691a2be","isMergeCommit":false,"messageTitle":"Added skeletal PPP","messageBody":"","fileTypesAndContributionMap":{"docs":{"insertions":38,"deletions":0}}},{"hash":"1356e3f582f4a9e64f9f79dba82b359a797ac447","isMergeCommit":true,"messageTitle":"Merge pull request #43 from Tang-Moyan/PPP","messageBody":"Added skeletal PPP","fileTypesAndContributionMap":{}}]}],"StevenLiudw":[{"date":"2023-09-23","commitResults":[{"hash":"2ac1c86ccdd92c23e7a098a9748a5e2f80a614cf","isMergeCommit":true,"messageTitle":"Merge pull request #1 from AY2324S1-CS2103T-W11-4/switch-docs-to-markbind","messageBody":"Migrate docs to MarkBind","fileTypesAndContributionMap":{}},{"hash":"7151da966e6ecfa87fc6c9bf749cf0905273262f","isMergeCommit":false,"messageTitle":"Update default.md","messageBody":"update product name in this file e.g., AB-3 -\u003e LinkTree","fileTypesAndContributionMap":{"docs":{"insertions":1,"deletions":1}}}]},{"date":"2023-09-27","commitResults":[{"hash":"2cfcbc00fdfcd29554da155deb222fdc7c695ee4","isMergeCommit":false,"messageTitle":"Add a WelcomeCommand: Would print the current time into the chat box","messageBody":"","fileTypesAndContributionMap":{"functional-code":{"insertions":28,"deletions":0}}},{"hash":"7e85f91f8ba73e406041112c81d38dbe24d9d6e4","isMergeCommit":false,"messageTitle":"Update UserGuide.md","messageBody":"add our user guide draft into the UserGuide.md","fileTypesAndContributionMap":{"docs":{"insertions":65,"deletions":149}}},{"hash":"a17af5cbb75dafeeb38b47d2f772125a15f9535a","isMergeCommit":false,"messageTitle":"Update UserGuide.md","messageBody":"","fileTypesAndContributionMap":{"docs":{"insertions":1,"deletions":0}}},{"hash":"ae42d34a5c8bd01f973467b8ca7dc68928ab49e5","isMergeCommit":false,"messageTitle":"Create stevenliudw.md","messageBody":"","fileTypesAndContributionMap":{"docs":{"insertions":36,"deletions":0}}}]},{"date":"2023-09-29","commitResults":[{"hash":"725f6b9ba7cf3f3807b75a684fc8e032774fd3bd","isMergeCommit":true,"messageTitle":"Merge pull request #29 from StevenLiudw/tutorial-adding-command","messageBody":"Add a WelcomeCommand: Would print the current time into the chat box","fileTypesAndContributionMap":{}},{"hash":"05bf127895fa7eb40420505f60585bc64390513f","isMergeCommit":true,"messageTitle":"Merge pull request #3 from StevenLiudw/StevenLiudw-tp-UserGuideDraft","messageBody":"Steven liudw tp user guide draft","fileTypesAndContributionMap":{}}]},{"date":"2023-10-03","commitResults":[{"hash":"184373e350e1d8695fbe741cc749d92dd61bf223","isMergeCommit":true,"messageTitle":"Merge pull request #30 from Tang-Moyan/master","messageBody":"Small fix for the repository-wide tests","fileTypesAndContributionMap":{}}]},{"date":"2023-10-05","commitResults":[{"hash":"70d6a1daa5e858cade089310f7c349c4965e48a1","isMergeCommit":false,"messageTitle":"Update AboutUs.md","messageBody":"","fileTypesAndContributionMap":{"docs":{"insertions":22,"deletions":22}}},{"hash":"a2a11c10c8338eb9c4b85c7070540e7ab9c8446b","isMergeCommit":false,"messageTitle":"Update AboutUs.md","messageBody":"","fileTypesAndContributionMap":{"docs":{"insertions":1,"deletions":1}}},{"hash":"ff156096b39334043d6b9f375557f4b231eb8f1f","isMergeCommit":false,"messageTitle":"Update README.md","messageBody":"","fileTypesAndContributionMap":{"docs":{"insertions":5,"deletions":8}}},{"hash":"b3b325ca10639c42661d948243c28e6b5f76f13d","isMergeCommit":false,"messageTitle":"Update UserGuide.md","messageBody":"","fileTypesAndContributionMap":{"docs":{"insertions":1,"deletions":1}}},{"hash":"b448a2e3e70de7c8835906ec9c1d3dfec34ea96a","isMergeCommit":false,"messageTitle":"Update UserGuide.md","messageBody":"","fileTypesAndContributionMap":{"docs":{"insertions":2,"deletions":2}}},{"hash":"d03ed89e557e3451f21ed5c7ae141ce89e115924","isMergeCommit":false,"messageTitle":"Update AboutUs.md","messageBody":"","fileTypesAndContributionMap":{"docs":{"insertions":1,"deletions":1}}},{"hash":"225398d1c8295c09f6c70ffd09928c29b96224be","isMergeCommit":false,"messageTitle":"Update DeveloperGuide.md","messageBody":"","fileTypesAndContributionMap":{"docs":{"insertions":37,"deletions":9}}},{"hash":"a2975f755dd749fadec151269f971b765bf86f62","isMergeCommit":false,"messageTitle":"Update DeveloperGuide.md","messageBody":"","fileTypesAndContributionMap":{"docs":{"insertions":117,"deletions":11}}}]}],"adhigop13":[{"date":"2023-10-05","commitResults":[{"hash":"f5bb010ec64945b0e2acf2f41167f24d9f89e4a7","isMergeCommit":false,"messageTitle":"Create adhigop13.md","messageBody":"","fileTypesAndContributionMap":{"docs":{"insertions":35,"deletions":0}}},{"hash":"7e003dfaeda6868ab3cffd14274bc0ff5614ec12","isMergeCommit":false,"messageTitle":"Add non functional requirements","messageBody":"","fileTypesAndContributionMap":{"docs":{"insertions":4,"deletions":2}}},{"hash":"1cde92f9c7bbe25004b8e1b85945e74882d8bde7","isMergeCommit":true,"messageTitle":"Merge pull request #41 from erohsikivar/branch-Edit-Portfolio","messageBody":"Update Portfolio","fileTypesAndContributionMap":{}}]},{"date":"2023-10-06","commitResults":[{"hash":"4c71fcf1084f06cf81fc8ccd02e9d6badec8a8ed","isMergeCommit":false,"messageTitle":"Modify non functional requirements","messageBody":"","fileTypesAndContributionMap":{"docs":{"insertions":0,"deletions":1}}},{"hash":"3ba88b2570fa37d21ac2e09b0c551671f806b343","isMergeCommit":true,"messageTitle":"Merge pull request #44 from adhigop13/add-nfr","messageBody":"Modify non functional requirements","fileTypesAndContributionMap":{}}]}]},"authorFileTypeContributionMap":{"JizhuoChen":{"docs":38,"functional-code":203,"test-code":84},"erohsikivar":{"docs":57,"functional-code":10,"test-code":2},"Tang-Moyan":{"docs":38,"functional-code":4,"test-code":0},"StevenLiudw":{"docs":272,"functional-code":24,"test-code":0},"adhigop13":{"docs":38,"functional-code":0,"test-code":0}},"authorContributionVariance":{"JizhuoChen":5576.8306,"erohsikivar":657.77155,"Tang-Moyan":96.47059,"StevenLiudw":7052.796,"adhigop13":92.83736},"authorDisplayNameMap":{"JizhuoChen":"CS2103T-W11-4 CHEN..ZHUO","erohsikivar":"CS2103T-W11-4 RAVI..HORE","Tang-Moyan":"CS2103T-W11-4 TANG..OYAN","StevenLiudw":"CS2103T-W11-4 LIU ..IWEN","adhigop13":"CS2103T-W11-4 ADHI..HNAN"}}
