{"authorDailyContributionsMap":{"JizhuoChen":[{"date":"2023-10-03","commitResults":[{"hash":"a6426af994d301464f2b28e9310aba10b161e8bd","isMergeCommit":false,"messageTitle":"Add remark to the address book","messageBody":"","fileTypesAndContributionMap":{"functional-code":{"insertions":204,"deletions":11},"test-code":{"insertions":83,"deletions":11}}}]},{"date":"2023-10-05","commitResults":[{"hash":"c1fda87b6f3c88f063671df7d4231f5c22f29e02","isMergeCommit":true,"messageTitle":"Merge branch \u0027master\u0027 into tutorial-adding-command","messageBody":"","fileTypesAndContributionMap":{}},{"hash":"64ddceaf2373bb95729f525910d89fcbdcf6efce","isMergeCommit":false,"messageTitle":"Fix some format issues","messageBody":"","fileTypesAndContributionMap":{"functional-code":{"insertions":2,"deletions":2},"test-code":{"insertions":1,"deletions":1}}},{"hash":"6452a23484177f430bf6e8012573df81d0e7204f","isMergeCommit":true,"messageTitle":"Merge branch \u0027tutorial-adding-command\u0027 of https://github.com/JizhuoChen/tp into tutorial-adding-command","messageBody":"","fileTypesAndContributionMap":{}},{"hash":"6c66ca7f19023a2840739fec8dfcdc463c927944","isMergeCommit":true,"messageTitle":"Merge pull request #36 from JizhuoChen/tutorial-adding-command","messageBody":"Tutorial adding command","fileTypesAndContributionMap":{}},{"hash":"6882e066c6377ac67254323480dea06119d58475","isMergeCommit":true,"messageTitle":"Merge branch \u0027tutorial-adding-command\u0027","messageBody":"","fileTypesAndContributionMap":{}},{"hash":"9f27ca2354628112d86e9b3d0608062feb2f7965","isMergeCommit":false,"messageTitle":"Add files via upload","messageBody":"","fileTypesAndContributionMap":{"docs":{"insertions":36,"deletions":0}}},{"hash":"0b71bfedc6001e65453dc5779e9e1062dc58105d","isMergeCommit":true,"messageTitle":"Merge branch \u0027master\u0027 of https://github.com/JizhuoChen/tp","messageBody":"","fileTypesAndContributionMap":{}},{"hash":"adc499b32e1bb2b23ec9d56dbc344217ab2eea20","isMergeCommit":false,"messageTitle":"Change the index.md file","messageBody":"","fileTypesAndContributionMap":{"docs":{"insertions":4,"deletions":4}}},{"hash":"99617f2aa3b1bf0efb995a5a2f7cf87cb74605f4","isMergeCommit":false,"messageTitle":"Update index.md","messageBody":"","fileTypesAndContributionMap":{"docs":{"insertions":4,"deletions":4}}}]},{"date":"2023-10-06","commitResults":[{"hash":"835018bbd2cc58672b3b8c95ba96dc8e7a428dd1","isMergeCommit":false,"messageTitle":"make a minor change","messageBody":"","fileTypesAndContributionMap":{"functional-code":{"insertions":1,"deletions":1}}},{"hash":"94e22e11bbf8dee3f5d87b995018dc70501fb49c","isMergeCommit":false,"messageTitle":"minor bug fix","messageBody":"","fileTypesAndContributionMap":{"docs":{"insertions":2,"deletions":2}}},{"hash":"6ab2ea5f49c62304d43da633fc4f5b044c1e2c2b","isMergeCommit":false,"messageTitle":"fix some checkstyle error","messageBody":"","fileTypesAndContributionMap":{"docs":{"insertions":9,"deletions":9}}},{"hash":"fa1bd4be4c0ca157a0d2cd960ed2898f5cfe67b8","isMergeCommit":false,"messageTitle":"fix some checkstyle errors","messageBody":"","fileTypesAndContributionMap":{"docs":{"insertions":34,"deletions":36}}}]},{"date":"2023-10-08","commitResults":[{"hash":"0d0ce4709a44da8e24f142e8b039dea359028808","isMergeCommit":false,"messageTitle":"Fix the bug in jsonadaptedperson","messageBody":"","fileTypesAndContributionMap":{"functional-code":{"insertions":2,"deletions":1},"test-code":{"insertions":1,"deletions":1}}},{"hash":"16cd911a32abe0564846226f160ebd7fae81987d","isMergeCommit":false,"messageTitle":"Fix checkstyle error","messageBody":"","fileTypesAndContributionMap":{"test-code":{"insertions":2,"deletions":1}}},{"hash":"3282408c92ae5c6e4f122852786ede5e6cdfa86e","isMergeCommit":true,"messageTitle":"Merge pull request #50 from JizhuoChen/minor_bug_fix","messageBody":"Bug fix in JsonAdaptedPersonTest and some checkstyle","fileTypesAndContributionMap":{}}]},{"date":"2023-10-15","commitResults":[{"hash":"8a22fc1f395a31fd054bf78be676bc472e02353f","isMergeCommit":false,"messageTitle":"Complete the \u0027remark\u0027 command such that it supports adding using \u0027add\u0027, and it is optional; also supports editing using edit. Will update the corresponding test soon.","messageBody":"","fileTypesAndContributionMap":{"functional-code":{"insertions":79,"deletions":25},"test-code":{"insertions":3,"deletions":0}}},{"hash":"de3ad8f743c308895d942778c5d9a90d9ee6b4b9","isMergeCommit":false,"messageTitle":"fix checkstyle errors","messageBody":"","fileTypesAndContributionMap":{"functional-code":{"insertions":32,"deletions":18}}},{"hash":"7889862488c92fff8d50bff570c5325b0293839e","isMergeCommit":true,"messageTitle":"Merge pull request #66 from JizhuoChen/better_remark","messageBody":"Complete the \u0027remark\u0027 command","fileTypesAndContributionMap":{}}]},{"date":"2023-10-18","commitResults":[{"hash":"c97905a2eb738da3e99338c810237b6c3aaafdc0","isMergeCommit":false,"messageTitle":"Make the code compilable","messageBody":"","fileTypesAndContributionMap":{"functional-code":{"insertions":6,"deletions":172}}},{"hash":"e9887cf66f0e80ae78f2757fa443272bdedeec16","isMergeCommit":true,"messageTitle":"Merge pull request #74 from JizhuoChen/bug_fix","messageBody":"Make the code compilable","fileTypesAndContributionMap":{}}]},{"date":"2023-10-20","commitResults":[{"hash":"5f6fea6c618cfb59abffcdee77c9b2375d73f07c","isMergeCommit":false,"messageTitle":"Add \"listt\" command which allows listing all existing teams","messageBody":"","fileTypesAndContributionMap":{"functional-code":{"insertions":347,"deletions":18}}},{"hash":"a1054a899e986d4720ddf18bb89a978ee56a6984","isMergeCommit":true,"messageTitle":"Merge pull request #81 from JizhuoChen/branch_listTeam","messageBody":"Add \"listt\" command which allows listing all existing teams","fileTypesAndContributionMap":{}},{"hash":"20c89d5ea35f46b0f9af3dc83a2124d07ab8b039","isMergeCommit":false,"messageTitle":"Bug fix and minor change in Ui","messageBody":"","fileTypesAndContributionMap":{"functional-code":{"insertions":19,"deletions":5}}},{"hash":"9afd6f51f8b2ec5a447b0825bc0278736b90a9b6","isMergeCommit":true,"messageTitle":"Merge pull request #82 from JizhuoChen/branch_list2","messageBody":"Bug fix and minor change in Ui","fileTypesAndContributionMap":{}},{"hash":"4f2bcecd13bcd49757aa3928b1c410f297392cb7","isMergeCommit":false,"messageTitle":"Fix full screen bottom cut-off problem","messageBody":"","fileTypesAndContributionMap":{"functional-code":{"insertions":1,"deletions":1}}},{"hash":"f0201be0d54941b1def26b26e28a6ddd42ca3dbd","isMergeCommit":true,"messageTitle":"Merge pull request #83 from JizhuoChen/branch_list2","messageBody":"Fix full screen bottom cut-off problem","tags":["v1.2"],"fileTypesAndContributionMap":{}}]},{"date":"2023-10-24","commitResults":[{"hash":"af6da417e37cc98cd91096580a1520e369590f3f","isMergeCommit":false,"messageTitle":"Display developer list and team list side by side by default","messageBody":"","fileTypesAndContributionMap":{"functional-code":{"insertions":132,"deletions":26}}},{"hash":"81fb95aa87e3490aef8c85a8b1144ed0626b36a6","isMergeCommit":false,"messageTitle":"Add on to the ResultDisplay of the help command, and allow dynamic ResultDisplay sizing","messageBody":"","fileTypesAndContributionMap":{"functional-code":{"insertions":38,"deletions":2}}},{"hash":"22348af4e39c4fb2762bc4e5aac1304aaa116824","isMergeCommit":true,"messageTitle":"Merge pull request #93 from JizhuoChen/branch_display2lists_sidebyside","messageBody":"Display developer list and team list side by side by default","fileTypesAndContributionMap":{}},{"hash":"8c1a70b81e022e64e301bb64dee2be008278da2a","isMergeCommit":true,"messageTitle":"Merge pull request #94 from JizhuoChen/branch_help_command","messageBody":"help command","fileTypesAndContributionMap":{}}]},{"date":"2023-10-25","commitResults":[{"hash":"7616ea19f9c7a2aa28feb110e97ffa9e1116d4e0","isMergeCommit":false,"messageTitle":"Add a tree command and area for displaying tree","messageBody":"","fileTypesAndContributionMap":{"functional-code":{"insertions":101,"deletions":13}}},{"hash":"b5a2575faf441c681f752897d7b114f04ede9b8a","isMergeCommit":true,"messageTitle":"Merge pull request #107 from JizhuoChen/branch_tree_placeholder","messageBody":"Add a tree command and area for displaying tree","fileTypesAndContributionMap":{}}]},{"date":"2023-10-26","commitResults":[{"hash":"9c675e09ff75c599f3242e18509a3c10c2e0642a","isMergeCommit":false,"messageTitle":"Add statistics display; allow team list to display person\u0027s name","messageBody":"","fileTypesAndContributionMap":{"functional-code":{"insertions":116,"deletions":16},"test-code":{"insertions":18,"deletions":12}}},{"hash":"6bcea850f7417fb2cd574383e4691aab358b0740","isMergeCommit":true,"messageTitle":"Merge pull request #108 from JizhuoChen/branch_Ui_statistics","messageBody":"Add statistics display; allow team list to display person\u0027s name","fileTypesAndContributionMap":{}},{"hash":"0dc77c3540de6fcc22ea29e29929b3252b793793","isMergeCommit":false,"messageTitle":"Complete the DG for the UI part","messageBody":"","fileTypesAndContributionMap":{"docs":{"insertions":12,"deletions":6}}},{"hash":"4ce124b2b40bc475add1aba5fde9f9df0b4295c2","isMergeCommit":true,"messageTitle":"Merge pull request #112 from JizhuoChen/branch_DG","messageBody":"Complete the DG for the UI part","fileTypesAndContributionMap":{}},{"hash":"350355ea3c189a04dc453bc489501fbcf00c9ae2","isMergeCommit":false,"messageTitle":"fix the parseCommand_add() test in AddressBookParserTest","messageBody":"","fileTypesAndContributionMap":{"other":{"insertions":1,"deletions":1},"test-code":{"insertions":2,"deletions":1}}},{"hash":"825e3b4fa8b3c371fa11c9f3652682ab3a765687","isMergeCommit":true,"messageTitle":"Merge pull request #113 from JizhuoChen/branch_gradleTestFix","messageBody":"Fix the parseCommand_add() test in AddressBookParserTest","tags":["v1.3.trial"],"fileTypesAndContributionMap":{}},{"hash":"60ed1d812269ae0dd45a78739303969a47e97600","isMergeCommit":false,"messageTitle":"Fix a bug in the tree command","messageBody":"","fileTypesAndContributionMap":{"functional-code":{"insertions":4,"deletions":1}}},{"hash":"f0ef662472dead29790f6fd7e4fb5725250e6199","isMergeCommit":true,"messageTitle":"Merge pull request #114 from JizhuoChen/branch_bugfix","messageBody":"Fix a bug in the tree command","fileTypesAndContributionMap":{}}]}],"erohsikivar":[{"date":"2023-10-05","commitResults":[{"hash":"38030665784bd94005d370021f40f9837dd1e500","isMergeCommit":false,"messageTitle":"Add files via upload","messageBody":"","fileTypesAndContributionMap":{"docs":{"insertions":36,"deletions":0}}},{"hash":"51462ffa1c4df68fc96af27a1b9b0910e9c98919","isMergeCommit":false,"messageTitle":"Update DeveloperGuide.md","messageBody":"","fileTypesAndContributionMap":{"docs":{"insertions":7,"deletions":5}}},{"hash":"1aeb247e2186025de1013a662ea3debb2c0edc59","isMergeCommit":false,"messageTitle":"Update DeveloperGuide.md","messageBody":"","fileTypesAndContributionMap":{"docs":{"insertions":2,"deletions":4}}},{"hash":"8a607ac0a52bee015b162400302fed9144724254","isMergeCommit":false,"messageTitle":"Update DeveloperGuide.md","messageBody":"","fileTypesAndContributionMap":{"docs":{"insertions":11,"deletions":10}}},{"hash":"2743a51b59f4ad5e2014ba9414314efb70cdcbdf","isMergeCommit":false,"messageTitle":"Update DeveloperGuide.md","messageBody":"","fileTypesAndContributionMap":{"docs":{"insertions":14,"deletions":2}}},{"hash":"ee0dceac9c66e9f6d0653062af5a177dd51629a7","isMergeCommit":false,"messageTitle":"Update Portfolio","messageBody":"","fileTypesAndContributionMap":{"functional-code":{"insertions":10,"deletions":3},"docs":{"insertions":1,"deletions":1},"test-code":{"insertions":2,"deletions":1}}},{"hash":"47391e9e3e9b45bd09ce2b1c02b8a951ebd7d762","isMergeCommit":true,"messageTitle":"Merge pull request #40 from adhigop13/master","messageBody":"Add non functional requirements","fileTypesAndContributionMap":{}},{"hash":"020439aa172f9aef7fe8fbbfd7cd3c057c70c397","isMergeCommit":false,"messageTitle":"Fix test issues","messageBody":"","fileTypesAndContributionMap":{"docs":{"insertions":36,"deletions":36}}},{"hash":"192aaec9997083a51c8bc7ca9f4ea0b436af5c40","isMergeCommit":false,"messageTitle":"Fix PersonTest.java","messageBody":"","fileTypesAndContributionMap":{"test-code":{"insertions":2,"deletions":2}}}]},{"date":"2023-10-13","commitResults":[{"hash":"0397d4ff1fbee9d2d178948ee507ff7877780f39","isMergeCommit":true,"messageTitle":"Merge branch \u0027master\u0027 into master","messageBody":"","fileTypesAndContributionMap":{}},{"hash":"e1f77978430c7446bfde83c2327cc883477052e8","isMergeCommit":true,"messageTitle":"Merge pull request #1 from AY2324S1-CS2103T-W11-4/master","messageBody":"Merge the changes","fileTypesAndContributionMap":{}},{"hash":"57d567dba348c4c0ea43e80050df1e730cb1051b","isMergeCommit":true,"messageTitle":"Merge branch \u0027master\u0027 of https://github.com/erohsikivar/tp","messageBody":"","fileTypesAndContributionMap":{}}]},{"date":"2023-10-17","commitResults":[{"hash":"9c4377c4b62d6ecaf58f677ab59d9d6dec821f40","isMergeCommit":true,"messageTitle":"Merge branch \u0027AY2324S1-CS2103T-W11-4:master\u0027 into master","messageBody":"","fileTypesAndContributionMap":{}},{"hash":"e1337d10834346f59c1d6315ac54c48cc8a6bcae","isMergeCommit":true,"messageTitle":"Merge branch \u0027AY2324S1-CS2103T-W11-4:master\u0027 into master","messageBody":"","fileTypesAndContributionMap":{}},{"hash":"2df95cff41773ad514d2ca79a8763faee1ae4979","isMergeCommit":false,"messageTitle":"Fix PersonTest.java","messageBody":"","fileTypesAndContributionMap":{"test-code":{"insertions":0,"deletions":1}}}]},{"date":"2023-10-18","commitResults":[{"hash":"94cc6d1728f2af1697af797eb9235ac76255e0ea","isMergeCommit":false,"messageTitle":"Add new classes DeleteTeam, DeleteTeamParser","messageBody":"","fileTypesAndContributionMap":{"functional-code":{"insertions":157,"deletions":173},"test-code":{"insertions":1,"deletions":1}}},{"hash":"80fa42ef8ad335f75609e40de3a2f2e59bee2ea2","isMergeCommit":false,"messageTitle":"Fix TeamNotFoundException","messageBody":"","fileTypesAndContributionMap":{"functional-code":{"insertions":79,"deletions":33},"other":{"insertions":291,"deletions":290},"test-code":{"insertions":1,"deletions":2}}}]},{"date":"2023-10-19","commitResults":[{"hash":"857f36ae4c4040a96483f39815ac62caf159e548","isMergeCommit":false,"messageTitle":"Add new Classes DeleteDeveloperFromTeamCommand and DeleteDeveloperFromTeamParser","messageBody":"","fileTypesAndContributionMap":{"functional-code":{"insertions":185,"deletions":17}}},{"hash":"dfe794b92aa9d8a38302866a7f2054a3b5039c3c","isMergeCommit":true,"messageTitle":"Merge branch \u0027AY2324S1-CS2103T-W11-4:master\u0027 into master","messageBody":"","fileTypesAndContributionMap":{}},{"hash":"fdbe0130da393a4955ee81fc681f3ff4c8e3e2c9","isMergeCommit":true,"messageTitle":"Merge branch \u0027master\u0027 of https://github.com/erohsikivar/tp","messageBody":"","fileTypesAndContributionMap":{}},{"hash":"2eabb17a2fce42442d6e667f7d97a9b9fd9a080b","isMergeCommit":true,"messageTitle":"Merge branch \u0027master\u0027 into delete-feature","messageBody":"# Conflicts:\n#\tsrc/main/java/seedu/address/logic/Messages.java\n#\tsrc/main/java/seedu/address/logic/parser/CliSyntax.java\n#\tsrc/main/java/seedu/address/logic/parser/ParserUtil.java\n#\tsrc/main/java/seedu/address/model/AddressBook.java\n#\tsrc/main/java/seedu/address/model/Model.java\n#\tsrc/main/java/seedu/address/model/ModelManager.java\n#\tsrc/main/java/seedu/address/model/TeamBook.java\n#\tsrc/main/java/seedu/address/model/person/UniqueTeamList.java\n#\tsrc/main/java/seedu/address/model/team/Team.java\n#\tsrc/main/java/seedu/address/model/team/UniqueTeamList.java\n","fileTypesAndContributionMap":{}},{"hash":"ace2897ca97f14393e98bcdb0ee3b90b2634250a","isMergeCommit":true,"messageTitle":"Merge pull request #78 from erohsikivar/delete-feature","messageBody":"Delete feature","fileTypesAndContributionMap":{}},{"hash":"b2f19f38eb186ec27a42b55a3999de0ce9dd8cf8","isMergeCommit":true,"messageTitle":"Merge branch \u0027master\u0027 of https://github.com/erohsikivar/tp","messageBody":"","fileTypesAndContributionMap":{}}]},{"date":"2023-10-20","commitResults":[{"hash":"1d7683699535bc658b00a15fc176ab375f4839a5","isMergeCommit":true,"messageTitle":"Merge branch \u0027master\u0027 of https://github.com/erohsikivar/tp","messageBody":"","fileTypesAndContributionMap":{}}]},{"date":"2023-10-24","commitResults":[{"hash":"c52c2d2a803d3589eb506ef08ad4088ad142c57b","isMergeCommit":true,"messageTitle":"Merge branch \u0027master\u0027 of https://github.com/erohsikivar/tp","messageBody":"","fileTypesAndContributionMap":{}},{"hash":"7e1780222620e846c51134bb84ec8757c14def7f","isMergeCommit":true,"messageTitle":"Merge pull request #98 from adhigop13/branch-fix-testcases","messageBody":"Branch fix testcases","fileTypesAndContributionMap":{}},{"hash":"654cfb7e030fcc229fc1b228ecd42996c82f29e1","isMergeCommit":true,"messageTitle":"Merge pull request #3 from AY2324S1-CS2103T-W11-4/branch-fix-testcase","messageBody":"Branch fix testcase","fileTypesAndContributionMap":{}},{"hash":"905b606525eb50d1b574746e63f9d9819eb3301c","isMergeCommit":true,"messageTitle":"Merge branch \u0027branch-Testing\u0027 of https://github.com/erohsikivar/tp into branch-Testing","messageBody":"","fileTypesAndContributionMap":{}},{"hash":"53d1e1bb0129899f5490220def02c9bae6a86bbb","isMergeCommit":false,"messageTitle":"Fix exiting test cases","messageBody":"","fileTypesAndContributionMap":{"functional-code":{"insertions":15,"deletions":41},"test-code":{"insertions":152,"deletions":46}}},{"hash":"28f121e65072bf989f2aa871e980ec87b8ceac64","isMergeCommit":true,"messageTitle":"Merge pull request #100 from erohsikivar/branch-Testing","messageBody":"Fix existing test cases","fileTypesAndContributionMap":{}}]},{"date":"2023-10-25","commitResults":[{"hash":"af237830f97b8ef154f20a4aede699200bed2385","isMergeCommit":false,"messageTitle":"Fix test case errors","messageBody":"","fileTypesAndContributionMap":{"functional-code":{"insertions":1,"deletions":5},"test-code":{"insertions":17,"deletions":18}}},{"hash":"5502311754221fca5d12d0a7b30004aa9ac15810","isMergeCommit":true,"messageTitle":"Merge branch \u0027master\u0027 into branch-Testing","messageBody":"","fileTypesAndContributionMap":{}},{"hash":"80f232a9e7c7f942eaaf143ea22d5b883793835a","isMergeCommit":true,"messageTitle":"Merge branch \u0027branch-Testing\u0027 of https://github.com/erohsikivar/tp into branch-Testing","messageBody":"","fileTypesAndContributionMap":{}},{"hash":"f548ffd905d9f29b3138acfe84fa2630e2fb96b1","isMergeCommit":false,"messageTitle":"Fix ListCommandTest Update Developer Guide for Model component","messageBody":"","fileTypesAndContributionMap":{"functional-code":{"insertions":1,"deletions":1},"docs":{"insertions":16,"deletions":9},"test-code":{"insertions":33,"deletions":14}}},{"hash":"c1a0dce5a5a0be6025f38a07ed921dc310dc9287","isMergeCommit":true,"messageTitle":"Merge branch \u0027master\u0027 into branch-Testing","messageBody":"","fileTypesAndContributionMap":{}},{"hash":"325438aec7effcdf6ea5ec58d80eca9083f53224","isMergeCommit":true,"messageTitle":"Merge pull request #105 from erohsikivar/branch-Testing","messageBody":"Fix ListCommandTest","fileTypesAndContributionMap":{}},{"hash":"98822aad969a304f8c0e92002d16ebfd7b6b54a7","isMergeCommit":true,"messageTitle":"Merge branch \u0027master\u0027 of https://github.com/erohsikivar/tp","messageBody":"","fileTypesAndContributionMap":{}},{"hash":"167dfb4031cb71cb5ebaacc9ff391f7373bc27bd","isMergeCommit":false,"messageTitle":"Fix JsonAdaptedPersonTest, LogicManagerTest and ClearCommandTest","messageBody":"","fileTypesAndContributionMap":{"test-code":{"insertions":23,"deletions":21}}},{"hash":"7f6b2c09642e53dc7d84a70f8ba2637e370923ea","isMergeCommit":true,"messageTitle":"Merge pull request #106 from erohsikivar/master","messageBody":"Fix JsonAdaptedTest and ClearCommandTest","fileTypesAndContributionMap":{}}]},{"date":"2023-10-26","commitResults":[{"hash":"61a48d3eb447db6489c526b4d851d0744f707251","isMergeCommit":true,"messageTitle":"Merge branch \u0027master\u0027 of https://github.com/erohsikivar/tp","messageBody":"","fileTypesAndContributionMap":{}}]},{"date":"2023-10-27","commitResults":[{"hash":"4c8e4ea30c5907f08effa7dff794b29e2f7f7ca1","isMergeCommit":true,"messageTitle":"Merge branch \u0027master\u0027 of https://github.com/erohsikivar/tp","messageBody":"","fileTypesAndContributionMap":{}},{"hash":"04553e6dde6eaeb649ad455d32d11e32b5fd4cfc","isMergeCommit":false,"messageTitle":"Fix bug in DeleteCommand class and add implementation of feature in Developer Guide","messageBody":"","fileTypesAndContributionMap":{"functional-code":{"insertions":75,"deletions":9},"other":{"insertions":1,"deletions":1},"docs":{"insertions":70,"deletions":3},"test-code":{"insertions":116,"deletions":92}}},{"hash":"c73f80736575ee7e776ee5161f722827c92e2f7f","isMergeCommit":true,"messageTitle":"Merge pull request #116 from erohsikivar/branch-fixDeleteFeatureBug","messageBody":"Fix delete feature bug","fileTypesAndContributionMap":{}},{"hash":"300ec3d69971fa22b083c6c222a6df5c00e1d88c","isMergeCommit":false,"messageTitle":"Update build.gradle","messageBody":"Enabled assertions","fileTypesAndContributionMap":{"other":{"insertions":4,"deletions":0}}}]}],"Tang-Moyan":[{"date":"2023-10-02","commitResults":[{"hash":"1e529ca046ed4d8bc1360fa13025281f42ba33b8","isMergeCommit":false,"messageTitle":"Small fix for the repository-wide tests","messageBody":"","fileTypesAndContributionMap":{"functional-code":{"insertions":1,"deletions":1},"docs":{"insertions":8,"deletions":8}}}]},{"date":"2023-10-03","commitResults":[{"hash":"28b2e97ae808cedb4c9fc6199a540bba5fe8545e","isMergeCommit":false,"messageTitle":"Small fix for the repository-wide tests","messageBody":"","fileTypesAndContributionMap":{"functional-code":{"insertions":6,"deletions":6}}}]},{"date":"2023-10-06","commitResults":[{"hash":"e955de4ee204971358716d2f3e76f6946691a2be","isMergeCommit":false,"messageTitle":"Added skeletal PPP","messageBody":"","fileTypesAndContributionMap":{"docs":{"insertions":38,"deletions":0}}},{"hash":"1356e3f582f4a9e64f9f79dba82b359a797ac447","isMergeCommit":true,"messageTitle":"Merge pull request #43 from Tang-Moyan/PPP","messageBody":"Added skeletal PPP","fileTypesAndContributionMap":{}}]},{"date":"2023-10-14","commitResults":[{"hash":"0d2564c1d39a7d2ec6ca477a310d2fb1536b8cbf","isMergeCommit":false,"messageTitle":"Defined basic data structure.","messageBody":"","fileTypesAndContributionMap":{"functional-code":{"insertions":147,"deletions":23}}}]},{"date":"2023-10-15","commitResults":[{"hash":"f0457e3704e04eefed0f5bbfbda3f5afb466bdf4","isMergeCommit":false,"messageTitle":"Added UniqueTeamList class and update AddressBook and ModelManager accordingly.","messageBody":"","fileTypesAndContributionMap":{"functional-code":{"insertions":401,"deletions":35},"other":{"insertions":2,"deletions":0},"test-code":{"insertions":1,"deletions":1}}}]},{"date":"2023-10-16","commitResults":[{"hash":"e36e5ec1a6c2cfee650e7e4786a1b77f932d93cb","isMergeCommit":true,"messageTitle":"Merge pull request #67 from Tang-Moyan/TeamList_class","messageBody":"Added UniqueTeamList class.","fileTypesAndContributionMap":{}}]},{"date":"2023-10-19","commitResults":[{"hash":"a660486aab5751e747b7b474af17ffc5154c7868","isMergeCommit":false,"messageTitle":"Added EditTeamNameCommand and EditTeamLeaderCommand.","messageBody":"","fileTypesAndContributionMap":{"functional-code":{"insertions":417,"deletions":2}}},{"hash":"ad586fe016ec9f366292ded2a9198ec86a0d96c6","isMergeCommit":true,"messageTitle":"Merge pull request #80 from Tang-Moyan/Creat_edit_commands","messageBody":"Added EditTeamNameCommand and EditTeamLeaderCommand.","fileTypesAndContributionMap":{}}]},{"date":"2023-10-26","commitResults":[{"hash":"8d9f3fabc80ebd9c7d358adcd4b2d7178091b2e9","isMergeCommit":false,"messageTitle":"User Guide: update Edit commands","messageBody":"The Edit command in UG is not changed after some new Edit commands\nare introduced.\n\nUsers will not know the new Edit commands from current UG.\n\nUpdating Edit command in UG allows users to learn how to use new\nEdit commands.\n\nLet\u0027s update the Edit Commands in UG to support smooth usage of our\napplication for our users.\n","fileTypesAndContributionMap":{"docs":{"insertions":21,"deletions":2}}},{"hash":"be25d2056a77cc393ee3680a7e4b27dd0f55721e","isMergeCommit":true,"messageTitle":"Merge pull request #110 from Tang-Moyan/UG_Update","messageBody":"User Guide: update Edit commands","fileTypesAndContributionMap":{}}]},{"date":"2023-10-27","commitResults":[{"hash":"338d46f252501a05b7a45c71a28eaa8e18b541e9","isMergeCommit":false,"messageTitle":"DG Logic Component: update","messageBody":"DG Logic component is not modified yet to represent our new\nimplementation.\n\nA up-to-date DG helps developers develop future features correctly\nbased on current implementation.\n\nAdding diagrams helps explaining the implementation.\n\nLet\u0027s update DG Logic component as well as adding class diagrams for\nbetter and accurate explanation of the Logic component.\n\nDiagrams aid presentation of the implementation of the Logic component\nbetter than only words.\n","fileTypesAndContributionMap":{"docs":{"insertions":31,"deletions":10}}},{"hash":"148bef5fa7e1d7e36a9d755128ef15ab799ea8b8","isMergeCommit":true,"messageTitle":"Merge pull request #117 from Tang-Moyan/DG_LogicDescription_update","messageBody":"DG Logic Component: update","fileTypesAndContributionMap":{}},{"hash":"a6112318b17a9090742c753c60f081b196127452","isMergeCommit":false,"messageTitle":"Tree Command: Display LinkTree in A New Window","messageBody":"Our hierarchy of contact information are not visualizable.\n\nVisualization of hierachy of contact information aids the user to make\ndecisions.\n\nVisualizing the tree structure provides a general hierarchical view of\nall the contact information, which helps users to decide who to\ncontact.\n\nLet\u0027s have a \"tree\" command that allows users to see the tree\nstructure in a new window.\n\nDisplaying in a new window allows bigger display of the tree structure\nso that users can navigate easily.\n","fileTypesAndContributionMap":{"functional-code":{"insertions":207,"deletions":0}}},{"hash":"a7d4dda534e7dc637f7cdecb4fe6ee80d86e0154","isMergeCommit":true,"messageTitle":"Merge pull request #120 from Tang-Moyan/Show_LinkTree_In_UI","messageBody":"Tree Command: Display LinkTree in A New Window","fileTypesAndContributionMap":{}}]}],"StevenLiudw":[{"date":"2023-09-23","commitResults":[{"hash":"2ac1c86ccdd92c23e7a098a9748a5e2f80a614cf","isMergeCommit":true,"messageTitle":"Merge pull request #1 from AY2324S1-CS2103T-W11-4/switch-docs-to-markbind","messageBody":"Migrate docs to MarkBind","fileTypesAndContributionMap":{}},{"hash":"7151da966e6ecfa87fc6c9bf749cf0905273262f","isMergeCommit":false,"messageTitle":"Update default.md","messageBody":"update product name in this file e.g., AB-3 -\u003e LinkTree","fileTypesAndContributionMap":{"docs":{"insertions":1,"deletions":1}}}]},{"date":"2023-09-27","commitResults":[{"hash":"2cfcbc00fdfcd29554da155deb222fdc7c695ee4","isMergeCommit":false,"messageTitle":"Add a WelcomeCommand: Would print the current time into the chat box","messageBody":"","fileTypesAndContributionMap":{"functional-code":{"insertions":28,"deletions":0}}},{"hash":"7e85f91f8ba73e406041112c81d38dbe24d9d6e4","isMergeCommit":false,"messageTitle":"Update UserGuide.md","messageBody":"add our user guide draft into the UserGuide.md","fileTypesAndContributionMap":{"docs":{"insertions":65,"deletions":149}}},{"hash":"a17af5cbb75dafeeb38b47d2f772125a15f9535a","isMergeCommit":false,"messageTitle":"Update UserGuide.md","messageBody":"","fileTypesAndContributionMap":{"docs":{"insertions":1,"deletions":0}}},{"hash":"ae42d34a5c8bd01f973467b8ca7dc68928ab49e5","isMergeCommit":false,"messageTitle":"Create stevenliudw.md","messageBody":"","fileTypesAndContributionMap":{"docs":{"insertions":36,"deletions":0}}}]},{"date":"2023-09-29","commitResults":[{"hash":"725f6b9ba7cf3f3807b75a684fc8e032774fd3bd","isMergeCommit":true,"messageTitle":"Merge pull request #29 from StevenLiudw/tutorial-adding-command","messageBody":"Add a WelcomeCommand: Would print the current time into the chat box","fileTypesAndContributionMap":{}},{"hash":"05bf127895fa7eb40420505f60585bc64390513f","isMergeCommit":true,"messageTitle":"Merge pull request #3 from StevenLiudw/StevenLiudw-tp-UserGuideDraft","messageBody":"Steven liudw tp user guide draft","fileTypesAndContributionMap":{}}]},{"date":"2023-10-03","commitResults":[{"hash":"184373e350e1d8695fbe741cc749d92dd61bf223","isMergeCommit":true,"messageTitle":"Merge pull request #30 from Tang-Moyan/master","messageBody":"Small fix for the repository-wide tests","fileTypesAndContributionMap":{}}]},{"date":"2023-10-05","commitResults":[{"hash":"70d6a1daa5e858cade089310f7c349c4965e48a1","isMergeCommit":false,"messageTitle":"Update AboutUs.md","messageBody":"","fileTypesAndContributionMap":{"docs":{"insertions":22,"deletions":22}}},{"hash":"a2a11c10c8338eb9c4b85c7070540e7ab9c8446b","isMergeCommit":false,"messageTitle":"Update AboutUs.md","messageBody":"","fileTypesAndContributionMap":{"docs":{"insertions":1,"deletions":1}}},{"hash":"ff156096b39334043d6b9f375557f4b231eb8f1f","isMergeCommit":false,"messageTitle":"Update README.md","messageBody":"","fileTypesAndContributionMap":{"docs":{"insertions":5,"deletions":8}}},{"hash":"b3b325ca10639c42661d948243c28e6b5f76f13d","isMergeCommit":false,"messageTitle":"Update UserGuide.md","messageBody":"","fileTypesAndContributionMap":{"docs":{"insertions":1,"deletions":1}}},{"hash":"b448a2e3e70de7c8835906ec9c1d3dfec34ea96a","isMergeCommit":false,"messageTitle":"Update UserGuide.md","messageBody":"","fileTypesAndContributionMap":{"docs":{"insertions":2,"deletions":2}}},{"hash":"d03ed89e557e3451f21ed5c7ae141ce89e115924","isMergeCommit":false,"messageTitle":"Update AboutUs.md","messageBody":"","fileTypesAndContributionMap":{"docs":{"insertions":1,"deletions":1}}},{"hash":"225398d1c8295c09f6c70ffd09928c29b96224be","isMergeCommit":false,"messageTitle":"Update DeveloperGuide.md","messageBody":"","fileTypesAndContributionMap":{"docs":{"insertions":37,"deletions":9}}},{"hash":"a2975f755dd749fadec151269f971b765bf86f62","isMergeCommit":false,"messageTitle":"Update DeveloperGuide.md","messageBody":"","fileTypesAndContributionMap":{"docs":{"insertions":117,"deletions":11}}}]},{"date":"2023-10-10","commitResults":[{"hash":"fcd02f5c1d7889c8c16ca73ba8fd36bf6ed551b8","isMergeCommit":false,"messageTitle":"Add ProjectManager class Add Team class Add Teamleader class Add Developer(Team members) class.","messageBody":"","fileTypesAndContributionMap":{"functional-code":{"insertions":8,"deletions":0}}},{"hash":"a45f84136bad4e299a8050e297b0e118e30b05fc","isMergeCommit":false,"messageTitle":"Add javadoc for new classes","messageBody":"","fileTypesAndContributionMap":{"functional-code":{"insertions":148,"deletions":4}}},{"hash":"607a946a0a41dc01003f8fb66d7ef8aac50e6fb8","isMergeCommit":false,"messageTitle":"fix check error","messageBody":"","fileTypesAndContributionMap":{"functional-code":{"insertions":1,"deletions":0}}},{"hash":"d5e9284380ec0870e8617f1fd30c37c881ca1151","isMergeCommit":false,"messageTitle":"Add Test class for the new classes","messageBody":"","fileTypesAndContributionMap":{"test-code":{"insertions":83,"deletions":0}}},{"hash":"710bf092868dbe6484f9d08b017024a9ad3e7641","isMergeCommit":false,"messageTitle":"Fix style error","messageBody":"","fileTypesAndContributionMap":{"test-code":{"insertions":18,"deletions":6}}},{"hash":"4e48c0675ff26a866456cd39045bae9eccea297e","isMergeCommit":false,"messageTitle":"Add more tests","messageBody":"","fileTypesAndContributionMap":{"test-code":{"insertions":71,"deletions":2}}},{"hash":"e4dc19bcef0323292d5c5274b00fbdc9d2eedf3c","isMergeCommit":false,"messageTitle":"Fixed some style errors","messageBody":"","fileTypesAndContributionMap":{"test-code":{"insertions":0,"deletions":5}}},{"hash":"a53a477d14ed43e59e2d6f2ce9f98366c5a716fb","isMergeCommit":false,"messageTitle":"Fix style error","messageBody":"","fileTypesAndContributionMap":{"test-code":{"insertions":0,"deletions":1}}},{"hash":"4d173d28ba5d3b7cd157ec53a190cedd13c6aabc","isMergeCommit":true,"messageTitle":"Merge pull request #52 from StevenLiudw/master","messageBody":"Add multiple classes for better distinction","fileTypesAndContributionMap":{}}]},{"date":"2023-10-12","commitResults":[{"hash":"9a68c0093c28cf7a716638971204e355ffe1d6f4","isMergeCommit":false,"messageTitle":"Change output for WelcomeCommand","messageBody":"","fileTypesAndContributionMap":{"functional-code":{"insertions":2,"deletions":2}}},{"hash":"a07e543112bb81cf04f17a9f2398c072da4a813b","isMergeCommit":false,"messageTitle":"Add WelcomeCommandTest","messageBody":"","fileTypesAndContributionMap":{"test-code":{"insertions":32,"deletions":0}}},{"hash":"b47ca4b8ee8a902ba1d95460c08e543720582734","isMergeCommit":false,"messageTitle":"Fixd some style error","messageBody":"","fileTypesAndContributionMap":{"test-code":{"insertions":3,"deletions":3}}},{"hash":"c7a6b1cb1ac745314b295cab18220bc3af0adc51","isMergeCommit":false,"messageTitle":"Fixed some errors","messageBody":"","fileTypesAndContributionMap":{"test-code":{"insertions":2,"deletions":2}}},{"hash":"61bc85c1c925a2c2455d00f5edcc870ca81b956a","isMergeCommit":true,"messageTitle":"Merge pull request #54 from StevenLiudw/master","messageBody":"Change output for WelcomeCommand","fileTypesAndContributionMap":{}},{"hash":"1656c125da2abcba0e4062b319017f11fa7b364e","isMergeCommit":true,"messageTitle":"Merge pull request #55 from AY2324S1-CS2103T-W11-4/Class_distinction","messageBody":"Class distinction","fileTypesAndContributionMap":{}}]},{"date":"2023-10-17","commitResults":[{"hash":"7e673829a513674045e6742a8da1652c6ac5936a","isMergeCommit":false,"messageTitle":"Update TeamStorage","messageBody":"","fileTypesAndContributionMap":{"functional-code":{"insertions":1157,"deletions":181},"test-code":{"insertions":289,"deletions":65}}},{"hash":"17e57c9d486d5c4a4f580bff08b365227f5383cb","isMergeCommit":true,"messageTitle":"Merge branch \u0027TeamStorage\u0027 into TeamStorage","messageBody":"","fileTypesAndContributionMap":{}},{"hash":"27b57cf29c29404026e22235635dd5a773c562fa","isMergeCommit":true,"messageTitle":"Merge pull request #71 from StevenLiudw/TeamStorage","messageBody":"Update TeamStorage","fileTypesAndContributionMap":{}},{"hash":"d2b53de5668bb4e5d1cc6ca4a5228902310d2654","isMergeCommit":true,"messageTitle":"Merge pull request #73 from AY2324S1-CS2103T-W11-4/TeamStorage","messageBody":"Team storage","fileTypesAndContributionMap":{}}]},{"date":"2023-10-19","commitResults":[{"hash":"d963185fd76fc8ba36e1590c9f5904f3c5f2200b","isMergeCommit":true,"messageTitle":"Merge pull request #1 from StevenLiudw/TeamStorage","messageBody":"Team storage","fileTypesAndContributionMap":{}},{"hash":"6fe9b5e57da1e33b473b6d7215892edfa0009a07","isMergeCommit":true,"messageTitle":"Merge branch \u0027AY2324S1-CS2103T-W11-4:master\u0027 into master","messageBody":"","fileTypesAndContributionMap":{}},{"hash":"c18e13b2aaa68d0af434473b8128978fed6281cf","isMergeCommit":false,"messageTitle":"Add javadoc","messageBody":"","fileTypesAndContributionMap":{"functional-code":{"insertions":24,"deletions":2}}},{"hash":"33109e6db1798023d8a366687da74fd462325737","isMergeCommit":true,"messageTitle":"Merge branch \u0027AY2324S1-CS2103T-W11-4:master\u0027 into master","messageBody":"","fileTypesAndContributionMap":{}},{"hash":"6ab89910d03c05fff310aec0608564929cc2376b","isMergeCommit":false,"messageTitle":"Add JavaDoc for the new commands","messageBody":"","fileTypesAndContributionMap":{"functional-code":{"insertions":133,"deletions":7}}},{"hash":"620a36ad966ce3458a001e4a5251f3f7ea7551e8","isMergeCommit":true,"messageTitle":"Merge pull request #79 from StevenLiudw/NewJavaDoc","messageBody":"New java doc","fileTypesAndContributionMap":{}}]},{"date":"2023-10-23","commitResults":[{"hash":"dbd9adbe7ab4551f35f26f02be9b279d39d50417","isMergeCommit":false,"messageTitle":"Add FindTeam and FindTeamLeader command classes","messageBody":"The current implementation lacks functionality to specifically find a\nteam and its leader by their respective attributes.\n\nTo enhance the search capabilities of the application, it\u0027s necessary\nto provide commands that allow users to efficiently retrieve teams and\ntheir leaders based on given criteria.\n\nLet\u0027s,\n* add the `FindTeamCommand` and `FindTeamLeaderCommand` classes\n* implement parsers for both commands to handle user input\n* extend the `Messages` class to support new error and success messages\n  for these commands\n\nThe decision to have separate classes for each command ensures modularity\nand separation of concerns. It also paves the way for potential future\nenhancements specific to each command.\n","fileTypesAndContributionMap":{"functional-code":{"insertions":271,"deletions":23}}},{"hash":"42afb9e42b3af9886f34576ffc85c206960efdce","isMergeCommit":true,"messageTitle":"Merge pull request #89 from StevenLiudw/Add-findteam-and-findteamleader-commands","messageBody":"Add FindTeam and FindTeamLeader command classes","fileTypesAndContributionMap":{}},{"hash":"01de980ae4a1048d58f673cc5eccdc93130e5a49","isMergeCommit":false,"messageTitle":"Add storage.puml for UML representation","messageBody":"The project lacked a visual representation of the storage component\u0027s architecture.\n\nHaving a UML diagram aids developers in understanding the structural relationships between storage classes and interfaces.\n\nLet\u0027s introduce a PlantUML file named `storage.puml` that provides a detailed UML diagram for the storage component of the project.\n\nUsing PlantUML allows for easy updates to the diagram in future iterations, ensuring maintainability and clarity for the development team.\n","fileTypesAndContributionMap":{"functional-code":{"insertions":50,"deletions":0}}},{"hash":"31a10f0f33d188b43ea6c5ef02a97dfc7c870d4f","isMergeCommit":true,"messageTitle":"Merge pull request #90 from StevenLiudw/Add-UML","messageBody":"Add storage.puml for UML representation","fileTypesAndContributionMap":{}},{"hash":"81adef22cca83854342464fae07ed1661f9a24a0","isMergeCommit":false,"messageTitle":"Edit storage.puml for UML representation","messageBody":"Let\u0027s edit a PlantUML file named `storage.puml` that provides a detailed UML diagram for the storage component of the project.\n","fileTypesAndContributionMap":{"docs":{"insertions":0,"deletions":0}}},{"hash":"05803f406ae02e13778bb4118fe6772a262432d8","isMergeCommit":true,"messageTitle":"Merge pull request #91 from StevenLiudw/master","messageBody":"Edit storage.puml for UML representation","fileTypesAndContributionMap":{}},{"hash":"820b531477e1746bd3a256b491aac6119dc50586","isMergeCommit":false,"messageTitle":"Update DeveloperGuide.md","messageBody":"","fileTypesAndContributionMap":{"docs":{"insertions":2,"deletions":2}}}]},{"date":"2023-10-24","commitResults":[{"hash":"e02686edca6f0aea566101f1e46bf35e56132844","isMergeCommit":false,"messageTitle":"Update DeveloperGuide.md","messageBody":"","fileTypesAndContributionMap":{"docs":{"insertions":7,"deletions":6}}}]},{"date":"2023-10-25","commitResults":[{"hash":"92f17c4d8b2a3d3cd59cb5013f4182d88338ed05","isMergeCommit":true,"messageTitle":"Merge branch \u0027AY2324S1-CS2103T-W11-4:master\u0027 into master","messageBody":"","fileTypesAndContributionMap":{}},{"hash":"57d1d4e0f491b332588863c30e6c3a59fd293265","isMergeCommit":false,"messageTitle":"Update JsonAdaptedPerson.java","messageBody":"Make it can store identitycode for each person\n","fileTypesAndContributionMap":{"functional-code":{"insertions":11,"deletions":7}}},{"hash":"5a46d8c83fef9acb2ce8d6cdfc06b67a28341159","isMergeCommit":false,"messageTitle":"Update JsonAdaptedPerson.java change the import order to solve some style issues","messageBody":"","fileTypesAndContributionMap":{"functional-code":{"insertions":8,"deletions":6}}},{"hash":"fac7982b88223b6d86a8e2fbe6b91feb03c91639","isMergeCommit":true,"messageTitle":"Merge pull request #103 from StevenLiudw/master","messageBody":"Update JsonAdaptedPerson.java","fileTypesAndContributionMap":{}},{"hash":"838138fc2a2bb1b6d3496429a1c2e9802ea37b9d","isMergeCommit":true,"messageTitle":"Merge pull request #102 from erohsikivar/branch-Testing","messageBody":"Fix test case errors 2.0","fileTypesAndContributionMap":{}}]},{"date":"2023-10-26","commitResults":[{"hash":"bd3be4e4ba756e819601caf3ccacd55ac21af111","isMergeCommit":false,"messageTitle":"Update PersonBuilder.java Fix some test errors related bugs","messageBody":"","fileTypesAndContributionMap":{"test-code":{"insertions":1,"deletions":1}}},{"hash":"d86857b810e6a32e345abe579e71f60affb69554","isMergeCommit":true,"messageTitle":"Merge pull request #109 from StevenLiudw/master","messageBody":"Update PersonBuilder.java","fileTypesAndContributionMap":{}}]},{"date":"2023-11-01","commitResults":[{"hash":"b46c1de6b886a9c884b5c2367bca345c37401829","isMergeCommit":false,"messageTitle":"- Refactored and improved test cases for `TeamBook.java` within the model package. - Enhanced testing for `Team.java` ensuring better coverage and edge case handling. - Added predicate tests for keyword searches in `TeamContainsKeywordsPredicate.java`. - Revamped serialization tests for `JsonSerializableTeamBook.java` to ensure data integrity during serialization. - Extended testing coverage for command logic with `AddCommandTest.java`. - Improved test data samples in:   - `duplicateTeamTeamBook.json`   - `invalidTeamBook.json`   - `typicalTeamsTeamBook.json`   - `invalidAndValidTeamTeamBook.json`   - `invalidTeamTeamBook.json`   - `notJsonFormatTeamBook.json`   - `validTeamBook.json` - Amplified storage-related test scenarios with:   - `JsonAdaptedTeamTest.java`   - `JsonSerializableTeamBookTest.java`   - `JsonTeamBookStorageTest.java`","messageBody":"These changes ensure robustness and accuracy in the team management module, paving the way for future enhancements and feature integrations.\n","fileTypesAndContributionMap":{"functional-code":{"insertions":40,"deletions":11},"test-code":{"insertions":548,"deletions":328}}},{"hash":"6aa20971ced4b1ea60cb50fdf5a2fde672954984","isMergeCommit":true,"messageTitle":"Merge pull request #121 from StevenLiudw/AddTestForTeamStorage","messageBody":"Update: Enhanced Test Coverage for Team Management Module","fileTypesAndContributionMap":{}},{"hash":"76e9ed0592126dbe29e5ecef54109f6b97871274","isMergeCommit":false,"messageTitle":"Commit Message:","messageBody":"Update: Revamped GUI Integration for \"Find\" Command Functionality\n\n- Enhanced user interface interactions for the general `FindCommand.java`.\n- Optimized visualization and feedback mechanisms for the `FindTeamCommand.java`, ensuring users receive clear and concise results when searching for teams.\n- Overhauled the graphical representation and output for `FindTeamLeaderCommand.java`, enhancing the user experience when locating team leaders within the application.\n\nThese GUI updates provide a more intuitive and streamlined user experience, allowing for easier navigation and improved efficiency when utilizing the \"find\" commands.\n","fileTypesAndContributionMap":{"functional-code":{"insertions":8,"deletions":4}}},{"hash":"932b6fe960bf6634e0e662c830b6d225cd47b1ff","isMergeCommit":true,"messageTitle":"Merge pull request #123 from StevenLiudw/UpdateFindGUI","messageBody":"Update: Revamped GUI Integration for \"Find\" Command Functionality","fileTypesAndContributionMap":{}}]}],"adhigop13":[{"date":"2023-10-05","commitResults":[{"hash":"f5bb010ec64945b0e2acf2f41167f24d9f89e4a7","isMergeCommit":false,"messageTitle":"Create adhigop13.md","messageBody":"","fileTypesAndContributionMap":{"docs":{"insertions":35,"deletions":0}}},{"hash":"7e003dfaeda6868ab3cffd14274bc0ff5614ec12","isMergeCommit":false,"messageTitle":"Add non functional requirements","messageBody":"","fileTypesAndContributionMap":{"docs":{"insertions":4,"deletions":2}}},{"hash":"1cde92f9c7bbe25004b8e1b85945e74882d8bde7","isMergeCommit":true,"messageTitle":"Merge pull request #41 from erohsikivar/branch-Edit-Portfolio","messageBody":"Update Portfolio","fileTypesAndContributionMap":{}}]},{"date":"2023-10-06","commitResults":[{"hash":"4c71fcf1084f06cf81fc8ccd02e9d6badec8a8ed","isMergeCommit":false,"messageTitle":"Modify non functional requirements","messageBody":"","fileTypesAndContributionMap":{"docs":{"insertions":0,"deletions":1}}},{"hash":"3ba88b2570fa37d21ac2e09b0c551671f806b343","isMergeCommit":true,"messageTitle":"Merge pull request #44 from adhigop13/add-nfr","messageBody":"Modify non functional requirements","fileTypesAndContributionMap":{}}]},{"date":"2023-10-14","commitResults":[{"hash":"4d4ae2413213a3b4e24daa2e4f177fd9702db1a5","isMergeCommit":false,"messageTitle":"Add newdev class in branch","messageBody":"","fileTypesAndContributionMap":{"functional-code":{"insertions":6,"deletions":0}}},{"hash":"9af02e1ed1d0e1a2969e25c37e1c66ac6f218571","isMergeCommit":false,"messageTitle":"Add newdev class","messageBody":"","fileTypesAndContributionMap":{"functional-code":{"insertions":220,"deletions":10}}},{"hash":"df42b5500c29a26c66d53d3fb3029177acf4cf2d","isMergeCommit":true,"messageTitle":"Merge pull request #63 from Tang-Moyan/Data_Structure","messageBody":"Defined basic data structure.","fileTypesAndContributionMap":{}},{"hash":"1eb12afe83519c2a290e692ec43376f04641c5e7","isMergeCommit":true,"messageTitle":"Fix conflicts in local and main branch","messageBody":"","fileTypesAndContributionMap":{}},{"hash":"c5fddb5622dba40ad8eeb10a20c8248bfa4c1c1e","isMergeCommit":false,"messageTitle":"Create new classes to add developers and create teams","messageBody":"","fileTypesAndContributionMap":{"functional-code":{"insertions":340,"deletions":92}}}]},{"date":"2023-10-16","commitResults":[{"hash":"5f0a44930798527390a736a1521e533e956d308a","isMergeCommit":false,"messageTitle":"Add AddDevToTeamPaser.java Modify Model, ModelManager, UniquePersonList,AddDevToTeamCommand, AddressBookParser etc Bug with add dev to team function","messageBody":"","fileTypesAndContributionMap":{"functional-code":{"insertions":297,"deletions":178}}}]},{"date":"2023-10-18","commitResults":[{"hash":"cc60adaa5c7ab4578219bc28ed70786c599736ce","isMergeCommit":true,"messageTitle":"Merge branch \u0027master\u0027 of https://github.com/adhigop13/tp","messageBody":"# Conflicts:\n#\tsrc/main/java/seedu/address/MainApp.java\n#\tsrc/main/java/seedu/address/logic/parser/ParserUtil.java\n#\tsrc/main/java/seedu/address/model/AddressBook.java\n#\tsrc/main/java/seedu/address/model/Model.java\n#\tsrc/main/java/seedu/address/model/ModelManager.java\n#\tsrc/main/java/seedu/address/model/person/Team.java\n","fileTypesAndContributionMap":{}},{"hash":"cc5741ada036b0962ac112295915d8b07e48bf72","isMergeCommit":false,"messageTitle":"Fix AddTeamCommand to work with new Storage","messageBody":"","fileTypesAndContributionMap":{"functional-code":{"insertions":10,"deletions":6}}},{"hash":"0eae5dbecdc692fe111b84efb9c7c073f421d4de","isMergeCommit":false,"messageTitle":"Storage function for team enabled","messageBody":"","fileTypesAndContributionMap":{"functional-code":{"insertions":84,"deletions":99},"test-code":{"insertions":9,"deletions":9}}}]},{"date":"2023-10-19","commitResults":[{"hash":"0e0494ba9aa72e6423feae7d71b51f31cb81aaa1","isMergeCommit":false,"messageTitle":"Complete create team function \u0026 add dev to team","messageBody":"","fileTypesAndContributionMap":{"functional-code":{"insertions":16,"deletions":47}}},{"hash":"3b1547ab714adf2b7e4b7073907d8b6a2480b8ba","isMergeCommit":true,"messageTitle":"Merge pull request #76 from adhigop13/branch-create-team-storage","messageBody":"Branch create team with storage","fileTypesAndContributionMap":{}}]},{"date":"2023-10-21","commitResults":[{"hash":"6e29ecee63e3648a99bed1bbf0b8ca729fb5aea5","isMergeCommit":false,"messageTitle":"Fix bug with delete command","messageBody":"","fileTypesAndContributionMap":{"functional-code":{"insertions":1,"deletions":1}}},{"hash":"4647a46420bb316b8fa0fc8f6f77f20b006d7472","isMergeCommit":false,"messageTitle":"Fix bug where leader of team can be added as dev","messageBody":"","fileTypesAndContributionMap":{"functional-code":{"insertions":6,"deletions":2}}},{"hash":"435708ddc5439982c19b4acfdb2c14e619d1ecc7","isMergeCommit":false,"messageTitle":"Add javadocs for selected elements","messageBody":"","fileTypesAndContributionMap":{"functional-code":{"insertions":142,"deletions":29}}},{"hash":"ca3e3f5b2967857f4f614a0644bc86e0f958b90d","isMergeCommit":true,"messageTitle":"Merge pull request #84 from adhigop13/branch-fix-delete-bug","messageBody":"Branch fix delete bug","fileTypesAndContributionMap":{}}]},{"date":"2023-10-24","commitResults":[{"hash":"c299658ac617e1b816d186464500bc66f9f561cc","isMergeCommit":false,"messageTitle":"Fix checkstyle errors and generate javadocs","messageBody":"","fileTypesAndContributionMap":{"functional-code":{"insertions":67,"deletions":35}}},{"hash":"8fe76ffa1e3fa1c7f44ff16675f78b57ea49a887","isMergeCommit":false,"messageTitle":"Fix all checkstyle violations","messageBody":"","fileTypesAndContributionMap":{"functional-code":{"insertions":68,"deletions":68}}},{"hash":"3d0b47c855fd550c5b761cea8ec486179cbcf34c","isMergeCommit":false,"messageTitle":"Fix AddIntegrationTest, create TypicalTeams class","messageBody":"","fileTypesAndContributionMap":{"functional-code":{"insertions":1,"deletions":0},"test-code":{"insertions":171,"deletions":19}}},{"hash":"c205051bf476e58a4135d0444c36b74774a880a2","isMergeCommit":false,"messageTitle":"Fix ClearCommand test","messageBody":"","fileTypesAndContributionMap":{"test-code":{"insertions":5,"deletions":7}}},{"hash":"75c0b88d3f46c700b5289996ade580a305e38f69","isMergeCommit":true,"messageTitle":"Merge branch \u0027master\u0027 into master","messageBody":"","fileTypesAndContributionMap":{}},{"hash":"729017acefc5251470ca7884038ee0effb5c857a","isMergeCommit":true,"messageTitle":"Merge pull request #97 from adhigop13/master","messageBody":"Fix checkstyle violations","fileTypesAndContributionMap":{}},{"hash":"f24fac18739eef9f46a6a48d6c543a717516460b","isMergeCommit":true,"messageTitle":"Merge branch \u0027master\u0027 of https://github.com/adhigop13/tp into branch-fix-testcases","messageBody":"","fileTypesAndContributionMap":{}},{"hash":"bbca15f17b1c6f1ce9bcf78dc933c793dee3d4de","isMergeCommit":true,"messageTitle":"Merge pull request #99 from erohsikivar/branch-Testing","messageBody":"Branch testing","fileTypesAndContributionMap":{}},{"hash":"971d69cf74236abfa8b8bb8860009acfe46afd72","isMergeCommit":true,"messageTitle":"Merge pull request #1 from AY2324S1-CS2103T-W11-4/branch-fix-testcase","messageBody":"Branch fix testcase","fileTypesAndContributionMap":{}},{"hash":"d55602e1a429660611f47a7bdd41bbaf2338d981","isMergeCommit":false,"messageTitle":"Fix testcases in Command tests","messageBody":"","fileTypesAndContributionMap":{"functional-code":{"insertions":0,"deletions":1},"test-code":{"insertions":17,"deletions":17}}},{"hash":"0baa23a09f790249a7b18114c5948b09911a35e6","isMergeCommit":true,"messageTitle":"Merge branch \u0027branch-fix-testcases\u0027 of https://github.com/adhigop13/tp into branch-fix-testcases","messageBody":"# Conflicts:\n#\tsrc/main/java/seedu/address/logic/commands/CommandResult.java\n#\tsrc/test/java/seedu/address/logic/commands/EditCommandTest.java\n","fileTypesAndContributionMap":{}},{"hash":"6f06bf06c24ab7715d8656c0c1dbf45c0e7d8e89","isMergeCommit":false,"messageTitle":"Fix AddCommandParserTest","messageBody":"","fileTypesAndContributionMap":{"functional-code":{"insertions":1,"deletions":1},"test-code":{"insertions":17,"deletions":49}}}]},{"date":"2023-10-25","commitResults":[{"hash":"5c2ab27c0adce27e453d443a480677225a06f2d4","isMergeCommit":false,"messageTitle":"Fix CommandResultTest","messageBody":"","fileTypesAndContributionMap":{"test-code":{"insertions":4,"deletions":2}}},{"hash":"7cbebc5f9c5546461c94cf64dc786a8c11dd9cc8","isMergeCommit":false,"messageTitle":"Fix EditCommandTest","messageBody":"","fileTypesAndContributionMap":{"functional-code":{"insertions":8,"deletions":5},"test-code":{"insertions":14,"deletions":16}}},{"hash":"1453299184e5b3f8196535108091e566c19c85ad","isMergeCommit":true,"messageTitle":"Merge pull request #101 from adhigop13/branch-fix-testcases","messageBody":" Fix testcases","fileTypesAndContributionMap":{}},{"hash":"7e5818babc7572787c3caa8e07bbe73d1db5146b","isMergeCommit":false,"messageTitle":"Fix EditPersonDescriptorTest","messageBody":"","fileTypesAndContributionMap":{"functional-code":{"insertions":7,"deletions":20},"test-code":{"insertions":12,"deletions":11}}},{"hash":"58b840823e47df58d66970f210a0ac74fd4b15a2","isMergeCommit":true,"messageTitle":"Merge branch \u0027master\u0027 into branch-fix-testcases","messageBody":"","fileTypesAndContributionMap":{}},{"hash":"a59b51ea9527c9627d5bc1de5206a1f8c9de269b","isMergeCommit":true,"messageTitle":"Merge pull request #104 from adhigop13/branch-fix-testcases","messageBody":"Fix EditPersonDescriptorTest","fileTypesAndContributionMap":{}}]},{"date":"2023-10-26","commitResults":[{"hash":"be3488c1e93182ed487e5caab0f3f037b8efd246","isMergeCommit":false,"messageTitle":"Change user stories","messageBody":"","fileTypesAndContributionMap":{"docs":{"insertions":32,"deletions":42}}},{"hash":"65a7d783a694ef8c8c702933a3c44ce9a2c213ae","isMergeCommit":false,"messageTitle":"Modify functional requirements and use cases","messageBody":"","fileTypesAndContributionMap":{"docs":{"insertions":73,"deletions":56}}},{"hash":"64fca88ba16ed6a10b29882d429d98a68d7203be","isMergeCommit":false,"messageTitle":"Add `newteam` feature implementation","messageBody":"","fileTypesAndContributionMap":{"docs":{"insertions":31,"deletions":64}}},{"hash":"2f85d2873828fcfa4918ce6769a75feb2c0105eb","isMergeCommit":true,"messageTitle":"Merge pull request #115 from adhigop13/branch-dg-modify","messageBody":"Modify developer guide.","fileTypesAndContributionMap":{}}]},{"date":"2023-10-27","commitResults":[{"hash":"628db92f740e01b2c5aa703ddc557169c845271a","isMergeCommit":false,"messageTitle":"Remove RemarkCommandTest","messageBody":"","fileTypesAndContributionMap":{"test-code":{"insertions":15,"deletions":15}}},{"hash":"36f3a995621fa71cd8069bb39e27fd9c582160c3","isMergeCommit":true,"messageTitle":"Merge branch \u0027master\u0027 of https://github.com/adhigop13/tp","messageBody":"# Conflicts:\n#\tsrc/test/java/seedu/address/logic/commands/RemarkCommandTest.java\n","fileTypesAndContributionMap":{}},{"hash":"3c5fc3d2b33606bacc3202865d8cb41d6504c0be","isMergeCommit":false,"messageTitle":"Fix checkstyle errors","messageBody":"","fileTypesAndContributionMap":{"test-code":{"insertions":3,"deletions":18}}},{"hash":"2500a1fa500db7241dc683c7b282365903e0fa17","isMergeCommit":true,"messageTitle":"Merge pull request #119 from adhigop13/master","messageBody":"Fix checkstyle errors to build","fileTypesAndContributionMap":{}}]}]},"authorFileTypeContributionMap":{"JizhuoChen":{"docs":50,"functional-code":917,"test-code":63,"other":1},"erohsikivar":{"docs":112,"functional-code":476,"test-code":199,"other":2},"Tang-Moyan":{"docs":86,"functional-code":610,"test-code":0,"other":2},"StevenLiudw":{"docs":247,"functional-code":1643,"test-code":934},"adhigop13":{"docs":159,"functional-code":775,"test-code":93}},"authorContributionVariance":{"JizhuoChen":8171.2144,"erohsikivar":30273.256,"Tang-Moyan":10155.159,"StevenLiudw":91255.91,"adhigop13":24018.514},"authorDisplayNameMap":{"JizhuoChen":"CS2103T-W11-4 CHEN..ZHUO","erohsikivar":"CS2103T-W11-4 RAVI..HORE","Tang-Moyan":"CS2103T-W11-4 TANG..OYAN","StevenLiudw":"CS2103T-W11-4 LIU ..IWEN","adhigop13":"CS2103T-W11-4 ADHI..HNAN"}}
