{"authorDailyContributionsMap":{"larrywang0701":[{"date":"2023-10-04","commitResults":[{"hash":"cf35aa2a28c246740901275b3920f9b7b61d2e47","isMergeCommit":false,"messageTitle":"Adapt User Stories","messageBody":"Add user stories to the DG","fileTypesAndContributionMap":{"docs":{"insertions":10,"deletions":6}}},{"hash":"2dfd999a5bf708c6408941fa39d8acb63ffb2190","isMergeCommit":false,"messageTitle":"Slight modifications in the UG part of DG","messageBody":"Adjusted some small points in the UG part in DG","fileTypesAndContributionMap":{"docs":{"insertions":10,"deletions":10}}}]},{"date":"2023-10-05","commitResults":[{"hash":"680019d6a67ec71a444e8892a595abd58185d331","isMergeCommit":false,"messageTitle":"Add skeletal PPP and photo for myself","messageBody":"","fileTypesAndContributionMap":{"docs":{"insertions":41,"deletions":0}}}]},{"date":"2023-10-11","commitResults":[{"hash":"81bd968f1101e30cf6dea7629e9d27b9d4c9de4f","isMergeCommit":true,"messageTitle":"Merge pull request #32 from zekone/adapt-storage","messageBody":"Adapt storage","fileTypesAndContributionMap":{}}]},{"date":"2023-10-12","commitResults":[{"hash":"464f774de0680d618879316f392ca92ca736b3f2","isMergeCommit":false,"messageTitle":"Add event feature Implement commands `add event`, `list events` and `delete event` Adjust command parser to support secondary command word (e.g. The `event` part in `add event`.) The original code in Add/List/DeleteCommand(Parser) are moved to Add/List/Delete**Person**Command(Parser) and assigned the secondary command `contact` (e.g. `add contact`, `delete contact`), other stuff remain unchanged","messageBody":"","fileTypesAndContributionMap":{"functional-code":{"insertions":872,"deletions":254},"other":{"insertions":46,"deletions":46},"docs":{"insertions":10,"deletions":10},"test-code":{"insertions":16,"deletions":15}}},{"hash":"d5d827a624c93a21ac23768e52ddfd443130527b","isMergeCommit":false,"messageTitle":"Fix code style errors","messageBody":"","fileTypesAndContributionMap":{"functional-code":{"insertions":139,"deletions":89}}},{"hash":"9fac1c24b5cb168852dd851fc04c85bd05d60093","isMergeCommit":false,"messageTitle":"Fix code style errors","messageBody":"","fileTypesAndContributionMap":{"functional-code":{"insertions":25,"deletions":20}}},{"hash":"8293c6717b741016a2c74bd5e7f038e01049f49d","isMergeCommit":false,"messageTitle":"Fix code style errors","messageBody":"","fileTypesAndContributionMap":{"functional-code":{"insertions":11,"deletions":6}}},{"hash":"6c07dab0be95bfc63b13c537c942e9477e52bcd7","isMergeCommit":false,"messageTitle":"Fix Compile Errors in JUnit Test Cases","messageBody":"","fileTypesAndContributionMap":{"test-code":{"insertions":38,"deletions":10}}},{"hash":"3ba5874ae5a04aaa6c88f3abef4a15fe5330c09e","isMergeCommit":false,"messageTitle":"Fix Compile Error in JUnit Test Cases","messageBody":"","fileTypesAndContributionMap":{"functional-code":{"insertions":8,"deletions":12},"test-code":{"insertions":15,"deletions":14}}},{"hash":"7dc5964476bd2d6049e5770cc97bedb032df48f3","isMergeCommit":false,"messageTitle":"Fix compile error due to renaming variable name for code style","messageBody":"","fileTypesAndContributionMap":{"functional-code":{"insertions":1,"deletions":1}}},{"hash":"0712ba7e83727a2a74df602ed5367c1f57f64657","isMergeCommit":false,"messageTitle":"Fix code style errors","messageBody":"","fileTypesAndContributionMap":{"test-code":{"insertions":5,"deletions":5}}},{"hash":"23dff3ff0b1a06aecf97a7427a105c58f43cb99c","isMergeCommit":false,"messageTitle":"Fix checksyle errors in junit test case","messageBody":"","fileTypesAndContributionMap":{"test-code":{"insertions":5,"deletions":5}}},{"hash":"4f9983cc5eebc81da8de3d3c1f7a2049a9c7c417","isMergeCommit":false,"messageTitle":"Adjust JUnit Test Cases to let it work on secondary commands `add/list/delete contact ...`","messageBody":"","fileTypesAndContributionMap":{"functional-code":{"insertions":9,"deletions":2},"test-code":{"insertions":15,"deletions":20}}},{"hash":"506c3173e6bfffd72ab06a277d8e89409df3466c","isMergeCommit":false,"messageTitle":"Fix checkstyle errors in JUnit test codes","messageBody":"","fileTypesAndContributionMap":{"test-code":{"insertions":22,"deletions":6}}},{"hash":"cb00312d2daff0b19c2cce6807f2f725b36ececd","isMergeCommit":false,"messageTitle":"Fix checkstyle error in JUnit test code","messageBody":"","fileTypesAndContributionMap":{"test-code":{"insertions":3,"deletions":1}}},{"hash":"93b71960b74c8ca5bd2cbc6a9a44c485a0d598e0","isMergeCommit":false,"messageTitle":"Add JUnit Test Cases","messageBody":"Add JUnit test cases for\n - `AddEventCommand`\n - `ListEventCommand`\n - `DeleteEventCommand`\n - `AddCommandParser` (also tests `AddEventCommandParser`)\n - `DeleteCommandParser` (also tests `DeleteEventCommandParser`)\n - `ListCommandParser`\n - `DateTimeUtil`\n","fileTypesAndContributionMap":{"functional-code":{"insertions":16,"deletions":10},"other":{"insertions":1,"deletions":1},"test-code":{"insertions":411,"deletions":0}}},{"hash":"3ed0c97758005459bc927760eb3508bcad8d8439","isMergeCommit":false,"messageTitle":"Fix checkstyle error","messageBody":"","fileTypesAndContributionMap":{"functional-code":{"insertions":0,"deletions":1}}},{"hash":"a67ef2dfadf68d7419e91e7fe8127b760789e6f3","isMergeCommit":false,"messageTitle":"Fix checkstyle error","messageBody":"","fileTypesAndContributionMap":{"test-code":{"insertions":37,"deletions":41}}},{"hash":"6bf9e9fbb0745307317083ece9d510d5035bd5b0","isMergeCommit":false,"messageTitle":"Fix checkstyle error","messageBody":"","fileTypesAndContributionMap":{"test-code":{"insertions":4,"deletions":4}}},{"hash":"59bb32715ab8e6f8e8543407fd14c403f8512030","isMergeCommit":false,"messageTitle":"Adjust test case for `ListEventCommand`","messageBody":"","fileTypesAndContributionMap":{"test-code":{"insertions":4,"deletions":4}}},{"hash":"4957634be7b563dcc61907cb44c44ff87a20b03f","isMergeCommit":false,"messageTitle":"Adjust test case for `ListEventCommand`","messageBody":"","fileTypesAndContributionMap":{"test-code":{"insertions":1,"deletions":1}}},{"hash":"8c9dce8ac7f55a70a8b79f41d50a3ce4921155ab","isMergeCommit":false,"messageTitle":"Adjust test case for `ListEventCommand`","messageBody":"","fileTypesAndContributionMap":{"test-code":{"insertions":4,"deletions":9}}},{"hash":"fe828bfd48dd1c601f034c0e279dd69b683fec77","isMergeCommit":false,"messageTitle":"Fix checkstyle error","messageBody":"","fileTypesAndContributionMap":{"test-code":{"insertions":0,"deletions":1}}},{"hash":"9ad34134d7915ba5dba4bd2023e9564f6ddbcf1a","isMergeCommit":false,"messageTitle":"Fix checkstyle error","messageBody":"","fileTypesAndContributionMap":{"test-code":{"insertions":0,"deletions":1}}},{"hash":"0277d8e6646cc20b3bfd47133cde847c2fff499a","isMergeCommit":false,"messageTitle":"Use contact ID rather than contact names in event commands","messageBody":" - Use contact ID rather than contact names in event commands\n - Adjust code as the PR comments\n","fileTypesAndContributionMap":{"functional-code":{"insertions":127,"deletions":97},"docs":{"insertions":18,"deletions":8},"test-code":{"insertions":44,"deletions":41}}},{"hash":"3ac40c7168a229a46cadcec069ff8199f28466d5","isMergeCommit":false,"messageTitle":"Fix date-time parse error in sample data","messageBody":"","fileTypesAndContributionMap":{"functional-code":{"insertions":5,"deletions":2}}},{"hash":"41a3d872c0e11d34495a5fa689ac3d3163fa314e","isMergeCommit":false,"messageTitle":"Fix an error in the example command in UG","messageBody":"","fileTypesAndContributionMap":{"docs":{"insertions":2,"deletions":2}}},{"hash":"a23974a10bdcf7edc640dd6ca89a43eda7e32300","isMergeCommit":false,"messageTitle":"Fix one more error in UG","messageBody":"","fileTypesAndContributionMap":{"docs":{"insertions":1,"deletions":1}}},{"hash":"f53b13f5b0bda22d6786628b812e6467d17c92a2","isMergeCommit":false,"messageTitle":"Adjust the information about `CONTACT_ID` in UG","messageBody":"","fileTypesAndContributionMap":{"docs":{"insertions":2,"deletions":2}}}]},{"date":"2023-10-13","commitResults":[{"hash":"42f9891e9db26c75956c0eb9317ae4aa5c0126d9","isMergeCommit":false,"messageTitle":"Adjust code based on PR comments","messageBody":"","fileTypesAndContributionMap":{"functional-code":{"insertions":30,"deletions":29},"docs":{"insertions":2,"deletions":0},"test-code":{"insertions":8,"deletions":2}}},{"hash":"79e159c6167eb229eae6fed3a4c12c705235d3c0","isMergeCommit":false,"messageTitle":"Make the event list UI refresh without breaking abstraction","messageBody":"","fileTypesAndContributionMap":{"functional-code":{"insertions":34,"deletions":12}}},{"hash":"509eac146a47d3526a1da3bbd91e8a7939835a93","isMergeCommit":false,"messageTitle":"Add event id in UI and remove dead code","messageBody":"","fileTypesAndContributionMap":{"functional-code":{"insertions":2,"deletions":30}}}]},{"date":"2023-10-25","commitResults":[{"hash":"30d84fd5cefe5be13126971b6dd6f3769617331d","isMergeCommit":false,"messageTitle":"Fix the bug that accepts empty string as command argument in event commands","messageBody":" - Fix the bug that accepts empty string as command argument in event commands. So now the program will notify the user if their command has empty argumnts\n   - For example:\n     - `add event -id 1 -en -st 12:00`\n     - `add event -id 1 -en Sample -st 12:00 -loc`\n   - Will result in a user-friend error message\n - Corrected UG about `add contact` command (no optional arguments)\n","fileTypesAndContributionMap":{"functional-code":{"insertions":363,"deletions":64},"docs":{"insertions":2,"deletions":3},"test-code":{"insertions":35,"deletions":27}}},{"hash":"6c9ca92034ff8ef7edb70df87169685b88d15f9f","isMergeCommit":false,"messageTitle":"Add contents about parsing logic in DG and corrected a small mistake in a notification string","messageBody":"","fileTypesAndContributionMap":{"functional-code":{"insertions":1,"deletions":1},"docs":{"insertions":5,"deletions":0}}},{"hash":"1bb41990e5b23875abf9a9be4b26a13e07f1b03c","isMergeCommit":false,"messageTitle":"Add JUnit Test Cases for empty string arguments in event commands","messageBody":"","fileTypesAndContributionMap":{"test-code":{"insertions":25,"deletions":2}}},{"hash":"6754f47bfae8072486a0eb7c94e48fcf5e7e80c1","isMergeCommit":false,"messageTitle":"Add test cases for `ParserUtil`","messageBody":"","fileTypesAndContributionMap":{"test-code":{"insertions":109,"deletions":0}}}]},{"date":"2023-11-01","commitResults":[{"hash":"43b676f2b0c742c25bccca2d7009ad0dcc8519a2","isMergeCommit":true,"messageTitle":"Merge pull request #69 from Nixx162/modify-event","messageBody":"Modify Event class and related classes","fileTypesAndContributionMap":{}},{"hash":"29d6f8df89c44a8e03c90583ad9d4f37626853a2","isMergeCommit":false,"messageTitle":"Add filter and sorter to `list event` command and bug fixes","messageBody":" - Add filter and sorter to `list event` command\n - Fix a bug that allows adding events with a start time after the end time\n - Fix a bug in the JUnit Test Cases that is sharing a same set of typical person instance among all testcases (which makes the testcases interfere with each other)\n","fileTypesAndContributionMap":{"functional-code":{"insertions":420,"deletions":60},"other":{"insertions":11,"deletions":2},"docs":{"insertions":14,"deletions":3},"test-code":{"insertions":288,"deletions":22}}}]},{"date":"2023-11-02","commitResults":[{"hash":"65cffe8ec8db2180b58d80e18826f5ff31cc4eeb","isMergeCommit":false,"messageTitle":"Add more test cases","messageBody":"","fileTypesAndContributionMap":{"test-code":{"insertions":64,"deletions":0}}},{"hash":"80c07e5860b23fbc2f677f62a0b8c0ca08c3c5a2","isMergeCommit":false,"messageTitle":"Fix checkstyle issue","messageBody":"","fileTypesAndContributionMap":{"test-code":{"insertions":4,"deletions":5}}}]},{"date":"2023-11-04","commitResults":[{"hash":"8fb9bec1ad56a9c0dbb3a682a51c034e79936ed2","isMergeCommit":false,"messageTitle":"Not allowing null in EventTime and fix the bug of deleting contact lead to ghost events","messageBody":"","fileTypesAndContributionMap":{"functional-code":{"insertions":21,"deletions":16},"test-code":{"insertions":2,"deletions":4}}},{"hash":"a97009331554b5397f934aeb74b2b376b75fbb53","isMergeCommit":false,"messageTitle":"Add more coverage","messageBody":"","fileTypesAndContributionMap":{"test-code":{"insertions":5,"deletions":0}}},{"hash":"690fcfdfc40406b302408a34694d3ff097598e8d","isMergeCommit":false,"messageTitle":"Changes in time related logic for events","messageBody":"Remove the unnecessary logic in `UniqueEventList::getOverlappingEvent` since in AddEventCommand, end time is set to start time if user does not specify an end time\nChange the logic in `Event::getUiText` so that when start time equals to end time, end time will be hidden (also add this information to UG)\n","fileTypesAndContributionMap":{"functional-code":{"insertions":3,"deletions":9},"docs":{"insertions":2,"deletions":0}}},{"hash":"b7b9c00c6e9852674fe12086e7bdaeaa569cc6cf","isMergeCommit":true,"messageTitle":"Merge pull request #85 from larrywang0701/bug-fix-milestone-1.4","messageBody":"Not allowing null in EventTime and fix the bug of deleting contact lead to ghost events","fileTypesAndContributionMap":{}}]}],"zekone":[{"date":"2023-10-04","commitResults":[{"hash":"8f84ad2c2fa192f7dd0cf8eab04fde335f4c9ed7","isMergeCommit":false,"messageTitle":"Tweak product scope in DG","messageBody":"","fileTypesAndContributionMap":{"docs":{"insertions":3,"deletions":2}}}]},{"date":"2023-10-05","commitResults":[{"hash":"33c7ab8a7e8cc77e703d94032f82642ae619386d","isMergeCommit":false,"messageTitle":"Add zekone.md","messageBody":"","fileTypesAndContributionMap":{"docs":{"insertions":33,"deletions":0}}},{"hash":"e5f42f1848269d217649c8e243e357d3c6f35b82","isMergeCommit":true,"messageTitle":"Merge pull request #20 from larrywang0701/add-skeletal-ppp-and-photo","messageBody":"Add skeletal PPP and photo for myself (Wang Zihan)","fileTypesAndContributionMap":{}},{"hash":"c8a81c79ae19599097cb5a58f6d4ebb0347484ec","isMergeCommit":true,"messageTitle":"Merge pull request #17 from zekone/add-skeletal-ppp","messageBody":"Add zekone.md (skeletal ppp)","fileTypesAndContributionMap":{}}]},{"date":"2023-10-10","commitResults":[{"hash":"7b7a2224bff296daee60930faa0ab092c7b910f5","isMergeCommit":false,"messageTitle":"Add JsonAdaptedNote with skeleton Note","messageBody":"","fileTypesAndContributionMap":{"functional-code":{"insertions":69,"deletions":0}}},{"hash":"c6f341d1b0eda73ea9950dfe37d21ce62dd6da51","isMergeCommit":false,"messageTitle":"Integrate Note to code and fix all dependencies","messageBody":"By adding the Note, there were many dependencies that needs to be fixed:\n1. Adding a note list to person\n2. Changing the constructor of person\n3. EditCommand which used the constructor of person\n4. Sample data in util.\n\nHowever, these fixes were superficial as Note is not finalised.\n","fileTypesAndContributionMap":{"functional-code":{"insertions":111,"deletions":39}}},{"hash":"3ef5ba499454476e94ff8ab0bc50b1cb350f70d1","isMergeCommit":false,"messageTitle":"Add Event skeleton and adapt Storage to read and save events","messageBody":"","fileTypesAndContributionMap":{"functional-code":{"insertions":165,"deletions":16}}},{"hash":"6b1ad300b6568efeffdb2d41bc1d625c7667948d","isMergeCommit":false,"messageTitle":"AddCommandParser: Fix CI","messageBody":"","fileTypesAndContributionMap":{"functional-code":{"insertions":1,"deletions":1}}},{"hash":"37fb2c4440f0b95f5fe248d150d35de11918851e","isMergeCommit":false,"messageTitle":"SampleDataUtil: Fix CI","messageBody":"","fileTypesAndContributionMap":{"functional-code":{"insertions":18,"deletions":18}}}]},{"date":"2023-10-20","commitResults":[{"hash":"c61c358091d5ff3e5ca57255191f880770595fca","isMergeCommit":false,"messageTitle":"Add unit tests for Json adapted classes in Storage","messageBody":"","fileTypesAndContributionMap":{"functional-code":{"insertions":15,"deletions":4},"test-code":{"insertions":95,"deletions":0}}},{"hash":"60be6b6d08fdb54a2060d69194d776496409bb55","isMergeCommit":false,"messageTitle":"Fix checkstyle issues","messageBody":"","fileTypesAndContributionMap":{"functional-code":{"insertions":2,"deletions":2},"test-code":{"insertions":2,"deletions":2}}}]},{"date":"2023-10-26","commitResults":[{"hash":"898f2bc63f49dbc03b020678a331b9aab6d0fd91","isMergeCommit":false,"messageTitle":"DG: Add user story and use case for add tag feature","messageBody":"","fileTypesAndContributionMap":{"docs":{"insertions":38,"deletions":16}}}]},{"date":"2023-10-27","commitResults":[{"hash":"4853201b4595779c54091dea850b68341e246d39","isMergeCommit":false,"messageTitle":"Update DG for Storage","messageBody":"","fileTypesAndContributionMap":{"docs":{"insertions":5,"deletions":1}}},{"hash":"08de20d7d1efce5ee75505a2e26d59a2d23372ab","isMergeCommit":false,"messageTitle":"Add \u0027add tag\u0027 feature","messageBody":"","fileTypesAndContributionMap":{"functional-code":{"insertions":139,"deletions":2}}},{"hash":"bc0eb912256eeea9aac1987994750aed1517d50d","isMergeCommit":false,"messageTitle":"Add tests for \u0027add tag\u0027 feeature","messageBody":"","fileTypesAndContributionMap":{"test-code":{"insertions":241,"deletions":4}}},{"hash":"b73ec276823f2bd9e344e502265885504a8acc66","isMergeCommit":false,"messageTitle":"Add \u0027delete tag\u0027 feature","messageBody":"","fileTypesAndContributionMap":{"functional-code":{"insertions":132,"deletions":5}}},{"hash":"eceb36ae140560a32d27734f2c78f9d61dc2278f","isMergeCommit":false,"messageTitle":"Add tests for \u0027delete tag\u0027 feature","messageBody":"","fileTypesAndContributionMap":{"functional-code":{"insertions":11,"deletions":6},"test-code":{"insertions":175,"deletions":7}}}]},{"date":"2023-10-28","commitResults":[{"hash":"65bb9a3c9f083ab24041dafc4fa445ef56de45bb","isMergeCommit":false,"messageTitle":"Update UG and DG for tag-related features","messageBody":"","fileTypesAndContributionMap":{"docs":{"insertions":53,"deletions":11}}},{"hash":"0593916a08093af8f684b9a41d3704bb2d20e8cd","isMergeCommit":false,"messageTitle":"Add tag prefix and example to add person usage message","messageBody":"","fileTypesAndContributionMap":{"functional-code":{"insertions":3,"deletions":1}}},{"hash":"5fc2175e3d2f4489d650f5446fca5c0225b56848","isMergeCommit":false,"messageTitle":"Fix errors in add person help message","messageBody":"","fileTypesAndContributionMap":{"functional-code":{"insertions":2,"deletions":1}}},{"hash":"3e1ff51c7e42e27e1a7503a653904d75144dc2da","isMergeCommit":false,"messageTitle":"Update summary in UG","messageBody":"","fileTypesAndContributionMap":{"docs":{"insertions":2,"deletions":0}}},{"hash":"bbd0a3ea73ee5942fe650ce6a6fcb944de5a3e56","isMergeCommit":true,"messageTitle":"Merge branch \u0027master\u0027 into add-tag","messageBody":"","fileTypesAndContributionMap":{}},{"hash":"1ea5980401d3349b0059d422149015abea381eb5","isMergeCommit":false,"messageTitle":"Add more tests to improve coverage","messageBody":"","fileTypesAndContributionMap":{"test-code":{"insertions":18,"deletions":7}}},{"hash":"51ed10ff7ac017d40370c5c895f7708e7e250a4b","isMergeCommit":true,"messageTitle":"Merge branch \u0027add-tag\u0027 of https://github.com/zekone/tp into add-tag","messageBody":"","fileTypesAndContributionMap":{}}]},{"date":"2023-11-02","commitResults":[{"hash":"245d4b14a7eaba1f39e63605bacf402bd91a37ba","isMergeCommit":true,"messageTitle":"Merge and resolve conflict","messageBody":"","fileTypesAndContributionMap":{}},{"hash":"3ba728feae91802237d8d05fa8bd301e2523612f","isMergeCommit":true,"messageTitle":"Merge pull request #71 from larrywang0701/more-event-feature","messageBody":"","fileTypesAndContributionMap":{}},{"hash":"293a83e3ca78782a35b197a2f4067d26dc164939","isMergeCommit":true,"messageTitle":"Merge branch \u0027master\u0027 of https://github.com/zekone/tp","messageBody":"","fileTypesAndContributionMap":{}},{"hash":"bbf641ae6b06692bc25c8c59f7dd3a8ee5a2f225","isMergeCommit":true,"messageTitle":"Merge branch \u0027master\u0027 into add-tag","messageBody":"","fileTypesAndContributionMap":{}},{"hash":"36e01b7631d6101ffbb944f0bc2e95898a9e916c","isMergeCommit":true,"messageTitle":"Merge branch \u0027add-tag\u0027 of https://github.com/zekone/tp into add-tag","messageBody":"","fileTypesAndContributionMap":{}},{"hash":"efbaeae8983d3b78ca0a0bd16e596ec326445bf0","isMergeCommit":false,"messageTitle":"Improve UG","messageBody":"","fileTypesAndContributionMap":{"docs":{"insertions":65,"deletions":83}}},{"hash":"e333381bf789cff29cf165069b6ff7d60bef1032","isMergeCommit":false,"messageTitle":"Fix summary in UG","messageBody":"","fileTypesAndContributionMap":{"docs":{"insertions":1,"deletions":1}}},{"hash":"242cc2fae9aa8b558f4067dd58a56cc1c1c4a56b","isMergeCommit":true,"messageTitle":"Merge pull request #75 from zekone/master","messageBody":"Improve UG","fileTypesAndContributionMap":{}},{"hash":"3910a1144b4f9a18e61ae1a8e1716b13cba011c3","isMergeCommit":true,"messageTitle":"Merge pull request #76 from AndrewJanong/tag-features","messageBody":"Tag features","fileTypesAndContributionMap":{}},{"hash":"9668e4a05a39cabfbaa97748ec1ec0dc36c9997c","isMergeCommit":false,"messageTitle":"Update UG for modified list contact command","messageBody":"","fileTypesAndContributionMap":{"docs":{"insertions":17,"deletions":23}}},{"hash":"1ec2656de399add993b942c9d9ec23a7bde83949","isMergeCommit":true,"messageTitle":"Merge pull request #78 from zekone/master","messageBody":"Update UG for modified list contact command","fileTypesAndContributionMap":{}},{"hash":"ceadbe2040899d57c7778ce014e6e9d4018aa220","isMergeCommit":true,"messageTitle":"Merge pull request #77 from Nixx162/improve-ui","messageBody":"Improve UI","fileTypesAndContributionMap":{}}]},{"date":"2023-11-03","commitResults":[{"hash":"49364a7e3585e8d01166a6e0c83e43bfa77b074a","isMergeCommit":false,"messageTitle":"Removed list notes feature","messageBody":"","fileTypesAndContributionMap":{"functional-code":{"insertions":3,"deletions":36},"docs":{"insertions":8,"deletions":32}}},{"hash":"63b15001073c904f18e225512c8a02e02d7e5444","isMergeCommit":false,"messageTitle":"Remove test for removed files","messageBody":"","fileTypesAndContributionMap":{"test-code":{"insertions":0,"deletions":39}}},{"hash":"e45e9d5be677c31a19f65a7a5a5013d650cd4777","isMergeCommit":false,"messageTitle":"Tweak description in add event command","messageBody":"","fileTypesAndContributionMap":{"docs":{"insertions":2,"deletions":0}}},{"hash":"4fe5373244be148627f06fb8df790b5b540aedb2","isMergeCommit":true,"messageTitle":"Merge branch \u0027AY2324S1-CS2103T-W16-1:master\u0027 into master","messageBody":"","fileTypesAndContributionMap":{}},{"hash":"d25579c0650d3a2b63cdeb21b419086f414d120f","isMergeCommit":true,"messageTitle":"Merge pull request #80 from zekone/master","messageBody":"Tweak description in add event command","fileTypesAndContributionMap":{}},{"hash":"2dac6808b3673179740d7c303558cb48820c1886","isMergeCommit":false,"messageTitle":"Add find command in UG","messageBody":"","fileTypesAndContributionMap":{"docs":{"insertions":13,"deletions":3}}},{"hash":"07ab744f913b9ac69c1091ad80bf44e8311ec65b","isMergeCommit":true,"messageTitle":"Merge pull request #81 from zekone/update-UG","messageBody":"Add find command in UG","fileTypesAndContributionMap":{}},{"hash":"785ffeb9eec365aed1dee3651392b3936cfd1f2c","isMergeCommit":true,"messageTitle":"Merge pull request #82 from Nixx162/improve-ui","messageBody":"Improve UI","fileTypesAndContributionMap":{}}]},{"date":"2023-11-08","commitResults":[{"hash":"9a666fa281fe32e23790dfd6e72de6d0795c1d9d","isMergeCommit":false,"messageTitle":"Add tag related command to help command","messageBody":"","fileTypesAndContributionMap":{"functional-code":{"insertions":10,"deletions":6}}},{"hash":"48d69cf815e3f7bbd4ce0eaba5fd7cb9152d65ce","isMergeCommit":false,"messageTitle":"Fix help messages","messageBody":"","fileTypesAndContributionMap":{"functional-code":{"insertions":11,"deletions":7}}},{"hash":"590f5eadf86b3bba3d416a488941703cc84638b2","isMergeCommit":false,"messageTitle":"Fix checkstyle issue","messageBody":"","fileTypesAndContributionMap":{"functional-code":{"insertions":2,"deletions":2}}},{"hash":"cd9d8329097cd1caf32e710508ef497f5102413f","isMergeCommit":false,"messageTitle":"Remove edit command entirely","messageBody":"","fileTypesAndContributionMap":{"functional-code":{"insertions":0,"deletions":389}}},{"hash":"9a445d5242cda9ec0b5d70ebd5a061308b91b652","isMergeCommit":false,"messageTitle":"Remove all edit related tests","messageBody":"","fileTypesAndContributionMap":{"test-code":{"insertions":0,"deletions":599}}},{"hash":"4f6e7552f298fad8ddf4b9c465b2135bd152aa88","isMergeCommit":false,"messageTitle":"Fix UG bugs","messageBody":"","fileTypesAndContributionMap":{"functional-code":{"insertions":16,"deletions":17},"docs":{"insertions":26,"deletions":10}}}]},{"date":"2023-11-09","commitResults":[{"hash":"e264b99fd2bafd77682120c868af0f383d1896bd","isMergeCommit":true,"messageTitle":"Merge pull request #151 from AndrewJanong/duplicate-person-bug","messageBody":"Change equals and isSamePerson method","fileTypesAndContributionMap":{}}]}],"AndrewJanong":[{"date":"2023-10-04","commitResults":[{"hash":"0e5fa357efb2496322b82f4981171251a305c811","isMergeCommit":false,"messageTitle":"Adapt user guide","messageBody":"","fileTypesAndContributionMap":{"docs":{"insertions":113,"deletions":97}}}]},{"date":"2023-10-05","commitResults":[{"hash":"8ccc10e82c08965669b8336d7248ff42bef25c68","isMergeCommit":false,"messageTitle":"Add skeletal ppp andrewjanong.md","messageBody":"","fileTypesAndContributionMap":{"docs":{"insertions":30,"deletions":0}}}]},{"date":"2023-10-06","commitResults":[{"hash":"168cd0230a16ddcdb6ed918538696df2fd91ffad","isMergeCommit":false,"messageTitle":"Add newline at EOF","messageBody":"","fileTypesAndContributionMap":{"docs":{"insertions":1,"deletions":1}}},{"hash":"61eddc5987d1dbefe881e40a117f4dbda442be38","isMergeCommit":true,"messageTitle":"Merge pull request #28 from josepholim/add-skeletal-ppp","messageBody":"Add Skeletal PPP josepholim","fileTypesAndContributionMap":{}}]},{"date":"2023-10-13","commitResults":[{"hash":"d0e83be60022ccded4eb59ee75aca2689b17b894","isMergeCommit":false,"messageTitle":"Fix prefix in CliSyntax","messageBody":"","fileTypesAndContributionMap":{"functional-code":{"insertions":4,"deletions":4}}}]},{"date":"2023-10-14","commitResults":[{"hash":"09105a56c28e6ee26d8911999a24c37f5045c84d","isMergeCommit":false,"messageTitle":"Make changes to contact commands","messageBody":"Some changes made:\n* Adapt command messages to fit better for our product\n* Not allow tags (tags feature will be better implemented later)\n","fileTypesAndContributionMap":{"functional-code":{"insertions":23,"deletions":25}}},{"hash":"0f9c3e06f9b0de73653d02849bfd9749758fe2fd","isMergeCommit":false,"messageTitle":"Remove tags for add contact commad","messageBody":"","fileTypesAndContributionMap":{"functional-code":{"insertions":1,"deletions":1}}},{"hash":"ea6d3f1fa5a32da20e9015bbd59a4593c086d202","isMergeCommit":false,"messageTitle":"Fix checkstyle error","messageBody":"","fileTypesAndContributionMap":{"functional-code":{"insertions":0,"deletions":6}}},{"hash":"12aabb5d9a3e5c5c12cd61c2df55ee304274bc29","isMergeCommit":false,"messageTitle":"Fix failed tests","messageBody":"","fileTypesAndContributionMap":{"functional-code":{"insertions":2,"deletions":2}}}]},{"date":"2023-10-16","commitResults":[{"hash":"404bc6175a9766dcce6089b6c67422fc5f1fbeb1","isMergeCommit":true,"messageTitle":"Merge pull request #39 from josepholim/add-note","messageBody":"Add note and delete note feature","fileTypesAndContributionMap":{}},{"hash":"ac3197f5a4aeda31e805b365d3f0e317a0586acc","isMergeCommit":false,"messageTitle":"Add list notes feature","messageBody":"","fileTypesAndContributionMap":{"functional-code":{"insertions":47,"deletions":0}}},{"hash":"aee9602f7366cf1e37d72d258fae299836df02df","isMergeCommit":false,"messageTitle":"Make note id visible in notes list","messageBody":"","fileTypesAndContributionMap":{"functional-code":{"insertions":12,"deletions":7}}},{"hash":"9b9ed0fec195fed0fa8e4d46f2ab4751a448609f","isMergeCommit":false,"messageTitle":"Fix failed checks","messageBody":"Fixed some checkstyle error and missed method in test file\n","fileTypesAndContributionMap":{"functional-code":{"insertions":6,"deletions":4},"test-code":{"insertions":5,"deletions":0}}},{"hash":"0d6175f12af9efccad983402bec57b17d35cd715","isMergeCommit":true,"messageTitle":"Merge pull request #42 from josepholim/add-note-tests","messageBody":"Add More Tests for Notes","fileTypesAndContributionMap":{}}]},{"date":"2023-10-20","commitResults":[{"hash":"a544f9af4ce1071f7e1bf3c6436e762c9b5bb602","isMergeCommit":true,"messageTitle":"Merge pull request #43 from Nixx162/Improve-help-command","messageBody":"Improve help command","fileTypesAndContributionMap":{}}]},{"date":"2023-10-26","commitResults":[{"hash":"c8be6ba0658b1d570ba276c22bb2b8f259f700a1","isMergeCommit":true,"messageTitle":"Merge pull request #52 from josepholim/add-dg-delete-tags","messageBody":"Add dg delete tags","tags":["v1.3.trial"],"fileTypesAndContributionMap":{}}]},{"date":"2023-10-27","commitResults":[{"hash":"690c273881a64c09ac35702f068deb2776f288fe","isMergeCommit":false,"messageTitle":"Add use case for edit tag in DG","messageBody":"","fileTypesAndContributionMap":{"docs":{"insertions":31,"deletions":2}}},{"hash":"a33e41bc0f7cf527fe1f3d4c4a57132d8e0e31a9","isMergeCommit":false,"messageTitle":"Add user stories for edit tags","messageBody":"","fileTypesAndContributionMap":{"docs":{"insertions":15,"deletions":14}}},{"hash":"c165e7b254c9e202e7f875f7134552edb29302de","isMergeCommit":true,"messageTitle":"Merge pull request #57 from AndrewJanong/add-tags-dg","messageBody":"Add tags dg","fileTypesAndContributionMap":{}}]},{"date":"2023-10-30","commitResults":[{"hash":"9cc40b28247ab852d4c6cd6151041ce88012de0d","isMergeCommit":true,"messageTitle":"Merge pull request #66 from josepholim/update-dg-notes","messageBody":"Update dg notes","fileTypesAndContributionMap":{}}]},{"date":"2023-11-01","commitResults":[{"hash":"96b65985aee10f96eb9cefd3a52adb687fb304cf","isMergeCommit":true,"messageTitle":"Merge branch \u0027master\u0027 into add-tag","messageBody":"","fileTypesAndContributionMap":{}}]},{"date":"2023-11-02","commitResults":[{"hash":"2910839aa2305fb87746a88ff6d15074e9522039","isMergeCommit":true,"messageTitle":"Merge pull request #63 from zekone/add-tag","messageBody":"Add tag-related features","fileTypesAndContributionMap":{}},{"hash":"8216d99da0583eda2cde76605e74f7431477b43d","isMergeCommit":false,"messageTitle":"Add tag argument in list contact","messageBody":"list contact can now accept tag arguments.\n\nWith the tag arguments, the command will only show contacts which have a tag in the arguments. If left empty, command will simply show all contacts.\n","fileTypesAndContributionMap":{"functional-code":{"insertions":84,"deletions":2}}},{"hash":"91868c77c07d234b6e3d3d248374aa20572537b7","isMergeCommit":false,"messageTitle":"Fix checkstyle and test case fails","messageBody":"","fileTypesAndContributionMap":{"functional-code":{"insertions":1,"deletions":15},"test-code":{"insertions":8,"deletions":2}}},{"hash":"06411ed4a9d619a102ca688d7e6126577d39e86b","isMergeCommit":false,"messageTitle":"Edit comments, user guide, and developer guide","messageBody":"","fileTypesAndContributionMap":{"functional-code":{"insertions":1,"deletions":1},"docs":{"insertions":16,"deletions":37}}},{"hash":"993b7806309c9323b6cb429ad8bab51fdd0ccc57","isMergeCommit":false,"messageTitle":"Changes for functions that require id","messageBody":"Now, the functions that has an id argument will apply to the ids of the contacts with the current filter.\n","fileTypesAndContributionMap":{"functional-code":{"insertions":12,"deletions":4}}},{"hash":"c5e58c7f1298910a6608313d515bc5dce85ecf1e","isMergeCommit":false,"messageTitle":"Add test cases","messageBody":"","fileTypesAndContributionMap":{"functional-code":{"insertions":2,"deletions":2},"test-code":{"insertions":49,"deletions":0}}},{"hash":"63cf5c08e4c5de9623a6edd18656c074000abcc5","isMergeCommit":true,"messageTitle":"Merge branch \u0027master\u0027 into tag-features","messageBody":"","fileTypesAndContributionMap":{}}]},{"date":"2023-11-03","commitResults":[{"hash":"6f6927d31be0736ddb8d580474442da009310f04","isMergeCommit":false,"messageTitle":"Fix minor bug on events","messageBody":"There was a problem on the add event and delete event commands, where they don\u0027t work when there is no end time. This is because one of the functions used does not allow null values.\n\nTo solve this, inside the function was made so that the end time would be equal to the start time when it is null.\n","fileTypesAndContributionMap":{"functional-code":{"insertions":14,"deletions":0}}},{"hash":"5e36db0ab6e9ef397effdb83ec7708621b2946ed","isMergeCommit":false,"messageTitle":"Fix checkstyle","messageBody":"","fileTypesAndContributionMap":{"functional-code":{"insertions":2,"deletions":2}}}]},{"date":"2023-11-09","commitResults":[{"hash":"d1bd48bc38df75482789a7f108d6fdc7d9c2d63c","isMergeCommit":false,"messageTitle":"Change equals and isSamePerson method","messageBody":"Changes were made so that both methods do not compare tags when checking if two Person objects are the same.\n","fileTypesAndContributionMap":{"functional-code":{"insertions":3,"deletions":4}}},{"hash":"1fba949f284656cf0fc1357b6781a4cd965b40a9","isMergeCommit":false,"messageTitle":"Adjust test cases for equals and isSamePerson method","messageBody":"","fileTypesAndContributionMap":{"test-code":{"insertions":4,"deletions":4}}},{"hash":"9cedc7b12ffc5dc2c63f63cd0e4e13a1c4e36c04","isMergeCommit":true,"messageTitle":"Merge pull request #152 from Nixx162/fix-tag-update","messageBody":"Fix: UI now updates when tag is updated","fileTypesAndContributionMap":{}}]}],"josepholim":[{"date":"2023-10-04","commitResults":[{"hash":"70bc34b896ff8b5490177a05aabf00ba615c1401","isMergeCommit":false,"messageTitle":"Add Non-Functional Requirements","messageBody":"","fileTypesAndContributionMap":{"docs":{"insertions":7,"deletions":2}}}]},{"date":"2023-10-05","commitResults":[{"hash":"36011bc3501c53ae6badaa5ca4d0fbb645745ce1","isMergeCommit":true,"messageTitle":"Merge pull request #12 from josepholim/add-non-functional-req","messageBody":"Add Non-Functional Requirements","fileTypesAndContributionMap":{}},{"hash":"0c295d7bdf7ca27e9668e2c3a3979ea48a0f0f4b","isMergeCommit":false,"messageTitle":"Add Use Cases","messageBody":"","fileTypesAndContributionMap":{"docs":{"insertions":172,"deletions":12}}},{"hash":"684b61bf079eeb1056a631b842128336967a735d","isMergeCommit":true,"messageTitle":"Merge pull request #22 from zekone/add-photo","messageBody":"Add zekone.png","fileTypesAndContributionMap":{}},{"hash":"933243a929a71388a10b30e35f64b219792e8c50","isMergeCommit":false,"messageTitle":"Add Skeletal PPP josepholim","messageBody":"","fileTypesAndContributionMap":{"docs":{"insertions":32,"deletions":0}}}]},{"date":"2023-10-07","commitResults":[{"hash":"938ff07c74220288ad6c8acc8074a2523b158e22","isMergeCommit":true,"messageTitle":"Merge pull request #30 from AY2324S1-CS2103T-W16-1/AboutUsUpdate","messageBody":"Update AboutUs","fileTypesAndContributionMap":{}}]},{"date":"2023-10-14","commitResults":[{"hash":"0c0fde5de89b0b02d8fbc45cae1d2a00f80efe8b","isMergeCommit":true,"messageTitle":"Merge pull request #38 from AndrewJanong/contact-main-features","messageBody":"Contact commands","fileTypesAndContributionMap":{}}]},{"date":"2023-10-15","commitResults":[{"hash":"041ed0d22dc9b3ec8fc9f657924c8fde88e1d059","isMergeCommit":false,"messageTitle":"add notes feature","messageBody":"","fileTypesAndContributionMap":{"functional-code":{"insertions":318,"deletions":31}}},{"hash":"dee52fc057b43c2dd4de85e4a92a375f81da441a","isMergeCommit":false,"messageTitle":"Change User Guide for notes","messageBody":"","fileTypesAndContributionMap":{"docs":{"insertions":6,"deletions":6}}},{"hash":"4abc955141c57ec81c5d2eaa03abefb74cd20623","isMergeCommit":false,"messageTitle":"Add tests for notes","messageBody":"","fileTypesAndContributionMap":{"test-code":{"insertions":136,"deletions":0}}}]},{"date":"2023-10-16","commitResults":[{"hash":"b60311fc2c96a7f13588a714de4b74642d5fffb2","isMergeCommit":true,"messageTitle":"Merge pull request #41 from AndrewJanong/list-notes-feature","messageBody":"List notes feature","fileTypesAndContributionMap":{}},{"hash":"dc5758aac5702db735e1fd28fee2facf4d3870d8","isMergeCommit":false,"messageTitle":"Add More Tests for Notes","messageBody":"","fileTypesAndContributionMap":{"functional-code":{"insertions":104,"deletions":0},"test-code":{"insertions":342,"deletions":0}}},{"hash":"2630a98239dc4e5e5b9b7d7fe1e57791cc2ddb7b","isMergeCommit":false,"messageTitle":"Add more tests for Note Commands","messageBody":"","fileTypesAndContributionMap":{"test-code":{"insertions":61,"deletions":1}}}]},{"date":"2023-10-26","commitResults":[{"hash":"ca59dc85d0955343068715469c035ecfa88b7666","isMergeCommit":true,"messageTitle":"Merge pull request #47 from larrywang0701/milestone3","messageBody":"Fix the bug that accepts empty string as command argument in event commands","fileTypesAndContributionMap":{}},{"hash":"e015d765d765ed26d4c1bc5f5fa9af359e0f6273","isMergeCommit":true,"messageTitle":"Merge pull request #49 from zekone/update-DG","messageBody":"Add user story and use case for add tag feature","fileTypesAndContributionMap":{}},{"hash":"e08c7abf9151c34f9afbce5b178a0235cc47b701","isMergeCommit":false,"messageTitle":"Add DG for Delete Tags","messageBody":"","fileTypesAndContributionMap":{"docs":{"insertions":34,"deletions":4}}},{"hash":"0df9146e57715dd0eb644fba20f13a4e311a6406","isMergeCommit":false,"messageTitle":"Add User Stories for Delete Tags","messageBody":"","fileTypesAndContributionMap":{"docs":{"insertions":3,"deletions":2}}}]},{"date":"2023-10-27","commitResults":[{"hash":"cd14534d30470babc1fbc420e0c76f77252ef3b7","isMergeCommit":false,"messageTitle":"Fix bug empty fields note","messageBody":"","fileTypesAndContributionMap":{"functional-code":{"insertions":226,"deletions":40},"test-code":{"insertions":211,"deletions":33}}},{"hash":"11946e01245cb0a8670d184f34847cbd8f8b91c4","isMergeCommit":false,"messageTitle":"Enable Assertions in build.gradle","messageBody":"","fileTypesAndContributionMap":{"other":{"insertions":4,"deletions":0}}}]},{"date":"2023-10-30","commitResults":[{"hash":"5695b6f38489242d1a105f0e09c38b987a3d6985","isMergeCommit":true,"messageTitle":"Merge branch \u0027master\u0027 of https://github.com/AY2324S1-CS2103T-W16-1/tp","messageBody":"","fileTypesAndContributionMap":{}},{"hash":"667e2be30793fb8578ad80c73af5e53b6cbb835b","isMergeCommit":false,"messageTitle":"Update DG for notes","messageBody":"","fileTypesAndContributionMap":{"docs":{"insertions":5,"deletions":5}}},{"hash":"9b2d7534c48231fd67059d3282b2404bcfdd2921","isMergeCommit":false,"messageTitle":"Remove irrelevant updates","messageBody":"","fileTypesAndContributionMap":{"other":{"insertions":0,"deletions":4}}}]},{"date":"2023-10-31","commitResults":[{"hash":"5917a67b8bba80d902ddb005bb5f3d4e91c2858c","isMergeCommit":true,"messageTitle":"Merge pull request #67 from Nixx162/allow-assertion","messageBody":"Enable assertion in build.gradle","fileTypesAndContributionMap":{}},{"hash":"05c2290bd49889009bb140b1a477c31675caeaa0","isMergeCommit":true,"messageTitle":"Merge pull request #60 from josepholim/fix-empty-fields-note","messageBody":"Fix bug empty fields note","fileTypesAndContributionMap":{}}]},{"date":"2023-11-02","commitResults":[{"hash":"0681806ce010001a271a0dfc4a7c08e726669296","isMergeCommit":false,"messageTitle":"Fix assertion duplicate contacts","messageBody":"","fileTypesAndContributionMap":{"functional-code":{"insertions":11,"deletions":4},"test-code":{"insertions":28,"deletions":29}}},{"hash":"74e3b6bf6e6a38b1e679cb91a38b7a23d2babe65","isMergeCommit":true,"messageTitle":"Merge pull request #72 from josepholim/fix-assertion-contact","messageBody":"Fix assertion duplicate contacts","fileTypesAndContributionMap":{}}]},{"date":"2023-11-03","commitResults":[{"hash":"55f75870c45d0af13c84695fa483d9ef502fe87b","isMergeCommit":true,"messageTitle":"Merge pull request #79 from zekone/remove-list-notes","messageBody":"Removed list notes feature","fileTypesAndContributionMap":{}}]}],"Nixx162":[{"date":"2023-10-04","commitResults":[{"hash":"718977c787beef037f2d802a3a1fc27aa39bbe5c","isMergeCommit":true,"messageTitle":"Merge pull request #10 from larrywang0701/master","messageBody":"Adapt User Stories","fileTypesAndContributionMap":{}}]},{"date":"2023-10-05","commitResults":[{"hash":"13c718e524f6123441b3d9c35bf694722a79a439","isMergeCommit":true,"messageTitle":"Merge pull request #11 from zekone/adapt-product-scope","messageBody":"Tweak product scope in DG","fileTypesAndContributionMap":{}},{"hash":"5ea3021fc654a9dada9ba798f6abe35e76b2e689","isMergeCommit":true,"messageTitle":"Merge pull request #13 from AndrewJanong/adapt-user-guide","messageBody":"Adapt user guide","fileTypesAndContributionMap":{}}]},{"date":"2023-10-06","commitResults":[{"hash":"bb9a8d8499fa8604ab4bf46a5f3b42129b61ffef","isMergeCommit":false,"messageTitle":"docs: Update docs to fit current product","messageBody":"","fileTypesAndContributionMap":{"docs":{"insertions":11,"deletions":12}}},{"hash":"e583edd994cd436db92d6b8c3e323371511aac31","isMergeCommit":true,"messageTitle":"Merge pull request #25 from josepholim/add-use-cases","messageBody":"Add Use Cases","fileTypesAndContributionMap":{}},{"hash":"1ada421fafd4e67e03ccb01a90e46f7c6a737360","isMergeCommit":true,"messageTitle":"Merge pull request #26 from AndrewJanong/add-skeletal-ppp","messageBody":"Add skeletal ppp andrewjanong.md","fileTypesAndContributionMap":{}},{"hash":"4f26521e8da0d143dda3353e2be467f1b1fbd0bd","isMergeCommit":true,"messageTitle":"Merge pull request #27 from josepholim/add-photo","messageBody":"Add Photo for josepholim","fileTypesAndContributionMap":{}},{"hash":"ac865e41d411cf53fe618ab1cf8dbfbff2118cbd","isMergeCommit":false,"messageTitle":"docs: Update markbind to fit current product","messageBody":"","fileTypesAndContributionMap":{"docs":{"insertions":1,"deletions":1}}},{"hash":"1b21f12faaa33cdee6c3bfcdfaba916cfb27a1ee","isMergeCommit":false,"messageTitle":"docs: update README to include codecov badge","messageBody":"","fileTypesAndContributionMap":{"docs":{"insertions":1,"deletions":0}}},{"hash":"f619d3bdefe72584cd479e1c9afcbcdba0f9f77e","isMergeCommit":true,"messageTitle":"Merge branch \u0027master\u0027 into README-update","messageBody":"","fileTypesAndContributionMap":{}},{"hash":"5842895cf58446fdafb5f9069139398f0cceca98","isMergeCommit":true,"messageTitle":"Merge branch \u0027master\u0027 of https://github.com/AY2324S1-CS2103T-W16-1/tp into README-update","messageBody":"","fileTypesAndContributionMap":{}},{"hash":"c092589a09ae9015410a39f0f067b1fe1166b7cf","isMergeCommit":false,"messageTitle":"docs: changes to website index page","messageBody":"","fileTypesAndContributionMap":{"docs":{"insertions":6,"deletions":6}}},{"hash":"6ac2ba2376646b42bafff61d8b005ef18191dba2","isMergeCommit":false,"messageTitle":"docs: changed wrong links in README","messageBody":"","fileTypesAndContributionMap":{"docs":{"insertions":1,"deletions":1}}},{"hash":"42fe2390b03615a0dea94421aa8eaa8c09e27535","isMergeCommit":true,"messageTitle":"Merge pull request #29 from AY2324S1-CS2103T-W16-1/README-update","messageBody":"Update README and Markbind website","fileTypesAndContributionMap":{}}]},{"date":"2023-10-07","commitResults":[{"hash":"2bdbe06dd6c9ce4d531a1b7cdfad3053d23dd414","isMergeCommit":false,"messageTitle":"docs: Upload photo and skeletal PPP","messageBody":"","fileTypesAndContributionMap":{"docs":{"insertions":32,"deletions":0}}},{"hash":"6c2c202886d7b934d23068884a8dadfd93903f12","isMergeCommit":false,"messageTitle":"docs: Updated AboutUs.md","messageBody":"","fileTypesAndContributionMap":{"docs":{"insertions":23,"deletions":29}}},{"hash":"ad442206c0d25fa651b6e914a91cb5ccd1cfca2c","isMergeCommit":false,"messageTitle":"style: Remove trailing whitespaces","messageBody":"","fileTypesAndContributionMap":{"docs":{"insertions":7,"deletions":7}}}]},{"date":"2023-10-13","commitResults":[{"hash":"ab7988c1eb3485a75c8acf7f5074211da6fb9824","isMergeCommit":true,"messageTitle":"Merge pull request #33 from larrywang0701/event-feature","messageBody":"Add event feature","fileTypesAndContributionMap":{}},{"hash":"4a8954e5fcca8625763ed3b3030f0a4799fe5652","isMergeCommit":true,"messageTitle":"Merge pull request #37 from AndrewJanong/cli-syntax-fix","messageBody":"Fix prefix in CliSyntax","fileTypesAndContributionMap":{}}]},{"date":"2023-10-17","commitResults":[{"hash":"b836fdf4bc6373e15a3f7cbb94400e8a317bec96","isMergeCommit":false,"messageTitle":"style: fix some typo","messageBody":"","fileTypesAndContributionMap":{"functional-code":{"insertions":2,"deletions":2}}}]},{"date":"2023-10-18","commitResults":[{"hash":"c0c1669030aa680b379f20a9968ad9ef77e2b075","isMergeCommit":false,"messageTitle":"feat: improve help command","messageBody":"","fileTypesAndContributionMap":{"functional-code":{"insertions":229,"deletions":6}}},{"hash":"bf715319a6f4b5b802045257a01458df86ae6ab4","isMergeCommit":false,"messageTitle":"refactor: remove field showHelp from Command","messageBody":"","fileTypesAndContributionMap":{"functional-code":{"insertions":4,"deletions":18},"test-code":{"insertions":6,"deletions":19}}},{"hash":"942264b8cd71b855e5cdc8d0ace28c12bf294724","isMergeCommit":false,"messageTitle":"style: fix style to match coding practices","messageBody":"","fileTypesAndContributionMap":{"functional-code":{"insertions":22,"deletions":24}}},{"hash":"c878569ab6799995574235efd07d3ea854b2dbc2","isMergeCommit":false,"messageTitle":"style: fix more checkstyle issue","messageBody":"","fileTypesAndContributionMap":{"functional-code":{"insertions":7,"deletions":9}}},{"hash":"8963ef13edc9d279a702a676dd707cec5f2019b1","isMergeCommit":false,"messageTitle":"style: fix more checkstyle","messageBody":"","fileTypesAndContributionMap":{"functional-code":{"insertions":37,"deletions":45}}},{"hash":"d6c313da07babd5f5a4e9f06ac4a662db88ee723","isMergeCommit":false,"messageTitle":"test: delete testfile for help command, tba later","messageBody":"","fileTypesAndContributionMap":{"test-code":{"insertions":0,"deletions":14}}}]},{"date":"2023-10-19","commitResults":[{"hash":"d2fe8f83e170e2cf4415d1e1ba4743f4b6336943","isMergeCommit":false,"messageTitle":"test: add testcases to HelpCommandParser","messageBody":"","fileTypesAndContributionMap":{"functional-code":{"insertions":20,"deletions":1},"test-code":{"insertions":33,"deletions":0}}}]},{"date":"2023-10-20","commitResults":[{"hash":"4c262bed12faeacafa605b311096a0039e833bf7","isMergeCommit":true,"messageTitle":"Merge pull request #45 from zekone/test-storage","messageBody":"Add unit tests for Json adapted classes in Storage","fileTypesAndContributionMap":{}},{"hash":"61e0c624b1b7edd1ace3bbd3e9ae52813f210c3d","isMergeCommit":true,"messageTitle":"Merge branch \u0027master\u0027 of https://github.com/AY2324S1-CS2103T-W16-1/tp into Improve-help-command","messageBody":"","fileTypesAndContributionMap":{}},{"hash":"fed040316d1b72f56f6d28b4894d7bff6946c70f","isMergeCommit":false,"messageTitle":"style: fix checkstyle","messageBody":"","fileTypesAndContributionMap":{"test-code":{"insertions":2,"deletions":1}}},{"hash":"ccca5560345dd77c0ff11f81a9b9e750ddc36984","isMergeCommit":false,"messageTitle":"refactor: Abstracted some process to the Messages class","messageBody":"","fileTypesAndContributionMap":{"functional-code":{"insertions":74,"deletions":0}}},{"hash":"c42221c471b2c4d37a75badb461cf31012ab6d54","isMergeCommit":false,"messageTitle":"refactor: Abstract some method from HelpCommand class","messageBody":"","fileTypesAndContributionMap":{"functional-code":{"insertions":3,"deletions":53}}},{"hash":"890fdf6ad10abef12e21fae72cb842b1fa81d3ad","isMergeCommit":false,"messageTitle":"test: Add some testcases","messageBody":"","fileTypesAndContributionMap":{"test-code":{"insertions":27,"deletions":0}}}]},{"date":"2023-10-27","commitResults":[{"hash":"41f5a1e14806e19fbad22b13cf67b6ade213e43f","isMergeCommit":false,"messageTitle":"docs: Add more info on find command to DG","messageBody":"","fileTypesAndContributionMap":{"docs":{"insertions":48,"deletions":1}}},{"hash":"3ce013247d38f58b32895c2d33d693f68d7373d7","isMergeCommit":false,"messageTitle":"docs: Fix item indexing","messageBody":"","fileTypesAndContributionMap":{"docs":{"insertions":1,"deletions":1}}},{"hash":"aebdfa4ef92b96001ad56cf097efe3e545df95fc","isMergeCommit":true,"messageTitle":"Merge branch \u0027master\u0027 of https://github.com/AY2324S1-CS2103T-W16-1/tp into improve-dg-find","messageBody":"","fileTypesAndContributionMap":{}},{"hash":"8132744cf982579159d6405e0f76009cfe94c723","isMergeCommit":true,"messageTitle":"Merge pull request #54 from zekone/update-DG","messageBody":"Update DG for Storage","fileTypesAndContributionMap":{}},{"hash":"5a9ad9a546a33396785ee495bbe6980110afc60b","isMergeCommit":true,"messageTitle":"Merge branch \u0027master\u0027 of https://github.com/AY2324S1-CS2103T-W16-1/tp into improve-dg-find","messageBody":"","fileTypesAndContributionMap":{}},{"hash":"8abd606526377b5b56c7e90b5c366e59fa2c5c05","isMergeCommit":false,"messageTitle":"docs: fix merge conflict","messageBody":"","fileTypesAndContributionMap":{"docs":{"insertions":82,"deletions":1}}},{"hash":"1c2b78b5393874a16c2642a14d0c938961b3fbc5","isMergeCommit":true,"messageTitle":"Merge pull request #59 from Nixx162/improve-dg-find","messageBody":"Add more info of find command to DG","fileTypesAndContributionMap":{}}]},{"date":"2023-10-30","commitResults":[{"hash":"25d17f5efec9cee7c3e2b00e431416e01b3e83c2","isMergeCommit":false,"messageTitle":"build: enable assertion from Gradle","messageBody":"","fileTypesAndContributionMap":{"other":{"insertions":4,"deletions":0}}}]},{"date":"2023-11-01","commitResults":[{"hash":"d9499e3985c0c141bd92803fb271ce1ba7d95271","isMergeCommit":false,"messageTitle":"fix: improve event by adding equal methods","messageBody":"","fileTypesAndContributionMap":{"functional-code":{"insertions":82,"deletions":0}}},{"hash":"37afe18fbbdea788da9b18e3148011af3f1cbbad","isMergeCommit":false,"messageTitle":"add a new list class along with exceptions","messageBody":"","fileTypesAndContributionMap":{"functional-code":{"insertions":166,"deletions":0}}},{"hash":"426076eb713fe2fdb72ae43110d2cc550cbb2891","isMergeCommit":false,"messageTitle":"add a new getEventList method","messageBody":"","fileTypesAndContributionMap":{"functional-code":{"insertions":12,"deletions":0}}},{"hash":"67d5b155356dab7556716495e1c24c885c36a2e6","isMergeCommit":false,"messageTitle":"fix: add checkstyle fixes","messageBody":"","fileTypesAndContributionMap":{"functional-code":{"insertions":1,"deletions":1},"docs":{"insertions":2,"deletions":2}}}]},{"date":"2023-11-02","commitResults":[{"hash":"5d46a115e374718a4f0b34cad409e7857c33e756","isMergeCommit":false,"messageTitle":"fix: fix encountered formatting bug","messageBody":"","fileTypesAndContributionMap":{"functional-code":{"insertions":2,"deletions":2}}},{"hash":"f77240d17f5afae682ae2cc357674430d2ca17fd","isMergeCommit":false,"messageTitle":"style: change contact list to table","messageBody":"","fileTypesAndContributionMap":{"functional-code":{"insertions":154,"deletions":14}}},{"hash":"6cf4de7cbade4a104762d46db5f016d2edd5858e","isMergeCommit":false,"messageTitle":"style: change tags color","messageBody":"","fileTypesAndContributionMap":{"functional-code":{"insertions":1,"deletions":1}}},{"hash":"90a24cf3c14f0dfaebfee3e18c873b9f89524436","isMergeCommit":false,"messageTitle":"style: change how note and event is represented","messageBody":"","fileTypesAndContributionMap":{"functional-code":{"insertions":5,"deletions":6}}},{"hash":"b62ec1642b251782ad362095804b714939d5232d","isMergeCommit":true,"messageTitle":"Merge branch \u0027master\u0027 of https://github.com/AY2324S1-CS2103T-W16-1/tp into improve-ui","messageBody":"","fileTypesAndContributionMap":{}},{"hash":"249f4c7cf687f89c2fb008208290f4a8ef9c790c","isMergeCommit":false,"messageTitle":"refactor: remove irrelevant classes","messageBody":"","fileTypesAndContributionMap":{"functional-code":{"insertions":0,"deletions":134}}},{"hash":"9782406e2bd095eccf482038867489886f446bdd","isMergeCommit":false,"messageTitle":"chore: fix checkstyle error","messageBody":"","fileTypesAndContributionMap":{"functional-code":{"insertions":3,"deletions":3}}},{"hash":"1d6632b128e08dd6ee55928c419182dd5c697ff1","isMergeCommit":false,"messageTitle":"chore: add more checkstyle fix","messageBody":"","fileTypesAndContributionMap":{"functional-code":{"insertions":12,"deletions":17}}}]},{"date":"2023-11-03","commitResults":[{"hash":"19c76c0cb8a88d111512d3c30af37ed844e24ed8","isMergeCommit":false,"messageTitle":"style: merged some columns of the list","messageBody":"","fileTypesAndContributionMap":{"functional-code":{"insertions":104,"deletions":28}}},{"hash":"f5fbb1e7935df43d66a982c75a5348efceec5643","isMergeCommit":false,"messageTitle":"style: adjust UI look","messageBody":"","fileTypesAndContributionMap":{"functional-code":{"insertions":11,"deletions":13}}},{"hash":"cf558eaf937721f3358aeb262c44435e9cb292c2","isMergeCommit":false,"messageTitle":"style: make result display bar larger","messageBody":"","fileTypesAndContributionMap":{"functional-code":{"insertions":1,"deletions":1}}},{"hash":"54f81bf0179eee0c015b483be95b9865d4f57168","isMergeCommit":false,"messageTitle":"chore: fix checkstyle errors","messageBody":"","fileTypesAndContributionMap":{"functional-code":{"insertions":1,"deletions":6}}},{"hash":"45182b596a17befa4c4146321021dd1b1d0fb29b","isMergeCommit":true,"messageTitle":"Merge branch \u0027master\u0027 of https://github.com/AY2324S1-CS2103T-W16-1/tp into improve-ui","messageBody":"","fileTypesAndContributionMap":{}},{"hash":"c671afd9ff5fe4cbee17956849edb419074a626a","isMergeCommit":false,"messageTitle":"chore: adjust constructor to include new boolean","messageBody":"","fileTypesAndContributionMap":{"functional-code":{"insertions":14,"deletions":5}}},{"hash":"2d6296d7c72f084ab4b61a4326997db37d1c9195","isMergeCommit":false,"messageTitle":"chore: adjust testcases to account for new constructor","messageBody":"","fileTypesAndContributionMap":{"test-code":{"insertions":4,"deletions":4}}},{"hash":"d4df98ed813b7d352fdeaca4bdb17f06da192b1e","isMergeCommit":false,"messageTitle":"feat: add filtered event list to logic","messageBody":"","fileTypesAndContributionMap":{"functional-code":{"insertions":10,"deletions":0}}},{"hash":"84c0ab60f4dde23faab821b43b8a1217d983099c","isMergeCommit":false,"messageTitle":"style: create a new eventlist window","messageBody":"","fileTypesAndContributionMap":{"functional-code":{"insertions":178,"deletions":1}}},{"hash":"42db864c4750819c768f0b957553d05b1d367ddd","isMergeCommit":false,"messageTitle":"chore: fix checkstyle","messageBody":"","fileTypesAndContributionMap":{"functional-code":{"insertions":2,"deletions":2}}},{"hash":"3af6a6991b9da303c55c1c335d70ce0257fe0058","isMergeCommit":false,"messageTitle":"test: fix testcases","messageBody":"","fileTypesAndContributionMap":{"test-code":{"insertions":1,"deletions":1}}},{"hash":"b999a1d73eb716e4e6f2bee8226690eba5ef6858","isMergeCommit":false,"messageTitle":"chore: fix more checkstyle","messageBody":"","fileTypesAndContributionMap":{"test-code":{"insertions":2,"deletions":1}}},{"hash":"7b1f7467809c0b2e276cf1a6480535fcc5faa3ea","isMergeCommit":false,"messageTitle":"chore: fix moreeeeee checkstyle","messageBody":"","fileTypesAndContributionMap":{"test-code":{"insertions":1,"deletions":1}}},{"hash":"0abcaa51f8a1fe67f70d45557957e3461f2f139a","isMergeCommit":true,"messageTitle":"Merge pull request #83 from AndrewJanong/event-bug-fix","messageBody":"Event bug fix","tags":["v1.3"],"fileTypesAndContributionMap":{}}]},{"date":"2023-11-08","commitResults":[{"hash":"4fcff1d061991c6b7e44f3ab30bb2a4738a84de5","isMergeCommit":true,"messageTitle":"Merge pull request #147 from zekone/add-tag-help","messageBody":"Add tag related command to help command","fileTypesAndContributionMap":{}},{"hash":"8991b05f930df209acbb63d737dd8da27a556b41","isMergeCommit":true,"messageTitle":"Merge pull request #148 from zekone/update-messages","messageBody":"Fix help messages","fileTypesAndContributionMap":{}},{"hash":"aa56dc1058488cd015f8db9a3ad2d3e6c6ee8c0f","isMergeCommit":true,"messageTitle":"Merge pull request #149 from zekone/remove-edit-command","messageBody":"Remove edit command entirely","fileTypesAndContributionMap":{}},{"hash":"31520988040e10c017017d9a96f827d51522cedb","isMergeCommit":true,"messageTitle":"Merge pull request #150 from zekone/update-UG","messageBody":"Fix UG bugs","fileTypesAndContributionMap":{}}]},{"date":"2023-11-09","commitResults":[{"hash":"35a908a95c7cec35c47b02dd33b11023b7d5b212","isMergeCommit":false,"messageTitle":"fix: UI now updates when tag is updated","messageBody":"","fileTypesAndContributionMap":{"functional-code":{"insertions":9,"deletions":3}}},{"hash":"563d8aa4a221bd2b8fb71be6abe02f602893d7d3","isMergeCommit":false,"messageTitle":"docs: modify user guide to describe expected behavior","messageBody":"","fileTypesAndContributionMap":{"docs":{"insertions":2,"deletions":2}}},{"hash":"378e8d3a4808c5d84b854b89949e4ceb1a8a12fe","isMergeCommit":false,"messageTitle":"chore: fix checkstyle","messageBody":"","fileTypesAndContributionMap":{"functional-code":{"insertions":1,"deletions":1}}}]}]},"authorFileTypeContributionMap":{"larrywang0701":{"docs":70,"functional-code":1581,"test-code":997},"zekone":{"docs":202,"functional-code":526,"test-code":515},"AndrewJanong":{"docs":76,"functional-code":126,"test-code":26},"josepholim":{"docs":209,"functional-code":594,"test-code":746},"Nixx162":{"docs":116,"functional-code":862,"test-code":49,"other":4}},"authorContributionVariance":{"larrywang0701":158647.95,"zekone":37397.0,"AndrewJanong":2136.3164,"josepholim":15339.608,"Nixx162":10666.277},"authorDisplayNameMap":{"larrywang0701":"CS2103T-W16-1 WANG..IHAN","zekone":"CS2103T-W16-1 HO K.. WEI","AndrewJanong":"CS2103T-W16-1 ANDR..NONG","josepholim":"CS2103T-W16-1 JOSE.. LIM","Nixx162":"CS2103T-W16-1 NICH..LDEN"}}
