{"authorDailyContributionsMap":{"alientian":[{"date":"2023-10-01","commitResults":[{"hash":"54d45e035e570e8b1bc81306ee8e70f01fab1c23","isMergeCommit":false,"messageTitle":"UG: add NFRs","messageBody":"","fileTypesAndContributionMap":{"docs":{"insertions":8,"deletions":5}}},{"hash":"28491b1bf5e66a9a0ffb3c4e34b37bc4af7a4e11","isMergeCommit":false,"messageTitle":"Update AboutUs","messageBody":"","fileTypesAndContributionMap":{"docs":{"insertions":5,"deletions":5}}},{"hash":"72d251f3d0de1fd57d4f414a34edfdef2266e52a","isMergeCommit":false,"messageTitle":"Add skeletal PPP","messageBody":"","fileTypesAndContributionMap":{"docs":{"insertions":43,"deletions":0}}}]},{"date":"2023-10-04","commitResults":[{"hash":"d89961559680ff75f52551caf376f1fad83a1ca8","isMergeCommit":false,"messageTitle":"Rename photo","messageBody":"","fileTypesAndContributionMap":{"docs":{"insertions":1,"deletions":1}}}]},{"date":"2023-10-05","commitResults":[{"hash":"15703d610a36e4b1cf73a7d04ec899089c4b440d","isMergeCommit":false,"messageTitle":"UI: Add Application details panel","messageBody":"","fileTypesAndContributionMap":{"functional-code":{"insertions":173,"deletions":15}}}]},{"date":"2023-10-18","commitResults":[{"hash":"35a99f0ebafcd0675c2c1d399ffa1d11a841f500","isMergeCommit":false,"messageTitle":"Update Edit Command","messageBody":"","fileTypesAndContributionMap":{"functional-code":{"insertions":70,"deletions":9},"docs":{"insertions":38,"deletions":0}}},{"hash":"cc296593cf0f8c8d9a78ee5bc30f6bb8dcd0e3d0","isMergeCommit":true,"messageTitle":"Resolve merge conflicts","messageBody":"","fileTypesAndContributionMap":{}},{"hash":"e5bfb93bc9b98378a2ec969a7cc73bb5873ae212","isMergeCommit":false,"messageTitle":"Update code style","messageBody":"","fileTypesAndContributionMap":{"functional-code":{"insertions":28,"deletions":11}}},{"hash":"7dfb43f002aee022c9ea2f8d97590318823cc1d9","isMergeCommit":false,"messageTitle":"Update test cases for Edit command","messageBody":"","fileTypesAndContributionMap":{"test-code":{"insertions":5,"deletions":1}}},{"hash":"48a03e4894f37a6cd342c6c7fae943040763c611","isMergeCommit":false,"messageTitle":"EditCommand: shorten success message","messageBody":"","fileTypesAndContributionMap":{"functional-code":{"insertions":2,"deletions":2},"docs":{"insertions":6,"deletions":6}}},{"hash":"ca2a9e13219c8fbe29499e692b8032fe81bc9605","isMergeCommit":true,"messageTitle":"Merge pull request #89 from alientian/update-edit-command","messageBody":"Update Edit Command","fileTypesAndContributionMap":{}},{"hash":"9514e88bc94b517e9a84c899dc83bf2f1eafeee2","isMergeCommit":false,"messageTitle":"EditCommand: edit test cases","messageBody":"","fileTypesAndContributionMap":{"functional-code":{"insertions":1,"deletions":1},"test-code":{"insertions":4,"deletions":4}}},{"hash":"3e938394268a2745dc898e6a3871eb099760166b","isMergeCommit":true,"messageTitle":"Merge branch \u0027master\u0027 into update-edit-command","messageBody":"","fileTypesAndContributionMap":{}},{"hash":"d66460e530dfb13ec1e8b213b97b028a2a36eeac","isMergeCommit":false,"messageTitle":"update edit command","messageBody":"","fileTypesAndContributionMap":{"functional-code":{"insertions":90,"deletions":13},"test-code":{"insertions":5,"deletions":1}}},{"hash":"ccc9604f3ec913241ea722e0bd03567e69e549b6","isMergeCommit":false,"messageTitle":"UG: add edit command","messageBody":"","fileTypesAndContributionMap":{"docs":{"insertions":39,"deletions":1}}},{"hash":"8e94b4ce9214246cb3e369293673408445223b4e","isMergeCommit":false,"messageTitle":"fix errors in UG","messageBody":"","fileTypesAndContributionMap":{"docs":{"insertions":1,"deletions":1}}},{"hash":"655b44e6ab5cbbba844cd786edfcc7fc04a37faa","isMergeCommit":false,"messageTitle":"Edit code style","messageBody":"","fileTypesAndContributionMap":{"functional-code":{"insertions":2,"deletions":2}}}]},{"date":"2023-10-25","commitResults":[{"hash":"ad4748cd9c34805d033a69bd7817febefb9c5c81","isMergeCommit":false,"messageTitle":"Company: Add Notes field","messageBody":"","fileTypesAndContributionMap":{"functional-code":{"insertions":159,"deletions":22},"test-code":{"insertions":218,"deletions":47}}}]},{"date":"2023-10-26","commitResults":[{"hash":"aca88f89ef2f26530ced36405a5fd56350b61d8c","isMergeCommit":false,"messageTitle":"Update UG: edit, clear, exit command","messageBody":"","fileTypesAndContributionMap":{"docs":{"insertions":24,"deletions":28}}},{"hash":"144ba09bc3033321bd910ae422349c8633e80e6b","isMergeCommit":false,"messageTitle":"Update DG: Implementations","messageBody":"","fileTypesAndContributionMap":{"docs":{"insertions":113,"deletions":0}}},{"hash":"d95705136b2ed161c8868e906b93791eb3bd519a","isMergeCommit":true,"messageTitle":"Merge branch \u0027master\u0027 into documentation","messageBody":"","fileTypesAndContributionMap":{}},{"hash":"48297a4bdf36152740008ab08f63050346b3722e","isMergeCommit":false,"messageTitle":"Edit code style","messageBody":"","fileTypesAndContributionMap":{"docs":{"insertions":33,"deletions":37}}},{"hash":"0c8467ffad00eb55ae2b9e1a3ceee0a31f006eba","isMergeCommit":true,"messageTitle":"Merge pull request #124 from alientian/documentation","messageBody":"Update UG: Implementation of Edit","fileTypesAndContributionMap":{}},{"hash":"7ce6c7e5dc74fe17cf385a468ec9208de44bc4bd","isMergeCommit":false,"messageTitle":"Add assertions","messageBody":"","fileTypesAndContributionMap":{"functional-code":{"insertions":2,"deletions":0}}}]},{"date":"2023-10-29","commitResults":[{"hash":"71cd00554577e2bcf385318f8fb7e9c0d919d679","isMergeCommit":false,"messageTitle":"Change Note to Remark","messageBody":"","fileTypesAndContributionMap":{"functional-code":{"insertions":237,"deletions":68},"other":{"insertions":18,"deletions":17},"test-code":{"insertions":20,"deletions":20}}},{"hash":"644b6f36362adcd0726731c4d76958ce32182fec","isMergeCommit":false,"messageTitle":"Remark: edit test cases","messageBody":"","fileTypesAndContributionMap":{"functional-code":{"insertions":14,"deletions":10},"test-code":{"insertions":287,"deletions":141}}}]},{"date":"2023-10-30","commitResults":[{"hash":"c1ca1a087079a14f240f2d92c0a4d5c756be4854","isMergeCommit":false,"messageTitle":"Remark: Add parser test cases","messageBody":"","fileTypesAndContributionMap":{"test-code":{"insertions":89,"deletions":0}}},{"hash":"bb461311008a1b97fb10a5f6aef38359d9e5746f","isMergeCommit":true,"messageTitle":"Merge branch \u0027master\u0027 into add-notes-field","messageBody":"","fileTypesAndContributionMap":{}},{"hash":"b357f16070cfff35707609f446a3a8b3da5cc6c3","isMergeCommit":false,"messageTitle":"Edit code style","messageBody":"","fileTypesAndContributionMap":{"functional-code":{"insertions":28,"deletions":19},"test-code":{"insertions":12,"deletions":14}}}]},{"date":"2023-10-31","commitResults":[{"hash":"f229a9da6c057e32405a3ccdf6b77afadd8c3d84","isMergeCommit":false,"messageTitle":"Remove remark from Add Command","messageBody":"","fileTypesAndContributionMap":{"functional-code":{"insertions":4,"deletions":12}}},{"hash":"d2bc6d34aa36e71f7ac85df24b30711be9452f5a","isMergeCommit":true,"messageTitle":"Merge branch \u0027master\u0027 into add-notes-field","messageBody":"","fileTypesAndContributionMap":{}},{"hash":"9d742ebf6988fc6e02d19e721a9fe8de08d2daca","isMergeCommit":false,"messageTitle":"Edit typo","messageBody":"","fileTypesAndContributionMap":{"test-code":{"insertions":1,"deletions":1}}},{"hash":"781208f58a4d6644eb0b54a49d4e87c37c335ef7","isMergeCommit":false,"messageTitle":"Edit test cases","messageBody":"","fileTypesAndContributionMap":{"test-code":{"insertions":17,"deletions":41}}},{"hash":"b3cc126aeaa15e2772d2face1b5566bec3a569b1","isMergeCommit":false,"messageTitle":"Edit code style","messageBody":"","fileTypesAndContributionMap":{"test-code":{"insertions":0,"deletions":5}}}]},{"date":"2023-11-01","commitResults":[{"hash":"b33677e91061c08d0988f317109e4fd36b1eef0c","isMergeCommit":false,"messageTitle":"Resolve comments","messageBody":"","fileTypesAndContributionMap":{"functional-code":{"insertions":9,"deletions":9},"test-code":{"insertions":2,"deletions":2}}},{"hash":"7bd6ec58226ef112c02580f02e5563200224a5b2","isMergeCommit":true,"messageTitle":"Merge branch \u0027master\u0027 into add-notes-field","messageBody":"","fileTypesAndContributionMap":{}}]},{"date":"2023-11-02","commitResults":[{"hash":"d756df6b1d14343b21327823b786ca0c764e6b17","isMergeCommit":false,"messageTitle":"Edit: Improve error message","messageBody":"","fileTypesAndContributionMap":{"functional-code":{"insertions":39,"deletions":2}}},{"hash":"12be874931ef37980efa713b762bf26cf78ce2d8","isMergeCommit":false,"messageTitle":"Edit code style","messageBody":"","fileTypesAndContributionMap":{"functional-code":{"insertions":2,"deletions":6}}},{"hash":"ffb63c81e1405cd2e1fc094a13c49e446086c3ca","isMergeCommit":false,"messageTitle":"Edit test cases","messageBody":"","fileTypesAndContributionMap":{"functional-code":{"insertions":4,"deletions":22},"test-code":{"insertions":6,"deletions":4}}},{"hash":"386e3847e43c86912b74e2e38fe29116dbf350ec","isMergeCommit":false,"messageTitle":"RemarkCommand: edit ui message","messageBody":"","fileTypesAndContributionMap":{"functional-code":{"insertions":2,"deletions":2}}},{"hash":"b1c91abc094ea0843df128a6be3bf413fab35019","isMergeCommit":false,"messageTitle":"Edit error message","messageBody":"","fileTypesAndContributionMap":{"functional-code":{"insertions":1,"deletions":2}}},{"hash":"048e4d45d6ef00c8a25ef763b7f4c9c4ba75b7c0","isMergeCommit":true,"messageTitle":"Merge branch \u0027master\u0027 into add-notes-field","messageBody":"","fileTypesAndContributionMap":{}},{"hash":"d91ae6a965f080e187d96d777e8e49c9cea1a930","isMergeCommit":false,"messageTitle":"Improve error handling","messageBody":"","fileTypesAndContributionMap":{"functional-code":{"insertions":10,"deletions":4},"test-code":{"insertions":7,"deletions":7}}}]}],"AlagappanRa":[{"date":"2023-09-25","commitResults":[{"hash":"59ba3962c4d6e2ee88f642118c3248fd6a2f3bce","isMergeCommit":false,"messageTitle":"Initial changes to Remark Command","messageBody":"","fileTypesAndContributionMap":{"functional-code":{"insertions":169,"deletions":30},"other":{"insertions":3,"deletions":0}}}]},{"date":"2023-09-26","commitResults":[{"hash":"d0af3a49a010e803bb8c7bd3f6fe381ac0ef0283","isMergeCommit":false,"messageTitle":"Add new remark command","messageBody":"","fileTypesAndContributionMap":{"functional-code":{"insertions":116,"deletions":61},"test-code":{"insertions":238,"deletions":147}}},{"hash":"5ec32302d75be3e218dbb70b1cab607fe501cfbd","isMergeCommit":true,"messageTitle":"Merge pull request #1 from AlagappanRa/tutorial-adding-command","messageBody":"Tutorial adding command","fileTypesAndContributionMap":{}},{"hash":"b41b1074d2e0ad0b1ab8d7d6750799813cfc9b81","isMergeCommit":false,"messageTitle":"To pass nonsence shell script with EOL check","messageBody":"","fileTypesAndContributionMap":{"functional-code":{"insertions":3,"deletions":4},"test-code":{"insertions":6,"deletions":8}}},{"hash":"8a14e119544157f4982a4b74e44c18284ff1c069","isMergeCommit":true,"messageTitle":"Merge pull request #2 from AlagappanRa/tutorial-adding-command","messageBody":"To pass nonsence shell script with EOL check","fileTypesAndContributionMap":{}},{"hash":"d1dab8992ce15ecfed591906d572e6a78516e692","isMergeCommit":false,"messageTitle":"Pass checkstyle","messageBody":"","fileTypesAndContributionMap":{"functional-code":{"insertions":67,"deletions":23},"test-code":{"insertions":30,"deletions":15}}},{"hash":"1e8191ec2f21a015c7abb7eeddd640881e18eee4","isMergeCommit":true,"messageTitle":"Merge pull request #3 from AlagappanRa/tutorial-adding-command","messageBody":"Pass checkstyle","fileTypesAndContributionMap":{}},{"hash":"ff52bfccacded485deb8b0df8558aa55c7519a8f","isMergeCommit":false,"messageTitle":"Revert \"Merge pull request #3 from AlagappanRa/tutorial-adding-command\"","messageBody":"This reverts commit 1e8191ec2f21a015c7abb7eeddd640881e18eee4, reversing\nchanges made to 8a14e119544157f4982a4b74e44c18284ff1c069.\n","fileTypesAndContributionMap":{"functional-code":{"insertions":23,"deletions":67},"test-code":{"insertions":15,"deletions":30}}},{"hash":"590131f5508daa7dccc17cda1a3692e6eae4368e","isMergeCommit":false,"messageTitle":"Revert \"Merge pull request #2 from AlagappanRa/tutorial-adding-command\"","messageBody":"This reverts commit 8a14e119544157f4982a4b74e44c18284ff1c069, reversing\nchanges made to 5ec32302d75be3e218dbb70b1cab607fe501cfbd.\n","fileTypesAndContributionMap":{"functional-code":{"insertions":4,"deletions":3},"test-code":{"insertions":8,"deletions":6}}},{"hash":"0f36dfb22f6fa354fec69ed19cabe5370d081244","isMergeCommit":false,"messageTitle":"Revert \"Merge pull request #3 from AlagappanRa/tutorial-adding-command\"","messageBody":"This reverts commit 1e8191ec2f21a015c7abb7eeddd640881e18eee4, reversing\nchanges made to 8a14e119544157f4982a4b74e44c18284ff1c069.\n\nYes.\n","fileTypesAndContributionMap":{"functional-code":{"insertions":23,"deletions":67},"test-code":{"insertions":15,"deletions":30}}},{"hash":"467904386cab09d9bb1d7166f74123a524d4f200","isMergeCommit":false,"messageTitle":"Revert \"Merge pull request #2 from AlagappanRa/tutorial-adding-command\"","messageBody":"This reverts commit 8a14e119544157f4982a4b74e44c18284ff1c069, reversing\nchanges made to 5ec32302d75be3e218dbb70b1cab607fe501cfbd.\n","fileTypesAndContributionMap":{"functional-code":{"insertions":4,"deletions":3},"test-code":{"insertions":8,"deletions":6}}},{"hash":"8275650cb48d5fe0212b8ceedda00782984cafa3","isMergeCommit":false,"messageTitle":"Revert \"Merge pull request #1 from AlagappanRa/tutorial-adding-command\"","messageBody":"This reverts commit 5ec32302d75be3e218dbb70b1cab607fe501cfbd, reversing\nchanges made to ffb762f93d57fd48a03c856884e77f361feabf91.\n\nRevert all this.\n","fileTypesAndContributionMap":{"functional-code":{"insertions":72,"deletions":266},"other":{"insertions":0,"deletions":3},"test-code":{"insertions":147,"deletions":238}}},{"hash":"9d63c458acb939b9e8c8d096aaccc8b7fb779b51","isMergeCommit":false,"messageTitle":"Revert \"Add new remark command\"","messageBody":"This reverts commit d0af3a49a010e803bb8c7bd3f6fe381ac0ef0283.\n\nYes.\n","fileTypesAndContributionMap":{"functional-code":{"insertions":112,"deletions":0}}},{"hash":"aaccd9851c7d1617b5fd2ef78c7cf988161dc3b2","isMergeCommit":false,"messageTitle":"Revert file","messageBody":"","fileTypesAndContributionMap":{"functional-code":{"insertions":19,"deletions":131}}},{"hash":"f0fe2ac2d6cbc70f9b685c0dfb6e811af4862674","isMergeCommit":false,"messageTitle":"Clean master repo for commits","messageBody":"","fileTypesAndContributionMap":{"functional-code":{"insertions":19,"deletions":20}}},{"hash":"b4d894143ab7b8282246ca0a2220c8cd1ba23b10","isMergeCommit":false,"messageTitle":"Deleted Address Field from GUI and CLI","messageBody":"Verified build success.\n","fileTypesAndContributionMap":{"functional-code":{"insertions":11,"deletions":150},"docs":{"insertions":12,"deletions":12},"test-code":{"insertions":56,"deletions":237}}}]},{"date":"2023-09-27","commitResults":[{"hash":"d15436f8f23f20ea60836511729f91477eb93801","isMergeCommit":false,"messageTitle":"Update UG and DG","messageBody":"1. Updated acknowledgement and third party library section in DG\n2. Refactored UG to reflect V1.2 Planning\n   - Formatting Features section\n   - Added relevant SS\n   - Updated Command Summary\n","fileTypesAndContributionMap":{"docs":{"insertions":200,"deletions":46}}},{"hash":"713449331002eef26a0adf66133b8e03111edfc4","isMergeCommit":false,"messageTitle":"Markdown WhiteSpace Correction","messageBody":"","fileTypesAndContributionMap":{"docs":{"insertions":16,"deletions":22}}},{"hash":"c7b907e252c93511d7ac64da9fced3106fb5e290","isMergeCommit":false,"messageTitle":"Further whitespace correction in UG","messageBody":"","fileTypesAndContributionMap":{"docs":{"insertions":6,"deletions":6}}},{"hash":"b1e359d8b1c39fd18d0f5d3df01cc802646e2db0","isMergeCommit":false,"messageTitle":"Edit AboutUs, README, AlagappanRa PPP","messageBody":"1. Updated AboutUs page to include AlagappanRa particulars\n2. Updated README\n   - Title and Links to Git Check Status modified\n   - Added Product Screenshot\n   - Acknowledged source of code (AB3)\n   - Content modified\n   - Nothing to update for site-wide settings\n3. Updated AlagappanRa Project Portfolio Page (PPP)\n","fileTypesAndContributionMap":{"docs":{"insertions":91,"deletions":16}}},{"hash":"04b7e2e272f7a82167656466de00d37fcb61366c","isMergeCommit":true,"messageTitle":"Merge branch \u0027master\u0027 into master","messageBody":"","fileTypesAndContributionMap":{}},{"hash":"472d7163bd4617984fdc49f18932154d304fe460","isMergeCommit":true,"messageTitle":"Merge pull request #4 from AY2324S1-CS2103T-T17-2/master","messageBody":"Pull from TP MASTER to ALAGAPPANRA\u0027S FORK MASTER","fileTypesAndContributionMap":{}},{"hash":"0deae845091297069fd0089dc4d2e61d2625697b","isMergeCommit":false,"messageTitle":"Delete address from CLI and GUI","messageBody":"","fileTypesAndContributionMap":{"functional-code":{"insertions":14,"deletions":155},"docs":{"insertions":13,"deletions":14},"test-code":{"insertions":55,"deletions":245}}},{"hash":"6121db0430bfdc70a8c62669b8a9e7eb98520e71","isMergeCommit":true,"messageTitle":"Merge branch \u0027master\u0027 into delete-address","messageBody":"","fileTypesAndContributionMap":{}},{"hash":"29e8764205e069ab09f9d8393db0579ff2aebb04","isMergeCommit":false,"messageTitle":"Pruning to resolve merge conflicts","messageBody":"Pruning to resolve merge conflicts\n","fileTypesAndContributionMap":{"functional-code":{"insertions":5,"deletions":6},"test-code":{"insertions":4,"deletions":40}}},{"hash":"5f2d61fde52b94d497b59d968e7f2088f7190444","isMergeCommit":true,"messageTitle":"Merge pull request #7 from AlagappanRa/delete-address","messageBody":"Delete address","fileTypesAndContributionMap":{}},{"hash":"711272cf53789b9a506a21661eb764a14039a7b2","isMergeCommit":true,"messageTitle":"Merge pull request #48 from AlagappanRa/master","messageBody":"Delete Address From GUI and CLI","fileTypesAndContributionMap":{}},{"hash":"9f1f1996a7f480355b0667d59aa5b11c7c3c4a09","isMergeCommit":true,"messageTitle":"Merge branch \u0027Update-UG-and-DG\u0027","messageBody":"","fileTypesAndContributionMap":{}},{"hash":"b74447bbe266b9852694548d8ebb8f02cf72a60e","isMergeCommit":true,"messageTitle":"Merge branch \u0027Update-README-and-AboutUs-Pages\u0027","messageBody":"","fileTypesAndContributionMap":{}},{"hash":"1483a05089a68a6340ec4db08808dafceb07a2bd","isMergeCommit":true,"messageTitle":"Merge pull request #49 from AlagappanRa/master","messageBody":"Update DG, UG and README ; Update AboutUs (Alagappan) ","fileTypesAndContributionMap":{}}]},{"date":"2023-10-04","commitResults":[{"hash":"04bdbeafa9141d6f789814677a0bc47acd260771","isMergeCommit":false,"messageTitle":"Update UG, Rithik\u0027s PPP, Rithik\u0027s Photo","messageBody":"- Update UG\n- Added skeletal PPP- Rithik (needs to be edited again)\n- Added photo - Rithik (needs to be edited again)\n","fileTypesAndContributionMap":{"docs":{"insertions":40,"deletions":131}}},{"hash":"aa7ab51e55dfae9fa8a739f979cbaa86f60e9b4c","isMergeCommit":true,"messageTitle":"Merge branch \u0027master\u0027 into Remove-AB3-From-UG","messageBody":"","fileTypesAndContributionMap":{}},{"hash":"523db691c6af50223f1091822b8537803ccd44c7","isMergeCommit":true,"messageTitle":"Merge pull request #75 from AlagappanRa/Remove-AB3-From-UG","messageBody":"Update UG, Rithik\u0027s PPP, Rithik\u0027s Photo","fileTypesAndContributionMap":{}},{"hash":"6b40cadc70630191bd3cd7b181673bf20516d0af","isMergeCommit":false,"messageTitle":"Update photo","messageBody":"Update photo\n","fileTypesAndContributionMap":{"docs":{"insertions":1,"deletions":0}}},{"hash":"993d3b48de8049471bb0ef2e9412cd83bb6c4ce7","isMergeCommit":false,"messageTitle":"Update info on about us","messageBody":"Update info on about us\n","fileTypesAndContributionMap":{"docs":{"insertions":0,"deletions":1}}}]},{"date":"2023-10-18","commitResults":[{"hash":"585b86c80b82a233470854833cfc2eee6f479ca0","isMergeCommit":false,"messageTitle":"Update index.md","messageBody":"Update index.md\n","fileTypesAndContributionMap":{"docs":{"insertions":1,"deletions":0}}},{"hash":"8e0baf38fcbfee2cf15e60602102c59982902c61","isMergeCommit":true,"messageTitle":"Merge pull request #96 from AlagappanRa/edit-docs","messageBody":"Update index.md","fileTypesAndContributionMap":{}},{"hash":"59570dafc7dd6d0df2d6fcb75475827e42568b71","isMergeCommit":true,"messageTitle":"Merge pull request #92 from tayruxin/update-UG","messageBody":"Update UG-View function","fileTypesAndContributionMap":{}}]},{"date":"2023-10-26","commitResults":[{"hash":"ed77df4003864f3ee90aa15dd83650441225f14f","isMergeCommit":false,"messageTitle":"UserGuide: Update Introduction Section","messageBody":"The UserGuide\u0027s Introduction section previously\noffered a basic overview of features and\nprovided generic instructions on downloading\nthe application.\n\nTo provide users with a clearer understanding\nand smoother onboarding experience, it\u0027s vital\nto present a more refined feature overview and\nstreamlined download instructions.\n\nLet\u0027s enhance the feature overview for clarity\nand detail. Additionally, refine the download\ninstructions to ensure users can easily get\nstarted with the application.\n\nMaking these changes ensures that users have\na clear initial impression of the tool and\nits capabilities, and can effortlessly proceed\nwith the setup.\n","fileTypesAndContributionMap":{"docs":{"insertions":95,"deletions":22}}},{"hash":"605fbb9e6b4530dbe11617af0ffc20c17123853c","isMergeCommit":false,"messageTitle":"Update User Guide with Enhanced Icons Desc","messageBody":"The UserGuide\u0027s Introduction section was primarily\nfocused on offering a brief glimpse into the\napplication\u0027s features and gave users a generic\nroadmap to download and set up the tool.\n\nUnderstanding that a robust introduction can\ngreatly influence user perception and usage,\nthere\u0027s an undeniable need to delve deeper\ninto feature explanations and simplify the\ndownload process.\n\nAiming to meet these objectives, we should\nrevamp the feature overview, adding depth\nand clarity. Simultaneously, simplifying\nthe download steps will make the initial\ninteraction more intuitive for new users.\n\nWith these refinements in place, we ensure\nthat users are not only introduced to the\ncapabilities of the tool effectively but also\nfind the setup process seamless and\nstraightforward.\n","fileTypesAndContributionMap":{"docs":{"insertions":11,"deletions":1}}},{"hash":"5bdb2c0f9a5deaa150228fcaad87cecd80a23100","isMergeCommit":true,"messageTitle":"Merge branch \u0027master\u0027 into Edit-UG-Introduction","messageBody":"","fileTypesAndContributionMap":{}},{"hash":"cea46c07a672ab7cbdbf4fd129239b8c0e38ab24","isMergeCommit":true,"messageTitle":"Merge branch \u0027master\u0027 into Edit-UG-Introduction","messageBody":"","fileTypesAndContributionMap":{}},{"hash":"d0874db4a422528dbb85e16e81f77abb16ed80d7","isMergeCommit":false,"messageTitle":"Revert \"UserGuide: Update Introduction Section\"","messageBody":"","fileTypesAndContributionMap":{"docs":{"insertions":26,"deletions":142}}},{"hash":"6700b269c9e5f397b65dba9cd64bf15c05b0b1e6","isMergeCommit":true,"messageTitle":"Merge pull request #122 from AY2324S1-CS2103T-T17-2/revert-118-Edit-UG-Introduction","messageBody":"Revert \"UserGuide: Update Introduction Section\"","fileTypesAndContributionMap":{}}]},{"date":"2023-10-27","commitResults":[{"hash":"7df75aa593c0d72ab10484ffd1881e8a06cb0bb8","isMergeCommit":false,"messageTitle":"User guide: Add typography box styles for icons","messageBody":"The introduction section of the user guide lacked\nvisual distinction for icons. Introducing styled\ntypography boxes for icons enhances the clarity\nand visual appeal.\n\nLet\u0027s update the SCSS file with styles for\ntypography boxes and apply these styles to icons\nin the introduction. Using SCSS allows Jekyll\nto compile these styles seamlessly into the CSS.\n\nThis approach ensures consistency across the\nuser guide and provides a cohesive user\nexperience. Future updates can utilize these\nstyles for icons and other elements as required.\n","fileTypesAndContributionMap":{"docs":{"insertions":66,"deletions":33}}},{"hash":"19d98d62cfc1e4259d021221ae9b3b189c9e8959","isMergeCommit":true,"messageTitle":"Merge branch \u0027master\u0027 into Edit-UG-Introduction","messageBody":"","fileTypesAndContributionMap":{}},{"hash":"01c4c883dfabaa68c17db9678d65af4f7cffc26e","isMergeCommit":false,"messageTitle":"Update DG DeleteCommand Diag","messageBody":"The PUML diagram for the Delete Command feature\nwas modified to better represent the current\nimplementation. Such changes in the diagram\nnecessitate updates in the associated\ndocumentation to maintain consistency.\n\nLet\u0027s refresh the Delete Command section in the\ndeveloper guide to align with the updated\ndiagram. This ensures that developers have\naccurate visual and textual information on the\nDelete Command\u0027s workings.\n\nIt\u0027s essential to keep the guide synchronized\nwith changes to provide a reliable reference\nfor the development team.\n","fileTypesAndContributionMap":{"docs":{"insertions":63,"deletions":4}}},{"hash":"d77b2aae05f30cc60ff4b917d7128b4146c1a39b","isMergeCommit":false,"messageTitle":"Clean up developer guide of \"stashed changes\"","messageBody":"The developer guide had accumulated multiple\n\"stashed changes\" messages, which were\ndistracting and cluttering the documentation.\n\nLet\u0027s remove these extraneous messages to\nimprove the guide\u0027s readability and maintain\na cleaner presentation. Keeping the documentation\nclear of such distractions ensures that the\nfocus remains on the content, facilitating a\nbetter experience for the developers.\n\nFurthermore, pruning these messages reduces\npotential confusion for new team members who\nmight misinterpret or be misled by them. It\u0027s\nessential for our documentation to be as\nstraightforward and precise as possible.\n","fileTypesAndContributionMap":{"docs":{"insertions":4,"deletions":15}}}]},{"date":"2023-10-29","commitResults":[{"hash":"7c56dc1dc8566240efd7203830098ba9c31e09ea","isMergeCommit":true,"messageTitle":"Merge pull request #129 from AlagappanRa/Edit-UG-Introduction","messageBody":"User guide: Add typography box styles for icons","fileTypesAndContributionMap":{}},{"hash":"9137320a9b5663935b94e4c4aae6c2128a52cc5b","isMergeCommit":false,"messageTitle":"Adjust styles for kramdown compatibility","messageBody":"The developer guide was originally styled with\nGFM syntax, which rendered perfectly in GFM.\nHowever, GitHub Pages deployments utilize\nkramdown, leading to discrepancies in the\nrendering.\n\nLet\u0027s modify the Table of Contents and\nintroduction box styles to ensure compatibility\nwith kramdown. This change will make certain\nthat our guide is displayed consistently and\ncorrectly on GitHub Pages.\n\nAdapting to kramdown ensures the documentation\nremains professional and accessible to all\nusers, irrespective of the markdown processor\nused in the backend.\n","fileTypesAndContributionMap":{"docs":{"insertions":23,"deletions":17}}},{"hash":"8d904ee312d890e21145fb85194df5ccd1b70f1a","isMergeCommit":false,"messageTitle":"Adjust icon size to match adjacent text","messageBody":"The icons beside the text in the guide boxes\nwere not proportionally sized, leading to a\nvisual inconsistency and potential distraction\nfor the readers.\n\nLet\u0027s resize the icons to match the size of the\nadjacent text. By ensuring that the icon and\ntext sizes are harmonious, we enhance the visual\ncoherence of the documentation.\n\nSuch a meticulous attention to detail elevates\nthe professionalism of the guide and ensures a\nseamless reading experience for users.\n","fileTypesAndContributionMap":{"functional-code":{"insertions":4,"deletions":0},"docs":{"insertions":1,"deletions":7}}}]},{"date":"2023-10-31","commitResults":[{"hash":"b66ae235f4d2c885282dda903746616e4c4912b8","isMergeCommit":false,"messageTitle":"Handle Duplicates","messageBody":"- Duplicates are defined as \"entries with the same company name and the same role\"\n- Add and Edit Command edited\n- Associated Test Cases (New - added)\n- Old Test Cases Modified\n","fileTypesAndContributionMap":{"functional-code":{"insertions":75,"deletions":13},"test-code":{"insertions":259,"deletions":13}}},{"hash":"098a41ba6fa59dd31a8b89ae9b31214a340f24eb","isMergeCommit":true,"messageTitle":"Merge branch \u0027master\u0027 into Handle-Duplicates","messageBody":"","fileTypesAndContributionMap":{}},{"hash":"bef3af7b98062bd36ec7c574600c46b7183b3be4","isMergeCommit":true,"messageTitle":"Merge remote-tracking branch \u0027upstream/master\u0027 into Edit-UG-Introduction","messageBody":"","fileTypesAndContributionMap":{}},{"hash":"1c57e3bfc5912a52a36b6135a72d362a407c1a6d","isMergeCommit":false,"messageTitle":"Update UG Introduction","messageBody":"- Shortened Description\n- Changed SOC students to CS students\n","fileTypesAndContributionMap":{"docs":{"insertions":8,"deletions":5}}},{"hash":"0262b351f1c991cd1f98564f90ad8b1d301ff82f","isMergeCommit":true,"messageTitle":"Merge pull request #134 from AlagappanRa/Edit-UG-Introduction","messageBody":"Edit UG introduction","fileTypesAndContributionMap":{}},{"hash":"b0d39d72f856ea76c2d304864977c5eb84f99732","isMergeCommit":true,"messageTitle":"Merge pull request #139 from papataco14/feature/modify-sort","messageBody":"Modify SortCommand","fileTypesAndContributionMap":{}},{"hash":"72b68e08cfdf3056c804a5cb6fa08c66585a55f4","isMergeCommit":false,"messageTitle":"Update Javadocs","messageBody":"Updated JavaDocs and resolved other nits.\n","fileTypesAndContributionMap":{"functional-code":{"insertions":18,"deletions":15}}}]},{"date":"2023-11-01","commitResults":[{"hash":"514c934866533cc625918d47b16386edeab99426","isMergeCommit":true,"messageTitle":"Merge pull request #140 from AlagappanRa/Handle-Duplicates","messageBody":"Handle Duplicates","fileTypesAndContributionMap":{}}]}],"GlendaChong":[{"date":"2023-09-28","commitResults":[{"hash":"74a9894b8781510a0ec76a39895fbab8dfd4eb1a","isMergeCommit":false,"messageTitle":"Add Role Field to Company Class","messageBody":"","fileTypesAndContributionMap":{"functional-code":{"insertions":128,"deletions":16},"test-code":{"insertions":52,"deletions":22}}}]},{"date":"2023-09-29","commitResults":[{"hash":"84715bf453cb27ac7c4541e9b1eadd8aec4563ea","isMergeCommit":false,"messageTitle":"Update Add Command and test files","messageBody":"","fileTypesAndContributionMap":{"functional-code":{"insertions":7,"deletions":1},"test-code":{"insertions":56,"deletions":22}}}]},{"date":"2023-09-30","commitResults":[{"hash":"69829561bcceca746face3aaf12816dc85ea0c7b","isMergeCommit":true,"messageTitle":"Merge pull request #53 from tayruxin/add-deadline-field","messageBody":"Add deadline field","fileTypesAndContributionMap":{}},{"hash":"6b258e2a312f6cd4ad1b6cf412a6a7872d050687","isMergeCommit":true,"messageTitle":"Merge pull request #54 from tayruxin/add-ApplicationStatus-field","messageBody":"Add application status field","fileTypesAndContributionMap":{}},{"hash":"fad565c586975b9c0a127d5a228964a6c18ab270","isMergeCommit":true,"messageTitle":"Merge pull request #56 from tayruxin/use-cases-DG","messageBody":"Use cases for DG","fileTypesAndContributionMap":{}},{"hash":"ad08916dbfa10409bfa1a0a3bc5eaf515add7215","isMergeCommit":true,"messageTitle":"Merge pull request #57 from tayruxin/update-AboutUs","messageBody":"Update about us","fileTypesAndContributionMap":{}},{"hash":"97dec6feba17279a8f8cf586cb30ea8f5869c622","isMergeCommit":false,"messageTitle":"Add RecruiterName field to Company class","messageBody":"","fileTypesAndContributionMap":{"functional-code":{"insertions":145,"deletions":26},"test-code":{"insertions":151,"deletions":77}}},{"hash":"4f37507a23512ea9d41e190d30c345dfdf61a6f4","isMergeCommit":false,"messageTitle":"Update About Us with my personal information","messageBody":"","fileTypesAndContributionMap":{"docs":{"insertions":9,"deletions":8}}},{"hash":"0d04d8ecb2e1af7fd55046bd09c09dd43c805362","isMergeCommit":false,"messageTitle":"Update glossary in DeveloperGuide.md","messageBody":"","fileTypesAndContributionMap":{"docs":{"insertions":11,"deletions":10}}},{"hash":"c9ba707101ab6b776ecb089fca459d3d95c22ccf","isMergeCommit":false,"messageTitle":"Add skeletal PPP for Glenda Chong","messageBody":"","fileTypesAndContributionMap":{"docs":{"insertions":43,"deletions":0}}},{"hash":"25b53ef2199f3709c0d6ec7055de2dee839508df","isMergeCommit":false,"messageTitle":"Update AboutUs page to fit required format","messageBody":"","fileTypesAndContributionMap":{"docs":{"insertions":3,"deletions":2}}},{"hash":"078a45f33fbe3e78cea465908455dff727d74b04","isMergeCommit":false,"messageTitle":"Update User Guide","messageBody":"","fileTypesAndContributionMap":{"docs":{"insertions":24,"deletions":22}}}]},{"date":"2023-10-04","commitResults":[{"hash":"d49e1851f280d7d7d3ef07baf9b0524f81618834","isMergeCommit":true,"messageTitle":"Merge pull request #68 from tayruxin/use-cases-DG","messageBody":"Solve uneven spacing issue in use cases","fileTypesAndContributionMap":{}},{"hash":"0117cd53c098c12bafb1ea0d75c63596b828e6c0","isMergeCommit":true,"messageTitle":"Merge pull request #64 from alientian/UG-NFR","messageBody":"UG: add NFRs","fileTypesAndContributionMap":{}},{"hash":"371f77f33e74ffce066af2259ace36b3e33880d4","isMergeCommit":true,"messageTitle":"Merge pull request #65 from alientian/add-skeletal-ppp","messageBody":"Add skeletal PPP","fileTypesAndContributionMap":{}},{"hash":"775da440074a57a1e0de0f0d162076d0f242e1a0","isMergeCommit":true,"messageTitle":"Merge pull request #66 from alientian/update-AboutUs","messageBody":"Update AboutUs","fileTypesAndContributionMap":{}},{"hash":"71fdbc66c20eca47859c1770d22dd6df0609f6a3","isMergeCommit":true,"messageTitle":"Merge pull request #67 from tayruxin/update-PPP","messageBody":"Update personal PPP","fileTypesAndContributionMap":{}},{"hash":"d809e96bbc2141b0e516dfd62a51e7c8a1ec33d2","isMergeCommit":true,"messageTitle":"Merge branch \u0027AY2324S1-CS2103T-T17-2:master\u0027 into master","messageBody":"","fileTypesAndContributionMap":{}},{"hash":"b20f5d4bed8ce6b929779658efc77350980f72c3","isMergeCommit":true,"messageTitle":"Merge pull request #70 from tayruxin/update-DG","messageBody":"Update Product Scope-DG","fileTypesAndContributionMap":{}},{"hash":"0967e6aa67a7a6c3b8667f8151ab6ebf599ef26a","isMergeCommit":true,"messageTitle":"Merge pull request #78 from papataco14/chore/skeletal-ppp","messageBody":"Add skeletal PPP","fileTypesAndContributionMap":{}},{"hash":"4da2e9f90d8540d79407d7e3064ef137435ff280","isMergeCommit":true,"messageTitle":"Merge pull request #81 from papataco14/chore/update-aboutus","messageBody":"Update AboutUs","fileTypesAndContributionMap":{}}]},{"date":"2023-10-16","commitResults":[{"hash":"d084d817721fe6f9e73643b2cb7a40e251bc6f14","isMergeCommit":false,"messageTitle":"Update format of AddCommand","messageBody":"","fileTypesAndContributionMap":{"functional-code":{"insertions":31,"deletions":32},"test-code":{"insertions":12,"deletions":12}}}]},{"date":"2023-10-17","commitResults":[{"hash":"70aab8307e1ba7d9791b2c863ee0002e40817d4b","isMergeCommit":false,"messageTitle":"Edit sample data, test files to fit app context","messageBody":"- Change existing contact names to possible company names\n- Change existing tags to possible priority level tags\n- Edit Deadline Field to a more user-intuitive format (DD-MM-YYYY)\n- Update relevant test cases\n","fileTypesAndContributionMap":{"functional-code":{"insertions":28,"deletions":30},"test-code":{"insertions":436,"deletions":436}}},{"hash":"202f808dac996f0be1de038240214127bfce0e74","isMergeCommit":true,"messageTitle":"Merge pull request #85 from tayruxin/view-function","messageBody":"Add View functionality","fileTypesAndContributionMap":{}},{"hash":"4a2dff1b16cf4b799a1e66aaa60a68e8f93880d0","isMergeCommit":true,"messageTitle":"Merge branch \u0027update-add-command\u0027","messageBody":"","fileTypesAndContributionMap":{}},{"hash":"4648afa87f9d60e0ea5180acbe1201e300e2d74f","isMergeCommit":false,"messageTitle":"Revert \"Merge branch \u0027update-add-command\u0027\"","messageBody":"This reverts commit 4a2dff1b16cf4b799a1e66aaa60a68e8f93880d0, reversing\nchanges made to 202f808dac996f0be1de038240214127bfce0e74.\n","fileTypesAndContributionMap":{"functional-code":{"insertions":57,"deletions":54},"test-code":{"insertions":441,"deletions":441}}},{"hash":"c01d732c0dd7a68ac61e1156550fd26a7141538c","isMergeCommit":false,"messageTitle":"Edit UI for successful AddCommand","messageBody":"","fileTypesAndContributionMap":{"functional-code":{"insertions":11,"deletions":1}}},{"hash":"2d8f14885fa3f97ce770a27005948098454c4c17","isMergeCommit":false,"messageTitle":"Edit test cases","messageBody":"","fileTypesAndContributionMap":{"functional-code":{"insertions":4,"deletions":3},"test-code":{"insertions":46,"deletions":38}}},{"hash":"214a04e62edc3efe228c92ecb7dc942459c13e4e","isMergeCommit":true,"messageTitle":"Merge branch \u0027master\u0027 of https://github.com/GlendaChong/tp","messageBody":"","fileTypesAndContributionMap":{}}]},{"date":"2023-10-18","commitResults":[{"hash":"0c10396b0dfddb1abf7569eb65154efe6eca2d05","isMergeCommit":true,"messageTitle":"Merge branch \u0027master\u0027 into update-add-command","messageBody":"","fileTypesAndContributionMap":{}},{"hash":"d1213b29acc9dfa511f3996285c52e7a7582915c","isMergeCommit":false,"messageTitle":"Fix checkstyle errors and merge conflicts","messageBody":"","fileTypesAndContributionMap":{"test-code":{"insertions":6,"deletions":6}}},{"hash":"c62bc4d06b3a353127cf27d1a5ca90b222c021cd","isMergeCommit":true,"messageTitle":"Merge branch \u0027update-add-command\u0027","messageBody":"","fileTypesAndContributionMap":{}},{"hash":"2cd2e2f9406c5e91a0043fa30a52a23878568d82","isMergeCommit":false,"messageTitle":"Remove trailing whitespaces to resolve build issue","messageBody":"","fileTypesAndContributionMap":{"test-code":{"insertions":2,"deletions":2}}},{"hash":"6e54c9685acd38c0462684509a461cd258f4d105","isMergeCommit":true,"messageTitle":"Merge pull request #88 from GlendaChong/update-add-command","messageBody":"Edit UI and test cases for AddCommand feature","fileTypesAndContributionMap":{}},{"hash":"075addbfc143a8e301213cb9da8c2436fd635010","isMergeCommit":true,"messageTitle":"Merge branch \u0027master\u0027 of https://github.com/GlendaChong/tp","messageBody":"","fileTypesAndContributionMap":{}},{"hash":"6a131cf88abb2b918f3a33821a03c9b0240e1f11","isMergeCommit":false,"messageTitle":"Revert \"Update Edit Command\"","messageBody":"","fileTypesAndContributionMap":{"functional-code":{"insertions":13,"deletions":89},"docs":{"insertions":0,"deletions":38},"test-code":{"insertions":1,"deletions":5}}},{"hash":"cd2b4d54723dfbcf69a13c16811f2da1af7dcb80","isMergeCommit":true,"messageTitle":"Merge pull request #91 from AY2324S1-CS2103T-T17-2/revert-89-update-edit-command","messageBody":"Revert \"Update Edit Command\"","fileTypesAndContributionMap":{}},{"hash":"cf7461964f0c5f2af301e88c6e30cff28763ad27","isMergeCommit":true,"messageTitle":"Merge pull request #93 from alientian/update-edit-command","messageBody":"EditCommand: edit test cases","fileTypesAndContributionMap":{}},{"hash":"562d8c3e49f19624997dfdef904ff1d52e9cda00","isMergeCommit":true,"messageTitle":"Merge branch \u0027master\u0027 of https://github.com/GlendaChong/tp","messageBody":"","fileTypesAndContributionMap":{}},{"hash":"642ae555c3279a7659813bf763485c8a0907551d","isMergeCommit":true,"messageTitle":"Merge branch \u0027master\u0027 of https://github.com/GlendaChong/tp","messageBody":"","fileTypesAndContributionMap":{}},{"hash":"2d303498b96607b0b580dec30c2c8cd04f0dcf39","isMergeCommit":true,"messageTitle":"Merge branch \u0027master\u0027 of https://github.com/GlendaChong/tp","messageBody":"","fileTypesAndContributionMap":{}},{"hash":"52d7cb9f8b77ac382871d18f68e26e6e4a8fe48e","isMergeCommit":false,"messageTitle":"Revert \"Revert \"Merge branch \u0027update-add-command\u0027\"","messageBody":"This reverts commit 4648afa87f9d60e0ea5180acbe1201e300e2d74f.\n","fileTypesAndContributionMap":{"functional-code":{"insertions":54,"deletions":57},"test-code":{"insertions":412,"deletions":460}}},{"hash":"467fbdd388ab50e3fb7b3f3091c79bc96fa81649","isMergeCommit":false,"messageTitle":"Update User Guide for AddCommand and image files","messageBody":"","fileTypesAndContributionMap":{"docs":{"insertions":29,"deletions":30}}},{"hash":"4cee76f17e5bef5198576ad4d1bc861545744305","isMergeCommit":true,"messageTitle":"Merge branch \u0027master\u0027 into update-user-guide","messageBody":"","fileTypesAndContributionMap":{}},{"hash":"056a1cf658da1e92641e979d5d4851adf56f5102","isMergeCommit":false,"messageTitle":"Fix checkstyle","messageBody":"","fileTypesAndContributionMap":{"test-code":{"insertions":3,"deletions":2}}},{"hash":"4dd254a601dd7d41aac5b880bf791f1784063288","isMergeCommit":true,"messageTitle":"Merge branch \u0027update-user-guide\u0027 of https://github.com/GlendaChong/tp into update-user-guide","messageBody":"","fileTypesAndContributionMap":{}},{"hash":"d0094a98408115637e9131c3a46a996d3eb5f905","isMergeCommit":true,"messageTitle":"Merge pull request #100 from tayruxin/delete-feature","messageBody":"Edit success message for delete command","fileTypesAndContributionMap":{}},{"hash":"6050e7e5f5da572d60c3293a80134948ba2f6f26","isMergeCommit":true,"messageTitle":"Merge pull request #99 from GlendaChong/update-user-guide","messageBody":"Update user guide for Add Command","fileTypesAndContributionMap":{}}]},{"date":"2023-10-20","commitResults":[{"hash":"dd27fb9d25b3cd321f7832c609c61347defab5b7","isMergeCommit":false,"messageTitle":"Add test cases for RecruiterName field","messageBody":"","fileTypesAndContributionMap":{"test-code":{"insertions":59,"deletions":0}}},{"hash":"9c93545e8823a9d9e6bb5a3dc7bcfe0708b95b08","isMergeCommit":false,"messageTitle":"Add test cases for Role field","messageBody":"","fileTypesAndContributionMap":{"test-code":{"insertions":59,"deletions":0}}}]},{"date":"2023-10-22","commitResults":[{"hash":"b590c0d1760eb6f9566fc842e783193bf8889eb2","isMergeCommit":false,"messageTitle":"Edit UI for CompanyDetailCard","messageBody":"","fileTypesAndContributionMap":{"functional-code":{"insertions":36,"deletions":20}}},{"hash":"89fb19897975a309801fdfc71d19d496569d14df","isMergeCommit":true,"messageTitle":"Merge pull request #104 from tayruxin/priority-tag","messageBody":"Add priority field and remove tags","fileTypesAndContributionMap":{}}]},{"date":"2023-10-23","commitResults":[{"hash":"33f4b4d3ef17b2a6cc4a8f55fc9f5be79637eff2","isMergeCommit":true,"messageTitle":"Merge pull request #106 from tayruxin/priority-tag","messageBody":"Improve existing code quality","fileTypesAndContributionMap":{}}]},{"date":"2023-10-24","commitResults":[{"hash":"6ab99724c787ceb682fcd59795a24b754743f783","isMergeCommit":false,"messageTitle":"Add new FilterCommand feature with test cases","messageBody":"","fileTypesAndContributionMap":{"functional-code":{"insertions":151,"deletions":1},"test-code":{"insertions":72,"deletions":0}}},{"hash":"791a64e363b5794e666c50d2a56eae6087cab325","isMergeCommit":false,"messageTitle":"Add more test cases","messageBody":"","fileTypesAndContributionMap":{"functional-code":{"insertions":1,"deletions":0},"test-code":{"insertions":114,"deletions":0}}},{"hash":"4166364a565f9e17a2ae628267ba3139407b74ec","isMergeCommit":false,"messageTitle":"Update UI","messageBody":"","fileTypesAndContributionMap":{"functional-code":{"insertions":14,"deletions":2},"test-code":{"insertions":5,"deletions":0}}}]},{"date":"2023-10-26","commitResults":[{"hash":"97ee6ff3ee9810ca22e23c26acffadd614a8bffa","isMergeCommit":false,"messageTitle":"Update UG for add, filter, list commands","messageBody":"","fileTypesAndContributionMap":{"docs":{"insertions":59,"deletions":63}}},{"hash":"6f973dd2a106abd648b3f9844f49f7beabcdfa01","isMergeCommit":false,"messageTitle":"Update DG for filter command","messageBody":"","fileTypesAndContributionMap":{"docs":{"insertions":134,"deletions":17}}},{"hash":"8fb741bc21246a219917c3a84501fa987ff89521","isMergeCommit":true,"messageTitle":"Merge pull request #109 from tayruxin/update-UG","messageBody":"Update UG:  View, Delete, Find command","fileTypesAndContributionMap":{}},{"hash":"7111a9571d1e8d75184731d84abe1f1c1471fd11","isMergeCommit":true,"messageTitle":"Merge pull request #110 from alientian/documentation","messageBody":"Update UG: edit, clear, exit command","fileTypesAndContributionMap":{}},{"hash":"20fc1fcde7323060a3df1f188b9f45e40705d0ec","isMergeCommit":true,"messageTitle":"Merge pull request #112 from papataco14/feature/find-command","messageBody":"Modify find command","fileTypesAndContributionMap":{}},{"hash":"6329784dca903a5adc42904cd6522579c9cc455b","isMergeCommit":false,"messageTitle":"Edit the numbering in Implementation section","messageBody":"","fileTypesAndContributionMap":{"docs":{"insertions":3,"deletions":3}}},{"hash":"f3ec0c27e20b84d41b11dc3f51c22f14b08224d6","isMergeCommit":true,"messageTitle":"Merge branch \u0027master\u0027 into update-developer-guide","messageBody":"","fileTypesAndContributionMap":{}},{"hash":"0f7cb8188cf705761119d329548e1fe5fa6465d6","isMergeCommit":true,"messageTitle":"Merge branch \u0027master\u0027 into update-user-guide","messageBody":"","fileTypesAndContributionMap":{}},{"hash":"d72d11fbce8d7180ce7f8facae98ef4b95930a08","isMergeCommit":true,"messageTitle":"Merge pull request #111 from GlendaChong/update-user-guide","messageBody":"Update UG for add, filter, list commands","fileTypesAndContributionMap":{}},{"hash":"91cadef214269dd354df62f2a04ecabcf191e744","isMergeCommit":true,"messageTitle":"Merge pull request #117 from GlendaChong/update-developer-guide","messageBody":"Update DG for filter command","fileTypesAndContributionMap":{}},{"hash":"cdc90e0c4f241775478ffb8b82add422748c810f","isMergeCommit":false,"messageTitle":"Edit the images in the UG","messageBody":"","fileTypesAndContributionMap":{"docs":{"insertions":39,"deletions":29}}},{"hash":"16dea307a1c6c09a073f92d7900a0e5f2ed68da8","isMergeCommit":true,"messageTitle":"Merge pull request #125 from tayruxin/view-function","messageBody":"Implement logging in view function","fileTypesAndContributionMap":{}},{"hash":"b62dd3bafc903a0b923c9b87f0aacee14bfa73ca","isMergeCommit":true,"messageTitle":"Merge pull request #127 from tayruxin/enable-assertion","messageBody":"Enable assertion in gradle","fileTypesAndContributionMap":{}}]},{"date":"2023-10-29","commitResults":[{"hash":"1d03957d765724e981353f6950a89ed0693d0074","isMergeCommit":true,"messageTitle":"Merge pull request #133 from tayruxin/update-UG","messageBody":"Edit UG for View and Delete","fileTypesAndContributionMap":{}}]},{"date":"2023-10-30","commitResults":[{"hash":"c323cf342db584c1bbca6659bb479867b6921991","isMergeCommit":false,"messageTitle":"Update error messages for Add Command","messageBody":"","fileTypesAndContributionMap":{"functional-code":{"insertions":25,"deletions":8},"other":{"insertions":681,"deletions":0}}},{"hash":"43a361d742090c0f544f09dc4765b9ea6c554333","isMergeCommit":false,"messageTitle":"Revert \"Update error messages for Add Command\"","messageBody":"This reverts commit c323cf342db584c1bbca6659bb479867b6921991.\n","fileTypesAndContributionMap":{"functional-code":{"insertions":8,"deletions":25},"other":{"insertions":0,"deletions":681}}},{"hash":"129a25d2e9c4b6071e192a2a4b944e17e602b2a7","isMergeCommit":false,"messageTitle":"Update error messages for AddCommand fields","messageBody":"","fileTypesAndContributionMap":{"functional-code":{"insertions":112,"deletions":48},"test-code":{"insertions":15,"deletions":15}}}]},{"date":"2023-10-31","commitResults":[{"hash":"fe6bf37925c57c72e0e20e2a28f58029feb60573","isMergeCommit":false,"messageTitle":"Update error messages for email field and test cases","messageBody":"","fileTypesAndContributionMap":{"functional-code":{"insertions":14,"deletions":7},"test-code":{"insertions":23,"deletions":3}}}]},{"date":"2023-11-01","commitResults":[{"hash":"0f75e680b71f2ce0213fd81a32c9365850634d36","isMergeCommit":false,"messageTitle":"Update UG for add, list, filter commands","messageBody":"","fileTypesAndContributionMap":{"docs":{"insertions":92,"deletions":74}}},{"hash":"cc440add9f40545f4638730215478d74d60760f5","isMergeCommit":true,"messageTitle":"Merge pull request #136 from papataco14/chore/rename-diagrams","messageBody":"Rename person diagrams","fileTypesAndContributionMap":{}},{"hash":"f7e8e8981c39c2dcc80b3c49f5015341e8908402","isMergeCommit":false,"messageTitle":"Update error messages for Filter Command","messageBody":"","fileTypesAndContributionMap":{"functional-code":{"insertions":14,"deletions":12},"test-code":{"insertions":2,"deletions":2}}},{"hash":"096c897fb653125ef833e78ae886204c997b2a0b","isMergeCommit":false,"messageTitle":"Update test cases for FilterCommandParser","messageBody":"","fileTypesAndContributionMap":{"test-code":{"insertions":6,"deletions":5}}},{"hash":"218fafc753f5926d782bd9a44a706e33241e4798","isMergeCommit":true,"messageTitle":"Merge pull request #143 from GlendaChong/update-add-command","messageBody":"Update UG for add, list, filter commands","fileTypesAndContributionMap":{}},{"hash":"a0aaa95f98b3138d3784b36e409fe04166f455bb","isMergeCommit":true,"messageTitle":"Merge pull request #135 from alientian/add-notes-field","messageBody":"Add notes field","fileTypesAndContributionMap":{}},{"hash":"3331fdda8fc639317587b1594718dec8cd5f9337","isMergeCommit":true,"messageTitle":"Merge pull request #146 from tayruxin/clear-function","messageBody":"Clear function","fileTypesAndContributionMap":{}},{"hash":"51b130434de84c707a7be72ac02c8ced224b512a","isMergeCommit":true,"messageTitle":"Merge pull request #144 from GlendaChong/add-filter-command","messageBody":"Update error messages for Filter Command","fileTypesAndContributionMap":{}},{"hash":"86f2b9b61b94db5cfdcd115e47213b27cde2ef5f","isMergeCommit":true,"messageTitle":"Merge pull request #145 from tayruxin/UG-tutorial","messageBody":"Add tutorial section for UG","fileTypesAndContributionMap":{}},{"hash":"b2f3c2c57d34e64efbc91e11560edecdafb2d0a9","isMergeCommit":false,"messageTitle":"Update error messages","messageBody":"","fileTypesAndContributionMap":{"functional-code":{"insertions":17,"deletions":12}}}]},{"date":"2023-11-02","commitResults":[{"hash":"1295bb83cb33340631a3c4386f091fb4016ea3a3","isMergeCommit":false,"messageTitle":"Update Ui.png and CompanyDetailCard.fxml","messageBody":"","fileTypesAndContributionMap":{"functional-code":{"insertions":1,"deletions":1},"docs":{"insertions":4,"deletions":4}}},{"hash":"e1d3f9cd9d1e7a055956780ba2be79d3a50965b3","isMergeCommit":false,"messageTitle":"Update links in landing page","messageBody":"","fileTypesAndContributionMap":{"docs":{"insertions":7,"deletions":6}}},{"hash":"46e88a3876f8d091ea50332f81ed096133dbb8e5","isMergeCommit":true,"messageTitle":"Merge pull request #148 from GlendaChong/update-landing-page","messageBody":"Update Ui.png and CompanyDetailCard.fxml","fileTypesAndContributionMap":{}},{"hash":"73f71d4b04afb915ba93d2891eb206d8cffc81cc","isMergeCommit":false,"messageTitle":"Update header of landing page","messageBody":"","fileTypesAndContributionMap":{"docs":{"insertions":0,"deletions":2}}},{"hash":"5f8dc0748879086a50b847b91958d598466af090","isMergeCommit":false,"messageTitle":"Update images, icon boxes, feature section, intro","messageBody":"","fileTypesAndContributionMap":{"docs":{"insertions":113,"deletions":87}}},{"hash":"f3950ed0dae237204daee14771856277e4bd2c04","isMergeCommit":false,"messageTitle":"Fix checkstyle error","messageBody":"","fileTypesAndContributionMap":{"docs":{"insertions":1,"deletions":1}}},{"hash":"b4c4d21b8acc2db313d9efc9294f2b328eaa226e","isMergeCommit":true,"messageTitle":"Merge pull request #152 from tayruxin/update-UG","messageBody":"Update ug","fileTypesAndContributionMap":{}},{"hash":"e24a13972e3420780306097a525c67f25c460f87","isMergeCommit":true,"messageTitle":"Merge pull request #151 from alientian/add-notes-field","messageBody":"RemarkCommand: edit ui message","fileTypesAndContributionMap":{}},{"hash":"0683e0932823c8dff32c40502be885ce752aa1d9","isMergeCommit":true,"messageTitle":"Merge pull request #158 from papataco14/release-v1.3.0","messageBody":"Prepare for release v1.3.0","fileTypesAndContributionMap":{}}]}],"tayruxin":[{"date":"2023-09-27","commitResults":[{"hash":"7f65f93ecb01715600b651e45f2ab85ef92598ef","isMergeCommit":true,"messageTitle":"Merge pull request #44 from papataco14/master","messageBody":"Refactor person to company","fileTypesAndContributionMap":{}}]},{"date":"2023-09-29","commitResults":[{"hash":"7bb3aecfe41d8b4b51dd4db9596405dbd7c3a9c9","isMergeCommit":true,"messageTitle":"Merge pull request #50 from GlendaChong/add-role-field","messageBody":"Add role field","fileTypesAndContributionMap":{}},{"hash":"8991343c7cf5df112187341944345042caa66b31","isMergeCommit":false,"messageTitle":"Add deadline field","messageBody":"","fileTypesAndContributionMap":{"functional-code":{"insertions":138,"deletions":14},"test-code":{"insertions":139,"deletions":51}}},{"hash":"fec0bb1045d2e6da842f7ec45ca570ff7c34c248","isMergeCommit":false,"messageTitle":"Add ApplicationStatus field","messageBody":"","fileTypesAndContributionMap":{"functional-code":{"insertions":194,"deletions":18},"test-code":{"insertions":113,"deletions":46}}},{"hash":"44627ea7ec5f9140481c72967b9f160827023ef0","isMergeCommit":false,"messageTitle":"Edit use cases in DG","messageBody":"","fileTypesAndContributionMap":{"docs":{"insertions":81,"deletions":1}}},{"hash":"232663f5bfeda9f1c9ab335f836920282a571410","isMergeCommit":false,"messageTitle":"Update aboutUs","messageBody":"","fileTypesAndContributionMap":{"docs":{"insertions":4,"deletions":6}}}]},{"date":"2023-10-02","commitResults":[{"hash":"66e2452358564e78a8b33097d3b2055b13a07b0e","isMergeCommit":false,"messageTitle":"Update personal PPP","messageBody":"","fileTypesAndContributionMap":{"docs":{"insertions":61,"deletions":0}}},{"hash":"be7697690361be43d0dceec060fa72f005cd6bb3","isMergeCommit":false,"messageTitle":"Solve uneven spacing issue in use cases","messageBody":"","fileTypesAndContributionMap":{"docs":{"insertions":1,"deletions":1}}}]},{"date":"2023-10-04","commitResults":[{"hash":"94cc1fa676588449d4b746c6f49ea7b85bebed98","isMergeCommit":true,"messageTitle":"Merge pull request #63 from GlendaChong/update-user-guide","messageBody":"Update User Guide","fileTypesAndContributionMap":{}},{"hash":"722cb5f769801fa407be17ea75fe4a433e91e14c","isMergeCommit":false,"messageTitle":"Update Product Scope-DG","messageBody":"","fileTypesAndContributionMap":{"docs":{"insertions":5,"deletions":3}}},{"hash":"446c91e859453acc6f106a89e152a39ef8083b0e","isMergeCommit":true,"messageTitle":"Merge pull request #69 from alientian/master","messageBody":"Rename photo","fileTypesAndContributionMap":{}}]},{"date":"2023-10-14","commitResults":[{"hash":"1cc77e038635e372ff2556e8ba28b05e658ad5d9","isMergeCommit":true,"messageTitle":"Merge pull request #84 from alientian/add-ApplicationInfo-panel","messageBody":"UI: Add Application details panel","fileTypesAndContributionMap":{}}]},{"date":"2023-10-16","commitResults":[{"hash":"374e35c0a267eafe1aced9fbf5d7e13fad1a6940","isMergeCommit":false,"messageTitle":"Implement view function","messageBody":"","fileTypesAndContributionMap":{"functional-code":{"insertions":257,"deletions":21},"test-code":{"insertions":150,"deletions":0}}},{"hash":"d7110e1bc0129169c6f95d7c3cb5e0040fe63646","isMergeCommit":false,"messageTitle":"Fix styling issue","messageBody":"","fileTypesAndContributionMap":{"functional-code":{"insertions":1,"deletions":1}}},{"hash":"d1bdaa09ca392144424f299d9828d509ea5d699e","isMergeCommit":false,"messageTitle":"Fix view-function bug related to delete function","messageBody":"","fileTypesAndContributionMap":{"functional-code":{"insertions":14,"deletions":0},"test-code":{"insertions":5,"deletions":0}}}]},{"date":"2023-10-17","commitResults":[{"hash":"17b29742bd78a04e7ed10893bf4a8784dc0d7c0d","isMergeCommit":false,"messageTitle":"Edit javadocs error","messageBody":"","fileTypesAndContributionMap":{"functional-code":{"insertions":45,"deletions":21},"test-code":{"insertions":0,"deletions":7}}},{"hash":"ed8fd7a618680652580d32b4f62a4aa033963dfc","isMergeCommit":true,"messageTitle":"Merge pull request #86 from GlendaChong/update-add-command","messageBody":"Update add command","fileTypesAndContributionMap":{}}]},{"date":"2023-10-18","commitResults":[{"hash":"3e6ad199afcb8a35afc503bc1e8d59090dd2b2bc","isMergeCommit":false,"messageTitle":"Update UG-View function","messageBody":"","fileTypesAndContributionMap":{"functional-code":{"insertions":0,"deletions":1},"docs":{"insertions":27,"deletions":15}}},{"hash":"8bdd07db648b40312f9b9a64871b6f0c90d922d5","isMergeCommit":false,"messageTitle":"Edit success message for delete command","messageBody":"","fileTypesAndContributionMap":{"functional-code":{"insertions":2,"deletions":1},"test-code":{"insertions":2,"deletions":2}}},{"hash":"4ca8050034948df528d7702306391396c35f1b8f","isMergeCommit":true,"messageTitle":"Merge pull request #98 from alientian/edit-command","messageBody":"Re-update Edit command","fileTypesAndContributionMap":{}}]},{"date":"2023-10-20","commitResults":[{"hash":"36bca0d16a83275e2972ed63c1ed952bc76b47cb","isMergeCommit":true,"messageTitle":"Merge pull request #101 from GlendaChong/add-test-cases","messageBody":"Add test cases","fileTypesAndContributionMap":{}}]},{"date":"2023-10-22","commitResults":[{"hash":"8212e788321ee08a1a8ecbdc787dbc7ee06e54c3","isMergeCommit":false,"messageTitle":"Add priority field and remove tags","messageBody":"","fileTypesAndContributionMap":{"functional-code":{"insertions":195,"deletions":278},"test-code":{"insertions":147,"deletions":275}}},{"hash":"01d582dd2cef886a4bfde0f3175384e9913741e6","isMergeCommit":false,"messageTitle":"Add more test cases for priority","messageBody":"","fileTypesAndContributionMap":{"test-code":{"insertions":39,"deletions":3}}},{"hash":"f82465a449b8d050c82615289c742f8521aeea9b","isMergeCommit":false,"messageTitle":"Improve existing code quality","messageBody":"","fileTypesAndContributionMap":{"functional-code":{"insertions":45,"deletions":23},"test-code":{"insertions":9,"deletions":9}}},{"hash":"ab8cc3ebc8f0f0eb70080017f0b27f4805452b00","isMergeCommit":true,"messageTitle":"Merge pull request #105 from GlendaChong/edit-UI","messageBody":"Edit UI for CompanyDetailCard","fileTypesAndContributionMap":{}}]},{"date":"2023-10-24","commitResults":[{"hash":"fe11f67cb0c87f813b060434a51a198997ee5159","isMergeCommit":false,"messageTitle":"Update DG for Company detail panel","messageBody":"","fileTypesAndContributionMap":{"docs":{"insertions":231,"deletions":55}}},{"hash":"ee1150c32a00689adc03d879fdc182adcb1c3d8c","isMergeCommit":false,"messageTitle":"Edit syntax error","messageBody":"","fileTypesAndContributionMap":{"docs":{"insertions":22,"deletions":22}}}]},{"date":"2023-10-25","commitResults":[{"hash":"75aca6047724ee4c47d75f2b97446be762aae81e","isMergeCommit":false,"messageTitle":"Edit CompanyDetailPanelActivityDiagram","messageBody":"","fileTypesAndContributionMap":{"docs":{"insertions":6,"deletions":6}}},{"hash":"d7bdacf3008f29edbd621e9a4676b20dfcdd78da","isMergeCommit":false,"messageTitle":"Update View, Delete, Find command","messageBody":"","fileTypesAndContributionMap":{"docs":{"insertions":49,"deletions":60}}}]},{"date":"2023-10-26","commitResults":[{"hash":"9cb9b0fc82e2046b0532e21b0e0b27d3b30bbf6e","isMergeCommit":false,"messageTitle":"Update UG: Improve phrasing for View, Delete, Find","messageBody":"","fileTypesAndContributionMap":{"docs":{"insertions":42,"deletions":41}}},{"hash":"b93994b05baf2744f425ffa61d20d1200896fdcd","isMergeCommit":true,"messageTitle":"Merge branch \u0027master\u0027 into update-UG","messageBody":"","fileTypesAndContributionMap":{}},{"hash":"55eebb10503c73a9b26e9f67f7e15c84eb25e731","isMergeCommit":true,"messageTitle":"Merge pull request #120 from papataco14/documentation/update-userguide","messageBody":"Documentation/update userguide","fileTypesAndContributionMap":{}},{"hash":"0b399ec5c7cfe7e4ec8600215544482d7d01fee6","isMergeCommit":true,"messageTitle":"Merge pull request #121 from GlendaChong/update-user-guide","messageBody":"Edit the images in the UG","fileTypesAndContributionMap":{}},{"hash":"a36367d6d994c1745e3a72051081b69f39ee8b0c","isMergeCommit":false,"messageTitle":"Implement logging in view function","messageBody":"","fileTypesAndContributionMap":{"functional-code":{"insertions":5,"deletions":0}}},{"hash":"003ba6fca549e61fe371c55967046b7ce883591f","isMergeCommit":false,"messageTitle":"Enable assertion in gradle","messageBody":"","fileTypesAndContributionMap":{"other":{"insertions":4,"deletions":0}}}]},{"date":"2023-10-28","commitResults":[{"hash":"684dc08509f7f62f72699b0007fc2c140cd6d6c4","isMergeCommit":false,"messageTitle":"Improve error message for view and delete command","messageBody":"","fileTypesAndContributionMap":{"functional-code":{"insertions":49,"deletions":9},"test-code":{"insertions":8,"deletions":8}}},{"hash":"757afa0f94a1e44bc2ad5814028bc9c86701c7c2","isMergeCommit":false,"messageTitle":"Add test cases for StringUtil","messageBody":"","fileTypesAndContributionMap":{"functional-code":{"insertions":6,"deletions":4},"test-code":{"insertions":26,"deletions":0}}},{"hash":"f5edad2f188ae2b43697ba5cef83317c7defdb36","isMergeCommit":false,"messageTitle":"Edit syntax error","messageBody":"","fileTypesAndContributionMap":{"test-code":{"insertions":16,"deletions":17}}}]},{"date":"2023-10-29","commitResults":[{"hash":"6bfd964872b5a424f8f431f427043387740b3de6","isMergeCommit":false,"messageTitle":"Edit error message for non positive integer","messageBody":"","fileTypesAndContributionMap":{"functional-code":{"insertions":1,"deletions":1}}},{"hash":"34ebb5b901b1bc0e88d6c17abc1f6915520437a6","isMergeCommit":true,"messageTitle":"Merge pull request #131 from tayruxin/view-function","messageBody":"Improve error message for view and delete command","fileTypesAndContributionMap":{}},{"hash":"70e79daa3eb89b62aadaec33c9e90bc27b454a71","isMergeCommit":true,"messageTitle":"Merge pull request #132 from AlagappanRa/Edit-UG-Introduction","messageBody":"Adjust styles for kramdown compatibility","fileTypesAndContributionMap":{}},{"hash":"4ec0b1460afd52bc189a1192d567243c582e23ac","isMergeCommit":false,"messageTitle":"Rearragne UG order","messageBody":"","fileTypesAndContributionMap":{"docs":{"insertions":86,"deletions":88}}},{"hash":"7ec89a22c5e95b5bee24d432628713c9b26080f3","isMergeCommit":false,"messageTitle":"Edit UG for View and Delete","messageBody":"","fileTypesAndContributionMap":{"functional-code":{"insertions":1,"deletions":1},"docs":{"insertions":59,"deletions":50}}}]},{"date":"2023-10-31","commitResults":[{"hash":"0b751c31698a8931e0b9e3939729f6477e44e798","isMergeCommit":true,"messageTitle":"Merge pull request #138 from GlendaChong/update-add-command","messageBody":"Update error messages for Add Command fields","fileTypesAndContributionMap":{}}]},{"date":"2023-11-01","commitResults":[{"hash":"aa388a3fdad0e1616b0561a4cbcba182dca286a3","isMergeCommit":false,"messageTitle":"Add a tutorial section to the UG","messageBody":"","fileTypesAndContributionMap":{"docs":{"insertions":76,"deletions":1}}},{"hash":"a0ec5a0a19b2463d98e5c052f2d97d5013ce19be","isMergeCommit":false,"messageTitle":"Edit tutorial section and change the directory of the images","messageBody":"","fileTypesAndContributionMap":{"docs":{"insertions":46,"deletions":27}}},{"hash":"50c5bdb47f942bb47cf144db929fc5baa214a020","isMergeCommit":true,"messageTitle":"Merge master branch","messageBody":"","fileTypesAndContributionMap":{}},{"hash":"b0e6f08878207981d01060e728cfbe4fd30bb9d2","isMergeCommit":false,"messageTitle":"Add tutorial for UG","messageBody":"","fileTypesAndContributionMap":{"docs":{"insertions":101,"deletions":6}}},{"hash":"527065a97812f578e21dd9ccf4997a2f805bbad8","isMergeCommit":false,"messageTitle":"Update clear function to clear company detail panel","messageBody":"","fileTypesAndContributionMap":{"functional-code":{"insertions":12,"deletions":0},"test-code":{"insertions":5,"deletions":0}}},{"hash":"35a82be55659886284c4dd8f93231d910f3c785a","isMergeCommit":false,"messageTitle":"Insert the missing hyperlinks","messageBody":"","fileTypesAndContributionMap":{"docs":{"insertions":4,"deletions":4}}},{"hash":"2edda4f59311d41bfbd54bdf145ec7334463a40b","isMergeCommit":false,"messageTitle":"Insert message when no company is displayed in the list","messageBody":"","fileTypesAndContributionMap":{"functional-code":{"insertions":6,"deletions":0}}}]},{"date":"2023-11-02","commitResults":[{"hash":"43b7d7ea5f7790d62e70831b684c946820f4a543","isMergeCommit":true,"messageTitle":"Merge with master","messageBody":"","fileTypesAndContributionMap":{}},{"hash":"3fb9651f0763714889e122c2ab0fe4de2c4396be","isMergeCommit":true,"messageTitle":"Merge pull request #147 from GlendaChong/improve-error-messages","messageBody":"Update error messages","fileTypesAndContributionMap":{}},{"hash":"f16966a6bf557e535fb708761ff53a29cca4af24","isMergeCommit":true,"messageTitle":"Merge pull request #150 from GlendaChong/update-landing-page","messageBody":"Update header of landing page","fileTypesAndContributionMap":{}},{"hash":"efc788c9153c94dd11faf014c76acc2a3197b01d","isMergeCommit":true,"messageTitle":"Merge pull request #149 from alientian/edit-command","messageBody":"Edit: Improve error message","fileTypesAndContributionMap":{}},{"hash":"5eff1ac71fd83b5cfe1e17490b9baf4e3204b07a","isMergeCommit":false,"messageTitle":"Fix bug for unremark feature","messageBody":"","fileTypesAndContributionMap":{"functional-code":{"insertions":14,"deletions":2},"test-code":{"insertions":4,"deletions":4}}},{"hash":"2b799a142056bc4c90396bc2f2c44f6a79ac6bde","isMergeCommit":false,"messageTitle":"Edit syntax error","messageBody":"","fileTypesAndContributionMap":{"test-code":{"insertions":1,"deletions":1}}}]}],"papataco14":[{"date":"2023-09-27","commitResults":[{"hash":"4c2b4ef2ce1f23b4ec632d767017f0c305bec928","isMergeCommit":false,"messageTitle":"Add remark command","messageBody":"added functionality for specifying remarks for a person\n","fileTypesAndContributionMap":{"functional-code":{"insertions":212,"deletions":12},"test-code":{"insertions":65,"deletions":11}}},{"hash":"993e404917960dbe405f88a6df3179bcab0007fd","isMergeCommit":false,"messageTitle":"Fixed coding standard violations","messageBody":"","fileTypesAndContributionMap":{"functional-code":{"insertions":25,"deletions":19},"test-code":{"insertions":1,"deletions":1}}},{"hash":"a7f5dc19b2d23b7200f03ac3668a37e7cf571b95","isMergeCommit":false,"messageTitle":"Revert \"Fixed coding standard violations\"","messageBody":"This reverts commit 993e404917960dbe405f88a6df3179bcab0007fd.\n","fileTypesAndContributionMap":{"functional-code":{"insertions":19,"deletions":25},"test-code":{"insertions":1,"deletions":1}}},{"hash":"9aea0eb25f5b8b340c2d6fad0c7762082574ac68","isMergeCommit":false,"messageTitle":"Revert \"Add remark command\"","messageBody":"This reverts commit 4c2b4ef2ce1f23b4ec632d767017f0c305bec928.\n","fileTypesAndContributionMap":{"functional-code":{"insertions":12,"deletions":212},"test-code":{"insertions":11,"deletions":65}}},{"hash":"b37a1162b6a0e488301d875b27bb336ac8cdc0ae","isMergeCommit":false,"messageTitle":"Refactor person to company","messageBody":"The existing person model no longer fits our requirements of tracking company information.\n\nRename person and person references to company.\n","fileTypesAndContributionMap":{"functional-code":{"insertions":443,"deletions":444},"other":{"insertions":193,"deletions":193},"docs":{"insertions":72,"deletions":72},"test-code":{"insertions":723,"deletions":724}}},{"hash":"a32d986994a94e8cc634bab820c949968bc97457","isMergeCommit":false,"messageTitle":"Fix checkstyle violations","messageBody":"","fileTypesAndContributionMap":{"functional-code":{"insertions":15,"deletions":13},"test-code":{"insertions":22,"deletions":16}}},{"hash":"af75dde478bf51e810b8e3f10f9331cf44d0a6de","isMergeCommit":true,"messageTitle":"Merge pull request #1 from papataco14/chore/rename-person-model","messageBody":"Chore/rename person model","fileTypesAndContributionMap":{}}]},{"date":"2023-09-30","commitResults":[{"hash":"6c4823faddcac8343a19632b14c84ab2791cc9cc","isMergeCommit":true,"messageTitle":"Merge pull request #59 from GlendaChong/update-about-us","messageBody":"Update About Us with my personal information","fileTypesAndContributionMap":{}},{"hash":"b405215d77e97114efbd57c70af67a3c14eb2b1c","isMergeCommit":true,"messageTitle":"Merge pull request #61 from GlendaChong/update-developer-guide","messageBody":"Update glossary in DeveloperGuide.md","fileTypesAndContributionMap":{}},{"hash":"371bb8f90989b1d58eafa42a62c6fd8bc2ceb77f","isMergeCommit":true,"messageTitle":"Merge pull request #62 from GlendaChong/add-skeletal-ppp","messageBody":"Add skeletal PPP for Glenda Chong","fileTypesAndContributionMap":{}},{"hash":"38773acc7df94f68bc3449b822085858f998da6a","isMergeCommit":true,"messageTitle":"Merge pull request #58 from GlendaChong/add-recruiter-name-field","messageBody":"Add RecruiterName field","fileTypesAndContributionMap":{}}]},{"date":"2023-10-04","commitResults":[{"hash":"d9582c3d5467d95de8a2bf2520ec278478a8c4b8","isMergeCommit":false,"messageTitle":"Add skeletal PPP","messageBody":"- Add skeletal PPP for Rithik\n","fileTypesAndContributionMap":{"docs":{"insertions":46,"deletions":52}}},{"hash":"a9a04c51510f72db165dfe0b0c099149f9569f89","isMergeCommit":false,"messageTitle":"Update AboutUs","messageBody":"- Updated aboutUs for Rithik\n- Added picture\n","fileTypesAndContributionMap":{"docs":{"insertions":2,"deletions":0}}},{"hash":"f7cec6dd6d7caf4a4404235c4488545c672466de","isMergeCommit":true,"messageTitle":"Merge pull request #82 from AlagappanRa/Update-photo","messageBody":"Update photo","fileTypesAndContributionMap":{}},{"hash":"72bcaa74a221de216c71d0673aa5f45c7b857969","isMergeCommit":true,"messageTitle":"Merge pull request #83 from AlagappanRa/Update-Information-AboutUs","messageBody":"Update information about us","fileTypesAndContributionMap":{}}]},{"date":"2023-10-17","commitResults":[{"hash":"921786e3c9c4b8fa67842dd54e383c6166a82ed0","isMergeCommit":false,"messageTitle":"Change deadline to LocalDate","messageBody":"- Changed the deadline field in the deadline class from a String to a java LocalDate object for better date manipulation\n","fileTypesAndContributionMap":{"functional-code":{"insertions":22,"deletions":7},"test-code":{"insertions":5,"deletions":3}}}]},{"date":"2023-10-18","commitResults":[{"hash":"0bef63fd1bc243485f122939ddd6218591d1cc7d","isMergeCommit":false,"messageTitle":"Add sort companies feature","messageBody":"- Add Sort command\n- Sorts the original company list\n- Added stubs to make sure existing tests pass\n","fileTypesAndContributionMap":{"functional-code":{"insertions":76,"deletions":2},"test-code":{"insertions":4,"deletions":0}}},{"hash":"0150bc0d43a4482d1953404d2716354e2b31c45f","isMergeCommit":false,"messageTitle":"Fix checkstyle","messageBody":"","fileTypesAndContributionMap":{"functional-code":{"insertions":0,"deletions":14}}},{"hash":"1c9e65d83d984fbc65baa6f8d2887b63d1266749","isMergeCommit":false,"messageTitle":"Fix code style","messageBody":"removed empty lines in ModelManager\n","fileTypesAndContributionMap":{"functional-code":{"insertions":0,"deletions":3}}},{"hash":"eb88cdffb5d48e398765630264da0a3ca340a371","isMergeCommit":true,"messageTitle":"Merge pull request #90 from papataco14/feature/sort-companies","messageBody":"Add sort companies feature","fileTypesAndContributionMap":{}}]},{"date":"2023-10-21","commitResults":[{"hash":"170dc9bc155fff7d3f881b7225a390d62b31ff46","isMergeCommit":false,"messageTitle":"Prepare for release v1.2.0","messageBody":"","fileTypesAndContributionMap":{"functional-code":{"insertions":1,"deletions":1},"other":{"insertions":1,"deletions":1}}}]},{"date":"2023-10-22","commitResults":[{"hash":"43750289d96317222bc457dc34bc19f1ccccfd71","isMergeCommit":true,"messageTitle":"Merge pull request #103 from papataco14/release-v1.2.0","messageBody":"Prepare for release v1.2.0","tags":["v1.2.0"],"fileTypesAndContributionMap":{}}]},{"date":"2023-10-25","commitResults":[{"hash":"7c7abfda39da762043ef379b200b7e01f3ed437e","isMergeCommit":true,"messageTitle":"Merge pull request #108 from GlendaChong/add-filter-command","messageBody":"Add filter command","fileTypesAndContributionMap":{}},{"hash":"20b4bf5b2270130659dac80fbb848efdf3c09116","isMergeCommit":false,"messageTitle":"Update find command","messageBody":"- Modify find command to now\ninclude substring searches\n- Add logging statements to find\ncommand\n","fileTypesAndContributionMap":{"functional-code":{"insertions":31,"deletions":10}}},{"hash":"d2d3cb35814fbe84e244f745b3420197589d7951","isMergeCommit":false,"messageTitle":"Add find command tests","messageBody":"- Add test cases for find command\n- Add test cases for find command\nparser\n- Add package testdata for command\nspecific test data\n","fileTypesAndContributionMap":{"test-code":{"insertions":114,"deletions":6}}}]},{"date":"2023-10-26","commitResults":[{"hash":"39897fa5d175a664458dc6a69a71117b7788518f","isMergeCommit":false,"messageTitle":"Update documentation","messageBody":"- Update documentation for find command\n- Add sequence diagram for find\n","fileTypesAndContributionMap":{"docs":{"insertions":115,"deletions":0}}},{"hash":"c2630f92003e34dce64bb253faf87299b350863b","isMergeCommit":true,"messageTitle":"Merge pull request #107 from tayruxin/update-DG","messageBody":"Update dg","fileTypesAndContributionMap":{}},{"hash":"28236c536dc43a0ab7e7e1dc52199fa71beb7341","isMergeCommit":true,"messageTitle":"Merge branch \u0027master\u0027 into feature/find-command","messageBody":"","fileTypesAndContributionMap":{}},{"hash":"a6c7d6faef1b8a51c8768497aa13ab0def536159","isMergeCommit":false,"messageTitle":"Update faq","messageBody":"","fileTypesAndContributionMap":{"docs":{"insertions":6,"deletions":1}}},{"hash":"fcb32e5aa4d67eac4d9b45d653d07d99e5220ed3","isMergeCommit":true,"messageTitle":"Merge branch \u0027master\u0027 into documentation/update-userguide","messageBody":"","fileTypesAndContributionMap":{}},{"hash":"06c13558c51458b4f8481e578fac962d67157078","isMergeCommit":false,"messageTitle":"Update userguide.md","messageBody":"- Add glossary\n- Update command summary\n- Update faq\n","fileTypesAndContributionMap":{"docs":{"insertions":33,"deletions":14}}},{"hash":"0886aea94ec0680fb7c82207b56b00fb29642b18","isMergeCommit":true,"messageTitle":"Merge pull request #118 from AlagappanRa/Edit-UG-Introduction","messageBody":"UserGuide: Update Introduction Section","fileTypesAndContributionMap":{}}]},{"date":"2023-10-27","commitResults":[{"hash":"d8829a8496999dc368af45ff3e95ce94549919f7","isMergeCommit":true,"messageTitle":"Merge pull request #130 from AlagappanRa/Update-DG-DeleteCommandSeqDiag","messageBody":"Update DG DeleteCommand Diag","fileTypesAndContributionMap":{}},{"hash":"7275403506e2ec9e0881c9e2758314186f5846fe","isMergeCommit":true,"messageTitle":"Merge pull request #128 from alientian/add-ApplicationInfo-panel","messageBody":"Add assertions","fileTypesAndContributionMap":{}}]},{"date":"2023-10-29","commitResults":[{"hash":"f3bbac130a2c24165a6140edf5fdfbf48cca7d12","isMergeCommit":false,"messageTitle":"Rename person diagrams","messageBody":"Rename person to company in remaining\ndiagrams\n","fileTypesAndContributionMap":{"docs":{"insertions":43,"deletions":26}}},{"hash":"bc0e4930626b89fae23be8186bd43f5491bd6a87","isMergeCommit":false,"messageTitle":"Add pull request template","messageBody":"","fileTypesAndContributionMap":{"docs":{"insertions":40,"deletions":0}}},{"hash":"f35c5db5a6d2d0a550227f3b359183c214a9370a","isMergeCommit":false,"messageTitle":"Update pull_request_template.md","messageBody":"","fileTypesAndContributionMap":{"docs":{"insertions":1,"deletions":11}}},{"hash":"96c61bd392a91ac718c0ef4259d5518cddd56a4f","isMergeCommit":false,"messageTitle":"Delete pr template","messageBody":"","fileTypesAndContributionMap":{"docs":{"insertions":0,"deletions":30}}}]},{"date":"2023-10-30","commitResults":[{"hash":"8dc6ba27747335cbd22c5f502ea1fc56505f5ffd","isMergeCommit":true,"messageTitle":"Merge branch \u0027master\u0027 into chore/rename-diagrams","messageBody":"","fileTypesAndContributionMap":{}},{"hash":"294077481f467174d8b6de2817aa2d65ff8bf89a","isMergeCommit":false,"messageTitle":"Modify sort command","messageBody":"Change sort command to\nallow sorting for both\nascending and descending\norder.\n\nAdd sort command parser\n","fileTypesAndContributionMap":{"functional-code":{"insertions":84,"deletions":11},"test-code":{"insertions":2,"deletions":1}}}]},{"date":"2023-10-31","commitResults":[{"hash":"b96ca581ed57626a958e3bc1fb0fa9fc508d9681","isMergeCommit":false,"messageTitle":"Add testcases for sort","messageBody":"Add test cases for sortcommand and\nsortcommandparser.\n","fileTypesAndContributionMap":{"functional-code":{"insertions":19,"deletions":0},"test-code":{"insertions":116,"deletions":0}}},{"hash":"3eb8b8dfb7d1f0debec9b218892704457de26ea1","isMergeCommit":false,"messageTitle":"Update sort docs","messageBody":"Update user guide to include relevant info\non how to use sort command. Update\ndeveloper guide to include use case for\nsort command.\n","fileTypesAndContributionMap":{"docs":{"insertions":74,"deletions":8}}},{"hash":"7395036833204b4b572fd733b818c3d17426ea58","isMergeCommit":false,"messageTitle":"Update diagrams","messageBody":"Update diagrams to fit current design of\naddressbook.\n","fileTypesAndContributionMap":{"docs":{"insertions":13,"deletions":9}}}]},{"date":"2023-11-02","commitResults":[{"hash":"09d38c87d91617a9eca58d69979a045083dc2cdb","isMergeCommit":false,"messageTitle":"Fix deadline output","messageBody":"Display different message to user based on\nif they typed incorrect format or invalid\ndeadline.\n\nEnabled strict mode for LocalDate to no\nlonger allow invalid deadlines.\n","fileTypesAndContributionMap":{"functional-code":{"insertions":24,"deletions":10},"test-code":{"insertions":1,"deletions":1}}},{"hash":"ccdce2a368d78df316d9145bfcdc000d977c83a7","isMergeCommit":true,"messageTitle":"Merge pull request #154 from GlendaChong/update-user-guide","messageBody":"Update UG","fileTypesAndContributionMap":{}},{"hash":"5994caa6d01bb80874f7afadb162f832b59be857","isMergeCommit":true,"messageTitle":"Merge pull request #155 from papataco14/bugfix/better-deadline","messageBody":"Fix deadline output","fileTypesAndContributionMap":{}},{"hash":"cc222d29a57a764653c5ccb972438e57d91c809b","isMergeCommit":true,"messageTitle":"Merge pull request #153 from tayruxin/unremark-feature","messageBody":"Unremark feature","fileTypesAndContributionMap":{}},{"hash":"f3c188b1457e56e422522e96b43aa567b850025f","isMergeCommit":false,"messageTitle":"Prepare for release","messageBody":"Prepare for release v1.3.0. Existing test passed.\n","fileTypesAndContributionMap":{"functional-code":{"insertions":1,"deletions":1}}}]}]},"authorFileTypeContributionMap":{"alientian":{"docs":186,"functional-code":558,"test-code":415},"AlagappanRa":{"docs":268,"functional-code":72,"test-code":230,"other":47},"GlendaChong":{"docs":354,"functional-code":596,"test-code":801,"other":1},"tayruxin":{"docs":488,"functional-code":802,"test-code":394,"other":2},"papataco14":{"docs":426,"functional-code":672,"test-code":839,"other":1}},"authorContributionVariance":{"alientian":23896.678,"AlagappanRa":170174.66,"GlendaChong":182918.55,"tayruxin":45004.97,"papataco14":303703.28},"authorDisplayNameMap":{"alientian":"CS2103T-T17-2 LIM ..TIAN","AlagappanRa":"CS2103T-T17-2 ALAG..THAN","GlendaChong":"CS2103T-T17-2 GLEN..TING","tayruxin":"CS2103T-T17-2 TAY .. XIN","papataco14":"CS2103T-T17-2 RAMU..IJAY"}}
