{"authorDailyContributionsMap":{"alientian":[{"date":"2023-10-01","commitResults":[{"hash":"54d45e035e570e8b1bc81306ee8e70f01fab1c23","isMergeCommit":false,"messageTitle":"UG: add NFRs","messageBody":"","fileTypesAndContributionMap":{"docs":{"insertions":8,"deletions":5}}},{"hash":"28491b1bf5e66a9a0ffb3c4e34b37bc4af7a4e11","isMergeCommit":false,"messageTitle":"Update AboutUs","messageBody":"","fileTypesAndContributionMap":{"docs":{"insertions":5,"deletions":5}}},{"hash":"72d251f3d0de1fd57d4f414a34edfdef2266e52a","isMergeCommit":false,"messageTitle":"Add skeletal PPP","messageBody":"","fileTypesAndContributionMap":{"docs":{"insertions":43,"deletions":0}}}]},{"date":"2023-10-04","commitResults":[{"hash":"d89961559680ff75f52551caf376f1fad83a1ca8","isMergeCommit":false,"messageTitle":"Rename photo","messageBody":"","fileTypesAndContributionMap":{"docs":{"insertions":1,"deletions":1}}}]}],"AlagappanRa":[{"date":"2023-09-25","commitResults":[{"hash":"59ba3962c4d6e2ee88f642118c3248fd6a2f3bce","isMergeCommit":false,"messageTitle":"Initial changes to Remark Command","messageBody":"","fileTypesAndContributionMap":{"functional-code":{"insertions":169,"deletions":30},"other":{"insertions":3,"deletions":0}}}]},{"date":"2023-09-26","commitResults":[{"hash":"d0af3a49a010e803bb8c7bd3f6fe381ac0ef0283","isMergeCommit":false,"messageTitle":"Add new remark command","messageBody":"","fileTypesAndContributionMap":{"functional-code":{"insertions":116,"deletions":61},"test-code":{"insertions":238,"deletions":147}}},{"hash":"5ec32302d75be3e218dbb70b1cab607fe501cfbd","isMergeCommit":true,"messageTitle":"Merge pull request #1 from AlagappanRa/tutorial-adding-command","messageBody":"Tutorial adding command","fileTypesAndContributionMap":{}},{"hash":"b41b1074d2e0ad0b1ab8d7d6750799813cfc9b81","isMergeCommit":false,"messageTitle":"To pass nonsence shell script with EOL check","messageBody":"","fileTypesAndContributionMap":{"functional-code":{"insertions":3,"deletions":4},"test-code":{"insertions":6,"deletions":8}}},{"hash":"8a14e119544157f4982a4b74e44c18284ff1c069","isMergeCommit":true,"messageTitle":"Merge pull request #2 from AlagappanRa/tutorial-adding-command","messageBody":"To pass nonsence shell script with EOL check","fileTypesAndContributionMap":{}},{"hash":"d1dab8992ce15ecfed591906d572e6a78516e692","isMergeCommit":false,"messageTitle":"Pass checkstyle","messageBody":"","fileTypesAndContributionMap":{"functional-code":{"insertions":67,"deletions":23},"test-code":{"insertions":30,"deletions":15}}},{"hash":"1e8191ec2f21a015c7abb7eeddd640881e18eee4","isMergeCommit":true,"messageTitle":"Merge pull request #3 from AlagappanRa/tutorial-adding-command","messageBody":"Pass checkstyle","fileTypesAndContributionMap":{}},{"hash":"ff52bfccacded485deb8b0df8558aa55c7519a8f","isMergeCommit":false,"messageTitle":"Revert \"Merge pull request #3 from AlagappanRa/tutorial-adding-command\"","messageBody":"This reverts commit 1e8191ec2f21a015c7abb7eeddd640881e18eee4, reversing\nchanges made to 8a14e119544157f4982a4b74e44c18284ff1c069.\n","fileTypesAndContributionMap":{"functional-code":{"insertions":23,"deletions":67},"test-code":{"insertions":15,"deletions":30}}},{"hash":"590131f5508daa7dccc17cda1a3692e6eae4368e","isMergeCommit":false,"messageTitle":"Revert \"Merge pull request #2 from AlagappanRa/tutorial-adding-command\"","messageBody":"This reverts commit 8a14e119544157f4982a4b74e44c18284ff1c069, reversing\nchanges made to 5ec32302d75be3e218dbb70b1cab607fe501cfbd.\n","fileTypesAndContributionMap":{"functional-code":{"insertions":4,"deletions":3},"test-code":{"insertions":8,"deletions":6}}},{"hash":"0f36dfb22f6fa354fec69ed19cabe5370d081244","isMergeCommit":false,"messageTitle":"Revert \"Merge pull request #3 from AlagappanRa/tutorial-adding-command\"","messageBody":"This reverts commit 1e8191ec2f21a015c7abb7eeddd640881e18eee4, reversing\nchanges made to 8a14e119544157f4982a4b74e44c18284ff1c069.\n\nYes.\n","fileTypesAndContributionMap":{"functional-code":{"insertions":23,"deletions":67},"test-code":{"insertions":15,"deletions":30}}},{"hash":"467904386cab09d9bb1d7166f74123a524d4f200","isMergeCommit":false,"messageTitle":"Revert \"Merge pull request #2 from AlagappanRa/tutorial-adding-command\"","messageBody":"This reverts commit 8a14e119544157f4982a4b74e44c18284ff1c069, reversing\nchanges made to 5ec32302d75be3e218dbb70b1cab607fe501cfbd.\n","fileTypesAndContributionMap":{"functional-code":{"insertions":4,"deletions":3},"test-code":{"insertions":8,"deletions":6}}},{"hash":"8275650cb48d5fe0212b8ceedda00782984cafa3","isMergeCommit":false,"messageTitle":"Revert \"Merge pull request #1 from AlagappanRa/tutorial-adding-command\"","messageBody":"This reverts commit 5ec32302d75be3e218dbb70b1cab607fe501cfbd, reversing\nchanges made to ffb762f93d57fd48a03c856884e77f361feabf91.\n\nRevert all this.\n","fileTypesAndContributionMap":{"functional-code":{"insertions":72,"deletions":266},"other":{"insertions":0,"deletions":3},"test-code":{"insertions":147,"deletions":238}}},{"hash":"9d63c458acb939b9e8c8d096aaccc8b7fb779b51","isMergeCommit":false,"messageTitle":"Revert \"Add new remark command\"","messageBody":"This reverts commit d0af3a49a010e803bb8c7bd3f6fe381ac0ef0283.\n\nYes.\n","fileTypesAndContributionMap":{"functional-code":{"insertions":112,"deletions":0}}},{"hash":"aaccd9851c7d1617b5fd2ef78c7cf988161dc3b2","isMergeCommit":false,"messageTitle":"Revert file","messageBody":"","fileTypesAndContributionMap":{"functional-code":{"insertions":19,"deletions":131}}},{"hash":"f0fe2ac2d6cbc70f9b685c0dfb6e811af4862674","isMergeCommit":false,"messageTitle":"Clean master repo for commits","messageBody":"","fileTypesAndContributionMap":{"functional-code":{"insertions":19,"deletions":20}}},{"hash":"b4d894143ab7b8282246ca0a2220c8cd1ba23b10","isMergeCommit":false,"messageTitle":"Deleted Address Field from GUI and CLI","messageBody":"Verified build success.\n","fileTypesAndContributionMap":{"functional-code":{"insertions":11,"deletions":150},"docs":{"insertions":12,"deletions":12},"test-code":{"insertions":56,"deletions":237}}}]},{"date":"2023-09-27","commitResults":[{"hash":"d15436f8f23f20ea60836511729f91477eb93801","isMergeCommit":false,"messageTitle":"Update UG and DG","messageBody":"1. Updated acknowledgement and third party library section in DG\n2. Refactored UG to reflect V1.2 Planning\n   - Formatting Features section\n   - Added relevant SS\n   - Updated Command Summary\n","fileTypesAndContributionMap":{"docs":{"insertions":200,"deletions":46}}},{"hash":"713449331002eef26a0adf66133b8e03111edfc4","isMergeCommit":false,"messageTitle":"Markdown WhiteSpace Correction","messageBody":"","fileTypesAndContributionMap":{"docs":{"insertions":16,"deletions":22}}},{"hash":"c7b907e252c93511d7ac64da9fced3106fb5e290","isMergeCommit":false,"messageTitle":"Further whitespace correction in UG","messageBody":"","fileTypesAndContributionMap":{"docs":{"insertions":6,"deletions":6}}},{"hash":"b1e359d8b1c39fd18d0f5d3df01cc802646e2db0","isMergeCommit":false,"messageTitle":"Edit AboutUs, README, AlagappanRa PPP","messageBody":"1. Updated AboutUs page to include AlagappanRa particulars\n2. Updated README\n   - Title and Links to Git Check Status modified\n   - Added Product Screenshot\n   - Acknowledged source of code (AB3)\n   - Content modified\n   - Nothing to update for site-wide settings\n3. Updated AlagappanRa Project Portfolio Page (PPP)\n","fileTypesAndContributionMap":{"docs":{"insertions":91,"deletions":16}}},{"hash":"04b7e2e272f7a82167656466de00d37fcb61366c","isMergeCommit":true,"messageTitle":"Merge branch \u0027master\u0027 into master","messageBody":"","fileTypesAndContributionMap":{}},{"hash":"472d7163bd4617984fdc49f18932154d304fe460","isMergeCommit":true,"messageTitle":"Merge pull request #4 from AY2324S1-CS2103T-T17-2/master","messageBody":"Pull from TP MASTER to ALAGAPPANRA\u0027S FORK MASTER","fileTypesAndContributionMap":{}},{"hash":"0deae845091297069fd0089dc4d2e61d2625697b","isMergeCommit":false,"messageTitle":"Delete address from CLI and GUI","messageBody":"","fileTypesAndContributionMap":{"functional-code":{"insertions":14,"deletions":155},"docs":{"insertions":13,"deletions":14},"test-code":{"insertions":55,"deletions":245}}},{"hash":"6121db0430bfdc70a8c62669b8a9e7eb98520e71","isMergeCommit":true,"messageTitle":"Merge branch \u0027master\u0027 into delete-address","messageBody":"","fileTypesAndContributionMap":{}},{"hash":"29e8764205e069ab09f9d8393db0579ff2aebb04","isMergeCommit":false,"messageTitle":"Pruning to resolve merge conflicts","messageBody":"Pruning to resolve merge conflicts\n","fileTypesAndContributionMap":{"functional-code":{"insertions":5,"deletions":6},"test-code":{"insertions":4,"deletions":40}}},{"hash":"5f2d61fde52b94d497b59d968e7f2088f7190444","isMergeCommit":true,"messageTitle":"Merge pull request #7 from AlagappanRa/delete-address","messageBody":"Delete address","fileTypesAndContributionMap":{}},{"hash":"711272cf53789b9a506a21661eb764a14039a7b2","isMergeCommit":true,"messageTitle":"Merge pull request #48 from AlagappanRa/master","messageBody":"Delete Address From GUI and CLI","fileTypesAndContributionMap":{}},{"hash":"9f1f1996a7f480355b0667d59aa5b11c7c3c4a09","isMergeCommit":true,"messageTitle":"Merge branch \u0027Update-UG-and-DG\u0027","messageBody":"","fileTypesAndContributionMap":{}},{"hash":"b74447bbe266b9852694548d8ebb8f02cf72a60e","isMergeCommit":true,"messageTitle":"Merge branch \u0027Update-README-and-AboutUs-Pages\u0027","messageBody":"","fileTypesAndContributionMap":{}},{"hash":"1483a05089a68a6340ec4db08808dafceb07a2bd","isMergeCommit":true,"messageTitle":"Merge pull request #49 from AlagappanRa/master","messageBody":"Update DG, UG and README ; Update AboutUs (Alagappan) ","fileTypesAndContributionMap":{}}]},{"date":"2023-10-04","commitResults":[{"hash":"04bdbeafa9141d6f789814677a0bc47acd260771","isMergeCommit":false,"messageTitle":"Update UG, Rithik\u0027s PPP, Rithik\u0027s Photo","messageBody":"- Update UG\n- Added skeletal PPP- Rithik (needs to be edited again)\n- Added photo - Rithik (needs to be edited again)\n","fileTypesAndContributionMap":{"docs":{"insertions":40,"deletions":131}}},{"hash":"aa7ab51e55dfae9fa8a739f979cbaa86f60e9b4c","isMergeCommit":true,"messageTitle":"Merge branch \u0027master\u0027 into Remove-AB3-From-UG","messageBody":"","fileTypesAndContributionMap":{}},{"hash":"523db691c6af50223f1091822b8537803ccd44c7","isMergeCommit":true,"messageTitle":"Merge pull request #75 from AlagappanRa/Remove-AB3-From-UG","messageBody":"Update UG, Rithik\u0027s PPP, Rithik\u0027s Photo","fileTypesAndContributionMap":{}},{"hash":"6b40cadc70630191bd3cd7b181673bf20516d0af","isMergeCommit":false,"messageTitle":"Update photo","messageBody":"Update photo\n","fileTypesAndContributionMap":{"docs":{"insertions":1,"deletions":0}}},{"hash":"993d3b48de8049471bb0ef2e9412cd83bb6c4ce7","isMergeCommit":false,"messageTitle":"Update info on about us","messageBody":"Update info on about us\n","fileTypesAndContributionMap":{"docs":{"insertions":0,"deletions":1}}}]}],"GlendaChong":[{"date":"2023-09-28","commitResults":[{"hash":"74a9894b8781510a0ec76a39895fbab8dfd4eb1a","isMergeCommit":false,"messageTitle":"Add Role Field to Company Class","messageBody":"","fileTypesAndContributionMap":{"functional-code":{"insertions":128,"deletions":16},"test-code":{"insertions":52,"deletions":22}}}]},{"date":"2023-09-29","commitResults":[{"hash":"84715bf453cb27ac7c4541e9b1eadd8aec4563ea","isMergeCommit":false,"messageTitle":"Update Add Command and test files","messageBody":"","fileTypesAndContributionMap":{"functional-code":{"insertions":7,"deletions":1},"test-code":{"insertions":56,"deletions":22}}}]},{"date":"2023-09-30","commitResults":[{"hash":"69829561bcceca746face3aaf12816dc85ea0c7b","isMergeCommit":true,"messageTitle":"Merge pull request #53 from tayruxin/add-deadline-field","messageBody":"Add deadline field","fileTypesAndContributionMap":{}},{"hash":"6b258e2a312f6cd4ad1b6cf412a6a7872d050687","isMergeCommit":true,"messageTitle":"Merge pull request #54 from tayruxin/add-ApplicationStatus-field","messageBody":"Add application status field","fileTypesAndContributionMap":{}},{"hash":"fad565c586975b9c0a127d5a228964a6c18ab270","isMergeCommit":true,"messageTitle":"Merge pull request #56 from tayruxin/use-cases-DG","messageBody":"Use cases for DG","fileTypesAndContributionMap":{}},{"hash":"ad08916dbfa10409bfa1a0a3bc5eaf515add7215","isMergeCommit":true,"messageTitle":"Merge pull request #57 from tayruxin/update-AboutUs","messageBody":"Update about us","fileTypesAndContributionMap":{}},{"hash":"97dec6feba17279a8f8cf586cb30ea8f5869c622","isMergeCommit":false,"messageTitle":"Add RecruiterName field to Company class","messageBody":"","fileTypesAndContributionMap":{"functional-code":{"insertions":145,"deletions":26},"test-code":{"insertions":151,"deletions":77}}},{"hash":"4f37507a23512ea9d41e190d30c345dfdf61a6f4","isMergeCommit":false,"messageTitle":"Update About Us with my personal information","messageBody":"","fileTypesAndContributionMap":{"docs":{"insertions":9,"deletions":8}}},{"hash":"0d04d8ecb2e1af7fd55046bd09c09dd43c805362","isMergeCommit":false,"messageTitle":"Update glossary in DeveloperGuide.md","messageBody":"","fileTypesAndContributionMap":{"docs":{"insertions":11,"deletions":10}}},{"hash":"c9ba707101ab6b776ecb089fca459d3d95c22ccf","isMergeCommit":false,"messageTitle":"Add skeletal PPP for Glenda Chong","messageBody":"","fileTypesAndContributionMap":{"docs":{"insertions":43,"deletions":0}}},{"hash":"25b53ef2199f3709c0d6ec7055de2dee839508df","isMergeCommit":false,"messageTitle":"Update AboutUs page to fit required format","messageBody":"","fileTypesAndContributionMap":{"docs":{"insertions":3,"deletions":2}}},{"hash":"078a45f33fbe3e78cea465908455dff727d74b04","isMergeCommit":false,"messageTitle":"Update User Guide","messageBody":"","fileTypesAndContributionMap":{"docs":{"insertions":24,"deletions":22}}}]},{"date":"2023-10-04","commitResults":[{"hash":"d49e1851f280d7d7d3ef07baf9b0524f81618834","isMergeCommit":true,"messageTitle":"Merge pull request #68 from tayruxin/use-cases-DG","messageBody":"Solve uneven spacing issue in use cases","fileTypesAndContributionMap":{}},{"hash":"0117cd53c098c12bafb1ea0d75c63596b828e6c0","isMergeCommit":true,"messageTitle":"Merge pull request #64 from alientian/UG-NFR","messageBody":"UG: add NFRs","fileTypesAndContributionMap":{}},{"hash":"371f77f33e74ffce066af2259ace36b3e33880d4","isMergeCommit":true,"messageTitle":"Merge pull request #65 from alientian/add-skeletal-ppp","messageBody":"Add skeletal PPP","fileTypesAndContributionMap":{}},{"hash":"775da440074a57a1e0de0f0d162076d0f242e1a0","isMergeCommit":true,"messageTitle":"Merge pull request #66 from alientian/update-AboutUs","messageBody":"Update AboutUs","fileTypesAndContributionMap":{}},{"hash":"71fdbc66c20eca47859c1770d22dd6df0609f6a3","isMergeCommit":true,"messageTitle":"Merge pull request #67 from tayruxin/update-PPP","messageBody":"Update personal PPP","fileTypesAndContributionMap":{}},{"hash":"d809e96bbc2141b0e516dfd62a51e7c8a1ec33d2","isMergeCommit":true,"messageTitle":"Merge branch \u0027AY2324S1-CS2103T-T17-2:master\u0027 into master","messageBody":"","fileTypesAndContributionMap":{}},{"hash":"b20f5d4bed8ce6b929779658efc77350980f72c3","isMergeCommit":true,"messageTitle":"Merge pull request #70 from tayruxin/update-DG","messageBody":"Update Product Scope-DG","fileTypesAndContributionMap":{}},{"hash":"0967e6aa67a7a6c3b8667f8151ab6ebf599ef26a","isMergeCommit":true,"messageTitle":"Merge pull request #78 from papataco14/chore/skeletal-ppp","messageBody":"Add skeletal PPP","fileTypesAndContributionMap":{}},{"hash":"4da2e9f90d8540d79407d7e3064ef137435ff280","isMergeCommit":true,"messageTitle":"Merge pull request #81 from papataco14/chore/update-aboutus","messageBody":"Update AboutUs","fileTypesAndContributionMap":{}}]}],"tayruxin":[{"date":"2023-09-27","commitResults":[{"hash":"7f65f93ecb01715600b651e45f2ab85ef92598ef","isMergeCommit":true,"messageTitle":"Merge pull request #44 from papataco14/master","messageBody":"Refactor person to company","fileTypesAndContributionMap":{}}]},{"date":"2023-09-29","commitResults":[{"hash":"7bb3aecfe41d8b4b51dd4db9596405dbd7c3a9c9","isMergeCommit":true,"messageTitle":"Merge pull request #50 from GlendaChong/add-role-field","messageBody":"Add role field","fileTypesAndContributionMap":{}},{"hash":"8991343c7cf5df112187341944345042caa66b31","isMergeCommit":false,"messageTitle":"Add deadline field","messageBody":"","fileTypesAndContributionMap":{"functional-code":{"insertions":138,"deletions":14},"test-code":{"insertions":139,"deletions":51}}},{"hash":"fec0bb1045d2e6da842f7ec45ca570ff7c34c248","isMergeCommit":false,"messageTitle":"Add ApplicationStatus field","messageBody":"","fileTypesAndContributionMap":{"functional-code":{"insertions":194,"deletions":18},"test-code":{"insertions":113,"deletions":46}}},{"hash":"44627ea7ec5f9140481c72967b9f160827023ef0","isMergeCommit":false,"messageTitle":"Edit use cases in DG","messageBody":"","fileTypesAndContributionMap":{"docs":{"insertions":81,"deletions":1}}},{"hash":"232663f5bfeda9f1c9ab335f836920282a571410","isMergeCommit":false,"messageTitle":"Update aboutUs","messageBody":"","fileTypesAndContributionMap":{"docs":{"insertions":4,"deletions":6}}}]},{"date":"2023-10-02","commitResults":[{"hash":"66e2452358564e78a8b33097d3b2055b13a07b0e","isMergeCommit":false,"messageTitle":"Update personal PPP","messageBody":"","fileTypesAndContributionMap":{"docs":{"insertions":61,"deletions":0}}},{"hash":"be7697690361be43d0dceec060fa72f005cd6bb3","isMergeCommit":false,"messageTitle":"Solve uneven spacing issue in use cases","messageBody":"","fileTypesAndContributionMap":{"docs":{"insertions":1,"deletions":1}}}]},{"date":"2023-10-04","commitResults":[{"hash":"94cc1fa676588449d4b746c6f49ea7b85bebed98","isMergeCommit":true,"messageTitle":"Merge pull request #63 from GlendaChong/update-user-guide","messageBody":"Update User Guide","fileTypesAndContributionMap":{}},{"hash":"722cb5f769801fa407be17ea75fe4a433e91e14c","isMergeCommit":false,"messageTitle":"Update Product Scope-DG","messageBody":"","fileTypesAndContributionMap":{"docs":{"insertions":5,"deletions":3}}},{"hash":"446c91e859453acc6f106a89e152a39ef8083b0e","isMergeCommit":true,"messageTitle":"Merge pull request #69 from alientian/master","messageBody":"Rename photo","fileTypesAndContributionMap":{}}]}],"papataco14":[{"date":"2023-09-27","commitResults":[{"hash":"4c2b4ef2ce1f23b4ec632d767017f0c305bec928","isMergeCommit":false,"messageTitle":"Add remark command","messageBody":"added functionality for specifying remarks for a person\n","fileTypesAndContributionMap":{"functional-code":{"insertions":212,"deletions":12},"test-code":{"insertions":65,"deletions":11}}},{"hash":"993e404917960dbe405f88a6df3179bcab0007fd","isMergeCommit":false,"messageTitle":"Fixed coding standard violations","messageBody":"","fileTypesAndContributionMap":{"functional-code":{"insertions":25,"deletions":19},"test-code":{"insertions":1,"deletions":1}}},{"hash":"a7f5dc19b2d23b7200f03ac3668a37e7cf571b95","isMergeCommit":false,"messageTitle":"Revert \"Fixed coding standard violations\"","messageBody":"This reverts commit 993e404917960dbe405f88a6df3179bcab0007fd.\n","fileTypesAndContributionMap":{"functional-code":{"insertions":19,"deletions":25},"test-code":{"insertions":1,"deletions":1}}},{"hash":"9aea0eb25f5b8b340c2d6fad0c7762082574ac68","isMergeCommit":false,"messageTitle":"Revert \"Add remark command\"","messageBody":"This reverts commit 4c2b4ef2ce1f23b4ec632d767017f0c305bec928.\n","fileTypesAndContributionMap":{"functional-code":{"insertions":12,"deletions":212},"test-code":{"insertions":11,"deletions":65}}},{"hash":"b37a1162b6a0e488301d875b27bb336ac8cdc0ae","isMergeCommit":false,"messageTitle":"Refactor person to company","messageBody":"The existing person model no longer fits our requirements of tracking company information.\n\nRename person and person references to company.\n","fileTypesAndContributionMap":{"functional-code":{"insertions":443,"deletions":444},"other":{"insertions":193,"deletions":193},"docs":{"insertions":72,"deletions":72},"test-code":{"insertions":723,"deletions":724}}},{"hash":"a32d986994a94e8cc634bab820c949968bc97457","isMergeCommit":false,"messageTitle":"Fix checkstyle violations","messageBody":"","fileTypesAndContributionMap":{"functional-code":{"insertions":15,"deletions":13},"test-code":{"insertions":22,"deletions":16}}},{"hash":"af75dde478bf51e810b8e3f10f9331cf44d0a6de","isMergeCommit":true,"messageTitle":"Merge pull request #1 from papataco14/chore/rename-person-model","messageBody":"Chore/rename person model","fileTypesAndContributionMap":{}}]},{"date":"2023-09-30","commitResults":[{"hash":"6c4823faddcac8343a19632b14c84ab2791cc9cc","isMergeCommit":true,"messageTitle":"Merge pull request #59 from GlendaChong/update-about-us","messageBody":"Update About Us with my personal information","fileTypesAndContributionMap":{}},{"hash":"b405215d77e97114efbd57c70af67a3c14eb2b1c","isMergeCommit":true,"messageTitle":"Merge pull request #61 from GlendaChong/update-developer-guide","messageBody":"Update glossary in DeveloperGuide.md","fileTypesAndContributionMap":{}},{"hash":"371bb8f90989b1d58eafa42a62c6fd8bc2ceb77f","isMergeCommit":true,"messageTitle":"Merge pull request #62 from GlendaChong/add-skeletal-ppp","messageBody":"Add skeletal PPP for Glenda Chong","fileTypesAndContributionMap":{}},{"hash":"38773acc7df94f68bc3449b822085858f998da6a","isMergeCommit":true,"messageTitle":"Merge pull request #58 from GlendaChong/add-recruiter-name-field","messageBody":"Add RecruiterName field","fileTypesAndContributionMap":{}}]},{"date":"2023-10-04","commitResults":[{"hash":"d9582c3d5467d95de8a2bf2520ec278478a8c4b8","isMergeCommit":false,"messageTitle":"Add skeletal PPP","messageBody":"- Add skeletal PPP for Rithik\n","fileTypesAndContributionMap":{"docs":{"insertions":46,"deletions":52}}},{"hash":"a9a04c51510f72db165dfe0b0c099149f9569f89","isMergeCommit":false,"messageTitle":"Update AboutUs","messageBody":"- Updated aboutUs for Rithik\n- Added picture\n","fileTypesAndContributionMap":{"docs":{"insertions":2,"deletions":0}}},{"hash":"f7cec6dd6d7caf4a4404235c4488545c672466de","isMergeCommit":true,"messageTitle":"Merge pull request #82 from AlagappanRa/Update-photo","messageBody":"Update photo","fileTypesAndContributionMap":{}},{"hash":"72bcaa74a221de216c71d0673aa5f45c7b857969","isMergeCommit":true,"messageTitle":"Merge pull request #83 from AlagappanRa/Update-Information-AboutUs","messageBody":"Update information about us","fileTypesAndContributionMap":{}}]}]},"authorFileTypeContributionMap":{"alientian":{"docs":56,"functional-code":0,"test-code":0},"AlagappanRa":{"docs":264,"functional-code":8,"test-code":19},"GlendaChong":{"docs":70,"functional-code":262,"test-code":206,"other":1},"tayruxin":{"docs":147,"functional-code":294,"test-code":143},"papataco14":{"docs":97,"functional-code":488,"test-code":792}},"authorContributionVariance":{"alientian":308.02365,"AlagappanRa":481428.78,"GlendaChong":21788.332,"tayruxin":45617.62,"papataco14":927942.06},"authorDisplayNameMap":{"alientian":"CS2103T-T17-2 LIM ..TIAN","AlagappanRa":"CS2103T-T17-2 ALAG..THAN","GlendaChong":"CS2103T-T17-2 GLEN..TING","tayruxin":"CS2103T-T17-2 TAY .. XIN","papataco14":"CS2103T-T17-2 RAMU..IJAY"}}
