{"authorDailyContributionsMap":{"wjacobw":[{"date":"2023-10-02","commitResults":[{"hash":"710e6cd54b14c51c9af727dfbe82c3e06990f7ff","isMergeCommit":false,"messageTitle":"Adds USP and motivation to USerGuide.md","messageBody":"","fileTypesAndContributionMap":{"docs":{"insertions":5,"deletions":0}}},{"hash":"94a146a6896d8f177f9a4cd5d9d2e8df594fb517","isMergeCommit":false,"messageTitle":"Adds William\u0027s picture and name in AboutUs.md file","messageBody":"","fileTypesAndContributionMap":{"docs":{"insertions":3,"deletions":3}}},{"hash":"289e90c7029d0c7f2f5a02506ce9617daa303cef","isMergeCommit":false,"messageTitle":"Changes the formating of photo file name","messageBody":"","fileTypesAndContributionMap":{"docs":{"insertions":1,"deletions":1}}}]},{"date":"2023-10-05","commitResults":[{"hash":"aeb7990eab57f1775def0de2daf737e3a1d4ee63","isMergeCommit":false,"messageTitle":"changes william\u0027s photo file name","messageBody":"","fileTypesAndContributionMap":{"docs":{"insertions":1,"deletions":1}}},{"hash":"3e6c7643bf540cd70b09a1e3d0c18ea9201a2ba8","isMergeCommit":false,"messageTitle":"Adds use cases in the DG","messageBody":"","fileTypesAndContributionMap":{"docs":{"insertions":58,"deletions":11}}}]},{"date":"2023-10-06","commitResults":[{"hash":"fa6a4173c0b1e49b188cc4be113f6a6c32ea46b6","isMergeCommit":false,"messageTitle":"changes file name","messageBody":"","fileTypesAndContributionMap":{"docs":{"insertions":1,"deletions":1}}},{"hash":"7493a2247bcc9688c954cc64affce1f92bf3b410","isMergeCommit":false,"messageTitle":"adds ppp","messageBody":"","fileTypesAndContributionMap":{"docs":{"insertions":9,"deletions":0}}}]},{"date":"2023-10-19","commitResults":[{"hash":"f1226c56b47ac72186d31de85fafaa27d6f0c176","isMergeCommit":false,"messageTitle":"modify list and help command features and ui, fix tutorial list bug","messageBody":"","fileTypesAndContributionMap":{"functional-code":{"insertions":104,"deletions":13}}},{"hash":"70e654748d6cd6da27cd502403bdae82359f9b79","isMergeCommit":false,"messageTitle":"Fix checkstyle","messageBody":"","fileTypesAndContributionMap":{"functional-code":{"insertions":15,"deletions":14}}},{"hash":"036db4e92bacd2fed5972956fd3f8ff3e84f9316","isMergeCommit":false,"messageTitle":"fix checkstyle","messageBody":"","fileTypesAndContributionMap":{"functional-code":{"insertions":27,"deletions":24}}},{"hash":"ad440c3f8b09626742269cd7a17b4d94f2be4180","isMergeCommit":false,"messageTitle":"fix checkstyle","messageBody":"","fileTypesAndContributionMap":{"functional-code":{"insertions":4,"deletions":3}}}]},{"date":"2023-10-25","commitResults":[{"hash":"aba5dd1a75f2cdf133209b3d1f2478ff618df8fd","isMergeCommit":false,"messageTitle":"fix ui list bug","messageBody":"","fileTypesAndContributionMap":{"functional-code":{"insertions":6,"deletions":2}}},{"hash":"d137073251e928374cab044c1539203f046f5cbf","isMergeCommit":false,"messageTitle":"Add documentation for RoleContainsKeywordsPredicate method and fix unnecesary space","messageBody":"","fileTypesAndContributionMap":{"functional-code":{"insertions":6,"deletions":5}}}]},{"date":"2023-10-29","commitResults":[{"hash":"99e57c2d59279a9cfa93ae1e53549ec38c4d8387","isMergeCommit":false,"messageTitle":"Add comments","messageBody":"","fileTypesAndContributionMap":{"functional-code":{"insertions":8,"deletions":9},"other":{"insertions":585,"deletions":0},"test-code":{"insertions":48,"deletions":39}}},{"hash":"5934e2c18c8964a17a7c301475cd665177ba81f2","isMergeCommit":false,"messageTitle":"delete bin","messageBody":"","fileTypesAndContributionMap":{"other":{"insertions":0,"deletions":585}}},{"hash":"8122a1e3fa4260c326a367285f89eb3483b78551","isMergeCommit":false,"messageTitle":"delete comments","messageBody":"","fileTypesAndContributionMap":{"functional-code":{"insertions":2,"deletions":2}}},{"hash":"3a80c08601bac17adf714bdec4d978d9ad2cb14f","isMergeCommit":false,"messageTitle":"delete white space","messageBody":"","fileTypesAndContributionMap":{"test-code":{"insertions":0,"deletions":2}}}]},{"date":"2023-10-30","commitResults":[{"hash":"496efc1c70b7cfd616be0f26294c05900d5e0bec","isMergeCommit":false,"messageTitle":"delete white space","messageBody":"","fileTypesAndContributionMap":{"test-code":{"insertions":0,"deletions":1}}},{"hash":"063fabe65b058a0328e2c6b8b89cea7340662d81","isMergeCommit":false,"messageTitle":"Add java docs","messageBody":"","fileTypesAndContributionMap":{"test-code":{"insertions":11,"deletions":2}}}]},{"date":"2023-11-07","commitResults":[{"hash":"acf033974ece7dcdd5cbd10ed7582afccdbde29b","isMergeCommit":false,"messageTitle":"fix adding extra fields to list does not show error bug","messageBody":"","fileTypesAndContributionMap":{"functional-code":{"insertions":3,"deletions":1}}},{"hash":"df49c86b48f5a08ec4496261f5ffa457b315bb32","isMergeCommit":false,"messageTitle":"add test case for parseCommand_list()","messageBody":"","fileTypesAndContributionMap":{"test-code":{"insertions":2,"deletions":1}}}]},{"date":"2023-11-08","commitResults":[{"hash":"2e7819fdc14922fa7318746f560bf4c5ea9537c4","isMergeCommit":false,"messageTitle":"Add correct feedback to users when they input invalid command","messageBody":"","fileTypesAndContributionMap":{"functional-code":{"insertions":3,"deletions":1}}},{"hash":"d5c5af4804aaf6be2bd6cec42d62a18e7fb16374","isMergeCommit":false,"messageTitle":"add test case","messageBody":"","fileTypesAndContributionMap":{"test-code":{"insertions":1,"deletions":1}}},{"hash":"5c3d50e6bec4fdad75ef17b4cc00404eac5f884b","isMergeCommit":false,"messageTitle":"fix help, list, and clear command","messageBody":"","fileTypesAndContributionMap":{"functional-code":{"insertions":9,"deletions":1}}},{"hash":"72968d5dc42b7e8f521ed4ba3f06c4640314a37e","isMergeCommit":false,"messageTitle":"fix check style","messageBody":"","fileTypesAndContributionMap":{"functional-code":{"insertions":1,"deletions":1}}},{"hash":"b51316d5f4f1a955187ee15cee3c22987dd26658","isMergeCommit":false,"messageTitle":"add test cases to clear and help command","messageBody":"","fileTypesAndContributionMap":{"test-code":{"insertions":4,"deletions":2}}}]}],"kayabuttertoastt":[{"date":"2023-10-04","commitResults":[{"hash":"ca9cc0178913ab6fd60adabf98b5bd6b8c3a12a6","isMergeCommit":false,"messageTitle":"Modify README.md","messageBody":"Modified READ.md file to contain product description and motivation.\n","fileTypesAndContributionMap":{"docs":{"insertions":18,"deletions":10}}},{"hash":"b5336dc43761b93bf9d20a7d43df9bcdf976e5f3","isMergeCommit":false,"messageTitle":"Revert \"Modify README.md\"","messageBody":"This reverts commit ca9cc0178913ab6fd60adabf98b5bd6b8c3a12a6.\n","fileTypesAndContributionMap":{"docs":{"insertions":10,"deletions":18}}},{"hash":"6ba379c2b338dae294b3a71c52dc98e7de00a6ef","isMergeCommit":false,"messageTitle":"Modify README.md","messageBody":"Modified READ.md file to contain product description and motivation.\n","fileTypesAndContributionMap":{"docs":{"insertions":18,"deletions":10}}},{"hash":"49a5249c2db3248a66e51005bbe9b6f6195c4c27","isMergeCommit":false,"messageTitle":"Add photo, PPP and updated AboutUS.md","messageBody":"Create kayabuttertoastt.md,\nadd kayabuttertoastt.png and\nupdate roles and responsibilities in AboutUs.md\n","fileTypesAndContributionMap":{"docs":{"insertions":55,"deletions":6}}},{"hash":"997b71231a30bcdf0f730353a6b24d69f5e739fe","isMergeCommit":false,"messageTitle":"Revert \"Add photo, PPP and updated\"","messageBody":"This reverts commit 49a5249c2db3248a66e51005bbe9b6f6195c4c27.\n","fileTypesAndContributionMap":{"docs":{"insertions":6,"deletions":55}}},{"hash":"80e5c84fc81d4a6cf878a6751447a13ac6fcb9f7","isMergeCommit":false,"messageTitle":"Add photo and PPP","messageBody":"Create kayabuttertoastt.md,\nadd kayabuttertoastt.png and\nupdate roles and responsibilities in AboutUs.md\n","fileTypesAndContributionMap":{"docs":{"insertions":54,"deletions":6}}},{"hash":"052b23ecef3ea29778077122eafebfa69e390b13","isMergeCommit":true,"messageTitle":"Merge pull request #45 from kayabuttertoastt/add-kirthigha-info","messageBody":"Add photo, PPP and update AboutUS.md","fileTypesAndContributionMap":{}},{"hash":"56b6c8743923d61591c586757f66876a95c0746e","isMergeCommit":false,"messageTitle":"Edit user guide","messageBody":"Elaborate about delete, search, favourites and exit commands\n","fileTypesAndContributionMap":{"docs":{"insertions":94,"deletions":53}}}]},{"date":"2023-10-13","commitResults":[{"hash":"d3ca0ce1da8008dcb13d305ee1a2176b32d37a4b","isMergeCommit":false,"messageTitle":"Update DG","messageBody":"Updated DG to add more user stories after this week\u0027s discussion.\n* Update and add user stories for NUS student\n* Add user stories for Professor\n","fileTypesAndContributionMap":{"docs":{"insertions":15,"deletions":9}}},{"hash":"6ff44ab809a33e8d8e0b679c87bca4710458e474","isMergeCommit":true,"messageTitle":"Merge pull request #66 from xxiaoweii/master","messageBody":"Update DeveloperGuide","fileTypesAndContributionMap":{}}]},{"date":"2023-10-19","commitResults":[{"hash":"1f48f83dee639ec1ace782ac0c07071315a6e9e3","isMergeCommit":false,"messageTitle":"Add Search and Exit Commands","messageBody":"Add the following features:\n* Search by name\n* Search by role\n* Search by tutorial\n* Search by course\n* Exit\n","fileTypesAndContributionMap":{"functional-code":{"insertions":423,"deletions":25}}},{"hash":"ace73ed0df018d6dd09486b70791531e61cf8ad9","isMergeCommit":true,"messageTitle":"Merge pull request #77 from xxiaoweii/add-command","messageBody":"AddCommand","fileTypesAndContributionMap":{}},{"hash":"0b8cdf5d46ae6e57fea736b8876eb0fbdee7e65c","isMergeCommit":false,"messageTitle":"Fix Checkstyle","messageBody":"","fileTypesAndContributionMap":{"docs":{"insertions":38,"deletions":38}}},{"hash":"7e215781b75ce568403034fc8a62c340a26484e8","isMergeCommit":false,"messageTitle":"Fix bugs","messageBody":"","fileTypesAndContributionMap":{"functional-code":{"insertions":1,"deletions":3}}},{"hash":"78526d163f58f93745567bc31658783b24fa8abd","isMergeCommit":false,"messageTitle":"Fix Checkstyle","messageBody":"","fileTypesAndContributionMap":{"functional-code":{"insertions":61,"deletions":38}}},{"hash":"2447885187ef1e0b856d2761ba4fd8706358dfa4","isMergeCommit":false,"messageTitle":"Fix Checkstyle","messageBody":"","fileTypesAndContributionMap":{"functional-code":{"insertions":26,"deletions":25}}},{"hash":"c44012ab3cf1226cd2b161ea33328482bbde4658","isMergeCommit":false,"messageTitle":"Fix Checkstyle","messageBody":"Fix checkstyle for AddressBookParser.java","fileTypesAndContributionMap":{"functional-code":{"insertions":1,"deletions":1}}},{"hash":"8378334391093209a50d9f1922251c93cecf2b20","isMergeCommit":false,"messageTitle":"Fix Checkstyle","messageBody":"Fix Checkstyle in CourseContainsKeywordsPredicate.java","fileTypesAndContributionMap":{"functional-code":{"insertions":0,"deletions":1}}}]},{"date":"2023-10-20","commitResults":[{"hash":"8e20b50b0ac263687580980e89611e196b8025cb","isMergeCommit":true,"messageTitle":"Merge pull request #81 from xxiaoweii/add-command","messageBody":"Update Role.java","fileTypesAndContributionMap":{}}]},{"date":"2023-10-23","commitResults":[{"hash":"9338aadefbb16c3c93b845b900e29f5cb30e7965","isMergeCommit":true,"messageTitle":"Merge pull request #87 from xxiaoweii/testcases","messageBody":"Update testcases","fileTypesAndContributionMap":{}}]},{"date":"2023-10-25","commitResults":[{"hash":"0e9a6a38c14075c0114e1b1c4cd6e58e570dd760","isMergeCommit":false,"messageTitle":"Add search testcases","messageBody":"Add testcases for:\n* search\n* searchrole\n* searchcourse\n* searchtutorial\n* exit\n","fileTypesAndContributionMap":{"test-code":{"insertions":387,"deletions":111}}},{"hash":"beb7d91f47f36f1a46c0a2210d22cc34d7521240","isMergeCommit":false,"messageTitle":"Fix checkstyle","messageBody":"","fileTypesAndContributionMap":{"functional-code":{"insertions":5,"deletions":3}}},{"hash":"0d02a2991b814f01d858f89e132328a0049c86d9","isMergeCommit":false,"messageTitle":"Fix checkstyle","messageBody":"","fileTypesAndContributionMap":{"test-code":{"insertions":1,"deletions":1}}},{"hash":"002dade277f46d5e5f3d949e3fc18e6bdf0509d8","isMergeCommit":true,"messageTitle":"Merge pull request #98 from xxiaoweii/update-testcases-1","messageBody":"Fix bugs related to tutorials, courses and contacts","fileTypesAndContributionMap":{}}]},{"date":"2023-10-27","commitResults":[{"hash":"5d922be1dd786015eae053069d1ec6b0996aca67","isMergeCommit":false,"messageTitle":"Update DeveloperGuide.md","messageBody":"1. Add implementation details and design considerations for search feture\n\n2. Add proposed implementation and design considerations for new feature (favlist)\n","fileTypesAndContributionMap":{"docs":{"insertions":110,"deletions":0}}}]},{"date":"2023-10-28","commitResults":[{"hash":"a6edfc7a224fa8288e6d7329d219fc6c25b92f97","isMergeCommit":true,"messageTitle":"Merge pull request #126 from xxiaoweii/update-DG","messageBody":"Update DeveloperGuide.md","fileTypesAndContributionMap":{}},{"hash":"8197163f4fbd979f500d0f609c71449830689f19","isMergeCommit":true,"messageTitle":"Merge pull request #129 from xxiaoweii/update-testcases-1","messageBody":"Add Testcases","fileTypesAndContributionMap":{}},{"hash":"cb5c9119d9ea944a23d149f75f1064c370e485e2","isMergeCommit":true,"messageTitle":"Merge pull request #130 from xxiaoweii/add-role-tag","messageBody":"Add Role Tag","fileTypesAndContributionMap":{}}]},{"date":"2023-10-29","commitResults":[{"hash":"de4ee732ea835d854f0afda1e74774ef645a9b56","isMergeCommit":false,"messageTitle":"Add Person testcases","messageBody":"Add Testcases for:\n1. CourseContainsKeywordsPredicate\n2. RoleContainsKeywordsPredicate\n3. TutorialContainsKeywordsPredicate\n4. NameContainsKeywordsPredicate\n","fileTypesAndContributionMap":{"test-code":{"insertions":276,"deletions":16}}},{"hash":"975914dd20b68dac36c2e9d83ee5d37309624a42","isMergeCommit":false,"messageTitle":"Fix Checkstyle","messageBody":"","fileTypesAndContributionMap":{"test-code":{"insertions":26,"deletions":16}}},{"hash":"36749bd05bf98c9601fdd5f197b2d56d7cc4a62e","isMergeCommit":false,"messageTitle":"Fix Checkstyle","messageBody":"","fileTypesAndContributionMap":{"test-code":{"insertions":15,"deletions":10}}},{"hash":"aad184aac7e346cf28a72b5d43bdb9b5d5a48cfb","isMergeCommit":false,"messageTitle":"Add Parser testcases","messageBody":"Add Parser testcases for:\n* FindCourseCommandParser\n* FindRoleCommandParser\n* FindCourseCommandParser\n* FindCommandParser\n\nEdit other parser test files to additional test cases that cover various input scenarios.\n","fileTypesAndContributionMap":{"functional-code":{"insertions":3,"deletions":6},"test-code":{"insertions":128,"deletions":1}}},{"hash":"3fa4da4963d85f94428972993633eff1c83e7676","isMergeCommit":false,"messageTitle":"Fix Checkstyle","messageBody":"","fileTypesAndContributionMap":{"test-code":{"insertions":2,"deletions":2}}},{"hash":"a35f231932b5306089be64b8039dadc394485f8d","isMergeCommit":true,"messageTitle":"Merge pull request #132 from xxiaoweii/update-testcases-1","messageBody":"Update Role Tag","fileTypesAndContributionMap":{}}]},{"date":"2023-10-31","commitResults":[{"hash":"17ba107722107b628ec65f91afeed177e2c4f053","isMergeCommit":true,"messageTitle":"Merge pull request #145 from xxiaoweii/update-testcases-1","messageBody":"Update testcases 1","fileTypesAndContributionMap":{}}]},{"date":"2023-11-01","commitResults":[{"hash":"d8d36820953d4fae5d73cb7f4de2aa5ad85bf2f0","isMergeCommit":true,"messageTitle":"Merge pull request #147 from xxiaoweii/add-more--testcases","messageBody":"Add more testcases","fileTypesAndContributionMap":{}},{"hash":"11129baf9a91f8d91faaed309951a61c50892bd0","isMergeCommit":true,"messageTitle":"Merge pull request #150 from xxiaoweii/fix-bug","messageBody":"Update UI ","fileTypesAndContributionMap":{}},{"hash":"ec8a723dec982857b8234602b8af3db0da4cad9d","isMergeCommit":false,"messageTitle":"Implement FavList","messageBody":"Add:\n* Implement favlist command\n","fileTypesAndContributionMap":{"functional-code":{"insertions":51,"deletions":0},"test-code":{"insertions":90,"deletions":0}}},{"hash":"b10733f3fa55e47fae2ec6de9c6c6916ba97a3d6","isMergeCommit":false,"messageTitle":"Fix Checkstyle","messageBody":"","fileTypesAndContributionMap":{"functional-code":{"insertions":1,"deletions":1}}}]},{"date":"2023-11-02","commitResults":[{"hash":"ea932ef678c7f77bbde7c2171456b134c9924d82","isMergeCommit":true,"messageTitle":"Merge pull request #152 from kayabuttertoastt/add-favlist","messageBody":"Implement FavList","fileTypesAndContributionMap":{}},{"hash":"1a08b63984e16c0b8f3ecbebc9f560c4c704f555","isMergeCommit":true,"messageTitle":"Merge pull request #153 from xxiaoweii/update-UG","messageBody":"Update UG","fileTypesAndContributionMap":{}}]},{"date":"2023-11-03","commitResults":[{"hash":"008803d552987b29062cbcb4b0d289922336496b","isMergeCommit":true,"messageTitle":"Merge pull request #164 from AY2324S1-CS2103T-F08-0/fix-autocomplete-bug","messageBody":"Fix autocomplete left arrow bug","fileTypesAndContributionMap":{}},{"hash":"e2df122bbc46047253ad098686e6e88031d602f3","isMergeCommit":false,"messageTitle":"Updated UserGuide.md","messageBody":"","fileTypesAndContributionMap":{"docs":{"insertions":30,"deletions":0}}},{"hash":"ef4e4ba8b0d1d89efe45ebc1b87329441d6b122f","isMergeCommit":true,"messageTitle":"Merge pull request #167 from AY2324S1-CS2103T-F08-0/update-autocomplete-ug","messageBody":"Update User Guide to include autocomplete","tags":["v.1.3"],"fileTypesAndContributionMap":{}}]},{"date":"2023-11-07","commitResults":[{"hash":"677c5642c45cac46ef2db09f273813c830dd1ea1","isMergeCommit":false,"messageTitle":"Fix search bugs","messageBody":"Fix bugs for:\n1. `search` command\n2. `searchrole` command\n3. `searchtutorial` command\n4. `searchcourse` command\n","fileTypesAndContributionMap":{"functional-code":{"insertions":25,"deletions":10}}},{"hash":"c2b24ea59e41ee3c9e5e62408d2b43ba73d1e0b0","isMergeCommit":false,"messageTitle":"Fix checkstyle","messageBody":"","fileTypesAndContributionMap":{"functional-code":{"insertions":0,"deletions":4}}},{"hash":"9e96364df0e673875c0dd4efc826ea40254b31c2","isMergeCommit":false,"messageTitle":"Fix checkstyle","messageBody":"","fileTypesAndContributionMap":{"functional-code":{"insertions":0,"deletions":1}}},{"hash":"6c6ba3a5bb161c86ac2c128d2b4b927799de3bd0","isMergeCommit":false,"messageTitle":"Fix testcases","messageBody":"","fileTypesAndContributionMap":{"test-code":{"insertions":55,"deletions":38}}},{"hash":"3ce7cabfd4065d457782f0cf7ffc38b47d61ac93","isMergeCommit":false,"messageTitle":"Fix checkstyle","messageBody":"","fileTypesAndContributionMap":{"test-code":{"insertions":4,"deletions":13}}},{"hash":"30d2937912c02ffd8590649f94196a5aecb56a29","isMergeCommit":false,"messageTitle":"Fix checkstyle","messageBody":"","fileTypesAndContributionMap":{"test-code":{"insertions":22,"deletions":18}}},{"hash":"e6a6d1d3f00660c0e395a4939c95332ef6b8b4fc","isMergeCommit":false,"messageTitle":"Fix checkstyle","messageBody":"","fileTypesAndContributionMap":{"test-code":{"insertions":1,"deletions":1}}}]},{"date":"2023-11-08","commitResults":[{"hash":"f6de3de28e803c2395874cefc052cf569782f52d","isMergeCommit":true,"messageTitle":"Merge pull request #222 from kayabuttertoastt/fix-search-bugs","messageBody":"Fix search bugs","fileTypesAndContributionMap":{}},{"hash":"2a36ca2eff36811b2d3723898fe779df9c7066c6","isMergeCommit":false,"messageTitle":"Update PPP","messageBody":"Changes made:\n* update PPP\n* add javadocs\n","fileTypesAndContributionMap":{"functional-code":{"insertions":357,"deletions":1},"docs":{"insertions":40,"deletions":11}}},{"hash":"6610b7c6152d13e082b3153aa0bcb28b0ca8035d","isMergeCommit":false,"messageTitle":"Add javadocs","messageBody":"","fileTypesAndContributionMap":{"functional-code":{"insertions":31,"deletions":0}}},{"hash":"de211a01fd21cf3da20558cc2b161821aa36adc5","isMergeCommit":true,"messageTitle":"Merge pull request #223 from kayabuttertoastt/kirthigha-ppp","messageBody":"Update PPP","fileTypesAndContributionMap":{}},{"hash":"a52ca53492078cdd5295052663178feff5888257","isMergeCommit":false,"messageTitle":"Fix search and favlist bugs","messageBody":"bug fixes:\n* error message in searchcourse\n* error message in searchrole\n* favlist additional input bug\n\nyet to fix:\n* searchcourse empty input bug\n","fileTypesAndContributionMap":{"functional-code":{"insertions":16,"deletions":3},"test-code":{"insertions":8,"deletions":0}}},{"hash":"91b16a942fdda395437366f73530dc3a117e9c75","isMergeCommit":false,"messageTitle":"Fix checkstyle","messageBody":"","fileTypesAndContributionMap":{"test-code":{"insertions":1,"deletions":1}}},{"hash":"46af06b3a3d882e545126f2f09ff0879b349f842","isMergeCommit":true,"messageTitle":"Merge pull request #227 from kayabuttertoastt/fix-testing-bugs","messageBody":"Fix search and favlist bugs","fileTypesAndContributionMap":{}}]}],"lawruixi":[{"date":"2023-10-02","commitResults":[{"hash":"2411d9b1cf99366e7490ca6a0c8e1b2acf976e64","isMergeCommit":false,"messageTitle":"update personal information in the AboutUs page","messageBody":"","fileTypesAndContributionMap":{"docs":{"insertions":4,"deletions":4}}},{"hash":"a816716eb3f7d03588e64be4d23788f6cf569eb5","isMergeCommit":true,"messageTitle":"Merge branch \u0027master\u0027 of github.com:lawruixi/tp","messageBody":"","fileTypesAndContributionMap":{}},{"hash":"d5c557ea8452babab0f9c20f332752e6728dea0d","isMergeCommit":true,"messageTitle":"Merge remote-tracking branch \u0027upstream/master\u0027","messageBody":"","fileTypesAndContributionMap":{}},{"hash":"0756118338c0a854533e285e37b2839aa92dc4a5","isMergeCommit":true,"messageTitle":"Merge pull request #33 from lawruixi/master","messageBody":"add info for about us page","fileTypesAndContributionMap":{}}]},{"date":"2023-10-03","commitResults":[{"hash":"80fcec5abccbca3744b24277a9ae47caff247208","isMergeCommit":false,"messageTitle":"Add mockup to User Guide","messageBody":"Add the UI mockup and link it via a relative path.\n","fileTypesAndContributionMap":{"docs":{"insertions":8,"deletions":0}}},{"hash":"17b376f66ac749f84ea68cd637eaa4d0b4930636","isMergeCommit":true,"messageTitle":"Merge pull request #36 from lawruixi/master","messageBody":"Add mockup to User Guide","fileTypesAndContributionMap":{}},{"hash":"5403172d624a367388330761e68d0f2f7216d6d5","isMergeCommit":false,"messageTitle":"Add NFRs to Developer Guide","messageBody":"","fileTypesAndContributionMap":{"docs":{"insertions":13,"deletions":0}}},{"hash":"21a599a9616c17ba01042380ce244e84d858caf0","isMergeCommit":true,"messageTitle":"Merge pull request #39 from lawruixi/master","messageBody":"Add NFRs to Developer Guide","fileTypesAndContributionMap":{}},{"hash":"32d7e4ad23b1f06354ff59b5aeead6968d0b2306","isMergeCommit":false,"messageTitle":"Add lawruixi\u0027s project portfolio page","messageBody":"","fileTypesAndContributionMap":{"docs":{"insertions":35,"deletions":0}}},{"hash":"f4842bef7b1cc47879a57f3a74265df36050a141","isMergeCommit":true,"messageTitle":"Merge pull request #43 from lawruixi/master","messageBody":"Add lawruixi\u0027s skeletal project portfolio page","fileTypesAndContributionMap":{}}]},{"date":"2023-10-04","commitResults":[{"hash":"519f406e98526565ec9840c8d882758e7020b3f5","isMergeCommit":true,"messageTitle":"Merge pull request #46 from kayabuttertoastt/branch-UG","messageBody":"Edit user guide","fileTypesAndContributionMap":{}}]},{"date":"2023-10-11","commitResults":[{"hash":"7fcb6e86becc679e1dddf44ebf025c07826e398c","isMergeCommit":false,"messageTitle":"added a role to the person model","messageBody":"","fileTypesAndContributionMap":{"functional-code":{"insertions":235,"deletions":8}}},{"hash":"7e88e44dd31ec4117b90fbd62a536803046b5103","isMergeCommit":false,"messageTitle":"Change role validation from propercase to lowercase, as per project specifications.","messageBody":"","fileTypesAndContributionMap":{"functional-code":{"insertions":2,"deletions":2}}},{"hash":"cac76d2b0300b148d0542ea6d4ec90f0995e68e8","isMergeCommit":false,"messageTitle":"Add Contact field to the person Model","messageBody":"","fileTypesAndContributionMap":{"functional-code":{"insertions":217,"deletions":13}}}]},{"date":"2023-10-12","commitResults":[{"hash":"df11d0b6dea2b76e893c8b09f3666b2672987f05","isMergeCommit":false,"messageTitle":"Add Courses and Tutorials fields","messageBody":"added courses and tutorial fields as per user guide specifications. now they have all fields, and tutorials need to be linked to courses\n","fileTypesAndContributionMap":{"functional-code":{"insertions":506,"deletions":8}}},{"hash":"80f6c806b7abc1c4e4eeca5c3baad4c5ff597c3b","isMergeCommit":false,"messageTitle":"Fix Tutorials bug when reading from JSON file","messageBody":"fixed a bug where reading data from the SampleDataUtils resulted in a bug where the Tutorial objects could not be created due to incorrect Course linking.\n\nThis has been fixed with the change to tutorialString as a method of Tutorial.\n","fileTypesAndContributionMap":{"functional-code":{"insertions":40,"deletions":34}}}]},{"date":"2023-10-13","commitResults":[{"hash":"1e79f9496064016f9e0ac3536c862bf345e22579","isMergeCommit":false,"messageTitle":"Remove unnecessary data fields from model","messageBody":"After having added all the new data fields for our evolved app, let\u0027s\nremove all unnecessary data fields left over from the previous iteration\nof the app.\n","fileTypesAndContributionMap":{"functional-code":{"insertions":144,"deletions":687}}},{"hash":"2d36355d768fd23ea90e0b08a270ec94de55476b","isMergeCommit":false,"messageTitle":"Change files to comply with checkstyle","messageBody":"Change the files to comply with the checkstyle, as previously they violated almost\nevery checkstyle requirement in the book.\n","fileTypesAndContributionMap":{"functional-code":{"insertions":62,"deletions":52}}}]},{"date":"2023-10-18","commitResults":[{"hash":"ca4110c94069898108d278bb5d1c101bd7feb9b2","isMergeCommit":false,"messageTitle":"Disable test cases","messageBody":"Test cases have not been implemented yet as the person model is still being worked on. Let\u0027s remove them for now and add them back in a future commit.\n","fileTypesAndContributionMap":{"test-code":{"insertions":4575,"deletions":4575}}},{"hash":"deea0ec36daa7ae31f56da5f75ee49c0ee714411","isMergeCommit":false,"messageTitle":"Disable test cases","messageBody":"Test cases have not been implemented yet as the person model is still being worked on. Let\u0027s remove them for now and add them back in a future commit.\n","fileTypesAndContributionMap":{"test-code":{"insertions":5011,"deletions":5011}}},{"hash":"4bfc2d4d4d11d80fb4d110880c27f76a35afebc4","isMergeCommit":true,"messageTitle":"Merge branch \u0027update-model\u0027 of github.com:lawruixi/tp into update-model","messageBody":"","fileTypesAndContributionMap":{}},{"hash":"b425c9e7a7109daffa4dd721fd99cbea549b531e","isMergeCommit":false,"messageTitle":"Update test cases to pass style checks","messageBody":"The test cases used to have trailing whitespaces or too long lines. Let\u0027s update the test cases to conform to the style checks.\n","fileTypesAndContributionMap":{"test-code":{"insertions":227,"deletions":214}}}]},{"date":"2023-10-19","commitResults":[{"hash":"ae08f39b385e7971c0c8d8980780651284737226","isMergeCommit":true,"messageTitle":"Merge pull request #78 from kayabuttertoastt/search-command","messageBody":"Add Search and Exit Commands","fileTypesAndContributionMap":{}}]},{"date":"2023-10-24","commitResults":[{"hash":"30e8dc1ec7f9d788f6e4ba87d05738b9c6f136d2","isMergeCommit":false,"messageTitle":"Add a method for Tutorial to find its course","messageBody":"Previously, there was no simple way to find the course that matches a\nspecific Tutorial when trying to create a Tutorial object.\n\nThis is a common scenario, so the classes had to manually search through\na set of Courses to find a Course that would be pointed at by the\nTutorial. This is very annoying, highly inefficient, and requires much\ncode repetition.\n\nLet\u0027s add a new method to Tutorial that would take a set of Courses,\nsearch through it, and then return the relevant Course. This would\nresult in much less repetitive code.\n","fileTypesAndContributionMap":{"functional-code":{"insertions":64,"deletions":38}}},{"hash":"4535df191e58abdc618d2b532c114dce055df66f","isMergeCommit":true,"messageTitle":"Merge pull request #88 from AY2324S1-CS2103T-F08-0/add-tutorial-findcourse","messageBody":"Add a method for Tutorial to find its course","fileTypesAndContributionMap":{}},{"hash":"ba986edc58f9e8d7727e85203f9860181c803ca4","isMergeCommit":false,"messageTitle":"Fix bug related to saving roles","messageBody":"Previously, a bug existed where roles could not be saved properly,\nleading to corrupted save data.\n\nLet\u0027s fix this bug by changing Role to only contain one RoleType, while\nediting the ParserUtil to delimit role strings into separate individual\nroles instead. This should fix the problem with role saving.\n\nThe delimiter for parsing multiple roleTypes can be found in Role.java.\nAdditionally, the UI has been updated to support this change.\n","fileTypesAndContributionMap":{"functional-code":{"insertions":32,"deletions":27}}},{"hash":"458ddd42a9e39bc2328b40ff0c03bee340ff1d9a","isMergeCommit":false,"messageTitle":"Fixed bug where data is not saved when user exits the app.","messageBody":"Previously, a bug existed where clicking the X button on the\napplication, instead of entering the exit command, does not save the\ndata in the app.\n\nLet\u0027s fix that by making the data save when the app is exited.\n","fileTypesAndContributionMap":{"functional-code":{"insertions":1,"deletions":0}}}]},{"date":"2023-10-25","commitResults":[{"hash":"2852ae21809d0ce64e846f9034dc82fc90c5c19d","isMergeCommit":true,"messageTitle":"Merge pull request #94 from kayabuttertoastt/update-search-testcases","messageBody":"Add search testcases","fileTypesAndContributionMap":{}},{"hash":"84e8a9327bc9aaf0a0ca8d998019b9fad5a0fe26","isMergeCommit":true,"messageTitle":"Merge branch \u0027update-testcases-1\u0027 into fix-saving-role-bug","messageBody":"","fileTypesAndContributionMap":{}},{"hash":"f3dcd3ea3e853eb3f006bca3176c43fa5f5ca192","isMergeCommit":true,"messageTitle":"Merge branch \u0027update-testcases-1\u0027 into fix-saving-on-close-bug","messageBody":"","fileTypesAndContributionMap":{}}]},{"date":"2023-10-26","commitResults":[{"hash":"8d0373cb57d1e18515953467e173cc29194da792","isMergeCommit":false,"messageTitle":"Update the Model Class Diagram of the DG","messageBody":"","fileTypesAndContributionMap":{"docs":{"insertions":17,"deletions":12}}},{"hash":"fe02182120c79ddd3fc33475605462ce82b710e5","isMergeCommit":true,"messageTitle":"Merge pull request #117 from AY2324S1-CS2103T-F08-0/update-dg","messageBody":"Update the Model Class Diagram of the DG","fileTypesAndContributionMap":{}},{"hash":"d24a39f0246b0c8fbfbfd1f4695836e21d692e68","isMergeCommit":false,"messageTitle":"Add Role test file","messageBody":"Add a role test file to test the methods of the Role class\n","fileTypesAndContributionMap":{"test-code":{"insertions":58,"deletions":0}}},{"hash":"2072e17ac432c0469fab0a8ff2e439a28c42e2cc","isMergeCommit":false,"messageTitle":"Add tutorial test cases","messageBody":"Add test case files to test Tutorial class of the model\n","fileTypesAndContributionMap":{"functional-code":{"insertions":2,"deletions":1},"test-code":{"insertions":165,"deletions":0}}},{"hash":"9f33efc32621f31423ff326267e2eaf76ec955c4","isMergeCommit":false,"messageTitle":"Update TutorialTest to comply with checkstyle","messageBody":"","fileTypesAndContributionMap":{"test-code":{"insertions":11,"deletions":9}}}]},{"date":"2023-10-27","commitResults":[{"hash":"a4b337be79d2583e54649f8b2d7584486b413889","isMergeCommit":true,"messageTitle":"Merge pull request #123 from kayabuttertoastt/kirthigha-update-dg","messageBody":"Update DeveloperGuide.md","fileTypesAndContributionMap":{}}]},{"date":"2023-10-29","commitResults":[{"hash":"0795affa370955ecbd1d3b3f7a21710c51d734ca","isMergeCommit":true,"messageTitle":"Merge pull request #133 from kayabuttertoastt/update-person-testcases","messageBody":"Add Person testcases","fileTypesAndContributionMap":{}},{"hash":"be7feac1daa02b1d3ac84b48d1b2b5a332a7e749","isMergeCommit":true,"messageTitle":"Merge pull request #136 from kayabuttertoastt/update-parser-testcases","messageBody":"Add Parser testcases","fileTypesAndContributionMap":{}}]},{"date":"2023-10-31","commitResults":[{"hash":"f13ae9b939bdf1119d031ef42fcaed5bbcbd7882","isMergeCommit":true,"messageTitle":"Merge pull request #143 from AY2324S1-CS2103T-F08-0/update-testcases-1","messageBody":"Update testcases 1 but better","fileTypesAndContributionMap":{}},{"hash":"300624c8aa43920dfa9d55c2d88f6541bf629a24","isMergeCommit":false,"messageTitle":"Change AddressBooKParser\u0027s parseCommand method","messageBody":"AddressBookParser used to use a very lengthy switch/case statement to\ndecide which command word was said.\n\nThis can be shortened by using a map of Strings to CheckedFunctions\n(functional interfaces that behave like Functions but can throw an\nerror). While this doesn\u0027t eliminate the complexity of checking, it\ndoes allow for autocomplete to be implemented easier with a unified\nlist of command words, with not much additional cost to current\nimplementations of parsing methods.\n\nLet\u0027s change it to this equally complex but more easily extensible\nmethod of implementation!\n","fileTypesAndContributionMap":{"functional-code":{"insertions":48,"deletions":42}}},{"hash":"4f3105002658b2e5e056eb13abe91d392d79051d","isMergeCommit":false,"messageTitle":"Add autocomplete feature","messageBody":"Let\u0027s add the autocomplete feature that allows users to cycle through\ncommand suggestions.\n","fileTypesAndContributionMap":{"functional-code":{"insertions":97,"deletions":3}}},{"hash":"b1ca7ff3adf9a6d6fef405a28e3380ce99620387","isMergeCommit":false,"messageTitle":"Update to comply with checkstyle","messageBody":"Let\u0027s update the changed files to comply with the checkstyle\nspecifications.\n","fileTypesAndContributionMap":{"functional-code":{"insertions":22,"deletions":9}}},{"hash":"65afa8ae34215bb0fa9c0839bac8a10f07a3415d","isMergeCommit":false,"messageTitle":"Add test case for getcommandwords","messageBody":"","fileTypesAndContributionMap":{"test-code":{"insertions":11,"deletions":0}}},{"hash":"0c58879b2fbc7e19aa5118b614619e1fb77badaf","isMergeCommit":false,"messageTitle":"Fix compilation error due to missing import","messageBody":"","fileTypesAndContributionMap":{"test-code":{"insertions":1,"deletions":0}}}]},{"date":"2023-11-01","commitResults":[{"hash":"e08bb1b55cadeb40fd55f714bf63b28eeb9dc485","isMergeCommit":true,"messageTitle":"Merge pull request #146 from AY2324S1-CS2103T-F08-0/autocomplete","messageBody":"Autocomplete","fileTypesAndContributionMap":{}}]},{"date":"2023-11-03","commitResults":[{"hash":"d8574c569d5d76b4a166dd23fbcd5c4e54ea4cff","isMergeCommit":false,"messageTitle":"Fix autocomplete left arrow bug","messageBody":"","fileTypesAndContributionMap":{"functional-code":{"insertions":4,"deletions":3}}},{"hash":"a68e5c0cf83fbe07414d16ea96f3e091a9d8bb6a","isMergeCommit":false,"messageTitle":"Update User Guide to include autocomplete","messageBody":"","fileTypesAndContributionMap":{"docs":{"insertions":8,"deletions":0}}},{"hash":"ca6ba8e6431552f95f90cf9212d8bc9d944a1ebc","isMergeCommit":true,"messageTitle":"Merge pull request #166 from kayabuttertoastt/favlist-ug","messageBody":"Updated UserGuide.md","fileTypesAndContributionMap":{}}]},{"date":"2023-11-07","commitResults":[{"hash":"78f7f53f68407e62fb93da53289acdf3ed14216f","isMergeCommit":false,"messageTitle":"Fix copy-and-paste bug from searchtutorial, searchrole and searchcourse commands","messageBody":"Fix both the bugs in the Quick Start section and their respective\ndedicated sections for the searchtutorial, searchrole and searchcourse\ncommands, where the command was erroneously written as \"search\" instead\nof their actual command words.\n","fileTypesAndContributionMap":{"docs":{"insertions":15,"deletions":15}}},{"hash":"45ba086954ed59e7c2d8f04f2f6eafeec5fb5be3","isMergeCommit":false,"messageTitle":"Fix typo in description of searchtutorial","messageBody":"The description of searchtutorial erroneously says \"rle\" instead of\n\"tutorial\". Let\u0027s fix this typo.\n","fileTypesAndContributionMap":{"docs":{"insertions":1,"deletions":1}}},{"hash":"b75e935787d0522c097e23c313f2bf5cc2a8f23d","isMergeCommit":false,"messageTitle":"Fix misspelling in searchrole description","messageBody":"Let\u0027s fix the typo of \"role\" as \"rle\" in the description of searchrole\ncommand.\n","fileTypesAndContributionMap":{"docs":{"insertions":1,"deletions":1}}},{"hash":"747437116ff8db54b5cfdd595eecaf766654d6db","isMergeCommit":false,"messageTitle":"Add different search commands to command summary","messageBody":"Previously, the various search commands were not in the command\nsummary. Let\u0027s add a row for each of them.\n","fileTypesAndContributionMap":{"docs":{"insertions":4,"deletions":1}}},{"hash":"af94d1d09faf2b09f2bb8615ef654d2c617dc779","isMergeCommit":false,"messageTitle":"Add a warning box for case-sensitivity of commands","messageBody":"Currently, there\u0027s no indication that commands are case sensitive. Let\u0027s\nfix that by adding a warning box in the command format section.\n","fileTypesAndContributionMap":{"docs":{"insertions":3,"deletions":0}}},{"hash":"dee403c038ee0e0db546f0b4dae4663d070da44e","isMergeCommit":false,"messageTitle":"Fix incorrect add command in Command Summary of UG","messageBody":"The command summary\u0027s example Add command results in an invalid role\nerror. Let\u0027s amend this mistake.\n","fileTypesAndContributionMap":{"docs":{"insertions":1,"deletions":1}}},{"hash":"b8acf20706935a7112abab44e70af94a6037bfde","isMergeCommit":false,"messageTitle":"Update Quick Start section","messageBody":"Updated and completed Quick Start section, which was previously\nincomplete.\n","fileTypesAndContributionMap":{"docs":{"insertions":56,"deletions":2}}}]},{"date":"2023-11-08","commitResults":[{"hash":"f4636c15cf1ff4ae614a44976551ea0fdfe29a1d","isMergeCommit":true,"messageTitle":"Merge branch \u0027master\u0027 into fix-ug-bugs","messageBody":"","fileTypesAndContributionMap":{}},{"hash":"4914e1badfcdcbd5a0025b31226f7ae3ee79cf13","isMergeCommit":false,"messageTitle":"Updated User Guide\u0027s search* command error messages","messageBody":"The User Guide\u0027s search* command had copy-pasted error messages, that\ndid not match the actual error message printed by the program. Let\u0027s\nrectify that error.\n","fileTypesAndContributionMap":{"docs":{"insertions":8,"deletions":6}}},{"hash":"cc954a2dec16b579fc2770095effd17d3e43fe69","isMergeCommit":false,"messageTitle":"Update FAQ section of User Guide","messageBody":"Update the FAQ section of the User Guide to use panels, which makes it look more like the CS2103 website\n","fileTypesAndContributionMap":{"docs":{"insertions":12,"deletions":2}}},{"hash":"967eae72327a36ce5ff9d9b031fb1e4d0999b29c","isMergeCommit":false,"messageTitle":"Change text in HTML elements to be markdown","messageBody":"","fileTypesAndContributionMap":{"docs":{"insertions":60,"deletions":49}}},{"hash":"925e55fd42aaca62ad052cb4684b945758f3deef","isMergeCommit":false,"messageTitle":"Update User Guide formatting for optimal PDF viewing experience","messageBody":"Let\u0027s update the User Guide so it looks great on a PDF and not just on a\nwebsite.\n","fileTypesAndContributionMap":{"docs":{"insertions":146,"deletions":108}}},{"hash":"4b3522012b4ccb778b57734709b0dee2044a8f16","isMergeCommit":false,"messageTitle":"remove unnecessary lines of code, fixing some bugs","messageBody":"","fileTypesAndContributionMap":{"functional-code":{"insertions":1,"deletions":3}}},{"hash":"102093fd7e2b596919abd4a0907e906a1fe97adb","isMergeCommit":false,"messageTitle":"Add input validation for each of the search commands","messageBody":"Let\u0027s add back input validation into each of the search commands, after\nempty arguments check.\n","fileTypesAndContributionMap":{"functional-code":{"insertions":46,"deletions":1}}},{"hash":"668871f5e64f8df6568bcde1f60a7cbf0795b63c","isMergeCommit":false,"messageTitle":"Update test cases","messageBody":"Update test cases to test the new fixed version of the searchtutorial\ncommand, changing them since it no longer supports searching multiple\ntutorials at once.\n","fileTypesAndContributionMap":{"test-code":{"insertions":15,"deletions":6}}},{"hash":"296d23a18b5e41b78b58642a0035a3458cd04af7","isMergeCommit":false,"messageTitle":"Update AddressBookParserTest class to conform to checkstyle","messageBody":"","fileTypesAndContributionMap":{"test-code":{"insertions":40,"deletions":40}}}]},{"date":"2023-11-09","commitResults":[{"hash":"29c23cdd1b430b6b4deab552c4e4444380ba2d47","isMergeCommit":true,"messageTitle":"Merge pull request #228 from AY2324S1-CS2103T-F08-0/fix-searchcourse-invalid-input-bug","messageBody":"Fix searchcourse invalid input bug","fileTypesAndContributionMap":{}}]}],"xxiaoweii":[{"date":"2023-10-03","commitResults":[{"hash":"979898cbe7c50c2b6ba275275f1bc294530d228c","isMergeCommit":false,"messageTitle":"Update UserGuide.md","messageBody":"","fileTypesAndContributionMap":{"docs":{"insertions":93,"deletions":11}}},{"hash":"11be8157e729fc7e2e0d0f8a1969886737d2d006","isMergeCommit":true,"messageTitle":"Merge branch \u0027master\u0027 of https://github.com/xxiaoweii/tp","messageBody":"","fileTypesAndContributionMap":{}},{"hash":"63788080810d1010beabfba79cc5748cfdbd4c8e","isMergeCommit":false,"messageTitle":"Update AboutUs.md","messageBody":"","fileTypesAndContributionMap":{"docs":{"insertions":5,"deletions":5}}},{"hash":"63a2cc1b53c77ffe9d74e87574644e8ebd567e46","isMergeCommit":true,"messageTitle":"Merge branch \u0027AY2324S1-CS2103T-F08-0:master\u0027 into master","messageBody":"","fileTypesAndContributionMap":{}},{"hash":"f9650fe5ea7c5e7715e1c0c2b7ae2fc8fca425a7","isMergeCommit":true,"messageTitle":"Merge pull request #41 from xxiaoweii/master","messageBody":"Update About Us","fileTypesAndContributionMap":{}},{"hash":"59fff65e6241592e778227ecfd5dd51f2b2efc62","isMergeCommit":false,"messageTitle":"Update DeveloperGuide.md","messageBody":"","fileTypesAndContributionMap":{"docs":{"insertions":9,"deletions":2}}},{"hash":"ded54ae1038dbe1653032fb8c8960bb1ee2a812f","isMergeCommit":true,"messageTitle":"Merge remote-tracking branch \u0027origin/master\u0027","messageBody":"","fileTypesAndContributionMap":{}},{"hash":"5df2dbd249614dbd3d0929d002db9e8f299bcba2","isMergeCommit":true,"messageTitle":"Merge pull request #42 from xxiaoweii/master","messageBody":"Update Developer Guide","fileTypesAndContributionMap":{}}]},{"date":"2023-10-04","commitResults":[{"hash":"c86739643a823a5ea3026a8f7c7ab569859b13ef","isMergeCommit":true,"messageTitle":"Merge pull request #47 from frrrrry/fry-update-user-guide-2","messageBody":"Update UserGuide","fileTypesAndContributionMap":{}}]},{"date":"2023-10-06","commitResults":[{"hash":"a8ecd3b9bffe5f6d71f79d28d64406780a905dfe","isMergeCommit":true,"messageTitle":"Merge pull request #55 from frrrrry/fry-bugfix-workflow-1","messageBody":"Attempt to fix workflow run failure","fileTypesAndContributionMap":{}}]},{"date":"2023-10-13","commitResults":[{"hash":"5046d6944b519d67b7c49ccdc4187a4f576ee2c6","isMergeCommit":true,"messageTitle":"Merge pull request #63 from frrrrry/fry-update-DG-product-scope","messageBody":"Update DG","fileTypesAndContributionMap":{}},{"hash":"b1a6eab77cf333bae042e06b7611aea41ce7e58f","isMergeCommit":false,"messageTitle":"Update DeveloperGuide.md","messageBody":"","fileTypesAndContributionMap":{"docs":{"insertions":74,"deletions":29}}},{"hash":"bd03dbb27a33e3a812a70b3dff9a8f82bede8490","isMergeCommit":true,"messageTitle":"Merge pull request #65 from kayabuttertoastt/update-dg","messageBody":"Update DG","fileTypesAndContributionMap":{}}]},{"date":"2023-10-18","commitResults":[{"hash":"b5aa768e92be626022a8a6c0258965c491b53d0e","isMergeCommit":false,"messageTitle":"Update CliSyntax","messageBody":"","fileTypesAndContributionMap":{"functional-code":{"insertions":4,"deletions":4}}},{"hash":"ce6b06c2791b1cea1634c2a83e8f8554e27ac57c","isMergeCommit":false,"messageTitle":"Update AddCommandParser","messageBody":"","fileTypesAndContributionMap":{"functional-code":{"insertions":1,"deletions":1}}},{"hash":"1d238d7a7018e02723e64321f55ed5bda76baf78","isMergeCommit":false,"messageTitle":"Update AddCommand","messageBody":"","fileTypesAndContributionMap":{"functional-code":{"insertions":13,"deletions":15}}},{"hash":"45e008dc5594151dcb3c23fac1d528e368cf9bb0","isMergeCommit":false,"messageTitle":"Update ParserUtil","messageBody":"","fileTypesAndContributionMap":{"functional-code":{"insertions":12,"deletions":4}}},{"hash":"3fe496ef5dafaf4f0b56078c23e58ee1adc8bcda","isMergeCommit":false,"messageTitle":"Update Tutorial","messageBody":"","fileTypesAndContributionMap":{"functional-code":{"insertions":2,"deletions":2}}},{"hash":"494307cd9c53938f08b1cb6b131d433e9460bb24","isMergeCommit":true,"messageTitle":"Merge pull request #76 from frrrrry/add-favourite-command","messageBody":"Add Favourite Command","fileTypesAndContributionMap":{}},{"hash":"81245ddf5eb95ca87b8466a240e6a5afeebddf94","isMergeCommit":true,"messageTitle":"Merge branch \u0027AY2324S1-CS2103T-F08-0:master\u0027 into add-command","messageBody":"","fileTypesAndContributionMap":{}}]},{"date":"2023-10-19","commitResults":[{"hash":"87eef13f9406abbb0288a516d3d8c6c63b7ce7ff","isMergeCommit":true,"messageTitle":"Merge pull request #79 from AY2324S1-CS2103T-F08-0/update-fav-command","messageBody":"Update AddressBookParser","fileTypesAndContributionMap":{}},{"hash":"b7667465affff47cb37bf65373ae7583a1db694b","isMergeCommit":false,"messageTitle":"Update Role.java","messageBody":"","fileTypesAndContributionMap":{"functional-code":{"insertions":18,"deletions":14}}}]},{"date":"2023-10-20","commitResults":[{"hash":"172bfc34cfeebd0a5a33b510a69cb5d305e62ca0","isMergeCommit":false,"messageTitle":"Update Role.java","messageBody":"","fileTypesAndContributionMap":{"test-code":{"insertions":21,"deletions":18}}},{"hash":"bbad5ffd6ff7d3688131865e2ff6e898bd8092e2","isMergeCommit":true,"messageTitle":"Merge branch \u0027AY2324S1-CS2103T-F08-0:master\u0027 into add-command","messageBody":"","fileTypesAndContributionMap":{}},{"hash":"38f6891a93eec8aa948906a07e1e84e0378e65bb","isMergeCommit":false,"messageTitle":"Update RoleContainsKeywordsPredicate","messageBody":"","fileTypesAndContributionMap":{"functional-code":{"insertions":5,"deletions":2}}},{"hash":"6fd2d4cb1dda4d374a3e7ff83af53004a039a434","isMergeCommit":false,"messageTitle":"Update RoleContainsKeywordsPredicate","messageBody":"","fileTypesAndContributionMap":{"functional-code":{"insertions":1,"deletions":2}}},{"hash":"c4f0a9401073d97ff17a4c2c9b4745d58ce55993","isMergeCommit":false,"messageTitle":"Update docs","messageBody":"","fileTypesAndContributionMap":{"docs":{"insertions":21,"deletions":18}}},{"hash":"8f2bcf7049f33f343323104d672ba84c08d7c6d8","isMergeCommit":false,"messageTitle":"Update docs","messageBody":"","fileTypesAndContributionMap":{"docs":{"insertions":1,"deletions":1}}},{"hash":"615d58f6545ca02b71349669a99c6fb7c6668528","isMergeCommit":true,"messageTitle":"Merge pull request #85 from AY2324S1-CS2103T-F08-0/update-documentation","messageBody":"Update documentation","fileTypesAndContributionMap":{}}]},{"date":"2023-10-22","commitResults":[{"hash":"5f92a64347d8e71af51d227300cfc9f766e0ea07","isMergeCommit":false,"messageTitle":"Update AddCommandTest","messageBody":"","fileTypesAndContributionMap":{"test-code":{"insertions":208,"deletions":206}}},{"hash":"72fc0288ddf90702f3bfd65c8a82ee8a49826d80","isMergeCommit":false,"messageTitle":"Update AddCommandIntegrationTest","messageBody":"","fileTypesAndContributionMap":{"test-code":{"insertions":48,"deletions":48}}},{"hash":"c92acd84f47bda71c5a674e33a61a0a795e4941f","isMergeCommit":false,"messageTitle":"Update parse_allFieldsPresent_success() test","messageBody":"","fileTypesAndContributionMap":{"functional-code":{"insertions":6,"deletions":5},"test-code":{"insertions":287,"deletions":212}}}]},{"date":"2023-10-23","commitResults":[{"hash":"c4485c70ee389007860b28fbc298aaf3cd046437","isMergeCommit":false,"messageTitle":"Edit checkstyle errors","messageBody":"","fileTypesAndContributionMap":{"test-code":{"insertions":15,"deletions":1}}}]},{"date":"2023-10-25","commitResults":[{"hash":"6e83d5cbb71db0a2adbe991e353b8f4b88923055","isMergeCommit":true,"messageTitle":"Merge pull request #93 from AY2324S1-CS2103T-F08-0/fix-saving-on-close-bug","messageBody":"Fixed bug where data is not saved when user exits the app.","fileTypesAndContributionMap":{}},{"hash":"ed305def7665535e9ce144123b2f7f273f4810fd","isMergeCommit":true,"messageTitle":"Merge pull request #92 from AY2324S1-CS2103T-F08-0/fix-saving-role-bug","messageBody":"Fix bug related to saving roles","fileTypesAndContributionMap":{}},{"hash":"718834729714958598c33f7ff503867efb759c78","isMergeCommit":true,"messageTitle":"Merge pull request #95 from AY2324S1-CS2103T-F08-0/enhance-fav-feature","messageBody":"Enhance fav feature","fileTypesAndContributionMap":{}},{"hash":"70167a073ab0218cb81b64c9e8a34b4dac885006","isMergeCommit":false,"messageTitle":"Fix bug in PersonCard","messageBody":"","fileTypesAndContributionMap":{"functional-code":{"insertions":2,"deletions":1}}},{"hash":"86ede7be3cd393d29b60be0a05bcd77062990e4b","isMergeCommit":true,"messageTitle":"Merge remote-tracking branch \u0027origin/update-testcases-1\u0027 into update-testcases-1","messageBody":"","fileTypesAndContributionMap":{}},{"hash":"6b2a5d7f7b015cbde4210c5d5a4b803f81cecc28","isMergeCommit":false,"messageTitle":"Update the Messages class","messageBody":"","fileTypesAndContributionMap":{"functional-code":{"insertions":6,"deletions":1}}},{"hash":"cd4f4f914c07db7a65b78e690c0eb59531ac3673","isMergeCommit":false,"messageTitle":"Fix tutorial list bug","messageBody":"","fileTypesAndContributionMap":{"functional-code":{"insertions":70,"deletions":27}}},{"hash":"91b6ea9bc091daa939cdc3e647f244985a2e2faf","isMergeCommit":false,"messageTitle":"Fix tutorial loading bug","messageBody":"","fileTypesAndContributionMap":{"functional-code":{"insertions":2,"deletions":2}}},{"hash":"27b8e7ef3851bbd61b388ce058c743474967599e","isMergeCommit":false,"messageTitle":"Fix bug in saving of contacts","messageBody":"","fileTypesAndContributionMap":{"functional-code":{"insertions":12,"deletions":4}}},{"hash":"c47cf48033cba8dbdfa912e048d175b6896454f5","isMergeCommit":false,"messageTitle":"Update the restriction on a course format","messageBody":"","fileTypesAndContributionMap":{"functional-code":{"insertions":4,"deletions":1}}},{"hash":"0c646976c33d3058e8794db82cd40072b9150f93","isMergeCommit":false,"messageTitle":"Add java doc for newly added methods","messageBody":"","fileTypesAndContributionMap":{"functional-code":{"insertions":13,"deletions":0}}},{"hash":"9e647761edf14dbcb8be51f8853fd9975836c728","isMergeCommit":false,"messageTitle":"Fix checkstyle error","messageBody":"","fileTypesAndContributionMap":{"functional-code":{"insertions":2,"deletions":2}}},{"hash":"99e07e4e3cf00d1a9e8b31abefc936babcd70091","isMergeCommit":false,"messageTitle":"Remove unnecessary parameter from AddCommandParser","messageBody":"","fileTypesAndContributionMap":{"functional-code":{"insertions":1,"deletions":1}}},{"hash":"6f6c1160ddecb28124afbef71d005e99354b5e79","isMergeCommit":false,"messageTitle":"Fix checkstyle error","messageBody":"","fileTypesAndContributionMap":{"functional-code":{"insertions":0,"deletions":1}}},{"hash":"d32b100d02bdb10b708e02701e94bb422ac6175b","isMergeCommit":true,"messageTitle":"Merge pull request #110 from AY2324S1-CS2103T-F08-0/update-personbuilder","messageBody":"Update PersonBuilder","fileTypesAndContributionMap":{}}]},{"date":"2023-10-26","commitResults":[{"hash":"f108119f18d48e01526e1b38becfdddb8b2853a0","isMergeCommit":false,"messageTitle":"Update add command testcases","messageBody":"","fileTypesAndContributionMap":{"test-code":{"insertions":89,"deletions":70}}},{"hash":"f124b59f6e9ccd2c21f21c57076aceda4dfdd14d","isMergeCommit":true,"messageTitle":"Merge pull request #116 from AY2324S1-CS2103T-F08-0/add-fav-testcases","messageBody":"Add testcases for favourite feature","fileTypesAndContributionMap":{}},{"hash":"a2aee011e67b4063bbaaca72363f9667283e5545","isMergeCommit":true,"messageTitle":"Merge branch \u0027AY2324S1-CS2103T-F08-0:update-testcases-1\u0027 into update-testcases-1","messageBody":"","fileTypesAndContributionMap":{}},{"hash":"df2f39b06743c3d3df23af719a9c455b7b754242","isMergeCommit":false,"messageTitle":"Update UserGuide","messageBody":"","fileTypesAndContributionMap":{"docs":{"insertions":42,"deletions":6}}},{"hash":"fc0bd2d4100a90aedcd9a26903ffc23f56b98ca0","isMergeCommit":false,"messageTitle":"Add tests for Contact class","messageBody":"","fileTypesAndContributionMap":{"functional-code":{"insertions":1,"deletions":1},"test-code":{"insertions":94,"deletions":0}}},{"hash":"52e55244e1f1a510d13f8e9869727e1aa9d18491","isMergeCommit":false,"messageTitle":"Add new testcase for ContactTest","messageBody":"","fileTypesAndContributionMap":{"test-code":{"insertions":6,"deletions":0}}},{"hash":"32fa966757afc30554528bb490edf313c6784a63","isMergeCommit":false,"messageTitle":"Add testcases for Course class","messageBody":"","fileTypesAndContributionMap":{"other":{"insertions":1,"deletions":0},"test-code":{"insertions":101,"deletions":0}}},{"hash":"a2be50b611f311230396ec311faa2d03e5b79afd","isMergeCommit":true,"messageTitle":"Merge pull request #121 from AY2324S1-CS2103T-F08-0/fry-update-dg","messageBody":"Update DG","fileTypesAndContributionMap":{}},{"hash":"2a5217154dedb80d9cb9dc69ca2e02281965ed57","isMergeCommit":false,"messageTitle":"Modify testcases for AddCommandParserTest","messageBody":"","fileTypesAndContributionMap":{"test-code":{"insertions":93,"deletions":74}}}]},{"date":"2023-10-27","commitResults":[{"hash":"8e6a3e1ef5482ce7e32921203102792dac43342f","isMergeCommit":true,"messageTitle":"Merge pull request #122 from AY2324S1-CS2103T-F08-0/update-personbuilder","messageBody":"Update PersonBuilder","fileTypesAndContributionMap":{}},{"hash":"ccf33b644e95e919b27f7add7c9909e8bd98238c","isMergeCommit":true,"messageTitle":"Merge branch \u0027AY2324S1-CS2103T-F08-0:update-testcases-1\u0027 into update-testcases-1","messageBody":"","fileTypesAndContributionMap":{}},{"hash":"00799bbc6be29c8022e5be4bd4bac520b0296735","isMergeCommit":false,"messageTitle":"Add more testcases for AddCommandParser","messageBody":"","fileTypesAndContributionMap":{"functional-code":{"insertions":4,"deletions":3},"test-code":{"insertions":44,"deletions":70}}},{"hash":"fe90d1db2a57539092c2755ef0d2b47f73c7e3c1","isMergeCommit":false,"messageTitle":"Update version number","messageBody":"","fileTypesAndContributionMap":{"functional-code":{"insertions":1,"deletions":1}}},{"hash":"caa93b83e588de545b0182f5cde96b6139697f96","isMergeCommit":true,"messageTitle":"Merge branch \u0027master\u0027 of https://github.com/xxiaoweii/tp","messageBody":"","fileTypesAndContributionMap":{}},{"hash":"b92bbc231ddcfb6fc2249194710fb26dc4791a95","isMergeCommit":true,"messageTitle":"Merge pull request #125 from AY2324S1-CS2103T-F08-0/fry-add-testcases","messageBody":"Add testcases","fileTypesAndContributionMap":{}},{"hash":"07f542a72b47a0ba67af0cbaf2a1b7b225a9e4d0","isMergeCommit":false,"messageTitle":"Update DeveloperGuide.md","messageBody":"","fileTypesAndContributionMap":{"docs":{"insertions":13,"deletions":0}}}]},{"date":"2023-10-28","commitResults":[{"hash":"906748771d92a642a2bfec05eb777c262f4436e6","isMergeCommit":true,"messageTitle":"Merge branch \u0027update-testcases-1\u0027 into update-testcases-1","messageBody":"","fileTypesAndContributionMap":{}},{"hash":"8d3ad979f71a05481a245dd661015cfb92936492","isMergeCommit":false,"messageTitle":"Fix bug","messageBody":"Some bugs are found while running the AddCommandParserTest. Modify the respective code and fixed the bugs\n","fileTypesAndContributionMap":{"functional-code":{"insertions":0,"deletions":2},"test-code":{"insertions":8,"deletions":4}}},{"hash":"2ce04a30a7ed32f2c2eb43b828b1a39463e5ff5e","isMergeCommit":false,"messageTitle":"Fix bug in AddCommandParser class","messageBody":"Found a bug while running the AddCommandParserTest. Modified AddCommandParser class to fix the bug.\n","fileTypesAndContributionMap":{"functional-code":{"insertions":1,"deletions":1}}},{"hash":"896eb8651a631181981e9d52a581b90cc702cb3c","isMergeCommit":false,"messageTitle":"Add more testcases for AddCommandParserTest","messageBody":"Testcases for AddCommandParser class was incomplete. This commit completed the test class by adding in more testcases.\n","fileTypesAndContributionMap":{"test-code":{"insertions":36,"deletions":127}}},{"hash":"f0cd4cdc2e276e0aaff02bc83fa321875e0b4746","isMergeCommit":false,"messageTitle":"Add more testcases for ParserUtil","messageBody":"","fileTypesAndContributionMap":{"functional-code":{"insertions":0,"deletions":2},"test-code":{"insertions":71,"deletions":4}}},{"hash":"8db3a3bafb43d5bfea46c63207a05cc6dea726ee","isMergeCommit":false,"messageTitle":"Add role tag for different roles","messageBody":"","fileTypesAndContributionMap":{"functional-code":{"insertions":37,"deletions":1}}},{"hash":"90e463a11c346ae8eca8c05cc486967cefcf871e","isMergeCommit":true,"messageTitle":"Merge pull request #131 from AY2324S1-CS2103T-F08-0/fry-update-dg","messageBody":"Enable assertions in build.gradle","fileTypesAndContributionMap":{}},{"hash":"3c45d06e7e732a24ca4a6c21f83aa120e3e5a99d","isMergeCommit":true,"messageTitle":"Merge pull request #127 from AY2324S1-CS2103T-F08-0/add-unfav-feature","messageBody":"Add Unfavourite feature","fileTypesAndContributionMap":{}},{"hash":"7a07f62a8e91db323cbc7aff972b5b5a0f557b13","isMergeCommit":false,"messageTitle":"Add role tag for different roles","messageBody":"","fileTypesAndContributionMap":{"functional-code":{"insertions":38,"deletions":1}}},{"hash":"eb55aa8c1c0df27d91e7db6d10c75708e9e1de26","isMergeCommit":false,"messageTitle":"Add role tag for different roles","messageBody":"","fileTypesAndContributionMap":{"functional-code":{"insertions":0,"deletions":1}}}]},{"date":"2023-10-29","commitResults":[{"hash":"5b08f8d282cdcca0e090f58d24b27efa1ad73511","isMergeCommit":true,"messageTitle":"Merge branch \u0027update-testcases-1\u0027 into update-testcases-1","messageBody":"","fileTypesAndContributionMap":{}},{"hash":"0fd13e0ec4d1da9c57c36eb19f5ec5607a157282","isMergeCommit":false,"messageTitle":"Update PersonCard.java","messageBody":"Fix checkstyle error","fileTypesAndContributionMap":{"functional-code":{"insertions":0,"deletions":1}}}]},{"date":"2023-10-30","commitResults":[{"hash":"1be629f1a89877715d003a62f1c884a816dc0976","isMergeCommit":true,"messageTitle":"Merge pull request #139 from AY2324S1-CS2103T-F08-0/update-roleXXX","messageBody":"Update RoleContainsKeywordsPredicate","fileTypesAndContributionMap":{}},{"hash":"b603ac51d89470a0b847c6f0f2f70ce554a89131","isMergeCommit":true,"messageTitle":"Merge pull request #141 from wjacobw/branch-ListTestCase","messageBody":"Add list command test cases and fix some bugs ","fileTypesAndContributionMap":{}}]},{"date":"2023-10-31","commitResults":[{"hash":"0ed9776995160bd66a2daf0e98b1a55e137baf92","isMergeCommit":false,"messageTitle":"Add more testcases for AddCommandParserTest","messageBody":"","fileTypesAndContributionMap":{"test-code":{"insertions":25,"deletions":2}}},{"hash":"9b2bd4d90781edd11103f4d78d58559bd8177fcc","isMergeCommit":false,"messageTitle":"Add more testcases for ListCommand","messageBody":"","fileTypesAndContributionMap":{"test-code":{"insertions":221,"deletions":1}}},{"hash":"c5389ce0a0356ab5600d3986ed972f205be2dc06","isMergeCommit":false,"messageTitle":"Add JavaDoc for methods in ListCommand","messageBody":"","fileTypesAndContributionMap":{"functional-code":{"insertions":30,"deletions":6}}},{"hash":"0bc7cc804f22e607b198544a5d8dfc2c86f1b707","isMergeCommit":false,"messageTitle":"Fix checkstyle error","messageBody":"","fileTypesAndContributionMap":{"test-code":{"insertions":0,"deletions":1}}},{"hash":"0a9a557f61c45c0c1584444f820eee0203b0962b","isMergeCommit":false,"messageTitle":"Fix bug in ListCommandTest","messageBody":"","fileTypesAndContributionMap":{"test-code":{"insertions":24,"deletions":19}}},{"hash":"0d221075f8f1cdda0a58430435a4e7fb80b4283d","isMergeCommit":false,"messageTitle":"Fix checkstyle error","messageBody":"","fileTypesAndContributionMap":{"test-code":{"insertions":0,"deletions":1}}},{"hash":"5c6c902687f9f32df480de8dd98b8f04cf0c351e","isMergeCommit":false,"messageTitle":"Add more testcases for ParserUtilTest","messageBody":"","fileTypesAndContributionMap":{"test-code":{"insertions":10,"deletions":0}}},{"hash":"306dc78099f24f810e4d03829e10448adddb19e2","isMergeCommit":true,"messageTitle":"Merge pull request #144 from AY2324S1-CS2103T-F08-0/add-more-testcases","messageBody":"Add testcases for SampleDataUtil","fileTypesAndContributionMap":{}},{"hash":"08f8ed56e43c7bb0c438cd3d477b1b39651768ad","isMergeCommit":true,"messageTitle":"Merge branch \u0027AY2324S1-CS2103T-F08-0:update-testcases-1\u0027 into update-testcases-1","messageBody":"","fileTypesAndContributionMap":{}}]},{"date":"2023-11-01","commitResults":[{"hash":"2472b1662afb76503d12030eadfb9d93862c01b2","isMergeCommit":false,"messageTitle":"Add more testcases for AddressBookParser","messageBody":"","fileTypesAndContributionMap":{"test-code":{"insertions":30,"deletions":0}}},{"hash":"6b1416a1f3012caf93ebf1a9cdc6ed9ca7125ba8","isMergeCommit":false,"messageTitle":"Add more testcases to CourseTest","messageBody":"","fileTypesAndContributionMap":{"test-code":{"insertions":6,"deletions":0}}},{"hash":"71765a73808827ef069eafb970e291d28d8cdf09","isMergeCommit":true,"messageTitle":"Merge branch \u0027AY2324S1-CS2103T-F08-0:master\u0027 into add-more--testcases","messageBody":"","fileTypesAndContributionMap":{}},{"hash":"f07c336022d60ef84e88098c2e0eab77f0e12c66","isMergeCommit":false,"messageTitle":"Edit AddCommand.java","messageBody":"","fileTypesAndContributionMap":{"functional-code":{"insertions":2,"deletions":2}}},{"hash":"d8247204819cb523d7b96420a21f4de9ffa40fba","isMergeCommit":false,"messageTitle":"Change help command URL","messageBody":"","fileTypesAndContributionMap":{"functional-code":{"insertions":4,"deletions":4}}},{"hash":"3056d78e2f282e6c7252ea19e6d2ac2f39332b42","isMergeCommit":false,"messageTitle":"Add new features to HelpCommand","messageBody":"","fileTypesAndContributionMap":{"functional-code":{"insertions":10,"deletions":3}}},{"hash":"084cc2800d0415a408f6980b93fb9166c528db10","isMergeCommit":false,"messageTitle":"Edit help window fxml","messageBody":"","fileTypesAndContributionMap":{"functional-code":{"insertions":3,"deletions":3}}},{"hash":"ee7b4935211353877453247207ac6a8d4f00e0a7","isMergeCommit":false,"messageTitle":"Update address book logo","messageBody":"","fileTypesAndContributionMap":{"functional-code":{"insertions":3,"deletions":3},"test-code":{"insertions":1,"deletions":1}}},{"hash":"006c2371432a0255d3e6ae1fe86a7a40fb1f43c4","isMergeCommit":false,"messageTitle":"Fix checkstyle error","messageBody":"","fileTypesAndContributionMap":{"functional-code":{"insertions":0,"deletions":1}}},{"hash":"33e0c429b93dbdafb56556cf0604e70c64a02d40","isMergeCommit":false,"messageTitle":"Remove unnecessary syntax","messageBody":"","fileTypesAndContributionMap":{"functional-code":{"insertions":0,"deletions":4}}},{"hash":"39f28aa6d0956a6ef22ba52a80c194396472d931","isMergeCommit":true,"messageTitle":"Merge branch \u0027AY2324S1-CS2103T-F08-0:master\u0027 into update-UG","messageBody":"","fileTypesAndContributionMap":{}},{"hash":"e26d7df346c82f0de2d9ce9337fbe294c7ad7cd5","isMergeCommit":false,"messageTitle":"Update version number for next JAR release","messageBody":"","fileTypesAndContributionMap":{"functional-code":{"insertions":2,"deletions":2},"other":{"insertions":1,"deletions":1}}},{"hash":"c0219cfd60602308ddb9d1518b2b485b3450f04f","isMergeCommit":false,"messageTitle":"Update information display in result box","messageBody":"","fileTypesAndContributionMap":{"functional-code":{"insertions":8,"deletions":0}}},{"hash":"3cf5443e8b2b84a68c86631dd73f9f89516ca1cb","isMergeCommit":false,"messageTitle":"Update UG","messageBody":"","fileTypesAndContributionMap":{"functional-code":{"insertions":1,"deletions":1},"docs":{"insertions":27,"deletions":19}}},{"hash":"6891b66995a69b63e761e44b4138340b8592c526","isMergeCommit":true,"messageTitle":"Merge branch \u0027AY2324S1-CS2103T-F08-0:master\u0027 into update-UG","messageBody":"","fileTypesAndContributionMap":{}},{"hash":"1c0a34f4b6d301b10da9495a90bb485744dcf448","isMergeCommit":false,"messageTitle":"Update UG","messageBody":"","fileTypesAndContributionMap":{"docs":{"insertions":280,"deletions":54}}}]},{"date":"2023-11-03","commitResults":[{"hash":"91d03a52290e8ba0937ba4f98f02b435a7da399f","isMergeCommit":true,"messageTitle":"Merge pull request #165 from AY2324S1-CS2103T-F08-0/update-ug-edit","messageBody":"Add edit feature in UG","fileTypesAndContributionMap":{}}]},{"date":"2023-11-07","commitResults":[{"hash":"95958a9fe1cda2effb229b0e6cf58518559dcefc","isMergeCommit":true,"messageTitle":"Merge pull request #218 from AY2324S1-CS2103T-F08-0/update-ug-format","messageBody":"Update format of the UG","fileTypesAndContributionMap":{}},{"hash":"4067d7322734a423be9a532f5bdc8f39b7a80be5","isMergeCommit":true,"messageTitle":"Merge pull request #219 from AY2324S1-CS2103T-F08-0/bugfix-fav-label","messageBody":"Fix Favourite command GUI bug","fileTypesAndContributionMap":{}}]}],"frrrrry":[{"date":"2023-09-22","commitResults":[{"hash":"f14eaf1075a8917221213f45a01aba62d1a4480e","isMergeCommit":true,"messageTitle":"Merge pull request #1 from AY2324S1-CS2103T-F08-0/switch-docs-to-markbind","messageBody":"Migrate docs to MarkBind","fileTypesAndContributionMap":{}},{"hash":"f05527a5432e73a5246ccdeb5cf5353d0f6b85c3","isMergeCommit":false,"messageTitle":"Set up MarkBind","messageBody":"","fileTypesAndContributionMap":{"docs":{"insertions":2,"deletions":2}}}]},{"date":"2023-09-25","commitResults":[{"hash":"f58945c893d83ad3140bd171a5d83789f7f5b7ae","isMergeCommit":false,"messageTitle":"Update MarkBind configs","messageBody":"","fileTypesAndContributionMap":{"docs":{"insertions":5,"deletions":6}}},{"hash":"2be65c9cee705aed0cd9aaf14838a3b71099a06c","isMergeCommit":true,"messageTitle":"Merge pull request #3 from frrrrry/bugfix-pages-deployment","messageBody":"Fix bug on failed pages deployment","fileTypesAndContributionMap":{}},{"hash":"65f47b3d79af71e8d78251c2d87bb299af178d1e","isMergeCommit":false,"messageTitle":"Change team name","messageBody":"","fileTypesAndContributionMap":{"docs":{"insertions":1,"deletions":1}}},{"hash":"9123efda2c889e816fc9bef6bb78af2490c7d737","isMergeCommit":true,"messageTitle":"Merge pull request #4 from frrrrry/bugfix-java-ci-rerun","messageBody":"Enable rerun of workflows ","fileTypesAndContributionMap":{}}]},{"date":"2023-10-02","commitResults":[{"hash":"17781865d22eabea26091653bb4da0fca4bdb9c5","isMergeCommit":false,"messageTitle":"AboutUs: Update name","messageBody":"","fileTypesAndContributionMap":{"docs":{"insertions":2,"deletions":2}}},{"hash":"22c08b7e6a074017d927f04fcd3404ff7c9ea030","isMergeCommit":false,"messageTitle":"AboutUs: Change picture","messageBody":"","fileTypesAndContributionMap":{"docs":{"insertions":2,"deletions":3}}},{"hash":"8b8ebb3aa5b9f1ada5a54e76cde43b8024a2ac71","isMergeCommit":true,"messageTitle":"Merge pull request #25 from frrrrry/fry-update-about-us","messageBody":"Update AboutUs","fileTypesAndContributionMap":{}},{"hash":"613e79627d43968ac14f91ac53b28bce093ac923","isMergeCommit":false,"messageTitle":"Update UserGuide","messageBody":"Add 2 sections under Features \u0026 Commands\n- A Guide to reading each command\n- How to interpret a command\n","fileTypesAndContributionMap":{"docs":{"insertions":41,"deletions":16}}},{"hash":"6240404c62f75c2564fa3f3e0ae78819dfc1276d","isMergeCommit":false,"messageTitle":"AboutUs: Change member role","messageBody":"","fileTypesAndContributionMap":{"docs":{"insertions":2,"deletions":1}}},{"hash":"1c8a0b249f3b6738e6a5b2517857a1088fafd214","isMergeCommit":true,"messageTitle":"Merge pull request #26 from frrrrry/fry-update-user-guide","messageBody":"Update User Guide","fileTypesAndContributionMap":{}},{"hash":"f2fa56cfdd1baa018c5e1b0f0d91ca36bff5c37b","isMergeCommit":true,"messageTitle":"Merge pull request #27 from wjacobw/branch-UGUpdate","messageBody":"Adds USP and motivation to UserGuide.md","fileTypesAndContributionMap":{}},{"hash":"910412fc03314b57e4a562d5be9e88d78d721c4f","isMergeCommit":false,"messageTitle":"Add skeletal ppp","messageBody":"","fileTypesAndContributionMap":{"docs":{"insertions":45,"deletions":1}}},{"hash":"815de665133c251b0390e096994eb107981e7189","isMergeCommit":false,"messageTitle":"Update skeletal ppp","messageBody":"","fileTypesAndContributionMap":{"docs":{"insertions":6,"deletions":4}}},{"hash":"9d76f1d8d46a5838d01cafb474dea0696df528ad","isMergeCommit":true,"messageTitle":"Merge pull request #29 from wjacobw/branch-AboutUs","messageBody":"Adds William\u0027s description and image in aboutUs.ms","fileTypesAndContributionMap":{}},{"hash":"46cda38e04227a9baa6dd81bd8112872306160ae","isMergeCommit":true,"messageTitle":"Add Ruoyu\u0027s skeletal ppp","messageBody":"","fileTypesAndContributionMap":{}},{"hash":"fc06af71b9c6e5d66298b75da93bab3fd6d23304","isMergeCommit":false,"messageTitle":"Update UserGuide","messageBody":"","fileTypesAndContributionMap":{"docs":{"insertions":10,"deletions":1}}},{"hash":"90f1af41055b8ca810c04129ad1dfe59cc027ef4","isMergeCommit":false,"messageTitle":"Update DeveloperGuide","messageBody":"Add and edit user stories\n","fileTypesAndContributionMap":{"docs":{"insertions":19,"deletions":18}}},{"hash":"50b620edabb1947f18ef4c0c938146c66d886970","isMergeCommit":true,"messageTitle":"Update DG user stories","messageBody":"Update DG user stories","fileTypesAndContributionMap":{}},{"hash":"c58af49fd7928fa8306d89917c7b2871cf82562c","isMergeCommit":false,"messageTitle":"Update UserGuide","messageBody":"Edit Quick Start section\n","fileTypesAndContributionMap":{"docs":{"insertions":20,"deletions":37}}},{"hash":"c06bd50b56d30bfee979e4579f62a1a5eaa49dd7","isMergeCommit":false,"messageTitle":"Update README","messageBody":"","fileTypesAndContributionMap":{"docs":{"insertions":1,"deletions":1}}},{"hash":"ad0f01ac1387bac30949f20705133ab75ff201d8","isMergeCommit":true,"messageTitle":"Update UserGuide","messageBody":"","fileTypesAndContributionMap":{}}]},{"date":"2023-10-03","commitResults":[{"hash":"6e7141f1bb500467a6b90655c9ce9b1be4563f28","isMergeCommit":false,"messageTitle":"Update DeveloperGuide","messageBody":"Update Target user profile and Value proposition\n","fileTypesAndContributionMap":{"docs":{"insertions":8,"deletions":2}}},{"hash":"7b5d76938aad06c3c4ccc08e6cc65db682994ca9","isMergeCommit":true,"messageTitle":"Update DeveloperGuide","messageBody":"","fileTypesAndContributionMap":{}},{"hash":"ccef2a526ee81e2f631e15ae686e6801c37dc840","isMergeCommit":true,"messageTitle":"Update User Guide","messageBody":"","fileTypesAndContributionMap":{}}]},{"date":"2023-10-04","commitResults":[{"hash":"2d8f6c1d5f07f0e0c924edc3f16151e0774c7342","isMergeCommit":true,"messageTitle":"Merge pull request #44 from kayabuttertoastt/branch-README","messageBody":"Modify README.md","fileTypesAndContributionMap":{}},{"hash":"bc833a912542b4ea9a56e8fa5a1b106660811b66","isMergeCommit":false,"messageTitle":"Update UserGuide","messageBody":"Edit Command Summary table\n","fileTypesAndContributionMap":{"docs":{"insertions":16,"deletions":17}}}]},{"date":"2023-10-05","commitResults":[{"hash":"e1d65c7b533dd523b3e8ae04471b2622f6c5d532","isMergeCommit":true,"messageTitle":"Merge pull request #49 from wjacobw/branch-AboutUs","messageBody":"changes william\u0027s photo file name","fileTypesAndContributionMap":{}},{"hash":"76844c1f0b3c5cd5a4f41eecb8ad025f272a1d46","isMergeCommit":true,"messageTitle":"Merge pull request #50 from wjacobw/branch-DG","messageBody":"Adds use cases in the DG","fileTypesAndContributionMap":{}}]},{"date":"2023-10-06","commitResults":[{"hash":"d1b688dd274fef95db09e3aa4e9963a875dd6962","isMergeCommit":true,"messageTitle":"Merge pull request #53 from wjacobw/branch-AboutUs","messageBody":"changes file name","fileTypesAndContributionMap":{}},{"hash":"1a1b143a0eae5934882ebf1ac6cee6680a9bcac4","isMergeCommit":true,"messageTitle":"Merge pull request #54 from wjacobw/branch-ppp1","messageBody":"adds ppp","fileTypesAndContributionMap":{}},{"hash":"7a60e52fc3783333db875a9ff54fdb9f831b0294","isMergeCommit":false,"messageTitle":"Change william\u0027s role and responsibility","messageBody":"","fileTypesAndContributionMap":{"docs":{"insertions":2,"deletions":2}}},{"hash":"c93c10dc44f4a75ded4762da02067fd0890d4f1a","isMergeCommit":false,"messageTitle":"Update fry\u0027s ppp","messageBody":"","fileTypesAndContributionMap":{"docs":{"insertions":1,"deletions":0}}},{"hash":"06b232d9da6139e8d67f2463de3c05643f34cce8","isMergeCommit":false,"messageTitle":"Edit fry\u0027s ppp","messageBody":"","fileTypesAndContributionMap":{"docs":{"insertions":1,"deletions":1}}},{"hash":"c5baea0df9360bbc471c8e938f515b5e4b21b119","isMergeCommit":false,"messageTitle":"Update DeveloperGuide","messageBody":"","fileTypesAndContributionMap":{"docs":{"insertions":1,"deletions":7}}}]},{"date":"2023-10-12","commitResults":[{"hash":"f0a168b4797fc3fc2fa4884fdab14b932db1abe0","isMergeCommit":false,"messageTitle":"Update DG","messageBody":"","fileTypesAndContributionMap":{"docs":{"insertions":6,"deletions":4}}}]},{"date":"2023-10-18","commitResults":[{"hash":"d9a212bfaa9c94946166ef53e7184457fa5ca939","isMergeCommit":true,"messageTitle":"Merge pull request #74 from lawruixi/update-model","messageBody":"Update model","fileTypesAndContributionMap":{}},{"hash":"2e52e14f0b140788a3ffbab823878828225aae31","isMergeCommit":false,"messageTitle":"Add FavouriteCommand","messageBody":"","fileTypesAndContributionMap":{"functional-code":{"insertions":76,"deletions":0}}},{"hash":"efba7ff22d7ab3a1c8e8173557d6de9d2a296762","isMergeCommit":false,"messageTitle":"Add FavouriteCommandParser","messageBody":"","fileTypesAndContributionMap":{"functional-code":{"insertions":27,"deletions":1}}},{"hash":"2c00625b5e579e99f7cba95f2225e49a18aa856e","isMergeCommit":false,"messageTitle":"Update AddressBookParser","messageBody":"","fileTypesAndContributionMap":{"functional-code":{"insertions":4,"deletions":0}}},{"hash":"226b42c7c97a1999c21c065f179a7386f0b3a5c9","isMergeCommit":false,"messageTitle":"Update Person","messageBody":"","fileTypesAndContributionMap":{"functional-code":{"insertions":8,"deletions":0}}},{"hash":"612de20f89f96ccac595a8756b910992dd33630c","isMergeCommit":false,"messageTitle":"Update AddressBook","messageBody":"","fileTypesAndContributionMap":{"functional-code":{"insertions":8,"deletions":0}}},{"hash":"a33b2262bef3f325162b1f604ee96ad47b289c94","isMergeCommit":false,"messageTitle":"Update Model and ModelManager","messageBody":"","fileTypesAndContributionMap":{"functional-code":{"insertions":12,"deletions":0}}},{"hash":"9a732e56e3118dab1561daebf354d9dd740bd24f","isMergeCommit":false,"messageTitle":"Update UniquePersonList","messageBody":"","fileTypesAndContributionMap":{"functional-code":{"insertions":16,"deletions":0}}},{"hash":"c7b26aa1036f892ecfc89e968e8b897bd2ae4e31","isMergeCommit":false,"messageTitle":"Fix Checkstyle errors","messageBody":"","fileTypesAndContributionMap":{"functional-code":{"insertions":1,"deletions":2}}}]},{"date":"2023-10-19","commitResults":[{"hash":"3d4bc74722f74bf747e9495568d329f1a55cfe93","isMergeCommit":false,"messageTitle":"Update AddressBookParser","messageBody":"Add in case for FavouriteCommand in parseCommand\n","fileTypesAndContributionMap":{"functional-code":{"insertions":4,"deletions":0}}},{"hash":"6349632e4d825303dd6413dafbf48cb2b628598c","isMergeCommit":true,"messageTitle":"Merge pull request #80 from wjacobw/branch-ModifyListUi","messageBody":"Modify list and help command features and ui, fix tutorial list bug","fileTypesAndContributionMap":{}},{"hash":"527dbc00364778f6fbcf36e634533c77fa82644e","isMergeCommit":false,"messageTitle":"Delete unwanted test files","messageBody":"Delete AddressTest, EmailTest, PhoneTest, TagTest\n","fileTypesAndContributionMap":{"test-code":{"insertions":0,"deletions":230}}},{"hash":"9b00e357f0679748d3dba77f9ab862abf175de65","isMergeCommit":false,"messageTitle":"Update test files in testutil","messageBody":"","fileTypesAndContributionMap":{"test-code":{"insertions":740,"deletions":703}}},{"hash":"593481cca5a0195c14ceb2e1b3cdb20cf10409da","isMergeCommit":false,"messageTitle":"Update test files in commands","messageBody":"","fileTypesAndContributionMap":{"test-code":{"insertions":610,"deletions":603}}},{"hash":"7577e4c539f6b24464eea973cb9d8f3575b4c6df","isMergeCommit":false,"messageTitle":"Update test files in parser","messageBody":"","fileTypesAndContributionMap":{"test-code":{"insertions":705,"deletions":626}}},{"hash":"3fbf4287893ca1e0e7465eb1c0a00b3acdbd24c6","isMergeCommit":false,"messageTitle":"Update LogicManagerTest","messageBody":"Comment out test cases that use AddCommand\n","fileTypesAndContributionMap":{"test-code":{"insertions":1,"deletions":1}}},{"hash":"c410ead99747eb966999d484ce451d8d4c0f4af7","isMergeCommit":false,"messageTitle":"Update test files in storage","messageBody":"","fileTypesAndContributionMap":{"test-code":{"insertions":448,"deletions":458}}},{"hash":"3ecd6480a186c753b9759d111d2a5b0bed199d0f","isMergeCommit":false,"messageTitle":"Update test files in person","messageBody":"","fileTypesAndContributionMap":{"test-code":{"insertions":441,"deletions":422}}},{"hash":"e604da5f02c943e8ad4657a3ba4f3d5ee1f850ce","isMergeCommit":false,"messageTitle":"Update test files in model","messageBody":"","fileTypesAndContributionMap":{"test-code":{"insertions":262,"deletions":261}}},{"hash":"2737ca9789ce89a5a348482edeecd00a73b8d6ef","isMergeCommit":false,"messageTitle":"Update test files in ui","messageBody":"","fileTypesAndContributionMap":{"test-code":{"insertions":159,"deletions":159}}},{"hash":"cf9fd2a437750f42d16241b02da8d09f065c01eb","isMergeCommit":false,"messageTitle":"Add back AppParametersTest","messageBody":"","fileTypesAndContributionMap":{"test-code":{"insertions":89,"deletions":90}}},{"hash":"0b520b0aad071ffc70b4d4c535007ca18698287d","isMergeCommit":false,"messageTitle":"Add back test files in commons/util","messageBody":"","fileTypesAndContributionMap":{"test-code":{"insertions":470,"deletions":471}}},{"hash":"a697e36a845f5bb82bb7459d0ad531b03b04f6d7","isMergeCommit":false,"messageTitle":"Add back test files in commons/core","messageBody":"","fileTypesAndContributionMap":{"test-code":{"insertions":245,"deletions":245}}},{"hash":"578f9f95dac048a09a9543627b66c96eee6c4ba5","isMergeCommit":false,"messageTitle":"Ignore failed test cases in commands","messageBody":"","fileTypesAndContributionMap":{"test-code":{"insertions":10,"deletions":0}}},{"hash":"5928f03701fc4743eba4b1dba625c3da1b7a45f6","isMergeCommit":false,"messageTitle":"Ignore failed test cases in parser","messageBody":"","fileTypesAndContributionMap":{"test-code":{"insertions":8,"deletions":19}}},{"hash":"47ab637e25df575e1aa4eab5b4b20aded824ee54","isMergeCommit":false,"messageTitle":"Ignore failed tests in person","messageBody":"","fileTypesAndContributionMap":{"test-code":{"insertions":28,"deletions":37}}},{"hash":"53d76f7649220365994b3a5a0813854a7466f3c6","isMergeCommit":false,"messageTitle":"Ignore failed tests in model","messageBody":"","fileTypesAndContributionMap":{"test-code":{"insertions":93,"deletions":92}}},{"hash":"57e58975ae20e151182b92f76cc3ac91e8e1c23a","isMergeCommit":false,"messageTitle":"Comment out unused imports","messageBody":"","fileTypesAndContributionMap":{"test-code":{"insertions":9,"deletions":9}}},{"hash":"7eafb6813761a14000d2540c84fc4cff41033ea2","isMergeCommit":false,"messageTitle":"Ignore tests in storage","messageBody":"","fileTypesAndContributionMap":{"test-code":{"insertions":71,"deletions":72}}},{"hash":"4bf4d0a6a16693c14a679d97de206a0f087a9ed9","isMergeCommit":false,"messageTitle":"Fix checkstyle errors","messageBody":"","fileTypesAndContributionMap":{"test-code":{"insertions":175,"deletions":159}}}]},{"date":"2023-10-20","commitResults":[{"hash":"93c579fa04e5e8861e9cfd601f2717e7fda2f25b","isMergeCommit":false,"messageTitle":"Add back HelpCommandTest","messageBody":"","fileTypesAndContributionMap":{"test-code":{"insertions":21,"deletions":21}}},{"hash":"3b351b7332814b3208dafef504545ef883252deb","isMergeCommit":true,"messageTitle":"Merge branch \u0027master\u0027 into update-testcases-1","messageBody":"","fileTypesAndContributionMap":{}},{"hash":"c02d2a42704eef56a517b28e270cb98870d5e210","isMergeCommit":false,"messageTitle":"Update fry\u0027s ppp","messageBody":"","fileTypesAndContributionMap":{"docs":{"insertions":4,"deletions":2}}},{"hash":"192d1edb72167e5dba4de2f9fdd76454922ed670","isMergeCommit":true,"messageTitle":"Merge pull request #83 from xxiaoweii/add-command","messageBody":"Add command","fileTypesAndContributionMap":{}},{"hash":"7ddad7ad47b3acce6066b7a7899d2d4ed96d2a67","isMergeCommit":true,"messageTitle":"Merge pull request #84 from xxiaoweii/update-documentation","messageBody":"Update documentation","fileTypesAndContributionMap":{}},{"hash":"dce1ed7b28c7531e4f92aea5896a7025c9fe6aae","isMergeCommit":true,"messageTitle":"Merge branch \u0027update-testcases-1\u0027 of https://github.com/AY2324S1-CS2103T-F08-0/tp into update-testcases-1","messageBody":"","fileTypesAndContributionMap":{}}]},{"date":"2023-10-24","commitResults":[{"hash":"bc068a357d8e4849a3447ce4827d0907bcf5a31e","isMergeCommit":false,"messageTitle":"Add Favourite class","messageBody":"","fileTypesAndContributionMap":{"functional-code":{"insertions":51,"deletions":0}}},{"hash":"e3011c9fb8c51ccd9eb2616476e47ff8647fffd4","isMergeCommit":false,"messageTitle":"Add Favourite attribute to Person","messageBody":"Update SampleDataUtil, logic and JsonAdaptedPerson.\n","fileTypesAndContributionMap":{"functional-code":{"insertions":102,"deletions":14}}},{"hash":"4a2e668bc4e4143b51f8f3eb5cc7d63c840844fc","isMergeCommit":false,"messageTitle":"Delete JsonAdaptedFavourite class","messageBody":"","fileTypesAndContributionMap":{"functional-code":{"insertions":0,"deletions":48}}}]},{"date":"2023-10-25","commitResults":[{"hash":"f046b7cb777ce54f5e9e2722fed5729c1e2cde82","isMergeCommit":false,"messageTitle":"Show Favourite tag in PersonCard","messageBody":"","fileTypesAndContributionMap":{"functional-code":{"insertions":11,"deletions":1}}},{"hash":"cba61bcb276b58278f124a3dce94013380352182","isMergeCommit":false,"messageTitle":"Update CommandTestUtil and PersonBuilder","messageBody":"Edit AddCommandParserTest after changes in CommandTestUtil\n","fileTypesAndContributionMap":{"test-code":{"insertions":62,"deletions":32}}},{"hash":"1ffa17d8fce80343d491e17a59be18aa78c69c5b","isMergeCommit":true,"messageTitle":"Merge in update-testcases-1","messageBody":"","fileTypesAndContributionMap":{}},{"hash":"b87a369c45fbed9cd90ade05aaaf07d3157e4a40","isMergeCommit":false,"messageTitle":"Comment out a testcase","messageBody":"Testcase need changes after Role is updated\n","fileTypesAndContributionMap":{"test-code":{"insertions":2,"deletions":0}}},{"hash":"1fc4cfad5ebe8ea80af63d70aa0f4f14b7c785e4","isMergeCommit":false,"messageTitle":"Fix checkstyle errors","messageBody":"","fileTypesAndContributionMap":{"functional-code":{"insertions":10,"deletions":4},"test-code":{"insertions":37,"deletions":30}}},{"hash":"86b0862fc0007e1d014d65a9dcfec2241458f838","isMergeCommit":true,"messageTitle":"Merge pull request #101 from wjacobw/branch-ModifyListUi","messageBody":"Fix bug related to list UI","fileTypesAndContributionMap":{}},{"hash":"6f51b7e90e5e7ccc9e277e4a226ad5fe4ff3ef53","isMergeCommit":false,"messageTitle":"Update PersonBuilder","messageBody":"","fileTypesAndContributionMap":{"functional-code":{"insertions":7,"deletions":0},"test-code":{"insertions":44,"deletions":13}}},{"hash":"1d0ffce2fd0bd911df510d34fadcca0a1e14a274","isMergeCommit":false,"messageTitle":"Add FavouriteCommandTest","messageBody":"","fileTypesAndContributionMap":{"test-code":{"insertions":120,"deletions":0}}},{"hash":"d9bd5a3b058f2f6a17041f03dcc6a62bc07b2117","isMergeCommit":false,"messageTitle":"Add back DeleteCommandTest","messageBody":"","fileTypesAndContributionMap":{"test-code":{"insertions":1,"deletions":4}}},{"hash":"c33a7c632734510ee8c6cc73ebe35ff9f3973991","isMergeCommit":false,"messageTitle":"Add FavouriteCommandParserTest","messageBody":"","fileTypesAndContributionMap":{"test-code":{"insertions":24,"deletions":0}}},{"hash":"f8798b339e1eee3db1577c41f7c12d5ccddd5e42","isMergeCommit":false,"messageTitle":"Add FavouriteTest","messageBody":"","fileTypesAndContributionMap":{"test-code":{"insertions":58,"deletions":0}}},{"hash":"d257ca658c1fdfc469af83218c10f42bf65a7fe3","isMergeCommit":false,"messageTitle":"Edit toString method","messageBody":"contacts is now ordered before courses\n","fileTypesAndContributionMap":{"functional-code":{"insertions":1,"deletions":1}}},{"hash":"8122b08deae82a63027c9e6689f7afea0044d45e","isMergeCommit":false,"messageTitle":"Add testcases for PersonTest","messageBody":"","fileTypesAndContributionMap":{"test-code":{"insertions":11,"deletions":2}}},{"hash":"46dccf1cfc3b9758eb8d8ba797b0dd91c5c45d56","isMergeCommit":false,"messageTitle":"Add testcases in AddressBookParserTest","messageBody":"","fileTypesAndContributionMap":{"test-code":{"insertions":110,"deletions":101}}},{"hash":"4a28097d30cbda6fc9bfec3007b34108e654ecb6","isMergeCommit":false,"messageTitle":"Update PersonTest","messageBody":"","fileTypesAndContributionMap":{"test-code":{"insertions":0,"deletions":5}}},{"hash":"344fdab70a6cae55770c2a94431117120d2b4d1a","isMergeCommit":false,"messageTitle":"Update ModelManagerTest","messageBody":"","fileTypesAndContributionMap":{"test-code":{"insertions":8,"deletions":12}}},{"hash":"33765f1c2e5a0706616e12ae8169cf760b1284bc","isMergeCommit":false,"messageTitle":"Edit JsonAdaptedPerson","messageBody":"Update toModelType method for personTutorials\n","fileTypesAndContributionMap":{"functional-code":{"insertions":11,"deletions":0}}},{"hash":"9c1319b511f04da78dbcf1194c55113c5ab2dd2a","isMergeCommit":false,"messageTitle":"Update JsonAdaptedPersonTest","messageBody":"","fileTypesAndContributionMap":{"test-code":{"insertions":54,"deletions":46}}}]},{"date":"2023-10-26","commitResults":[{"hash":"d63583632af54041b53196aad0375d600f9b8cfc","isMergeCommit":false,"messageTitle":"Update StorageClassDiagram","messageBody":"","fileTypesAndContributionMap":{"docs":{"insertions":9,"deletions":2}}},{"hash":"a572d218975bd6897af81343a843f5276aa19fcb","isMergeCommit":false,"messageTitle":"Update DG","messageBody":"","fileTypesAndContributionMap":{"docs":{"insertions":11,"deletions":4}}},{"hash":"fd63f5e7fe09f0ef1e253281dd600c1178dffb1d","isMergeCommit":false,"messageTitle":"Update uml diagrams for Model","messageBody":"","fileTypesAndContributionMap":{"docs":{"insertions":9,"deletions":12}}},{"hash":"5234eb94c454b84d6237d52d86c785baf2765410","isMergeCommit":false,"messageTitle":"Update developer guide","messageBody":"","fileTypesAndContributionMap":{"docs":{"insertions":2,"deletions":1}}},{"hash":"374e3879212136a33250f17c8ec7f721e9a38f37","isMergeCommit":true,"messageTitle":"Merge pull request #120 from AY2324S1-CS2103T-F08-0/add-role-tutorial-testcases","messageBody":"Add role, tutorial testcases","fileTypesAndContributionMap":{}},{"hash":"264e2b00c56fcbe3b009bb84a7fbc4eff2457e94","isMergeCommit":false,"messageTitle":"Change Tutorial delimiter","messageBody":"delimiter is now \"-\" instead of \", \"\n","fileTypesAndContributionMap":{"functional-code":{"insertions":1,"deletions":1}}},{"hash":"b3e906a8b555db99805c1504507de235356bfbfc","isMergeCommit":false,"messageTitle":"Change method name in PersonBuilder","messageBody":"","fileTypesAndContributionMap":{"test-code":{"insertions":9,"deletions":9}}}]},{"date":"2023-10-27","commitResults":[{"hash":"486be5248be49d5fb6db86481de6290410f7521e","isMergeCommit":false,"messageTitle":"Fix bug in JsonAdaptedTutorial","messageBody":"","fileTypesAndContributionMap":{"functional-code":{"insertions":5,"deletions":20},"test-code":{"insertions":2,"deletions":4}}},{"hash":"a15fe6b55da5682a00a6f72d91f2ab5db3f11f62","isMergeCommit":false,"messageTitle":"Fix checkstyle","messageBody":"","fileTypesAndContributionMap":{"functional-code":{"insertions":0,"deletions":1}}},{"hash":"b5ab292afbd25f9629659f57a54219654ea73c13","isMergeCommit":false,"messageTitle":"Enable assertions","messageBody":"","fileTypesAndContributionMap":{"other":{"insertions":4,"deletions":0}}},{"hash":"2a824fc1ed0e1be99adf73d2516d9f51dd6a6dbf","isMergeCommit":true,"messageTitle":"Merge pull request #124 from xxiaoweii/master","messageBody":"Update version number for trial release","tags":["v1.3.1"],"fileTypesAndContributionMap":{}},{"hash":"5484039a6f2f0b57b024a6fd654c984ca16d3e8c","isMergeCommit":false,"messageTitle":"Change DESC name","messageBody":"","fileTypesAndContributionMap":{"test-code":{"insertions":5,"deletions":5}}},{"hash":"3044dc3a2e92b58a610367d18ec59b5b012e8d0c","isMergeCommit":false,"messageTitle":"Update LogicManagerTest","messageBody":"","fileTypesAndContributionMap":{"test-code":{"insertions":18,"deletions":18}}},{"hash":"03eb7a549954f378b49e5cd35a8a3fb00a353e46","isMergeCommit":false,"messageTitle":"Uncomment out testcase in StorageManagerTest","messageBody":"","fileTypesAndContributionMap":{"test-code":{"insertions":3,"deletions":6}}},{"hash":"84fab26fa73cfa8ebf6b900745a1eeca54e93531","isMergeCommit":false,"messageTitle":"Uncomment out testcase in ClearCommandTest","messageBody":"","fileTypesAndContributionMap":{"test-code":{"insertions":4,"deletions":5}}},{"hash":"866d5bc4cc784022a1631f05f50f766f841f27e2","isMergeCommit":false,"messageTitle":"Update EditCommandTest","messageBody":"","fileTypesAndContributionMap":{"test-code":{"insertions":15,"deletions":8}}},{"hash":"c52a343e14b6050d0d738f6bd20824af3fd4d052","isMergeCommit":false,"messageTitle":"Change json files for testing","messageBody":"","fileTypesAndContributionMap":{"test-code":{"insertions":3,"deletions":5}}},{"hash":"0ce5f4607fdd2fea2ecf0bd3d2219ab121532645","isMergeCommit":false,"messageTitle":"Update json test files","messageBody":"","fileTypesAndContributionMap":{"test-code":{"insertions":5,"deletions":8}}},{"hash":"d6383d4e625e82461af0041c13f1a9f905203861","isMergeCommit":false,"messageTitle":"Add back testcases in AddressBookTest","messageBody":"","fileTypesAndContributionMap":{"test-code":{"insertions":13,"deletions":16}}},{"hash":"5572c238e19ed2a5b64b01d9d9f69afc88de5525","isMergeCommit":false,"messageTitle":"Add back testcases","messageBody":"","fileTypesAndContributionMap":{"test-code":{"insertions":61,"deletions":75}}},{"hash":"8a597b1729c02425f889481db2eef0bb2a70a9df","isMergeCommit":false,"messageTitle":"Fix bug where ParseException is not thrown","messageBody":"","fileTypesAndContributionMap":{"functional-code":{"insertions":6,"deletions":0},"test-code":{"insertions":1,"deletions":3}}},{"hash":"91e191800e67869190a7379fb6762697e6d9dc57","isMergeCommit":false,"messageTitle":"Add unfavourite feature","messageBody":"","fileTypesAndContributionMap":{"functional-code":{"insertions":155,"deletions":0}}},{"hash":"582461b112bf726cf12095ee847f1e307ed1b621","isMergeCommit":false,"messageTitle":"Add unfav testcases","messageBody":"","fileTypesAndContributionMap":{"test-code":{"insertions":151,"deletions":8}}}]},{"date":"2023-10-28","commitResults":[{"hash":"233cc3026167908a10c85e6f77f2addcb7ffa5f0","isMergeCommit":false,"messageTitle":"Enable Assertion in build.gradle","messageBody":"","fileTypesAndContributionMap":{"other":{"insertions":4,"deletions":0}}}]},{"date":"2023-10-29","commitResults":[{"hash":"3ae30f94f2a3c7d6837f9a9f89da5966e2eb4fb8","isMergeCommit":false,"messageTitle":"Fix list bug","messageBody":"","fileTypesAndContributionMap":{"functional-code":{"insertions":0,"deletions":1}}}]},{"date":"2023-10-30","commitResults":[{"hash":"3c6e9173ab87f67d2d72594df27239a23bb0a3c0","isMergeCommit":false,"messageTitle":"Update RoleContainsKeywordsPredicate","messageBody":"","fileTypesAndContributionMap":{"functional-code":{"insertions":2,"deletions":3}}}]},{"date":"2023-10-31","commitResults":[{"hash":"3dc51c2461adb9ddf9a7921b44338a119d8d3b5d","isMergeCommit":false,"messageTitle":"Delete empty method block","messageBody":"","fileTypesAndContributionMap":{"test-code":{"insertions":0,"deletions":4}}},{"hash":"690a6d90df8db0db45b3f31f222a2b49acc22c55","isMergeCommit":false,"messageTitle":"Add testcases for SampleDataUtil","messageBody":"","fileTypesAndContributionMap":{"test-code":{"insertions":132,"deletions":0}}},{"hash":"7bf04ce1dce54255b1b78756667b955a1db6f95a","isMergeCommit":false,"messageTitle":"Fix checkstyle errors","messageBody":"","fileTypesAndContributionMap":{"test-code":{"insertions":4,"deletions":4}}}]},{"date":"2023-11-03","commitResults":[{"hash":"3598151274cd526ddad5cd779fa3bebea943916c","isMergeCommit":false,"messageTitle":"Add edit feature in UG","messageBody":"","fileTypesAndContributionMap":{"docs":{"insertions":44,"deletions":23}}}]},{"date":"2023-11-06","commitResults":[{"hash":"784c4c8c7cfc367de892309e84a8de57ad9a7efe","isMergeCommit":false,"messageTitle":"Update format of the UG","messageBody":"","fileTypesAndContributionMap":{"docs":{"insertions":216,"deletions":215}}},{"hash":"81d7de3f12711c9ddbbbe2258d50106ee42fc91f","isMergeCommit":false,"messageTitle":"Fix fav command GUI bug","messageBody":"","fileTypesAndContributionMap":{"functional-code":{"insertions":6,"deletions":0}}},{"hash":"02e66d17bdcfe6a1305d5bf413e4c561b6250256","isMergeCommit":false,"messageTitle":"Update fav and unfav tests","messageBody":"","fileTypesAndContributionMap":{"test-code":{"insertions":0,"deletions":2}}}]},{"date":"2023-11-08","commitResults":[{"hash":"7d72f123ea5cc3ce3976c6cd3afcf511c85a68c8","isMergeCommit":true,"messageTitle":"Merge pull request #220 from wjacobw/bugfix-list-command","messageBody":"fix adding extra fields to list does not show error bug","fileTypesAndContributionMap":{}},{"hash":"09816cac05c8f11d45adaa273e3952b5f74c75d4","isMergeCommit":true,"messageTitle":"Merge pull request #225 from wjacobw/bugfix-list-command","messageBody":"Fix help and clear command\u0027d feedback error","fileTypesAndContributionMap":{}},{"hash":"cda5a2cc8889cb82232b9aa0c16c81e771c86c46","isMergeCommit":true,"messageTitle":"Merge pull request #224 from AY2324S1-CS2103T-F08-0/fix-ug-bugs","messageBody":"Fix ug bugs","fileTypesAndContributionMap":{}}]}]},"authorFileTypeContributionMap":{"wjacobw":{"docs":65,"functional-code":112,"test-code":32},"kayabuttertoastt":{"docs":244,"functional-code":880,"test-code":817},"lawruixi":{"docs":305,"functional-code":1153,"test-code":251},"xxiaoweii":{"docs":294,"functional-code":228,"test-code":727,"other":2},"frrrrry":{"docs":335,"functional-code":427,"test-code":1060,"other":4}},"authorContributionVariance":{"wjacobw":33294.652,"kayabuttertoastt":25342.342,"lawruixi":7669160.0,"xxiaoweii":33966.03,"frrrrry":1704443.1},"authorDisplayNameMap":{"wjacobw":"CS2103T-F08-4 WILL..JAYA","kayabuttertoastt":"CS2103T-F08-4 KIRT..THAM","lawruixi":"CS2103T-F08-4 LAW ..I XI","xxiaoweii":"CS2103T-F08-4 ONG .. WEI","frrrrry":"CS2103T-F08-4 FAN ..UOYU"}}
