{"authorDailyContributionsMap":{"tyouwei":[{"date":"2023-10-02","commitResults":[{"hash":"5ebb2c3d7d52a6c3434aacb931462b13a18b88a9","isMergeCommit":false,"messageTitle":"PPP","messageBody":"","fileTypesAndContributionMap":{"docs":{"insertions":36,"deletions":46}}},{"hash":"9e9211761950b9e5dbfb92ff0c3240ef8db02b57","isMergeCommit":false,"messageTitle":"Update AboutUs","messageBody":"","fileTypesAndContributionMap":{"docs":{"insertions":5,"deletions":45}}},{"hash":"298e409f1c288eef8ab5ddef1de9330447a17b91","isMergeCommit":false,"messageTitle":"Update AboutUs","messageBody":"","fileTypesAndContributionMap":{"docs":{"insertions":1,"deletions":1}}},{"hash":"8d721c192e7ef9da74336e5ce7fcf53111d004aa","isMergeCommit":true,"messageTitle":"Merge pull request #17 from zsh-eng/9-about-us","messageBody":"Add AboutUs for Zhi Sheng","fileTypesAndContributionMap":{}},{"hash":"878da05585b9ec0c64e8f3570c28888fb587fe79","isMergeCommit":true,"messageTitle":"Merge branch \u0027master\u0027 into AboutUs","messageBody":"","fileTypesAndContributionMap":{}}]},{"date":"2023-10-03","commitResults":[{"hash":"9f92c75e83483b2825d4153a78f6bcf3daa148e0","isMergeCommit":true,"messageTitle":"Merge branch \u0027AboutUs\u0027 of https://github.com/tyouwei/tp into AboutUs","messageBody":"","fileTypesAndContributionMap":{}},{"hash":"90d2917b59a17e391ced7c4718feeea08e8b905b","isMergeCommit":true,"messageTitle":"Merge branch \u0027aboutus\u0027 into README","messageBody":"","fileTypesAndContributionMap":{}},{"hash":"99e04706cbc3973e053c4a6c344173ff838be928","isMergeCommit":false,"messageTitle":"Update README and site-wide settings","messageBody":"","fileTypesAndContributionMap":{"docs":{"insertions":12,"deletions":11}}},{"hash":"932aae6234395ce11bd1f024395da7df34bf400e","isMergeCommit":false,"messageTitle":"Add trail line at README","messageBody":"","fileTypesAndContributionMap":{"docs":{"insertions":2,"deletions":1}}},{"hash":"04c1f537100ef852c0b60372c54d8ab7c52b156a","isMergeCommit":false,"messageTitle":"Add trail line at README","messageBody":"","fileTypesAndContributionMap":{"docs":{"insertions":0,"deletions":1}}},{"hash":"c1d532c2c9f38f7c46b6cd5f59ce1da057813b90","isMergeCommit":true,"messageTitle":"Merge pull request #33 from tyouwei/readme","messageBody":"Update ReadMe - Branch Issue 19","fileTypesAndContributionMap":{}},{"hash":"9e781108bd33241aa7591a0b6108d5b220613855","isMergeCommit":false,"messageTitle":"Add Link to developer guide to README","messageBody":"","fileTypesAndContributionMap":{"docs":{"insertions":2,"deletions":1}}},{"hash":"557f8abdf2a61bbb45bd1d2665d09688db3af585","isMergeCommit":false,"messageTitle":"Add Link to ABOUT US to README","messageBody":"","fileTypesAndContributionMap":{"docs":{"insertions":3,"deletions":2}}},{"hash":"780d1d345c074e8e7c5f4bd717798cf0ee0e1383","isMergeCommit":true,"messageTitle":"Merge pull request #39 from tyouwei/readme","messageBody":"Add Link to developer guide to README","fileTypesAndContributionMap":{}}]}],"tim-pipi":[{"date":"2023-10-02","commitResults":[{"hash":"b250e6036facce3a6a05c0502acfb3e9f25881ac","isMergeCommit":false,"messageTitle":"Update AboutUs.md","messageBody":"","fileTypesAndContributionMap":{"docs":{"insertions":6,"deletions":6}}},{"hash":"ffc69cfcf631c248c76e1c20a59a9d9c50228e8a","isMergeCommit":false,"messageTitle":"Add skeletal PPP","messageBody":"","fileTypesAndContributionMap":{"docs":{"insertions":30,"deletions":0}}},{"hash":"8b96635ad8abab92b0c9a0343a7981f2ccfa646b","isMergeCommit":false,"messageTitle":"Update tim-pipi.md","messageBody":"","fileTypesAndContributionMap":{"docs":{"insertions":1,"deletions":1}}},{"hash":"888fd5552887cd133488eb6d330a1413795f1de9","isMergeCommit":false,"messageTitle":"Update tim-pipi.md","messageBody":"","fileTypesAndContributionMap":{"docs":{"insertions":1,"deletions":1}}},{"hash":"e0b341355e5aa867177bd414ba0dcdc3416dfbda","isMergeCommit":true,"messageTitle":"Merge pull request #16 from AprupKale/update-AboutUs","messageBody":"Update AboutUs and add docs/images/aprupkale.png","fileTypesAndContributionMap":{}}]},{"date":"2023-10-03","commitResults":[{"hash":"266194d745432b8c636fb52d00cf830567836450","isMergeCommit":false,"messageTitle":"Update User Guide for v1.1","messageBody":"","fileTypesAndContributionMap":{"docs":{"insertions":104,"deletions":90}}},{"hash":"3eda4ea1dcd59a68ddea740ae002eee6672c400e","isMergeCommit":false,"messageTitle":"Update contribution","messageBody":"","fileTypesAndContributionMap":{"docs":{"insertions":1,"deletions":1}}},{"hash":"ff5b00e9670fa1ade20a7da6a687651a5fb198b2","isMergeCommit":false,"messageTitle":"Update AddressBook to LetsGetHired","messageBody":"","fileTypesAndContributionMap":{"docs":{"insertions":10,"deletions":10}}},{"hash":"6be68237c5992b82ac4a09fef46a487aa4395ceb","isMergeCommit":false,"messageTitle":"Fix indentation error","messageBody":"","fileTypesAndContributionMap":{"docs":{"insertions":1,"deletions":1}}}]},{"date":"2023-10-05","commitResults":[{"hash":"55137a2bfa1c5eb19dc6b20ad37d16f7fff4efe7","isMergeCommit":true,"messageTitle":"Merge pull request #43 from zhengyup/usuc-updates","messageBody":"edit use cases after the tutorial","fileTypesAndContributionMap":{}}]}],"zsh-eng":[{"date":"2023-10-02","commitResults":[{"hash":"63b3c97a40cf0a244b8a00adee4dc5e9530f5182","isMergeCommit":false,"messageTitle":"Add AboutUs for Zhi Sheng","messageBody":"","fileTypesAndContributionMap":{"docs":{"insertions":35,"deletions":5}}},{"hash":"dca957af6839af98496643ce2d15b993c375f783","isMergeCommit":true,"messageTitle":"Merge pull request #18 from tim-pipi/branch-issue-10","messageBody":"Update About Us and Add docs/images/tim-pipi.png","fileTypesAndContributionMap":{}}]},{"date":"2023-10-03","commitResults":[{"hash":"bac154ebe207144c8e06a4f91ef7abddb81130b3","isMergeCommit":false,"messageTitle":"Fix filename of Zhi Sheng md file","messageBody":"","fileTypesAndContributionMap":{"docs":{"insertions":1,"deletions":1}}},{"hash":"a8b89be03ae2ba8a4dc9625ee764d2e5b0d24011","isMergeCommit":false,"messageTitle":"Update glossary and NFR in DG","messageBody":"","fileTypesAndContributionMap":{"docs":{"insertions":22,"deletions":4}}},{"hash":"f87315a1f770da1b3d00a4e44141572c8ccc3f68","isMergeCommit":true,"messageTitle":"Merge pull request #28 from zsh-eng/23-add-nfr-glossary","messageBody":"Add NFR and Glossary to DG","fileTypesAndContributionMap":{}},{"hash":"41ba8e18cb83ea7caba0ce9e43469e7b7658bfec","isMergeCommit":true,"messageTitle":"Merge pull request #27 from tim-pipi/branch-issue-21","messageBody":"Branch issue 21","fileTypesAndContributionMap":{}}]},{"date":"2023-10-04","commitResults":[{"hash":"4f62a036d4cfa2cb54b721cba56ae054029bf701","isMergeCommit":false,"messageTitle":"Fix image link","messageBody":"","fileTypesAndContributionMap":{"docs":{"insertions":1,"deletions":1}}},{"hash":"22d9830fe4889b50aafa904492471141bbc85f65","isMergeCommit":true,"messageTitle":"Merge pull request #42 from zsh-eng/fix-image-sheng","messageBody":"Fix image link","fileTypesAndContributionMap":{}}]}],"AprupKale":[{"date":"2023-09-22","commitResults":[{"hash":"4b6d009a305cfb4682830f3bb050649d3b2adf8a","isMergeCommit":false,"messageTitle":"Initiate MarkBind site","messageBody":"","fileTypesAndContributionMap":{"docs":{"insertions":1,"deletions":1}}}]},{"date":"2023-10-02","commitResults":[{"hash":"1a7adabf360c31ec9c49f79794337c6f28e715b2","isMergeCommit":false,"messageTitle":"Update AboutUs to include Aprup Kale","messageBody":"","fileTypesAndContributionMap":{"docs":{"insertions":44,"deletions":6}}},{"hash":"af20ff07d867ae73f1e69639ec2e7fa7d01393ec","isMergeCommit":true,"messageTitle":"Merge branch \u0027master\u0027 into issue12","messageBody":"","fileTypesAndContributionMap":{}},{"hash":"7ffdd862e0ea71ece239ffd929e2541bd063553a","isMergeCommit":true,"messageTitle":"Merge pull request #20 from zhengyup/issue12","messageBody":"Update About-Us zhengyup","fileTypesAndContributionMap":{}}]},{"date":"2023-10-03","commitResults":[{"hash":"020b7156a1701c9a509bdfeb796e1b1212d14e90","isMergeCommit":false,"messageTitle":"Update Developer Guide to include \"must have\" user stories and use cases","messageBody":"","fileTypesAndContributionMap":{"docs":{"insertions":136,"deletions":21}}},{"hash":"332cb71b73c06dad0814c220ac26e0a9fb68836d","isMergeCommit":false,"messageTitle":"Remove \"by index value\"","messageBody":"","fileTypesAndContributionMap":{"docs":{"insertions":3,"deletions":3}}},{"hash":"5494eb8a36edb14dc55d2275f13bad597f040d6a","isMergeCommit":true,"messageTitle":"Merge branch \u0027master\u0027 into update-DeveloperGuide-issue24","messageBody":"","fileTypesAndContributionMap":{}},{"hash":"77797752e9bf86377a0523b6ef7a8a7072d27583","isMergeCommit":true,"messageTitle":"Merge pull request #32 from AprupKale/update-DeveloperGuide-issue24","messageBody":"Update DG to include \"must have\" user stories and use cases - Branch issue 24","fileTypesAndContributionMap":{}}]}],"zhengyup":[{"date":"2023-10-02","commitResults":[{"hash":"a8b6ae4291b093c7764ac23fae108b8ca1ca25fd","isMergeCommit":false,"messageTitle":"update AboutUs and created zhengyup.md","messageBody":"","fileTypesAndContributionMap":{"docs":{"insertions":33,"deletions":3}}},{"hash":"8a43872c9ef3f83b0aae5006ca9ec199c8cf9d94","isMergeCommit":false,"messageTitle":"fix EOF error","messageBody":"","fileTypesAndContributionMap":{"docs":{"insertions":1,"deletions":1}}},{"hash":"10130b526c7094c2521647d2b34c01bf82956792","isMergeCommit":false,"messageTitle":"remove trailing whitespace","messageBody":"","fileTypesAndContributionMap":{"docs":{"insertions":1,"deletions":1}}},{"hash":"135d1e263cc31012c1c3b7caa3cb1fe169a985b0","isMergeCommit":false,"messageTitle":"fix EOF newline error","messageBody":"","fileTypesAndContributionMap":{"docs":{"insertions":5,"deletions":1}}},{"hash":"679176d069a9e4b094c9c89cbb7f7f7cbcdbd91a","isMergeCommit":true,"messageTitle":"Merge pull request #22 from tyouwei/AboutUs","messageBody":"Update AboutUs for You Wei","fileTypesAndContributionMap":{}},{"hash":"381c05616b9ca61995d7b62d85261e8303de071e","isMergeCommit":false,"messageTitle":"add columns to table","messageBody":"","fileTypesAndContributionMap":{"docs":{"insertions":12,"deletions":8}}}]},{"date":"2023-10-03","commitResults":[{"hash":"304e609eb4dc9651f430265b7e2863db9f27f9a6","isMergeCommit":false,"messageTitle":"add 5 user stories and use cases to the DG under appendix","messageBody":"","fileTypesAndContributionMap":{"docs":{"insertions":151,"deletions":19}}},{"hash":"4e08a41aad73f94dbe9f1dd3fee52f6b495cceac","isMergeCommit":false,"messageTitle":"resolve numbering conflict with must have use cases","messageBody":"","fileTypesAndContributionMap":{"docs":{"insertions":8,"deletions":8}}},{"hash":"6bad798374a6977a178a0d70d4b55d7c9215e8d2","isMergeCommit":true,"messageTitle":"Merge pull request #26 from zhengyup/branch-issue-25","messageBody":"add 5 user stories and use cases that are \"useful\" under the appendix of the DG ","fileTypesAndContributionMap":{}}]},{"date":"2023-10-04","commitResults":[{"hash":"5b3f2bd068b4287b77925fb19b8520b90f53ca4d","isMergeCommit":true,"messageTitle":"Merge pull request #41 from zhengyup/branch-replace-zy-image","messageBody":"add replace zy image with another png","fileTypesAndContributionMap":{}}]},{"date":"2023-10-05","commitResults":[{"hash":"7f7b2f388ed9ca421c62c78ec7749e4beade8ad0","isMergeCommit":false,"messageTitle":"edit use cases after the tutorial","messageBody":"","fileTypesAndContributionMap":{"docs":{"insertions":31,"deletions":42}}}]}]},"authorFileTypeContributionMap":{"tyouwei":{"docs":55,"functional-code":0,"test-code":0},"tim-pipi":{"docs":140,"functional-code":0,"test-code":0},"zsh-eng":{"docs":57,"functional-code":0,"test-code":0},"AprupKale":{"docs":186,"functional-code":0,"test-code":0},"zhengyup":{"docs":125,"functional-code":0,"test-code":0}},"authorContributionVariance":{"tyouwei":1224.3519,"tim-pipi":3190.1226,"zsh-eng":145.57143,"AprupKale":1840.8009,"zhengyup":2624.0254},"authorDisplayNameMap":{"tyouwei":"CS2103T-W17-2 THAM.. WEI","tim-pipi":"CS2103T-W17-2 TIMO..ETIO","zsh-eng":"CS2103T-W17-2 CHEN..HENG","AprupKale":"CS2103T-W17-2 KALE..INAY","zhengyup":"CS2103T-W17-2 POH ..G YU"}}
