{"authorDailyContributionsMap":{"Cleon2":[{"date":"2023-10-04","commitResults":[{"hash":"5739c18474be4fe2f1ef1005f76d111138b7acce","isMergeCommit":false,"messageTitle":"add image and update aboutus.md","messageBody":"","fileTypesAndContributionMap":{"docs":{"insertions":46,"deletions":19}}}]},{"date":"2023-10-05","commitResults":[{"hash":"b1e9378c173eaee9d72983bab6bb2edd982e2090","isMergeCommit":false,"messageTitle":"Transfer ugdraft to ugguide","messageBody":"","fileTypesAndContributionMap":{"docs":{"insertions":73,"deletions":160}}},{"hash":"2120d87856590835211ef8d32f84c9f7f4bd88c8","isMergeCommit":true,"messageTitle":"Merge pull request #41 from ryamgoh/master","messageBody":"Rename to ryamgoh.png and PPP Skeleton","fileTypesAndContributionMap":{}},{"hash":"630fa1d6fbaa3822eafeb0c5e39a8fa982c71e1b","isMergeCommit":false,"messageTitle":"add user stories to developer guide","messageBody":"","fileTypesAndContributionMap":{"docs":{"insertions":17,"deletions":10}}},{"hash":"65e6da98ff39947b82ce34ff7f6ddf2612d2bc60","isMergeCommit":false,"messageTitle":"modify cleon2.md name","messageBody":"","fileTypesAndContributionMap":{"docs":{"insertions":1,"deletions":1}}},{"hash":"9e41e5082cfe3afdba813707648c251e43029f78","isMergeCommit":true,"messageTitle":"Merge pull request #47 from Cleon2/master","messageBody":"modify cleon2.md name","fileTypesAndContributionMap":{}},{"hash":"01f44c962ad9a45fa53715d8a7974d6924994718","isMergeCommit":false,"messageTitle":"rename skeletal ppp","messageBody":"","fileTypesAndContributionMap":{"docs":{"insertions":1,"deletions":1}}},{"hash":"cbaca5c2f1f8ca0d3b76d71260bcf58144f0070b","isMergeCommit":true,"messageTitle":"Merge pull request #56 from Cleon2/master","messageBody":"rename skeletal ppp","fileTypesAndContributionMap":{}},{"hash":"815c1537e8d00ab937d1da314049a222fd4aa6cf","isMergeCommit":false,"messageTitle":"change description for dev guide user story","messageBody":"","fileTypesAndContributionMap":{"docs":{"insertions":15,"deletions":15}}},{"hash":"9e900414730a1c4dc6b78c97919377632fb4d359","isMergeCommit":false,"messageTitle":"modify user story","messageBody":"","fileTypesAndContributionMap":{"docs":{"insertions":1,"deletions":1}}},{"hash":"1fe6524da17f6b784674cd0ca861cde043274ff6","isMergeCommit":true,"messageTitle":"Merge pull request #58 from ryamgoh/ryamgoh","messageBody":"Update DG to reflect NFRs and Remove NFR from UG","fileTypesAndContributionMap":{}},{"hash":"0aeeb5d1308446cca8ca053ddd973e79e44f1e00","isMergeCommit":false,"messageTitle":"modify readme","messageBody":"","fileTypesAndContributionMap":{"docs":{"insertions":1,"deletions":11}}},{"hash":"bb7f16191ffb38bf741177619956fa6bdc2cba44","isMergeCommit":true,"messageTitle":"Merge pull request #62 from ryamgoh/add-ryann-NFR-update","messageBody":"Update NFR","fileTypesAndContributionMap":{}},{"hash":"aa3ef6d21bee5c79b3a18b993ea2b9370d28c632","isMergeCommit":true,"messageTitle":"Merge pull request #60 from ryamgoh/add-ryamgoh-info","messageBody":"Add Info to ryamgoh.md","fileTypesAndContributionMap":{}}]}],"ryamgoh":[{"date":"2023-10-02","commitResults":[{"hash":"27647b6c5176f74f6f15f90edf3b51f0f88ab83c","isMergeCommit":false,"messageTitle":"Update AboutUS.md and Team credentials","messageBody":"","fileTypesAndContributionMap":{"docs":{"insertions":39,"deletions":4}}},{"hash":"ca5d61c643a1d03c206d54c63e5bed09a896da53","isMergeCommit":true,"messageTitle":"Merge pull request #12 from shishirbychapur/master","messageBody":"Update shishirbychapur.md\r\n\r\nLGTM! Well done shishir","fileTypesAndContributionMap":{}},{"hash":"7547eca0081c0551b948b775878313abd515abb1","isMergeCommit":false,"messageTitle":"Update header for Portfolio page","messageBody":"","fileTypesAndContributionMap":{"docs":{"insertions":2,"deletions":0}}},{"hash":"c06dcca7b5cfef363373071bc9133a9c8ce0fb37","isMergeCommit":false,"messageTitle":"Rename from jpg to png in AboutUs.md","messageBody":"","fileTypesAndContributionMap":{"docs":{"insertions":1,"deletions":1}}}]},{"date":"2023-10-04","commitResults":[{"hash":"ad1d19d43c528bcaf4e51a39016ba7c6239a4035","isMergeCommit":false,"messageTitle":"Rename to ryamgoh.png","messageBody":"","fileTypesAndContributionMap":{"docs":{"insertions":2,"deletions":2}}},{"hash":"5b797df6c8ec63bcc01401442f647c01cacb2904","isMergeCommit":true,"messageTitle":"Merge pull request #40 from Cleon2/master","messageBody":"add image and update aboutus.md\r\n\r\nLGTM!","fileTypesAndContributionMap":{}}]},{"date":"2023-10-05","commitResults":[{"hash":"95f68cec9aacee5968dbcbee425f3700670bd47f","isMergeCommit":true,"messageTitle":"Merge pull request #42 from Cleon2/master","messageBody":"Transfer ugdraft to ugguide\r\n\r\nLGTM","fileTypesAndContributionMap":{}},{"hash":"61488adf9e1d424865e52c42e23d18a5aafe1935","isMergeCommit":false,"messageTitle":"Update UserGuide.md","messageBody":"","fileTypesAndContributionMap":{"docs":{"insertions":130,"deletions":2}}},{"hash":"377ee1bdcd4a07860b6bb554bda9211c640c29d3","isMergeCommit":true,"messageTitle":"Merge pull request #44 from ryamgoh/master","messageBody":"Change Figma in UserGuide images","fileTypesAndContributionMap":{}},{"hash":"ecd1fafc353dd99f25743d7aa755f12c8d2b50d1","isMergeCommit":true,"messageTitle":"Merge pull request #46 from Cleon2/master","messageBody":"add user stories to developer guide\r\n\r\nLGTM","fileTypesAndContributionMap":{}},{"hash":"1f3a2f90cb3951c8d21cf34ab55fe1ac9c264b72","isMergeCommit":true,"messageTitle":"Merge pull request #57 from Cleon2/master","messageBody":"change description for dev guide user story\r\n\r\nLGTM","fileTypesAndContributionMap":{}},{"hash":"bab8704ff84da127db3cc679074518ef118b9e6f","isMergeCommit":false,"messageTitle":"Update DG to reflect NFRs","messageBody":"","fileTypesAndContributionMap":{"docs":{"insertions":6,"deletions":15}}},{"hash":"4c29e1455f43aaa030536b3b2069378e03e85a14","isMergeCommit":true,"messageTitle":"Merge pull request #59 from Cleon2/branch-add-user-story","messageBody":"modify user story\r\n\r\nlgtm. goodjob cleon","fileTypesAndContributionMap":{}},{"hash":"b831afb3e55c0dbbf10b8157bcd5edec948595db","isMergeCommit":false,"messageTitle":"Add Info to ryamgoh.md","messageBody":"","fileTypesAndContributionMap":{"docs":{"insertions":1,"deletions":1}}},{"hash":"7f19cf3d0f1b33b94569f79b7a8d05dec3b651c7","isMergeCommit":false,"messageTitle":"Update NFR","messageBody":"","fileTypesAndContributionMap":{"docs":{"insertions":4,"deletions":9}}},{"hash":"af195aa8778c7db91191f54b5a8e316a26472afe","isMergeCommit":true,"messageTitle":"Merge pull request #61 from Cleon2/branch-update-readme","messageBody":"modify readme\r\n\r\nLGTM!","fileTypesAndContributionMap":{}}]}],"shishirbychapur":[{"date":"2023-09-24","commitResults":[{"hash":"af8ca41b4cd8ee6c9f214586ddc13e187fbecf2e","isMergeCommit":true,"messageTitle":"Merge pull request #9 from AY2324S1-CS2103T-F10-2/bobscodedump-patch-1","messageBody":"Update UGDraft.md","fileTypesAndContributionMap":{}},{"hash":"2c67db4bac4f691db609304a46a8c5d4cf3c7be5","isMergeCommit":false,"messageTitle":"Add Wireframe","messageBody":"","fileTypesAndContributionMap":{"docs":{"insertions":24,"deletions":18}}}]},{"date":"2023-09-25","commitResults":[{"hash":"b88a8ecf5de28f46d84a5c4be88623013a961a33","isMergeCommit":false,"messageTitle":"Add Picture + Portfolio Page","messageBody":"","fileTypesAndContributionMap":{"docs":{"insertions":55,"deletions":32}}},{"hash":"b7f77ae156d10b66d7dab90a7d922dfb0ad4236d","isMergeCommit":false,"messageTitle":"Remove default.md","messageBody":"","fileTypesAndContributionMap":{"docs":{"insertions":1,"deletions":6}}},{"hash":"c5eaa2c150ee5f1dadb368d3cef15e86d5fdd65f","isMergeCommit":true,"messageTitle":"Merge pull request #10 from AY2324S1-CS2103T-F10-2/shishir","messageBody":"Change AboutUs","fileTypesAndContributionMap":{}}]},{"date":"2023-10-02","commitResults":[{"hash":"3f049a637fa594dbeed1a82f3b7eb04dff3fe409","isMergeCommit":false,"messageTitle":"Update shishirbychapur.md","messageBody":"","fileTypesAndContributionMap":{"docs":{"insertions":2,"deletions":0}}},{"hash":"dc8d9cba7b6d97fe64caaf491f8257b1bc8a45b5","isMergeCommit":true,"messageTitle":"Merge pull request #15 from ryamgoh/master","messageBody":"Update AboutUS.md and Team credentials","fileTypesAndContributionMap":{}},{"hash":"d5b30164685930995965c6ed27ac0694e2ec592f","isMergeCommit":true,"messageTitle":"Merge pull request #16 from AY2324S1-CS2103T-F10-2/lynnlow175-patch-2","messageBody":"Add lynn profilepic","fileTypesAndContributionMap":{}},{"hash":"b4ea0d09294a7a27af3ef5fcdd6bdca1f3e2c41a","isMergeCommit":true,"messageTitle":"Merge pull request #18 from bobscodedump/master","messageBody":"added profile to about us","fileTypesAndContributionMap":{}}]},{"date":"2023-10-05","commitResults":[{"hash":"77d33ef1a8a0ba6800296f473f27f4610c58d262","isMergeCommit":false,"messageTitle":"Fix PPP + Image for Team","messageBody":"","fileTypesAndContributionMap":{"docs":{"insertions":9,"deletions":39}}},{"hash":"1c9e7965137980123cd213d195e2981e1b01a49d","isMergeCommit":true,"messageTitle":"Merge pull request #1 from shishirbychapur/test","messageBody":"Fix PPP + Image for Team","fileTypesAndContributionMap":{}},{"hash":"98cf9c11e20772ba7b1f824ce9ab2b14f1d2b085","isMergeCommit":true,"messageTitle":"Merge pull request #48 from shishirbychapur/master","messageBody":"Fix Team PPP + Photo","fileTypesAndContributionMap":{}},{"hash":"ae394133d6645aeed9b3d3991f0358a11224e304","isMergeCommit":false,"messageTitle":"Update README.md","messageBody":"","fileTypesAndContributionMap":{"docs":{"insertions":2,"deletions":1}}},{"hash":"159c9dec085b7915d9025b3e341060065c6cca04","isMergeCommit":true,"messageTitle":"Merge pull request #49 from shishirbychapur/master","messageBody":"Update README.md","fileTypesAndContributionMap":{}},{"hash":"ac6088ac62d23e4561c6207874ef1de324a6315a","isMergeCommit":false,"messageTitle":"Add Target User Profile","messageBody":"","fileTypesAndContributionMap":{"docs":{"insertions":4,"deletions":4}}},{"hash":"e25221add5f1685a4b4055945383a522c62ce1a5","isMergeCommit":true,"messageTitle":"Merge pull request #50 from shishirbychapur/master","messageBody":"Add Target User Profile","fileTypesAndContributionMap":{}},{"hash":"0c8842f80befeb6be2688a72099413b58dfddfee","isMergeCommit":false,"messageTitle":"Update README.md","messageBody":"","fileTypesAndContributionMap":{"docs":{"insertions":2,"deletions":2}}},{"hash":"b4187051fd290cd84ea45347c82921ca2d5643d0","isMergeCommit":true,"messageTitle":"Merge pull request #53 from shishirbychapur/master","messageBody":"Update README.md","fileTypesAndContributionMap":{}},{"hash":"3b9c894fa485055429b6cde9c804d55cf6af123a","isMergeCommit":true,"messageTitle":"Merge pull request #54 from AY2324S1-CS2103T-F10-2/branch-UpdateReadMe","messageBody":"Update README.md","fileTypesAndContributionMap":{}}]},{"date":"2023-10-06","commitResults":[{"hash":"8641950869d0e4162a024df5058eaec76c56e9f9","isMergeCommit":false,"messageTitle":"Update Target User Profile","messageBody":"","fileTypesAndContributionMap":{"docs":{"insertions":2,"deletions":2}}},{"hash":"24d75babfce21dc2eb76f39b94c85360fdc9773e","isMergeCommit":true,"messageTitle":"Merge pull request #64 from shishirbychapur/branch-update-user-profile","messageBody":"Update Target User Profile","fileTypesAndContributionMap":{}}]}],"lynnlow175":[{"date":"2023-10-02","commitResults":[{"hash":"6312451dba33e3d9d9c6570d1a31dcc63d10ecc5","isMergeCommit":false,"messageTitle":"Update AboutUs.md","messageBody":"","fileTypesAndContributionMap":{"docs":{"insertions":4,"deletions":4}}},{"hash":"ed2011795a1a21329e2dbee298fc8dc9f7045936","isMergeCommit":false,"messageTitle":"Create lynnlow175.md","messageBody":"","fileTypesAndContributionMap":{"docs":{"insertions":37,"deletions":0}}},{"hash":"757fae03396d5044836ed1eccccdbae8be8adb95","isMergeCommit":true,"messageTitle":"Merge pull request #13 from bobscodedump/master","messageBody":"added Seng Kitt image","fileTypesAndContributionMap":{}},{"hash":"4db601f3e839fb9bc50d06d734976d1b22a75bfa","isMergeCommit":false,"messageTitle":"Update AboutUs.md","messageBody":"","fileTypesAndContributionMap":{"docs":{"insertions":1,"deletions":1}}},{"hash":"96400596f74b8b5af64bd289a64f97042e99389c","isMergeCommit":true,"messageTitle":"Merge pull request #21 from AY2324S1-CS2103T-F10-2/lynnlow175-patch-4","messageBody":"Delete docs/images/profile pic.png","fileTypesAndContributionMap":{}},{"hash":"ed7725a083fcf250f99942a2fcac78234c72029b","isMergeCommit":true,"messageTitle":"Merge pull request #19 from AY2324S1-CS2103T-F10-2/lynnlow175-patch-3","messageBody":"Update AboutUs.md","fileTypesAndContributionMap":{}},{"hash":"e7d354d9b45f734c3b81c21c406479342c5988cf","isMergeCommit":true,"messageTitle":"Merge pull request #20 from ryamgoh/master","messageBody":"Update header for Portfolio page","fileTypesAndContributionMap":{}}]},{"date":"2023-10-03","commitResults":[{"hash":"09bb7af03f601e31e70166ee32322875835ff577","isMergeCommit":false,"messageTitle":"Update AboutUs.md","messageBody":"","fileTypesAndContributionMap":{"docs":{"insertions":1,"deletions":1}}}]},{"date":"2023-10-05","commitResults":[{"hash":"a4dfca7bad80769be5c3876a1abe551f37d4ae68","isMergeCommit":false,"messageTitle":"Update DeveloperGuide.md","messageBody":"","fileTypesAndContributionMap":{"docs":{"insertions":1,"deletions":1}}},{"hash":"f66e34aac1273ad78168ad2d2a15f2dc53d5a5d6","isMergeCommit":true,"messageTitle":"Merge pull request #51 from lynnlow175/master","messageBody":"Update DeveloperGuide.md","fileTypesAndContributionMap":{}}]},{"date":"2023-10-06","commitResults":[{"hash":"831046881ecaa072a90eaf8c955462bbb01caecc","isMergeCommit":false,"messageTitle":"Update DeveloperGuide.md","messageBody":"","fileTypesAndContributionMap":{"docs":{"insertions":1,"deletions":1}}},{"hash":"484dfa7d59fc1fc5aea90c9db6390a5e0b8df704","isMergeCommit":true,"messageTitle":"Merge pull request #63 from lynnlow175/lynnlow175-UpdateDG","messageBody":"Update DeveloperGuide.md","fileTypesAndContributionMap":{}},{"hash":"18b5500de0cc96ae4e85864508cab257a709f994","isMergeCommit":false,"messageTitle":"Update lynnlow175.md","messageBody":"","fileTypesAndContributionMap":{"docs":{"insertions":3,"deletions":3}}},{"hash":"8b0440b684cfdbc8b83cbae75498c2d25444e771","isMergeCommit":true,"messageTitle":"Merge pull request #65 from lynnlow175/lynnlow175-UpdatePPP","messageBody":"Update lynnlow175.md","fileTypesAndContributionMap":{}}]}],"bobscodedump":[{"date":"2023-09-24","commitResults":[{"hash":"4cdbecd201df1e8710daafd652d819cc5f84d18b","isMergeCommit":false,"messageTitle":"Update UGDraft.md","messageBody":"","fileTypesAndContributionMap":{"docs":{"insertions":34,"deletions":22}}}]},{"date":"2023-10-02","commitResults":[{"hash":"3f939643a893d041e2512a75cc9905ba0323bfd6","isMergeCommit":false,"messageTitle":"changed file location and added readme","messageBody":"","fileTypesAndContributionMap":{"docs":{"insertions":37,"deletions":0}}},{"hash":"19dac507a73cc587b5309b3b614ba2e440562088","isMergeCommit":false,"messageTitle":"changed title of readme","messageBody":"","fileTypesAndContributionMap":{"docs":{"insertions":1,"deletions":1}}},{"hash":"4f66ec952bb958a2eb013ead0b02c7a65f3c5121","isMergeCommit":false,"messageTitle":"added newline to EOF of readme","messageBody":"","fileTypesAndContributionMap":{"docs":{"insertions":1,"deletions":1}}},{"hash":"4b4c9adb6c9a0fb5aa8f34b97fe0af7261803774","isMergeCommit":true,"messageTitle":"Merge pull request #14 from AY2324S1-CS2103T-F10-2/lynnlow175-patch-1","messageBody":"Update AboutUs.md","fileTypesAndContributionMap":{}},{"hash":"99cae4a5f49ad43b3e05f72889ef05d0025bba39","isMergeCommit":true,"messageTitle":"Merge pull request #17 from AY2324S1-CS2103T-F10-2/lynnlow175-patch-2","messageBody":"Create lynnlow175.md","fileTypesAndContributionMap":{}},{"hash":"840d60bb28d11417c2a981d81b948a13e8ab1c20","isMergeCommit":false,"messageTitle":"added profile to about us","messageBody":"","fileTypesAndContributionMap":{"docs":{"insertions":10,"deletions":0}}}]},{"date":"2023-10-06","commitResults":[{"hash":"394fee85db0be4b12874b3f60e33484668e37127","isMergeCommit":false,"messageTitle":"updated DG with use cases","messageBody":"","fileTypesAndContributionMap":{"docs":{"insertions":101,"deletions":14}}},{"hash":"c0d90cc1c07ca61aa4ca952174bafe89ddf9325c","isMergeCommit":true,"messageTitle":"Merge pull request #66 from bobscodedump/master","messageBody":"updated DG with use cases","fileTypesAndContributionMap":{}}]}]},"authorFileTypeContributionMap":{"Cleon2":{"docs":131,"functional-code":0,"test-code":0},"ryamgoh":{"docs":121,"functional-code":0,"test-code":0},"shishirbychapur":{"docs":78,"functional-code":0,"test-code":0},"lynnlow175":{"docs":41,"functional-code":0,"test-code":0},"bobscodedump":{"docs":162,"functional-code":0,"test-code":0}},"authorContributionVariance":{"Cleon2":5987.5825,"ryamgoh":1816.7732,"shishirbychapur":785.82214,"lynnlow175":136.59555,"bobscodedump":1045.0933},"authorDisplayNameMap":{"Cleon2":"CS2103T-F10-2 CLEO..XUAN","ryamgoh":"CS2103T-F10-2 GOH ..YANN","shishirbychapur":"CS2103T-F10-2 SHIS..NKAR","lynnlow175":"CS2103T-F10-2 LOW ..LYNN","bobscodedump":"CS2103T-F10-2 LEE ..KITT"}}
