{"authorDailyContributionsMap":{"Cleon2":[{"date":"2023-10-04","commitResults":[{"hash":"5739c18474be4fe2f1ef1005f76d111138b7acce","isMergeCommit":false,"messageTitle":"add image and update aboutus.md","messageBody":"","fileTypesAndContributionMap":{"docs":{"insertions":46,"deletions":19}}}]},{"date":"2023-10-05","commitResults":[{"hash":"b1e9378c173eaee9d72983bab6bb2edd982e2090","isMergeCommit":false,"messageTitle":"Transfer ugdraft to ugguide","messageBody":"","fileTypesAndContributionMap":{"docs":{"insertions":73,"deletions":160}}},{"hash":"2120d87856590835211ef8d32f84c9f7f4bd88c8","isMergeCommit":true,"messageTitle":"Merge pull request #41 from ryamgoh/master","messageBody":"Rename to ryamgoh.png and PPP Skeleton","fileTypesAndContributionMap":{}},{"hash":"630fa1d6fbaa3822eafeb0c5e39a8fa982c71e1b","isMergeCommit":false,"messageTitle":"add user stories to developer guide","messageBody":"","fileTypesAndContributionMap":{"docs":{"insertions":17,"deletions":10}}},{"hash":"65e6da98ff39947b82ce34ff7f6ddf2612d2bc60","isMergeCommit":false,"messageTitle":"modify cleon2.md name","messageBody":"","fileTypesAndContributionMap":{"docs":{"insertions":1,"deletions":1}}},{"hash":"9e41e5082cfe3afdba813707648c251e43029f78","isMergeCommit":true,"messageTitle":"Merge pull request #47 from Cleon2/master","messageBody":"modify cleon2.md name","fileTypesAndContributionMap":{}},{"hash":"01f44c962ad9a45fa53715d8a7974d6924994718","isMergeCommit":false,"messageTitle":"rename skeletal ppp","messageBody":"","fileTypesAndContributionMap":{"docs":{"insertions":1,"deletions":1}}},{"hash":"cbaca5c2f1f8ca0d3b76d71260bcf58144f0070b","isMergeCommit":true,"messageTitle":"Merge pull request #56 from Cleon2/master","messageBody":"rename skeletal ppp","fileTypesAndContributionMap":{}},{"hash":"815c1537e8d00ab937d1da314049a222fd4aa6cf","isMergeCommit":false,"messageTitle":"change description for dev guide user story","messageBody":"","fileTypesAndContributionMap":{"docs":{"insertions":15,"deletions":15}}},{"hash":"9e900414730a1c4dc6b78c97919377632fb4d359","isMergeCommit":false,"messageTitle":"modify user story","messageBody":"","fileTypesAndContributionMap":{"docs":{"insertions":1,"deletions":1}}},{"hash":"1fe6524da17f6b784674cd0ca861cde043274ff6","isMergeCommit":true,"messageTitle":"Merge pull request #58 from ryamgoh/ryamgoh","messageBody":"Update DG to reflect NFRs and Remove NFR from UG","fileTypesAndContributionMap":{}},{"hash":"0aeeb5d1308446cca8ca053ddd973e79e44f1e00","isMergeCommit":false,"messageTitle":"modify readme","messageBody":"","fileTypesAndContributionMap":{"docs":{"insertions":1,"deletions":11}}},{"hash":"bb7f16191ffb38bf741177619956fa6bdc2cba44","isMergeCommit":true,"messageTitle":"Merge pull request #62 from ryamgoh/add-ryann-NFR-update","messageBody":"Update NFR","fileTypesAndContributionMap":{}},{"hash":"aa3ef6d21bee5c79b3a18b993ea2b9370d28c632","isMergeCommit":true,"messageTitle":"Merge pull request #60 from ryamgoh/add-ryamgoh-info","messageBody":"Add Info to ryamgoh.md","fileTypesAndContributionMap":{}}]},{"date":"2023-10-13","commitResults":[{"hash":"313a8e1409f4a9a5baa4e6630ca4df5267108362","isMergeCommit":false,"messageTitle":"standardise format of commands in user guide","messageBody":"","fileTypesAndContributionMap":{"docs":{"insertions":14,"deletions":13}}},{"hash":"6f8bcab3a41a1669624a5d354425e03849758a38","isMergeCommit":false,"messageTitle":"add income field to cli","messageBody":"","fileTypesAndContributionMap":{"functional-code":{"insertions":148,"deletions":52},"docs":{"insertions":5,"deletions":5},"test-code":{"insertions":16,"deletions":6}}},{"hash":"dfa8646f360f5dde393d9aeb190319f36653dafe","isMergeCommit":false,"messageTitle":"resolve checkstyle errors","messageBody":"","fileTypesAndContributionMap":{"functional-code":{"insertions":44,"deletions":9}}},{"hash":"fe1b1ad7528220858a996898acdf0ba9fb2c4677","isMergeCommit":false,"messageTitle":"fix JsonAdaptedDateTest","messageBody":"","fileTypesAndContributionMap":{"test-code":{"insertions":20,"deletions":9}}},{"hash":"735bcdc8624b6ca6d221756a1454d00bf54b9860","isMergeCommit":false,"messageTitle":"fix checkstyle in person builder","messageBody":"","fileTypesAndContributionMap":{"test-code":{"insertions":6,"deletions":1}}}]},{"date":"2023-10-14","commitResults":[{"hash":"112754990cfedef937c6d68bd6dc683aaafba944","isMergeCommit":false,"messageTitle":"add test cases for income","messageBody":"","fileTypesAndContributionMap":{"functional-code":{"insertions":8,"deletions":8},"test-code":{"insertions":94,"deletions":48}}},{"hash":"56bdc3486b0007591d995b63c5c743d94d3b3ef3","isMergeCommit":false,"messageTitle":"fix checkstyle errors","messageBody":"","fileTypesAndContributionMap":{"functional-code":{"insertions":6,"deletions":1}}},{"hash":"41536f1f838a4823aa0c7dfdb949cd9426a23b71","isMergeCommit":false,"messageTitle":"fix more checkstyle","messageBody":"","fileTypesAndContributionMap":{"test-code":{"insertions":6,"deletions":1}}}]},{"date":"2023-10-19","commitResults":[{"hash":"60095bf13b6c6428b39e8784e2191f1c26b9dec2","isMergeCommit":false,"messageTitle":"add test case for setPreferences","messageBody":"","fileTypesAndContributionMap":{"functional-code":{"insertions":31,"deletions":0},"docs":{"insertions":2,"deletions":2},"test-code":{"insertions":198,"deletions":0}}},{"hash":"38bfbc3452ee932dab67e8e62139bd1d11fbf5bb","isMergeCommit":false,"messageTitle":"fix checkstyle errors and add additional test case","messageBody":"","fileTypesAndContributionMap":{"functional-code":{"insertions":3,"deletions":1},"test-code":{"insertions":11,"deletions":1}}},{"hash":"7bda32a62eeaebff3b3d93cf09de86c1ccb175f5","isMergeCommit":false,"messageTitle":"add javadoc to preferenceBuilder","messageBody":"","fileTypesAndContributionMap":{"test-code":{"insertions":3,"deletions":0}}}]},{"date":"2023-10-25","commitResults":[{"hash":"74e7aefc4e3f2602f193b82a4f5c9c3b70817c1f","isMergeCommit":false,"messageTitle":"fix bugs","messageBody":"","fileTypesAndContributionMap":{"functional-code":{"insertions":1,"deletions":1}}},{"hash":"df095178f2db45b02ef3e1e8c8d68a90d012c782","isMergeCommit":true,"messageTitle":"Merge pull request #104 from Cleon2/income_bug_fix","messageBody":"fix bugs","fileTypesAndContributionMap":{}}]},{"date":"2023-10-26","commitResults":[{"hash":"9da4b411e7339f73d15ec1d18981e8eaacd4c22a","isMergeCommit":false,"messageTitle":"implement basic star functionality","messageBody":"","fileTypesAndContributionMap":{"functional-code":{"insertions":283,"deletions":27},"docs":{"insertions":15,"deletions":0}}},{"hash":"41a32e8806f2ab8871fe224085629a5fb7374016","isMergeCommit":true,"messageTitle":"add star feature","messageBody":"","fileTypesAndContributionMap":{}},{"hash":"a14412de3d7edd545d85cb2d35d494cd214f9c11","isMergeCommit":true,"messageTitle":"resolve merge conflicts","messageBody":"","fileTypesAndContributionMap":{}},{"hash":"8545205a189eda3db443b9c2eca668d41444c8a4","isMergeCommit":false,"messageTitle":"fix checkstyle errors","messageBody":"","fileTypesAndContributionMap":{"functional-code":{"insertions":12,"deletions":6},"docs":{"insertions":14,"deletions":14}}},{"hash":"3858a56754b9458207a7616cd4fa85cacd21e804","isMergeCommit":false,"messageTitle":"fix more checkstyle","messageBody":"","fileTypesAndContributionMap":{"functional-code":{"insertions":15,"deletions":2}}},{"hash":"0109ca62679ad1d76a9dae809a445385b16a8641","isMergeCommit":false,"messageTitle":"fix import statements checkstyle","messageBody":"","fileTypesAndContributionMap":{"functional-code":{"insertions":8,"deletions":1}}},{"hash":"983ab0806c5d33ce8f3ee88d4399c06bc9bf7b28","isMergeCommit":false,"messageTitle":"fix unnecessary spacing","messageBody":"","fileTypesAndContributionMap":{"functional-code":{"insertions":0,"deletions":1}}},{"hash":"e2836052a42513b2fba8f6b1d671e88b0cab8049","isMergeCommit":false,"messageTitle":"add unit tests to star and unstar command","messageBody":"","fileTypesAndContributionMap":{"functional-code":{"insertions":5,"deletions":1},"test-code":{"insertions":192,"deletions":0}}},{"hash":"cadde4da89ba8cbce9aab50dc61d84eb350cefa9","isMergeCommit":false,"messageTitle":"remove unnecessary print statements","messageBody":"","fileTypesAndContributionMap":{"functional-code":{"insertions":0,"deletions":3}}},{"hash":"f3d497fe16bc19a4d4a93f9cefcd14c8de4c6a7d","isMergeCommit":true,"messageTitle":"Merge branch \u0027master\u0027 into feature_star","messageBody":"","fileTypesAndContributionMap":{}},{"hash":"419360cb412eadea1e169d6bfd15ee0bffebb773","isMergeCommit":false,"messageTitle":"fix errors associated between edit and star","messageBody":"","fileTypesAndContributionMap":{"functional-code":{"insertions":17,"deletions":0},"test-code":{"insertions":7,"deletions":5}}}]},{"date":"2023-10-27","commitResults":[{"hash":"1555a7ef38eaf0f252c09ce1eca2a3b1cbc807bf","isMergeCommit":false,"messageTitle":"Update DeveloperGuide.md","messageBody":"","fileTypesAndContributionMap":{"docs":{"insertions":13,"deletions":0}}},{"hash":"4d33a6c0d36915997c8a54b2de9de292fdd75467","isMergeCommit":true,"messageTitle":"Merge pull request #130 from AY2324S1-CS2103T-F10-2/Cleon2-patch-1","messageBody":"Update DeveloperGuide.md","fileTypesAndContributionMap":{}}]}],"ryamgoh":[{"date":"2023-10-02","commitResults":[{"hash":"27647b6c5176f74f6f15f90edf3b51f0f88ab83c","isMergeCommit":false,"messageTitle":"Update AboutUS.md and Team credentials","messageBody":"","fileTypesAndContributionMap":{"docs":{"insertions":39,"deletions":4}}},{"hash":"ca5d61c643a1d03c206d54c63e5bed09a896da53","isMergeCommit":true,"messageTitle":"Merge pull request #12 from shishirbychapur/master","messageBody":"Update shishirbychapur.md\r\n\r\nLGTM! Well done shishir","fileTypesAndContributionMap":{}},{"hash":"7547eca0081c0551b948b775878313abd515abb1","isMergeCommit":false,"messageTitle":"Update header for Portfolio page","messageBody":"","fileTypesAndContributionMap":{"docs":{"insertions":2,"deletions":0}}},{"hash":"c06dcca7b5cfef363373071bc9133a9c8ce0fb37","isMergeCommit":false,"messageTitle":"Rename from jpg to png in AboutUs.md","messageBody":"","fileTypesAndContributionMap":{"docs":{"insertions":1,"deletions":1}}}]},{"date":"2023-10-04","commitResults":[{"hash":"ad1d19d43c528bcaf4e51a39016ba7c6239a4035","isMergeCommit":false,"messageTitle":"Rename to ryamgoh.png","messageBody":"","fileTypesAndContributionMap":{"docs":{"insertions":2,"deletions":2}}},{"hash":"5b797df6c8ec63bcc01401442f647c01cacb2904","isMergeCommit":true,"messageTitle":"Merge pull request #40 from Cleon2/master","messageBody":"add image and update aboutus.md\r\n\r\nLGTM!","fileTypesAndContributionMap":{}}]},{"date":"2023-10-05","commitResults":[{"hash":"95f68cec9aacee5968dbcbee425f3700670bd47f","isMergeCommit":true,"messageTitle":"Merge pull request #42 from Cleon2/master","messageBody":"Transfer ugdraft to ugguide\r\n\r\nLGTM","fileTypesAndContributionMap":{}},{"hash":"61488adf9e1d424865e52c42e23d18a5aafe1935","isMergeCommit":false,"messageTitle":"Update UserGuide.md","messageBody":"","fileTypesAndContributionMap":{"docs":{"insertions":130,"deletions":2}}},{"hash":"377ee1bdcd4a07860b6bb554bda9211c640c29d3","isMergeCommit":true,"messageTitle":"Merge pull request #44 from ryamgoh/master","messageBody":"Change Figma in UserGuide images","fileTypesAndContributionMap":{}},{"hash":"ecd1fafc353dd99f25743d7aa755f12c8d2b50d1","isMergeCommit":true,"messageTitle":"Merge pull request #46 from Cleon2/master","messageBody":"add user stories to developer guide\r\n\r\nLGTM","fileTypesAndContributionMap":{}},{"hash":"1f3a2f90cb3951c8d21cf34ab55fe1ac9c264b72","isMergeCommit":true,"messageTitle":"Merge pull request #57 from Cleon2/master","messageBody":"change description for dev guide user story\r\n\r\nLGTM","fileTypesAndContributionMap":{}},{"hash":"bab8704ff84da127db3cc679074518ef118b9e6f","isMergeCommit":false,"messageTitle":"Update DG to reflect NFRs","messageBody":"","fileTypesAndContributionMap":{"docs":{"insertions":6,"deletions":15}}},{"hash":"4c29e1455f43aaa030536b3b2069378e03e85a14","isMergeCommit":true,"messageTitle":"Merge pull request #59 from Cleon2/branch-add-user-story","messageBody":"modify user story\r\n\r\nlgtm. goodjob cleon","fileTypesAndContributionMap":{}},{"hash":"b831afb3e55c0dbbf10b8157bcd5edec948595db","isMergeCommit":false,"messageTitle":"Add Info to ryamgoh.md","messageBody":"","fileTypesAndContributionMap":{"docs":{"insertions":1,"deletions":1}}},{"hash":"7f19cf3d0f1b33b94569f79b7a8d05dec3b651c7","isMergeCommit":false,"messageTitle":"Update NFR","messageBody":"","fileTypesAndContributionMap":{"docs":{"insertions":4,"deletions":9}}},{"hash":"af195aa8778c7db91191f54b5a8e316a26472afe","isMergeCommit":true,"messageTitle":"Merge pull request #61 from Cleon2/branch-update-readme","messageBody":"modify readme\r\n\r\nLGTM!","fileTypesAndContributionMap":{}}]},{"date":"2023-10-07","commitResults":[{"hash":"a32d1cd1d40f9124bfaf00b48dd45ff01f94f6de","isMergeCommit":true,"messageTitle":"Merge pull request #70 from shishirbychapur/branch-create-new-date","messageBody":"Create User, Date, Age, Gender, Height, Horoscope, Income Classes","fileTypesAndContributionMap":{}}]},{"date":"2023-10-08","commitResults":[{"hash":"7b9d8d3884107892f0df2557a4ad6cb78926b920","isMergeCommit":false,"messageTitle":"change package name","messageBody":"","fileTypesAndContributionMap":{"functional-code":{"insertions":22,"deletions":22},"other":{"insertions":841,"deletions":841},"docs":{"insertions":16,"deletions":14},"test-code":{"insertions":3,"deletions":3}}},{"hash":"215949f6177e39ed17ffbbaeab985d217e6dff0b","isMergeCommit":false,"messageTitle":"Checkpoint get","messageBody":"","fileTypesAndContributionMap":{"functional-code":{"insertions":169,"deletions":169},"other":{"insertions":34,"deletions":34},"docs":{"insertions":162,"deletions":162},"test-code":{"insertions":188,"deletions":188}}},{"hash":"33e83a611fa8efff117dbeabb4d7be57a7607258","isMergeCommit":false,"messageTitle":"Update Address to Height","messageBody":"","fileTypesAndContributionMap":{"functional-code":{"insertions":119,"deletions":132},"docs":{"insertions":56,"deletions":56},"test-code":{"insertions":82,"deletions":85}}},{"hash":"2d948242d5c49ff312fabc94a6bd5fc3da3c64d5","isMergeCommit":false,"messageTitle":"Test more","messageBody":"","fileTypesAndContributionMap":{"functional-code":{"insertions":28,"deletions":28},"other":{"insertions":3,"deletions":3},"docs":{"insertions":5,"deletions":5},"test-code":{"insertions":118,"deletions":117}}}]},{"date":"2023-10-12","commitResults":[{"hash":"03047af165ad3b14b2e5d6af47760415dc551488","isMergeCommit":false,"messageTitle":"Finish refactoring","messageBody":"","fileTypesAndContributionMap":{"functional-code":{"insertions":82,"deletions":76},"test-code":{"insertions":14,"deletions":14}}}]},{"date":"2023-10-13","commitResults":[{"hash":"9dabac79ae9120f8fbfc7be98c71219ac8b167fc","isMergeCommit":false,"messageTitle":"Refactor Lovebook","messageBody":"","fileTypesAndContributionMap":{"test-code":{"insertions":66,"deletions":63}}},{"hash":"36fb03c7fdfd33db00c30aa209cd649a2a941399","isMergeCommit":true,"messageTitle":"Merge pull request #78 from ryamgoh/branch-experiment","messageBody":"Refactor AddressBook to LoveBook","fileTypesAndContributionMap":{}}]},{"date":"2023-10-17","commitResults":[{"hash":"8d6a6e4e38b82f74a522f6958edd5f7dc436692c","isMergeCommit":true,"messageTitle":"Solve Merge Conflict","messageBody":"","fileTypesAndContributionMap":{}},{"hash":"4806ceb702a799e42be0b4d6eab751e2a970fe25","isMergeCommit":true,"messageTitle":"Merge branch \u0027bobscodedump-delete-tags\u0027","messageBody":"","fileTypesAndContributionMap":{}},{"hash":"52836027989d2d67f5998fb06e31a03f1842ec2d","isMergeCommit":true,"messageTitle":"Merge pull request #92 from ryamgoh/master","messageBody":"Settle merge conflict","fileTypesAndContributionMap":{}},{"hash":"a81d4db4e82e9a5bbe7c4b4792e2396c32cafc8d","isMergeCommit":false,"messageTitle":"Add feature","messageBody":"","fileTypesAndContributionMap":{"functional-code":{"insertions":206,"deletions":1}}},{"hash":"6b2cfa52009778e33b6fcf1a688823e599061d47","isMergeCommit":true,"messageTitle":"Merge conflict fix","messageBody":"","fileTypesAndContributionMap":{}},{"hash":"e901644d856a5aa2b4d8d1034f0dcf5362f7d799","isMergeCommit":false,"messageTitle":"Add SetPrefCommand","messageBody":"","fileTypesAndContributionMap":{"functional-code":{"insertions":147,"deletions":68},"other":{"insertions":74,"deletions":23}}}]},{"date":"2023-10-18","commitResults":[{"hash":"5bf721e51036d1d00dc156fe122eb69a581a9597","isMergeCommit":true,"messageTitle":"Merge pull request #95 from lynnlow175/feature/filter","messageBody":"Refactor/filter","fileTypesAndContributionMap":{}}]},{"date":"2023-10-19","commitResults":[{"hash":"a415595a4f02c8ba4e40a6399ec3562858aa4ffc","isMergeCommit":true,"messageTitle":"Merge pull request #96 from shishirbychapur/feature/gui-improvements","messageBody":"Improve GUI\r\n\r\nLGTM!!!!","fileTypesAndContributionMap":{}}]},{"date":"2023-10-25","commitResults":[{"hash":"77617f1a458b44698ae8612243e02aaa4137e582","isMergeCommit":true,"messageTitle":"Merge pull request #103 from shishirbychapur/feature/improve-gui","messageBody":"Improve UI\r\n\r\nLGTM","fileTypesAndContributionMap":{}},{"hash":"8bf08d8c9d8751f68727674efe0770b2f52ff9e8","isMergeCommit":false,"messageTitle":"Add Validation for Height for 1 to 250","messageBody":"","fileTypesAndContributionMap":{"functional-code":{"insertions":4,"deletions":4},"test-code":{"insertions":19,"deletions":18}}},{"hash":"6295b4e9d9c5ee99368d64ffd89a22637f6bf440","isMergeCommit":true,"messageTitle":"Merge pull request #105 from ryamgoh/master","messageBody":"Add Validation for Height for 1 to 250","fileTypesAndContributionMap":{}},{"hash":"9f98ae67d78caf62a589e619a4a1521ac5d69009","isMergeCommit":false,"messageTitle":"Add feature-Presets for the command box","messageBody":"","fileTypesAndContributionMap":{"functional-code":{"insertions":309,"deletions":196}}}]},{"date":"2023-10-27","commitResults":[{"hash":"1a616b2aab897c367874d665e6c25c324898f416","isMergeCommit":false,"messageTitle":"Add DG","messageBody":"","fileTypesAndContributionMap":{"docs":{"insertions":60,"deletions":37}}},{"hash":"636de7e6d758ee2198ac728487a3e02f1eb383bc","isMergeCommit":true,"messageTitle":"Merge branch \u0027master\u0027 into master","messageBody":"","fileTypesAndContributionMap":{}},{"hash":"f1473c8c09dbb519bf42490ac3e5e5a3fbb6fa02","isMergeCommit":true,"messageTitle":"Merge pull request #129 from ryamgoh/master","messageBody":"Add DG","fileTypesAndContributionMap":{}}]}],"shishirbychapur":[{"date":"2023-09-24","commitResults":[{"hash":"af8ca41b4cd8ee6c9f214586ddc13e187fbecf2e","isMergeCommit":true,"messageTitle":"Merge pull request #9 from AY2324S1-CS2103T-F10-2/bobscodedump-patch-1","messageBody":"Update UGDraft.md","fileTypesAndContributionMap":{}},{"hash":"2c67db4bac4f691db609304a46a8c5d4cf3c7be5","isMergeCommit":false,"messageTitle":"Add Wireframe","messageBody":"","fileTypesAndContributionMap":{"docs":{"insertions":24,"deletions":18}}}]},{"date":"2023-09-25","commitResults":[{"hash":"b88a8ecf5de28f46d84a5c4be88623013a961a33","isMergeCommit":false,"messageTitle":"Add Picture + Portfolio Page","messageBody":"","fileTypesAndContributionMap":{"docs":{"insertions":55,"deletions":32}}},{"hash":"b7f77ae156d10b66d7dab90a7d922dfb0ad4236d","isMergeCommit":false,"messageTitle":"Remove default.md","messageBody":"","fileTypesAndContributionMap":{"docs":{"insertions":1,"deletions":6}}},{"hash":"c5eaa2c150ee5f1dadb368d3cef15e86d5fdd65f","isMergeCommit":true,"messageTitle":"Merge pull request #10 from AY2324S1-CS2103T-F10-2/shishir","messageBody":"Change AboutUs","fileTypesAndContributionMap":{}}]},{"date":"2023-10-02","commitResults":[{"hash":"3f049a637fa594dbeed1a82f3b7eb04dff3fe409","isMergeCommit":false,"messageTitle":"Update shishirbychapur.md","messageBody":"","fileTypesAndContributionMap":{"docs":{"insertions":2,"deletions":0}}},{"hash":"dc8d9cba7b6d97fe64caaf491f8257b1bc8a45b5","isMergeCommit":true,"messageTitle":"Merge pull request #15 from ryamgoh/master","messageBody":"Update AboutUS.md and Team credentials","fileTypesAndContributionMap":{}},{"hash":"d5b30164685930995965c6ed27ac0694e2ec592f","isMergeCommit":true,"messageTitle":"Merge pull request #16 from AY2324S1-CS2103T-F10-2/lynnlow175-patch-2","messageBody":"Add lynn profilepic","fileTypesAndContributionMap":{}},{"hash":"b4ea0d09294a7a27af3ef5fcdd6bdca1f3e2c41a","isMergeCommit":true,"messageTitle":"Merge pull request #18 from bobscodedump/master","messageBody":"added profile to about us","fileTypesAndContributionMap":{}}]},{"date":"2023-10-05","commitResults":[{"hash":"77d33ef1a8a0ba6800296f473f27f4610c58d262","isMergeCommit":false,"messageTitle":"Fix PPP + Image for Team","messageBody":"","fileTypesAndContributionMap":{"docs":{"insertions":9,"deletions":39}}},{"hash":"1c9e7965137980123cd213d195e2981e1b01a49d","isMergeCommit":true,"messageTitle":"Merge pull request #1 from shishirbychapur/test","messageBody":"Fix PPP + Image for Team","fileTypesAndContributionMap":{}},{"hash":"98cf9c11e20772ba7b1f824ce9ab2b14f1d2b085","isMergeCommit":true,"messageTitle":"Merge pull request #48 from shishirbychapur/master","messageBody":"Fix Team PPP + Photo","fileTypesAndContributionMap":{}},{"hash":"ae394133d6645aeed9b3d3991f0358a11224e304","isMergeCommit":false,"messageTitle":"Update README.md","messageBody":"","fileTypesAndContributionMap":{"docs":{"insertions":2,"deletions":1}}},{"hash":"159c9dec085b7915d9025b3e341060065c6cca04","isMergeCommit":true,"messageTitle":"Merge pull request #49 from shishirbychapur/master","messageBody":"Update README.md","fileTypesAndContributionMap":{}},{"hash":"ac6088ac62d23e4561c6207874ef1de324a6315a","isMergeCommit":false,"messageTitle":"Add Target User Profile","messageBody":"","fileTypesAndContributionMap":{"docs":{"insertions":4,"deletions":4}}},{"hash":"e25221add5f1685a4b4055945383a522c62ce1a5","isMergeCommit":true,"messageTitle":"Merge pull request #50 from shishirbychapur/master","messageBody":"Add Target User Profile","fileTypesAndContributionMap":{}},{"hash":"0c8842f80befeb6be2688a72099413b58dfddfee","isMergeCommit":false,"messageTitle":"Update README.md","messageBody":"","fileTypesAndContributionMap":{"docs":{"insertions":2,"deletions":2}}},{"hash":"b4187051fd290cd84ea45347c82921ca2d5643d0","isMergeCommit":true,"messageTitle":"Merge pull request #53 from shishirbychapur/master","messageBody":"Update README.md","fileTypesAndContributionMap":{}},{"hash":"3b9c894fa485055429b6cde9c804d55cf6af123a","isMergeCommit":true,"messageTitle":"Merge pull request #54 from AY2324S1-CS2103T-F10-2/branch-UpdateReadMe","messageBody":"Update README.md","fileTypesAndContributionMap":{}}]},{"date":"2023-10-06","commitResults":[{"hash":"8641950869d0e4162a024df5058eaec76c56e9f9","isMergeCommit":false,"messageTitle":"Update Target User Profile","messageBody":"","fileTypesAndContributionMap":{"docs":{"insertions":2,"deletions":2}}},{"hash":"24d75babfce21dc2eb76f39b94c85360fdc9773e","isMergeCommit":true,"messageTitle":"Merge pull request #64 from shishirbychapur/branch-update-user-profile","messageBody":"Update Target User Profile","fileTypesAndContributionMap":{}}]},{"date":"2023-10-07","commitResults":[{"hash":"6606b4b15aa131dcf88afbb92b9ec75a087922b2","isMergeCommit":false,"messageTitle":"Create User, Date, Age, Gender, Height, Horoscope, Income Classes","messageBody":"","fileTypesAndContributionMap":{"functional-code":{"insertions":113,"deletions":0}}}]},{"date":"2023-10-08","commitResults":[{"hash":"8e77c9fdc3d6b9efb22af84b28b8dbe23294a562","isMergeCommit":false,"messageTitle":"Add Age/Gender, Remove Phone Number and Email","messageBody":"","fileTypesAndContributionMap":{"functional-code":{"insertions":559,"deletions":607},"other":{"insertions":59,"deletions":58},"docs":{"insertions":91,"deletions":91},"test-code":{"insertions":478,"deletions":505}}},{"hash":"b5daebe16327096b689e56c09b7acb8721148631","isMergeCommit":true,"messageTitle":"Merge pull request #72 from shishirbychapur/branch-create-new-date","messageBody":"Add Age/Gender, Remove Phone Number/Email","fileTypesAndContributionMap":{}}]},{"date":"2023-10-13","commitResults":[{"hash":"14aec75482a2bc1a93503ee9747b13351521004d","isMergeCommit":true,"messageTitle":"Merge pull request #79 from bobscodedump/fix/default-lovebook","messageBody":"Fix Bug","fileTypesAndContributionMap":{}},{"hash":"01406d590da6afe9daa519602faa929682847909","isMergeCommit":true,"messageTitle":"Merge pull request #80 from Cleon2/feature_userGuide","messageBody":"standardise format of commands in user guide","fileTypesAndContributionMap":{}},{"hash":"044eab8ae306c24e459970329c7db8377e80f58e","isMergeCommit":true,"messageTitle":"Merge pull request #85 from lynnlow175/feature/welcomeMessage","messageBody":"Add Welcome Message","fileTypesAndContributionMap":{}}]},{"date":"2023-10-16","commitResults":[{"hash":"307153cbd23a0ffe48b0cbad9931e83a3954b097","isMergeCommit":true,"messageTitle":"Merge pull request #88 from Cleon2/feature_income","messageBody":"Add Income","fileTypesAndContributionMap":{}},{"hash":"dc5c09c2d0bed75a2a794471d42a4ce58d9b7454","isMergeCommit":false,"messageTitle":"Setup Date Preferences Storage","messageBody":"","fileTypesAndContributionMap":{"functional-code":{"insertions":53,"deletions":8},"other":{"insertions":5,"deletions":5},"test-code":{"insertions":2,"deletions":0}}},{"hash":"7f4238651eea954b564901ac1e69e28c92899fbb","isMergeCommit":false,"messageTitle":"Checkpoint 1","messageBody":"","fileTypesAndContributionMap":{"functional-code":{"insertions":447,"deletions":25},"test-code":{"insertions":24,"deletions":17}}},{"hash":"bda0ec7c89531e62e79edbecf309ab1bb77e738a","isMergeCommit":false,"messageTitle":"Fix Tests","messageBody":"","fileTypesAndContributionMap":{"functional-code":{"insertions":47,"deletions":18},"test-code":{"insertions":68,"deletions":23}}}]},{"date":"2023-10-17","commitResults":[{"hash":"f9f2e581bc74b1dd6899c45e7707a9bea2310887","isMergeCommit":true,"messageTitle":"Merge pull request #90 from lynnlow175/feature/filter","messageBody":"Add Filter Function","fileTypesAndContributionMap":{}},{"hash":"e8fc6ffa71f8500e309704d8590cfb3e5b45a1cd","isMergeCommit":true,"messageTitle":"Merge pull request #93 from bobscodedump/feature/add-horoscope","messageBody":"Add Horoscope","fileTypesAndContributionMap":{}},{"hash":"2781c3acc88212ed54b304684312a670ae3c82b5","isMergeCommit":true,"messageTitle":"Merge pull request #94 from ryamgoh/feature-editPreferences","messageBody":"Add Feature edit preferences","fileTypesAndContributionMap":{}}]},{"date":"2023-10-19","commitResults":[{"hash":"b43b02e8858a9a9d97a0a0bd6dfb43d2553ed937","isMergeCommit":false,"messageTitle":"Improve GUI","messageBody":"","fileTypesAndContributionMap":{"functional-code":{"insertions":82,"deletions":71},"other":{"insertions":1,"deletions":1},"test-code":{"insertions":1,"deletions":1}}}]},{"date":"2023-10-20","commitResults":[{"hash":"eb376d2a1c5f3cc3abd69790767dc0b056fc64bb","isMergeCommit":true,"messageTitle":"Merge pull request #100 from Cleon2/feature_preferences_unit_test","messageBody":"Add Unit Test for Preferences.","fileTypesAndContributionMap":{}},{"hash":"33acbce167542d399422e1ab2a17ff6ec18fe0e2","isMergeCommit":true,"messageTitle":"Merge pull request #101 from bobscodedump/feature/display-preferences","messageBody":"Add show preferences","fileTypesAndContributionMap":{}},{"hash":"e0f062d119b1566dc2601b5dd8bf942c1f458205","isMergeCommit":true,"messageTitle":"Merge branch \u0027master\u0027 into feature/randomDate","messageBody":"","fileTypesAndContributionMap":{}}]},{"date":"2023-10-25","commitResults":[{"hash":"96abfe7353cdadc419e20f0a278533c28087a049","isMergeCommit":false,"messageTitle":"Improve UI","messageBody":"","fileTypesAndContributionMap":{"functional-code":{"insertions":73,"deletions":33}}},{"hash":"4a47bb7aeb8623d50d52998e0f99ace15a9b4068","isMergeCommit":false,"messageTitle":"Improve UI","messageBody":"","fileTypesAndContributionMap":{"functional-code":{"insertions":1,"deletions":1}}},{"hash":"b3f1d142479f2623e58e3d96ef7b8a2823759ad5","isMergeCommit":false,"messageTitle":"Improve PersonCardList.java","messageBody":"","fileTypesAndContributionMap":{"functional-code":{"insertions":129,"deletions":32}}},{"hash":"35c9d3cb9842c1a63c31c5bea7a3ace6bb4f2879","isMergeCommit":false,"messageTitle":"Add Icons","messageBody":"","fileTypesAndContributionMap":{"functional-code":{"insertions":26,"deletions":82}}},{"hash":"a9c1a617d1b198d1e6864deef1eed174a5c6b783","isMergeCommit":false,"messageTitle":"Add Randomized Avatar","messageBody":"","fileTypesAndContributionMap":{"functional-code":{"insertions":2,"deletions":2},"other":{"insertions":18,"deletions":11},"docs":{"insertions":1,"deletions":1}}},{"hash":"d666dab8e538c3a14354b57bf2528e03f0751d89","isMergeCommit":false,"messageTitle":"Update UG + Fix Edit Command Bug","messageBody":"","fileTypesAndContributionMap":{"functional-code":{"insertions":7,"deletions":2},"docs":{"insertions":27,"deletions":105}}},{"hash":"704cecf223df9e07a47c7d27131fdc6206739fa6","isMergeCommit":true,"messageTitle":"Merge branch \u0027master\u0027 of https://github.com/shishirbychapur/tp into feature/improve-card-ui","messageBody":"","fileTypesAndContributionMap":{}}]},{"date":"2023-10-26","commitResults":[{"hash":"e72a3879ef7eb21f0dfc235c491d3497764d9596","isMergeCommit":false,"messageTitle":"Add ToC to UG","messageBody":"","fileTypesAndContributionMap":{"docs":{"insertions":45,"deletions":17}}},{"hash":"652d93b0d67c83cd6e9f739d7153a1295ee45013","isMergeCommit":false,"messageTitle":"Remove Exit","messageBody":"","fileTypesAndContributionMap":{"docs":{"insertions":0,"deletions":1}}},{"hash":"df480844fc44b88a28eaa57b41fd325f9b2e9502","isMergeCommit":true,"messageTitle":"Merge pull request #108 from shishirbychapur/feature/improve-card-ui","messageBody":"Add Random Avatar Feature + Update UG + Fix Minor Bug","fileTypesAndContributionMap":{}},{"hash":"6e809390cccba9dda5ed478d2c6a75763e03220a","isMergeCommit":true,"messageTitle":"Merge pull request #119 from Cleon2/feature_star","messageBody":"Add Star/Unstar Feature","fileTypesAndContributionMap":{}},{"hash":"f07035b1ebce091e27ccebce0922fae850e56ed6","isMergeCommit":false,"messageTitle":"Disable Click Functionality + Add Avatar Field + Fix Star Bug","messageBody":"","fileTypesAndContributionMap":{"functional-code":{"insertions":274,"deletions":115},"other":{"insertions":60,"deletions":38},"docs":{"insertions":9,"deletions":4},"test-code":{"insertions":141,"deletions":90}}},{"hash":"44eb97159fd04753d17e91f207bbb4ee7f477ad7","isMergeCommit":true,"messageTitle":"Merge pull request #122 from shishirbychapur/feature/improve-card-ui","messageBody":"Disable Click Functionality + Add Avatar Field + Fix Star Bug","tags":["v1.3-trial"],"fileTypesAndContributionMap":{}},{"hash":"04a4fa54659f7b9a504b6351a46f5a4a0726bf6a","isMergeCommit":true,"messageTitle":"Merge branch \u0027Cleon2-feature_star\u0027","messageBody":"","fileTypesAndContributionMap":{}},{"hash":"8c629b21b93cbdc90ef7178c34f4cca894d4abaf","isMergeCommit":false,"messageTitle":"Revert \"Merge branch \u0027Cleon2-feature_star\u0027\"","messageBody":"This reverts commit 04a4fa54659f7b9a504b6351a46f5a4a0726bf6a, reversing\nchanges made to 44eb97159fd04753d17e91f207bbb4ee7f477ad7.\n","fileTypesAndContributionMap":{"functional-code":{"insertions":1,"deletions":2},"test-code":{"insertions":0,"deletions":192}}},{"hash":"1713311e30675220e0e328dd2e2a4abc468a2e1d","isMergeCommit":false,"messageTitle":"Revert Merge","messageBody":"","fileTypesAndContributionMap":{"functional-code":{"insertions":1,"deletions":1}}},{"hash":"11791a67a327dc5f855a1a32c0833c9f77838100","isMergeCommit":false,"messageTitle":"Enable Assertions","messageBody":"","fileTypesAndContributionMap":{"other":{"insertions":4,"deletions":0}}},{"hash":"bbd3da507b50fff0a3f1f707a0827da2d26db29c","isMergeCommit":true,"messageTitle":"Merge pull request #123 from Cleon2/feature_star","messageBody":"Add Unit Tests for Star/Unstar","fileTypesAndContributionMap":{}},{"hash":"9c8aa821e14bedb439d45b8755ea872ad4b41046","isMergeCommit":false,"messageTitle":"Update DeveloperGuide.md","messageBody":"","fileTypesAndContributionMap":{"docs":{"insertions":9,"deletions":0}}}]},{"date":"2023-10-29","commitResults":[{"hash":"2b6bb6718635f499c09fc87a3fae9ef02fceba74","isMergeCommit":true,"messageTitle":"Merge pull request #131 from bobscodedump/feature/algorithm","messageBody":"Add Algorithm","fileTypesAndContributionMap":{}},{"hash":"c1c39cb34b5c6cf1d8543bc6246a3e7ce31443cc","isMergeCommit":true,"messageTitle":"Create Mock UML Diagram","messageBody":"","fileTypesAndContributionMap":{}},{"hash":"8ce696b028ee6b2dfc44028d57584993332955ca","isMergeCommit":true,"messageTitle":"Merge branch \u0027master\u0027 of https://github.com/shishirbychapur/tp","messageBody":"","fileTypesAndContributionMap":{}}]},{"date":"2023-10-31","commitResults":[{"hash":"f76c1c7e5247016784d306944cda0dc6885f6af7","isMergeCommit":false,"messageTitle":"Cap Age to 18-150, Improve Preferences.json, Fix Warning Message","messageBody":"","fileTypesAndContributionMap":{"functional-code":{"insertions":29,"deletions":16},"test-code":{"insertions":5,"deletions":3}}},{"hash":"e00d21d1f5dd7cc4e887bd5b08ead216a151b008","isMergeCommit":false,"messageTitle":"Fix Checkstyle","messageBody":"","fileTypesAndContributionMap":{"docs":{"insertions":1,"deletions":1}}}]},{"date":"2023-11-01","commitResults":[{"hash":"8a4d10c0332002fe2c3e0121ce7cb1b51d0dba0c","isMergeCommit":true,"messageTitle":"Merge pull request #133 from shishirbychapur/feature/fix-bugs","messageBody":"Fix Bugs","fileTypesAndContributionMap":{}}]},{"date":"2023-11-02","commitResults":[{"hash":"fed6c4a3de02226c628a5d54af826ae9c222870c","isMergeCommit":false,"messageTitle":"Improve Presets Bar","messageBody":"","fileTypesAndContributionMap":{"functional-code":{"insertions":9,"deletions":9},"docs":{"insertions":10,"deletions":10}}},{"hash":"19c95eeac1cd1a3c791a0a50412c4ea5e3188ff7","isMergeCommit":false,"messageTitle":"Updated shishirbychapur.md to add contributions","messageBody":"","fileTypesAndContributionMap":{"docs":{"insertions":35,"deletions":9}}},{"hash":"55231b59fdc16fe3f1dee9d305a7d446fe58ac6d","isMergeCommit":false,"messageTitle":"Update Storage, Model and UI UML Diagrams","messageBody":"","fileTypesAndContributionMap":{"functional-code":{"insertions":8,"deletions":8},"other":{"insertions":14,"deletions":14},"docs":{"insertions":88,"deletions":379},"test-code":{"insertions":52,"deletions":52}}},{"hash":"78b2530c3d2cdbbea0c259cdd5e68f2c901f5687","isMergeCommit":false,"messageTitle":"Update DG","messageBody":"","fileTypesAndContributionMap":{"docs":{"insertions":42,"deletions":40}}},{"hash":"778f7804cc474c4b292df47ac8fd2938bda245f3","isMergeCommit":true,"messageTitle":"Merge pull request #134 from shishirbychapur/master","messageBody":"Update Documentation","fileTypesAndContributionMap":{}}]}],"lynnlow175":[{"date":"2023-10-02","commitResults":[{"hash":"6312451dba33e3d9d9c6570d1a31dcc63d10ecc5","isMergeCommit":false,"messageTitle":"Update AboutUs.md","messageBody":"","fileTypesAndContributionMap":{"docs":{"insertions":4,"deletions":4}}},{"hash":"ed2011795a1a21329e2dbee298fc8dc9f7045936","isMergeCommit":false,"messageTitle":"Create lynnlow175.md","messageBody":"","fileTypesAndContributionMap":{"docs":{"insertions":37,"deletions":0}}},{"hash":"757fae03396d5044836ed1eccccdbae8be8adb95","isMergeCommit":true,"messageTitle":"Merge pull request #13 from bobscodedump/master","messageBody":"added Seng Kitt image","fileTypesAndContributionMap":{}},{"hash":"4db601f3e839fb9bc50d06d734976d1b22a75bfa","isMergeCommit":false,"messageTitle":"Update AboutUs.md","messageBody":"","fileTypesAndContributionMap":{"docs":{"insertions":1,"deletions":1}}},{"hash":"96400596f74b8b5af64bd289a64f97042e99389c","isMergeCommit":true,"messageTitle":"Merge pull request #21 from AY2324S1-CS2103T-F10-2/lynnlow175-patch-4","messageBody":"Delete docs/images/profile pic.png","fileTypesAndContributionMap":{}},{"hash":"ed7725a083fcf250f99942a2fcac78234c72029b","isMergeCommit":true,"messageTitle":"Merge pull request #19 from AY2324S1-CS2103T-F10-2/lynnlow175-patch-3","messageBody":"Update AboutUs.md","fileTypesAndContributionMap":{}},{"hash":"e7d354d9b45f734c3b81c21c406479342c5988cf","isMergeCommit":true,"messageTitle":"Merge pull request #20 from ryamgoh/master","messageBody":"Update header for Portfolio page","fileTypesAndContributionMap":{}}]},{"date":"2023-10-03","commitResults":[{"hash":"09bb7af03f601e31e70166ee32322875835ff577","isMergeCommit":false,"messageTitle":"Update AboutUs.md","messageBody":"","fileTypesAndContributionMap":{"docs":{"insertions":1,"deletions":1}}}]},{"date":"2023-10-05","commitResults":[{"hash":"a4dfca7bad80769be5c3876a1abe551f37d4ae68","isMergeCommit":false,"messageTitle":"Update DeveloperGuide.md","messageBody":"","fileTypesAndContributionMap":{"docs":{"insertions":1,"deletions":1}}},{"hash":"f66e34aac1273ad78168ad2d2a15f2dc53d5a5d6","isMergeCommit":true,"messageTitle":"Merge pull request #51 from lynnlow175/master","messageBody":"Update DeveloperGuide.md","fileTypesAndContributionMap":{}}]},{"date":"2023-10-06","commitResults":[{"hash":"831046881ecaa072a90eaf8c955462bbb01caecc","isMergeCommit":false,"messageTitle":"Update DeveloperGuide.md","messageBody":"","fileTypesAndContributionMap":{"docs":{"insertions":1,"deletions":1}}},{"hash":"484dfa7d59fc1fc5aea90c9db6390a5e0b8df704","isMergeCommit":true,"messageTitle":"Merge pull request #63 from lynnlow175/lynnlow175-UpdateDG","messageBody":"Update DeveloperGuide.md","fileTypesAndContributionMap":{}},{"hash":"18b5500de0cc96ae4e85864508cab257a709f994","isMergeCommit":false,"messageTitle":"Update lynnlow175.md","messageBody":"","fileTypesAndContributionMap":{"docs":{"insertions":3,"deletions":3}}},{"hash":"8b0440b684cfdbc8b83cbae75498c2d25444e771","isMergeCommit":true,"messageTitle":"Merge pull request #65 from lynnlow175/lynnlow175-UpdatePPP","messageBody":"Update lynnlow175.md","fileTypesAndContributionMap":{}}]},{"date":"2023-10-13","commitResults":[{"hash":"8752bb4f8a9bf33417a8165c26d3d0afa16dac39","isMergeCommit":false,"messageTitle":"welcomeMessage","messageBody":"","fileTypesAndContributionMap":{"functional-code":{"insertions":28,"deletions":0}}},{"hash":"fd24b4cacf433876ab33ef318a6ff848b5a907f2","isMergeCommit":false,"messageTitle":"refineMessage","messageBody":"","fileTypesAndContributionMap":{"functional-code":{"insertions":3,"deletions":3}}},{"hash":"18c159ec482ccd693696d142529ef8cfae4fbe61","isMergeCommit":false,"messageTitle":"updateMessage","messageBody":"","fileTypesAndContributionMap":{"functional-code":{"insertions":2,"deletions":3}}},{"hash":"a01d329d19babf392fc23066413ba9021fcfbf0b","isMergeCommit":false,"messageTitle":"fixCheckstyles","messageBody":"","fileTypesAndContributionMap":{"functional-code":{"insertions":2,"deletions":4}}},{"hash":"2d526d4571b33d4245eac3df1a05081908c8fb91","isMergeCommit":false,"messageTitle":"fixCheckstyles","messageBody":"","fileTypesAndContributionMap":{"test-code":{"insertions":5,"deletions":0}}},{"hash":"6dec987d8cbe43274e4b167f76da8eb821dce958","isMergeCommit":false,"messageTitle":"AddedTestCases","messageBody":"","fileTypesAndContributionMap":{"functional-code":{"insertions":4,"deletions":2},"test-code":{"insertions":14,"deletions":0}}}]},{"date":"2023-10-16","commitResults":[{"hash":"a79f64c23eeb843268c0e0fc609e4b15ad28c7f8","isMergeCommit":false,"messageTitle":"added filter","messageBody":"","fileTypesAndContributionMap":{"functional-code":{"insertions":137,"deletions":3}}},{"hash":"37bab9ee0c9360f070a1d56548a2bbcb15a9f34f","isMergeCommit":false,"messageTitle":"fix","messageBody":"","fileTypesAndContributionMap":{"functional-code":{"insertions":1,"deletions":0}}}]},{"date":"2023-10-17","commitResults":[{"hash":"2ee113f47907b8d838d2f9a733e511c70e4d1f6d","isMergeCommit":false,"messageTitle":"filterTest","messageBody":"","fileTypesAndContributionMap":{"functional-code":{"insertions":30,"deletions":9},"other":{"insertions":586,"deletions":4},"test-code":{"insertions":182,"deletions":1}}},{"hash":"41fe565dd54711145e189baf047cf4987024259c","isMergeCommit":true,"messageTitle":"Merge pull request #89 from shishirbychapur/feature/preferences","messageBody":"Add Preferences","fileTypesAndContributionMap":{}},{"hash":"f3f69ae1a3b293da5bc1df6bb5b3c01230018132","isMergeCommit":false,"messageTitle":"AddedFilterTests","messageBody":"","fileTypesAndContributionMap":{"functional-code":{"insertions":2,"deletions":1},"test-code":{"insertions":86,"deletions":15}}},{"hash":"3cf9ca63dd7dced048a141434432c4216b54ec01","isMergeCommit":true,"messageTitle":"Merge branch \u0027master\u0027 into feature/filter","messageBody":"","fileTypesAndContributionMap":{}},{"hash":"fbc4d9e233d6d2219e5b8f3e5ef6ba873d767e13","isMergeCommit":false,"messageTitle":"changed prefix","messageBody":"","fileTypesAndContributionMap":{"functional-code":{"insertions":2,"deletions":2}}},{"hash":"95e8a69bd87730f4d97a60f8407b95233c7f14a4","isMergeCommit":false,"messageTitle":"checkstyle","messageBody":"","fileTypesAndContributionMap":{"functional-code":{"insertions":19,"deletions":9},"test-code":{"insertions":19,"deletions":14}}},{"hash":"bb8f2b5775d26343436c76150428cf20e7fbfb88","isMergeCommit":true,"messageTitle":"Merge branch \u0027master\u0027 into feature/filter","messageBody":"","fileTypesAndContributionMap":{}},{"hash":"1bf9fbcf89d1688446907b7d525ae93393e33d91","isMergeCommit":false,"messageTitle":"fixTest","messageBody":"","fileTypesAndContributionMap":{"test-code":{"insertions":2,"deletions":2}}},{"hash":"d92f64e5af87c4d25a090857c3641fadede0eace","isMergeCommit":true,"messageTitle":"Merge branch \u0027feature/filter\u0027 of https://github.com/lynnlow175/tp into feature/filter","messageBody":"","fileTypesAndContributionMap":{}}]},{"date":"2023-10-18","commitResults":[{"hash":"6a31c65d60fffd74c8ba9c70ec9df44a3fbe96c3","isMergeCommit":false,"messageTitle":"enhanceFilter","messageBody":"","fileTypesAndContributionMap":{"functional-code":{"insertions":64,"deletions":15}}},{"hash":"0b0e829184bf3ef8c7a9fe500cb2c86e7492a003","isMergeCommit":false,"messageTitle":"refactorCode","messageBody":"","fileTypesAndContributionMap":{"functional-code":{"insertions":60,"deletions":21},"test-code":{"insertions":66,"deletions":43}}},{"hash":"5334790db9ce24526d33afc66cc09c3d379caa80","isMergeCommit":false,"messageTitle":"refactorCode","messageBody":"","fileTypesAndContributionMap":{"test-code":{"insertions":31,"deletions":5}}},{"hash":"86ac3909a1030debff9e35795691ef0f95ac2c8c","isMergeCommit":false,"messageTitle":"refactorCode","messageBody":"","fileTypesAndContributionMap":{"test-code":{"insertions":6,"deletions":1}}},{"hash":"1d50809e34f8134660ce0b8bcf9ab699d7342ab0","isMergeCommit":false,"messageTitle":"Add unit test","messageBody":"","fileTypesAndContributionMap":{"test-code":{"insertions":6,"deletions":1}}}]},{"date":"2023-10-19","commitResults":[{"hash":"57ce6f1407f44dc69aa32530d5230a60e88b0c64","isMergeCommit":false,"messageTitle":"randomDate feature","messageBody":"","fileTypesAndContributionMap":{"functional-code":{"insertions":55,"deletions":11},"test-code":{"insertions":2,"deletions":0}}},{"hash":"af9c47589911a76d98a6de2e2f124d1e9324908e","isMergeCommit":false,"messageTitle":"added junit tests","messageBody":"","fileTypesAndContributionMap":{"functional-code":{"insertions":100,"deletions":36},"test-code":{"insertions":60,"deletions":1}}},{"hash":"a5c71ed037272d3a6a5644224b45d7392f5fdd89","isMergeCommit":false,"messageTitle":"fix code","messageBody":"","fileTypesAndContributionMap":{"test-code":{"insertions":1,"deletions":1}}},{"hash":"fe01331e9c4d44b61f2652fd374f543436d7cd5c","isMergeCommit":false,"messageTitle":"add junit test","messageBody":"","fileTypesAndContributionMap":{"test-code":{"insertions":7,"deletions":0}}}]},{"date":"2023-10-20","commitResults":[{"hash":"c4b647d7cfda4901c62c3d242528ed262c67b56b","isMergeCommit":false,"messageTitle":"Update lynnlow175.md","messageBody":"","fileTypesAndContributionMap":{"docs":{"insertions":6,"deletions":6}}},{"hash":"492284a12b5473057c4930572ae9463cdef19ed8","isMergeCommit":false,"messageTitle":"Update UGDraft.md","messageBody":"","fileTypesAndContributionMap":{"docs":{"insertions":3,"deletions":3}}},{"hash":"21273cd1568c21aa233bd7e04a3cfab89864192a","isMergeCommit":false,"messageTitle":"Update shishirbychapur.md","messageBody":"","fileTypesAndContributionMap":{"docs":{"insertions":6,"deletions":6}}},{"hash":"fc98bad9167a3fb935ce8a13e3e6a76d183f0365","isMergeCommit":false,"messageTitle":"fix checkstyle","messageBody":"","fileTypesAndContributionMap":{"functional-code":{"insertions":3,"deletions":3},"test-code":{"insertions":5,"deletions":0}}},{"hash":"6fa50847919800d02b7e120567c1ca08a9baad52","isMergeCommit":true,"messageTitle":"Merge pull request #97 from lynnlow175/feature/randomDate","messageBody":"Feature/random date","fileTypesAndContributionMap":{}}]},{"date":"2023-10-21","commitResults":[{"hash":"cacee836c377af5ef652f95e107c0458fbbb0c9b","isMergeCommit":false,"messageTitle":"Update UserGuide.md","messageBody":"","fileTypesAndContributionMap":{"docs":{"insertions":21,"deletions":4}}}]},{"date":"2023-10-23","commitResults":[{"hash":"1e64d021f561beabf0533d0a072a992c5ca4a506","isMergeCommit":true,"messageTitle":"Merge branch \u0027AY2324S1-CS2103T-F10-2:master\u0027 into master","messageBody":"","fileTypesAndContributionMap":{}}]},{"date":"2023-10-25","commitResults":[{"hash":"04548f17a34ad58955d64a81cdea5c8a62512c81","isMergeCommit":true,"messageTitle":"Merge branch \u0027AY2324S1-CS2103T-F10-2:master\u0027 into master","messageBody":"","fileTypesAndContributionMap":{}}]},{"date":"2023-10-26","commitResults":[{"hash":"c68cc7b458407f9c01a329e57d14dec0eba7bedf","isMergeCommit":true,"messageTitle":"Merge branch \u0027AY2324S1-CS2103T-F10-2:master\u0027 into master","messageBody":"","fileTypesAndContributionMap":{}}]},{"date":"2023-10-27","commitResults":[{"hash":"97dc2eec4d13d37149c552b2a1424afc9301b2da","isMergeCommit":false,"messageTitle":"Add sort","messageBody":"","fileTypesAndContributionMap":{"functional-code":{"insertions":275,"deletions":10},"test-code":{"insertions":153,"deletions":0}}},{"hash":"aca29a74a60ac25a4a8342bbd98a9b28c6de871f","isMergeCommit":true,"messageTitle":"Merge branch \u0027AY2324S1-CS2103T-F10-2:master\u0027 into master","messageBody":"","fileTypesAndContributionMap":{}},{"hash":"451a8cad8abbccc7f9267b4cb88de6c85223100e","isMergeCommit":true,"messageTitle":"Merge branch \u0027master\u0027 into feature/sort","messageBody":"","fileTypesAndContributionMap":{}},{"hash":"45c5202939ef60a29a1c408377bfe4403796e693","isMergeCommit":false,"messageTitle":"Fix style and tests","messageBody":"","fileTypesAndContributionMap":{"functional-code":{"insertions":12,"deletions":5},"test-code":{"insertions":25,"deletions":26}}},{"hash":"6bbca303e5c1e35231bc1a612a56c5c52f5b60f7","isMergeCommit":false,"messageTitle":"updateDG","messageBody":"","fileTypesAndContributionMap":{"functional-code":{"insertions":1,"deletions":0},"docs":{"insertions":18,"deletions":95}}},{"hash":"bf4b884183818541d3900a705f96aee57c55a472","isMergeCommit":true,"messageTitle":"Merge branch \u0027updateDG\u0027","messageBody":"","fileTypesAndContributionMap":{}},{"hash":"afe0ce6fdf0c8131f2754c0ee6dd145c1a55e434","isMergeCommit":true,"messageTitle":"Merge branch \u0027updateDG\u0027","messageBody":"","fileTypesAndContributionMap":{}},{"hash":"5f63c7b85f7ffc3e13ddc7ca9de3a24455693477","isMergeCommit":true,"messageTitle":"Merge pull request #127 from lynnlow175/master","messageBody":"Update DG","fileTypesAndContributionMap":{}}]},{"date":"2023-10-29","commitResults":[{"hash":"1a9dc54d0f8583007995593f26832771c71a8f26","isMergeCommit":true,"messageTitle":"Merge branch \u0027master\u0027 of https://github.com/lynnlow175/tp","messageBody":"","fileTypesAndContributionMap":{}},{"hash":"93eac1ea652ccbbf987d4ee0d0abf93608748cc4","isMergeCommit":false,"messageTitle":"Fix bug for blind date","messageBody":"","fileTypesAndContributionMap":{"functional-code":{"insertions":9,"deletions":5}}}]},{"date":"2023-10-31","commitResults":[{"hash":"56ca6e855607e322db6ddf3ebfaa63bdd8f32ecc","isMergeCommit":false,"messageTitle":"Add UML diagrams","messageBody":"","fileTypesAndContributionMap":{"docs":{"insertions":140,"deletions":0}}},{"hash":"fa4f637fb5049bba23045c3b198d7d68644969f2","isMergeCommit":false,"messageTitle":"Add UML diagrams","messageBody":"","fileTypesAndContributionMap":{"functional-code":{"insertions":0,"deletions":3},"docs":{"insertions":192,"deletions":54}}},{"hash":"0a47b6ecab21bbf26037171d05c7edd0d2a5f4e0","isMergeCommit":true,"messageTitle":"Merge pull request #132 from lynnlow175/master","messageBody":"Fix bug for blind date","fileTypesAndContributionMap":{}}]}],"bobscodedump":[{"date":"2023-09-24","commitResults":[{"hash":"4cdbecd201df1e8710daafd652d819cc5f84d18b","isMergeCommit":false,"messageTitle":"Update UGDraft.md","messageBody":"","fileTypesAndContributionMap":{"docs":{"insertions":34,"deletions":22}}}]},{"date":"2023-10-02","commitResults":[{"hash":"3f939643a893d041e2512a75cc9905ba0323bfd6","isMergeCommit":false,"messageTitle":"changed file location and added readme","messageBody":"","fileTypesAndContributionMap":{"docs":{"insertions":37,"deletions":0}}},{"hash":"19dac507a73cc587b5309b3b614ba2e440562088","isMergeCommit":false,"messageTitle":"changed title of readme","messageBody":"","fileTypesAndContributionMap":{"docs":{"insertions":1,"deletions":1}}},{"hash":"4f66ec952bb958a2eb013ead0b02c7a65f3c5121","isMergeCommit":false,"messageTitle":"added newline to EOF of readme","messageBody":"","fileTypesAndContributionMap":{"docs":{"insertions":1,"deletions":1}}},{"hash":"4b4c9adb6c9a0fb5aa8f34b97fe0af7261803774","isMergeCommit":true,"messageTitle":"Merge pull request #14 from AY2324S1-CS2103T-F10-2/lynnlow175-patch-1","messageBody":"Update AboutUs.md","fileTypesAndContributionMap":{}},{"hash":"99cae4a5f49ad43b3e05f72889ef05d0025bba39","isMergeCommit":true,"messageTitle":"Merge pull request #17 from AY2324S1-CS2103T-F10-2/lynnlow175-patch-2","messageBody":"Create lynnlow175.md","fileTypesAndContributionMap":{}},{"hash":"840d60bb28d11417c2a981d81b948a13e8ab1c20","isMergeCommit":false,"messageTitle":"added profile to about us","messageBody":"","fileTypesAndContributionMap":{"docs":{"insertions":10,"deletions":0}}}]},{"date":"2023-10-06","commitResults":[{"hash":"394fee85db0be4b12874b3f60e33484668e37127","isMergeCommit":false,"messageTitle":"updated DG with use cases","messageBody":"","fileTypesAndContributionMap":{"docs":{"insertions":101,"deletions":14}}},{"hash":"c0d90cc1c07ca61aa4ca952174bafe89ddf9325c","isMergeCommit":true,"messageTitle":"Merge pull request #66 from bobscodedump/master","messageBody":"updated DG with use cases","fileTypesAndContributionMap":{}}]},{"date":"2023-10-13","commitResults":[{"hash":"da3f54b2b80688d5f9aebbbda41bf26bc829f033","isMergeCommit":false,"messageTitle":"fixed default lovebook","messageBody":"","fileTypesAndContributionMap":{"functional-code":{"insertions":1,"deletions":24}}}]},{"date":"2023-10-17","commitResults":[{"hash":"9e1827e8828d3e51cd5d59a93bb344428ab67fdb","isMergeCommit":false,"messageTitle":"delete tag feature","messageBody":"","fileTypesAndContributionMap":{"functional-code":{"insertions":13,"deletions":277},"test-code":{"insertions":40,"deletions":288}}},{"hash":"9d5efa18b556d76649a5f6bc34ccf79153091a3d","isMergeCommit":false,"messageTitle":"added horoscope field","messageBody":"","fileTypesAndContributionMap":{"functional-code":{"insertions":105,"deletions":22},"other":{"insertions":10,"deletions":8},"test-code":{"insertions":124,"deletions":40}}},{"hash":"7b6cc74790978f6018f395d919b8108e9a3c5da2","isMergeCommit":true,"messageTitle":"fixed merge conflicts","messageBody":"","fileTypesAndContributionMap":{}}]},{"date":"2023-10-20","commitResults":[{"hash":"3217c6caf0e1bc1f568ec97ce7a33d993478764b","isMergeCommit":false,"messageTitle":"added show preferences","messageBody":"","fileTypesAndContributionMap":{"functional-code":{"insertions":28,"deletions":0}}}]},{"date":"2023-10-25","commitResults":[{"hash":"439025d1d35f3737b458721826fcadc83467dee5","isMergeCommit":true,"messageTitle":"Merge pull request #107 from shishirbychapur/feature/improve-card-ui","messageBody":"Improve Card UI","fileTypesAndContributionMap":{}},{"hash":"54e4210d51a98deca281217c0143c9f6bcca08b5","isMergeCommit":true,"messageTitle":"Merge pull request #106 from ryamgoh/feature-Presets","messageBody":"Add feature-Presets for the command box","fileTypesAndContributionMap":{}}]},{"date":"2023-10-27","commitResults":[{"hash":"ef85714199b7a4260569ce078a1d2b0cfdc64166","isMergeCommit":true,"messageTitle":"Merge pull request #124 from lynnlow175/feature/sort","messageBody":"Feature/sort","fileTypesAndContributionMap":{}},{"hash":"f2a3f77438b145d5a1bbbdd5892f9eede8cf0610","isMergeCommit":false,"messageTitle":"first iteration of algorithm","messageBody":"","fileTypesAndContributionMap":{"functional-code":{"insertions":73,"deletions":1},"test-code":{"insertions":10,"deletions":0}}},{"hash":"c4b8590657856153218dc7f99f00f57225cbfed1","isMergeCommit":false,"messageTitle":"Update DeveloperGuide.md","messageBody":"Added use case for best match","fileTypesAndContributionMap":{"docs":{"insertions":12,"deletions":1}}},{"hash":"bb48fd8838679e4bfe9bbc5e88347ce75852d687","isMergeCommit":false,"messageTitle":"Update DeveloperGuide.md","messageBody":"Added implementation for BestMatch","fileTypesAndContributionMap":{"docs":{"insertions":7,"deletions":2}}},{"hash":"685c5cc77146fa2ad4aef05bbc8a36a60c0629b4","isMergeCommit":true,"messageTitle":"Merge pull request #128 from AY2324S1-CS2103T-F10-2/bobscodedump-patch-1","messageBody":"Update DeveloperGuide.md","fileTypesAndContributionMap":{}}]},{"date":"2023-10-29","commitResults":[{"hash":"ce09ffeeb1685a99ec0b8b3f6d10684c3b64b9ef","isMergeCommit":true,"messageTitle":"Merge branch \u0027master\u0027 into feature/algorithm merge","messageBody":"","fileTypesAndContributionMap":{}}]}]},"authorFileTypeContributionMap":{"Cleon2":{"docs":92,"functional-code":472,"test-code":466},"ryamgoh":{"docs":232,"functional-code":1035,"test-code":627,"other":2},"shishirbychapur":{"docs":322,"functional-code":1520,"test-code":662,"other":5},"lynnlow175":{"docs":329,"functional-code":676,"test-code":548,"other":538},"bobscodedump":{"docs":84,"functional-code":205,"test-code":119}},"authorContributionVariance":{"Cleon2":15040.957,"ryamgoh":326057.25,"shishirbychapur":182041.67,"lynnlow175":35880.16,"bobscodedump":20242.88},"authorDisplayNameMap":{"Cleon2":"CS2103T-F10-2 CLEO..XUAN","ryamgoh":"CS2103T-F10-2 GOH ..YANN","shishirbychapur":"CS2103T-F10-2 SHIS..NKAR","lynnlow175":"CS2103T-F10-2 LOW ..LYNN","bobscodedump":"CS2103T-F10-2 LEE ..KITT"}}
