{"authorDailyContributionsMap":{"Cleon2":[{"date":"2023-10-04","commitResults":[{"hash":"5739c18474be4fe2f1ef1005f76d111138b7acce","isMergeCommit":false,"messageTitle":"add image and update aboutus.md","messageBody":"","fileTypesAndContributionMap":{"docs":{"insertions":46,"deletions":19}}}]},{"date":"2023-10-05","commitResults":[{"hash":"b1e9378c173eaee9d72983bab6bb2edd982e2090","isMergeCommit":false,"messageTitle":"Transfer ugdraft to ugguide","messageBody":"","fileTypesAndContributionMap":{"docs":{"insertions":73,"deletions":160}}},{"hash":"2120d87856590835211ef8d32f84c9f7f4bd88c8","isMergeCommit":true,"messageTitle":"Merge pull request #41 from ryamgoh/master","messageBody":"Rename to ryamgoh.png and PPP Skeleton","fileTypesAndContributionMap":{}},{"hash":"630fa1d6fbaa3822eafeb0c5e39a8fa982c71e1b","isMergeCommit":false,"messageTitle":"add user stories to developer guide","messageBody":"","fileTypesAndContributionMap":{"docs":{"insertions":17,"deletions":10}}},{"hash":"65e6da98ff39947b82ce34ff7f6ddf2612d2bc60","isMergeCommit":false,"messageTitle":"modify cleon2.md name","messageBody":"","fileTypesAndContributionMap":{"docs":{"insertions":1,"deletions":1}}},{"hash":"9e41e5082cfe3afdba813707648c251e43029f78","isMergeCommit":true,"messageTitle":"Merge pull request #47 from Cleon2/master","messageBody":"modify cleon2.md name","fileTypesAndContributionMap":{}},{"hash":"01f44c962ad9a45fa53715d8a7974d6924994718","isMergeCommit":false,"messageTitle":"rename skeletal ppp","messageBody":"","fileTypesAndContributionMap":{"docs":{"insertions":1,"deletions":1}}},{"hash":"cbaca5c2f1f8ca0d3b76d71260bcf58144f0070b","isMergeCommit":true,"messageTitle":"Merge pull request #56 from Cleon2/master","messageBody":"rename skeletal ppp","fileTypesAndContributionMap":{}},{"hash":"815c1537e8d00ab937d1da314049a222fd4aa6cf","isMergeCommit":false,"messageTitle":"change description for dev guide user story","messageBody":"","fileTypesAndContributionMap":{"docs":{"insertions":15,"deletions":15}}},{"hash":"9e900414730a1c4dc6b78c97919377632fb4d359","isMergeCommit":false,"messageTitle":"modify user story","messageBody":"","fileTypesAndContributionMap":{"docs":{"insertions":1,"deletions":1}}},{"hash":"1fe6524da17f6b784674cd0ca861cde043274ff6","isMergeCommit":true,"messageTitle":"Merge pull request #58 from ryamgoh/ryamgoh","messageBody":"Update DG to reflect NFRs and Remove NFR from UG","fileTypesAndContributionMap":{}},{"hash":"0aeeb5d1308446cca8ca053ddd973e79e44f1e00","isMergeCommit":false,"messageTitle":"modify readme","messageBody":"","fileTypesAndContributionMap":{"docs":{"insertions":1,"deletions":11}}},{"hash":"bb7f16191ffb38bf741177619956fa6bdc2cba44","isMergeCommit":true,"messageTitle":"Merge pull request #62 from ryamgoh/add-ryann-NFR-update","messageBody":"Update NFR","fileTypesAndContributionMap":{}},{"hash":"aa3ef6d21bee5c79b3a18b993ea2b9370d28c632","isMergeCommit":true,"messageTitle":"Merge pull request #60 from ryamgoh/add-ryamgoh-info","messageBody":"Add Info to ryamgoh.md","fileTypesAndContributionMap":{}}]},{"date":"2023-10-13","commitResults":[{"hash":"313a8e1409f4a9a5baa4e6630ca4df5267108362","isMergeCommit":false,"messageTitle":"standardise format of commands in user guide","messageBody":"","fileTypesAndContributionMap":{"docs":{"insertions":14,"deletions":13}}},{"hash":"6f8bcab3a41a1669624a5d354425e03849758a38","isMergeCommit":false,"messageTitle":"add income field to cli","messageBody":"","fileTypesAndContributionMap":{"functional-code":{"insertions":148,"deletions":52},"docs":{"insertions":5,"deletions":5},"test-code":{"insertions":16,"deletions":6}}},{"hash":"dfa8646f360f5dde393d9aeb190319f36653dafe","isMergeCommit":false,"messageTitle":"resolve checkstyle errors","messageBody":"","fileTypesAndContributionMap":{"functional-code":{"insertions":44,"deletions":9}}},{"hash":"fe1b1ad7528220858a996898acdf0ba9fb2c4677","isMergeCommit":false,"messageTitle":"fix JsonAdaptedDateTest","messageBody":"","fileTypesAndContributionMap":{"test-code":{"insertions":20,"deletions":9}}},{"hash":"735bcdc8624b6ca6d221756a1454d00bf54b9860","isMergeCommit":false,"messageTitle":"fix checkstyle in person builder","messageBody":"","fileTypesAndContributionMap":{"test-code":{"insertions":6,"deletions":1}}}]},{"date":"2023-10-14","commitResults":[{"hash":"112754990cfedef937c6d68bd6dc683aaafba944","isMergeCommit":false,"messageTitle":"add test cases for income","messageBody":"","fileTypesAndContributionMap":{"functional-code":{"insertions":8,"deletions":8},"test-code":{"insertions":94,"deletions":48}}},{"hash":"56bdc3486b0007591d995b63c5c743d94d3b3ef3","isMergeCommit":false,"messageTitle":"fix checkstyle errors","messageBody":"","fileTypesAndContributionMap":{"functional-code":{"insertions":6,"deletions":1}}},{"hash":"41536f1f838a4823aa0c7dfdb949cd9426a23b71","isMergeCommit":false,"messageTitle":"fix more checkstyle","messageBody":"","fileTypesAndContributionMap":{"test-code":{"insertions":6,"deletions":1}}}]}],"ryamgoh":[{"date":"2023-10-02","commitResults":[{"hash":"27647b6c5176f74f6f15f90edf3b51f0f88ab83c","isMergeCommit":false,"messageTitle":"Update AboutUS.md and Team credentials","messageBody":"","fileTypesAndContributionMap":{"docs":{"insertions":39,"deletions":4}}},{"hash":"ca5d61c643a1d03c206d54c63e5bed09a896da53","isMergeCommit":true,"messageTitle":"Merge pull request #12 from shishirbychapur/master","messageBody":"Update shishirbychapur.md\r\n\r\nLGTM! Well done shishir","fileTypesAndContributionMap":{}},{"hash":"7547eca0081c0551b948b775878313abd515abb1","isMergeCommit":false,"messageTitle":"Update header for Portfolio page","messageBody":"","fileTypesAndContributionMap":{"docs":{"insertions":2,"deletions":0}}},{"hash":"c06dcca7b5cfef363373071bc9133a9c8ce0fb37","isMergeCommit":false,"messageTitle":"Rename from jpg to png in AboutUs.md","messageBody":"","fileTypesAndContributionMap":{"docs":{"insertions":1,"deletions":1}}}]},{"date":"2023-10-04","commitResults":[{"hash":"ad1d19d43c528bcaf4e51a39016ba7c6239a4035","isMergeCommit":false,"messageTitle":"Rename to ryamgoh.png","messageBody":"","fileTypesAndContributionMap":{"docs":{"insertions":2,"deletions":2}}},{"hash":"5b797df6c8ec63bcc01401442f647c01cacb2904","isMergeCommit":true,"messageTitle":"Merge pull request #40 from Cleon2/master","messageBody":"add image and update aboutus.md\r\n\r\nLGTM!","fileTypesAndContributionMap":{}}]},{"date":"2023-10-05","commitResults":[{"hash":"95f68cec9aacee5968dbcbee425f3700670bd47f","isMergeCommit":true,"messageTitle":"Merge pull request #42 from Cleon2/master","messageBody":"Transfer ugdraft to ugguide\r\n\r\nLGTM","fileTypesAndContributionMap":{}},{"hash":"61488adf9e1d424865e52c42e23d18a5aafe1935","isMergeCommit":false,"messageTitle":"Update UserGuide.md","messageBody":"","fileTypesAndContributionMap":{"docs":{"insertions":130,"deletions":2}}},{"hash":"377ee1bdcd4a07860b6bb554bda9211c640c29d3","isMergeCommit":true,"messageTitle":"Merge pull request #44 from ryamgoh/master","messageBody":"Change Figma in UserGuide images","fileTypesAndContributionMap":{}},{"hash":"ecd1fafc353dd99f25743d7aa755f12c8d2b50d1","isMergeCommit":true,"messageTitle":"Merge pull request #46 from Cleon2/master","messageBody":"add user stories to developer guide\r\n\r\nLGTM","fileTypesAndContributionMap":{}},{"hash":"1f3a2f90cb3951c8d21cf34ab55fe1ac9c264b72","isMergeCommit":true,"messageTitle":"Merge pull request #57 from Cleon2/master","messageBody":"change description for dev guide user story\r\n\r\nLGTM","fileTypesAndContributionMap":{}},{"hash":"bab8704ff84da127db3cc679074518ef118b9e6f","isMergeCommit":false,"messageTitle":"Update DG to reflect NFRs","messageBody":"","fileTypesAndContributionMap":{"docs":{"insertions":6,"deletions":15}}},{"hash":"4c29e1455f43aaa030536b3b2069378e03e85a14","isMergeCommit":true,"messageTitle":"Merge pull request #59 from Cleon2/branch-add-user-story","messageBody":"modify user story\r\n\r\nlgtm. goodjob cleon","fileTypesAndContributionMap":{}},{"hash":"b831afb3e55c0dbbf10b8157bcd5edec948595db","isMergeCommit":false,"messageTitle":"Add Info to ryamgoh.md","messageBody":"","fileTypesAndContributionMap":{"docs":{"insertions":1,"deletions":1}}},{"hash":"7f19cf3d0f1b33b94569f79b7a8d05dec3b651c7","isMergeCommit":false,"messageTitle":"Update NFR","messageBody":"","fileTypesAndContributionMap":{"docs":{"insertions":4,"deletions":9}}},{"hash":"af195aa8778c7db91191f54b5a8e316a26472afe","isMergeCommit":true,"messageTitle":"Merge pull request #61 from Cleon2/branch-update-readme","messageBody":"modify readme\r\n\r\nLGTM!","fileTypesAndContributionMap":{}}]},{"date":"2023-10-07","commitResults":[{"hash":"a32d1cd1d40f9124bfaf00b48dd45ff01f94f6de","isMergeCommit":true,"messageTitle":"Merge pull request #70 from shishirbychapur/branch-create-new-date","messageBody":"Create User, Date, Age, Gender, Height, Horoscope, Income Classes","fileTypesAndContributionMap":{}}]},{"date":"2023-10-08","commitResults":[{"hash":"7b9d8d3884107892f0df2557a4ad6cb78926b920","isMergeCommit":false,"messageTitle":"change package name","messageBody":"","fileTypesAndContributionMap":{"functional-code":{"insertions":22,"deletions":22},"other":{"insertions":841,"deletions":841},"docs":{"insertions":16,"deletions":14},"test-code":{"insertions":3,"deletions":3}}},{"hash":"215949f6177e39ed17ffbbaeab985d217e6dff0b","isMergeCommit":false,"messageTitle":"Checkpoint get","messageBody":"","fileTypesAndContributionMap":{"functional-code":{"insertions":169,"deletions":169},"other":{"insertions":34,"deletions":34},"docs":{"insertions":162,"deletions":162},"test-code":{"insertions":188,"deletions":188}}},{"hash":"33e83a611fa8efff117dbeabb4d7be57a7607258","isMergeCommit":false,"messageTitle":"Update Address to Height","messageBody":"","fileTypesAndContributionMap":{"functional-code":{"insertions":119,"deletions":132},"docs":{"insertions":56,"deletions":56},"test-code":{"insertions":82,"deletions":85}}},{"hash":"2d948242d5c49ff312fabc94a6bd5fc3da3c64d5","isMergeCommit":false,"messageTitle":"Test more","messageBody":"","fileTypesAndContributionMap":{"functional-code":{"insertions":28,"deletions":28},"other":{"insertions":3,"deletions":3},"docs":{"insertions":5,"deletions":5},"test-code":{"insertions":118,"deletions":117}}}]},{"date":"2023-10-12","commitResults":[{"hash":"03047af165ad3b14b2e5d6af47760415dc551488","isMergeCommit":false,"messageTitle":"Finish refactoring","messageBody":"","fileTypesAndContributionMap":{"functional-code":{"insertions":82,"deletions":76},"test-code":{"insertions":14,"deletions":14}}}]},{"date":"2023-10-13","commitResults":[{"hash":"9dabac79ae9120f8fbfc7be98c71219ac8b167fc","isMergeCommit":false,"messageTitle":"Refactor Lovebook","messageBody":"","fileTypesAndContributionMap":{"test-code":{"insertions":66,"deletions":63}}},{"hash":"36fb03c7fdfd33db00c30aa209cd649a2a941399","isMergeCommit":true,"messageTitle":"Merge pull request #78 from ryamgoh/branch-experiment","messageBody":"Refactor AddressBook to LoveBook","fileTypesAndContributionMap":{}}]}],"shishirbychapur":[{"date":"2023-09-24","commitResults":[{"hash":"af8ca41b4cd8ee6c9f214586ddc13e187fbecf2e","isMergeCommit":true,"messageTitle":"Merge pull request #9 from AY2324S1-CS2103T-F10-2/bobscodedump-patch-1","messageBody":"Update UGDraft.md","fileTypesAndContributionMap":{}},{"hash":"2c67db4bac4f691db609304a46a8c5d4cf3c7be5","isMergeCommit":false,"messageTitle":"Add Wireframe","messageBody":"","fileTypesAndContributionMap":{"docs":{"insertions":24,"deletions":18}}}]},{"date":"2023-09-25","commitResults":[{"hash":"b88a8ecf5de28f46d84a5c4be88623013a961a33","isMergeCommit":false,"messageTitle":"Add Picture + Portfolio Page","messageBody":"","fileTypesAndContributionMap":{"docs":{"insertions":55,"deletions":32}}},{"hash":"b7f77ae156d10b66d7dab90a7d922dfb0ad4236d","isMergeCommit":false,"messageTitle":"Remove default.md","messageBody":"","fileTypesAndContributionMap":{"docs":{"insertions":1,"deletions":6}}},{"hash":"c5eaa2c150ee5f1dadb368d3cef15e86d5fdd65f","isMergeCommit":true,"messageTitle":"Merge pull request #10 from AY2324S1-CS2103T-F10-2/shishir","messageBody":"Change AboutUs","fileTypesAndContributionMap":{}}]},{"date":"2023-10-02","commitResults":[{"hash":"3f049a637fa594dbeed1a82f3b7eb04dff3fe409","isMergeCommit":false,"messageTitle":"Update shishirbychapur.md","messageBody":"","fileTypesAndContributionMap":{"docs":{"insertions":2,"deletions":0}}},{"hash":"dc8d9cba7b6d97fe64caaf491f8257b1bc8a45b5","isMergeCommit":true,"messageTitle":"Merge pull request #15 from ryamgoh/master","messageBody":"Update AboutUS.md and Team credentials","fileTypesAndContributionMap":{}},{"hash":"d5b30164685930995965c6ed27ac0694e2ec592f","isMergeCommit":true,"messageTitle":"Merge pull request #16 from AY2324S1-CS2103T-F10-2/lynnlow175-patch-2","messageBody":"Add lynn profilepic","fileTypesAndContributionMap":{}},{"hash":"b4ea0d09294a7a27af3ef5fcdd6bdca1f3e2c41a","isMergeCommit":true,"messageTitle":"Merge pull request #18 from bobscodedump/master","messageBody":"added profile to about us","fileTypesAndContributionMap":{}}]},{"date":"2023-10-05","commitResults":[{"hash":"77d33ef1a8a0ba6800296f473f27f4610c58d262","isMergeCommit":false,"messageTitle":"Fix PPP + Image for Team","messageBody":"","fileTypesAndContributionMap":{"docs":{"insertions":9,"deletions":39}}},{"hash":"1c9e7965137980123cd213d195e2981e1b01a49d","isMergeCommit":true,"messageTitle":"Merge pull request #1 from shishirbychapur/test","messageBody":"Fix PPP + Image for Team","fileTypesAndContributionMap":{}},{"hash":"98cf9c11e20772ba7b1f824ce9ab2b14f1d2b085","isMergeCommit":true,"messageTitle":"Merge pull request #48 from shishirbychapur/master","messageBody":"Fix Team PPP + Photo","fileTypesAndContributionMap":{}},{"hash":"ae394133d6645aeed9b3d3991f0358a11224e304","isMergeCommit":false,"messageTitle":"Update README.md","messageBody":"","fileTypesAndContributionMap":{"docs":{"insertions":2,"deletions":1}}},{"hash":"159c9dec085b7915d9025b3e341060065c6cca04","isMergeCommit":true,"messageTitle":"Merge pull request #49 from shishirbychapur/master","messageBody":"Update README.md","fileTypesAndContributionMap":{}},{"hash":"ac6088ac62d23e4561c6207874ef1de324a6315a","isMergeCommit":false,"messageTitle":"Add Target User Profile","messageBody":"","fileTypesAndContributionMap":{"docs":{"insertions":4,"deletions":4}}},{"hash":"e25221add5f1685a4b4055945383a522c62ce1a5","isMergeCommit":true,"messageTitle":"Merge pull request #50 from shishirbychapur/master","messageBody":"Add Target User Profile","fileTypesAndContributionMap":{}},{"hash":"0c8842f80befeb6be2688a72099413b58dfddfee","isMergeCommit":false,"messageTitle":"Update README.md","messageBody":"","fileTypesAndContributionMap":{"docs":{"insertions":2,"deletions":2}}},{"hash":"b4187051fd290cd84ea45347c82921ca2d5643d0","isMergeCommit":true,"messageTitle":"Merge pull request #53 from shishirbychapur/master","messageBody":"Update README.md","fileTypesAndContributionMap":{}},{"hash":"3b9c894fa485055429b6cde9c804d55cf6af123a","isMergeCommit":true,"messageTitle":"Merge pull request #54 from AY2324S1-CS2103T-F10-2/branch-UpdateReadMe","messageBody":"Update README.md","fileTypesAndContributionMap":{}}]},{"date":"2023-10-06","commitResults":[{"hash":"8641950869d0e4162a024df5058eaec76c56e9f9","isMergeCommit":false,"messageTitle":"Update Target User Profile","messageBody":"","fileTypesAndContributionMap":{"docs":{"insertions":2,"deletions":2}}},{"hash":"24d75babfce21dc2eb76f39b94c85360fdc9773e","isMergeCommit":true,"messageTitle":"Merge pull request #64 from shishirbychapur/branch-update-user-profile","messageBody":"Update Target User Profile","fileTypesAndContributionMap":{}}]},{"date":"2023-10-07","commitResults":[{"hash":"6606b4b15aa131dcf88afbb92b9ec75a087922b2","isMergeCommit":false,"messageTitle":"Create User, Date, Age, Gender, Height, Horoscope, Income Classes","messageBody":"","fileTypesAndContributionMap":{"functional-code":{"insertions":113,"deletions":0}}}]},{"date":"2023-10-08","commitResults":[{"hash":"8e77c9fdc3d6b9efb22af84b28b8dbe23294a562","isMergeCommit":false,"messageTitle":"Add Age/Gender, Remove Phone Number and Email","messageBody":"","fileTypesAndContributionMap":{"functional-code":{"insertions":559,"deletions":607},"other":{"insertions":59,"deletions":58},"docs":{"insertions":91,"deletions":91},"test-code":{"insertions":478,"deletions":505}}},{"hash":"b5daebe16327096b689e56c09b7acb8721148631","isMergeCommit":true,"messageTitle":"Merge pull request #72 from shishirbychapur/branch-create-new-date","messageBody":"Add Age/Gender, Remove Phone Number/Email","fileTypesAndContributionMap":{}}]},{"date":"2023-10-13","commitResults":[{"hash":"14aec75482a2bc1a93503ee9747b13351521004d","isMergeCommit":true,"messageTitle":"Merge pull request #79 from bobscodedump/fix/default-lovebook","messageBody":"Fix Bug","fileTypesAndContributionMap":{}},{"hash":"01406d590da6afe9daa519602faa929682847909","isMergeCommit":true,"messageTitle":"Merge pull request #80 from Cleon2/feature_userGuide","messageBody":"standardise format of commands in user guide","fileTypesAndContributionMap":{}},{"hash":"044eab8ae306c24e459970329c7db8377e80f58e","isMergeCommit":true,"messageTitle":"Merge pull request #85 from lynnlow175/feature/welcomeMessage","messageBody":"Add Welcome Message","fileTypesAndContributionMap":{}}]},{"date":"2023-10-16","commitResults":[{"hash":"307153cbd23a0ffe48b0cbad9931e83a3954b097","isMergeCommit":true,"messageTitle":"Merge pull request #88 from Cleon2/feature_income","messageBody":"Add Income","fileTypesAndContributionMap":{}}]}],"lynnlow175":[{"date":"2023-10-02","commitResults":[{"hash":"6312451dba33e3d9d9c6570d1a31dcc63d10ecc5","isMergeCommit":false,"messageTitle":"Update AboutUs.md","messageBody":"","fileTypesAndContributionMap":{"docs":{"insertions":4,"deletions":4}}},{"hash":"ed2011795a1a21329e2dbee298fc8dc9f7045936","isMergeCommit":false,"messageTitle":"Create lynnlow175.md","messageBody":"","fileTypesAndContributionMap":{"docs":{"insertions":37,"deletions":0}}},{"hash":"757fae03396d5044836ed1eccccdbae8be8adb95","isMergeCommit":true,"messageTitle":"Merge pull request #13 from bobscodedump/master","messageBody":"added Seng Kitt image","fileTypesAndContributionMap":{}},{"hash":"4db601f3e839fb9bc50d06d734976d1b22a75bfa","isMergeCommit":false,"messageTitle":"Update AboutUs.md","messageBody":"","fileTypesAndContributionMap":{"docs":{"insertions":1,"deletions":1}}},{"hash":"96400596f74b8b5af64bd289a64f97042e99389c","isMergeCommit":true,"messageTitle":"Merge pull request #21 from AY2324S1-CS2103T-F10-2/lynnlow175-patch-4","messageBody":"Delete docs/images/profile pic.png","fileTypesAndContributionMap":{}},{"hash":"ed7725a083fcf250f99942a2fcac78234c72029b","isMergeCommit":true,"messageTitle":"Merge pull request #19 from AY2324S1-CS2103T-F10-2/lynnlow175-patch-3","messageBody":"Update AboutUs.md","fileTypesAndContributionMap":{}},{"hash":"e7d354d9b45f734c3b81c21c406479342c5988cf","isMergeCommit":true,"messageTitle":"Merge pull request #20 from ryamgoh/master","messageBody":"Update header for Portfolio page","fileTypesAndContributionMap":{}}]},{"date":"2023-10-03","commitResults":[{"hash":"09bb7af03f601e31e70166ee32322875835ff577","isMergeCommit":false,"messageTitle":"Update AboutUs.md","messageBody":"","fileTypesAndContributionMap":{"docs":{"insertions":1,"deletions":1}}}]},{"date":"2023-10-05","commitResults":[{"hash":"a4dfca7bad80769be5c3876a1abe551f37d4ae68","isMergeCommit":false,"messageTitle":"Update DeveloperGuide.md","messageBody":"","fileTypesAndContributionMap":{"docs":{"insertions":1,"deletions":1}}},{"hash":"f66e34aac1273ad78168ad2d2a15f2dc53d5a5d6","isMergeCommit":true,"messageTitle":"Merge pull request #51 from lynnlow175/master","messageBody":"Update DeveloperGuide.md","fileTypesAndContributionMap":{}}]},{"date":"2023-10-06","commitResults":[{"hash":"831046881ecaa072a90eaf8c955462bbb01caecc","isMergeCommit":false,"messageTitle":"Update DeveloperGuide.md","messageBody":"","fileTypesAndContributionMap":{"docs":{"insertions":1,"deletions":1}}},{"hash":"484dfa7d59fc1fc5aea90c9db6390a5e0b8df704","isMergeCommit":true,"messageTitle":"Merge pull request #63 from lynnlow175/lynnlow175-UpdateDG","messageBody":"Update DeveloperGuide.md","fileTypesAndContributionMap":{}},{"hash":"18b5500de0cc96ae4e85864508cab257a709f994","isMergeCommit":false,"messageTitle":"Update lynnlow175.md","messageBody":"","fileTypesAndContributionMap":{"docs":{"insertions":3,"deletions":3}}},{"hash":"8b0440b684cfdbc8b83cbae75498c2d25444e771","isMergeCommit":true,"messageTitle":"Merge pull request #65 from lynnlow175/lynnlow175-UpdatePPP","messageBody":"Update lynnlow175.md","fileTypesAndContributionMap":{}}]},{"date":"2023-10-13","commitResults":[{"hash":"8752bb4f8a9bf33417a8165c26d3d0afa16dac39","isMergeCommit":false,"messageTitle":"welcomeMessage","messageBody":"","fileTypesAndContributionMap":{"functional-code":{"insertions":28,"deletions":0}}},{"hash":"fd24b4cacf433876ab33ef318a6ff848b5a907f2","isMergeCommit":false,"messageTitle":"refineMessage","messageBody":"","fileTypesAndContributionMap":{"functional-code":{"insertions":3,"deletions":3}}},{"hash":"18c159ec482ccd693696d142529ef8cfae4fbe61","isMergeCommit":false,"messageTitle":"updateMessage","messageBody":"","fileTypesAndContributionMap":{"functional-code":{"insertions":2,"deletions":3}}},{"hash":"a01d329d19babf392fc23066413ba9021fcfbf0b","isMergeCommit":false,"messageTitle":"fixCheckstyles","messageBody":"","fileTypesAndContributionMap":{"functional-code":{"insertions":2,"deletions":4}}},{"hash":"2d526d4571b33d4245eac3df1a05081908c8fb91","isMergeCommit":false,"messageTitle":"fixCheckstyles","messageBody":"","fileTypesAndContributionMap":{"test-code":{"insertions":5,"deletions":0}}},{"hash":"6dec987d8cbe43274e4b167f76da8eb821dce958","isMergeCommit":false,"messageTitle":"AddedTestCases","messageBody":"","fileTypesAndContributionMap":{"functional-code":{"insertions":4,"deletions":2},"test-code":{"insertions":14,"deletions":0}}}]}],"bobscodedump":[{"date":"2023-09-24","commitResults":[{"hash":"4cdbecd201df1e8710daafd652d819cc5f84d18b","isMergeCommit":false,"messageTitle":"Update UGDraft.md","messageBody":"","fileTypesAndContributionMap":{"docs":{"insertions":34,"deletions":22}}}]},{"date":"2023-10-02","commitResults":[{"hash":"3f939643a893d041e2512a75cc9905ba0323bfd6","isMergeCommit":false,"messageTitle":"changed file location and added readme","messageBody":"","fileTypesAndContributionMap":{"docs":{"insertions":37,"deletions":0}}},{"hash":"19dac507a73cc587b5309b3b614ba2e440562088","isMergeCommit":false,"messageTitle":"changed title of readme","messageBody":"","fileTypesAndContributionMap":{"docs":{"insertions":1,"deletions":1}}},{"hash":"4f66ec952bb958a2eb013ead0b02c7a65f3c5121","isMergeCommit":false,"messageTitle":"added newline to EOF of readme","messageBody":"","fileTypesAndContributionMap":{"docs":{"insertions":1,"deletions":1}}},{"hash":"4b4c9adb6c9a0fb5aa8f34b97fe0af7261803774","isMergeCommit":true,"messageTitle":"Merge pull request #14 from AY2324S1-CS2103T-F10-2/lynnlow175-patch-1","messageBody":"Update AboutUs.md","fileTypesAndContributionMap":{}},{"hash":"99cae4a5f49ad43b3e05f72889ef05d0025bba39","isMergeCommit":true,"messageTitle":"Merge pull request #17 from AY2324S1-CS2103T-F10-2/lynnlow175-patch-2","messageBody":"Create lynnlow175.md","fileTypesAndContributionMap":{}},{"hash":"840d60bb28d11417c2a981d81b948a13e8ab1c20","isMergeCommit":false,"messageTitle":"added profile to about us","messageBody":"","fileTypesAndContributionMap":{"docs":{"insertions":10,"deletions":0}}}]},{"date":"2023-10-06","commitResults":[{"hash":"394fee85db0be4b12874b3f60e33484668e37127","isMergeCommit":false,"messageTitle":"updated DG with use cases","messageBody":"","fileTypesAndContributionMap":{"docs":{"insertions":101,"deletions":14}}},{"hash":"c0d90cc1c07ca61aa4ca952174bafe89ddf9325c","isMergeCommit":true,"messageTitle":"Merge pull request #66 from bobscodedump/master","messageBody":"updated DG with use cases","fileTypesAndContributionMap":{}}]},{"date":"2023-10-13","commitResults":[{"hash":"da3f54b2b80688d5f9aebbbda41bf26bc829f033","isMergeCommit":false,"messageTitle":"fixed default lovebook","messageBody":"","fileTypesAndContributionMap":{"functional-code":{"insertions":1,"deletions":24}}}]}]},"authorFileTypeContributionMap":{"Cleon2":{"docs":130,"functional-code":185,"test-code":140},"ryamgoh":{"docs":327,"functional-code":637,"test-code":727,"other":2},"shishirbychapur":{"docs":138,"functional-code":515,"test-code":394},"lynnlow175":{"docs":40,"functional-code":27,"test-code":17},"bobscodedump":{"docs":117,"functional-code":1,"test-code":0}},"authorContributionVariance":{"Cleon2":8715.163,"ryamgoh":523597.9,"shishirbychapur":228561.22,"lynnlow175":260.61435,"bobscodedump":685.86584},"authorDisplayNameMap":{"Cleon2":"CS2103T-F10-2 CLEO..XUAN","ryamgoh":"CS2103T-F10-2 GOH ..YANN","shishirbychapur":"CS2103T-F10-2 SHIS..NKAR","lynnlow175":"CS2103T-F10-2 LOW ..LYNN","bobscodedump":"CS2103T-F10-2 LEE ..KITT"}}
