{"authorDailyContributionsMap":{"sk2001git":[{"date":"2023-09-25","commitResults":[{"hash":"c3540b912c6094942ddc622b79925bff1f2c1046","isMergeCommit":false,"messageTitle":"Add Remark Tutorial","messageBody":"","fileTypesAndContributionMap":{"functional-code":{"insertions":208,"deletions":10},"test-code":{"insertions":178,"deletions":2}}}]},{"date":"2023-09-30","commitResults":[{"hash":"d1ab4103023214abbd468e58ec0ff93979405c9f","isMergeCommit":false,"messageTitle":"Update AboutUs page","messageBody":"","fileTypesAndContributionMap":{"docs":{"insertions":31,"deletions":21}}},{"hash":"1aa3b92032ff837c284719649ceeeb16d832e24d","isMergeCommit":true,"messageTitle":"Merge pull request #14 from sk2001git/master","messageBody":"Update AboutUs page","fileTypesAndContributionMap":{}},{"hash":"4011a87f3e0d90b5221e5392cc4506bfa32557f8","isMergeCommit":false,"messageTitle":"Update AboutUs.md","messageBody":"Delete About Us Small components","fileTypesAndContributionMap":{"docs":{"insertions":0,"deletions":1}}},{"hash":"13aade6d3ff1653cda0066536c584c58b59e23a5","isMergeCommit":true,"messageTitle":"Merge pull request #15 from ScarletBlanks/master","messageBody":"Updated README","fileTypesAndContributionMap":{}}]},{"date":"2023-10-03","commitResults":[{"hash":"1615f9e5466c556a990a951372e4607887d21b1b","isMergeCommit":false,"messageTitle":"Updated UG for remark which is adding optional comments","messageBody":"","fileTypesAndContributionMap":{"docs":{"insertions":15,"deletions":0}}},{"hash":"869f2c92c7d333a39f88d2c4148a86f3a9d4c72f","isMergeCommit":false,"messageTitle":"Created PPP","messageBody":"Created own PPP\n","fileTypesAndContributionMap":{"docs":{"insertions":55,"deletions":0}}},{"hash":"dd7c2fb80c801db53eddbb6b98f8942bbf956242","isMergeCommit":true,"messageTitle":"Merge pull request #19 from sk2001git/master","messageBody":"Updated UG for remark which is adding optional comments","fileTypesAndContributionMap":{}},{"hash":"d809a73488eecee65b052e368fefdd644215fb8a","isMergeCommit":false,"messageTitle":"Update reposense","messageBody":"","fileTypesAndContributionMap":{"docs":{"insertions":1,"deletions":1}}},{"hash":"30711c4743383d8b18a6eafcba57e887ca35e0c2","isMergeCommit":true,"messageTitle":"Merge branch \u0027master\u0027 of https://github.com/sk2001git/tp","messageBody":"","fileTypesAndContributionMap":{}}]},{"date":"2023-10-04","commitResults":[{"hash":"928462f86c823899b9a7ae4d6a529d17f9f3f9ee","isMergeCommit":false,"messageTitle":"Update Developer Guide","messageBody":"Updated developer guide as part of v1.1\n","fileTypesAndContributionMap":{"docs":{"insertions":76,"deletions":15}}},{"hash":"f44778dfc46adc40828533792c79c93e7b964e06","isMergeCommit":true,"messageTitle":"Merge branch \u0027master\u0027 of https://github.com/AY2324S1-CS2103T-W09-4/tp","messageBody":"","fileTypesAndContributionMap":{}},{"hash":"4f03de6c666b99b6fcd45682cb488e65bc9cb0fc","isMergeCommit":true,"messageTitle":"Merge pull request #22 from sk2001git/master","messageBody":"Update PPP","fileTypesAndContributionMap":{}},{"hash":"19d4c8b6d34c3e2b830a340248374e1f51e51856","isMergeCommit":false,"messageTitle":"Update PPP","messageBody":"Updated individual PPP\n","fileTypesAndContributionMap":{"docs":{"insertions":3,"deletions":0}}}]},{"date":"2023-10-05","commitResults":[{"hash":"eb31c298cfcb52eb06f0ab71345070dab348f1b5","isMergeCommit":true,"messageTitle":"Merge pull request #29 from sk2001git/branch-minorEditForUGDG","messageBody":"Update PPP","fileTypesAndContributionMap":{}}]},{"date":"2023-10-13","commitResults":[{"hash":"e19d7fe73b33c2565ff377483f6edf75ab65a0a3","isMergeCommit":true,"messageTitle":"Resolve merge conflict with remark","messageBody":"Merge conflict with status resolved\n","fileTypesAndContributionMap":{}},{"hash":"b0d346891cd52df6d267c011229b8134a4ffcda5","isMergeCommit":false,"messageTitle":"Update Person","messageBody":"","fileTypesAndContributionMap":{"functional-code":{"insertions":1,"deletions":1}}},{"hash":"ac6cf62662a432e8ca248c3638debbad20a57a45","isMergeCommit":false,"messageTitle":"bug fixing","messageBody":"seems that implementing status.equals(otherPerson.status) causes errors\n","fileTypesAndContributionMap":{"functional-code":{"insertions":2,"deletions":3}}},{"hash":"c99a9ecf6c2551539edf247c303e1e946e3582e0","isMergeCommit":true,"messageTitle":"Merge pull request #47 from sk2001git/tutorial-adding-command","messageBody":"Added remark comments","fileTypesAndContributionMap":{}}]},{"date":"2023-10-15","commitResults":[{"hash":"6b908de75c0cdb3099dcf9b3700decc57124012b","isMergeCommit":false,"messageTitle":"Add view command","messageBody":"Added new panel as well as view command to allow full view of remark\n","fileTypesAndContributionMap":{"functional-code":{"insertions":316,"deletions":10},"test-code":{"insertions":29,"deletions":10}}}]},{"date":"2023-10-16","commitResults":[{"hash":"fe6a46d9cee959a64103d4c4e277f527e54a915a","isMergeCommit":false,"messageTitle":"Checkstyle fix","messageBody":"Fix checkstyle for CI\n","fileTypesAndContributionMap":{"functional-code":{"insertions":27,"deletions":20},"test-code":{"insertions":5,"deletions":5}}},{"hash":"3510faa5432a158da28e75622a3ec79e1ccc84e5","isMergeCommit":false,"messageTitle":"Create Test for View Command","messageBody":"View Command and View Command Parser Test\n","fileTypesAndContributionMap":{"functional-code":{"insertions":5,"deletions":9},"test-code":{"insertions":133,"deletions":0}}},{"hash":"b1cea57dc759a7944c3af799282302cc9cf4685e","isMergeCommit":true,"messageTitle":"Merge pull request #56 from sk2001git/UI_enhancements","messageBody":"Add view command","fileTypesAndContributionMap":{}}]},{"date":"2023-10-17","commitResults":[{"hash":"ca362bf82ed1780224928716b66ac90e1113ef9f","isMergeCommit":false,"messageTitle":"Upgrade UI to better reflect visibility","messageBody":"","fileTypesAndContributionMap":{"functional-code":{"insertions":197,"deletions":13}}},{"hash":"e0d51cd85e7ee281992f999e0155c3eb27f027dc","isMergeCommit":false,"messageTitle":"checkStyle fix","messageBody":"","fileTypesAndContributionMap":{"functional-code":{"insertions":1,"deletions":1}}},{"hash":"2a690e773c9017602d7e4c23d732adf96e0c6ef4","isMergeCommit":true,"messageTitle":"Update pull","messageBody":"fetch upstream\n","fileTypesAndContributionMap":{}}]},{"date":"2023-10-18","commitResults":[{"hash":"89cbdd4e9a19689e00cc25cdd478f9168739c480","isMergeCommit":true,"messageTitle":"Merge branch \u0027branch-furtherUIEnhancement\u0027","messageBody":"","fileTypesAndContributionMap":{}},{"hash":"37b21fba09d9d6f8c9d10d297e372990a543d7f5","isMergeCommit":true,"messageTitle":"Merge pull request #59 from sk2001git/branch-furtherUIEnhancement","messageBody":"Upgrade UI to better reflect visibility","fileTypesAndContributionMap":{}},{"hash":"9b89a6f066ece0f5ea4b9877fe5e22dda9c9a158","isMergeCommit":false,"messageTitle":"Fix remark storage issues and standardised gui","messageBody":"Added remark to json person and imrpove on gui slightly\n","fileTypesAndContributionMap":{"functional-code":{"insertions":63,"deletions":62},"test-code":{"insertions":14,"deletions":10}}},{"hash":"76ddfea667c06aa326828e79f60f59e95011321b","isMergeCommit":true,"messageTitle":"Merge branch \u0027master\u0027 of https://github.com/AY2324S1-CS2103T-W09-4/tp","messageBody":"","fileTypesAndContributionMap":{}}]},{"date":"2023-10-19","commitResults":[{"hash":"0c52f68a7d7726ae86b6c59956bc880623ef4467","isMergeCommit":false,"messageTitle":"Update User Guide","messageBody":"User guide updated\n","fileTypesAndContributionMap":{"docs":{"insertions":16,"deletions":0}}},{"hash":"de0e6ed31ec408195b3558f97d90887bc2277d33","isMergeCommit":false,"messageTitle":"Update user guide","messageBody":"User guide updated\n","fileTypesAndContributionMap":{"functional-code":{"insertions":28,"deletions":10}}},{"hash":"207a1b34c7f8a7f9b2d90ec979aff81e90b3f478","isMergeCommit":false,"messageTitle":"Checkstyle fix","messageBody":"for ci\n","fileTypesAndContributionMap":{"functional-code":{"insertions":1,"deletions":13}}},{"hash":"6161b2534a5165ed25214b4e77e7b4bd96bd727e","isMergeCommit":true,"messageTitle":"Merge conflict","messageBody":"Model manager\n","fileTypesAndContributionMap":{}},{"hash":"62bfece89728dc9a89e429b42daa85a01e97a8f8","isMergeCommit":true,"messageTitle":"Merge branch \u0027master\u0027 of https://github.com/AY2324S1-CS2103T-W09-4/tp","messageBody":"","fileTypesAndContributionMap":{}},{"hash":"aeead3ac2bc86f4e5e5ea7a27307b95042934628","isMergeCommit":false,"messageTitle":"Fixed test","messageBody":"Changed json files for duplicate, typical to fix remarks empty field\n","fileTypesAndContributionMap":{"functional-code":{"insertions":0,"deletions":1}}},{"hash":"357540584251c2f7981b449b6040b1ba151ded3b","isMergeCommit":true,"messageTitle":"Merge pull request #63 from sk2001git/branch-remarkandgui","messageBody":"Fix CSS parsing errors, remarks and gui ","fileTypesAndContributionMap":{}},{"hash":"7680ca92282efb61661ac7e51527f8f6c1dee99d","isMergeCommit":true,"messageTitle":"Merge branch \u0027master\u0027 of https://github.com/AY2324S1-CS2103T-W09-4/tp","messageBody":"","fileTypesAndContributionMap":{}},{"hash":"cc4e8b3c13d14e07dfa9f9cfc1cfc019a8d8174c","isMergeCommit":false,"messageTitle":"add responsive view when adding, editing, setting","messageBody":"add,edit,set, addL, addG all has this change\n","fileTypesAndContributionMap":{"functional-code":{"insertions":15,"deletions":5},"test-code":{"insertions":32,"deletions":7}}},{"hash":"c4b468feed11d7af71bcff8438af079f9d8f3872","isMergeCommit":true,"messageTitle":"Merge pull request #65 from sk2001git/branch-activeUpdateView","messageBody":"Branch active update view","fileTypesAndContributionMap":{}}]},{"date":"2023-10-22","commitResults":[{"hash":"f74b7ab632319386d74bedc9f7a10582a82e5ca3","isMergeCommit":false,"messageTitle":"Enhance remark","messageBody":"Enhanced remark to enable the ability to keep current remarks\n","fileTypesAndContributionMap":{"functional-code":{"insertions":176,"deletions":3}}},{"hash":"f720072ab0e60c1f7c466cca3cf2e4981d7bfd72","isMergeCommit":false,"messageTitle":"Amend checkstyle changes \u0026 Remove score","messageBody":"Score accidentally pushed, so its removed, passed Checkstyle\n","fileTypesAndContributionMap":{"functional-code":{"insertions":18,"deletions":97}}},{"hash":"f06f5e326e68fca1750931bf15eb8853cf104d91","isMergeCommit":false,"messageTitle":"Adapt failing test case","messageBody":"Fix test cases failing\n","fileTypesAndContributionMap":{"test-code":{"insertions":2,"deletions":2}}}]},{"date":"2023-10-23","commitResults":[{"hash":"a893339105d5944b55cba8b93700b2505fdcb335","isMergeCommit":false,"messageTitle":"Test for revised remarks","messageBody":"Included test for greater test coverage\n","fileTypesAndContributionMap":{"functional-code":{"insertions":2,"deletions":2},"test-code":{"insertions":37,"deletions":0}}},{"hash":"f0e055c809aac80acab0d6780d5e4b0dab97cda4","isMergeCommit":false,"messageTitle":"add score characteristic","messageBody":"added score and allow for edits through edit command else is 0\n","fileTypesAndContributionMap":{"functional-code":{"insertions":144,"deletions":9},"test-code":{"insertions":3,"deletions":2}}},{"hash":"7b928425bb3babaaba3c5330c9e236b7ede4b5bb","isMergeCommit":true,"messageTitle":"Merge pull request #70 from sk2001git/branch-enhance-remark","messageBody":"Branch enhance remark","fileTypesAndContributionMap":{}}]},{"date":"2023-10-24","commitResults":[{"hash":"c09f11aae5f51df53e13bb81b152df1aa06db76d","isMergeCommit":false,"messageTitle":"Fix checkstyle","messageBody":"Checkstyle fix\n","fileTypesAndContributionMap":{"functional-code":{"insertions":1,"deletions":2}}}]},{"date":"2023-10-25","commitResults":[{"hash":"cd7f607b7d6c5a3ea642b9cbca6a8c234a1cfd85","isMergeCommit":false,"messageTitle":"Update Dev and User Guides","messageBody":"Add view to Dev Guide and update pic for User Guide\n","fileTypesAndContributionMap":{"functional-code":{"insertions":0,"deletions":1},"docs":{"insertions":173,"deletions":2}}},{"hash":"163f27a7e8ca8d21c31c848258fc1c610c21ac10","isMergeCommit":true,"messageTitle":"merge conflict","messageBody":"merge Person\n","fileTypesAndContributionMap":{}},{"hash":"9d7d2966ad935c06c71ab3e3f43b9de455292f22","isMergeCommit":false,"messageTitle":"Resolve merge conflict and failing test","messageBody":"Checkstyle and merge conflict\n","fileTypesAndContributionMap":{"functional-code":{"insertions":2,"deletions":4}}}]},{"date":"2023-10-26","commitResults":[{"hash":"870b2ed8a0fd79ee7207a8eef50b54ee4f4de2dc","isMergeCommit":true,"messageTitle":"Merge branch \u0027master\u0027 of https://github.com/AY2324S1-CS2103T-W09-4/tp into add-score-feature","messageBody":"","fileTypesAndContributionMap":{}},{"hash":"7f70f79964070d283e6ab6b144e05b8f39cd1d34","isMergeCommit":false,"messageTitle":"Add test to score","messageBody":"Edited person test and edit command to match test coverage\n","fileTypesAndContributionMap":{"functional-code":{"insertions":1,"deletions":1},"test-code":{"insertions":77,"deletions":4}}},{"hash":"cc92393d8e80447b80732e90450c6adab2133137","isMergeCommit":false,"messageTitle":"Checkstyle fix","messageBody":"Fixed checkstyle java docs flag\n","fileTypesAndContributionMap":{"test-code":{"insertions":7,"deletions":0}}},{"hash":"4be62a70f9f1824054268dca290d81e526dce0f6","isMergeCommit":true,"messageTitle":"Merge pull request #74 from sk2001git/add-score-feature","messageBody":"add score characteristic","fileTypesAndContributionMap":{}},{"hash":"524e912f62306d1191079e748fbe706ffc0b1140","isMergeCommit":true,"messageTitle":"Merge branch \u0027master\u0027 of https://github.com/AY2324S1-CS2103T-W09-4/tp into branch-dev-docs","messageBody":"","fileTypesAndContributionMap":{}},{"hash":"f2251b3d374041e9bd1e66bb23d5ef4ff3ecbce4","isMergeCommit":false,"messageTitle":"Increments to DG and UG","messageBody":"Further updates to DG and UG\n","fileTypesAndContributionMap":{"docs":{"insertions":18,"deletions":4}}},{"hash":"419969ab5eb87a9ac417e197a9cdf815c315c2f0","isMergeCommit":false,"messageTitle":"Further updates to DG and UG","messageBody":"","fileTypesAndContributionMap":{"docs":{"insertions":19,"deletions":0}}},{"hash":"fba89b47f11dd104d81001ed01ca9ba4d5e0f883","isMergeCommit":true,"messageTitle":"Merge pull request #78 from sk2001git/branch-dev-docs","messageBody":"Update DG and UG","fileTypesAndContributionMap":{}}]},{"date":"2023-10-27","commitResults":[{"hash":"4c7d0386d1492dfa3111c8507e983bede0d7f8f8","isMergeCommit":false,"messageTitle":"Merging","messageBody":"Update according to upstream\n","fileTypesAndContributionMap":{"functional-code":{"insertions":87,"deletions":1}}},{"hash":"e8bfbf88710266354fa4f2eaf0332949e0512239","isMergeCommit":true,"messageTitle":"Merge branch \u0027master\u0027 of https://github.com/AY2324S1-CS2103T-W09-4/tp into branch-enhance-score","messageBody":"","fileTypesAndContributionMap":{}},{"hash":"2cff6ef6dc724ef2507bf4cce012039590d1b85b","isMergeCommit":false,"messageTitle":"Summary stats done","messageBody":"Summary stats implemented for addressbook\n","fileTypesAndContributionMap":{"functional-code":{"insertions":241,"deletions":12}}}]},{"date":"2023-10-28","commitResults":[{"hash":"d5b4f0a550f47a898f32c08fe2d6be6ea4912561","isMergeCommit":false,"messageTitle":"Working summary stats","messageBody":"completed\n","fileTypesAndContributionMap":{"functional-code":{"insertions":496,"deletions":54},"test-code":{"insertions":28,"deletions":26}}},{"hash":"5bca5185997a8fe631400a6616b336a734f6f615","isMergeCommit":true,"messageTitle":"Merge pull request #97 from sk2001git/branch-enhance-score","messageBody":"Branch enhance score","fileTypesAndContributionMap":{}},{"hash":"df282af9b5d9cb7ec84e778b2aab1508a317839f","isMergeCommit":false,"messageTitle":"Update for 2101","messageBody":"","fileTypesAndContributionMap":{"functional-code":{"insertions":24,"deletions":14}}}]},{"date":"2023-10-29","commitResults":[{"hash":"90079565b428b9b34beb29b49336391fe287020c","isMergeCommit":true,"messageTitle":"Merge pull request #98 from sk2001git/branch-enhance-score","messageBody":"Update for 2101","fileTypesAndContributionMap":{}},{"hash":"b8724418a43c3648cd69dd769fc33a9fe3272f1a","isMergeCommit":false,"messageTitle":"Stash commit","messageBody":"Stash commit\n","fileTypesAndContributionMap":{"functional-code":{"insertions":2,"deletions":0}}},{"hash":"99a03752c75283aa8d0900e44c39cc344a5f024f","isMergeCommit":true,"messageTitle":"Merge branch \u0027cs2101-untested-code-slides\u0027 of https://github.com/AY2324S1-CS2103T-W09-4/tp into cs2101-trial-branch","messageBody":"","fileTypesAndContributionMap":{}},{"hash":"0fe1783ce96382f92a0c45fe6d631deb2dc4b7aa","isMergeCommit":false,"messageTitle":"ui updates","messageBody":"","fileTypesAndContributionMap":{"functional-code":{"insertions":2,"deletions":15}}}]},{"date":"2023-11-01","commitResults":[{"hash":"eed198174ba0f64d0661a490989b2456d63346b8","isMergeCommit":false,"messageTitle":"Additions","messageBody":"","fileTypesAndContributionMap":{"functional-code":{"insertions":16,"deletions":6}}},{"hash":"7778019ec4e424bbe5becdcd00a8811aa3017b70","isMergeCommit":false,"messageTitle":"Clean up checkstyle","messageBody":"","fileTypesAndContributionMap":{"functional-code":{"insertions":31,"deletions":79},"test-code":{"insertions":21,"deletions":19}}},{"hash":"47532e22691a64a07ec3d1bff34ae38eb8668318","isMergeCommit":false,"messageTitle":"Clean up checkstyle","messageBody":"","fileTypesAndContributionMap":{"functional-code":{"insertions":1,"deletions":1}}},{"hash":"85a793c6c71e94a30ee27c4bff2cf8ea935861b2","isMergeCommit":true,"messageTitle":"Merge pull request #104 from sk2001git/branch-enhance-score","messageBody":"Branch enhance score","fileTypesAndContributionMap":{}}]}],"ScarletBlanks":[{"date":"2023-09-30","commitResults":[{"hash":"2c1db0bfdf0d70389c85f16add861e10ca56f636","isMergeCommit":false,"messageTitle":"Updated README","messageBody":"","fileTypesAndContributionMap":{"docs":{"insertions":52,"deletions":14}}}]},{"date":"2023-10-03","commitResults":[{"hash":"df0bda0aa1096b29a757ae03af155eb4d5e9c1ca","isMergeCommit":false,"messageTitle":"Added a skeleton portfolio page","messageBody":"","fileTypesAndContributionMap":{"docs":{"insertions":17,"deletions":0}}},{"hash":"b3cec5757a16ab5d5f38bb5cc9e431c37beef89d","isMergeCommit":false,"messageTitle":"Added scarletblank\u0027s own portfolio page","messageBody":"","fileTypesAndContributionMap":{"docs":{"insertions":5,"deletions":4}}},{"hash":"e88f7e09e72d323089af59aeef8376be269192b2","isMergeCommit":false,"messageTitle":"Added skeleton portfolio for myself","messageBody":"","fileTypesAndContributionMap":{"docs":{"insertions":0,"deletions":1}}},{"hash":"8f60575a66005b7a0e7385d31b98a94d45c9bfcb","isMergeCommit":false,"messageTitle":"RepoSense link updated","messageBody":"","fileTypesAndContributionMap":{"docs":{"insertions":1,"deletions":1}}}]},{"date":"2023-10-05","commitResults":[{"hash":"6cc737987f3325fcb40d74d8aaa6b75f96b4e7ca","isMergeCommit":false,"messageTitle":"moved \"JABPro aims to solve...\" to a new line below ## Overview?","messageBody":"","fileTypesAndContributionMap":{"docs":{"insertions":2,"deletions":1}}},{"hash":"cb75a8d91c63810fc8b1fff5f94409075eccf570","isMergeCommit":true,"messageTitle":"Merge pull request #21 from ScarletBlanks/master","messageBody":"Added a skeleton portfolio page - scarletblanks","fileTypesAndContributionMap":{}},{"hash":"0dd34a8a4b0471976180fd3e61ecf34cba4a7014","isMergeCommit":false,"messageTitle":"Added \u0027set\u0027 feature to UserGuide","messageBody":"","fileTypesAndContributionMap":{"docs":{"insertions":20,"deletions":0}}},{"hash":"9172d1fc4f5e8a7f78d315adbe5510a1d6687caf","isMergeCommit":false,"messageTitle":"DG updated for \u0027delete\u0027 and \u0027set\u0027 feature","messageBody":"","fileTypesAndContributionMap":{"docs":{"insertions":42,"deletions":3}}},{"hash":"21346724d14b9d71a5a9acddc6a9a2e3d050e417","isMergeCommit":true,"messageTitle":"Merge branch \u0027master\u0027 into branch-UG","messageBody":"","fileTypesAndContributionMap":{}},{"hash":"8bb7a96d898f8a88bd0c6837b3d883759cdf47dd","isMergeCommit":false,"messageTitle":"Update UserGuide.md","messageBody":"","fileTypesAndContributionMap":{"docs":{"insertions":1,"deletions":1}}},{"hash":"fb096bfe3419cb92727e1debb38d6630eebc6458","isMergeCommit":true,"messageTitle":"Merge pull request #31 from ScarletBlanks/branch-UG","messageBody":"User Guide - \u0027set\u0027 feature description and usage added.","fileTypesAndContributionMap":{}},{"hash":"0978dae9f5df4de3de9b16b824208961c59d3458","isMergeCommit":false,"messageTitle":"Update DeveloperGuide.md","messageBody":"","fileTypesAndContributionMap":{"docs":{"insertions":1,"deletions":1}}},{"hash":"f60e527cdfd166e74b622fb55ef35ea17bb20da7","isMergeCommit":true,"messageTitle":"Merge pull request #34 from ScarletBlanks/branch-DG","messageBody":"DG updated for \u0027delete\u0027 and \u0027set\u0027 feature","fileTypesAndContributionMap":{}}]},{"date":"2023-10-12","commitResults":[{"hash":"d8b45cd82bddcbab67b5eaafbf0fabac11ddfcfd","isMergeCommit":false,"messageTitle":"Set Command implementation","messageBody":"","fileTypesAndContributionMap":{"functional-code":{"insertions":123,"deletions":0}}},{"hash":"3ac651ba06a953d734d5ba095d42065ec996bd9b","isMergeCommit":false,"messageTitle":"Implementation of Set Command (Skeleton)","messageBody":"","fileTypesAndContributionMap":{"functional-code":{"insertions":2,"deletions":2}}},{"hash":"3b51237bac16d721152c21062a78c9c83c7d6ced","isMergeCommit":false,"messageTitle":"Coding Style changes","messageBody":"","fileTypesAndContributionMap":{"functional-code":{"insertions":13,"deletions":29}}},{"hash":"a0ac81ad2f6f550345e59b37b6618598610b8a24","isMergeCommit":false,"messageTitle":"Coding style checks","messageBody":"","fileTypesAndContributionMap":{"functional-code":{"insertions":14,"deletions":4}}},{"hash":"26bb3cdd6e99639152e9431b00d606e6f4da51ae","isMergeCommit":false,"messageTitle":"Coding style checks","messageBody":"","fileTypesAndContributionMap":{"functional-code":{"insertions":2,"deletions":2}}},{"hash":"46b041f0e431728aa9dfd341c340844bf48c50d5","isMergeCommit":false,"messageTitle":"Updated PersonTest to accomodate for set command","messageBody":"","fileTypesAndContributionMap":{"test-code":{"insertions":2,"deletions":1}}},{"hash":"e93dd5856647b81b4e0f6b4a4b825e0d3c8118b2","isMergeCommit":false,"messageTitle":"Comment out unused code","messageBody":"","fileTypesAndContributionMap":{"functional-code":{"insertions":4,"deletions":4}}},{"hash":"169773b484039432b8e8c5860d6b5172fb80b03e","isMergeCommit":false,"messageTitle":"Coding standard update","messageBody":"","fileTypesAndContributionMap":{"functional-code":{"insertions":1,"deletions":1}}}]},{"date":"2023-10-13","commitResults":[{"hash":"5d523b87788df38fe6f798da4872ccb37d933bc9","isMergeCommit":false,"messageTitle":"skeleton tests","messageBody":"","fileTypesAndContributionMap":{"test-code":{"insertions":2,"deletions":0}}},{"hash":"0570137ce0f2102dedc44a6338294d9acc62f581","isMergeCommit":false,"messageTitle":"coding standard updates,","messageBody":"","fileTypesAndContributionMap":{"functional-code":{"insertions":7,"deletions":15},"test-code":{"insertions":16,"deletions":1}}},{"hash":"16ce87e4e343c7bd3446daab91844ebd169d96c1","isMergeCommit":false,"messageTitle":"whitespaceAfter","messageBody":"","fileTypesAndContributionMap":{"test-code":{"insertions":1,"deletions":1}}},{"hash":"0b2b235f72444f49c3facf0dfad31acd6e8aecba","isMergeCommit":false,"messageTitle":"ERROR:../src/test/java/seedu/address/logic/commands/SetCommandTest.java:1: trailing whitespace.","messageBody":"","fileTypesAndContributionMap":{"test-code":{"insertions":1,"deletions":1}}},{"hash":"a015ec6978f65de5b306305e38e7ab1769a9a206","isMergeCommit":false,"messageTitle":"added tests","messageBody":"","fileTypesAndContributionMap":{"test-code":{"insertions":6,"deletions":6}}},{"hash":"d6bdfef7c6ab3be4a58f50a96de943f6d48cc9fe","isMergeCommit":false,"messageTitle":"checkstyleTests","messageBody":"","fileTypesAndContributionMap":{"test-code":{"insertions":2,"deletions":1}}},{"hash":"6be54c19db76e484ab04408d98c5ad85d3e58ace","isMergeCommit":false,"messageTitle":"updated setCommand Test","messageBody":"","fileTypesAndContributionMap":{"test-code":{"insertions":1,"deletions":1}}},{"hash":"2fc3e327ddb228b8b4425a287a0281e1bea6b120","isMergeCommit":true,"messageTitle":"Merge pull request #44 from ScarletBlanks/branch-SetCommand","messageBody":"Set Command implementation","fileTypesAndContributionMap":{}}]},{"date":"2023-10-19","commitResults":[{"hash":"fa8091debbe3e3e129cc8d993d13c973373a67d0","isMergeCommit":false,"messageTitle":"Full Implementation of SetCommand","messageBody":"","fileTypesAndContributionMap":{"functional-code":{"insertions":97,"deletions":18}}},{"hash":"48d7a2b915b2243af8b3859ae2c5cce6be36f0de","isMergeCommit":false,"messageTitle":"Update to fix Gradle check errors","messageBody":"","fileTypesAndContributionMap":{"functional-code":{"insertions":23,"deletions":13}}},{"hash":"770cbd386c9a1c3a76fa0a61e063f40fdd5b370c","isMergeCommit":false,"messageTitle":"Attempt to fix gradle errors","messageBody":"","fileTypesAndContributionMap":{"functional-code":{"insertions":9,"deletions":9}}},{"hash":"00b1ac1382a0219cd044fdf9c82fd0a7f73dc92b","isMergeCommit":false,"messageTitle":"Attempt to fix Gradle build check","messageBody":"","fileTypesAndContributionMap":{"functional-code":{"insertions":2,"deletions":1}}},{"hash":"2209280fe429d8b65b73e37242801dce2247db06","isMergeCommit":false,"messageTitle":"Gradle Build Check fix","messageBody":"","fileTypesAndContributionMap":{"functional-code":{"insertions":2,"deletions":2}}},{"hash":"bbb0f255b45b62ca1e1cb7648fdb9723d4a7060f","isMergeCommit":false,"messageTitle":"gradle check fix","messageBody":"","fileTypesAndContributionMap":{"functional-code":{"insertions":7,"deletions":1}}},{"hash":"4e823e7a2c53a6542db46d7a88ec6dc1930cd4b4","isMergeCommit":false,"messageTitle":"Added tests to pass Codecov Tests","messageBody":"","fileTypesAndContributionMap":{"functional-code":{"insertions":4,"deletions":0},"test-code":{"insertions":19,"deletions":0}}},{"hash":"af33b333f70285698ae4979fa81dac9554d636fb","isMergeCommit":false,"messageTitle":"To pass gradle check tests","messageBody":"","fileTypesAndContributionMap":{"functional-code":{"insertions":1,"deletions":1}}},{"hash":"6777e60777dbd28c020454998f7840aa5581a816","isMergeCommit":false,"messageTitle":"To pass gradle build tests","messageBody":"","fileTypesAndContributionMap":{"test-code":{"insertions":1,"deletions":0}}},{"hash":"9e61064b0d5f055b7f811f21e87fbc1f724e82ab","isMergeCommit":false,"messageTitle":"Some more tests for codecov","messageBody":"","fileTypesAndContributionMap":{"functional-code":{"insertions":3,"deletions":1},"test-code":{"insertions":10,"deletions":0}}},{"hash":"6d1cb45adea1f19114dedcc01ea8f52d7536fe44","isMergeCommit":false,"messageTitle":"some more tests for codecov","messageBody":"","fileTypesAndContributionMap":{"test-code":{"insertions":1,"deletions":1}}},{"hash":"97cbe02657e04523976d10c728e36cef93e47be8","isMergeCommit":false,"messageTitle":"to pass gradle build checks","messageBody":"","fileTypesAndContributionMap":{"functional-code":{"insertions":4,"deletions":3}}},{"hash":"85a13fc2c39d619165acb81d6d05789d38dd1dea","isMergeCommit":false,"messageTitle":"GRADLE AND CODECOV PLEASEEEEEEE","messageBody":"","fileTypesAndContributionMap":{"test-code":{"insertions":2,"deletions":2}}},{"hash":"030e79d1dbef33328ee52d92db085303834cc0a2","isMergeCommit":false,"messageTitle":"For CodeCov Checks","messageBody":"","fileTypesAndContributionMap":{"test-code":{"insertions":43,"deletions":0}}},{"hash":"ca19cce1df09e04e019182ce2a862556b2e38320","isMergeCommit":false,"messageTitle":"For CodeCov tests","messageBody":"","fileTypesAndContributionMap":{"test-code":{"insertions":1,"deletions":1}}},{"hash":"d167cb024c936135e60f024c13d8983fcf901b01","isMergeCommit":false,"messageTitle":"To pass gradle build tests","messageBody":"","fileTypesAndContributionMap":{"test-code":{"insertions":0,"deletions":3}}},{"hash":"86f0f0f1dea802c62f740acbcc49b966df337eb8","isMergeCommit":false,"messageTitle":"more tests for codecov","messageBody":"","fileTypesAndContributionMap":{"test-code":{"insertions":27,"deletions":1}}},{"hash":"c7ebdb15a901ab96c0d797aa0b8312981782ed1c","isMergeCommit":true,"messageTitle":"Merge pull request #64 from ScarletBlanks/branch-SetCommandTwo","messageBody":"Full Implementation of SetCommand","fileTypesAndContributionMap":{}}]},{"date":"2023-10-24","commitResults":[{"hash":"840fc3c3a5bdc094c41a4eb89bb1bcd639c1a47a","isMergeCommit":false,"messageTitle":"feat(status): Implement saving for status feature","messageBody":"","fileTypesAndContributionMap":{"functional-code":{"insertions":41,"deletions":6},"test-code":{"insertions":11,"deletions":9}}},{"hash":"90ea640549930747147f7fef0c7fc811516c96df","isMergeCommit":false,"messageTitle":"fix(build): Resolve errors from Gradle checks","messageBody":"","fileTypesAndContributionMap":{"functional-code":{"insertions":27,"deletions":10}}},{"hash":"67fbbaa52da315118b0cc97eee0429c78443edab","isMergeCommit":false,"messageTitle":"fix(build): Resolve errors from Gradle checks again","messageBody":"","fileTypesAndContributionMap":{"functional-code":{"insertions":4,"deletions":4}}},{"hash":"d883a76bdee73dad3b6b9589054d8d5a407c55bd","isMergeCommit":false,"messageTitle":"Fixed Variable access definition for Gradle","messageBody":"","fileTypesAndContributionMap":{"test-code":{"insertions":0,"deletions":1}}},{"hash":"a679fa47d6e6e72b17c7c4eaa3e225ca9576656e","isMergeCommit":false,"messageTitle":"fix(build): Modified variable access definitions","messageBody":"","fileTypesAndContributionMap":{"test-code":{"insertions":1,"deletions":1}}},{"hash":"03e73d12c270e65fda2ef3ff98f98357fb16e203","isMergeCommit":false,"messageTitle":"Added more extensive testing for Status","messageBody":"","fileTypesAndContributionMap":{"test-code":{"insertions":32,"deletions":0}}},{"hash":"a9d5123f82edc6a3fe6519e1d6b4c87e00b44546","isMergeCommit":false,"messageTitle":"Ensured further consistency in coding style","messageBody":"","fileTypesAndContributionMap":{"test-code":{"insertions":32,"deletions":17}}},{"hash":"12e4f4ece49f7369402ad12b6e780401cbc1ec39","isMergeCommit":false,"messageTitle":"More extensive testing on Status, more Coding standard.","messageBody":"","fileTypesAndContributionMap":{"functional-code":{"insertions":14,"deletions":0},"test-code":{"insertions":10,"deletions":11}}},{"hash":"d5e2234d0ec68b9575f16e75be1a2d76af5c7b43","isMergeCommit":false,"messageTitle":"Checkstyle consistency improved","messageBody":"","fileTypesAndContributionMap":{"functional-code":{"insertions":6,"deletions":0}}}]},{"date":"2023-10-25","commitResults":[{"hash":"57d4e0c9ca6ee88a0c652ed984acce72802b2c5a","isMergeCommit":true,"messageTitle":"Merge pull request #75 from ScarletBlanks/master","messageBody":"feat(status): Implement saving for status feature","fileTypesAndContributionMap":{}}]},{"date":"2023-10-26","commitResults":[{"hash":"06316ff236494f9fa60c36a3feda567629f5bd14","isMergeCommit":false,"messageTitle":"Implemented the Export Command - Added the ExportCommand class - Implemented CSV export logic - Added unit tests for ExportCommand","messageBody":"","fileTypesAndContributionMap":{"functional-code":{"insertions":105,"deletions":0},"test-code":{"insertions":34,"deletions":0}}},{"hash":"3c9a2cee956d150e848d5da207f0ece2c83e5b34","isMergeCommit":false,"messageTitle":"Added a new line at EOF of ExportCommand","messageBody":"","fileTypesAndContributionMap":{"functional-code":{"insertions":1,"deletions":1}}},{"hash":"880af4df9055846f2b6a7dbf1fe6c23d55b6238a","isMergeCommit":false,"messageTitle":"Fixed imports and added JavaDocs","messageBody":"","fileTypesAndContributionMap":{"functional-code":{"insertions":6,"deletions":4}}},{"hash":"03bd8f51dce0f15b3212ed9de81ca09a4e70960c","isMergeCommit":false,"messageTitle":"Fixed errors for CustomImportOrder","messageBody":"","fileTypesAndContributionMap":{"functional-code":{"insertions":3,"deletions":1}}},{"hash":"1ae862642ecc67e08409071c442c3dd01964110d","isMergeCommit":false,"messageTitle":"Added test cases for AddressBook, Added more abstraction for ExportCommand","messageBody":"","fileTypesAndContributionMap":{"functional-code":{"insertions":33,"deletions":28},"test-code":{"insertions":6,"deletions":0}}},{"hash":"9924085ffa68138ba07cfee12e9048f6a071429a","isMergeCommit":false,"messageTitle":"Added more JUnit Tests for ExportCommand class","messageBody":"","fileTypesAndContributionMap":{"test-code":{"insertions":7,"deletions":1}}},{"hash":"640731f177a08c40fb24d10673da5f2194be80b0","isMergeCommit":false,"messageTitle":"Removed unused imports","messageBody":"","fileTypesAndContributionMap":{"functional-code":{"insertions":4,"deletions":0}}},{"hash":"2cf46e99aebc202dd442ae94e3bfb9cfeb29d8af","isMergeCommit":false,"messageTitle":"Unused imports are removed","messageBody":"","fileTypesAndContributionMap":{"test-code":{"insertions":1,"deletions":1}}},{"hash":"9f2025ddd496309a994eef4aa2ccbc41e288f75d","isMergeCommit":false,"messageTitle":"Added a testcase for execute","messageBody":"","fileTypesAndContributionMap":{"test-code":{"insertions":16,"deletions":1}}},{"hash":"ea9d8d5831168509830d389b88a17655a2c7e235","isMergeCommit":false,"messageTitle":"Removed unused imports","messageBody":"","fileTypesAndContributionMap":{"test-code":{"insertions":0,"deletions":4}}},{"hash":"5e8ee53ffefda03c431631abcb3c697a313c996c","isMergeCommit":false,"messageTitle":"Added JUnit Tests","messageBody":"","fileTypesAndContributionMap":{"test-code":{"insertions":4,"deletions":10}}},{"hash":"e019648d2f207c94cfc7c8a3e871543a61c347c9","isMergeCommit":false,"messageTitle":"Added a direct test for the ExportCommand\u0027s execute function","messageBody":"","fileTypesAndContributionMap":{"test-code":{"insertions":21,"deletions":4}}},{"hash":"2d1e34f5ac8d4900d28d156beee974cd7e201337","isMergeCommit":false,"messageTitle":"Modified testcases for ExportCommand","messageBody":"","fileTypesAndContributionMap":{"test-code":{"insertions":4,"deletions":1}}},{"hash":"c1ce626740c0f54ae64c57a08d65b13317c09a2e","isMergeCommit":false,"messageTitle":"Made some methods public to satisfy codecov tests in ExportCommand","messageBody":"","fileTypesAndContributionMap":{"functional-code":{"insertions":7,"deletions":5},"test-code":{"insertions":13,"deletions":4}}},{"hash":"34384fefc2bad76ef7b05b743c091bc7761e6a32","isMergeCommit":false,"messageTitle":"Added Javadocs to methods for coverage","messageBody":"","fileTypesAndContributionMap":{"functional-code":{"insertions":11,"deletions":2}}},{"hash":"5f855c34be8aac11c7c7ab516a1d35f464e42967","isMergeCommit":false,"messageTitle":"Modifications to JUnit tests","messageBody":"","fileTypesAndContributionMap":{"test-code":{"insertions":8,"deletions":0}}},{"hash":"f428e0c332872a8ef70cb293bc1c94623c147e34","isMergeCommit":false,"messageTitle":"Removed automatically imported unused imports","messageBody":"","fileTypesAndContributionMap":{"test-code":{"insertions":2,"deletions":3}}},{"hash":"23dbe273c2af312c6330d2f27ae97794e9e07736","isMergeCommit":true,"messageTitle":"Merge pull request #76 from ScarletBlanks/master","messageBody":"Implemented the Export Command","fileTypesAndContributionMap":{}},{"hash":"ae6ba4dbb53c46bbf14e6d5589fd570c86774321","isMergeCommit":false,"messageTitle":"Added the export feature to the user guide and developer guide","messageBody":"","fileTypesAndContributionMap":{"docs":{"insertions":20,"deletions":2}}},{"hash":"50f9fa0f4a98c94b9434b4ab6ede9177742ca3d9","isMergeCommit":true,"messageTitle":"Merge pull request #85 from ScarletBlanks/master","messageBody":"Add the export feature to the user guide and developer guide","fileTypesAndContributionMap":{}}]}],"AriellaCallista":[{"date":"2023-09-30","commitResults":[{"hash":"55581d9400ddfb4ca3eddd11a6065d24a4f877c6","isMergeCommit":true,"messageTitle":"Merge branch \u0027master\u0027 of https://github.com/AriellaCallista/tp","messageBody":"","fileTypesAndContributionMap":{}}]},{"date":"2023-10-03","commitResults":[{"hash":"3782196b4895eca0009a887276f61f8e0a9f51cb","isMergeCommit":false,"messageTitle":"Update UserGuide.md for search","messageBody":"","fileTypesAndContributionMap":{"docs":{"insertions":38,"deletions":12}}},{"hash":"653b2e14090522f77b3265d5532509291c2b2f49","isMergeCommit":false,"messageTitle":"Add skeletal ppp for ariella","messageBody":"","fileTypesAndContributionMap":{"docs":{"insertions":25,"deletions":0}}},{"hash":"52c2ef4c4aa5650cb2f1304a7ad10e0fd5f283ec","isMergeCommit":true,"messageTitle":"Merge branch \u0027AY2324S1-CS2103T-W09-4:master\u0027 into master","messageBody":"","fileTypesAndContributionMap":{}},{"hash":"4af5687a037271acabe000c3c98844e625464ebe","isMergeCommit":false,"messageTitle":"Update UserGuide.md title","messageBody":"","fileTypesAndContributionMap":{"docs":{"insertions":16,"deletions":15}}},{"hash":"0822b089c5ef33a664a8415e4c462fad7200cd3d","isMergeCommit":true,"messageTitle":"Merge pull request #23 from AriellaCallista/master","messageBody":"Add skeletal PPP and update UserGuide.md for search","fileTypesAndContributionMap":{}}]},{"date":"2023-10-05","commitResults":[{"hash":"80f0689cae01efd830564b3c64fcd1a1902dc660","isMergeCommit":true,"messageTitle":"Merge branch \u0027master\u0027 of https://github.com/AriellaCallista/tp","messageBody":"","fileTypesAndContributionMap":{}},{"hash":"9016f003b9ede2be7155e237569407b34659f1e9","isMergeCommit":true,"messageTitle":"Merge branch \u0027AY2324S1-CS2103T-W09-4:master\u0027 into master","messageBody":"","fileTypesAndContributionMap":{}},{"hash":"c5d18da810957df784dfa1c3f7e40331a8dff90a","isMergeCommit":false,"messageTitle":"Add use cases for search","messageBody":"","fileTypesAndContributionMap":{"docs":{"insertions":47,"deletions":2}}},{"hash":"208b3e6035cc5209d0439ddca8015a6ac1d46183","isMergeCommit":true,"messageTitle":"Merge pull request #30 from AriellaCallista/branch-DeveloperGuide","messageBody":"Update DG: add use cases for search","fileTypesAndContributionMap":{}},{"hash":"205ee9cb13f962139f7e0cd91f7dbd8ab1f7daf1","isMergeCommit":true,"messageTitle":"Merge branch \u0027master\u0027 of https://github.com/AriellaCallista/tp","messageBody":"","fileTypesAndContributionMap":{}},{"hash":"60e7d6685f505b6ed19131ab34a947cdaeea6b52","isMergeCommit":true,"messageTitle":"Merge branch \u0027branch-DeveloperGuide\u0027","messageBody":"","fileTypesAndContributionMap":{}},{"hash":"0ce6e032e37e04267e4920bfa28a5ed2014c478c","isMergeCommit":true,"messageTitle":"Merge branch \u0027AY2324S1-CS2103T-W09-4:master\u0027 into master","messageBody":"","fileTypesAndContributionMap":{}},{"hash":"844d8e2dcdcbe6d3ba9ab0bd13a4651fb2d30ad6","isMergeCommit":true,"messageTitle":"Merge branch \u0027master\u0027 of https://github.com/AriellaCallista/tp","messageBody":"","fileTypesAndContributionMap":{}}]},{"date":"2023-10-06","commitResults":[{"hash":"9fc636edbe84cd8be919c5d3f8df00e91af67688","isMergeCommit":true,"messageTitle":"Merge pull request #35 from ketweeen/branch-DeveloperGuide","messageBody":"Update Developer Guide","fileTypesAndContributionMap":{}}]},{"date":"2023-10-13","commitResults":[{"hash":"8e583a5c47da88ce7b7ae8aa1bb2d3c10d2d116b","isMergeCommit":true,"messageTitle":"Merge branch \u0027AY2324S1-CS2103T-W09-4:master\u0027 into master","messageBody":"","fileTypesAndContributionMap":{}},{"hash":"376896677c13419738f6f9dcb0a0a00b650d2ff9","isMergeCommit":true,"messageTitle":"Merge branch \u0027master\u0027 of https://github.com/AriellaCallista/tp","messageBody":"","fileTypesAndContributionMap":{}},{"hash":"d18495209fa2b25c73f8cd9236a94ab0b7017912","isMergeCommit":true,"messageTitle":"Merge branch \u0027AY2324S1-CS2103T-W09-4:master\u0027 into master","messageBody":"","fileTypesAndContributionMap":{}},{"hash":"ac5e20f3b75925cb97e77586afa92fb7c0f1f011","isMergeCommit":true,"messageTitle":"Merge branch \u0027master\u0027 of https://github.com/AriellaCallista/tp","messageBody":"","fileTypesAndContributionMap":{}},{"hash":"0db83ad180cf03d2084d79d476ff24c5b157cf4f","isMergeCommit":false,"messageTitle":"Status class: add isValidStatus method and message_constraint","messageBody":"","fileTypesAndContributionMap":{"functional-code":{"insertions":16,"deletions":0}}},{"hash":"c2e07901c47de77f062709aeb7ad70639f86b161","isMergeCommit":false,"messageTitle":"Feat: Implement search by name and status","messageBody":"","fileTypesAndContributionMap":{"functional-code":{"insertions":142,"deletions":15}}},{"hash":"2e69daa63eba15224a74d1dd9af5451684c2c826","isMergeCommit":false,"messageTitle":"Update tests for search","messageBody":"","fileTypesAndContributionMap":{"functional-code":{"insertions":34,"deletions":34},"test-code":{"insertions":61,"deletions":18}}},{"hash":"cca0321c7d6884703e29195c26a8cb847f9c2ac8","isMergeCommit":true,"messageTitle":"Merge branch \u0027AY2324S1-CS2103T-W09-4:master\u0027 into master","messageBody":"","fileTypesAndContributionMap":{}},{"hash":"4cf747f5240f309d2972f1e3b21f2ef7e3290e76","isMergeCommit":true,"messageTitle":"Merge branch \u0027master\u0027 into branch-SearchFeature","messageBody":"# Conflicts:\n#\tsrc/test/java/seedu/address/testutil/PersonBuilder.java\n","fileTypesAndContributionMap":{}},{"hash":"f5a9320a6cdac0eefe017bdec8831581400666de","isMergeCommit":false,"messageTitle":"Fix checkstyle","messageBody":"","fileTypesAndContributionMap":{"test-code":{"insertions":1,"deletions":1}}},{"hash":"9f81ded7da53e56e0512c95c841e8bf1c4be8078","isMergeCommit":false,"messageTitle":"CI: improve code coverage","messageBody":"","fileTypesAndContributionMap":{"functional-code":{"insertions":1,"deletions":1},"test-code":{"insertions":23,"deletions":6}}}]},{"date":"2023-10-14","commitResults":[{"hash":"d44f2a9da98c1aa1978a56de31f514f05cfea6ee","isMergeCommit":false,"messageTitle":"Fix search by status","messageBody":"","fileTypesAndContributionMap":{"functional-code":{"insertions":24,"deletions":9}}},{"hash":"f9b474b983e6e8f21966909f7b2571554a9bf708","isMergeCommit":false,"messageTitle":"CI: Improve test coverage","messageBody":"","fileTypesAndContributionMap":{"test-code":{"insertions":11,"deletions":3}}},{"hash":"46d8a364fc1302c50546bc1e54bd4109d408b5f5","isMergeCommit":false,"messageTitle":"Fix nits","messageBody":"","fileTypesAndContributionMap":{"functional-code":{"insertions":2,"deletions":7},"test-code":{"insertions":15,"deletions":9}}},{"hash":"4a0198e198082e4380ff8e848c26c1ebcc46d874","isMergeCommit":true,"messageTitle":"Merge pull request #48 from AriellaCallista/branch-SearchFeature","messageBody":"Branch search feature","fileTypesAndContributionMap":{}}]},{"date":"2023-10-17","commitResults":[{"hash":"513268b1eb6150241469633048c8053b99a0bc1f","isMergeCommit":true,"messageTitle":"Merge branch \u0027master\u0027 of https://github.com/AriellaCallista/tp","messageBody":"","fileTypesAndContributionMap":{}},{"hash":"3b4046ae6b55fabb7917cc10c508a3d384ba8204","isMergeCommit":true,"messageTitle":"Merge branch \u0027AY2324S1-CS2103T-W09-4:master\u0027 into master","messageBody":"","fileTypesAndContributionMap":{}},{"hash":"6dedbdec051c72b05c122ce7a218a0226f6c166f","isMergeCommit":false,"messageTitle":"Modify search command to search by individual categories","messageBody":"","fileTypesAndContributionMap":{"functional-code":{"insertions":52,"deletions":25},"test-code":{"insertions":139,"deletions":128}}}]},{"date":"2023-10-18","commitResults":[{"hash":"b00a12588073d6df3f335dd366fb1085d8e83a01","isMergeCommit":true,"messageTitle":"Merge branch \u0027master\u0027 into branch-SearchFeature","messageBody":"","fileTypesAndContributionMap":{}},{"hash":"519a0d64f09a74df00fa9f617670bfb5f472f079","isMergeCommit":true,"messageTitle":"Merge branch \u0027AY2324S1-CS2103T-W09-4:master\u0027 into master","messageBody":"","fileTypesAndContributionMap":{}},{"hash":"6e6fb97669081260ec32e2f82972e38f0e992bcb","isMergeCommit":true,"messageTitle":"Merge branch \u0027master\u0027 into branch-SearchFeature","messageBody":"","fileTypesAndContributionMap":{}},{"hash":"2cb2fbaedb2254c2829f676948b7742eff6e6b4d","isMergeCommit":false,"messageTitle":"Fix checkstyle issues","messageBody":"","fileTypesAndContributionMap":{"functional-code":{"insertions":17,"deletions":27},"test-code":{"insertions":115,"deletions":125}}},{"hash":"b256201e863b91f76da02b3ff56d74b8bf1070e9","isMergeCommit":true,"messageTitle":"Merge pull request #62 from AriellaCallista/branch-SearchFeature","messageBody":"Modify implementation of search","fileTypesAndContributionMap":{}}]},{"date":"2023-10-19","commitResults":[{"hash":"35f9c187efcebb40b1d88f6cfba5314fc0517d35","isMergeCommit":false,"messageTitle":"Handle empty strings as inputs","messageBody":"","fileTypesAndContributionMap":{"functional-code":{"insertions":92,"deletions":47},"test-code":{"insertions":42,"deletions":23}}},{"hash":"e9c7d3b628cb45e6c84b146d569711b7ee2f64c8","isMergeCommit":true,"messageTitle":"Merge branch \u0027master\u0027 of https://github.com/AriellaCallista/tp","messageBody":"","fileTypesAndContributionMap":{}},{"hash":"7a048f84543b9aba3774b8baf65fb14f7fc8f604","isMergeCommit":true,"messageTitle":"Merge branch \u0027master\u0027 into branch-SearchFeature","messageBody":"","fileTypesAndContributionMap":{}},{"hash":"4d42d60d5a7d01fe0feaff0a17128d236b60125f","isMergeCommit":true,"messageTitle":"Merge branch \u0027AY2324S1-CS2103T-W09-4:master\u0027 into master","messageBody":"","fileTypesAndContributionMap":{}},{"hash":"49cb51e1cb377cdcbfb5665e0953069133158910","isMergeCommit":false,"messageTitle":"Fix checkstyle","messageBody":"","fileTypesAndContributionMap":{"functional-code":{"insertions":17,"deletions":11},"test-code":{"insertions":15,"deletions":15}}},{"hash":"4b1342ef00517e2531a032dd18c460ed8523dc4e","isMergeCommit":true,"messageTitle":"Merge branches \u0027master\u0027 and \u0027master\u0027 of https://github.com/AriellaCallista/tp","messageBody":"","fileTypesAndContributionMap":{}},{"hash":"4a969ec0636c18b0734f44c1d8cc06fc346bd7d1","isMergeCommit":true,"messageTitle":"Merge branch \u0027master\u0027 into branch-SearchFeature","messageBody":"# Conflicts:\n#\tsrc/test/java/seedu/address/testutil/TypicalPersons.java\n","fileTypesAndContributionMap":{}},{"hash":"23a3b26ad94a8c22b5fe9d54e6b8af7554104f3d","isMergeCommit":true,"messageTitle":"Merge branch \u0027AY2324S1-CS2103T-W09-4:master\u0027 into master","messageBody":"","fileTypesAndContributionMap":{}},{"hash":"5afdc1702874a6956c77520d9f1dfb0e10deb7c0","isMergeCommit":true,"messageTitle":"Merge branch \u0027master\u0027 of https://github.com/AriellaCallista/tp","messageBody":"","fileTypesAndContributionMap":{}},{"hash":"16b0fe4e7f193912eca358133d81170ee65c5a43","isMergeCommit":true,"messageTitle":"Merge branch \u0027master\u0027 into branch-SearchFeature","messageBody":"","fileTypesAndContributionMap":{}}]},{"date":"2023-10-20","commitResults":[{"hash":"116563df95c97e80eef8cdd2da00707d4fc924d9","isMergeCommit":true,"messageTitle":"Merge branch \u0027AY2324S1-CS2103T-W09-4:master\u0027 into master","messageBody":"","fileTypesAndContributionMap":{}}]},{"date":"2023-10-25","commitResults":[{"hash":"234501aa8883dcd81a7083954f8178ec3ed7e3ad","isMergeCommit":true,"messageTitle":"Merge branch \u0027AY2324S1-CS2103T-W09-4:master\u0027 into master","messageBody":"","fileTypesAndContributionMap":{}},{"hash":"a8c317fc3850710890e4c8f1aa1feb55d53e2af1","isMergeCommit":true,"messageTitle":"Merge branch \u0027master\u0027 of https://github.com/AriellaCallista/tp","messageBody":"","fileTypesAndContributionMap":{}},{"hash":"41edb97821c62179cf6794819e69f3d059fc7aed","isMergeCommit":true,"messageTitle":"Merge branch \u0027master\u0027 into branch-SearchFeature","messageBody":"# Conflicts:\n#\tsrc/main/java/seedu/address/model/person/Status.java\n","fileTypesAndContributionMap":{}}]},{"date":"2023-10-26","commitResults":[{"hash":"ff8ab344507622b675361bec70a4d87fa1bb5e8b","isMergeCommit":false,"messageTitle":"Handle non-alphanumeric characters in search input parameters","messageBody":"","fileTypesAndContributionMap":{"functional-code":{"insertions":35,"deletions":5}}},{"hash":"caacac948bf78f9b4cbf78e87151d401fff38881","isMergeCommit":false,"messageTitle":"Implement search by tags","messageBody":"","fileTypesAndContributionMap":{"functional-code":{"insertions":82,"deletions":33}}},{"hash":"f67b8ddbde2fa3fc685c79ff36f819c2eae7464e","isMergeCommit":true,"messageTitle":"Merge branch \u0027AY2324S1-CS2103T-W09-4:master\u0027 into master","messageBody":"","fileTypesAndContributionMap":{}},{"hash":"2ca3f7335d6118d1f15b7aacb77788f55bcbed47","isMergeCommit":true,"messageTitle":"Merge branch \u0027master\u0027 of https://github.com/AriellaCallista/tp","messageBody":"","fileTypesAndContributionMap":{}},{"hash":"7102923479b591c3fa6569c1ffc7ffc829aa6f02","isMergeCommit":true,"messageTitle":"Merge branch \u0027master\u0027 into branch-SearchFeature","messageBody":"# Conflicts:\n#\tsrc/main/java/seedu/address/logic/parser/ParserUtil.java\n#\tsrc/test/java/seedu/address/logic/parser/ParserUtilTest.java\n","fileTypesAndContributionMap":{}},{"hash":"2add5bba43e051573752cbdf0843d9290a3cfb86","isMergeCommit":false,"messageTitle":"Fix tests","messageBody":"","fileTypesAndContributionMap":{"functional-code":{"insertions":4,"deletions":3},"test-code":{"insertions":0,"deletions":4}}},{"hash":"91a1b4d74c7755167f3362e4803ab8d1d18341e2","isMergeCommit":true,"messageTitle":"Merge branch \u0027AY2324S1-CS2103T-W09-4:master\u0027 into master","messageBody":"","fileTypesAndContributionMap":{}}]},{"date":"2023-10-27","commitResults":[{"hash":"be869fb21bf251fb03ece072ae3a74b03ed3a723","isMergeCommit":false,"messageTitle":"Update DG and UG for search","messageBody":"","fileTypesAndContributionMap":{"docs":{"insertions":149,"deletions":31}}},{"hash":"126dee56b97abfa3183c93986e19b8a7d06994cb","isMergeCommit":false,"messageTitle":"Update DG and UG for search","messageBody":"","fileTypesAndContributionMap":{"other":{"insertions":0,"deletions":0},"docs":{"insertions":26,"deletions":26}}},{"hash":"87f297115c9a329187e32c7d0e9b7d340f3a8ebf","isMergeCommit":false,"messageTitle":"Refactor find command name to search command","messageBody":"","fileTypesAndContributionMap":{"functional-code":{"insertions":5,"deletions":5},"other":{"insertions":32,"deletions":32},"test-code":{"insertions":4,"deletions":4}}},{"hash":"31fcffefc039a7a98bf40fadcde1710f14f6798d","isMergeCommit":false,"messageTitle":"Add search picture","messageBody":"","fileTypesAndContributionMap":{"docs":{"insertions":12,"deletions":9}}},{"hash":"e5dac81d54202bf34a444d9828cec3d10b1385cb","isMergeCommit":false,"messageTitle":"Update DG and UG","messageBody":"","fileTypesAndContributionMap":{"other":{"insertions":7,"deletions":7},"docs":{"insertions":5,"deletions":7}}},{"hash":"a3bbecec76c41beee09e43e907308cc12b8676ed","isMergeCommit":false,"messageTitle":"Fix checkstyle","messageBody":"","fileTypesAndContributionMap":{"functional-code":{"insertions":7,"deletions":7}}},{"hash":"ba4b41173f5fad8f58c02555e9377c841f478e57","isMergeCommit":false,"messageTitle":"Update UG command summary","messageBody":"","fileTypesAndContributionMap":{"docs":{"insertions":2,"deletions":2}}},{"hash":"5b12e7937f49d39a0c2c9d9ad8df9621c631929c","isMergeCommit":false,"messageTitle":"Refactor class name again to avoid conflicts in v1.3","messageBody":"","fileTypesAndContributionMap":{"functional-code":{"insertions":5,"deletions":5},"other":{"insertions":32,"deletions":32},"test-code":{"insertions":4,"deletions":4}}},{"hash":"c4d995eae17deda7e155ef35219c9184802faff4","isMergeCommit":false,"messageTitle":"Fix error message for erronous tag inputs","messageBody":"","fileTypesAndContributionMap":{"functional-code":{"insertions":1,"deletions":1}}},{"hash":"1054e98c17efbd0561fd90974a0574f51347a473","isMergeCommit":false,"messageTitle":"Enable assertions","messageBody":"","fileTypesAndContributionMap":{"other":{"insertions":4,"deletions":0}}},{"hash":"8a04c79f26c935e0d777e0475f2be5efd5094fd5","isMergeCommit":true,"messageTitle":"Merge branch \u0027AY2324S1-CS2103T-W09-4:master\u0027 into master","messageBody":"","fileTypesAndContributionMap":{}},{"hash":"1dc6ddae8d1ac388d1a664ddb421fa9a63e1e188","isMergeCommit":true,"messageTitle":"Merge branch \u0027master\u0027 of https://github.com/AriellaCallista/tp","messageBody":"","fileTypesAndContributionMap":{}},{"hash":"d2634cd24b1e7fb7a1cf4948988d64867c10aae1","isMergeCommit":true,"messageTitle":"Merge branch \u0027master\u0027 into branch-Documentation","messageBody":"","fileTypesAndContributionMap":{}},{"hash":"aac167ac4d5076ac4620ac57a2a4f3ef84072c8e","isMergeCommit":true,"messageTitle":"Merge pull request #86 from MadLamprey/branch-UG","messageBody":"Update UG","fileTypesAndContributionMap":{}},{"hash":"a1b5ea8ab8542a46f14bea4bf1bc025937866ebe","isMergeCommit":false,"messageTitle":"Update DG use case","messageBody":"","fileTypesAndContributionMap":{"docs":{"insertions":1,"deletions":0}}},{"hash":"aaa29896421fd4854216404fb16620b2a9eca3e3","isMergeCommit":false,"messageTitle":"Fix DG","messageBody":"","fileTypesAndContributionMap":{"docs":{"insertions":1,"deletions":1}}},{"hash":"b1962e9a291aba762b6846cd5cae3157592af648","isMergeCommit":true,"messageTitle":"Merge branch \u0027AY2324S1-CS2103T-W09-4:master\u0027 into master","messageBody":"","fileTypesAndContributionMap":{}},{"hash":"fa4c80b518fcf85fe7bb4e743d6ae4c3a8a1249b","isMergeCommit":true,"messageTitle":"Merge branch \u0027master\u0027 of https://github.com/AriellaCallista/tp","messageBody":"","fileTypesAndContributionMap":{}},{"hash":"9e253aa3e751439c0874ceeef45436adc7c1cfae","isMergeCommit":true,"messageTitle":"Merge branch \u0027master\u0027 into branch-Documentation","messageBody":"","fileTypesAndContributionMap":{}},{"hash":"f248a4dfd02326b083ade3dfcc47bad8413f8e92","isMergeCommit":true,"messageTitle":"Merge pull request #90 from AriellaCallista/branch-Documentation","messageBody":"Update DG and UG for search","fileTypesAndContributionMap":{}},{"hash":"1d59b96229736515d9a6ee21f58b02b4903a7d92","isMergeCommit":true,"messageTitle":"Merge pull request #91 from AriellaCallista/branch-settings","messageBody":"Enable assertions in team repo","fileTypesAndContributionMap":{}},{"hash":"8a3cbdc79584079c96f4cebee3d56ccf7adbe118","isMergeCommit":false,"messageTitle":"Fix UG command summary","messageBody":"","fileTypesAndContributionMap":{"docs":{"insertions":20,"deletions":18}}},{"hash":"a2822700f5fcf48d2b5e4f96f13b2e37b831c1cf","isMergeCommit":true,"messageTitle":"Merge pull request #92 from AriellaCallista/branch-Documentation","messageBody":"Fix UG command summary for search","fileTypesAndContributionMap":{}},{"hash":"10ac10c3889f88daf1b4729ecfaaa81a98c26167","isMergeCommit":true,"messageTitle":"Merge pull request #83 from AriellaCallista/branch-SearchFeature","messageBody":"Branch search feature","fileTypesAndContributionMap":{}},{"hash":"bd2bf1ede9edc5e960db0d4cb3be8ae89d08e2b7","isMergeCommit":true,"messageTitle":"Merge branch \u0027master\u0027 into branch-DeleteByTags","messageBody":"","fileTypesAndContributionMap":{}},{"hash":"5f4c90328598a724b9e9b755551afe76c4e9e3ac","isMergeCommit":true,"messageTitle":"Merge pull request #81 from ketweeen/branch-DeleteByTags","messageBody":"Branch delete by tags","fileTypesAndContributionMap":{}},{"hash":"1b847ae1852b214f2d44fdd623c7b721a51b9643","isMergeCommit":true,"messageTitle":"Merge branch \u0027master\u0027 into branch-DG","messageBody":"","fileTypesAndContributionMap":{}},{"hash":"d72584557f3c971986d36c84b3baed21feb1be2a","isMergeCommit":true,"messageTitle":"Merge pull request #84 from MadLamprey/branch-DG","messageBody":"Update DG","tags":["v1.3"],"fileTypesAndContributionMap":{}},{"hash":"804eef2b869313ce31cd8959fa43ba1cae97ffc2","isMergeCommit":false,"messageTitle":"Release trial jar file","messageBody":"","fileTypesAndContributionMap":{"functional-code":{"insertions":1,"deletions":1}}},{"hash":"39c0d9429a074ccf32a28bb51d207a20b65afe8b","isMergeCommit":true,"messageTitle":"Merge pull request #94 from AriellaCallista/branch-Release","messageBody":"Release trial jar file","fileTypesAndContributionMap":{}}]},{"date":"2023-10-28","commitResults":[{"hash":"f9d88fde905deed9ec91ad811eafdb6381c6c22f","isMergeCommit":true,"messageTitle":"Merge pull request #95 from MadLamprey/branch-reminders","messageBody":"Update UI for Events","fileTypesAndContributionMap":{}}]},{"date":"2023-10-29","commitResults":[{"hash":"d86af701b91d152ed669abf9216ee135f617dd8d","isMergeCommit":false,"messageTitle":"Color code tags for CS2101 demo","messageBody":"","fileTypesAndContributionMap":{"functional-code":{"insertions":75,"deletions":17}}},{"hash":"2a9b6b3fc515e98fd2a44ad4a8c05b15896b9e84","isMergeCommit":false,"messageTitle":"Add color for other tags","messageBody":"","fileTypesAndContributionMap":{"functional-code":{"insertions":1,"deletions":1}}},{"hash":"9ad4f7a31b22e044124d33b14779b5bb1e1b1d6f","isMergeCommit":true,"messageTitle":"Merge remote-tracking branch \u0027upstream/cs2101-untested-code-slides\u0027 into branch-cs2101-tags-colorcode","messageBody":"","fileTypesAndContributionMap":{}},{"hash":"35e96cd52c0beaeeb8746fd19da5001288861847","isMergeCommit":false,"messageTitle":"Add color for other tags","messageBody":"","fileTypesAndContributionMap":{"functional-code":{"insertions":1,"deletions":3}}},{"hash":"7063e73f3f54b9f368b5d501b18f1cac1e2e2414","isMergeCommit":true,"messageTitle":"Merge pull request #99 from AriellaCallista/branch-cs2101-tags-colorcode","messageBody":"Branch cs2101 colorcode tags","fileTypesAndContributionMap":{}},{"hash":"901e731136a1517958f538b7abeca0a086c9c314","isMergeCommit":true,"messageTitle":"Merge branch \u0027master\u0027 of https://github.com/AriellaCallista/tp","messageBody":"","fileTypesAndContributionMap":{}},{"hash":"b9142b8807a51d59ebfc6f1e09718f43fdaccbe5","isMergeCommit":true,"messageTitle":"Merge branch \u0027master\u0027 into branch-cs2101-tags-colorcode","messageBody":"# Conflicts:\n#\tsrc/main/resources/view/MainWindow.fxml\n","fileTypesAndContributionMap":{}},{"hash":"fcd0ed284a6731a0dbe0556b168c4fdb1cf376af","isMergeCommit":true,"messageTitle":"Merge pull request #100 from AriellaCallista/branch-cs2101-tags-colorcode","messageBody":"Branch cs2101 tags colorcode","fileTypesAndContributionMap":{}}]}],"ketweeen":[{"date":"2023-10-04","commitResults":[{"hash":"fe3a15288802b1d2571d4b41c9359144175e02b9","isMergeCommit":false,"messageTitle":"Add skeletal PPP","messageBody":"","fileTypesAndContributionMap":{"docs":{"insertions":24,"deletions":0}}},{"hash":"86f9edbc9cd131337016882e8ddad18bd0ea68c5","isMergeCommit":false,"messageTitle":"Update skeletal PPP","messageBody":"","fileTypesAndContributionMap":{"docs":{"insertions":1,"deletions":1}}}]},{"date":"2023-10-05","commitResults":[{"hash":"3e8900b3a62775cf96f3c28a09f359c45972d7e7","isMergeCommit":true,"messageTitle":"Merge pull request #28 from ketweeen/branch-skeletalPPP","messageBody":"Add skeletal ppp for Catherine","fileTypesAndContributionMap":{}},{"hash":"7ce30ca01bf7717284ed6d72f993de1b6a7759d4","isMergeCommit":false,"messageTitle":"Update User Guide","messageBody":"","fileTypesAndContributionMap":{"docs":{"insertions":11,"deletions":2}}},{"hash":"6217098251167f1f32dd3458958803fc4fc05dad","isMergeCommit":true,"messageTitle":"Merge branch \u0027master\u0027 into branch-UserGuide","messageBody":"","fileTypesAndContributionMap":{}},{"hash":"5896718bd1037e068e0840f7fb09f870e0f1f6af","isMergeCommit":true,"messageTitle":"Merge pull request #33 from ketweeen/branch-UserGuide","messageBody":"Update User Guide","fileTypesAndContributionMap":{}}]},{"date":"2023-10-06","commitResults":[{"hash":"74a48a9c0734d7583da2d13fa0cd7e8210f71c18","isMergeCommit":false,"messageTitle":"Update Developer Guide","messageBody":"","fileTypesAndContributionMap":{"docs":{"insertions":55,"deletions":57}}},{"hash":"a131762273a2e42c45cc91ea3b577a475410ac6e","isMergeCommit":false,"messageTitle":"Update Developer Guide","messageBody":"","fileTypesAndContributionMap":{"docs":{"insertions":57,"deletions":55}}},{"hash":"09212359ee531de2992888667c71068f5125b5fc","isMergeCommit":true,"messageTitle":"Merge branch \u0027master\u0027 of https://github.com/AY2324S1-CS2103T-W09-4/tp into branch-DeveloperGuide","messageBody":"","fileTypesAndContributionMap":{}},{"hash":"56bacf4ea7df631f4e1975a74bf436380d9e8119","isMergeCommit":false,"messageTitle":"Update Developer Guide","messageBody":"Added use case for list command. Fixed minor formatting issues.\n","fileTypesAndContributionMap":{"docs":{"insertions":64,"deletions":77}}}]},{"date":"2023-10-13","commitResults":[{"hash":"020f013024b6ed45b7a902aeb69beaaf92a23c43","isMergeCommit":false,"messageTitle":"Update List Command to implement sort","messageBody":"","fileTypesAndContributionMap":{"functional-code":{"insertions":47,"deletions":3},"test-code":{"insertions":6,"deletions":0}}},{"hash":"cbb31f9d67847b17822f18e17e5d8db6f2041e1f","isMergeCommit":true,"messageTitle":"Merge branch \u0027master\u0027 of https://github.com/AY2324S1-CS2103T-W09-4/tp into branch-ListCommand","messageBody":"","fileTypesAndContributionMap":{}},{"hash":"f7d6f9a11d974afc23f002a6d522a449ef7cf8cd","isMergeCommit":false,"messageTitle":"Update the sort method for List Command","messageBody":"","fileTypesAndContributionMap":{"functional-code":{"insertions":57,"deletions":1},"test-code":{"insertions":1,"deletions":1}}},{"hash":"6b3cc3df92d2c7cfc2dcb12ffbd6cfcd83211d29","isMergeCommit":false,"messageTitle":"Update  checkstyle issues","messageBody":"","fileTypesAndContributionMap":{"functional-code":{"insertions":14,"deletions":12}}}]},{"date":"2023-10-15","commitResults":[{"hash":"e9e888a8a3c1fbbf240fcce11221c7e087c8e832","isMergeCommit":true,"messageTitle":"Merge branch \u0027master\u0027 into branch-ListCommand","messageBody":"","fileTypesAndContributionMap":{}},{"hash":"ae37f7ba81697a1236baab6c24fc7d765e37dbbc","isMergeCommit":true,"messageTitle":"Merge pull request #49 from ketweeen/branch-ListCommand","messageBody":"Branch list command","tags":["v1.2"],"fileTypesAndContributionMap":{}}]},{"date":"2023-10-17","commitResults":[{"hash":"7f67c5e69ea5165916d9f3f8c81aa3685da5e425","isMergeCommit":false,"messageTitle":"Remove null values from List Command","messageBody":"","fileTypesAndContributionMap":{"functional-code":{"insertions":3,"deletions":5}}}]},{"date":"2023-10-20","commitResults":[{"hash":"c20374a6a342a0f160f168d79058d5223cf8f30f","isMergeCommit":false,"messageTitle":"Fix sorting for List Command","messageBody":"","fileTypesAndContributionMap":{"functional-code":{"insertions":42,"deletions":31}}},{"hash":"1f5561eae139c4c3e86d5afbc0e23c19823da93d","isMergeCommit":false,"messageTitle":"Add basic test for List Command","messageBody":"","fileTypesAndContributionMap":{"functional-code":{"insertions":9,"deletions":0},"test-code":{"insertions":41,"deletions":2}}},{"hash":"4e005b545714816e466e1d00afed85a4cccefbc8","isMergeCommit":true,"messageTitle":"Merge branch \u0027master\u0027 into branch-ListCommand","messageBody":"","fileTypesAndContributionMap":{}},{"hash":"8a7339f6f3bd4567a3042f5efac47c9712c25b0a","isMergeCommit":false,"messageTitle":"Remove trailing whitespaces and update user guide","messageBody":"","fileTypesAndContributionMap":{"docs":{"insertions":76,"deletions":58}}},{"hash":"2b5cd88a96a69fa0c8ebfd47c7d096c4d853169e","isMergeCommit":true,"messageTitle":"Merge master to branch-ListCommand","messageBody":"","fileTypesAndContributionMap":{}},{"hash":"05d3b1e1f9782ce1b9b652b97edeeb3c8fe0b794","isMergeCommit":true,"messageTitle":"Update Model interface","messageBody":"","fileTypesAndContributionMap":{}},{"hash":"b6d76ef199a92a9aee041b3cd101299d143f026a","isMergeCommit":false,"messageTitle":"Fix checkstyle issues","messageBody":"","fileTypesAndContributionMap":{"functional-code":{"insertions":4,"deletions":5}}},{"hash":"559dd36488c27fbc3beba8139d115b30c8f487e9","isMergeCommit":false,"messageTitle":"Fix checkstyle issues for test classes","messageBody":"","fileTypesAndContributionMap":{"test-code":{"insertions":7,"deletions":14}}},{"hash":"24091f9f2b58b024b043d86ec3f7f456351a6b10","isMergeCommit":false,"messageTitle":"Remove print statements","messageBody":"","fileTypesAndContributionMap":{"functional-code":{"insertions":0,"deletions":2}}},{"hash":"059aa8fc1d0f84675c5abb297a522f2068f96242","isMergeCommit":true,"messageTitle":"Merge pull request #66 from ketweeen/branch-ListCommand","messageBody":"Branch list command","tags":["v1.2b"],"fileTypesAndContributionMap":{}}]},{"date":"2023-10-26","commitResults":[{"hash":"857c430bd0e651dada11ac6fc06e27eaaf72ab7e","isMergeCommit":false,"messageTitle":"Implement delete by status and fix checkstyle issues","messageBody":"","fileTypesAndContributionMap":{"functional-code":{"insertions":104,"deletions":18},"test-code":{"insertions":80,"deletions":6}}},{"hash":"cadc93f92cdae5e7c04688d5098622e88b3cf596","isMergeCommit":true,"messageTitle":"Merge branch \u0027master\u0027 into branch-DeleteByTags","messageBody":"","fileTypesAndContributionMap":{}},{"hash":"a0ea67d316cb72fe2dbe23ac29c2404bf574ca79","isMergeCommit":false,"messageTitle":"Fix checkstyle issues","messageBody":"","fileTypesAndContributionMap":{"test-code":{"insertions":15,"deletions":10}}},{"hash":"e635f7ea490a4c93dc80846d98eeb426c5899545","isMergeCommit":false,"messageTitle":"Fix test issues","messageBody":"","fileTypesAndContributionMap":{"test-code":{"insertions":3,"deletions":8}}},{"hash":"1587e0cb80abef23541595b25572d097b24b2d78","isMergeCommit":false,"messageTitle":"Add new test cases","messageBody":"","fileTypesAndContributionMap":{"test-code":{"insertions":49,"deletions":12}}},{"hash":"d34146ac0ecb4f06ec80d68ad0cbcb2a39e3d21d","isMergeCommit":true,"messageTitle":"Merge branch \u0027master\u0027 into branch-DeleteByTags","messageBody":"","fileTypesAndContributionMap":{}}]},{"date":"2023-10-27","commitResults":[{"hash":"61fd5556b18a0eefeeee89fbc8375960b1005e77","isMergeCommit":false,"messageTitle":"Update UG and DG","messageBody":"","fileTypesAndContributionMap":{"docs":{"insertions":90,"deletions":84}}},{"hash":"88eeffeb8b78444aa7d1deadee97fe895eab1dbb","isMergeCommit":true,"messageTitle":"Pull from upstream","messageBody":"","fileTypesAndContributionMap":{}},{"hash":"c6f2199a3d2ff30a257b297b0a1eca966690d972","isMergeCommit":true,"messageTitle":"Merge branch \u0027master\u0027 into branch-DeleteByTags","messageBody":"","fileTypesAndContributionMap":{}}]}],"MadLamprey":[{"date":"2023-09-30","commitResults":[{"hash":"c104e8ebab78e3bc1626a165926df2f9d1731be7","isMergeCommit":false,"messageTitle":"Update UserGuide.md","messageBody":"","fileTypesAndContributionMap":{"docs":{"insertions":26,"deletions":132}}},{"hash":"e1bd7c7ccaabeab3015131ba259cd1ca7987730b","isMergeCommit":false,"messageTitle":"Create madlamprey.md","messageBody":"","fileTypesAndContributionMap":{"docs":{"insertions":27,"deletions":0}}}]},{"date":"2023-10-03","commitResults":[{"hash":"09c8dc511a721d61342bbeb694c44c373162414e","isMergeCommit":true,"messageTitle":"Merge remote-tracking branch \u0027upstream/master\u0027","messageBody":"# Conflicts:\n#\tdocs/UserGuide.md\n","fileTypesAndContributionMap":{}},{"hash":"b2a0d6014f139d184894c1c38489ca77d0babd37","isMergeCommit":true,"messageTitle":"Merge branch \u0027master\u0027 of https://github.com/MadLamprey/tp","messageBody":"* \u0027master\u0027 of https://github.com/MadLamprey/tp:\n  Created PPP\n  Updated UG for remark which is adding optional comments\n  Create madlamprey.md\n  Update UserGuide.md\n  Updated README\n  Update ui.png\n  Update AboutUs.md\n  Update AboutUs page\n","fileTypesAndContributionMap":{}},{"hash":"ce37462b11619492582442fc704bfaa8d17ed750","isMergeCommit":false,"messageTitle":"Update PPP","messageBody":"","fileTypesAndContributionMap":{"docs":{"insertions":16,"deletions":18}}},{"hash":"f460414df6b26396fc8fac93e150f875afa50e7e","isMergeCommit":true,"messageTitle":"Merge branch \u0027master\u0027 of https://github.com/MadLamprey/tp","messageBody":"* \u0027master\u0027 of https://github.com/MadLamprey/tp:\n","fileTypesAndContributionMap":{}},{"hash":"c59db84efb5c1e0e09b2c6513f7c72fd5fc10819","isMergeCommit":false,"messageTitle":"Update PPP","messageBody":"","fileTypesAndContributionMap":{"docs":{"insertions":2,"deletions":2}}},{"hash":"8514a7863610a614279029d4a03a57c130f284ee","isMergeCommit":true,"messageTitle":"Merge branch \u0027master\u0027 into master","messageBody":"","fileTypesAndContributionMap":{}}]},{"date":"2023-10-05","commitResults":[{"hash":"cd468dc0f94d9ff2449e15cf41ddce01bddfc5f2","isMergeCommit":true,"messageTitle":"Merge branch \u0027master\u0027 of https://github.com/AY2324S1-CS2103T-W09-4/tp","messageBody":"* \u0027master\u0027 of https://github.com/AY2324S1-CS2103T-W09-4/tp:\n  moved \"JABPro aims to solve...\" to a new line below ## Overview?\n  Add use cases for search\n  Update PPP\n  Update skeletal PPP\n  Add skeletal PPP\n  Update Developer Guide\n  Update UserGuide.md title\n  RepoSense link updated\n  Add skeletal ppp for ariella\n  Update reposense\n  Added skeleton portfolio for myself\n  Added scarletblank\u0027s own portfolio page\n  Added a skeleton portfolio page\n  Update UserGuide.md for search\n\n# Conflicts:\n#\tdocs/UserGuide.md\n","fileTypesAndContributionMap":{}},{"hash":"b6e37004a96c2a5b79c13b5edd8ce55c378e5cf6","isMergeCommit":true,"messageTitle":"Merge branch \u0027master\u0027 of https://github.com/MadLamprey/tp","messageBody":"* \u0027master\u0027 of https://github.com/MadLamprey/tp:\n\n# Conflicts:\n#\tdocs/UserGuide.md\n","fileTypesAndContributionMap":{}},{"hash":"94bfa9f70a48ca96fec8f31809f703ef066c715b","isMergeCommit":false,"messageTitle":"Update PPP","messageBody":"","fileTypesAndContributionMap":{"docs":{"insertions":2,"deletions":1}}},{"hash":"6e2c8df86d0a58ad8a6ec09d7a372ea32db2bc2a","isMergeCommit":true,"messageTitle":"Merge pull request #32 from MadLamprey/branch-skeletalPPP","messageBody":"Add Skeletal PPP for Aditya","fileTypesAndContributionMap":{}},{"hash":"c144b97bc0fab7520a8647f85745aacd99c0ea97","isMergeCommit":true,"messageTitle":"Merge branch \u0027master\u0027 of https://github.com/AY2324S1-CS2103T-W09-4/tp into branch-UG","messageBody":"* \u0027master\u0027 of https://github.com/AY2324S1-CS2103T-W09-4/tp:\n  Update PPP\n","fileTypesAndContributionMap":{}},{"hash":"2a22c1fa006a93214e182d1c57e929816d80770f","isMergeCommit":true,"messageTitle":"Merge branch \u0027master\u0027 of https://github.com/AY2324S1-CS2103T-W09-4/tp","messageBody":"* \u0027master\u0027 of https://github.com/AY2324S1-CS2103T-W09-4/tp:\n  Update PPP\n","fileTypesAndContributionMap":{}},{"hash":"74d7ce567c7ee50460a6f3a04ba52e476d55ce79","isMergeCommit":false,"messageTitle":"Update User Guide","messageBody":"","fileTypesAndContributionMap":{"docs":{"insertions":1,"deletions":0}}}]},{"date":"2023-10-06","commitResults":[{"hash":"b44784352182edf3c43c6df97d8e781f6f448929","isMergeCommit":true,"messageTitle":"Merge branch \u0027master\u0027 of https://github.com/AY2324S1-CS2103T-W09-4/tp","messageBody":"* \u0027master\u0027 of https://github.com/AY2324S1-CS2103T-W09-4/tp:\n  Update DeveloperGuide.md\n  Update UserGuide.md\n  DG updated for \u0027delete\u0027 and \u0027set\u0027 feature\n  Update User Guide\n  Added \u0027set\u0027 feature to UserGuide\n","fileTypesAndContributionMap":{}},{"hash":"c76bcb422a1052c9899f99863469e12780706d9a","isMergeCommit":true,"messageTitle":"Merge branch \u0027master\u0027 into branch-DG","messageBody":"* master:\n  Update DeveloperGuide.md\n  Update UserGuide.md\n  DG updated for \u0027delete\u0027 and \u0027set\u0027 feature\n  Update User Guide\n  Added \u0027set\u0027 feature to UserGuide\n","fileTypesAndContributionMap":{}},{"hash":"fb5ccf83471b4a10a148c03d3837e6348fb7b603","isMergeCommit":true,"messageTitle":"Merge branch \u0027master\u0027 of https://github.com/AY2324S1-CS2103T-W09-4/tp","messageBody":"* \u0027master\u0027 of https://github.com/AY2324S1-CS2103T-W09-4/tp:\n  Update Developer Guide\n  Update Developer Guide\n  Update Developer Guide\n","fileTypesAndContributionMap":{}},{"hash":"2ec19f3b01d18bf9b19ea38862305c7d76c03de6","isMergeCommit":true,"messageTitle":"Merge branch \u0027master\u0027 into branch-DG","messageBody":"* master:\n  Update Developer Guide\n  Update Developer Guide\n  Update Developer Guide\n","fileTypesAndContributionMap":{}},{"hash":"9e476d51e68a9ab0c6588cecb045041869e2ddad","isMergeCommit":false,"messageTitle":"Update Developer Guide","messageBody":"","fileTypesAndContributionMap":{"docs":{"insertions":34,"deletions":0}}},{"hash":"d5912613bc8aba6fa2bf505709818e1f1d68a457","isMergeCommit":true,"messageTitle":"Merge branch \u0027master\u0027 of https://github.com/AY2324S1-CS2103T-W09-4/tp into branch-UG","messageBody":"* \u0027master\u0027 of https://github.com/AY2324S1-CS2103T-W09-4/tp:\n  Update Developer Guide\n  Update Developer Guide\n  Update Developer Guide\n  Update DeveloperGuide.md\n  Update UserGuide.md\n  DG updated for \u0027delete\u0027 and \u0027set\u0027 feature\n  Update User Guide\n  Added \u0027set\u0027 feature to UserGuide\n","fileTypesAndContributionMap":{}},{"hash":"50343ff994134e0baa4c91316913635ceaad6770","isMergeCommit":true,"messageTitle":"Merge pull request #37 from MadLamprey/branch-DG","messageBody":"Update DG","fileTypesAndContributionMap":{}},{"hash":"42bad6453a141050c089d1bc3052207e73dfcc1c","isMergeCommit":true,"messageTitle":"Merge branch \u0027master\u0027 of https://github.com/AY2324S1-CS2103T-W09-4/tp into branch-UG","messageBody":"* \u0027master\u0027 of https://github.com/AY2324S1-CS2103T-W09-4/tp:\n  Update Developer Guide\n","fileTypesAndContributionMap":{}},{"hash":"80228fcd16b316d86725ed307c905b502ae54941","isMergeCommit":false,"messageTitle":"Update UG","messageBody":"","fileTypesAndContributionMap":{"docs":{"insertions":1,"deletions":0}}},{"hash":"54928a659465490aa2d23a26bf459d578b231a65","isMergeCommit":true,"messageTitle":"Merge pull request #38 from MadLamprey/branch-UG","messageBody":"Update UG","fileTypesAndContributionMap":{}}]},{"date":"2023-10-13","commitResults":[{"hash":"7a6ace203ef1419ca6858a871e7ebd82606f2260","isMergeCommit":true,"messageTitle":"Merge branch \u0027master\u0027 of https://github.com/AY2324S1-CS2103T-W09-4/tp","messageBody":"* \u0027master\u0027 of https://github.com/AY2324S1-CS2103T-W09-4/tp:\n  Update UG\n  Update Developer Guide\n  Update User Guide\n","fileTypesAndContributionMap":{}},{"hash":"e1e71dd4cab15beb131b15a81fe5ec83996aa68c","isMergeCommit":false,"messageTitle":"Add basic structure for AddL and AddG commands.","messageBody":"","fileTypesAndContributionMap":{"functional-code":{"insertions":199,"deletions":14},"test-code":{"insertions":1,"deletions":1}}},{"hash":"13c7e85aa8673a6461711d63cb397dd1b0946e84","isMergeCommit":true,"messageTitle":"Merge branch \u0027master\u0027 of https://github.com/AY2324S1-CS2103T-W09-4/tp into branch-addLCommand","messageBody":"* \u0027master\u0027 of https://github.com/AY2324S1-CS2103T-W09-4/tp:\n  updated setCommand Test\n  checkstyleTests\n  added tests\n  ERROR:../src/test/java/seedu/address/logic/commands/SetCommandTest.java:1: trailing whitespace.\n  whitespaceAfter\n  coding standard updates,\n  skeleton tests\n  Coding standard update\n  Comment out unused code\n  Updated PersonTest to accomodate for set command\n  Coding style checks\n  Coding style checks\n  Coding Style changes\n  Implementation of Set Command (Skeleton)\n  Set Command implementation\n\n# Conflicts:\n#\tsrc/main/java/seedu/address/model/person/Person.java\n","fileTypesAndContributionMap":{}},{"hash":"6b14943d73f41741201c2ee5030aa20e874950b3","isMergeCommit":false,"messageTitle":"Update AddL and AddG command","messageBody":"","fileTypesAndContributionMap":{"functional-code":{"insertions":16,"deletions":20},"test-code":{"insertions":1,"deletions":1}}},{"hash":"0dfb5b5163839eadd371d79c54123f903ac6a4e8","isMergeCommit":false,"messageTitle":"Add AddLCommandTest, AddGCommandTest, LinkedInTest and GithubTest","messageBody":"","fileTypesAndContributionMap":{"functional-code":{"insertions":37,"deletions":1},"test-code":{"insertions":114,"deletions":0}}},{"hash":"851a2bbb4008cacb413737f860cf1eb0e2dafe87","isMergeCommit":false,"messageTitle":"Update LinkedInTest and GithubTest","messageBody":"","fileTypesAndContributionMap":{"test-code":{"insertions":16,"deletions":0}}},{"hash":"56c69575cd50a095db4713f1de7b1098fdf7529f","isMergeCommit":true,"messageTitle":"Merge branch \u0027master\u0027 of https://github.com/AY2324S1-CS2103T-W09-4/tp into branch-addLCommand","messageBody":"* \u0027master\u0027 of https://github.com/AY2324S1-CS2103T-W09-4/tp:\n  bug fixing\n  Update Person\n  Add Remark Tutorial\n\n# Conflicts:\n#\tsrc/main/java/seedu/address/model/person/Person.java\n","fileTypesAndContributionMap":{}}]},{"date":"2023-10-15","commitResults":[{"hash":"e426b691ba06dacd2468f74b52a2bad2f3a2a0aa","isMergeCommit":true,"messageTitle":"Merge branch \u0027master\u0027 of https://github.com/AY2324S1-CS2103T-W09-4/tp into branch-addLCommand","messageBody":"* \u0027master\u0027 of https://github.com/AY2324S1-CS2103T-W09-4/tp:\n  Fix nits\n  CI: Improve test coverage\n  Fix search by status\n  CI: improve code coverage\n  Fix checkstyle\n  Update tests for search\n  Feat: Implement search by name and status\n  Status class: add isValidStatus method and message_constraint\n","fileTypesAndContributionMap":{}},{"hash":"0bef0669d692b39bd5144ac92dafdb02bd5723c9","isMergeCommit":true,"messageTitle":"Merge pull request #45 from MadLamprey/branch-addLCommand","messageBody":"Add basic structure for AddL and AddG commands","fileTypesAndContributionMap":{}}]},{"date":"2023-10-16","commitResults":[{"hash":"d67ac03b58fe68c95dc9e4fd6b5747764096101f","isMergeCommit":true,"messageTitle":"Merge branch \u0027master\u0027 of https://github.com/AY2324S1-CS2103T-W09-4/tp","messageBody":"* \u0027master\u0027 of https://github.com/AY2324S1-CS2103T-W09-4/tp: (33 commits)\n  Fix nits\n  CI: Improve test coverage\n  Fix search by status\n  Update  checkstyle issues\n  CI: improve code coverage\n  Update the sort method for List Command\n  Fix checkstyle\n  Update tests for search\n  Update List Command to implement sort\n  bug fixing\n  Update Person\n  Feat: Implement search by name and status\n  Status class: add isValidStatus method and message_constraint\n  Update LinkedInTest and GithubTest\n  Add AddLCommandTest, AddGCommandTest, LinkedInTest and GithubTest\n  Update AddL and AddG command\n  Add basic structure for AddL and AddG commands.\n  updated setCommand Test\n  checkstyleTests\n  added tests\n  ...\n","fileTypesAndContributionMap":{}},{"hash":"85c64f3d5bcd489503c7b59e1b522b7137c93151","isMergeCommit":true,"messageTitle":"Merge branch \u0027master\u0027 of https://github.com/AY2324S1-CS2103T-W09-4/tp","messageBody":"* \u0027master\u0027 of https://github.com/AY2324S1-CS2103T-W09-4/tp:\n  Create Test for View Command\n  Checkstyle fix\n  Add view command\n","fileTypesAndContributionMap":{}}]},{"date":"2023-10-17","commitResults":[{"hash":"2795055e6d5629df02fd0404c6f5c5619fe5f914","isMergeCommit":true,"messageTitle":"Merge branch \u0027master\u0027 into branch-addLCommand","messageBody":"* master:\n  Create Test for View Command\n  Checkstyle fix\n  Add view command\n  Update  checkstyle issues\n  Update the sort method for List Command\n  Update List Command to implement sort\n","fileTypesAndContributionMap":{}},{"hash":"a23da39083a544a2ca5a02f16afa1e173d742400","isMergeCommit":false,"messageTitle":"Update AddLCommand and AddGCommand","messageBody":"","fileTypesAndContributionMap":{"functional-code":{"insertions":206,"deletions":31},"test-code":{"insertions":320,"deletions":43}}},{"hash":"146ece38fc53daad6568d45c3fe4730c3f24d964","isMergeCommit":false,"messageTitle":"Add LinkedInCommand and GithubCommand","messageBody":"","fileTypesAndContributionMap":{"functional-code":{"insertions":164,"deletions":1}}},{"hash":"5789a344bd0ba62fa5aca1158cd4505e9ad548a6","isMergeCommit":true,"messageTitle":"Merge branch \u0027master\u0027 into branch-UG","messageBody":"* master: (36 commits)\n  Create Test for View Command\n  Checkstyle fix\n  Add view command\n  Fix nits\n  CI: Improve test coverage\n  Fix search by status\n  Update  checkstyle issues\n  CI: improve code coverage\n  Update the sort method for List Command\n  Fix checkstyle\n  Update tests for search\n  Update List Command to implement sort\n  bug fixing\n  Update Person\n  Feat: Implement search by name and status\n  Status class: add isValidStatus method and message_constraint\n  Update LinkedInTest and GithubTest\n  Add AddLCommandTest, AddGCommandTest, LinkedInTest and GithubTest\n  Update AddL and AddG command\n  Add basic structure for AddL and AddG commands.\n  ...\n","fileTypesAndContributionMap":{}},{"hash":"d54478d367f43d1adb9ea8d2873cfc4a049c15b4","isMergeCommit":false,"messageTitle":"Update UG for addL and addG Commands","messageBody":"","fileTypesAndContributionMap":{"docs":{"insertions":8,"deletions":8}}},{"hash":"255761010d17f1daebbce84ee017e24fd51afec8","isMergeCommit":true,"messageTitle":"Merge pull request #58 from MadLamprey/branch-addLCommand","messageBody":"Add LinkedIn and Github Command functionalities","fileTypesAndContributionMap":{}},{"hash":"51fb00549f38a3ef20b292d01fcbe4177aed426c","isMergeCommit":true,"messageTitle":"Merge branch \u0027master\u0027 into branch-DG","messageBody":"* master: (37 commits)\n  Create Test for View Command\n  Checkstyle fix\n  Add view command\n  Fix nits\n  CI: Improve test coverage\n  Fix search by status\n  Update  checkstyle issues\n  CI: improve code coverage\n  Update the sort method for List Command\n  Fix checkstyle\n  Update tests for search\n  Update List Command to implement sort\n  bug fixing\n  Update Person\n  Feat: Implement search by name and status\n  Status class: add isValidStatus method and message_constraint\n  Update LinkedInTest and GithubTest\n  Add AddLCommandTest, AddGCommandTest, LinkedInTest and GithubTest\n  Update AddL and AddG command\n  Add basic structure for AddL and AddG commands.\n  ...\n","fileTypesAndContributionMap":{}},{"hash":"9bc5314e05ade81ed1ae4b1c2b3773a9ebc7df5b","isMergeCommit":true,"messageTitle":"Merge branch \u0027master\u0027 of https://github.com/AY2324S1-CS2103T-W09-4/tp","messageBody":"* \u0027master\u0027 of https://github.com/AY2324S1-CS2103T-W09-4/tp:\n  Add LinkedInCommand and GithubCommand\n  Update AddLCommand and AddGCommand\n","fileTypesAndContributionMap":{}},{"hash":"0b6048138f9be04cb9b21ab9d5215522a64a4c7c","isMergeCommit":true,"messageTitle":"Merge branch \u0027master\u0027 into branch-DG","messageBody":"* master:\n  Add LinkedInCommand and GithubCommand\n  Update AddLCommand and AddGCommand\n","fileTypesAndContributionMap":{}},{"hash":"a1fd88b1f03b728f191a1204b586ffd187032ee9","isMergeCommit":true,"messageTitle":"Merge pull request #61 from MadLamprey/branch-UG","messageBody":"Update UG for addL and addG commands","fileTypesAndContributionMap":{}},{"hash":"7296578ec2685c91106e6b2b6276b2bcefbadeec","isMergeCommit":true,"messageTitle":"Merge branch \u0027master\u0027 of https://github.com/AY2324S1-CS2103T-W09-4/tp","messageBody":"* \u0027master\u0027 of https://github.com/AY2324S1-CS2103T-W09-4/tp:\n  Update UG for addL and addG Commands\n","fileTypesAndContributionMap":{}}]},{"date":"2023-10-18","commitResults":[{"hash":"e1d0f5405b369b48090eb70454d1d3249e2852d7","isMergeCommit":true,"messageTitle":"Merge branch \u0027master\u0027 of https://github.com/AY2324S1-CS2103T-W09-4/tp","messageBody":"* \u0027master\u0027 of https://github.com/AY2324S1-CS2103T-W09-4/tp:\n  Fix checkstyle issues\n  Modify search command to search by individual categories\n  checkStyle fix\n  Upgrade UI to better reflect visibility\n","fileTypesAndContributionMap":{}}]},{"date":"2023-10-19","commitResults":[{"hash":"72388d88fc59812d610330831eb6e82efd2a9612","isMergeCommit":true,"messageTitle":"Merge branch \u0027master\u0027 of https://github.com/AY2324S1-CS2103T-W09-4/tp","messageBody":"* \u0027master\u0027 of https://github.com/AY2324S1-CS2103T-W09-4/tp: (23 commits)\n  add responsive view when adding, editing, setting\n  Fixed test\n  Checkstyle fix\n  Update user guide\n  more tests for codecov\n  To pass gradle build tests\n  For CodeCov tests\n  For CodeCov Checks\n  GRADLE AND CODECOV PLEASEEEEEEE\n  to pass gradle build checks\n  some more tests for codecov\n  Some more tests for codecov\n  To pass gradle build tests\n  To pass gradle check tests\n  Added tests to pass Codecov Tests\n  gradle check fix\n  Gradle Build Check fix\n  Attempt to fix Gradle build check\n  Attempt to fix gradle errors\n  Update to fix Gradle check errors\n  ...\n","fileTypesAndContributionMap":{}}]},{"date":"2023-10-23","commitResults":[{"hash":"41c03819e11cf16da6074620490655e9c11632b9","isMergeCommit":true,"messageTitle":"Merge branch \u0027master\u0027 of https://github.com/AY2324S1-CS2103T-W09-4/tp","messageBody":"* \u0027master\u0027 of https://github.com/AY2324S1-CS2103T-W09-4/tp:\n  Remove print statements\n  Fix checkstyle issues for test classes\n  Fix checkstyle issues\n  Remove trailing whitespaces and update user guide\n  Add basic test for List Command\n  Fix sorting for List Command\n  Remove null values from List Command\n","fileTypesAndContributionMap":{}},{"hash":"ab35a76cde35278a0fb44571451298baf49abdf3","isMergeCommit":true,"messageTitle":"Merge branch \u0027master\u0027 of https://github.com/AY2324S1-CS2103T-W09-4/tp","messageBody":"* \u0027master\u0027 of https://github.com/AY2324S1-CS2103T-W09-4/tp:\n  Test for revised remarks\n  Adapt failing test case\n  Amend checkstyle changes \u0026 Remove score\n  Enhance remark\n","fileTypesAndContributionMap":{}},{"hash":"0d62fbf29967ca9583c39a27b5095c7227b6fdd9","isMergeCommit":true,"messageTitle":"Merge branch \u0027master\u0027 into branch-reminders","messageBody":"* master:\n  Test for revised remarks\n  Adapt failing test case\n  Amend checkstyle changes \u0026 Remove score\n  Enhance remark\n","fileTypesAndContributionMap":{}}]},{"date":"2023-10-24","commitResults":[{"hash":"4d0170f0bceeba4832facc8b78f93e0029cb9981","isMergeCommit":false,"messageTitle":"Add functionality for Events","messageBody":"","fileTypesAndContributionMap":{"functional-code":{"insertions":373,"deletions":7}}},{"hash":"9c27e691e75626b4aa58294604bbe77b483281f0","isMergeCommit":false,"messageTitle":"Update functionality for Events","messageBody":"","fileTypesAndContributionMap":{"functional-code":{"insertions":11,"deletions":1}}},{"hash":"b9cea3504ac1a8de82c041d165335d1a24c5d190","isMergeCommit":false,"messageTitle":"Add schedule command","messageBody":"","fileTypesAndContributionMap":{"functional-code":{"insertions":259,"deletions":2}}},{"hash":"b40853ef12c45b251eee1d36f24cdb3deeef859e","isMergeCommit":false,"messageTitle":"Update Events functionality","messageBody":"","fileTypesAndContributionMap":{"functional-code":{"insertions":44,"deletions":19}}}]},{"date":"2023-10-26","commitResults":[{"hash":"160789c529db46a672c78f7bad3feb8a809a51b1","isMergeCommit":false,"messageTitle":"Update Event functionality","messageBody":"","fileTypesAndContributionMap":{"functional-code":{"insertions":639,"deletions":92},"test-code":{"insertions":136,"deletions":47}}},{"hash":"7f43d34b41f4e8a972ace3b61f9fe89e546e06bf","isMergeCommit":true,"messageTitle":"Merge branch \u0027master\u0027 of https://github.com/AY2324S1-CS2103T-W09-4/tp","messageBody":"* \u0027master\u0027 of https://github.com/AY2324S1-CS2103T-W09-4/tp:\n  Checkstyle consistency improved\n  More extensive testing on Status, more Coding standard.\n  Ensured further consistency in coding style\n  Added more extensive testing for Status\n  fix(build): Modified variable access definitions\n  Fixed Variable access definition for Gradle\n  fix(build): Resolve errors from Gradle checks again\n  fix(build): Resolve errors from Gradle checks\n  feat(status): Implement saving for status feature\n","fileTypesAndContributionMap":{}},{"hash":"b159c008a81517f78a033971509484aa03bc071c","isMergeCommit":true,"messageTitle":"Merge branch \u0027master\u0027 into branch-reminders","messageBody":"* master:\n  Checkstyle consistency improved\n  More extensive testing on Status, more Coding standard.\n  Ensured further consistency in coding style\n  Added more extensive testing for Status\n  fix(build): Modified variable access definitions\n  Fixed Variable access definition for Gradle\n  fix(build): Resolve errors from Gradle checks again\n  fix(build): Resolve errors from Gradle checks\n  feat(status): Implement saving for status feature\n","fileTypesAndContributionMap":{}},{"hash":"41281a1d2aa586acf6c48866fa5dbe37456de77f","isMergeCommit":true,"messageTitle":"Merge branch \u0027master\u0027 of https://github.com/AY2324S1-CS2103T-W09-4/tp","messageBody":"* \u0027master\u0027 of https://github.com/AY2324S1-CS2103T-W09-4/tp:\n  Removed automatically imported unused imports\n  Modifications to JUnit tests\n  Added Javadocs to methods for coverage\n  Made some methods public to satisfy codecov tests in ExportCommand\n  Modified testcases for ExportCommand\n  Added a direct test for the ExportCommand\u0027s execute function\n  Added JUnit Tests\n  Removed unused imports\n  Added a testcase for execute\n  Unused imports are removed\n  Removed unused imports\n  Added more JUnit Tests for ExportCommand class\n  Added test cases for AddressBook, Added more abstraction for ExportCommand\n  Fixed errors for CustomImportOrder\n  Fixed imports and added JavaDocs\n  Added a new line at EOF of ExportCommand\n  Implemented the Export Command - Added the ExportCommand class - Implemented CSV export logic - Added unit tests for ExportCommand\n","fileTypesAndContributionMap":{}},{"hash":"17478992ab045815f3b740936817513b53164df0","isMergeCommit":true,"messageTitle":"Merge branch \u0027master\u0027 into branch-reminders","messageBody":"* master:\n  Removed automatically imported unused imports\n  Modifications to JUnit tests\n  Added Javadocs to methods for coverage\n  Made some methods public to satisfy codecov tests in ExportCommand\n  Modified testcases for ExportCommand\n  Added a direct test for the ExportCommand\u0027s execute function\n  Added JUnit Tests\n  Removed unused imports\n  Added a testcase for execute\n  Unused imports are removed\n  Removed unused imports\n  Added more JUnit Tests for ExportCommand class\n  Added test cases for AddressBook, Added more abstraction for ExportCommand\n  Fixed errors for CustomImportOrder\n  Fixed imports and added JavaDocs\n  Added a new line at EOF of ExportCommand\n  Implemented the Export Command - Added the ExportCommand class - Implemented CSV export logic - Added unit tests for ExportCommand\n\n# Conflicts:\n#\tsrc/main/java/seedu/address/logic/parser/AddressBookParser.java\n","fileTypesAndContributionMap":{}},{"hash":"05aa0ff0d8c997108420985db10707ae69ad4d25","isMergeCommit":false,"messageTitle":"Fix bugs","messageBody":"","fileTypesAndContributionMap":{"functional-code":{"insertions":8,"deletions":10}}},{"hash":"350219219caea6e5675798211fc5f06931369e33","isMergeCommit":true,"messageTitle":"Merge branch \u0027master\u0027 into branch-DG","messageBody":"* master: (65 commits)\n  Removed automatically imported unused imports\n  Modifications to JUnit tests\n  Added Javadocs to methods for coverage\n  Made some methods public to satisfy codecov tests in ExportCommand\n  Modified testcases for ExportCommand\n  Added a direct test for the ExportCommand\u0027s execute function\n  Added JUnit Tests\n  Removed unused imports\n  Added a testcase for execute\n  Unused imports are removed\n  Removed unused imports\n  Added more JUnit Tests for ExportCommand class\n  Added test cases for AddressBook, Added more abstraction for ExportCommand\n  Fixed errors for CustomImportOrder\n  Fixed imports and added JavaDocs\n  Added a new line at EOF of ExportCommand\n  Implemented the Export Command - Added the ExportCommand class - Implemented CSV export logic - Added unit tests for ExportCommand\n  Checkstyle consistency improved\n  More extensive testing on Status, more Coding standard.\n  Ensured further consistency in coding style\n  ...\n","fileTypesAndContributionMap":{}},{"hash":"b97b5e85786b0e3cac0363a2e913f50e36ad6fb2","isMergeCommit":false,"messageTitle":"Update DG","messageBody":"","fileTypesAndContributionMap":{"docs":{"insertions":228,"deletions":0}}},{"hash":"3d4879cfc83f13fadc313fae26dd4e5ab5d93c3c","isMergeCommit":true,"messageTitle":"Merge branch \u0027master\u0027 of https://github.com/AY2324S1-CS2103T-W09-4/tp","messageBody":"* \u0027master\u0027 of https://github.com/AY2324S1-CS2103T-W09-4/tp:\n  Further updates to DG and UG\n  Increments to DG and UG\n  Checkstyle fix\n  Add test to score\n  Resolve merge conflict and failing test\n  Update Dev and User Guides\n  Fix checkstyle\n  add score characteristic\n","fileTypesAndContributionMap":{}},{"hash":"a0ef2f83782a61b50a186af584795d4de91a509f","isMergeCommit":true,"messageTitle":"Merge branch \u0027master\u0027 into branch-UG","messageBody":"* master: (74 commits)\n  Further updates to DG and UG\n  Increments to DG and UG\n  Checkstyle fix\n  Add test to score\n  Removed automatically imported unused imports\n  Modifications to JUnit tests\n  Added Javadocs to methods for coverage\n  Made some methods public to satisfy codecov tests in ExportCommand\n  Modified testcases for ExportCommand\n  Added a direct test for the ExportCommand\u0027s execute function\n  Added JUnit Tests\n  Removed unused imports\n  Added a testcase for execute\n  Unused imports are removed\n  Removed unused imports\n  Added more JUnit Tests for ExportCommand class\n  Added test cases for AddressBook, Added more abstraction for ExportCommand\n  Fixed errors for CustomImportOrder\n  Fixed imports and added JavaDocs\n  Added a new line at EOF of ExportCommand\n  ...\n","fileTypesAndContributionMap":{}},{"hash":"1c63d3a58caf5c46544034fed57b85f886bf2895","isMergeCommit":false,"messageTitle":"Update UG","messageBody":"","fileTypesAndContributionMap":{"docs":{"insertions":29,"deletions":0}}}]},{"date":"2023-10-27","commitResults":[{"hash":"7b782a5ebac4139f4457362ec3dea37245a842be","isMergeCommit":true,"messageTitle":"Merge branch \u0027master\u0027 into branch-reminders","messageBody":"","fileTypesAndContributionMap":{}},{"hash":"82ab8ba38131f15b461eba3710b90c4bb2c1a956","isMergeCommit":true,"messageTitle":"Merge branch \u0027master\u0027 of https://github.com/AY2324S1-CS2103T-W09-4/tp into branch-reminders","messageBody":"* \u0027master\u0027 of https://github.com/AY2324S1-CS2103T-W09-4/tp: (35 commits)\n  Release trial jar file\n  Fix UG command summary\n  Fix DG\n  Update DG use case\n  Enable assertions\n  Fix error message for erronous tag inputs\n  Refactor class name again to avoid conflicts in v1.3\n  Update UG command summary\n  Fix checkstyle\n  Update DG and UG\n  Add search picture\n  Refactor find command name to search command\n  Update DG and UG for search\n  Update DG and UG for search\n  Update UG and DG\n  Update UG\n  Add new test cases\n  Added the export feature to the user guide and developer guide\n  Update DG\n  Fix test issues\n  ...\n\n# Conflicts:\n#\tsrc/main/java/seedu/address/logic/parser/CliSyntax.java\n","fileTypesAndContributionMap":{}},{"hash":"16be7067f0e84e52dc2559db1d5bda08ee932701","isMergeCommit":true,"messageTitle":"Merge branch \u0027branch-reminders\u0027 of https://github.com/MadLamprey/tp into branch-reminders","messageBody":"* \u0027branch-reminders\u0027 of https://github.com/MadLamprey/tp:\n","fileTypesAndContributionMap":{}},{"hash":"eeb407c198f3f1880c17eafb0b44c662577c652c","isMergeCommit":true,"messageTitle":"Merge pull request #77 from MadLamprey/branch-reminders","messageBody":"Add functionality for events","fileTypesAndContributionMap":{}}]},{"date":"2023-10-28","commitResults":[{"hash":"0a7b8e7a9f2be16aa634974d65f4244f62332c36","isMergeCommit":true,"messageTitle":"Merge branch \u0027master\u0027 of https://github.com/AY2324S1-CS2103T-W09-4/tp","messageBody":"* \u0027master\u0027 of https://github.com/AY2324S1-CS2103T-W09-4/tp: (33 commits)\n  Release trial jar file\n  Fix UG command summary\n  Fix DG\n  Update DG use case\n  Enable assertions\n  Fix error message for erronous tag inputs\n  Refactor class name again to avoid conflicts in v1.3\n  Update UG command summary\n  Fix checkstyle\n  Update DG and UG\n  Add search picture\n  Refactor find command name to search command\n  Update DG and UG for search\n  Update DG and UG for search\n  Update UG and DG\n  Update UG\n  Add new test cases\n  Added the export feature to the user guide and developer guide\n  Update DG\n  Fix test issues\n  ...\n","fileTypesAndContributionMap":{}},{"hash":"63637a97476ff9f673cd05308394ac9f31728421","isMergeCommit":false,"messageTitle":"Update UI for Events","messageBody":"","fileTypesAndContributionMap":{"functional-code":{"insertions":34,"deletions":12},"test-code":{"insertions":5,"deletions":0}}},{"hash":"c89edc908912aaec8f7d6ee74ec056e33f0cafb8","isMergeCommit":false,"messageTitle":"Fix bugs","messageBody":"","fileTypesAndContributionMap":{"functional-code":{"insertions":1,"deletions":1}}}]}]},"authorFileTypeContributionMap":{"sk2001git":{"docs":356,"functional-code":1683,"test-code":469},"ScarletBlanks":{"docs":122,"functional-code":412,"test-code":257},"AriellaCallista":{"docs":225,"functional-code":365,"test-code":129,"other":4},"ketweeen":{"docs":143,"functional-code":220,"test-code":162},"MadLamprey":{"docs":306,"functional-code":1801,"test-code":541}},"authorContributionVariance":{"sk2001git":20554.738,"ScarletBlanks":7504.4976,"AriellaCallista":14288.946,"ketweeen":7793.279,"MadLamprey":60187.477},"authorDisplayNameMap":{"sk2001git":"CS2103T-W09-4 SEAN..GUAN","ScarletBlanks":"CS2103T-W09-4 GOH .. TAT","AriellaCallista":"CS2103T-W09-4 ARIE..ISTA","ketweeen":"CS2103T-W09-4 CATH..IANG","MadLamprey":"CS2103T-W09-4 MISR..ITYA"}}
