{"authorDailyContributionsMap":{"sk2001git":[{"date":"2023-09-25","commitResults":[{"hash":"c3540b912c6094942ddc622b79925bff1f2c1046","isMergeCommit":false,"messageTitle":"Add Remark Tutorial","messageBody":"","fileTypesAndContributionMap":{"functional-code":{"insertions":208,"deletions":10},"test-code":{"insertions":178,"deletions":2}}}]},{"date":"2023-09-30","commitResults":[{"hash":"d1ab4103023214abbd468e58ec0ff93979405c9f","isMergeCommit":false,"messageTitle":"Update AboutUs page","messageBody":"","fileTypesAndContributionMap":{"docs":{"insertions":31,"deletions":21}}},{"hash":"1aa3b92032ff837c284719649ceeeb16d832e24d","isMergeCommit":true,"messageTitle":"Merge pull request #14 from sk2001git/master","messageBody":"Update AboutUs page","fileTypesAndContributionMap":{}},{"hash":"4011a87f3e0d90b5221e5392cc4506bfa32557f8","isMergeCommit":false,"messageTitle":"Update AboutUs.md","messageBody":"Delete About Us Small components","fileTypesAndContributionMap":{"docs":{"insertions":0,"deletions":1}}},{"hash":"13aade6d3ff1653cda0066536c584c58b59e23a5","isMergeCommit":true,"messageTitle":"Merge pull request #15 from ScarletBlanks/master","messageBody":"Updated README","fileTypesAndContributionMap":{}}]},{"date":"2023-10-03","commitResults":[{"hash":"1615f9e5466c556a990a951372e4607887d21b1b","isMergeCommit":false,"messageTitle":"Updated UG for remark which is adding optional comments","messageBody":"","fileTypesAndContributionMap":{"docs":{"insertions":15,"deletions":0}}},{"hash":"869f2c92c7d333a39f88d2c4148a86f3a9d4c72f","isMergeCommit":false,"messageTitle":"Created PPP","messageBody":"Created own PPP\n","fileTypesAndContributionMap":{"docs":{"insertions":55,"deletions":0}}},{"hash":"dd7c2fb80c801db53eddbb6b98f8942bbf956242","isMergeCommit":true,"messageTitle":"Merge pull request #19 from sk2001git/master","messageBody":"Updated UG for remark which is adding optional comments","fileTypesAndContributionMap":{}},{"hash":"d809a73488eecee65b052e368fefdd644215fb8a","isMergeCommit":false,"messageTitle":"Update reposense","messageBody":"","fileTypesAndContributionMap":{"docs":{"insertions":1,"deletions":1}}},{"hash":"30711c4743383d8b18a6eafcba57e887ca35e0c2","isMergeCommit":true,"messageTitle":"Merge branch \u0027master\u0027 of https://github.com/sk2001git/tp","messageBody":"","fileTypesAndContributionMap":{}}]},{"date":"2023-10-04","commitResults":[{"hash":"928462f86c823899b9a7ae4d6a529d17f9f3f9ee","isMergeCommit":false,"messageTitle":"Update Developer Guide","messageBody":"Updated developer guide as part of v1.1\n","fileTypesAndContributionMap":{"docs":{"insertions":76,"deletions":15}}},{"hash":"f44778dfc46adc40828533792c79c93e7b964e06","isMergeCommit":true,"messageTitle":"Merge branch \u0027master\u0027 of https://github.com/AY2324S1-CS2103T-W09-4/tp","messageBody":"","fileTypesAndContributionMap":{}},{"hash":"4f03de6c666b99b6fcd45682cb488e65bc9cb0fc","isMergeCommit":true,"messageTitle":"Merge pull request #22 from sk2001git/master","messageBody":"Update PPP","fileTypesAndContributionMap":{}},{"hash":"19d4c8b6d34c3e2b830a340248374e1f51e51856","isMergeCommit":false,"messageTitle":"Update PPP","messageBody":"Updated individual PPP\n","fileTypesAndContributionMap":{"docs":{"insertions":3,"deletions":0}}}]},{"date":"2023-10-05","commitResults":[{"hash":"eb31c298cfcb52eb06f0ab71345070dab348f1b5","isMergeCommit":true,"messageTitle":"Merge pull request #29 from sk2001git/branch-minorEditForUGDG","messageBody":"Update PPP","fileTypesAndContributionMap":{}}]},{"date":"2023-10-13","commitResults":[{"hash":"e19d7fe73b33c2565ff377483f6edf75ab65a0a3","isMergeCommit":true,"messageTitle":"Resolve merge conflict with remark","messageBody":"Merge conflict with status resolved\n","fileTypesAndContributionMap":{}},{"hash":"b0d346891cd52df6d267c011229b8134a4ffcda5","isMergeCommit":false,"messageTitle":"Update Person","messageBody":"","fileTypesAndContributionMap":{"functional-code":{"insertions":1,"deletions":1}}},{"hash":"ac6cf62662a432e8ca248c3638debbad20a57a45","isMergeCommit":false,"messageTitle":"bug fixing","messageBody":"seems that implementing status.equals(otherPerson.status) causes errors\n","fileTypesAndContributionMap":{"functional-code":{"insertions":2,"deletions":3}}},{"hash":"c99a9ecf6c2551539edf247c303e1e946e3582e0","isMergeCommit":true,"messageTitle":"Merge pull request #47 from sk2001git/tutorial-adding-command","messageBody":"Added remark comments","fileTypesAndContributionMap":{}}]}],"ScarletBlanks":[{"date":"2023-09-30","commitResults":[{"hash":"2c1db0bfdf0d70389c85f16add861e10ca56f636","isMergeCommit":false,"messageTitle":"Updated README","messageBody":"","fileTypesAndContributionMap":{"docs":{"insertions":52,"deletions":14}}}]},{"date":"2023-10-03","commitResults":[{"hash":"df0bda0aa1096b29a757ae03af155eb4d5e9c1ca","isMergeCommit":false,"messageTitle":"Added a skeleton portfolio page","messageBody":"","fileTypesAndContributionMap":{"docs":{"insertions":17,"deletions":0}}},{"hash":"b3cec5757a16ab5d5f38bb5cc9e431c37beef89d","isMergeCommit":false,"messageTitle":"Added scarletblank\u0027s own portfolio page","messageBody":"","fileTypesAndContributionMap":{"docs":{"insertions":5,"deletions":4}}},{"hash":"e88f7e09e72d323089af59aeef8376be269192b2","isMergeCommit":false,"messageTitle":"Added skeleton portfolio for myself","messageBody":"","fileTypesAndContributionMap":{"docs":{"insertions":0,"deletions":1}}},{"hash":"8f60575a66005b7a0e7385d31b98a94d45c9bfcb","isMergeCommit":false,"messageTitle":"RepoSense link updated","messageBody":"","fileTypesAndContributionMap":{"docs":{"insertions":1,"deletions":1}}}]},{"date":"2023-10-05","commitResults":[{"hash":"6cc737987f3325fcb40d74d8aaa6b75f96b4e7ca","isMergeCommit":false,"messageTitle":"moved \"JABPro aims to solve...\" to a new line below ## Overview?","messageBody":"","fileTypesAndContributionMap":{"docs":{"insertions":2,"deletions":1}}},{"hash":"cb75a8d91c63810fc8b1fff5f94409075eccf570","isMergeCommit":true,"messageTitle":"Merge pull request #21 from ScarletBlanks/master","messageBody":"Added a skeleton portfolio page - scarletblanks","fileTypesAndContributionMap":{}},{"hash":"0dd34a8a4b0471976180fd3e61ecf34cba4a7014","isMergeCommit":false,"messageTitle":"Added \u0027set\u0027 feature to UserGuide","messageBody":"","fileTypesAndContributionMap":{"docs":{"insertions":20,"deletions":0}}},{"hash":"9172d1fc4f5e8a7f78d315adbe5510a1d6687caf","isMergeCommit":false,"messageTitle":"DG updated for \u0027delete\u0027 and \u0027set\u0027 feature","messageBody":"","fileTypesAndContributionMap":{"docs":{"insertions":42,"deletions":3}}},{"hash":"21346724d14b9d71a5a9acddc6a9a2e3d050e417","isMergeCommit":true,"messageTitle":"Merge branch \u0027master\u0027 into branch-UG","messageBody":"","fileTypesAndContributionMap":{}},{"hash":"8bb7a96d898f8a88bd0c6837b3d883759cdf47dd","isMergeCommit":false,"messageTitle":"Update UserGuide.md","messageBody":"","fileTypesAndContributionMap":{"docs":{"insertions":1,"deletions":1}}},{"hash":"fb096bfe3419cb92727e1debb38d6630eebc6458","isMergeCommit":true,"messageTitle":"Merge pull request #31 from ScarletBlanks/branch-UG","messageBody":"User Guide - \u0027set\u0027 feature description and usage added.","fileTypesAndContributionMap":{}},{"hash":"0978dae9f5df4de3de9b16b824208961c59d3458","isMergeCommit":false,"messageTitle":"Update DeveloperGuide.md","messageBody":"","fileTypesAndContributionMap":{"docs":{"insertions":1,"deletions":1}}},{"hash":"f60e527cdfd166e74b622fb55ef35ea17bb20da7","isMergeCommit":true,"messageTitle":"Merge pull request #34 from ScarletBlanks/branch-DG","messageBody":"DG updated for \u0027delete\u0027 and \u0027set\u0027 feature","fileTypesAndContributionMap":{}}]},{"date":"2023-10-12","commitResults":[{"hash":"d8b45cd82bddcbab67b5eaafbf0fabac11ddfcfd","isMergeCommit":false,"messageTitle":"Set Command implementation","messageBody":"","fileTypesAndContributionMap":{"functional-code":{"insertions":123,"deletions":0}}},{"hash":"3ac651ba06a953d734d5ba095d42065ec996bd9b","isMergeCommit":false,"messageTitle":"Implementation of Set Command (Skeleton)","messageBody":"","fileTypesAndContributionMap":{"functional-code":{"insertions":2,"deletions":2}}},{"hash":"3b51237bac16d721152c21062a78c9c83c7d6ced","isMergeCommit":false,"messageTitle":"Coding Style changes","messageBody":"","fileTypesAndContributionMap":{"functional-code":{"insertions":13,"deletions":29}}},{"hash":"a0ac81ad2f6f550345e59b37b6618598610b8a24","isMergeCommit":false,"messageTitle":"Coding style checks","messageBody":"","fileTypesAndContributionMap":{"functional-code":{"insertions":14,"deletions":4}}},{"hash":"26bb3cdd6e99639152e9431b00d606e6f4da51ae","isMergeCommit":false,"messageTitle":"Coding style checks","messageBody":"","fileTypesAndContributionMap":{"functional-code":{"insertions":2,"deletions":2}}},{"hash":"46b041f0e431728aa9dfd341c340844bf48c50d5","isMergeCommit":false,"messageTitle":"Updated PersonTest to accomodate for set command","messageBody":"","fileTypesAndContributionMap":{"test-code":{"insertions":2,"deletions":1}}},{"hash":"e93dd5856647b81b4e0f6b4a4b825e0d3c8118b2","isMergeCommit":false,"messageTitle":"Comment out unused code","messageBody":"","fileTypesAndContributionMap":{"functional-code":{"insertions":4,"deletions":4}}},{"hash":"169773b484039432b8e8c5860d6b5172fb80b03e","isMergeCommit":false,"messageTitle":"Coding standard update","messageBody":"","fileTypesAndContributionMap":{"functional-code":{"insertions":1,"deletions":1}}}]},{"date":"2023-10-13","commitResults":[{"hash":"5d523b87788df38fe6f798da4872ccb37d933bc9","isMergeCommit":false,"messageTitle":"skeleton tests","messageBody":"","fileTypesAndContributionMap":{"test-code":{"insertions":2,"deletions":0}}},{"hash":"0570137ce0f2102dedc44a6338294d9acc62f581","isMergeCommit":false,"messageTitle":"coding standard updates,","messageBody":"","fileTypesAndContributionMap":{"functional-code":{"insertions":7,"deletions":15},"test-code":{"insertions":16,"deletions":1}}},{"hash":"16ce87e4e343c7bd3446daab91844ebd169d96c1","isMergeCommit":false,"messageTitle":"whitespaceAfter","messageBody":"","fileTypesAndContributionMap":{"test-code":{"insertions":1,"deletions":1}}},{"hash":"0b2b235f72444f49c3facf0dfad31acd6e8aecba","isMergeCommit":false,"messageTitle":"ERROR:../src/test/java/seedu/address/logic/commands/SetCommandTest.java:1: trailing whitespace.","messageBody":"","fileTypesAndContributionMap":{"test-code":{"insertions":1,"deletions":1}}},{"hash":"a015ec6978f65de5b306305e38e7ab1769a9a206","isMergeCommit":false,"messageTitle":"added tests","messageBody":"","fileTypesAndContributionMap":{"test-code":{"insertions":6,"deletions":6}}},{"hash":"d6bdfef7c6ab3be4a58f50a96de943f6d48cc9fe","isMergeCommit":false,"messageTitle":"checkstyleTests","messageBody":"","fileTypesAndContributionMap":{"test-code":{"insertions":2,"deletions":1}}},{"hash":"6be54c19db76e484ab04408d98c5ad85d3e58ace","isMergeCommit":false,"messageTitle":"updated setCommand Test","messageBody":"","fileTypesAndContributionMap":{"test-code":{"insertions":1,"deletions":1}}},{"hash":"2fc3e327ddb228b8b4425a287a0281e1bea6b120","isMergeCommit":true,"messageTitle":"Merge pull request #44 from ScarletBlanks/branch-SetCommand","messageBody":"Set Command implementation","fileTypesAndContributionMap":{}}]}],"AriellaCallista":[{"date":"2023-09-30","commitResults":[{"hash":"55581d9400ddfb4ca3eddd11a6065d24a4f877c6","isMergeCommit":true,"messageTitle":"Merge branch \u0027master\u0027 of https://github.com/AriellaCallista/tp","messageBody":"","fileTypesAndContributionMap":{}}]},{"date":"2023-10-03","commitResults":[{"hash":"3782196b4895eca0009a887276f61f8e0a9f51cb","isMergeCommit":false,"messageTitle":"Update UserGuide.md for search","messageBody":"","fileTypesAndContributionMap":{"docs":{"insertions":38,"deletions":12}}},{"hash":"653b2e14090522f77b3265d5532509291c2b2f49","isMergeCommit":false,"messageTitle":"Add skeletal ppp for ariella","messageBody":"","fileTypesAndContributionMap":{"docs":{"insertions":25,"deletions":0}}},{"hash":"52c2ef4c4aa5650cb2f1304a7ad10e0fd5f283ec","isMergeCommit":true,"messageTitle":"Merge branch \u0027AY2324S1-CS2103T-W09-4:master\u0027 into master","messageBody":"","fileTypesAndContributionMap":{}},{"hash":"4af5687a037271acabe000c3c98844e625464ebe","isMergeCommit":false,"messageTitle":"Update UserGuide.md title","messageBody":"","fileTypesAndContributionMap":{"docs":{"insertions":16,"deletions":15}}},{"hash":"0822b089c5ef33a664a8415e4c462fad7200cd3d","isMergeCommit":true,"messageTitle":"Merge pull request #23 from AriellaCallista/master","messageBody":"Add skeletal PPP and update UserGuide.md for search","fileTypesAndContributionMap":{}}]},{"date":"2023-10-05","commitResults":[{"hash":"80f0689cae01efd830564b3c64fcd1a1902dc660","isMergeCommit":true,"messageTitle":"Merge branch \u0027master\u0027 of https://github.com/AriellaCallista/tp","messageBody":"","fileTypesAndContributionMap":{}},{"hash":"c5d18da810957df784dfa1c3f7e40331a8dff90a","isMergeCommit":false,"messageTitle":"Add use cases for search","messageBody":"","fileTypesAndContributionMap":{"docs":{"insertions":47,"deletions":2}}},{"hash":"208b3e6035cc5209d0439ddca8015a6ac1d46183","isMergeCommit":true,"messageTitle":"Merge pull request #30 from AriellaCallista/branch-DeveloperGuide","messageBody":"Update DG: add use cases for search","fileTypesAndContributionMap":{}}]},{"date":"2023-10-06","commitResults":[{"hash":"9fc636edbe84cd8be919c5d3f8df00e91af67688","isMergeCommit":true,"messageTitle":"Merge pull request #35 from ketweeen/branch-DeveloperGuide","messageBody":"Update Developer Guide","fileTypesAndContributionMap":{}}]}],"ketweeen":[{"date":"2023-10-04","commitResults":[{"hash":"fe3a15288802b1d2571d4b41c9359144175e02b9","isMergeCommit":false,"messageTitle":"Add skeletal PPP","messageBody":"","fileTypesAndContributionMap":{"docs":{"insertions":24,"deletions":0}}},{"hash":"86f9edbc9cd131337016882e8ddad18bd0ea68c5","isMergeCommit":false,"messageTitle":"Update skeletal PPP","messageBody":"","fileTypesAndContributionMap":{"docs":{"insertions":1,"deletions":1}}}]},{"date":"2023-10-05","commitResults":[{"hash":"3e8900b3a62775cf96f3c28a09f359c45972d7e7","isMergeCommit":true,"messageTitle":"Merge pull request #28 from ketweeen/branch-skeletalPPP","messageBody":"Add skeletal ppp for Catherine","fileTypesAndContributionMap":{}},{"hash":"7ce30ca01bf7717284ed6d72f993de1b6a7759d4","isMergeCommit":false,"messageTitle":"Update User Guide","messageBody":"","fileTypesAndContributionMap":{"docs":{"insertions":11,"deletions":2}}},{"hash":"6217098251167f1f32dd3458958803fc4fc05dad","isMergeCommit":true,"messageTitle":"Merge branch \u0027master\u0027 into branch-UserGuide","messageBody":"","fileTypesAndContributionMap":{}},{"hash":"5896718bd1037e068e0840f7fb09f870e0f1f6af","isMergeCommit":true,"messageTitle":"Merge pull request #33 from ketweeen/branch-UserGuide","messageBody":"Update User Guide","fileTypesAndContributionMap":{}}]},{"date":"2023-10-06","commitResults":[{"hash":"74a48a9c0734d7583da2d13fa0cd7e8210f71c18","isMergeCommit":false,"messageTitle":"Update Developer Guide","messageBody":"","fileTypesAndContributionMap":{"docs":{"insertions":55,"deletions":57}}},{"hash":"a131762273a2e42c45cc91ea3b577a475410ac6e","isMergeCommit":false,"messageTitle":"Update Developer Guide","messageBody":"","fileTypesAndContributionMap":{"docs":{"insertions":57,"deletions":55}}},{"hash":"09212359ee531de2992888667c71068f5125b5fc","isMergeCommit":true,"messageTitle":"Merge branch \u0027master\u0027 of https://github.com/AY2324S1-CS2103T-W09-4/tp into branch-DeveloperGuide","messageBody":"","fileTypesAndContributionMap":{}},{"hash":"56bacf4ea7df631f4e1975a74bf436380d9e8119","isMergeCommit":false,"messageTitle":"Update Developer Guide","messageBody":"Added use case for list command. Fixed minor formatting issues.\n","fileTypesAndContributionMap":{"docs":{"insertions":64,"deletions":77}}}]}],"MadLamprey":[{"date":"2023-09-30","commitResults":[{"hash":"c104e8ebab78e3bc1626a165926df2f9d1731be7","isMergeCommit":false,"messageTitle":"Update UserGuide.md","messageBody":"","fileTypesAndContributionMap":{"docs":{"insertions":26,"deletions":132}}},{"hash":"e1bd7c7ccaabeab3015131ba259cd1ca7987730b","isMergeCommit":false,"messageTitle":"Create madlamprey.md","messageBody":"","fileTypesAndContributionMap":{"docs":{"insertions":27,"deletions":0}}}]},{"date":"2023-10-03","commitResults":[{"hash":"09c8dc511a721d61342bbeb694c44c373162414e","isMergeCommit":true,"messageTitle":"Merge remote-tracking branch \u0027upstream/master\u0027","messageBody":"# Conflicts:\n#\tdocs/UserGuide.md\n","fileTypesAndContributionMap":{}},{"hash":"b2a0d6014f139d184894c1c38489ca77d0babd37","isMergeCommit":true,"messageTitle":"Merge branch \u0027master\u0027 of https://github.com/MadLamprey/tp","messageBody":"* \u0027master\u0027 of https://github.com/MadLamprey/tp:\n  Created PPP\n  Updated UG for remark which is adding optional comments\n  Create madlamprey.md\n  Update UserGuide.md\n  Updated README\n  Update ui.png\n  Update AboutUs.md\n  Update AboutUs page\n","fileTypesAndContributionMap":{}},{"hash":"ce37462b11619492582442fc704bfaa8d17ed750","isMergeCommit":false,"messageTitle":"Update PPP","messageBody":"","fileTypesAndContributionMap":{"docs":{"insertions":16,"deletions":18}}},{"hash":"f460414df6b26396fc8fac93e150f875afa50e7e","isMergeCommit":true,"messageTitle":"Merge branch \u0027master\u0027 of https://github.com/MadLamprey/tp","messageBody":"* \u0027master\u0027 of https://github.com/MadLamprey/tp:\n","fileTypesAndContributionMap":{}},{"hash":"c59db84efb5c1e0e09b2c6513f7c72fd5fc10819","isMergeCommit":false,"messageTitle":"Update PPP","messageBody":"","fileTypesAndContributionMap":{"docs":{"insertions":2,"deletions":2}}},{"hash":"8514a7863610a614279029d4a03a57c130f284ee","isMergeCommit":true,"messageTitle":"Merge branch \u0027master\u0027 into master","messageBody":"","fileTypesAndContributionMap":{}}]},{"date":"2023-10-05","commitResults":[{"hash":"cd468dc0f94d9ff2449e15cf41ddce01bddfc5f2","isMergeCommit":true,"messageTitle":"Merge branch \u0027master\u0027 of https://github.com/AY2324S1-CS2103T-W09-4/tp","messageBody":"* \u0027master\u0027 of https://github.com/AY2324S1-CS2103T-W09-4/tp:\n  moved \"JABPro aims to solve...\" to a new line below ## Overview?\n  Add use cases for search\n  Update PPP\n  Update skeletal PPP\n  Add skeletal PPP\n  Update Developer Guide\n  Update UserGuide.md title\n  RepoSense link updated\n  Add skeletal ppp for ariella\n  Update reposense\n  Added skeleton portfolio for myself\n  Added scarletblank\u0027s own portfolio page\n  Added a skeleton portfolio page\n  Update UserGuide.md for search\n\n# Conflicts:\n#\tdocs/UserGuide.md\n","fileTypesAndContributionMap":{}},{"hash":"b6e37004a96c2a5b79c13b5edd8ce55c378e5cf6","isMergeCommit":true,"messageTitle":"Merge branch \u0027master\u0027 of https://github.com/MadLamprey/tp","messageBody":"* \u0027master\u0027 of https://github.com/MadLamprey/tp:\n\n# Conflicts:\n#\tdocs/UserGuide.md\n","fileTypesAndContributionMap":{}},{"hash":"94bfa9f70a48ca96fec8f31809f703ef066c715b","isMergeCommit":false,"messageTitle":"Update PPP","messageBody":"","fileTypesAndContributionMap":{"docs":{"insertions":2,"deletions":1}}},{"hash":"6e2c8df86d0a58ad8a6ec09d7a372ea32db2bc2a","isMergeCommit":true,"messageTitle":"Merge pull request #32 from MadLamprey/branch-skeletalPPP","messageBody":"Add Skeletal PPP for Aditya","fileTypesAndContributionMap":{}},{"hash":"c144b97bc0fab7520a8647f85745aacd99c0ea97","isMergeCommit":true,"messageTitle":"Merge branch \u0027master\u0027 of https://github.com/AY2324S1-CS2103T-W09-4/tp into branch-UG","messageBody":"* \u0027master\u0027 of https://github.com/AY2324S1-CS2103T-W09-4/tp:\n  Update PPP\n","fileTypesAndContributionMap":{}},{"hash":"2a22c1fa006a93214e182d1c57e929816d80770f","isMergeCommit":true,"messageTitle":"Merge branch \u0027master\u0027 of https://github.com/AY2324S1-CS2103T-W09-4/tp","messageBody":"* \u0027master\u0027 of https://github.com/AY2324S1-CS2103T-W09-4/tp:\n  Update PPP\n","fileTypesAndContributionMap":{}},{"hash":"74d7ce567c7ee50460a6f3a04ba52e476d55ce79","isMergeCommit":false,"messageTitle":"Update User Guide","messageBody":"","fileTypesAndContributionMap":{"docs":{"insertions":1,"deletions":0}}}]},{"date":"2023-10-06","commitResults":[{"hash":"b44784352182edf3c43c6df97d8e781f6f448929","isMergeCommit":true,"messageTitle":"Merge branch \u0027master\u0027 of https://github.com/AY2324S1-CS2103T-W09-4/tp","messageBody":"* \u0027master\u0027 of https://github.com/AY2324S1-CS2103T-W09-4/tp:\n  Update DeveloperGuide.md\n  Update UserGuide.md\n  DG updated for \u0027delete\u0027 and \u0027set\u0027 feature\n  Update User Guide\n  Added \u0027set\u0027 feature to UserGuide\n","fileTypesAndContributionMap":{}},{"hash":"c76bcb422a1052c9899f99863469e12780706d9a","isMergeCommit":true,"messageTitle":"Merge branch \u0027master\u0027 into branch-DG","messageBody":"* master:\n  Update DeveloperGuide.md\n  Update UserGuide.md\n  DG updated for \u0027delete\u0027 and \u0027set\u0027 feature\n  Update User Guide\n  Added \u0027set\u0027 feature to UserGuide\n","fileTypesAndContributionMap":{}},{"hash":"fb5ccf83471b4a10a148c03d3837e6348fb7b603","isMergeCommit":true,"messageTitle":"Merge branch \u0027master\u0027 of https://github.com/AY2324S1-CS2103T-W09-4/tp","messageBody":"* \u0027master\u0027 of https://github.com/AY2324S1-CS2103T-W09-4/tp:\n  Update Developer Guide\n  Update Developer Guide\n  Update Developer Guide\n","fileTypesAndContributionMap":{}},{"hash":"2ec19f3b01d18bf9b19ea38862305c7d76c03de6","isMergeCommit":true,"messageTitle":"Merge branch \u0027master\u0027 into branch-DG","messageBody":"* master:\n  Update Developer Guide\n  Update Developer Guide\n  Update Developer Guide\n","fileTypesAndContributionMap":{}},{"hash":"9e476d51e68a9ab0c6588cecb045041869e2ddad","isMergeCommit":false,"messageTitle":"Update Developer Guide","messageBody":"","fileTypesAndContributionMap":{"docs":{"insertions":34,"deletions":0}}},{"hash":"d5912613bc8aba6fa2bf505709818e1f1d68a457","isMergeCommit":true,"messageTitle":"Merge branch \u0027master\u0027 of https://github.com/AY2324S1-CS2103T-W09-4/tp into branch-UG","messageBody":"* \u0027master\u0027 of https://github.com/AY2324S1-CS2103T-W09-4/tp:\n  Update Developer Guide\n  Update Developer Guide\n  Update Developer Guide\n  Update DeveloperGuide.md\n  Update UserGuide.md\n  DG updated for \u0027delete\u0027 and \u0027set\u0027 feature\n  Update User Guide\n  Added \u0027set\u0027 feature to UserGuide\n","fileTypesAndContributionMap":{}},{"hash":"50343ff994134e0baa4c91316913635ceaad6770","isMergeCommit":true,"messageTitle":"Merge pull request #37 from MadLamprey/branch-DG","messageBody":"Update DG","fileTypesAndContributionMap":{}},{"hash":"42bad6453a141050c089d1bc3052207e73dfcc1c","isMergeCommit":true,"messageTitle":"Merge branch \u0027master\u0027 of https://github.com/AY2324S1-CS2103T-W09-4/tp into branch-UG","messageBody":"* \u0027master\u0027 of https://github.com/AY2324S1-CS2103T-W09-4/tp:\n  Update Developer Guide\n","fileTypesAndContributionMap":{}},{"hash":"80228fcd16b316d86725ed307c905b502ae54941","isMergeCommit":false,"messageTitle":"Update UG","messageBody":"","fileTypesAndContributionMap":{"docs":{"insertions":1,"deletions":0}}},{"hash":"54928a659465490aa2d23a26bf459d578b231a65","isMergeCommit":true,"messageTitle":"Merge pull request #38 from MadLamprey/branch-UG","messageBody":"Update UG","fileTypesAndContributionMap":{}}]}]},"authorFileTypeContributionMap":{"sk2001git":{"docs":156,"functional-code":214,"test-code":181},"ScarletBlanks":{"docs":110,"functional-code":117,"test-code":19},"AriellaCallista":{"docs":95,"functional-code":0,"test-code":0},"ketweeen":{"docs":87,"functional-code":0,"test-code":0},"MadLamprey":{"docs":73,"functional-code":0,"test-code":0}},"authorContributionVariance":{"sk2001git":7162.869,"ScarletBlanks":2150.8533,"AriellaCallista":570.2253,"ketweeen":5756.8687,"MadLamprey":1535.9015},"authorDisplayNameMap":{"sk2001git":"CS2103T-W09-4 SEAN..GUAN","ScarletBlanks":"CS2103T-W09-4 GOH .. TAT","AriellaCallista":"CS2103T-W09-4 ARIE..ISTA","ketweeen":"CS2103T-W09-4 CATH..IANG","MadLamprey":"CS2103T-W09-4 MISR..ITYA"}}
