{"authorDailyContributionsMap":{"iyioon":[{"date":"2023-09-23","commitResults":[{"hash":"40ab3127ac6292152c3802ef749daf51cf3068dd","isMergeCommit":false,"messageTitle":"Add Moon Ji Hoon Info","messageBody":"","fileTypesAndContributionMap":{"docs":{"insertions":9,"deletions":4}}},{"hash":"012c2e1350365b4d9de92e6196b157c974ca6806","isMergeCommit":false,"messageTitle":"Change portfolio file name","messageBody":"","fileTypesAndContributionMap":{"docs":{"insertions":1,"deletions":1}}},{"hash":"46d817d0e7e61a0f9b788b94550cbd4a84c9041f","isMergeCommit":true,"messageTitle":"Merge pull request #61 from AryanG01/add-aryanGanju-info","messageBody":"Add AryanG01 info","fileTypesAndContributionMap":{}},{"hash":"f99f5d718911fa8f4aa051c49083cede33ed9e83","isMergeCommit":true,"messageTitle":"Merge pull request #64 from RB9823/add-rohanBahl-info","messageBody":"Add RB9823 info","fileTypesAndContributionMap":{}},{"hash":"ac1d309e658751d09bde0e9809459b8df2060fe0","isMergeCommit":true,"messageTitle":"Merge pull request #63 from markgcera/add-markGarcera-info","messageBody":"Add markgcera info","fileTypesAndContributionMap":{}},{"hash":"c8ee41dc2ba1053b084707ee72a0d5018dca30c3","isMergeCommit":true,"messageTitle":"Merge pull request #70 from AnnabelTing/add-annabelting-info","messageBody":"Add AnnabelTing info","fileTypesAndContributionMap":{}}]},{"date":"2023-09-24","commitResults":[{"hash":"7e52916d720c293c12ebfc5d929eef0b5f62e114","isMergeCommit":true,"messageTitle":"Merge pull request #78 from markgcera/add-UI-mockup","messageBody":"Add UI mockup","fileTypesAndContributionMap":{}},{"hash":"074ede388e18f7d7c4d3dfe6325ab61669c97bb3","isMergeCommit":false,"messageTitle":"Add Search for a booking feature in UserGuide.md","messageBody":"","fileTypesAndContributionMap":{"docs":{"insertions":15,"deletions":0}}}]},{"date":"2023-09-25","commitResults":[{"hash":"c2e068c78880c1135fe043d7820031d9bbc768d8","isMergeCommit":false,"messageTitle":"Update README.md","messageBody":"- Update the link of the GitHub Actions build status badge\n- Acknowledge the original source of the code\n","fileTypesAndContributionMap":{"docs":{"insertions":4,"deletions":1}}},{"hash":"562f3b147719c30f77034a320ff9db0922cac9de","isMergeCommit":true,"messageTitle":"Merge pull request #88 from iyioon/updateReadMe-iyioon","messageBody":"Update README.md","fileTypesAndContributionMap":{}},{"hash":"fffb3d5d897bf926c49c00ac418eb8ffbebeb102","isMergeCommit":false,"messageTitle":"Update Project Portfolio Page","messageBody":"","fileTypesAndContributionMap":{"docs":{"insertions":21,"deletions":0}}},{"hash":"df5cf62f7b4cd3f6b7ca35ead9b2fc1edf9ed13d","isMergeCommit":false,"messageTitle":"Update PPP","messageBody":"","fileTypesAndContributionMap":{"docs":{"insertions":1,"deletions":1}}},{"hash":"bb7e0189fa13dcbef64cbc7bc884b312dde3a208","isMergeCommit":false,"messageTitle":"Update PPP","messageBody":"","fileTypesAndContributionMap":{"docs":{"insertions":2,"deletions":0}}},{"hash":"2fa9260a76a24d3c26a7a58273cab669a5bc2217","isMergeCommit":true,"messageTitle":"Merge pull request #90 from AryanG01/Add-a-skeletal-PPP-AryanG01","messageBody":"Add a skeletal PPP","fileTypesAndContributionMap":{}},{"hash":"66a9d2157d40df2e56fd11d7b6fcb1614d1ca383","isMergeCommit":true,"messageTitle":"Merge pull request #92 from markgcera/Add-a-skeletal-PPP-markgcera","messageBody":"Add a skeletal PPP for markgcera","fileTypesAndContributionMap":{}}]},{"date":"2023-09-30","commitResults":[{"hash":"477f804fe04757f9e1651b868a5d8d275c829753","isMergeCommit":false,"messageTitle":"Create booking and room model","messageBody":"","fileTypesAndContributionMap":{"functional-code":{"insertions":315,"deletions":0},"test-code":{"insertions":1,"deletions":1}}},{"hash":"2fc74ae620fad13b1fb440fa3b33ad9bc77b25c1","isMergeCommit":false,"messageTitle":"Fix checkstyle","messageBody":"","fileTypesAndContributionMap":{"functional-code":{"insertions":5,"deletions":2}}},{"hash":"106fffdef1e9e4543a2dbd89d7bb2cc8ce8db44b","isMergeCommit":true,"messageTitle":"Merge pull request #99 from iyioon/Initial-Skeleton-v1.2","messageBody":"Create booking and room model","fileTypesAndContributionMap":{}}]},{"date":"2023-10-11","commitResults":[{"hash":"741cfbad46a648bf69927f806e53b585da990c58","isMergeCommit":false,"messageTitle":"Fix EditBookingDescriptorTest toStringMethod","messageBody":"","fileTypesAndContributionMap":{"test-code":{"insertions":2,"deletions":1}}},{"hash":"b207005ff0c72aa7b65e1d0291c325289d90bc40","isMergeCommit":false,"messageTitle":"Fix BookingTest toStringMethod","messageBody":"","fileTypesAndContributionMap":{"test-code":{"insertions":1,"deletions":1}}},{"hash":"fe3bf738b75b70063d7d5fd0658b899ebe692ec1","isMergeCommit":false,"messageTitle":"Change output name and add search by room number","messageBody":"","fileTypesAndContributionMap":{"functional-code":{"insertions":4,"deletions":3},"test-code":{"insertions":3,"deletions":3}}}]},{"date":"2023-10-12","commitResults":[{"hash":"14163403d327de12e72863488fedd24b3e5e7499","isMergeCommit":false,"messageTitle":"Add test for find by room","messageBody":"","fileTypesAndContributionMap":{"test-code":{"insertions":4,"deletions":0}}}]},{"date":"2023-10-15","commitResults":[{"hash":"69266c60eed0fa97fb5f776d8b5b78eeb0833691","isMergeCommit":false,"messageTitle":"Add booking period field to booking.","messageBody":"","fileTypesAndContributionMap":{"functional-code":{"insertions":230,"deletions":170},"docs":{"insertions":41,"deletions":41},"test-code":{"insertions":101,"deletions":98}}}]},{"date":"2023-10-23","commitResults":[{"hash":"942a258c885effa527a8a4fa1dbd84c1c9f6b3e8","isMergeCommit":true,"messageTitle":"Merge pull request #140 from markgcera/master","messageBody":"UI upgrades","fileTypesAndContributionMap":{}}]},{"date":"2023-10-24","commitResults":[{"hash":"08d530ba84de2d739efb2b941eddd9ce1d344e0b","isMergeCommit":false,"messageTitle":"Add prefix completion for command input.","messageBody":"","fileTypesAndContributionMap":{"functional-code":{"insertions":139,"deletions":1},"test-code":{"insertions":35,"deletions":0}}},{"hash":"d475acef689509998604dfd86bd60c1af2205eb2","isMergeCommit":false,"messageTitle":"Remove Prefix INDEX_PLACEHOLDER","messageBody":"","fileTypesAndContributionMap":{"functional-code":{"insertions":0,"deletions":2}}},{"hash":"363ca6cd97f4cccfd911e91a292e63d25a5a4da7","isMergeCommit":false,"messageTitle":"Update test case","messageBody":"","fileTypesAndContributionMap":{"functional-code":{"insertions":1,"deletions":0},"test-code":{"insertions":17,"deletions":0}}},{"hash":"228da4c6257d44de49379d6b97da141cdff2be51","isMergeCommit":false,"messageTitle":"Change PrefixCompletion logic","messageBody":"","fileTypesAndContributionMap":{"functional-code":{"insertions":6,"deletions":8}}},{"hash":"585a9b55bfd68bead99eb4f751e037297c39ce91","isMergeCommit":false,"messageTitle":"Add test case","messageBody":"","fileTypesAndContributionMap":{"test-code":{"insertions":8,"deletions":0}}},{"hash":"63aaace46de125a282c68f6a129f04eeee18c87c","isMergeCommit":false,"messageTitle":"Fix text case","messageBody":"","fileTypesAndContributionMap":{"functional-code":{"insertions":1,"deletions":1},"test-code":{"insertions":1,"deletions":1}}},{"hash":"d1ef118117560ab5f2dbcba18ce3cb64d4613ab1","isMergeCommit":false,"messageTitle":"Refactor and removed signs of Person","messageBody":"","fileTypesAndContributionMap":{"functional-code":{"insertions":4,"deletions":32},"test-code":{"insertions":3,"deletions":3}}},{"hash":"ccce5c6bce2808966564f01bc940c83acba02402","isMergeCommit":false,"messageTitle":"Fix Checkstyle errors","messageBody":"","fileTypesAndContributionMap":{"functional-code":{"insertions":2,"deletions":2},"test-code":{"insertions":2,"deletions":2}}},{"hash":"9ad1a57be675bd92072b3f74ad9052adef10b361","isMergeCommit":false,"messageTitle":"Add test case to ConfigTest","messageBody":"","fileTypesAndContributionMap":{"test-code":{"insertions":8,"deletions":0}}},{"hash":"a2b97eff3fcfcd9854d4e24552a54ff0141da888","isMergeCommit":false,"messageTitle":"Add test case to TagTest","messageBody":"","fileTypesAndContributionMap":{"test-code":{"insertions":13,"deletions":0}}},{"hash":"45c6af63eacd12b43c156397af82991370056a74","isMergeCommit":false,"messageTitle":"Add test case to ConfigTest","messageBody":"","fileTypesAndContributionMap":{"test-code":{"insertions":2,"deletions":0}}},{"hash":"17b8960adb588ea8cafb2f2f44769feaa8494586","isMergeCommit":false,"messageTitle":"Update iyioon.md","messageBody":"","fileTypesAndContributionMap":{"docs":{"insertions":8,"deletions":4}}},{"hash":"bb7d94fff7ba99d1fdba1505e1b02a98cf6c15c9","isMergeCommit":true,"messageTitle":"Merge pull request #146 from iyioon/Documentation","messageBody":"Update iyioon.md","fileTypesAndContributionMap":{}},{"hash":"0038516aacd51328ae1afaf2f396a44275782c46","isMergeCommit":false,"messageTitle":"Update user guide for prefix completion","messageBody":"","fileTypesAndContributionMap":{"docs":{"insertions":9,"deletions":1}}},{"hash":"f4be88f0dc0f63a160d169c754b3d0d227349768","isMergeCommit":false,"messageTitle":"Update UserGuide","messageBody":"","fileTypesAndContributionMap":{"docs":{"insertions":1,"deletions":1}}}]},{"date":"2023-10-25","commitResults":[{"hash":"560f578be8925574a06313778c62b8eb175de955","isMergeCommit":false,"messageTitle":"Update DG","messageBody":"","fileTypesAndContributionMap":{"functional-code":{"insertions":1,"deletions":1},"docs":{"insertions":6,"deletions":7}}},{"hash":"5d8d563d9389329f1ce7e4adb2cf9d9a54cab6a1","isMergeCommit":false,"messageTitle":"- Add Prefix Completion Implementation to DG - Update overal structure of DG","messageBody":"","fileTypesAndContributionMap":{"docs":{"insertions":316,"deletions":120}}}]},{"date":"2023-10-26","commitResults":[{"hash":"e36fc40a28363117536f8b0e8c561db81f2ea681","isMergeCommit":true,"messageTitle":"Merge pull request #164 from RB9823/Add-Bookingv3","messageBody":"Add Remarks","fileTypesAndContributionMap":{}},{"hash":"459e3144cc262a1873acbcafcd512437cc402a92","isMergeCommit":false,"messageTitle":"Abstract out Prefix completion","messageBody":"- Change Prefix example of date to incorporate current time\n","fileTypesAndContributionMap":{"functional-code":{"insertions":72,"deletions":25},"docs":{"insertions":1,"deletions":1},"test-code":{"insertions":2,"deletions":2}}},{"hash":"bd6e70d41b1c928500875972047f5b2151211f55","isMergeCommit":true,"messageTitle":"Merge pull request #165 from iyioon/Update-Prefix-Completion","messageBody":"Abstract out Prefix completion","fileTypesAndContributionMap":{}}]},{"date":"2023-10-27","commitResults":[{"hash":"bad4b9426b614eed2b1ff3eb238860784a0684c7","isMergeCommit":false,"messageTitle":"Update DG","messageBody":"","fileTypesAndContributionMap":{"docs":{"insertions":0,"deletions":3}}}]},{"date":"2023-10-29","commitResults":[{"hash":"f8fa55f4dd35bb024a3833fa7afe7e8932051077","isMergeCommit":true,"messageTitle":"Merge pull request #176 from RB9823/master","messageBody":"Modify Tags","fileTypesAndContributionMap":{}},{"hash":"02005bda1c3716dd77ce1b82adbf82566385ae5a","isMergeCommit":false,"messageTitle":"Update iyioon.md","messageBody":"","fileTypesAndContributionMap":{"docs":{"insertions":9,"deletions":0}}},{"hash":"f4952266dd9ebc9cb807778adfd5f7e2b269d005","isMergeCommit":false,"messageTitle":"Update iyioon.md","messageBody":"","fileTypesAndContributionMap":{"docs":{"insertions":4,"deletions":5}}},{"hash":"2d245de3fbcafee7a08f3558ab722dab7e699d0e","isMergeCommit":true,"messageTitle":"Merge branch \u0027AY2324S1-CS2103T-F10-1:master\u0027 into master","messageBody":"","fileTypesAndContributionMap":{}}]},{"date":"2023-10-31","commitResults":[{"hash":"45f389992bf01e22df4f253a7d6cb08d3b20ae84","isMergeCommit":true,"messageTitle":"Merge branch \u0027master\u0027 of https://github.com/iyioon/tp","messageBody":"","fileTypesAndContributionMap":{}}]},{"date":"2023-11-01","commitResults":[{"hash":"118c8767eb5bb594d0152dc27ccff41eff3e46fe","isMergeCommit":true,"messageTitle":"Merge pull request #182 from RB9823/master","messageBody":"Fix JSON Input Parser","fileTypesAndContributionMap":{}}]},{"date":"2023-11-02","commitResults":[{"hash":"ddf709784771f97b5b3d2b69d9565f7495b5952d","isMergeCommit":true,"messageTitle":"Merge pull request #185 from markgcera/master","messageBody":"Pie chart UI changes.","fileTypesAndContributionMap":{}},{"hash":"27ec25a4d3e6afc78c6850c24ff5f658680c3e4d","isMergeCommit":false,"messageTitle":"Update iyioon.md","messageBody":"","fileTypesAndContributionMap":{"docs":{"insertions":3,"deletions":3}}},{"hash":"4995a7984222a15da7cf143ffcc7e2c61e9590fe","isMergeCommit":true,"messageTitle":"Merge pull request #188 from RB9823/master","messageBody":"Add RoomTypeTags","fileTypesAndContributionMap":{}}]},{"date":"2023-11-03","commitResults":[{"hash":"8d454d2ad72667f87df14971af8c42d9d148d0b1","isMergeCommit":true,"messageTitle":"Merge branch \u0027master\u0027 into master","messageBody":"","fileTypesAndContributionMap":{}},{"hash":"42e923887e1b095f6933e549b43e784601afa874","isMergeCommit":false,"messageTitle":"Update UG TOC","messageBody":"","fileTypesAndContributionMap":{"docs":{"insertions":3,"deletions":16}}},{"hash":"49dce4742a515250ce2e86ea8e3aa8d28f4d5781","isMergeCommit":true,"messageTitle":"Merge pull request #192 from iyioon/master","messageBody":"Update UG TOC","fileTypesAndContributionMap":{}},{"hash":"003d347e7e188780116e6c797356a4457578bad9","isMergeCommit":false,"messageTitle":"Fix overlapping booking being accepted. Change booking period so that check in has to be before check out time","messageBody":"","fileTypesAndContributionMap":{"functional-code":{"insertions":19,"deletions":16},"test-code":{"insertions":2,"deletions":66}}}]},{"date":"2023-11-04","commitResults":[{"hash":"1360b1d37152f83046564cecdea77e87a08ea8af","isMergeCommit":false,"messageTitle":"Fix Prefix Search not working for edit","messageBody":"","fileTypesAndContributionMap":{"functional-code":{"insertions":100,"deletions":2},"docs":{"insertions":2,"deletions":0},"test-code":{"insertions":30,"deletions":0}}},{"hash":"0ad98dc01216f266c1d0bb3551061c5592cc91c6","isMergeCommit":false,"messageTitle":"Update UserGuide","messageBody":"","fileTypesAndContributionMap":{"docs":{"insertions":3,"deletions":1}}},{"hash":"c816e7efee0e8cd02024715abbbe0f7b65e98270","isMergeCommit":false,"messageTitle":"Fix checkstyle","messageBody":"","fileTypesAndContributionMap":{"test-code":{"insertions":0,"deletions":1}}},{"hash":"627b6945d30ed24c787b1480bf4ba9c7e79d0fc5","isMergeCommit":true,"messageTitle":"Merge pull request #243 from RB9823/master","messageBody":"User Guide Fixes","fileTypesAndContributionMap":{}}]},{"date":"2023-11-09","commitResults":[{"hash":"9f7c36d3fd43223a88927e474a264bdbc1c55c89","isMergeCommit":true,"messageTitle":"Merge pull request #252 from RB9823/master","messageBody":"Fix Launch GUI size","fileTypesAndContributionMap":{}}]},{"date":"2023-11-11","commitResults":[{"hash":"d57c15d8b5a55fe43e4c251e8e86c556ae0f167c","isMergeCommit":false,"messageTitle":"Update iyioon.md","messageBody":"","fileTypesAndContributionMap":{"docs":{"insertions":0,"deletions":3}}},{"hash":"14685c3beeba0b9e53a9d6d835c55655d8b0d904","isMergeCommit":false,"messageTitle":"UpdateDG","messageBody":"","fileTypesAndContributionMap":{"docs":{"insertions":115,"deletions":21}}},{"hash":"92f64dd2c011c81a8160abc7426917774106cec5","isMergeCommit":true,"messageTitle":"Merge pull request #262 from iyioon/UpdateDG","messageBody":"UpdateDG","fileTypesAndContributionMap":{}},{"hash":"95b3cf532c3a5228c9bcfc424dd8020b5c38d272","isMergeCommit":false,"messageTitle":"Update UserGuide.md","messageBody":"","fileTypesAndContributionMap":{"docs":{"insertions":1,"deletions":0}}},{"hash":"9505359e20c2f71c6983b9dd7fa2991aaf94b25d","isMergeCommit":false,"messageTitle":"Update iyioon.md","messageBody":"","fileTypesAndContributionMap":{"docs":{"insertions":1,"deletions":0}}},{"hash":"783e3709b0079113238099865d678d5751504456","isMergeCommit":false,"messageTitle":"Fix part of prefix being highlighted for rm/ prefix completion","messageBody":"","fileTypesAndContributionMap":{"functional-code":{"insertions":2,"deletions":1}}},{"hash":"5dcc0e6b83bc55207c9a84088619c11e0011c308","isMergeCommit":true,"messageTitle":"Merge pull request #265 from RB9823/master","messageBody":"Update Test Cases","fileTypesAndContributionMap":{}},{"hash":"fbf698aae392be95b2ceafbd26f189b927d266a6","isMergeCommit":false,"messageTitle":"FIx room prefix not showing on edit prefix completion","messageBody":"","fileTypesAndContributionMap":{"functional-code":{"insertions":3,"deletions":2}}}]}],"AnnabelTing":[{"date":"2023-09-23","commitResults":[{"hash":"60cc39af59d967e555aeb373b1c3a816439a42db","isMergeCommit":false,"messageTitle":"Add AnnabelTing info","messageBody":"","fileTypesAndContributionMap":{"other":{"insertions":5,"deletions":0},"docs":{"insertions":50,"deletions":4}}},{"hash":"5c282b09edd2de9f60e3a5a9abc8afa70234cfa8","isMergeCommit":false,"messageTitle":"Revert \"Add AnnabelTing info\"","messageBody":"This reverts commit 60cc39af59d967e555aeb373b1c3a816439a42db.\n","fileTypesAndContributionMap":{"other":{"insertions":0,"deletions":5},"docs":{"insertions":4,"deletions":50}}},{"hash":"b126158620c8cf54440af0387ed65f9b720898fd","isMergeCommit":false,"messageTitle":"Add AnnabelTing info","messageBody":"","fileTypesAndContributionMap":{"docs":{"insertions":50,"deletions":4}}}]},{"date":"2023-09-24","commitResults":[{"hash":"62027292579332832183fc4a05f5438600705eee","isMergeCommit":false,"messageTitle":"Update user guide","messageBody":"","fileTypesAndContributionMap":{"docs":{"insertions":6,"deletions":0}}}]},{"date":"2023-09-25","commitResults":[{"hash":"613cf4eec1ea35ff77df6c60c8cab2089fd7875b","isMergeCommit":false,"messageTitle":"Update Project Portfolio Page","messageBody":"","fileTypesAndContributionMap":{"docs":{"insertions":6,"deletions":26}}}]},{"date":"2023-10-11","commitResults":[{"hash":"dd472e9464380ec9b9065659405f2debab410f47","isMergeCommit":false,"messageTitle":"Fix a test case in AddCommandParserTest","messageBody":"","fileTypesAndContributionMap":{"test-code":{"insertions":4,"deletions":26}}},{"hash":"4e7e0068c731e06c0df13d987f8d8248a8aa9ce4","isMergeCommit":false,"messageTitle":"Fix code style","messageBody":"","fileTypesAndContributionMap":{"test-code":{"insertions":24,"deletions":1}}}]},{"date":"2023-10-14","commitResults":[{"hash":"f35b850d26f2f4c84ff2eac5041c7ae137297791","isMergeCommit":false,"messageTitle":"Fix booking comparison","messageBody":"","fileTypesAndContributionMap":{"functional-code":{"insertions":1,"deletions":1}}},{"hash":"4b5a2ea340915b1dc296a1cb4d1e835d5176f13f","isMergeCommit":false,"messageTitle":"Fix test cases for BookingTest","messageBody":"","fileTypesAndContributionMap":{"functional-code":{"insertions":3,"deletions":2},"test-code":{"insertions":7,"deletions":7}}},{"hash":"5af23ab9344aca623f54e6a5dcd98de87ed6cf9c","isMergeCommit":false,"messageTitle":"Fix checkstyle error","messageBody":"","fileTypesAndContributionMap":{"test-code":{"insertions":6,"deletions":1}}}]},{"date":"2023-10-21","commitResults":[{"hash":"2efcf3433a4978e0514df3e9bd864f7a25338ecd","isMergeCommit":false,"messageTitle":"Fix add command duplicate booking","messageBody":"","fileTypesAndContributionMap":{"functional-code":{"insertions":18,"deletions":1},"other":{"insertions":1,"deletions":0},"test-code":{"insertions":19,"deletions":16}}}]},{"date":"2023-10-25","commitResults":[{"hash":"800ef4d50c94e4d476c398d9258927fe082081ff","isMergeCommit":false,"messageTitle":"Add test cases for BookingPeriod","messageBody":"","fileTypesAndContributionMap":{"functional-code":{"insertions":2,"deletions":2},"test-code":{"insertions":37,"deletions":0}}},{"hash":"9372c21a48e912344f22c3bdb78fed76966a7b1e","isMergeCommit":false,"messageTitle":"Fix checkstyle error","messageBody":"","fileTypesAndContributionMap":{"test-code":{"insertions":0,"deletions":2}}},{"hash":"b084440b9e59ef1b4e4721d2e12031c59f2a0751","isMergeCommit":true,"messageTitle":"Merge branch \u0027master\u0027 into master","messageBody":"","fileTypesAndContributionMap":{}},{"hash":"36bd977fe6d582f885a7b878adcadd1b9eec932d","isMergeCommit":false,"messageTitle":"Fix BookingPeriod","messageBody":"","fileTypesAndContributionMap":{"functional-code":{"insertions":79,"deletions":21}}},{"hash":"239a2f16b1270125d2d98874962c3d9d9100257f","isMergeCommit":true,"messageTitle":"Merge branch \u0027master\u0027 of https://github.com/AnnabelTing/tp","messageBody":"# Conflicts:\n#\tsrc/main/java/seedu/address/model/booking/BookingPeriod.java\n","fileTypesAndContributionMap":{}},{"hash":"74ed5c1ef95addbfac65dd2787a1d35f4c1d00c6","isMergeCommit":true,"messageTitle":"Merge branch \u0027master\u0027 into master","messageBody":"","fileTypesAndContributionMap":{}},{"hash":"9becd97cd3ea67eed85ba24ffacbdc02a1d75827","isMergeCommit":false,"messageTitle":"Fix checkstyle errors","messageBody":"","fileTypesAndContributionMap":{"functional-code":{"insertions":0,"deletions":6},"docs":{"insertions":1,"deletions":3}}},{"hash":"2a6904759b4c546c03e7263435bed2c2bff8055a","isMergeCommit":true,"messageTitle":"Merge branch \u0027master\u0027 of https://github.com/AnnabelTing/tp","messageBody":"# Conflicts:\n#\tsrc/main/java/seedu/address/model/booking/BookingPeriod.java\n","fileTypesAndContributionMap":{}}]},{"date":"2023-10-26","commitResults":[{"hash":"0d88d1da5c819dce746c517cb4ce032b5a4bd7dc","isMergeCommit":false,"messageTitle":"Fix Booking test","messageBody":"","fileTypesAndContributionMap":{"test-code":{"insertions":12,"deletions":13}}}]},{"date":"2023-10-27","commitResults":[{"hash":"5521fec7c52873952d4e8fd1335db93b572d9180","isMergeCommit":false,"messageTitle":"Update Developer Guide","messageBody":"Developer Guide was not updated.\n\nLet\u0027s add room tags as one of the features.\n","fileTypesAndContributionMap":{"docs":{"insertions":11,"deletions":0}}},{"hash":"d2d51be872f1a5f732ee313765351973e3870843","isMergeCommit":false,"messageTitle":"Add assertions to Booking Period","messageBody":"Assertions help prevent unfounded assumptions about the code but it was not used often.\n\nLet\u0027s add more assertions.\n","fileTypesAndContributionMap":{"functional-code":{"insertions":1,"deletions":0}}},{"hash":"f44a18794a57ac11d03c6f7695c097f7a196a273","isMergeCommit":false,"messageTitle":"Add more tests for BookingPeriod","messageBody":"There were no test to check if it supports checking in on the same day that someone checks out.\n\nLet\u0027s test the method overlap more.\n","fileTypesAndContributionMap":{"test-code":{"insertions":2,"deletions":0}}},{"hash":"721916adc4e44d6215a8a04e66043318d68441bb","isMergeCommit":true,"messageTitle":"Merge pull request #171 from AnnabelTing/master","messageBody":"Add feature to Developer Guide","fileTypesAndContributionMap":{}}]},{"date":"2023-11-03","commitResults":[{"hash":"136c21f7e98142009d72b9afd13fc8fa8d18bfda","isMergeCommit":false,"messageTitle":"Update user guide","messageBody":"User guide had outdated UI.\n\nLet\u0027s include updated screenshots.\n","fileTypesAndContributionMap":{"docs":{"insertions":78,"deletions":21}}},{"hash":"fb99a1dbe15399160494c58d0aabc8967b84b519","isMergeCommit":true,"messageTitle":"Merge branch \u0027master\u0027 into master","messageBody":"","fileTypesAndContributionMap":{}}]},{"date":"2023-11-10","commitResults":[{"hash":"554aa9463e393281d709c709e3c702bbce20a148","isMergeCommit":false,"messageTitle":"Fix error with validating booking period and update user guide","messageBody":"Booking period did not validate input properly leading to date time error.\n\nThe error message shown to users were inconsistent with the user guide.\n\nLet\u0027s update the user guide and validate booking period properly.\n","fileTypesAndContributionMap":{"functional-code":{"insertions":14,"deletions":12},"docs":{"insertions":74,"deletions":36}}},{"hash":"a1dcc6cb4de88ad6bd44f374a0470d5e8dd42760","isMergeCommit":false,"messageTitle":"Revert \"Fix error with validating booking period and update user guide\"","messageBody":"","fileTypesAndContributionMap":{"functional-code":{"insertions":12,"deletions":14},"docs":{"insertions":36,"deletions":74}}},{"hash":"685b5c7cedc9aaf9448ececa66e20d31b5074249","isMergeCommit":true,"messageTitle":"Merge pull request #257 from AY2324S1-CS2103T-F10-1/revert-256-master","messageBody":"Revert \"Fix error with validating booking period and update user guide\"","fileTypesAndContributionMap":{}},{"hash":"30efcdfd9c2d07e93a22e744545d0a5e379a9156","isMergeCommit":true,"messageTitle":"Merge pull request #258 from RB9823/master","messageBody":"Fix DG ToC","fileTypesAndContributionMap":{}},{"hash":"bd2927d3594484ad70261afb7a65b4c30beb13ad","isMergeCommit":false,"messageTitle":"Fix error with validating booking period and update user guide again","messageBody":"Booking period did not validate input properly leading to date time error.\n\nThe error message shown to users were inconsistent with the user guide.\n\nLet\u0027s update the user guide and validate booking period properly.\n","fileTypesAndContributionMap":{"functional-code":{"insertions":15,"deletions":12},"docs":{"insertions":31,"deletions":24}}}]},{"date":"2023-11-11","commitResults":[{"hash":"908e0d18975465e0db68b46b40bf60f7251031d2","isMergeCommit":false,"messageTitle":"Update user guide screenshots","messageBody":"Previous images were outdated as email format has since changed.\n\nLet\u0027s keep the user guide updated\n","fileTypesAndContributionMap":{"docs":{"insertions":5,"deletions":5}}}]}],"markgcera":[{"date":"2023-09-23","commitResults":[{"hash":"b05ca94df51753a7e6c93148cea4186dc67af3e2","isMergeCommit":false,"messageTitle":"Add markGarcera info","messageBody":"","fileTypesAndContributionMap":{"docs":{"insertions":3,"deletions":3}}},{"hash":"4414187e55c839dcf64676afe0a4201bfc0a686e","isMergeCommit":false,"messageTitle":"Refactor markGarcera.md","messageBody":"","fileTypesAndContributionMap":{"docs":{"insertions":1,"deletions":1}}}]},{"date":"2023-09-24","commitResults":[{"hash":"1a20ff163c9c329ec144ba049255b9350b33fdfe","isMergeCommit":true,"messageTitle":"Merge pull request #79 from RB9823/updateUG-rohanBahl","messageBody":"Add booking addition feature to UserGuide.md","fileTypesAndContributionMap":{}},{"hash":"37f9726aded54d93335245862e50a8acb2669fb5","isMergeCommit":false,"messageTitle":"Add view availability feature to UserGuide.md","messageBody":"","fileTypesAndContributionMap":{"docs":{"insertions":8,"deletions":0}}},{"hash":"f40cb16d24f49c12ba5e2030d56b024efcde0903","isMergeCommit":false,"messageTitle":"Revert \"Add view availability feature to UserGuide.md\"","messageBody":"This reverts commit 37f9726aded54d93335245862e50a8acb2669fb5.\n","fileTypesAndContributionMap":{"docs":{"insertions":0,"deletions":8}}},{"hash":"c84476161d73c5349dead65b3de80f86649e106e","isMergeCommit":true,"messageTitle":"Merge pull request #85 from AnnabelTing/updateUG-AnnabelTing","messageBody":"Add view all bookingsUpdate feature to UserGuide.md","fileTypesAndContributionMap":{}}]},{"date":"2023-09-25","commitResults":[{"hash":"152f9ca748a46c8dcfc30589fa0011814189e638","isMergeCommit":false,"messageTitle":"Add a skeletal PPP for markgcera","messageBody":"","fileTypesAndContributionMap":{"docs":{"insertions":28,"deletions":0}}},{"hash":"63384988d4cb83b3c1d791745f06d3ba3e7cbdee","isMergeCommit":true,"messageTitle":"Merge pull request #89 from iyioon/Add-a-skeletal-PPP-iyioon","messageBody":"Update Project Portfolio Page","fileTypesAndContributionMap":{}}]},{"date":"2023-09-26","commitResults":[{"hash":"18e6a6fd65195dc88f7869d262f6b18b8e4a4243","isMergeCommit":true,"messageTitle":"Merge pull request #96 from AryanG01/master","messageBody":"Fix the lack of picture error","fileTypesAndContributionMap":{}}]},{"date":"2023-09-30","commitResults":[{"hash":"26e87493601938f61974816b82a73907fbef0bde","isMergeCommit":false,"messageTitle":"Change UserGuide.md to remove traces of AB3 UG","messageBody":"","fileTypesAndContributionMap":{"docs":{"insertions":11,"deletions":11}}}]},{"date":"2023-10-04","commitResults":[{"hash":"776b44ed8c29a954b5835fd7c64f678f35f5e3e5","isMergeCommit":false,"messageTitle":"Refactor Person class to become Booking class. Change FXML files and test cases.","messageBody":"","fileTypesAndContributionMap":{"functional-code":{"insertions":372,"deletions":320},"other":{"insertions":251,"deletions":231},"docs":{"insertions":59,"deletions":59},"test-code":{"insertions":463,"deletions":470}}}]},{"date":"2023-10-05","commitResults":[{"hash":"0ca99d3ce0d1d8d9c2a63394d3dc9686e73f080a","isMergeCommit":false,"messageTitle":"Fix all checkstyle issues","messageBody":"","fileTypesAndContributionMap":{"functional-code":{"insertions":92,"deletions":34},"test-code":{"insertions":54,"deletions":27}}}]},{"date":"2023-10-07","commitResults":[{"hash":"f8003da2930ef3ea0fe311e9be8df26a16847927","isMergeCommit":false,"messageTitle":"Try to comment out test classes","messageBody":"","fileTypesAndContributionMap":{"test-code":{"insertions":204,"deletions":203}}},{"hash":"ed3f400dc7e1549362d07ec1d70af7b0ce61956e","isMergeCommit":false,"messageTitle":"Revert \"Try to comment out test classes\"","messageBody":"This reverts commit f8003da2930ef3ea0fe311e9be8df26a16847927.\n","fileTypesAndContributionMap":{"test-code":{"insertions":203,"deletions":204}}}]},{"date":"2023-10-11","commitResults":[{"hash":"3cb4c3d2a2657abab573eacdaffed578c2da05a6","isMergeCommit":false,"messageTitle":"Fix non command tests","messageBody":"","fileTypesAndContributionMap":{"functional-code":{"insertions":1,"deletions":1},"test-code":{"insertions":35,"deletions":15}}},{"hash":"970354e387455de09d56324a6f1af1d80775c742","isMergeCommit":true,"messageTitle":"Merge pull request #103 from iyioon/Initial-Skeleton-v2","messageBody":"Fix EditBookingDescriptorTest toStringMethod","fileTypesAndContributionMap":{}},{"hash":"1cb2a9b71494a4977118d905b43ea8c002951326","isMergeCommit":true,"messageTitle":"Merge pull request #104 from iyioon/Initial-Skeleton-v2","messageBody":"Fix BookingTest toStringMethod","fileTypesAndContributionMap":{}},{"hash":"81c085bf101a8220131f9094c8a49da6d50ab0b6","isMergeCommit":false,"messageTitle":"Fix AddCommandParserTest","messageBody":"","fileTypesAndContributionMap":{"test-code":{"insertions":6,"deletions":33}}},{"hash":"cc2fb0201ad6c6ff2467d22a284cd253b3b69bab","isMergeCommit":true,"messageTitle":"Merge pull request #106 from AnnabelTing/Initial-Skeleton-v2","messageBody":"Fix a test case in AddCommandParserTest","fileTypesAndContributionMap":{}},{"hash":"c919a26af7a4ade13d929986af62af391315d709","isMergeCommit":false,"messageTitle":"Fix too long line","messageBody":"","fileTypesAndContributionMap":{"test-code":{"insertions":2,"deletions":2}}},{"hash":"e6bd531d5cbe086b243d49f79d4411eac35d7ca9","isMergeCommit":true,"messageTitle":"Merge branch \u0027Initial-Skeleton-v2\u0027 of https://github.com/markgcera/tp into Initial-Skeleton-v2","messageBody":"* \u0027Initial-Skeleton-v2\u0027 of https://github.com/markgcera/tp:\n  Fix code style\n  Fix a test case in AddCommandParserTest\n\n# Conflicts:\n#\tsrc/test/java/seedu/address/logic/parser/AddCommandParserTest.java\n","fileTypesAndContributionMap":{}},{"hash":"9695b9ac7ebdf220231e6825d3a69de77fc825b5","isMergeCommit":false,"messageTitle":"Fix too long line","messageBody":"","fileTypesAndContributionMap":{"test-code":{"insertions":3,"deletions":4}}},{"hash":"bc528cc7964a14f1766e7422c6d21d131c2be91d","isMergeCommit":true,"messageTitle":"Merge pull request #107 from markgcera/Initial-Skeleton-v2","messageBody":"Initial skeleton v2","fileTypesAndContributionMap":{}},{"hash":"3a9fb2a7ff92d5d0c8340d9b9902ea3500c9ae00","isMergeCommit":true,"messageTitle":"Merge pull request #112 from AY2324S1-CS2103T-F10-1/Initial-Skeleton-v2","messageBody":"Initial skeleton v2","fileTypesAndContributionMap":{}}]},{"date":"2023-10-14","commitResults":[{"hash":"906de99b63fc47e27f7df9c9d9f50ff8883e0c5b","isMergeCommit":true,"messageTitle":"Merge pull request #115 from RB9823/master","messageBody":"Fix AddCommand Error Message","fileTypesAndContributionMap":{}}]},{"date":"2023-10-18","commitResults":[{"hash":"79fd063173b2932f2b647a361b10e57bafedfe89","isMergeCommit":true,"messageTitle":"Merge pull request #120 from iyioon/Add-Booking-Period","messageBody":"Add booking period field to booking.","fileTypesAndContributionMap":{}},{"hash":"a9f4ebb086d437de39b6de97f0be0967f1543fb1","isMergeCommit":true,"messageTitle":"Merge pull request #117 from AnnabelTing/master","messageBody":"Fix booking comparison (Before date field is added)","tags":["v1.2"],"fileTypesAndContributionMap":{}},{"hash":"b881d19f59c8111d44b4c55db896d3c9aa64c4e2","isMergeCommit":true,"messageTitle":"Merge branch \u0027AY2324S1-CS2103T-F10-1:BookingPeriod\u0027 into BookingPeriod","messageBody":"","fileTypesAndContributionMap":{}}]},{"date":"2023-10-19","commitResults":[{"hash":"e8121ecd09e44097b10756fd0079447ce66f3f30","isMergeCommit":false,"messageTitle":"Fix checkstyle, fix test cases, fix dummy test cases, change fxml files, and general refactoring to remove address and turn them into BookingPeriod","messageBody":"","fileTypesAndContributionMap":{"functional-code":{"insertions":78,"deletions":83},"test-code":{"insertions":172,"deletions":137}}}]},{"date":"2023-10-20","commitResults":[{"hash":"a2a65aec3a5ca25a039cd04a58283a8334079feb","isMergeCommit":false,"messageTitle":"minor changes to displayed message from \"Person\" to \"Booking\"","messageBody":"","fileTypesAndContributionMap":{"functional-code":{"insertions":4,"deletions":4}}},{"hash":"08ae62dfd51c929487ef3fd2b6d0126582d8cde1","isMergeCommit":false,"messageTitle":"Change delete command success output message","messageBody":"","fileTypesAndContributionMap":{"functional-code":{"insertions":6,"deletions":3}}}]},{"date":"2023-10-21","commitResults":[{"hash":"690aaf980048b4b471337fd826cf2fdc3d6955c0","isMergeCommit":false,"messageTitle":"Update UG to add a table of contents and to match the current capabilities of our application. Also edit a line to the Messages.java class to change the output string.","messageBody":"","fileTypesAndContributionMap":{"functional-code":{"insertions":2,"deletions":2},"docs":{"insertions":59,"deletions":80}}}]},{"date":"2023-10-22","commitResults":[{"hash":"6626fe535b668705b042203f29d162af41ab80f6","isMergeCommit":false,"messageTitle":"UI upgrades. To fix color of pie chart title and color of pie chart itself later.","messageBody":"","fileTypesAndContributionMap":{"functional-code":{"insertions":134,"deletions":14},"other":{"insertions":3,"deletions":1}}},{"hash":"fe1b4ee4fd34ebfec77219e8c91f6782ebfd5a7e","isMergeCommit":false,"messageTitle":"Resolve merge conflict","messageBody":"","fileTypesAndContributionMap":{"other":{"insertions":1,"deletions":3}}},{"hash":"d284b0d70db9cb2ce5ec46d7d5f033283e9f709a","isMergeCommit":false,"messageTitle":"add newline to EOF","messageBody":"","fileTypesAndContributionMap":{"functional-code":{"insertions":1,"deletions":1}}},{"hash":"082982238244243bd6c284d86448297e3ab7d25c","isMergeCommit":false,"messageTitle":"Fix some test cases. Will add more in the future.","messageBody":"","fileTypesAndContributionMap":{"functional-code":{"insertions":0,"deletions":1},"test-code":{"insertions":7,"deletions":7}}},{"hash":"1a9b3705c9922b03f738b494aee9a5ef74b6b7a9","isMergeCommit":false,"messageTitle":"Fix colour of pie chart","messageBody":"","fileTypesAndContributionMap":{"functional-code":{"insertions":5,"deletions":13},"test-code":{"insertions":2,"deletions":1}}},{"hash":"8efa5918826ec5b3d6af9a3edd2cefc7aceee0d0","isMergeCommit":false,"messageTitle":"Add test case","messageBody":"","fileTypesAndContributionMap":{"test-code":{"insertions":12,"deletions":0}}},{"hash":"44512dea9c2918b99634b84a366f6823bf30e396","isMergeCommit":false,"messageTitle":"Add more tests for coverage","messageBody":"","fileTypesAndContributionMap":{"functional-code":{"insertions":1,"deletions":1},"test-code":{"insertions":6,"deletions":0}}},{"hash":"f114cdc52609e2cb4284dc24729fd1a2b6b92dc5","isMergeCommit":false,"messageTitle":"Change default value of showRoomStatistics to true so that the pie chart is updated live instead of having to restart the app to see changes in the pie chart","messageBody":"","fileTypesAndContributionMap":{"functional-code":{"insertions":1,"deletions":1},"test-code":{"insertions":2,"deletions":2}}},{"hash":"ca712f0d13a46b0a9f97a09d0d7f2ea4663540dc","isMergeCommit":false,"messageTitle":"Add a title header \"Current Bookings\" to the UI","messageBody":"","fileTypesAndContributionMap":{"functional-code":{"insertions":11,"deletions":0}}}]},{"date":"2023-10-23","commitResults":[{"hash":"9626b0efd6886f504c2e4bc9565b7da526c3bdb0","isMergeCommit":false,"messageTitle":"Add number values to labels in pie chart","messageBody":"","fileTypesAndContributionMap":{"functional-code":{"insertions":2,"deletions":2}}},{"hash":"92a323319431ac6918a2b8d5dbecad2858328c0d","isMergeCommit":false,"messageTitle":"Add FXML tag and edit commandResultTest","messageBody":"","fileTypesAndContributionMap":{"functional-code":{"insertions":2,"deletions":0},"test-code":{"insertions":1,"deletions":1}}}]},{"date":"2023-10-25","commitResults":[{"hash":"ee3b65090b6e8581cac340fc3d3d21239ede6bf9","isMergeCommit":true,"messageTitle":"Merge branch \u0027AY2324S1-CS2103T-F10-1:master\u0027 into master","messageBody":"","fileTypesAndContributionMap":{}},{"hash":"821f91b9af5f20024f9b4f36d9bc4f284dd5339e","isMergeCommit":true,"messageTitle":"Merge branch \u0027Add-Piechart\u0027 of https://github.com/markgcera/tp","messageBody":"* \u0027Add-Piechart\u0027 of https://github.com/markgcera/tp:\n  Fix SampleDataUtil\n","fileTypesAndContributionMap":{}},{"hash":"8c8b6472068a4528af1dd415dec402a82e291384","isMergeCommit":true,"messageTitle":"Merge branch \u0027AY2324S1-CS2103T-F10-1:master\u0027 into master","messageBody":"","fileTypesAndContributionMap":{}},{"hash":"ffc082299921b045a66d30b06f0277d4431c526a","isMergeCommit":true,"messageTitle":"Merge branch \u0027master\u0027 of https://github.com/markgcera/tp","messageBody":"* \u0027master\u0027 of https://github.com/markgcera/tp:\n  checkstyle fix\n  commit changes\n","fileTypesAndContributionMap":{}},{"hash":"0c1e2dd5dfa4ab27238a0a1f62fc7e4e3d2a2638","isMergeCommit":false,"messageTitle":"Fix UG numbering of table of contents","messageBody":"","fileTypesAndContributionMap":{"docs":{"insertions":3,"deletions":3}}}]},{"date":"2023-10-26","commitResults":[{"hash":"33c1c664e86f887355cb8cf2273f01984c3120e7","isMergeCommit":false,"messageTitle":"Fix pie chart when using Find Command","messageBody":"","fileTypesAndContributionMap":{"functional-code":{"insertions":2,"deletions":1}}},{"hash":"a9642bd9a3fecb853658981f68e4bfc5dd4da7ac","isMergeCommit":false,"messageTitle":"Fix find command tests","messageBody":"","fileTypesAndContributionMap":{"functional-code":{"insertions":2,"deletions":1},"test-code":{"insertions":14,"deletions":3}}},{"hash":"ea44210a572eac55570eae964d6e8c9518a82d12","isMergeCommit":true,"messageTitle":"Merge pull request #162 from markgcera/master","messageBody":"Fix pie chart when using Find Command","fileTypesAndContributionMap":{}},{"hash":"fd7d13de2ffec8ffe0454710736811d16a0e1977","isMergeCommit":false,"messageTitle":"Remove Locale.US","messageBody":"","fileTypesAndContributionMap":{"functional-code":{"insertions":1,"deletions":3}}},{"hash":"a762b3a5b23ac949771b0b8d23853ffd772c95ca","isMergeCommit":true,"messageTitle":"Merge pull request #163 from markgcera/master","messageBody":"Remove Locale.US","fileTypesAndContributionMap":{}},{"hash":"94aae9835d359eb69d41694a124cefe80d24f62e","isMergeCommit":false,"messageTitle":"UI Overhaul.","messageBody":"","fileTypesAndContributionMap":{"functional-code":{"insertions":305,"deletions":142}}},{"hash":"c645583c25ecae0a88cb01a42bfa70be712f7f11","isMergeCommit":false,"messageTitle":"change cardPane background colour to be light grey, rounded the corners. Minor modification to pie chart.","messageBody":"","fileTypesAndContributionMap":{"functional-code":{"insertions":4,"deletions":2}}},{"hash":"6c3135e4c88708458bde8ff46edf9e36069e2564","isMergeCommit":false,"messageTitle":"Add feature to DG","messageBody":"","fileTypesAndContributionMap":{"docs":{"insertions":92,"deletions":1}}}]},{"date":"2023-10-27","commitResults":[{"hash":"04982585fb5809b730552026691182265ab348b6","isMergeCommit":false,"messageTitle":"Fix checkstyle","messageBody":"","fileTypesAndContributionMap":{"docs":{"insertions":6,"deletions":7}}},{"hash":"aa208a1d8e584334b65a53480922df753edb08bd","isMergeCommit":true,"messageTitle":"Merge pull request #169 from markgcera/master","messageBody":"Add feature to DG","fileTypesAndContributionMap":{}},{"hash":"3739245451d4d472ddcccb47f456bf8510cb8889","isMergeCommit":false,"messageTitle":"status bar colour change","messageBody":"","fileTypesAndContributionMap":{"functional-code":{"insertions":2,"deletions":2}}},{"hash":"8c27690bcef7fc1c60f55fc64f7e1563a7325625","isMergeCommit":true,"messageTitle":"Merge pull request #170 from markgcera/master","messageBody":"status bar colour change","fileTypesAndContributionMap":{}},{"hash":"6a5dcb03a0bb5aaacae2c10094da33eafc38520b","isMergeCommit":false,"messageTitle":"Change pie chart legend to transparent","messageBody":"","fileTypesAndContributionMap":{"functional-code":{"insertions":4,"deletions":0}}}]},{"date":"2023-10-28","commitResults":[{"hash":"fd452eb7b4ca878407af6a8d48fc549255e831dd","isMergeCommit":true,"messageTitle":"Merge pull request #175 from AryanG01/FixCode","messageBody":"Fixed delete command and added mass delete functionality","fileTypesAndContributionMap":{}}]},{"date":"2023-10-30","commitResults":[{"hash":"4b0596172f8f2e50d33f75e58c31899c948fb88b","isMergeCommit":false,"messageTitle":"change jar file name","messageBody":"","fileTypesAndContributionMap":{"other":{"insertions":1,"deletions":1}}},{"hash":"d9ce3622bb6fdb2aefc59d144ec411dd67c24e12","isMergeCommit":true,"messageTitle":"Merge branch \u0027master\u0027 of https://github.com/markgcera/tp","messageBody":"* \u0027master\u0027 of https://github.com/markgcera/tp:\n  Clean up Tag References\n  Modify Tag Position\n  Modify Tags\n  Fixed delete command and added mass delete functionality\n  Update DG\n  Add more tests for BookingPeriod\n  Add assertions to Booking Period\n  Update Developer Guide\n","fileTypesAndContributionMap":{}}]},{"date":"2023-10-31","commitResults":[{"hash":"8c4622f0b5d67deeb686fa005ded2855713d1882","isMergeCommit":false,"messageTitle":"Add Flag and Unflag commands, as well as their parsers and test classes.","messageBody":"","fileTypesAndContributionMap":{"functional-code":{"insertions":273,"deletions":5},"test-code":{"insertions":166,"deletions":11}}},{"hash":"5253d96de9a53601691b503601caf32b9a331410","isMergeCommit":false,"messageTitle":"Remove unused imports","messageBody":"","fileTypesAndContributionMap":{"functional-code":{"insertions":0,"deletions":2}}},{"hash":"5a5b1e9d894d09327d8bce64ae2523da1b3727c1","isMergeCommit":false,"messageTitle":"Add JsonInjectionParser class and its test classes.","messageBody":"","fileTypesAndContributionMap":{"functional-code":{"insertions":38,"deletions":1},"test-code":{"insertions":47,"deletions":0}}}]},{"date":"2023-11-02","commitResults":[{"hash":"8cdb6315d9a5cdb33cc5e3e57450c1756457de1b","isMergeCommit":false,"messageTitle":"Remove VIP rooms from the room types enum. Add the room types to the room statistics pie chart.","messageBody":"","fileTypesAndContributionMap":{"functional-code":{"insertions":58,"deletions":12}}},{"hash":"5d78dcb214e1a4308201b0567be1b54cc8ddee92","isMergeCommit":false,"messageTitle":"Add test cases for the Room enum types","messageBody":"","fileTypesAndContributionMap":{"functional-code":{"insertions":7,"deletions":8},"test-code":{"insertions":21,"deletions":0}}},{"hash":"a939c055e04e5ee3a08a37747e2cf52b548c9a2f","isMergeCommit":false,"messageTitle":"Updated DG and my own .md file","messageBody":"","fileTypesAndContributionMap":{"docs":{"insertions":194,"deletions":13}}},{"hash":"f7fe940a811560dba91134eada0755ef7e31309f","isMergeCommit":false,"messageTitle":"Fix checkstyle errors","messageBody":"","fileTypesAndContributionMap":{"docs":{"insertions":12,"deletions":14}}},{"hash":"664001c74a63d6f157ba45afd7d9a604e3f84f95","isMergeCommit":true,"messageTitle":"Merge branch \u0027master\u0027 into master","messageBody":"","fileTypesAndContributionMap":{}}]},{"date":"2023-11-04","commitResults":[{"hash":"3728d76ddbde426d3d26ef622cbfa5859c2e5a30","isMergeCommit":false,"messageTitle":"Remove flag and unflag feature","messageBody":"","fileTypesAndContributionMap":{"functional-code":{"insertions":1,"deletions":297},"docs":{"insertions":4,"deletions":74},"test-code":{"insertions":9,"deletions":179}}}]},{"date":"2023-11-07","commitResults":[{"hash":"7d3398a7a6f52baffb0f63c5d92f1ff81cde6316","isMergeCommit":false,"messageTitle":"Add HashSet to piechart such that each room number is added at most once in the pie chart","messageBody":"","fileTypesAndContributionMap":{"functional-code":{"insertions":20,"deletions":13}}},{"hash":"8b1b28ea465004555963267069abe1c21803c25a","isMergeCommit":false,"messageTitle":"Fix NumberFormatException when room number exceeds MAX_INT or goes below MIN_INT value","messageBody":"","fileTypesAndContributionMap":{"functional-code":{"insertions":11,"deletions":6}}},{"hash":"48093cc02795317436d91c862a34217ba9ffc400","isMergeCommit":false,"messageTitle":"Fix test cases","messageBody":"","fileTypesAndContributionMap":{"functional-code":{"insertions":9,"deletions":10}}},{"hash":"64e415d037a496d91828339b1a9a06d68a896f4e","isMergeCommit":false,"messageTitle":"Add coverage for isValidRoom method","messageBody":"","fileTypesAndContributionMap":{"functional-code":{"insertions":1,"deletions":1},"test-code":{"insertions":19,"deletions":1}}}]},{"date":"2023-11-08","commitResults":[{"hash":"32a7f0ce64b1631fc717bb2d77f8a42fbc912a5d","isMergeCommit":true,"messageTitle":"Merge pull request #248 from AryanG01/master","messageBody":"Fixed some of the errors highlighted in PE-D","fileTypesAndContributionMap":{}},{"hash":"3c997b36d2925653514d71c5b7c9f69f0099ad04","isMergeCommit":false,"messageTitle":"Abstract out command parse exceptions into their own package","messageBody":"","fileTypesAndContributionMap":{"functional-code":{"insertions":134,"deletions":19},"test-code":{"insertions":11,"deletions":10}}},{"hash":"574716dfd46f3c4126d3adbd8f8bed8dabeffcf7","isMergeCommit":false,"messageTitle":"Reinstate ParseUtil.parseIndex throwing ParseException","messageBody":"","fileTypesAndContributionMap":{"functional-code":{"insertions":8,"deletions":4},"test-code":{"insertions":8,"deletions":0}}},{"hash":"02fb65d4af1f3066e01edd2fca4c22e1fff139bc","isMergeCommit":false,"messageTitle":"Create ParserUtil.parseIndex methods for edit and delete commands","messageBody":"","fileTypesAndContributionMap":{"functional-code":{"insertions":34,"deletions":21},"test-code":{"insertions":28,"deletions":7}}},{"hash":"5294bead2c34cdc881cf3ed3331cae6ebbaf709b","isMergeCommit":true,"messageTitle":"Merge branch \u0027Abstract-Parser-Exceptions\u0027","messageBody":"* Abstract-Parser-Exceptions:\n  Create ParserUtil.parseIndex methods for edit and delete commands\n\n# Conflicts:\n#\tsrc/main/java/seedu/address/logic/parser/DeleteCommandParser.java\n#\tsrc/main/java/seedu/address/logic/parser/EditCommandParser.java\n","fileTypesAndContributionMap":{}},{"hash":"73d553b2e1f763878137acfd224d459e01b2d05f","isMergeCommit":false,"messageTitle":"Change edit and delete command parser tests to check for the correct type of exception thrown","messageBody":"","fileTypesAndContributionMap":{"test-code":{"insertions":12,"deletions":11}}},{"hash":"68769a9a019fe0fc4d2a169c875605e6ac6bdfbb","isMergeCommit":false,"messageTitle":"Add assert not null for delete command parser arguments","messageBody":"","fileTypesAndContributionMap":{"functional-code":{"insertions":3,"deletions":23},"test-code":{"insertions":0,"deletions":4}}}]},{"date":"2023-11-11","commitResults":[{"hash":"ed70a56dd7be3190ff41d96402055900afd0170d","isMergeCommit":false,"messageTitle":"Minor changes to md files","messageBody":"","fileTypesAndContributionMap":{"functional-code":{"insertions":12,"deletions":12},"docs":{"insertions":14,"deletions":15}}},{"hash":"b20670ae9552f5b283bb1e056c5c2ebeae393813","isMergeCommit":false,"messageTitle":"Add GUI layout summary","messageBody":"","fileTypesAndContributionMap":{"docs":{"insertions":5,"deletions":2}}},{"hash":"ec9ab6716a8867f7e37b0eab8179d5fc0e49c420","isMergeCommit":false,"messageTitle":"More md file changes","messageBody":"","fileTypesAndContributionMap":{"docs":{"insertions":17,"deletions":6}}}]},{"date":"2023-11-12","commitResults":[{"hash":"3ee01b5f8fe586215987567ee650980a4730a538","isMergeCommit":false,"messageTitle":"Add optional appendixes to the DG","messageBody":"","fileTypesAndContributionMap":{"docs":{"insertions":68,"deletions":2}}},{"hash":"33481bf7d59bdaf09e2f2f2730bcaef47f9046ee","isMergeCommit":true,"messageTitle":"Merge pull request #267 from RB9823/master","messageBody":"Update Tag References","fileTypesAndContributionMap":{}},{"hash":"9f5c27f87910ff9ebf637018c228df30547ae049","isMergeCommit":true,"messageTitle":"Merge pull request #269 from RB9823/master","messageBody":"Update README.md","fileTypesAndContributionMap":{}},{"hash":"4c1c1673e7f20b5a23f4feb873dd16c31e4381cd","isMergeCommit":false,"messageTitle":"Add Appendix: Instructions for manual testing","messageBody":"","fileTypesAndContributionMap":{"docs":{"insertions":83,"deletions":19}}},{"hash":"9070d88714ef203fc021cf473fc184ec96966ea0","isMergeCommit":true,"messageTitle":"Merge branch \u0027master\u0027 of https://github.com/markgcera/tp","messageBody":"* \u0027master\u0027 of https://github.com/markgcera/tp:\n  Update Tag References\n  FIx room prefix not showing on edit prefix completion\n  rk/ is Remark\n  Update Tests\n  Update Test Data\n  Fix part of prefix being highlighted for rm/ prefix completion\n  Update iyioon.md\n","fileTypesAndContributionMap":{}},{"hash":"77a8c81e1575e9a4b87d834d24e55762afb1cdc0","isMergeCommit":true,"messageTitle":"Merge pull request #271 from RB9823/master","messageBody":"Fix DG UML Diagrams","fileTypesAndContributionMap":{}},{"hash":"1086d9136fdda25e824d088f9fb0e9b0fee8a224","isMergeCommit":false,"messageTitle":"Add space between words","messageBody":"","fileTypesAndContributionMap":{"docs":{"insertions":1,"deletions":1}}},{"hash":"fa36d578c535619879c0ee1efb108124d57aa8e9","isMergeCommit":true,"messageTitle":"Merge pull request #272 from markgcera/master","messageBody":"Add space between words in my md file","fileTypesAndContributionMap":{}}]}],"RB9823":[{"date":"2023-09-23","commitResults":[{"hash":"10adf60a536062b9708c1d5749db212b2f6c2c53","isMergeCommit":false,"messageTitle":"Update AboutUs.md and johndoe.md","messageBody":"","fileTypesAndContributionMap":{"docs":{"insertions":5,"deletions":5}}},{"hash":"bb46efb276b2cfe827f6e10040afdf5bbf15616c","isMergeCommit":false,"messageTitle":"Change AboutUs.md","messageBody":"","fileTypesAndContributionMap":{"docs":{"insertions":5,"deletions":5}}},{"hash":"e8192e8b1a9621a7106612c5329991fe07b0dada","isMergeCommit":false,"messageTitle":"Fix the rb9823.md","messageBody":"","fileTypesAndContributionMap":{"docs":{"insertions":52,"deletions":52}}},{"hash":"d1f6c2b55db6a963b265f34646047df7522d4c3f","isMergeCommit":false,"messageTitle":"Fix the johndoe.md","messageBody":"","fileTypesAndContributionMap":{"docs":{"insertions":1,"deletions":1}}},{"hash":"2a4bf922e18f81ff86aa3f750fe11300899d67ef","isMergeCommit":true,"messageTitle":"Merge pull request #60 from iyioon/add-MoonJiHoon-info","messageBody":"Add iyioon Info","fileTypesAndContributionMap":{}},{"hash":"f3246884e36408ed0104ba2d1ba8b785b234f45e","isMergeCommit":true,"messageTitle":"Merge pull request #67 from AnnabelTing/add-annabelting-info","messageBody":"Add AnnabelTing info","fileTypesAndContributionMap":{}}]},{"date":"2023-09-24","commitResults":[{"hash":"242ac9b8929be3ee2c99544be21cdd9b0e02509e","isMergeCommit":false,"messageTitle":"Add booking addition feature to UserGuide.md","messageBody":"","fileTypesAndContributionMap":{"docs":{"insertions":9,"deletions":0}}},{"hash":"df53169e8212754f454b3b9e33a2aa9f41516654","isMergeCommit":true,"messageTitle":"Merge pull request #86 from iyioon/updateUG-iyioon","messageBody":"Add Search for a booking feature in UserGuide.md","fileTypesAndContributionMap":{}}]},{"date":"2023-09-25","commitResults":[{"hash":"0286d0bb1fdacb2142163ed77dc7a21a343a71bc","isMergeCommit":false,"messageTitle":"Add a skeletal PPP","messageBody":"","fileTypesAndContributionMap":{"docs":{"insertions":24,"deletions":0}}},{"hash":"26c54d5b835229982c95a09adb7c7336f66e768f","isMergeCommit":true,"messageTitle":"Merge pull request #95 from AryanG01/updateDG-AryanG01","messageBody":"Update the DG","fileTypesAndContributionMap":{}}]},{"date":"2023-10-11","commitResults":[{"hash":"2cdaf9932add35aa9154e9947ac92401224f7cf3","isMergeCommit":false,"messageTitle":"Fixed the AddCommand Tests","messageBody":"","fileTypesAndContributionMap":{"test-code":{"insertions":53,"deletions":14}}},{"hash":"5fc5310cf8603c8ca08ff933e1b18c03454180f9","isMergeCommit":true,"messageTitle":"Merge pull request #111 from AryanG01/Initial-Skeleton-v2","messageBody":"Initial skeleton v2","fileTypesAndContributionMap":{}}]},{"date":"2023-10-12","commitResults":[{"hash":"abd19033e933284e3ba897b3065dd0a7a75e301b","isMergeCommit":true,"messageTitle":"Merge pull request #114 from iyioon/Fix-FindCommand","messageBody":"Change output name and add search by room number","fileTypesAndContributionMap":{}}]},{"date":"2023-10-14","commitResults":[{"hash":"3a91c18fad53ac5c030c63d45385290fa3cafe9b","isMergeCommit":false,"messageTitle":"Fix AddCommand Error Message","messageBody":"","fileTypesAndContributionMap":{"functional-code":{"insertions":1,"deletions":1}}}]},{"date":"2023-10-19","commitResults":[{"hash":"9cc5ea33f19b33320fce1f8455121be9249d2ebd","isMergeCommit":true,"messageTitle":"Merge pull request #123 from markgcera/BookingPeriodv1.5","messageBody":"Booking periodv1.5","fileTypesAndContributionMap":{}}]},{"date":"2023-10-20","commitResults":[{"hash":"962168f9e05e1a877e2ba767955193d3663f495a","isMergeCommit":true,"messageTitle":"Merge pull request #124 from markgcera/BookingPeriodv1.5","messageBody":"minor changes to displayed message from \"Person\" to \"Booking\"","fileTypesAndContributionMap":{}},{"hash":"bd0f47524c4d1e4ba5d7c7ddbc500424dff329e2","isMergeCommit":true,"messageTitle":"Merge pull request #125 from AY2324S1-CS2103T-F10-1/BookingPeriodv1.5","messageBody":"Booking periodv1.5","tags":["v1.2b"],"fileTypesAndContributionMap":{}}]},{"date":"2023-10-21","commitResults":[{"hash":"132ae5d614d9a00b05acadfb6640fa10d37723cc","isMergeCommit":true,"messageTitle":"Merge pull request #127 from markgcera/master","messageBody":"Update UG ","fileTypesAndContributionMap":{}},{"hash":"36e6b20351cdf3cc1ceb8ce0dd7f0942312f4c64","isMergeCommit":false,"messageTitle":"Fix error message","messageBody":"","fileTypesAndContributionMap":{"functional-code":{"insertions":1,"deletions":1}}},{"hash":"96c47813941e24388a4e50f7ced8fa77a8d42513","isMergeCommit":false,"messageTitle":"Implement Time","messageBody":"","fileTypesAndContributionMap":{"functional-code":{"insertions":20,"deletions":19},"test-code":{"insertions":11,"deletions":11}}},{"hash":"0ba7bfe4fffb5a1ec0c99a511fb2fbb03e80ea82","isMergeCommit":false,"messageTitle":"Fix Test Cases","messageBody":"","fileTypesAndContributionMap":{"functional-code":{"insertions":1,"deletions":2},"test-code":{"insertions":6,"deletions":10}}},{"hash":"94248c88c2d635e5be41ae406811d7dc12e29f1a","isMergeCommit":false,"messageTitle":"Fix CheckStyle Issues","messageBody":"","fileTypesAndContributionMap":{"functional-code":{"insertions":2,"deletions":4}}},{"hash":"521b1ec653baeb0cab51fbfbf64488426954cd33","isMergeCommit":true,"messageTitle":"Merge pull request #138 from AryanG01/master","messageBody":"Enabling Assertions","fileTypesAndContributionMap":{}}]},{"date":"2023-10-23","commitResults":[{"hash":"879aa5f91dd4dc65ea39cc8236c4736f8daa2d16","isMergeCommit":true,"messageTitle":"Merge pull request #141 from markgcera/master","messageBody":"Add FXML tag and edit commandResultTest","fileTypesAndContributionMap":{}}]},{"date":"2023-10-24","commitResults":[{"hash":"c03c45a86e5bf6c9fb1b15172ea0ab75eea62a19","isMergeCommit":true,"messageTitle":"Merge pull request #145 from iyioon/Feature-Prefix-Completion","messageBody":"","fileTypesAndContributionMap":{}},{"hash":"e2641ade607c020a4948337d533135fb9c3b5815","isMergeCommit":true,"messageTitle":"Merge pull request #147 from AY2324S1-CS2103T-F10-1/PrefixCompletion","messageBody":"Prefix completion","fileTypesAndContributionMap":{}},{"hash":"4b7672e523016dd4ee55763f311b9f0fa13c6828","isMergeCommit":false,"messageTitle":"Fix SampleDataUtil","messageBody":"","fileTypesAndContributionMap":{"functional-code":{"insertions":6,"deletions":6}}},{"hash":"f916c5edbae029cb014dd0a92a396c942e6f4660","isMergeCommit":true,"messageTitle":"Merge pull request #150 from RB9823/Add-Piechart","messageBody":"Fix SampleDataUtil","fileTypesAndContributionMap":{}}]},{"date":"2023-10-25","commitResults":[{"hash":"631866f0ab4b8dc0c09ed2b1750e7c198be8b5a6","isMergeCommit":true,"messageTitle":"Merge pull request #159 from iyioon/DeveloperGuide","messageBody":"Developer guide","fileTypesAndContributionMap":{}}]},{"date":"2023-10-26","commitResults":[{"hash":"556354b83861c89ac613a53c76835f5f7e6979cb","isMergeCommit":true,"messageTitle":"Merge pull request #158 from AnnabelTing/master","messageBody":"","fileTypesAndContributionMap":{}},{"hash":"dd10ad5ad6a8ce5d197e46786aa9a1bec6b9fce4","isMergeCommit":false,"messageTitle":"Add Remark","messageBody":"","fileTypesAndContributionMap":{"functional-code":{"insertions":143,"deletions":29}}},{"hash":"b484567ed451c2cf30230f32faf6a068d573e76b","isMergeCommit":false,"messageTitle":"Add Remark","messageBody":"","fileTypesAndContributionMap":{"functional-code":{"insertions":7,"deletions":0}}},{"hash":"b08f111365e88d8823be99d933428e1b17c39431","isMergeCommit":false,"messageTitle":"Fix Tests","messageBody":"","fileTypesAndContributionMap":{"functional-code":{"insertions":15,"deletions":7},"test-code":{"insertions":37,"deletions":10}}},{"hash":"bab1d9a37ab5383f024d9f8305cc223c0b38df20","isMergeCommit":false,"messageTitle":"Modify UI","messageBody":"","fileTypesAndContributionMap":{"functional-code":{"insertions":5,"deletions":2}}},{"hash":"648772ecaaa2107cb830e461f001e53551d96c56","isMergeCommit":false,"messageTitle":"Fix Remarks Validation Checks","messageBody":"","fileTypesAndContributionMap":{"functional-code":{"insertions":7,"deletions":4}}},{"hash":"730e3f5b1d0c8715c10f811b0c6c4f4a14caca18","isMergeCommit":false,"messageTitle":"More UI Modifications","messageBody":"","fileTypesAndContributionMap":{"functional-code":{"insertions":14,"deletions":0}}},{"hash":"d590f96ad66ce47b5c32fb72fb8840b69c99040d","isMergeCommit":false,"messageTitle":"Fix CheckStyle Errors","messageBody":"","fileTypesAndContributionMap":{"functional-code":{"insertions":33,"deletions":6},"test-code":{"insertions":4,"deletions":1}}},{"hash":"8c753266033b2f7d6f8077006f2df87ebf80081b","isMergeCommit":false,"messageTitle":"Fix Errors","messageBody":"","fileTypesAndContributionMap":{"functional-code":{"insertions":13,"deletions":5},"test-code":{"insertions":45,"deletions":14}}},{"hash":"a1c834c472de514cab118307f59fec0884684c2b","isMergeCommit":true,"messageTitle":"Merge pull request #166 from markgcera/UI-Overhaul","messageBody":"","fileTypesAndContributionMap":{}},{"hash":"4c49eb9f344a87ab9f2968908f9d1849defd3800","isMergeCommit":false,"messageTitle":"Update User Guide","messageBody":"","fileTypesAndContributionMap":{"docs":{"insertions":9,"deletions":8}}},{"hash":"46b17bccae8a3f71e687f5e3011a1636aa82d383","isMergeCommit":true,"messageTitle":"Merge pull request #167 from RB9823/master","messageBody":"Update User Guide","fileTypesAndContributionMap":{}}]},{"date":"2023-10-27","commitResults":[{"hash":"14afd42aa99e1cfccabdad952bb3292a94a264b4","isMergeCommit":true,"messageTitle":"Merge pull request #173 from iyioon/master","messageBody":"Update DG","tags":["v1.3.trial"],"fileTypesAndContributionMap":{}}]},{"date":"2023-10-29","commitResults":[{"hash":"9a7bb7580a9560719c8d5102a986dde9cd5316aa","isMergeCommit":false,"messageTitle":"Modify Tags","messageBody":"","fileTypesAndContributionMap":{"functional-code":{"insertions":112,"deletions":118},"test-code":{"insertions":38,"deletions":200}}},{"hash":"e0ebedc7c5cb320d384e0b4f780d4d40b1249dad","isMergeCommit":false,"messageTitle":"Modify Tag Position","messageBody":"","fileTypesAndContributionMap":{"functional-code":{"insertions":12,"deletions":7}}},{"hash":"69b7965a22ab5096508626765af5d416dde57986","isMergeCommit":false,"messageTitle":"Clean up Tag References","messageBody":"","fileTypesAndContributionMap":{"functional-code":{"insertions":3,"deletions":11},"test-code":{"insertions":0,"deletions":7}}}]},{"date":"2023-10-31","commitResults":[{"hash":"383698578e939328b3721a1dd33f738555f76a28","isMergeCommit":true,"messageTitle":"Merge pull request #179 from markgcera/Add-JsonInjectionParser","messageBody":"Add JsonInjectionParser class and its test classes.","fileTypesAndContributionMap":{}},{"hash":"70e23cb839049c7d0b0099ac7789360e147c288c","isMergeCommit":true,"messageTitle":"Merge pull request #180 from iyioon/master","messageBody":"Update iyioon.md","fileTypesAndContributionMap":{}}]},{"date":"2023-11-01","commitResults":[{"hash":"79f264012b352f0563936212e8c5e7108e74c105","isMergeCommit":false,"messageTitle":"Fix JSON Input Parser","messageBody":"","fileTypesAndContributionMap":{"functional-code":{"insertions":1,"deletions":2}}},{"hash":"173997398fd1d15fc7e805e11b583e2ea1c903f0","isMergeCommit":false,"messageTitle":"Fix Tests","messageBody":"","fileTypesAndContributionMap":{"test-code":{"insertions":0,"deletions":11}}}]},{"date":"2023-11-02","commitResults":[{"hash":"7bcf0bfc3ee3819e06d14c395350d6e233d39fee","isMergeCommit":true,"messageTitle":"Merge pull request #184 from AryanG01/master","messageBody":"","fileTypesAndContributionMap":{}},{"hash":"5556134d77641c2aadfc996e6a5bec6f15710966","isMergeCommit":false,"messageTitle":"Add RoomTypeTags","messageBody":"","fileTypesAndContributionMap":{"functional-code":{"insertions":37,"deletions":42},"other":{"insertions":21,"deletions":23},"docs":{"insertions":49,"deletions":11},"test-code":{"insertions":40,"deletions":46}}},{"hash":"6face4f7c9500f48a5230c9236199da1a2c0b8e4","isMergeCommit":false,"messageTitle":"Update rb9823.md","messageBody":"","fileTypesAndContributionMap":{"docs":{"insertions":62,"deletions":4}}},{"hash":"df5bc46a6c527fd306f02c9520f87594a6daec09","isMergeCommit":true,"messageTitle":"Merge branch \u0027AY2324S1-CS2103T-F10-1:master\u0027 into master","messageBody":"","fileTypesAndContributionMap":{}},{"hash":"a8b2d5ee3b78a2933957dd9277285da96b1426a9","isMergeCommit":false,"messageTitle":"Fix rb9823.md","messageBody":"","fileTypesAndContributionMap":{"docs":{"insertions":3,"deletions":3}}},{"hash":"11d4b1cad3873b2cd9992a61b062b0c16681c5d8","isMergeCommit":true,"messageTitle":"Merge pull request #187 from iyioon/Update-iyioon-md","messageBody":"Update iyioon.md","fileTypesAndContributionMap":{}},{"hash":"f821e6e67c86ca9ccb9f3507fd223ca3d711c0a0","isMergeCommit":true,"messageTitle":"Merge branch \u0027AY2324S1-CS2103T-F10-1:master\u0027 into master","messageBody":"","fileTypesAndContributionMap":{}}]},{"date":"2023-11-03","commitResults":[{"hash":"4e7645e4dc91f6ae6c2845e6a896dccb8b919f28","isMergeCommit":true,"messageTitle":"Merge pull request #193 from AryanG01/master","messageBody":"Updated User md file and created the pic for RoomType.png","fileTypesAndContributionMap":{}},{"hash":"b76cb0ef5ae3d9ad5bdae727aeaf1771550d9989","isMergeCommit":false,"messageTitle":"Update User Guide","messageBody":"","fileTypesAndContributionMap":{"docs":{"insertions":30,"deletions":27}}},{"hash":"91fd30cc62582d725b9a75d5b3dcfb3f5c736769","isMergeCommit":true,"messageTitle":"Merge pull request #194 from RB9823/master","messageBody":"Update User Guide","fileTypesAndContributionMap":{}},{"hash":"6d3f13d4403bca28c0ac0e5ea56ffe8240cea64a","isMergeCommit":false,"messageTitle":"Update User Guide","messageBody":"","fileTypesAndContributionMap":{"docs":{"insertions":18,"deletions":3}}},{"hash":"4db9373bcccd6d8e50451400355abb4cc7ea14cd","isMergeCommit":true,"messageTitle":"Merge branch \u0027AY2324S1-CS2103T-F10-1:master\u0027 into master","messageBody":"","fileTypesAndContributionMap":{}},{"hash":"967c4fa74a4fe8bd65d67145c82747165f126ab2","isMergeCommit":true,"messageTitle":"Merge pull request #195 from RB9823/master","messageBody":"Update User Guide v2","fileTypesAndContributionMap":{}},{"hash":"ae0c9e283c2f38da7f6ebc3489c9a177e04b6158","isMergeCommit":false,"messageTitle":"Refine User Guide","messageBody":"","fileTypesAndContributionMap":{"docs":{"insertions":4,"deletions":5}}},{"hash":"df54d5267b1ad9d0312268040aa13be55e71170d","isMergeCommit":true,"messageTitle":"Merge pull request #196 from RB9823/master","messageBody":"Refine User Guide","fileTypesAndContributionMap":{}},{"hash":"29f87457b725081e69fb10fa569e2bfdde70bfd8","isMergeCommit":false,"messageTitle":"Ui renamed","messageBody":"","fileTypesAndContributionMap":{"docs":{"insertions":1,"deletions":1}}},{"hash":"8c5d839c41806540e7f40d96a7125bd104bc83c1","isMergeCommit":true,"messageTitle":"Merge pull request #197 from RB9823/master","messageBody":"Ui renamed","fileTypesAndContributionMap":{}},{"hash":"5eb755b178fe136e44b697f82959834d465c9068","isMergeCommit":true,"messageTitle":"Merge pull request #198 from AnnabelTing/master","messageBody":"","tags":["v1.3"],"fileTypesAndContributionMap":{}},{"hash":"a8b14d5de7898c0428eea99657122a1cda369c43","isMergeCommit":false,"messageTitle":"Minor Update to Ui Image","messageBody":"","fileTypesAndContributionMap":{"docs":{"insertions":1,"deletions":1}}},{"hash":"fb35f03ad3f1c1b6e713f619d2032961db0b0357","isMergeCommit":true,"messageTitle":"Merge pull request #201 from RB9823/master","messageBody":"Minor Update to Ui Image","fileTypesAndContributionMap":{}}]},{"date":"2023-11-04","commitResults":[{"hash":"492211f4fe675b89326769b5ecc651f5fe524593","isMergeCommit":true,"messageTitle":"Merge pull request #202 from iyioon/Fix-Bug-BookingPeriod","messageBody":"Fix bug: Overlapping booking being accepted.","fileTypesAndContributionMap":{}},{"hash":"185d2546dfac7032aa1bf453b2547f19ccfb0fb3","isMergeCommit":false,"messageTitle":"User Guide Fixes","messageBody":"","fileTypesAndContributionMap":{"functional-code":{"insertions":1,"deletions":3},"docs":{"insertions":13,"deletions":14}}},{"hash":"0d0efb790ec7128c4dce3a6e82a626e1926913ed","isMergeCommit":true,"messageTitle":"Merge pull request #244 from iyioon/Fix-Prefix-Search-Edit","messageBody":"Fix prefix search for edit command","fileTypesAndContributionMap":{}}]},{"date":"2023-11-07","commitResults":[{"hash":"03a83814c33206154a202bc29ee6a4be2f9c46eb","isMergeCommit":true,"messageTitle":"Merge pull request #245 from markgcera/master","messageBody":"","fileTypesAndContributionMap":{}},{"hash":"cfaeb84259cdff03236217bc04d579338aa833bc","isMergeCommit":true,"messageTitle":"Merge pull request #246 from markgcera/master","messageBody":"Fix NumberFormatException when room number exceeds MAX_INT or goes below MIN_INT value","fileTypesAndContributionMap":{}}]},{"date":"2023-11-08","commitResults":[{"hash":"5c11cb205f72d05e09af39f497ed18f82e02b4ee","isMergeCommit":false,"messageTitle":"Fix EditCommand","messageBody":"","fileTypesAndContributionMap":{"functional-code":{"insertions":5,"deletions":1}}},{"hash":"bf0d2af1369b46fc27bebf765ecdfe8d9ac2e0e5","isMergeCommit":false,"messageTitle":"Fix Remark Behaviour","messageBody":"","fileTypesAndContributionMap":{"functional-code":{"insertions":9,"deletions":4}}},{"hash":"9e2f9bb41871606b1fe54671b1dcf1cf80d53c0c","isMergeCommit":false,"messageTitle":"Fix Phone Number Constraints","messageBody":"","fileTypesAndContributionMap":{"functional-code":{"insertions":2,"deletions":2}}},{"hash":"5e81395e3299945800c92866e9fe78825537908b","isMergeCommit":false,"messageTitle":"Fix User Guide Features Link","messageBody":"","fileTypesAndContributionMap":{"docs":{"insertions":1,"deletions":1}}},{"hash":"4ee54b01a3d9c1034c6d63d87f994ab5ab5f037c","isMergeCommit":false,"messageTitle":"more fixes","messageBody":"","fileTypesAndContributionMap":{"functional-code":{"insertions":4,"deletions":3},"docs":{"insertions":5,"deletions":5}}},{"hash":"8fff5c32211035ed18e7d0b61894ec12ff370eff","isMergeCommit":false,"messageTitle":"Even More Fixes","messageBody":"","fileTypesAndContributionMap":{"functional-code":{"insertions":2,"deletions":2},"test-code":{"insertions":1,"deletions":1}}},{"hash":"8fa676739c890f45a13ea31a11671bb6cef47560","isMergeCommit":false,"messageTitle":"Fix SampleDataUtil emails","messageBody":"","fileTypesAndContributionMap":{"functional-code":{"insertions":6,"deletions":6}}},{"hash":"832f31c77fdbf8e0c920fca81c74aa79d762e7b2","isMergeCommit":true,"messageTitle":"Merge branch \u0027AY2324S1-CS2103T-F10-1:master\u0027 into master","messageBody":"","fileTypesAndContributionMap":{}},{"hash":"0a3817681d5b3304c7c71597825c7b698b82ff34","isMergeCommit":true,"messageTitle":"Merge pull request #251 from RB9823/master","messageBody":"Fix Sample Data","fileTypesAndContributionMap":{}},{"hash":"cb0d056c6859dddcafdd6a2276b84747fd68304e","isMergeCommit":false,"messageTitle":"Fix Launch GUI size","messageBody":"","fileTypesAndContributionMap":{"functional-code":{"insertions":3,"deletions":2}}},{"hash":"cea1d4b77cfc5957c3f42a1c3d6436b5e1152af7","isMergeCommit":true,"messageTitle":"Merge branch \u0027AY2324S1-CS2103T-F10-1:master\u0027 into master","messageBody":"","fileTypesAndContributionMap":{}},{"hash":"b9838fdc7d59e79df23f4fd35ba8c1755debedba","isMergeCommit":true,"messageTitle":"Merge pull request #255 from AryanG01/master","messageBody":"Increaesd Coverage","fileTypesAndContributionMap":{}},{"hash":"c39b83ac7575ca17e54b755e91129a820d479087","isMergeCommit":true,"messageTitle":"Merge branch \u0027AY2324S1-CS2103T-F10-1:master\u0027 into master","messageBody":"","fileTypesAndContributionMap":{}},{"hash":"deb35dcf59fb8dbb9ba68c0da4205bdaa4256fbe","isMergeCommit":false,"messageTitle":"Fix resolution","messageBody":"","fileTypesAndContributionMap":{"functional-code":{"insertions":6,"deletions":4}}}]},{"date":"2023-11-09","commitResults":[{"hash":"eda7f6fcac2e0a340db5e232ead879cf822fbed0","isMergeCommit":false,"messageTitle":"Fix Startup App Size","messageBody":"","fileTypesAndContributionMap":{"functional-code":{"insertions":14,"deletions":6}}}]},{"date":"2023-11-10","commitResults":[{"hash":"b73553573f1cc3327dab4fb5636a6b4982b59dc4","isMergeCommit":true,"messageTitle":"Merge pull request #256 from AnnabelTing/master","messageBody":"Fix error with validating booking period and update user guide","fileTypesAndContributionMap":{}},{"hash":"2c7de62f6e125ccf88ed158f4de92867e208f646","isMergeCommit":false,"messageTitle":"Fix","messageBody":"","fileTypesAndContributionMap":{"functional-code":{"insertions":1,"deletions":1}}},{"hash":"98c9e63832b7d0dd64fd7316f4d0d19901ba23a5","isMergeCommit":false,"messageTitle":"Fix DG ToC","messageBody":"","fileTypesAndContributionMap":{"docs":{"insertions":1,"deletions":1}}},{"hash":"59ded3bdc3401c8d7aa4dd27a3d9ae3d80878344","isMergeCommit":false,"messageTitle":"Update Test Cases","messageBody":"","fileTypesAndContributionMap":{"test-code":{"insertions":1,"deletions":1}}}]},{"date":"2023-11-11","commitResults":[{"hash":"825ee9664b65cde4a7ffbc9418555a68ce2634f9","isMergeCommit":true,"messageTitle":"Merge pull request #260 from markgcera/master","messageBody":"UG and md file changes","fileTypesAndContributionMap":{}},{"hash":"17a9a966953f2afa60f2c68632f862f3130e3f0a","isMergeCommit":true,"messageTitle":"Merge pull request #259 from AnnabelTing/master","messageBody":"Fix error with validating booking period and update user guide again","fileTypesAndContributionMap":{}},{"hash":"6a1f87a21938bef5469d4162352fda85963a036f","isMergeCommit":true,"messageTitle":"Merge pull request #261 from iyioon/Update-iyioonmd","messageBody":"Update iyioon.md","fileTypesAndContributionMap":{}},{"hash":"da6be38fd249eaf4e86fddacccfecd21f4df2798","isMergeCommit":true,"messageTitle":"Merge pull request #263 from iyioon/Update-PPP","messageBody":"Update iyioon.md","fileTypesAndContributionMap":{}},{"hash":"6d5f90ef26ba9efc0b4304cc24ade417ba8bb91f","isMergeCommit":true,"messageTitle":"Merge pull request #264 from iyioon/FIx-Prefix-Completion","messageBody":"Fix part of prefix being highlighted for rm/ prefix completion","fileTypesAndContributionMap":{}},{"hash":"81c730c64c2abe71513ea6ae76aa1186d37b5e7c","isMergeCommit":false,"messageTitle":"Update Test Data","messageBody":"","fileTypesAndContributionMap":{"functional-code":{"insertions":1,"deletions":1}}},{"hash":"421a11de15b4b5424ed64f179145093b3a152fde","isMergeCommit":false,"messageTitle":"Update Tests","messageBody":"","fileTypesAndContributionMap":{"functional-code":{"insertions":1,"deletions":1}}},{"hash":"655b9b662154b35d9126862b2a9de35dd37ec286","isMergeCommit":false,"messageTitle":"rk/ is Remark","messageBody":"","fileTypesAndContributionMap":{"functional-code":{"insertions":1,"deletions":1},"test-code":{"insertions":2,"deletions":2}}},{"hash":"95a8b8caa0e79080a8005934815dbd1a62445845","isMergeCommit":true,"messageTitle":"Merge pull request #266 from iyioon/FIx-Edit-PrefixComplete","messageBody":"FIx room prefix not showing on edit prefix completion","fileTypesAndContributionMap":{}}]},{"date":"2023-11-12","commitResults":[{"hash":"9d5a01364890ed2cd8116eba5825291308edab61","isMergeCommit":false,"messageTitle":"Update Tag References","messageBody":"","fileTypesAndContributionMap":{"functional-code":{"insertions":1,"deletions":17},"test-code":{"insertions":4,"deletions":34}}},{"hash":"54677676073ac9d363c5627b0fe0e4ab6c6122f5","isMergeCommit":true,"messageTitle":"Merge pull request #268 from markgcera/master","messageBody":"Add optional appendixes to the DG","fileTypesAndContributionMap":{}},{"hash":"af57cb38ccf303b5ecd17015b4881b4295823589","isMergeCommit":false,"messageTitle":"Update UG","messageBody":"","fileTypesAndContributionMap":{"docs":{"insertions":5,"deletions":5}}},{"hash":"54efae3fdd56b8de5b2e4c4ffc5d4825aec9bedc","isMergeCommit":false,"messageTitle":"Update README.md","messageBody":"","fileTypesAndContributionMap":{"docs":{"insertions":15,"deletions":10}}},{"hash":"2f401e8a20438d421bd2c4ea5f30ddb693377be4","isMergeCommit":true,"messageTitle":"Merge pull request #270 from markgcera/master","messageBody":"Add Appendix: Instructions for manual testing","fileTypesAndContributionMap":{}},{"hash":"41b4fb1d1de337a8ce56ef4b5bec6352e50c149e","isMergeCommit":false,"messageTitle":"Fix DG UML Diagrams","messageBody":"","fileTypesAndContributionMap":{"functional-code":{"insertions":3,"deletions":51},"other":{"insertions":16,"deletions":16},"docs":{"insertions":73,"deletions":77},"test-code":{"insertions":27,"deletions":27}}},{"hash":"c12eb269246e322c64c23dc16483f3138cabb1b7","isMergeCommit":false,"messageTitle":"More UML Diagrams","messageBody":"","fileTypesAndContributionMap":{"docs":{"insertions":5,"deletions":5}}},{"hash":"aecb4d9cc2409f7b78ab12e5bc27b22aeb2833a9","isMergeCommit":true,"messageTitle":"Merge pull request #273 from RB9823/master","messageBody":"More UML Diagrams","fileTypesAndContributionMap":{}}]}],"AryanG01":[{"date":"2023-09-23","commitResults":[{"hash":"b8c3a51fa7ec84fd57a81f94536e2bf15f48ad96","isMergeCommit":false,"messageTitle":"commit changes by Aryan","messageBody":"","fileTypesAndContributionMap":{"docs":{"insertions":0,"deletions":0}}},{"hash":"fff6f9fc8bc5b459738fa935026fd86f3511ba36","isMergeCommit":false,"messageTitle":"commit changes by Aryan","messageBody":"","fileTypesAndContributionMap":{"docs":{"insertions":51,"deletions":5}}},{"hash":"c8139a51b355d91eaf88ed7e67b98a0cf9bbb7f4","isMergeCommit":false,"messageTitle":"Change the md filename","messageBody":"","fileTypesAndContributionMap":{"docs":{"insertions":1,"deletions":1}}}]},{"date":"2023-09-24","commitResults":[{"hash":"c5a2659ed36e2711ec7ed408141ebe59b6993144","isMergeCommit":false,"messageTitle":"Add cancellation feature to UserGuide.md","messageBody":"","fileTypesAndContributionMap":{"docs":{"insertions":17,"deletions":0}}},{"hash":"63d41dfdabcfd5c1a805b6fd80c8e771dc9af718","isMergeCommit":true,"messageTitle":"Merge pull request #87 from AryanG01/updateUG-aryanGanju","messageBody":"Add cancellation feature to UserGuide.md","fileTypesAndContributionMap":{}}]},{"date":"2023-09-25","commitResults":[{"hash":"9d2fcebfb6a529eaa30c11d5f578f14217cf1b0b","isMergeCommit":true,"messageTitle":"Merge branch \u0027nus-cs2103-AY2324S1:master\u0027 into master","messageBody":"","fileTypesAndContributionMap":{}},{"hash":"c3264cb39c7be511e3c1f29d7ba444c1885f4c29","isMergeCommit":false,"messageTitle":"Add a skeletal PPP","messageBody":"","fileTypesAndContributionMap":{"docs":{"insertions":4,"deletions":24}}},{"hash":"0a9e1feec60f0044d96f2f6b85477b719aef79af","isMergeCommit":true,"messageTitle":"Merge pull request #91 from RB9823/Add-a-skeletal-PPP-RB9823","messageBody":"Add a skeletal PPP","fileTypesAndContributionMap":{}},{"hash":"d0a737543a8147d90595e4f1e7dfea29335f7be0","isMergeCommit":true,"messageTitle":"Merge pull request #93 from AnnabelTing/Add-a-skeletal-PPP-AnnabelTing","messageBody":"Update Project Portfolio Page","fileTypesAndContributionMap":{}},{"hash":"1381fc68b07ff5d4eb7f1a87b9707f8486777515","isMergeCommit":false,"messageTitle":"Update the DG","messageBody":"","fileTypesAndContributionMap":{"docs":{"insertions":123,"deletions":330}}}]},{"date":"2023-09-26","commitResults":[{"hash":"b86a4432256bbad4dda40a545bbf9f3423d45160","isMergeCommit":false,"messageTitle":"Fix the lack of picture error","messageBody":"","fileTypesAndContributionMap":{"docs":{"insertions":5,"deletions":4}}}]},{"date":"2023-09-30","commitResults":[{"hash":"8320cbd29f1b62d3511842ec65c8e49ec1e07cae","isMergeCommit":true,"messageTitle":"Merge pull request #98 from markgcera/master","messageBody":"Change UserGuide.md to remove traces of AB3 UG","fileTypesAndContributionMap":{}}]},{"date":"2023-10-07","commitResults":[{"hash":"a5b8680cf8017480a555473f80d2900f0f28d35f","isMergeCommit":true,"messageTitle":"Merge pull request #100 from markgcera/Initial-Skeleton-v2","messageBody":"Create a new initial skeleton MVP","fileTypesAndContributionMap":{}}]},{"date":"2023-10-11","commitResults":[{"hash":"d016e3e349c6f437d15f50db355a644d78945c2f","isMergeCommit":true,"messageTitle":"Merge pull request #102 from markgcera/Initial-Skeleton-v2","messageBody":"Fix non command tests","fileTypesAndContributionMap":{}},{"hash":"e73cb8b1d3d84f4a0ef1e95701dd637712d455e0","isMergeCommit":true,"messageTitle":"Merge branch \u0027Initial-Skeleton-v2\u0027 of https://github.com/AryanG01/tp into Initial-Skeleton-v2","messageBody":"# Conflicts:\n#\tsrc/main/java/seedu/address/model/booking/Booking.java\n#\tsrc/main/java/seedu/address/model/booking/UniqueBookingList.java\n","fileTypesAndContributionMap":{}},{"hash":"c7a9c9e8cdc9d91f8520383b47f6f972eec94626","isMergeCommit":false,"messageTitle":"Updated BookingsBook.java","messageBody":"","fileTypesAndContributionMap":{"functional-code":{"insertions":1,"deletions":1}}},{"hash":"7dc8727212c1b7c6032c7c72cc2b40840ebe7bd1","isMergeCommit":false,"messageTitle":"Fix AddCommandParserTest.java","messageBody":"","fileTypesAndContributionMap":{"functional-code":{"insertions":5,"deletions":0},"test-code":{"insertions":47,"deletions":20}}},{"hash":"935b9c30f858bf115958cbfeb4b43bc984b52bd2","isMergeCommit":true,"messageTitle":"Merge pull request #110 from RB9823/Initial-Skeleton-v2","messageBody":"Fixed the AddCommand Tests","fileTypesAndContributionMap":{}},{"hash":"2eea4645b66a3f82c3b978add087b5bc0ca6b002","isMergeCommit":true,"messageTitle":"Merge branch \u0027Initial-Skeleton-v2\u0027 of https://github.com/AryanG01/tp into Initial-Skeleton-v2","messageBody":"# Conflicts:\n#\tsrc/test/java/seedu/address/logic/parser/AddCommandParserTest.java\n","fileTypesAndContributionMap":{}},{"hash":"9553b2ad23305a43f9f53ca7c438d7c3862b44bb","isMergeCommit":false,"messageTitle":"Fixing Checkstyle","messageBody":"","fileTypesAndContributionMap":{"functional-code":{"insertions":0,"deletions":152},"other":{"insertions":0,"deletions":0}}},{"hash":"37449e01f349c6ba79cedb6b072eed474fc93fcb","isMergeCommit":false,"messageTitle":"Fixing Checkstyle","messageBody":"","fileTypesAndContributionMap":{"functional-code":{"insertions":5,"deletions":5},"test-code":{"insertions":28,"deletions":16}}}]},{"date":"2023-10-21","commitResults":[{"hash":"22841335174045c254b66b424bebb66ce5f083ef","isMergeCommit":true,"messageTitle":"Merge pull request #128 from RB9823/master","messageBody":"Add Time","fileTypesAndContributionMap":{}},{"hash":"12ffc8842ca090566adc146d3e60436cc7c1b72b","isMergeCommit":false,"messageTitle":"Enabling Assertions","messageBody":"","fileTypesAndContributionMap":{"other":{"insertions":4,"deletions":0}}}]},{"date":"2023-10-24","commitResults":[{"hash":"be1fbc5fe1fa03aabc5ff4381648fbf4f4bcd5b4","isMergeCommit":false,"messageTitle":"Update Test cases","messageBody":"","fileTypesAndContributionMap":{"functional-code":{"insertions":79,"deletions":24},"test-code":{"insertions":207,"deletions":9}}},{"hash":"cfb144d216c140c9fc22e7d4fccecfb9bd081278","isMergeCommit":true,"messageTitle":"Merge branch \u0027master\u0027 into Add-Piechart","messageBody":"","fileTypesAndContributionMap":{}},{"hash":"714b715c6e34218a2f919464449a5f4bcc50ae4d","isMergeCommit":true,"messageTitle":"Merge pull request #148 from AY2324S1-CS2103T-F10-1/Add-Piechart","messageBody":"Add piechart","fileTypesAndContributionMap":{}},{"hash":"8d47b4cbdd70f419a29f2ec0d25af24603a861bc","isMergeCommit":true,"messageTitle":"Merge pull request #149 from AryanG01/Add-Piechart","messageBody":"Add piechart","fileTypesAndContributionMap":{}}]},{"date":"2023-10-25","commitResults":[{"hash":"e125117651510f1de95c9b92109005cebd174883","isMergeCommit":true,"messageTitle":"Merge branch \u0027master\u0027 of https://github.com/AryanG01/tp","messageBody":"","fileTypesAndContributionMap":{}},{"hash":"f4b0bd2f1276f8d1f6e17e836e2429db05034f93","isMergeCommit":true,"messageTitle":"Merge pull request #151 from RB9823/master","messageBody":"Merge pull request #148 from AY2324S1-CS2103T-F10-1/Add-Piechart","fileTypesAndContributionMap":{}},{"hash":"e86d8600f2169ae707c57401ef3495faf5980066","isMergeCommit":false,"messageTitle":"commit changes","messageBody":"","fileTypesAndContributionMap":{"functional-code":{"insertions":6,"deletions":7}}},{"hash":"e39d4a501b67469a0027e20f1b07a2b821507281","isMergeCommit":false,"messageTitle":"checkstyle fix","messageBody":"","fileTypesAndContributionMap":{"functional-code":{"insertions":0,"deletions":1}}},{"hash":"5e7ca739e9b4c277b4c122cda97f95efa2a0ae15","isMergeCommit":true,"messageTitle":"Merge pull request #153 from AryanG01/Add-TestCases","messageBody":"Add test cases","fileTypesAndContributionMap":{}},{"hash":"0b66fc7181437f71ab90cdb08f9a024dfc1827a5","isMergeCommit":true,"messageTitle":"Merge pull request #154 from AryanG01/Add-TestCases","messageBody":"Add test cases","fileTypesAndContributionMap":{}},{"hash":"bf08009ca948fd8cb990d3056ed47155059ce150","isMergeCommit":true,"messageTitle":"Merge branch \u0027master\u0027 of https://github.com/AryanG01/tp","messageBody":"","fileTypesAndContributionMap":{}},{"hash":"eda393ee6828d074695281ad46ef86e9e5628fd0","isMergeCommit":false,"messageTitle":"Added Exceptions and started refactoring","messageBody":"","fileTypesAndContributionMap":{"functional-code":{"insertions":113,"deletions":22},"other":{"insertions":3,"deletions":3},"test-code":{"insertions":24,"deletions":18}}},{"hash":"0c5ab44cf8276d352811c76fcbbf666e29f438ce","isMergeCommit":false,"messageTitle":"Add javadoc and continued refactoring","messageBody":"","fileTypesAndContributionMap":{"functional-code":{"insertions":115,"deletions":42}}},{"hash":"5bbcba84cab87157c81351aed6288e43cbdce710","isMergeCommit":false,"messageTitle":"commit changes","messageBody":"","fileTypesAndContributionMap":{"functional-code":{"insertions":211,"deletions":58},"other":{"insertions":27,"deletions":4},"test-code":{"insertions":9,"deletions":8}}},{"hash":"60d80f725f2c6c9055a864815cef73f8e230ae77","isMergeCommit":false,"messageTitle":"commit changes","messageBody":"","fileTypesAndContributionMap":{"functional-code":{"insertions":19,"deletions":15},"test-code":{"insertions":12,"deletions":10}}},{"hash":"d66366d9979c336182093da68562ae540d81c73c","isMergeCommit":true,"messageTitle":"Merge pull request #156 from AryanG01/Add-ExceptionRefactoring","messageBody":"Add exception refactoring","fileTypesAndContributionMap":{}},{"hash":"1e1d49996107c7c5f5c1bca7e05a14a214131486","isMergeCommit":true,"messageTitle":"Merge pull request #160 from AY2324S1-CS2103T-F10-1/Add-ExceptionRefactoring","messageBody":"Add exception refactoring","fileTypesAndContributionMap":{}}]},{"date":"2023-10-26","commitResults":[{"hash":"f822a2c674aa6af0ebb59cd49c734a2f6d15c62e","isMergeCommit":true,"messageTitle":"Merge pull request #161 from markgcera/master","messageBody":"Fix numbering of ToC in UG","fileTypesAndContributionMap":{}},{"hash":"6b0b7b6f4e3fd857243d058f118d3eacd668906f","isMergeCommit":true,"messageTitle":"Merge pull request #168 from markgcera/UI-Overhaul","messageBody":"minor UI changes","fileTypesAndContributionMap":{}}]},{"date":"2023-10-27","commitResults":[{"hash":"7361940c807d66446704395b9cdce5eb475c7a30","isMergeCommit":true,"messageTitle":"Merge pull request #172 from markgcera/master","messageBody":"Change pie chart legend to transparent","fileTypesAndContributionMap":{}}]},{"date":"2023-10-28","commitResults":[{"hash":"e5ccbd11455443029792efeda0760cf5bacfcf4f","isMergeCommit":false,"messageTitle":"Fixed delete command and added mass delete functionality","messageBody":"","fileTypesAndContributionMap":{"functional-code":{"insertions":290,"deletions":39},"test-code":{"insertions":9,"deletions":6}}}]},{"date":"2023-10-31","commitResults":[{"hash":"ba9bc2f489846263898f475d88c6770f4fd9e3b1","isMergeCommit":true,"messageTitle":"Merge pull request #178 from markgcera/Add-Flag/Unflag-Commands","messageBody":"Add flag/unflag commands","fileTypesAndContributionMap":{}}]},{"date":"2023-11-01","commitResults":[{"hash":"ae3ba2cbf84d530a1de0a4031e1e8b114f873335","isMergeCommit":false,"messageTitle":"UI changes Part 1","messageBody":"","fileTypesAndContributionMap":{"functional-code":{"insertions":123,"deletions":30}}}]},{"date":"2023-11-02","commitResults":[{"hash":"e59ad489c5b65a6e1284f789ae58714716e36436","isMergeCommit":false,"messageTitle":"UI changes Part 3","messageBody":"","fileTypesAndContributionMap":{"functional-code":{"insertions":95,"deletions":22}}},{"hash":"6e204e60970d5d2179f71feb7dc800a0abee043e","isMergeCommit":true,"messageTitle":"Merge branch \u0027UndoFeature\u0027","messageBody":"# Conflicts:\n#\tsrc/main/java/seedu/address/ui/BookingCard.java\n#\tsrc/main/resources/view/PersonListCard.fxml\n","fileTypesAndContributionMap":{}},{"hash":"e6e77ce5f77bbe63f155272b8167f13b8887e673","isMergeCommit":false,"messageTitle":"Added JavaDocs","messageBody":"","fileTypesAndContributionMap":{"functional-code":{"insertions":217,"deletions":36}}},{"hash":"7e7dd12b03a7a85e851b6a8d1c8c9b0e36c050a6","isMergeCommit":false,"messageTitle":"Checkstyle errors fixed","messageBody":"","fileTypesAndContributionMap":{"functional-code":{"insertions":3,"deletions":3}}},{"hash":"7b4cd33ca1d63dbcfc27245e76ec8065f8fdc54d","isMergeCommit":false,"messageTitle":"Added an Undo Feature","messageBody":"","fileTypesAndContributionMap":{"functional-code":{"insertions":75,"deletions":6},"test-code":{"insertions":11,"deletions":6}}},{"hash":"24ef6148ce572857b817a5c0666f3fb05f2c3fdc","isMergeCommit":true,"messageTitle":"Merge branch \u0027UndoFeature\u0027","messageBody":"","fileTypesAndContributionMap":{}},{"hash":"229e51c0660da55980aeef689d941c06d66c95ca","isMergeCommit":true,"messageTitle":"Merge pull request #191 from AryanG01/master","messageBody":"Added Undo Feature","fileTypesAndContributionMap":{}}]},{"date":"2023-11-03","commitResults":[{"hash":"5be94ad2e33887814e3baf4201cad8543d363fae","isMergeCommit":true,"messageTitle":"Merge pull request #190 from markgcera/master","messageBody":"Updated DG and my own .md file","fileTypesAndContributionMap":{}},{"hash":"0ffc5ce3e82591cae45e20a25eb8e0648f40deb7","isMergeCommit":true,"messageTitle":"Merge pull request #189 from RB9823/master","messageBody":"Update rb9823.md","tags":["v1.3.draft"],"fileTypesAndContributionMap":{}},{"hash":"7eab2fb0f8cca6b359fd32d6363af0ff9d42fcc4","isMergeCommit":false,"messageTitle":"Updated User md file and created the pic for RoomType.png","messageBody":"","fileTypesAndContributionMap":{"docs":{"insertions":61,"deletions":6}}}]},{"date":"2023-11-04","commitResults":[{"hash":"f0c50abd905473e1e681683d6d5f6995906a307f","isMergeCommit":true,"messageTitle":"Merge pull request #242 from markgcera/Remove-FlagAndUnflag","messageBody":"Remove flag and unflag feature","fileTypesAndContributionMap":{}}]},{"date":"2023-11-07","commitResults":[{"hash":"cfb08dfcaebdae0657f1127ec54c7ff8c3c97bc8","isMergeCommit":false,"messageTitle":"Fixed the issues where exiting the application doesnt close all the pop up windows. Also fixed the issue where multiple instances of the same booking can be popped up.","messageBody":"","fileTypesAndContributionMap":{"functional-code":{"insertions":57,"deletions":1}}},{"hash":"ed1264ea55b20265c9338fdbcc17688da81d1e2e","isMergeCommit":false,"messageTitle":"Delete handles Invalid indices","messageBody":"","fileTypesAndContributionMap":{"functional-code":{"insertions":16,"deletions":4}}},{"hash":"ba0119a96f7d15f8c64bf3967de036bf8b03170c","isMergeCommit":true,"messageTitle":"Merge branch \u0027FixErrorsAryan\u0027","messageBody":"# Conflicts:\n#\tsrc/main/java/seedu/address/ui/BookingCard.java\n","fileTypesAndContributionMap":{}}]},{"date":"2023-11-08","commitResults":[{"hash":"0ff5bb3b020d69a899e316092cf8ef86e48a21ae","isMergeCommit":false,"messageTitle":"Fixed errors reported in PE-D","messageBody":"","fileTypesAndContributionMap":{"functional-code":{"insertions":79,"deletions":11},"docs":{"insertions":5,"deletions":2}}},{"hash":"29322b5f73e4f6c6757971468b41387582ba3b19","isMergeCommit":true,"messageTitle":"Merge pull request #247 from RB9823/master","messageBody":"Fix EditCommand","fileTypesAndContributionMap":{}},{"hash":"4158b6111ce0773e7e9eb01ae5f046f6c3b9cbeb","isMergeCommit":false,"messageTitle":"Fixed failing test cases","messageBody":"","fileTypesAndContributionMap":{"functional-code":{"insertions":2,"deletions":3},"test-code":{"insertions":37,"deletions":34}}},{"hash":"25181e2128640cffd0e783817a405e68fb1ff1ac","isMergeCommit":false,"messageTitle":"Fixed some more issues","messageBody":"","fileTypesAndContributionMap":{"test-code":{"insertions":0,"deletions":1}}},{"hash":"ea5872f133a19dc7eb112b01bfe55707a92339a9","isMergeCommit":true,"messageTitle":"Merge pull request #249 from RB9823/master","messageBody":"Fix PE-D Issues","fileTypesAndContributionMap":{}},{"hash":"21798103164eda981f6e80641968cc31155b444a","isMergeCommit":true,"messageTitle":"Merge pull request #250 from markgcera/master","messageBody":"Abstract out command parse exceptions into their own package","fileTypesAndContributionMap":{}},{"hash":"4a6c9f1164e39b2cb60f64169e27d54078a692fb","isMergeCommit":false,"messageTitle":"Increased coverage","messageBody":"","fileTypesAndContributionMap":{"functional-code":{"insertions":6,"deletions":2},"test-code":{"insertions":335,"deletions":0}}},{"hash":"6db65d1e6edc60dbd9d30fb9f4889d8472570506","isMergeCommit":false,"messageTitle":"Fixed CheckStyle","messageBody":"","fileTypesAndContributionMap":{"functional-code":{"insertions":0,"deletions":1},"test-code":{"insertions":13,"deletions":28}}},{"hash":"b25a9d30a4a97e4b884e2f20883d8cac7aeea12c","isMergeCommit":true,"messageTitle":"Merge pull request #253 from markgcera/master","messageBody":"Change edit and delete command parser tests","fileTypesAndContributionMap":{}},{"hash":"0aa3170150d26de65414ac7ebf6e74c96b2638db","isMergeCommit":true,"messageTitle":"Merge branch \u0027AY2324S1-CS2103T-F10-1:master\u0027 into master","messageBody":"","fileTypesAndContributionMap":{}},{"hash":"39b4090c87704c15738d8ce167943d6f01abae60","isMergeCommit":false,"messageTitle":"Fixed conflicts as a result of merging","messageBody":"","fileTypesAndContributionMap":{"functional-code":{"insertions":0,"deletions":1},"test-code":{"insertions":9,"deletions":27}}},{"hash":"172e007f9b948ccb524ddcb6598c599d57156bbe","isMergeCommit":true,"messageTitle":"Merge branch \u0027TempBranch\u0027","messageBody":"","fileTypesAndContributionMap":{}}]}]},"authorFileTypeContributionMap":{"iyioon":{"docs":275,"functional-code":433,"test-code":174,"other":1},"AnnabelTing":{"docs":95,"functional-code":90,"test-code":46,"other":1},"markgcera":{"docs":477,"functional-code":1106,"test-code":736,"other":1},"RB9823":{"docs":248,"functional-code":337,"test-code":165},"AryanG01":{"docs":95,"functional-code":1281,"test-code":620,"other":4}},"authorContributionVariance":{"iyioon":15998.759,"AnnabelTing":3414.974,"markgcera":119808.47,"RB9823":12511.015,"AryanG01":27419.42},"authorDisplayNameMap":{"iyioon":"CS2103T-F10-1 MOON..HOON","AnnabelTing":"CS2103T-F10-1 TING..ABEL","markgcera":"CS2103T-F10-1 GARC..TINO","RB9823":"CS2103T-F10-1 BAHL..OHAN","AryanG01":"CS2103T-F10-1 ARYA..ANJU"}}
