{"authorDailyContributionsMap":{"wr1159":[{"date":"2023-10-01","commitResults":[{"hash":"ff7097d6a5c9313eec4c43d7070d28d6f5bd8a4c","isMergeCommit":false,"messageTitle":"Update my information such as links, roles, responsibilities and names","messageBody":"","fileTypesAndContributionMap":{"docs":{"insertions":4,"deletions":4}}},{"hash":"b26a1f9bb019ad555d0083f92d543130f43aa863","isMergeCommit":false,"messageTitle":"Add PPP based off johndoe.md from AB3","messageBody":"","fileTypesAndContributionMap":{"docs":{"insertions":24,"deletions":0}}},{"hash":"9f21d27d80ed82ec6250d3e85af0ed7338bf9b81","isMergeCommit":true,"messageTitle":"Merge pull request #72 from SelwynAng/add-about-us","messageBody":"","fileTypesAndContributionMap":{}},{"hash":"79eadd81d1f3a259d098e99d5107a88836b42581","isMergeCommit":true,"messageTitle":"Merge pull request #73 from SelwynAng/add-ppp","messageBody":"","fileTypesAndContributionMap":{}},{"hash":"1ce17e9fec558c24f0ec3098efafa08e1c4cbf0d","isMergeCommit":false,"messageTitle":"Add Create Event command","messageBody":"","fileTypesAndContributionMap":{"docs":{"insertions":10,"deletions":1}}},{"hash":"d2f70e8249ffe116aa342ddabc8bfb68560ea1bb","isMergeCommit":false,"messageTitle":"Add Delete Event command","messageBody":"","fileTypesAndContributionMap":{"docs":{"insertions":15,"deletions":1}}},{"hash":"97cf0de0a805f3bcc8fd3fb8d24eb12ae1dc1d52","isMergeCommit":false,"messageTitle":"Add command summary for create event and delete event","messageBody":"","fileTypesAndContributionMap":{"docs":{"insertions":2,"deletions":0}}},{"hash":"4ec399854e05e71d3637163d9b4c329f94daf725","isMergeCommit":false,"messageTitle":"Add use cases for add and delete event","messageBody":"","fileTypesAndContributionMap":{"docs":{"insertions":39,"deletions":9}}},{"hash":"52ee77fdc32b6209e9f297d75e5dfed17bb91070","isMergeCommit":false,"messageTitle":"Add user stories in v1.2","messageBody":"","fileTypesAndContributionMap":{"docs":{"insertions":12,"deletions":8}}}]},{"date":"2023-10-02","commitResults":[{"hash":"e7cfec52beabe83a88c42dffa715f32d61a69db8","isMergeCommit":true,"messageTitle":"Merge pull request #82 from SelwynAng/edit-developer-guide","messageBody":"Edit developer guide to add use cases for delete, list all members and list all events","fileTypesAndContributionMap":{}},{"hash":"f211c6d9c258a51ae423928d10b38a0541d21237","isMergeCommit":true,"messageTitle":"Merge pull request #81 from SelwynAng/edit-user-guide","messageBody":"Update list command feature and summary in UG","fileTypesAndContributionMap":{}},{"hash":"9d1e1d4a184337d729aed2dde6032d2ebb8a25ef","isMergeCommit":false,"messageTitle":"Update priority for v1.2b features","messageBody":"","fileTypesAndContributionMap":{"docs":{"insertions":4,"deletions":4}}},{"hash":"241299bfa886f924f9f69916148737943871f59e","isMergeCommit":true,"messageTitle":"Fix Merge Conflicts","messageBody":"","fileTypesAndContributionMap":{}},{"hash":"31e8570b4db5a401ca6a2847059750d6d4cf153c","isMergeCommit":false,"messageTitle":"Add missing extension 3a for deletion of member","messageBody":"","fileTypesAndContributionMap":{"docs":{"insertions":6,"deletions":0}}},{"hash":"3e62238bb2d3af403d7135a4ad8d86f38c37ea5c","isMergeCommit":false,"messageTitle":"Add Gender class","messageBody":"","fileTypesAndContributionMap":{"functional-code":{"insertions":62,"deletions":0}}},{"hash":"a1e67a011c8edf32d6510dcb50b02b80b235e824","isMergeCommit":false,"messageTitle":"Include gender into Person class","messageBody":"","fileTypesAndContributionMap":{"functional-code":{"insertions":10,"deletions":2}}},{"hash":"5ef45b1c133a5ce3b65bd311f938c67e4b9c136d","isMergeCommit":false,"messageTitle":"Refactor all instances of person into member except for package","messageBody":"","fileTypesAndContributionMap":{"functional-code":{"insertions":392,"deletions":392},"other":{"insertions":130,"deletions":131},"docs":{"insertions":1,"deletions":1},"test-code":{"insertions":516,"deletions":515}}},{"hash":"52dae80147a1f1658c299ca13aedb2bc8d1820dd","isMergeCommit":false,"messageTitle":"Refactor package name from person to member","messageBody":"","fileTypesAndContributionMap":{"functional-code":{"insertions":39,"deletions":39},"other":{"insertions":21,"deletions":21},"docs":{"insertions":2,"deletions":2},"test-code":{"insertions":45,"deletions":45}}},{"hash":"a6a5af920724bebd8c029e3280290341bfc8cf4e","isMergeCommit":false,"messageTitle":"Add tests for gender similar to address","messageBody":"","fileTypesAndContributionMap":{"test-code":{"insertions":57,"deletions":0}}},{"hash":"4574757a54fb9842aede86c590d2dfe0545691d4","isMergeCommit":true,"messageTitle":"Merge pull request #83 from dylkaw/update-developer-guide","messageBody":"Update developer guide","fileTypesAndContributionMap":{}},{"hash":"f39a6fe30b3f7b5195298d80724a29ee1abf8dc2","isMergeCommit":false,"messageTitle":"Fix checkstyle","messageBody":"","fileTypesAndContributionMap":{"functional-code":{"insertions":10,"deletions":10}}},{"hash":"f27606b0589997b75794713371d5f8cf3e12e134","isMergeCommit":true,"messageTitle":"Fix merge conflicts","messageBody":"","fileTypesAndContributionMap":{}},{"hash":"a2a0eac1108a01dac422b9965dcc5d7436cf7825","isMergeCommit":false,"messageTitle":"Fix extension of view events of members and view members of events","messageBody":"","fileTypesAndContributionMap":{"docs":{"insertions":4,"deletions":4}}},{"hash":"bd67894b891819e57ba1ae0c4a2a507bd6ed05a5","isMergeCommit":false,"messageTitle":"Add missing use case resumes at step 2 for UC05","messageBody":"","fileTypesAndContributionMap":{"docs":{"insertions":1,"deletions":0}}},{"hash":"72cf37300ad398789e2a91f6e4e9d727d09c74bc","isMergeCommit":false,"messageTitle":"Change import order of Member","messageBody":"","fileTypesAndContributionMap":{"test-code":{"insertions":2,"deletions":2}}},{"hash":"6c389692837ddaa6ed99fe04409a97e0677838e6","isMergeCommit":false,"messageTitle":"Rename object to fit checkstyle","messageBody":"","fileTypesAndContributionMap":{"test-code":{"insertions":6,"deletions":6}}},{"hash":"e7f96776aad31042dc8e973cacaad782b3e9d687","isMergeCommit":false,"messageTitle":"Remove extension for empty list","messageBody":"Co-authored-by: dylkaw \u003c37286651+dylkaw@users.noreply.github.com\u003e","fileTypesAndContributionMap":{"docs":{"insertions":0,"deletions":6}}},{"hash":"820848389e6ce931ca750e04d6ef5907dc9a3107","isMergeCommit":false,"messageTitle":"Rename tests in UniqueMemberList to use members instead of people","messageBody":"","fileTypesAndContributionMap":{"test-code":{"insertions":21,"deletions":21}}},{"hash":"2447f3e9c18c31a2008ff077f22435d591f132da","isMergeCommit":true,"messageTitle":"Merge pull request #86 from andrechuakj/add-about-us","messageBody":"Update AboutUs with andrechuakj details","fileTypesAndContributionMap":{}}]},{"date":"2023-10-03","commitResults":[{"hash":"d3d73706d877004654e5ab213a8f765ba261c7f1","isMergeCommit":true,"messageTitle":"Merge pull request #87 from andrechuakj/update-readme","messageBody":"Update Readme to match CCACommander","fileTypesAndContributionMap":{}},{"hash":"85bcbb61b042745cb900689bcfde923a18a51e7b","isMergeCommit":true,"messageTitle":"Merge pull request #88 from andrechuakj/update-ug","messageBody":"Add Create Member command in UG","fileTypesAndContributionMap":{}},{"hash":"0798cf5c00474c03d80cfb27f87f570a8c96977a","isMergeCommit":true,"messageTitle":"Merge pull request #89 from andrechuakj/add-andre-PPP","messageBody":"Add Skeletal PPP for Andre","fileTypesAndContributionMap":{}},{"hash":"3111918bf0a94cbdc475517fda7c5fce086d14c1","isMergeCommit":false,"messageTitle":"Update extension 3a to fit delete a member","messageBody":"","fileTypesAndContributionMap":{"docs":{"insertions":4,"deletions":2}}}]},{"date":"2023-10-05","commitResults":[{"hash":"2276341d62dbf063e982a2f3c59d9a7717535086","isMergeCommit":true,"messageTitle":"Merge pull request #98 from andrechuakj/fix-documentation","messageBody":"Fix nits in documentations","fileTypesAndContributionMap":{}}]},{"date":"2023-10-06","commitResults":[{"hash":"a48512b35649bc7ae1871890f63c695b594c9457","isMergeCommit":false,"messageTitle":"Create Skeleton Event class","messageBody":"","fileTypesAndContributionMap":{"functional-code":{"insertions":93,"deletions":0}}},{"hash":"ff5d0f90c5ebca3b2b85cddce7f27457a8be3e87","isMergeCommit":false,"messageTitle":"Create EventName class","messageBody":"","fileTypesAndContributionMap":{"functional-code":{"insertions":67,"deletions":0}}},{"hash":"baae47f5b17dc7acf2242a9b59e703799ef6da7c","isMergeCommit":false,"messageTitle":"Add Location class","messageBody":"","fileTypesAndContributionMap":{"functional-code":{"insertions":65,"deletions":0}}}]},{"date":"2023-10-11","commitResults":[{"hash":"2c9c8cf576ff788a5c32d01c9af125416db1b6e5","isMergeCommit":false,"messageTitle":"Integrate EventDate class into event","messageBody":"","fileTypesAndContributionMap":{"functional-code":{"insertions":80,"deletions":9}}},{"hash":"8684386023caa8a507fd8cd89297395075ee1d99","isMergeCommit":false,"messageTitle":"Add Unique EventList and relevant event exceptions","messageBody":"","fileTypesAndContributionMap":{"functional-code":{"insertions":167,"deletions":0}}},{"hash":"b17ec43eb5654c5314fe040995ed4d233cd9c9cf","isMergeCommit":false,"messageTitle":"Remove extra close bracket","messageBody":"","fileTypesAndContributionMap":{"functional-code":{"insertions":0,"deletions":1}}},{"hash":"84adba912db5e4d53d8477e941cb05b65a8f873c","isMergeCommit":false,"messageTitle":"Add NameContainsKeywordsPredicate for find command in the future","messageBody":"","fileTypesAndContributionMap":{"functional-code":{"insertions":44,"deletions":0}}},{"hash":"99d7da40446554018de23647a9e07cc06063f24a","isMergeCommit":false,"messageTitle":"Add EventBuilder class","messageBody":"","fileTypesAndContributionMap":{"test-code":{"insertions":79,"deletions":0}}},{"hash":"f5893dbaaeaa8a2f8a7ed93c8068753e705460af","isMergeCommit":false,"messageTitle":"Add tests for attributes for events","messageBody":"","fileTypesAndContributionMap":{"test-code":{"insertions":182,"deletions":0}}},{"hash":"2010e2c0a175b2045c296ca917fc61974a0fedfc","isMergeCommit":false,"messageTitle":"Fix EventDate and Event tests and class respectively","messageBody":"","fileTypesAndContributionMap":{"functional-code":{"insertions":5,"deletions":5},"test-code":{"insertions":86,"deletions":1}}},{"hash":"0cc204cd61fc6e442f42610c0881cd47629708af","isMergeCommit":false,"messageTitle":"Update AddressBook to include events","messageBody":"","fileTypesAndContributionMap":{"functional-code":{"insertions":62,"deletions":0},"test-code":{"insertions":8,"deletions":1}}},{"hash":"89257b7ebeb9efab71730d3838cd83b7b3cd3df3","isMergeCommit":false,"messageTitle":"Add dummy event objects for test","messageBody":"","fileTypesAndContributionMap":{"test-code":{"insertions":234,"deletions":0}}},{"hash":"e677a4691fc7cbfe204c46dd827381365a06d67b","isMergeCommit":false,"messageTitle":"Add EventNameContainsKeywordsPredicate and test for find command in the future","messageBody":"","fileTypesAndContributionMap":{"other":{"insertions":5,"deletions":5},"test-code":{"insertions":85,"deletions":0}}},{"hash":"18f560220b456f9bdb00b84b8c17dd3d4b056bc3","isMergeCommit":false,"messageTitle":"Fix for checkstyle","messageBody":"","fileTypesAndContributionMap":{"functional-code":{"insertions":3,"deletions":2},"test-code":{"insertions":21,"deletions":31}}},{"hash":"4fe40d3faa636677e6a1a43570ab153dae2780bd","isMergeCommit":false,"messageTitle":"Add tests for AddressBook to include events cases","messageBody":"","fileTypesAndContributionMap":{"test-code":{"insertions":43,"deletions":2}}},{"hash":"e5a96b8c254eb10e7502006f72c863d33b160f56","isMergeCommit":false,"messageTitle":"Update dates of typical events","messageBody":"","fileTypesAndContributionMap":{"test-code":{"insertions":3,"deletions":3}}},{"hash":"e6e4f60ef39769d80b77f7a89b07436e71224c9b","isMergeCommit":false,"messageTitle":"Add JSONAdaptedEvent","messageBody":"","fileTypesAndContributionMap":{"functional-code":{"insertions":83,"deletions":0},"test-code":{"insertions":73,"deletions":0}}}]},{"date":"2023-10-12","commitResults":[{"hash":"d5c29fe95dd52d782a5cecee8392ddbbf6d226f4","isMergeCommit":false,"messageTitle":"Remove instnaces of Email in gender and Persons in DuplicateMemberException","messageBody":"","fileTypesAndContributionMap":{"functional-code":{"insertions":6,"deletions":6}}},{"hash":"ec27be4c81f8cf91765d56e2b7c3654ab54d7f28","isMergeCommit":false,"messageTitle":"Add tests for toString","messageBody":"","fileTypesAndContributionMap":{"test-code":{"insertions":20,"deletions":0}}},{"hash":"7a7984616486ef09c85f3f5454aadfd80cf43686","isMergeCommit":false,"messageTitle":"Add trim for value to ensure that no whitespace is introduced","messageBody":"","fileTypesAndContributionMap":{"functional-code":{"insertions":2,"deletions":1}}},{"hash":"30cfdf422ea98301d33d7cbf86e2dab56056fbf4","isMergeCommit":false,"messageTitle":"Refactor JsonAdaptedPerson to Member","messageBody":"","fileTypesAndContributionMap":{"functional-code":{"insertions":5,"deletions":5},"other":{"insertions":9,"deletions":9},"test-code":{"insertions":16,"deletions":16}}},{"hash":"f2b47cca0a29ebd12ccddf4de332692ffd2e5ae7","isMergeCommit":false,"messageTitle":"Change more instances of persons to members","messageBody":"","fileTypesAndContributionMap":{"test-code":{"insertions":62,"deletions":62}}},{"hash":"ecd7322cffc46b5b634fe1d3d90f20aeefcc16c5","isMergeCommit":false,"messageTitle":"Change Remaining instances of person in tests to member","messageBody":"","fileTypesAndContributionMap":{"functional-code":{"insertions":10,"deletions":10},"test-code":{"insertions":55,"deletions":55}}},{"hash":"7fdd7b6ea5020bd34e206dd80d246f8b2dc9327c","isMergeCommit":false,"messageTitle":"Change instances of persons to events","messageBody":"","fileTypesAndContributionMap":{"functional-code":{"insertions":2,"deletions":2}}},{"hash":"12d93f98c43d5b1c6aebebca67ba5d30b4362275","isMergeCommit":false,"messageTitle":"Change header comment to include event instead of person","messageBody":"","fileTypesAndContributionMap":{"functional-code":{"insertions":1,"deletions":1}}},{"hash":"c48fa25cd7da6aa4c18099347f2351c4bcb73aab","isMergeCommit":false,"messageTitle":"Change header comment of EventBuilder","messageBody":"","fileTypesAndContributionMap":{"test-code":{"insertions":1,"deletions":1}}},{"hash":"ae92045a2b7eb7762d424783b29eafc8461c75b8","isMergeCommit":false,"messageTitle":"Change otherName to otherDate","messageBody":"","fileTypesAndContributionMap":{"functional-code":{"insertions":2,"deletions":2}}},{"hash":"3d6b882d731d8e5dbd5e8a10cb9878a0bb0b68a8","isMergeCommit":false,"messageTitle":"Use this and rename functions to be clearer","messageBody":"","fileTypesAndContributionMap":{"functional-code":{"insertions":30,"deletions":28},"test-code":{"insertions":20,"deletions":20}}},{"hash":"151b52d78540522bbd9839058c9fefd721816534","isMergeCommit":false,"messageTitle":"Rename UI person objects to member","messageBody":"","fileTypesAndContributionMap":{"functional-code":{"insertions":5,"deletions":5},"other":{"insertions":16,"deletions":16},"docs":{"insertions":1,"deletions":1}}},{"hash":"9e39f2b5ccc37e4e3986e1f2cae7f4dd1a18a005","isMergeCommit":false,"messageTitle":"Remove person in removingFields.md","messageBody":"","fileTypesAndContributionMap":{"docs":{"insertions":13,"deletions":13}}},{"hash":"4d834af64f79b27843a1ad9515cb1af5f331be1a","isMergeCommit":false,"messageTitle":"Remove redundant slashes in comments","messageBody":"","fileTypesAndContributionMap":{"functional-code":{"insertions":3,"deletions":3}}},{"hash":"05047da03ea5188b8f2ff9297c9579a043110988","isMergeCommit":false,"messageTitle":"Remove instances of members in addressBook and certain css","messageBody":"","fileTypesAndContributionMap":{"functional-code":{"insertions":2,"deletions":2}}},{"hash":"2b8e762f31a78a7d13bc071e795ea2ab342e3179","isMergeCommit":false,"messageTitle":"Remove person in JsonAdaptedMemberTest","messageBody":"","fileTypesAndContributionMap":{"test-code":{"insertions":20,"deletions":20}}},{"hash":"6c2bbb265cfc94eaa3410dd77536192d9bddddd0","isMergeCommit":false,"messageTitle":"Comments in gender","messageBody":"","fileTypesAndContributionMap":{"functional-code":{"insertions":2,"deletions":2}}},{"hash":"9725f5af5ec187ca41c1a3afac94c0d77a1eecac","isMergeCommit":false,"messageTitle":"Rename test in isValidGender","messageBody":"","fileTypesAndContributionMap":{"functional-code":{"insertions":4,"deletions":4}}},{"hash":"805ff00109bac1fd288afdc7c217115dbfdd7bf4","isMergeCommit":false,"messageTitle":"Fix tests due to new same event","messageBody":"","fileTypesAndContributionMap":{"test-code":{"insertions":11,"deletions":9}}},{"hash":"302d2dc8381e571a11e1425e09135eb9bf7c6db6","isMergeCommit":false,"messageTitle":"Rename Alice to Aurora in UniqueEventListTest","messageBody":"","fileTypesAndContributionMap":{"test-code":{"insertions":3,"deletions":3}}},{"hash":"7186466024adef1b7778a4d90208f215707c4175","isMergeCommit":false,"messageTitle":"Rename JSONAdaptedEvents to exclude all events","messageBody":"","fileTypesAndContributionMap":{"functional-code":{"insertions":3,"deletions":3},"test-code":{"insertions":3,"deletions":1}}},{"hash":"0ac0187d9cd350f0ed1af71bc535110e6a412984","isMergeCommit":false,"messageTitle":"Fix small grammar error","messageBody":"","fileTypesAndContributionMap":{"functional-code":{"insertions":1,"deletions":1}}},{"hash":"b1b67168549f189f0a6579b303205849540a9abd","isMergeCommit":false,"messageTitle":"Change person to Event in typicalEvents","messageBody":"","fileTypesAndContributionMap":{"test-code":{"insertions":1,"deletions":1}}},{"hash":"ecfcc005dcd3ace4e6677cf33e9fbcb2ebe2de49","isMergeCommit":false,"messageTitle":"Remove all instnace of addEvent when it should be add instead","messageBody":"","fileTypesAndContributionMap":{"functional-code":{"insertions":6,"deletions":6},"test-code":{"insertions":1,"deletions":1}}},{"hash":"2883646b0c93a048846c6dced1745849b0858dfa","isMergeCommit":false,"messageTitle":"Fix comments to use add instead of adds","messageBody":"","fileTypesAndContributionMap":{"functional-code":{"insertions":2,"deletions":2},"test-code":{"insertions":1,"deletions":1}}}]},{"date":"2023-10-13","commitResults":[{"hash":"31d85e7631a2195b2336e6bd34a6e8e2781b8f5d","isMergeCommit":true,"messageTitle":"Merge events to Member refactor","messageBody":"","fileTypesAndContributionMap":{}}]},{"date":"2023-10-14","commitResults":[{"hash":"8af69fb5296754cec1678f48dad9bc679c0c0d57","isMergeCommit":false,"messageTitle":"Add capitliseString function with test","messageBody":"","fileTypesAndContributionMap":{"functional-code":{"insertions":12,"deletions":0},"test-code":{"insertions":20,"deletions":0}}},{"hash":"5a10dcdde79dca20b5c94f73ab2285448d48871f","isMergeCommit":false,"messageTitle":"Update Gender class to store value as lower case and accept lowercase and mixedcase inputs","messageBody":"","fileTypesAndContributionMap":{"functional-code":{"insertions":6,"deletions":5},"test-code":{"insertions":2,"deletions":0}}}]},{"date":"2023-10-18","commitResults":[{"hash":"98769dfd707673d4c71ea598ad9ee05aeffcf5de","isMergeCommit":true,"messageTitle":"Merge pull request #110 from dylkaw/add-event","messageBody":"","fileTypesAndContributionMap":{}}]},{"date":"2023-10-20","commitResults":[{"hash":"dd1b8865f7247a79a1fb22da3148511d028e90d2","isMergeCommit":false,"messageTitle":"Add getSampleEvents for getSampleAddressBook","messageBody":"","fileTypesAndContributionMap":{"functional-code":{"insertions":17,"deletions":0}}},{"hash":"3a057158254cc958645f2500b4ced93d8bc2e4da","isMergeCommit":false,"messageTitle":"Fix checkstyle","messageBody":"","fileTypesAndContributionMap":{"functional-code":{"insertions":12,"deletions":6}}},{"hash":"89eebab0a264e82c5514ced4c6099776c4309624","isMergeCommit":false,"messageTitle":"Fix Indentation Level","messageBody":"","fileTypesAndContributionMap":{"functional-code":{"insertions":12,"deletions":12}}},{"hash":"6291d1af5c9f42b5a99b0e52342a3d6db4c1e206","isMergeCommit":false,"messageTitle":"Add tests for getSample - Members, Events \u0026 AddressBook","messageBody":"","fileTypesAndContributionMap":{"test-code":{"insertions":125,"deletions":0}}}]}],"andrechuakj":[{"date":"2023-10-02","commitResults":[{"hash":"0c51fcce6305f306b32f9099f3f6f0ade024366c","isMergeCommit":false,"messageTitle":"Update AboutUs with andrechuakj details","messageBody":"","fileTypesAndContributionMap":{"docs":{"insertions":5,"deletions":8}}},{"hash":"9c7f6d1435ba0ac3d8627b711ae1129a0d270dba","isMergeCommit":false,"messageTitle":"Update Readme to match our project","messageBody":"","fileTypesAndContributionMap":{"docs":{"insertions":20,"deletions":10}}}]},{"date":"2023-10-03","commitResults":[{"hash":"4ab7fc2ddc03bc8a6a2e87bc5f0239e3678bd719","isMergeCommit":false,"messageTitle":"Add Create Member command in UG","messageBody":"","fileTypesAndContributionMap":{"docs":{"insertions":15,"deletions":15}}},{"hash":"b7e82ab9e8e8e6809e69a011f0e3c49a0b62d141","isMergeCommit":false,"messageTitle":"Readme: update feature list","messageBody":"","fileTypesAndContributionMap":{"docs":{"insertions":5,"deletions":3}}},{"hash":"f4283840318144f6cb438ecddd585c702db60955","isMergeCommit":false,"messageTitle":"Add andre\u0027s PPP","messageBody":"","fileTypesAndContributionMap":{"docs":{"insertions":24,"deletions":0}}},{"hash":"2f76890f7b7db0a48d4090b7d6349dddbfbed8f9","isMergeCommit":false,"messageTitle":"Update target user profile, value prop and add use case for create member","messageBody":"","fileTypesAndContributionMap":{"docs":{"insertions":56,"deletions":35}}},{"hash":"9f7ede71e535c923b96df78fa981c5a3c3c95ee6","isMergeCommit":false,"messageTitle":"DG: correct use case numbers","messageBody":"","fileTypesAndContributionMap":{"docs":{"insertions":4,"deletions":4}}},{"hash":"5b43713ca7dd954e2fb1968f4e01c70fffb049f0","isMergeCommit":true,"messageTitle":"Merge branch \u0027master\u0027 into update-dg","messageBody":"","fileTypesAndContributionMap":{}},{"hash":"56b49a92135622d7571988aba4053f474d79120d","isMergeCommit":true,"messageTitle":"Merge pull request #91 from wr1159/Fix-UC07-Extension-branch","messageBody":"Standardises UC07 ","fileTypesAndContributionMap":{}}]},{"date":"2023-10-04","commitResults":[{"hash":"8cd5ad3c89bccc64d69c0a91ca9e254e83c2253d","isMergeCommit":true,"messageTitle":"Merge pull request #93 from ph-nathan/add-ppp","messageBody":"Add skeletal PPP for Nathan","fileTypesAndContributionMap":{}}]},{"date":"2023-10-05","commitResults":[{"hash":"66eaa68906dfedb74f92af19ad3a011af4a4c7b1","isMergeCommit":false,"messageTitle":"Fix nits in documentations","messageBody":"","fileTypesAndContributionMap":{"docs":{"insertions":61,"deletions":156}}}]},{"date":"2023-10-12","commitResults":[{"hash":"f49684b3b690d74d61ea221b0f23808bfb87f139","isMergeCommit":true,"messageTitle":"Merge pull request #99 from wr1159/Add-Event-Class-branch","messageBody":"Add Event Class ","fileTypesAndContributionMap":{}}]},{"date":"2023-10-13","commitResults":[{"hash":"44dc6ce9c2c5235d72a31a7eed0efcf3bf299a51","isMergeCommit":true,"messageTitle":"Merge pull request #84 from wr1159/Refactor-Person-To-Member-branch","messageBody":"Refactor all instances of Person to Member","fileTypesAndContributionMap":{}}]},{"date":"2023-10-18","commitResults":[{"hash":"cfaaf402f4eebbd007da15b84039eab6f394d803","isMergeCommit":false,"messageTitle":"Add gender field to createMember command","messageBody":"","fileTypesAndContributionMap":{"functional-code":{"insertions":88,"deletions":32},"test-code":{"insertions":178,"deletions":56}}}]},{"date":"2023-10-19","commitResults":[{"hash":"9f38f6ec0d3429048b0a18b467e5c9d63f5ec430","isMergeCommit":false,"messageTitle":"Update src/test/java/seedu/address/testutil/MemberBuilder.java","messageBody":"Co-authored-by: dylkaw \u003c37286651+dylkaw@users.noreply.github.com\u003e","fileTypesAndContributionMap":{"test-code":{"insertions":1,"deletions":1}}},{"hash":"99d1e91c3cfc1a09e194b3131c914d36e3fd077d","isMergeCommit":true,"messageTitle":"Merge with master","messageBody":"","fileTypesAndContributionMap":{}},{"hash":"557b5ceebf84505ed6b21bd0afb8e8c5540ee53d","isMergeCommit":false,"messageTitle":"Update src/main/java/seedu/address/ui/EventCard.java","messageBody":"Co-authored-by: wr1159 \u003c56021409+wr1159@users.noreply.github.com\u003e","fileTypesAndContributionMap":{"functional-code":{"insertions":1,"deletions":1}}},{"hash":"67855f46c573ac363b76ecfaf57ac74cd5f1e929","isMergeCommit":true,"messageTitle":"Merge pull request #114 from ph-nathan/Update-GUI-branch","messageBody":"Update GUI","fileTypesAndContributionMap":{}},{"hash":"21973e7ce1ee8bf25093043323bf027d688c754f","isMergeCommit":true,"messageTitle":"Merge branch \u0027master\u0027 into add-event-tests","messageBody":"","fileTypesAndContributionMap":{}},{"hash":"7c73469b4ddf2b4b29ee57b2f84b155f3c5c4e54","isMergeCommit":true,"messageTitle":"Merge pull request #116 from SelwynAng/add-event-tests","messageBody":"Add event tests","tags":["1.2"],"fileTypesAndContributionMap":{}}]}],"dylkaw":[{"date":"2023-10-01","commitResults":[{"hash":"6fa5d6237e80d322e616265112dadd50d39bde9e","isMergeCommit":false,"messageTitle":"Update AboutUs page with personal details","messageBody":"","fileTypesAndContributionMap":{"docs":{"insertions":4,"deletions":5}}},{"hash":"bbef533f26ba169fc3eb044491022f762279cc9b","isMergeCommit":true,"messageTitle":"Merge pull request #74 from SelwynAng/edit-user-guide","messageBody":"Edit user guide","fileTypesAndContributionMap":{}},{"hash":"1b303242689fb65120d2567b06a15296ef5ed6ff","isMergeCommit":true,"messageTitle":"Merge pull request #77 from wr1159/Update-UG-Event-branch","messageBody":"Add Create and Delete Event command in UG","fileTypesAndContributionMap":{}},{"hash":"5e6a548ca6b97fcc868cd19b791eaa4c115cb99a","isMergeCommit":false,"messageTitle":"Add view event command in UG","messageBody":"","fileTypesAndContributionMap":{"docs":{"insertions":13,"deletions":0}}},{"hash":"56b2c5a10da1151a5c1c4921752ec0590b2860b5","isMergeCommit":false,"messageTitle":"Add view member command in UG","messageBody":"","fileTypesAndContributionMap":{"docs":{"insertions":13,"deletions":0}}},{"hash":"fa8f4401b18bef080a2011951597ef1b46c80826","isMergeCommit":false,"messageTitle":"Update command summary for view event and member","messageBody":"","fileTypesAndContributionMap":{"docs":{"insertions":2,"deletions":0}}},{"hash":"61159d6c92e41e0d22a6c68340ed61cd19175d1e","isMergeCommit":false,"messageTitle":"Add skeletal PPP for Dylan","messageBody":"","fileTypesAndContributionMap":{"docs":{"insertions":24,"deletions":0}}}]},{"date":"2023-10-02","commitResults":[{"hash":"1eb67b9412ff2e028485751a9a8d8e3e9671208a","isMergeCommit":true,"messageTitle":"Merge branch \u0027master\u0027 into edit-user-guide","messageBody":"","fileTypesAndContributionMap":{}},{"hash":"ad5ba999dd2ab6161ed79f291e2566153fdde43e","isMergeCommit":false,"messageTitle":"Add use case for viewing members of event","messageBody":"","fileTypesAndContributionMap":{"docs":{"insertions":25,"deletions":0}}},{"hash":"5dd53028529d2de9b87c97dab89490c02ae3a909","isMergeCommit":false,"messageTitle":"Add use case for viewing events of member","messageBody":"","fileTypesAndContributionMap":{"docs":{"insertions":29,"deletions":0}}},{"hash":"3c66f1078c44b689d703ad44165573db01131bc4","isMergeCommit":false,"messageTitle":"Add non-functional requirements for event numbers","messageBody":"","fileTypesAndContributionMap":{"docs":{"insertions":3,"deletions":2}}},{"hash":"7f13907e5c2d26cea427872f7781e6300dcefea5","isMergeCommit":false,"messageTitle":"Update numbering for viewing events of member","messageBody":"There were two use cases labelled UC04.\n\nHence Viewing Event of Member was renumbered UC05.\n","fileTypesAndContributionMap":{"docs":{"insertions":1,"deletions":1}}},{"hash":"f5ba60988b27f413d48b58da50cd442775a6c0cf","isMergeCommit":false,"messageTitle":"Remove empty list extensions","messageBody":"Behaviour of command when list is empty should not be an extension.\n","fileTypesAndContributionMap":{"docs":{"insertions":4,"deletions":18}}},{"hash":"0c6eb567603a0b7a4ffe8d2cc512c8dcaffd9e92","isMergeCommit":true,"messageTitle":"Merge pull request #78 from wr1159/Update-DG-branch","messageBody":"Update Developer Guide to include user stories and use case for creating and deleting events","fileTypesAndContributionMap":{}}]},{"date":"2023-10-03","commitResults":[{"hash":"b60e9b77b44bfdfb1cc8667e0951c637f04e12cf","isMergeCommit":true,"messageTitle":"Merge pull request #85 from SelwynAng/edit-developer-guide","messageBody":"Edit Developer Guide\u0027s use cases for Delete Member, List All Members, List All Events","fileTypesAndContributionMap":{}}]},{"date":"2023-10-15","commitResults":[{"hash":"e3fb7ff3540fc96fa5514cd5d23dff07399ba6fc","isMergeCommit":false,"messageTitle":"Rename AddCommand file to CreateMemberCommand","messageBody":"","fileTypesAndContributionMap":{"other":{"insertions":0,"deletions":0}}},{"hash":"9cb617e219fcd9433f3c891f186a50753e6b63d9","isMergeCommit":false,"messageTitle":"Rename all instances of AddCommand","messageBody":"All instances of AddCommand renamed to CreateMemberCommand.\n","fileTypesAndContributionMap":{"functional-code":{"insertions":11,"deletions":11},"docs":{"insertions":3,"deletions":3},"test-code":{"insertions":33,"deletions":33}}},{"hash":"cbe090484e982e2d2e59a315fb81e19aa3b0dad1","isMergeCommit":false,"messageTitle":"Rename missed AddCommand instances","messageBody":"Missed AddCommand instances renamed to CreateMemberCommand\n","fileTypesAndContributionMap":{"functional-code":{"insertions":6,"deletions":6},"test-code":{"insertions":3,"deletions":3}}},{"hash":"76723136486a6bb89237c4a62507e793790c7eb9","isMergeCommit":false,"messageTitle":"Rename AddCommandParser","messageBody":"AddCommandParser renamed to CreateMemberCommandParser.\n","fileTypesAndContributionMap":{"other":{"insertions":0,"deletions":0}}},{"hash":"7c1646202ff31701978688b455319ef3d16590ef","isMergeCommit":false,"messageTitle":"Rename AddCommand and AddCommandParser test files","messageBody":"","fileTypesAndContributionMap":{"other":{"insertions":0,"deletions":0}}},{"hash":"509e87db9bdadedd6bc1eb81983485be30c2d130","isMergeCommit":false,"messageTitle":"Fix CheckStyle issues","messageBody":"","fileTypesAndContributionMap":{"functional-code":{"insertions":1,"deletions":1}}},{"hash":"a7cc996db2637a21f05ae292eaa01fc2b23f32d9","isMergeCommit":false,"messageTitle":"Fix string named as CreateMemberCommand","messageBody":"String named CreateMemberCommand was causing a cannot find symbol error due to\nreference to CreateMemberCommand object.\n\nString was renamed to createMemberCommand.\n","fileTypesAndContributionMap":{"test-code":{"insertions":2,"deletions":2}}},{"hash":"0830a4bd2865abe79f494d8386cc12e4fd793659","isMergeCommit":true,"messageTitle":"Merge pull request #104 from SelwynAng/Delete-Event","messageBody":"Delete Member and Delete Event","fileTypesAndContributionMap":{}},{"hash":"dcc48d99e98cfd52d1162a1a6026803c7edb8e0c","isMergeCommit":false,"messageTitle":"Fixed CheckStyle errors in test","messageBody":"","fileTypesAndContributionMap":{"test-code":{"insertions":9,"deletions":7}}},{"hash":"5aea0090ff6ba60d3552cbf945f29973b41d1817","isMergeCommit":true,"messageTitle":"Merge branch \u0027master\u0027 into rename-add-command","messageBody":"","fileTypesAndContributionMap":{}},{"hash":"f0240454eeb6943968d8c9be1453116df7c3f0e9","isMergeCommit":false,"messageTitle":"Fix CheckStyle error in CreateMemberCommandTest","messageBody":"","fileTypesAndContributionMap":{"test-code":{"insertions":2,"deletions":2}}}]},{"date":"2023-10-16","commitResults":[{"hash":"b50ca9e21c6076b06461b8e7bcd93af81f2d17c9","isMergeCommit":false,"messageTitle":"Edit COMMAND_WORD and MESSAGE_USAGE strings","messageBody":"COMMAND_WORD changed to createEvent.\nMESSAGE_USAGE says command adds event to CCACommander.\n","fileTypesAndContributionMap":{"functional-code":{"insertions":2,"deletions":2}}},{"hash":"061d57aa68316db0e8b77e9e2d517b2374c0fd37","isMergeCommit":false,"messageTitle":"Update CliSyntax with event prefixes","messageBody":"","fileTypesAndContributionMap":{"functional-code":{"insertions":6,"deletions":0}}},{"hash":"366b4932642b12c8664e0cc058d08f92a5ca6667","isMergeCommit":false,"messageTitle":"Replaces all addMember with createMember","messageBody":"","fileTypesAndContributionMap":{"functional-code":{"insertions":7,"deletions":7},"test-code":{"insertions":11,"deletions":11}}},{"hash":"5bcd1a2e0e28463b4b60ab85957ad20da0211b6c","isMergeCommit":true,"messageTitle":"Merge branch \u0027rename-add-command\u0027 into add-event","messageBody":"","fileTypesAndContributionMap":{}},{"hash":"3aa8f70ad0808224cc0246ebb3463d59c217e00d","isMergeCommit":false,"messageTitle":"Update model with hasEvent and createEvent methods","messageBody":"","fileTypesAndContributionMap":{"functional-code":{"insertions":11,"deletions":0}}},{"hash":"cc32c56aeb64cb789270908dc9f6354821a4b179","isMergeCommit":false,"messageTitle":"Create CreateEventCommand class","messageBody":"","fileTypesAndContributionMap":{"functional-code":{"insertions":73,"deletions":0}}},{"hash":"66d594facea7a592d6caa2f5c8b1dc3bb76f584b","isMergeCommit":false,"messageTitle":"Change instances of add to create","messageBody":"Co-authored-by: wr1159 \u003c56021409+wr1159@users.noreply.github.com\u003e","fileTypesAndContributionMap":{"functional-code":{"insertions":1,"deletions":1},"test-code":{"insertions":1,"deletions":1}}},{"hash":"68bb03228ba73e699715bc6778b64e4341d7d1d8","isMergeCommit":false,"messageTitle":"Move Name class to shared package","messageBody":"","fileTypesAndContributionMap":{"functional-code":{"insertions":8,"deletions":7},"other":{"insertions":3,"deletions":2},"test-code":{"insertions":13,"deletions":11}}},{"hash":"f54c26d57dd4f3f821666352bb3abc02ca910a72","isMergeCommit":false,"messageTitle":"Rename fullName to name","messageBody":"","fileTypesAndContributionMap":{"functional-code":{"insertions":8,"deletions":8},"test-code":{"insertions":4,"deletions":4}}},{"hash":"9f08c669de87c6ee71c6678d3edb090697b45a65","isMergeCommit":false,"messageTitle":"Change uses of EventName in Event to Name","messageBody":"","fileTypesAndContributionMap":{"functional-code":{"insertions":10,"deletions":9}}},{"hash":"03ab86fab5632dd067201d7bd13b7ff89345134e","isMergeCommit":false,"messageTitle":"Change all uses of EventName to Name","messageBody":"","fileTypesAndContributionMap":{"functional-code":{"insertions":17,"deletions":17},"test-code":{"insertions":43,"deletions":43}}},{"hash":"1c79a42f7abdc6a522bbdfe0e9dd54025222886e","isMergeCommit":false,"messageTitle":"Delete EventName class","messageBody":"","fileTypesAndContributionMap":{"functional-code":{"insertions":0,"deletions":112}}},{"hash":"cfd1c17f56a4cca68e0dc25be99d4959624c399c","isMergeCommit":false,"messageTitle":"Fix CheckStyle errors in Main","messageBody":"","fileTypesAndContributionMap":{"functional-code":{"insertions":6,"deletions":6}}},{"hash":"edf43cbb64be4e3328f5efb9df27746ee8510deb","isMergeCommit":false,"messageTitle":"Delete EventName tests","messageBody":"","fileTypesAndContributionMap":{"test-code":{"insertions":0,"deletions":150}}},{"hash":"24900beeeb4dcc5c23a72c9f5703c8e67f13ac26","isMergeCommit":false,"messageTitle":"Move Name tests into a shared folder","messageBody":"","fileTypesAndContributionMap":{"other":{"insertions":2,"deletions":2}}},{"hash":"dcea5b093878c3ddb0ebd6e8c4dfcc32842e1f4c","isMergeCommit":false,"messageTitle":"Split NameContainsKeywordsPredicate","messageBody":"Made NameContainsKeywordsPredicate for both Member and Event.\n","fileTypesAndContributionMap":{"functional-code":{"insertions":50,"deletions":5},"other":{"insertions":20,"deletions":21},"test-code":{"insertions":23,"deletions":23}}},{"hash":"9c942dae4df176a82e5919c1f3601eab27783d47","isMergeCommit":false,"messageTitle":"Fix CheckStyle Errors","messageBody":"","fileTypesAndContributionMap":{"functional-code":{"insertions":7,"deletions":5},"test-code":{"insertions":20,"deletions":14}}},{"hash":"8d6186ba4a09d8ab6425ee645ca50b0efb788390","isMergeCommit":false,"messageTitle":"Restore EventNameContainsKeywordsPredicateTest","messageBody":"","fileTypesAndContributionMap":{"test-code":{"insertions":90,"deletions":0}}},{"hash":"6fc86beaaa82f9e390b2f581d23f0556688681a1","isMergeCommit":false,"messageTitle":"Move MemberNameContainsKeywordsPredicateTest","messageBody":"","fileTypesAndContributionMap":{"other":{"insertions":1,"deletions":1}}},{"hash":"ce42262372e20df305820c929231cf060673f596","isMergeCommit":false,"messageTitle":"Fix CheckStyle errors","messageBody":"","fileTypesAndContributionMap":{"test-code":{"insertions":17,"deletions":18}}},{"hash":"6fe662b1d46c90909083b5c223fad4925047bb64","isMergeCommit":false,"messageTitle":"Add hashCode test for Events","messageBody":"","fileTypesAndContributionMap":{"test-code":{"insertions":7,"deletions":1}}},{"hash":"67360e3f60241cc7245cd44cb54801b9fd279c89","isMergeCommit":false,"messageTitle":"Change parseCommand_add to parseCommand_create","messageBody":"","fileTypesAndContributionMap":{"test-code":{"insertions":1,"deletions":1}}},{"hash":"6ddd6a88836f21aa40438f9cfbf248d3961a5b4b","isMergeCommit":true,"messageTitle":"Merge remote-tracking branch \u0027upstream/master\u0027 into add-event","messageBody":"","fileTypesAndContributionMap":{}},{"hash":"cbedbf2f28f2c1501d1d2c0baabce93937f9c3f0","isMergeCommit":true,"messageTitle":"Merge remote-tracking branch \u0027upstream/master\u0027 into share-name","messageBody":"","fileTypesAndContributionMap":{}},{"hash":"99a5757f4bbc1459660a37941d6c3dab2493e110","isMergeCommit":true,"messageTitle":"Merge branch \u0027share-name\u0027 into add-event","messageBody":"","fileTypesAndContributionMap":{}},{"hash":"f20b5f7d506a0003cc904823422361ee4e57940c","isMergeCommit":false,"messageTitle":"Amend MESSAGE_USAGE in CreateEventCommand","messageBody":"","fileTypesAndContributionMap":{"functional-code":{"insertions":2,"deletions":0}}},{"hash":"464d05c68583381ec99fc0af160331b1a1203c5d","isMergeCommit":false,"messageTitle":"Add parseLocation and parseEventDate methods","messageBody":"","fileTypesAndContributionMap":{"functional-code":{"insertions":32,"deletions":0}}},{"hash":"a9a98330c92c2561fde7088bf06d2bdf0dd0b2cf","isMergeCommit":false,"messageTitle":"Add CreateEventCommandParser","messageBody":"","fileTypesAndContributionMap":{"functional-code":{"insertions":54,"deletions":0}}},{"hash":"87b506e98b16272a4db01b905acfe98f9f3c40aa","isMergeCommit":false,"messageTitle":"Rename addEvent to createEvent","messageBody":"","fileTypesAndContributionMap":{"functional-code":{"insertions":6,"deletions":6}}},{"hash":"d6928423e79d651d3c51259d0ffef60a0aa7947f","isMergeCommit":false,"messageTitle":"Add Event operations to Model and ModelManager","messageBody":"Event operations include hasEvent, createEvent and setEvent.\n","fileTypesAndContributionMap":{"functional-code":{"insertions":25,"deletions":0}}},{"hash":"50a384f88626a874085d3ba801edb813d8125b9b","isMergeCommit":false,"messageTitle":"Add CreateEventCommand to AddressBookParser","messageBody":"","fileTypesAndContributionMap":{"functional-code":{"insertions":4,"deletions":0}}}]},{"date":"2023-10-17","commitResults":[{"hash":"cab12632a2cd4b10c30f4d1f1d99d6a78642d42f","isMergeCommit":false,"messageTitle":"Change misnamed Member to Event","messageBody":"","fileTypesAndContributionMap":{"functional-code":{"insertions":3,"deletions":4}}},{"hash":"f78a1715dfc7685935e6d07684f261b1aa09ad22","isMergeCommit":false,"messageTitle":"Fix CheckStyle errors in Main","messageBody":"","fileTypesAndContributionMap":{"functional-code":{"insertions":5,"deletions":3}}},{"hash":"a739fc028a04580ade01805b265bfefe69e4fa83","isMergeCommit":false,"messageTitle":"Changes uses of addEvent to createEvent","messageBody":"","fileTypesAndContributionMap":{"test-code":{"insertions":21,"deletions":21}}},{"hash":"2dcf3b43dbccc3027b6e6ff493cd007a61701f8b","isMergeCommit":false,"messageTitle":"Update model in CreateMemberCommandTest","messageBody":"","fileTypesAndContributionMap":{"test-code":{"insertions":14,"deletions":0}}},{"hash":"593ba1077c5d95bcfa555358787f2eb55d632bcc","isMergeCommit":false,"messageTitle":"Add EventUtil","messageBody":"","fileTypesAndContributionMap":{"test-code":{"insertions":33,"deletions":0}}},{"hash":"8c935deea92112c7706253de4baf1775aa90af00","isMergeCommit":false,"messageTitle":"Add Tests for CreateEvent","messageBody":"","fileTypesAndContributionMap":{"test-code":{"insertions":524,"deletions":1}}},{"hash":"8423ab6b0c3a5d491df19580d0d47fe287e1c109","isMergeCommit":false,"messageTitle":"Make CreateEvent store event in storage","messageBody":"","fileTypesAndContributionMap":{"functional-code":{"insertions":15,"deletions":2}}},{"hash":"4814efe9c24ad097382ec126478dd575990902af","isMergeCommit":false,"messageTitle":"Update JsonSerializableAddressBookTest samples","messageBody":"Due to lack of event list, json file could not be read.\n\nEmpty event list added to each sample AddressBook json.\n","fileTypesAndContributionMap":{"functional-code":{"insertions":1,"deletions":1}}},{"hash":"ce944066ba607a223c2140b264f5185985b2072b","isMergeCommit":true,"messageTitle":"Merge remote-tracking branch \u0027upstream/master\u0027 into add-event","messageBody":"","fileTypesAndContributionMap":{}}]},{"date":"2023-10-18","commitResults":[{"hash":"db5d9f0b2446afe2286497d4bd4e4aac625e2f65","isMergeCommit":false,"messageTitle":"Create tests for JsonSerializableAddressBook","messageBody":"","fileTypesAndContributionMap":{"test-code":{"insertions":53,"deletions":2}}},{"hash":"5d50f9acf73b2e7df044bdfc9d868259c477f06e","isMergeCommit":false,"messageTitle":"Fix variable in CreateEventCommand to event","messageBody":"","fileTypesAndContributionMap":{"functional-code":{"insertions":3,"deletions":3}}},{"hash":"4bd7ac3be423b2098aa1b9520d3510170446aab1","isMergeCommit":false,"messageTitle":"Remove getTypicalAddressBook","messageBody":"","fileTypesAndContributionMap":{"test-code":{"insertions":0,"deletions":16}}},{"hash":"cf99c649c7bd4cd32013bb57a9db1b397b4fc58b","isMergeCommit":false,"messageTitle":"Revert \"Remove getTypicalAddressBook\"","messageBody":"This reverts commit 4bd7ac3be423b2098aa1b9520d3510170446aab1.\n","fileTypesAndContributionMap":{"test-code":{"insertions":16,"deletions":0}}},{"hash":"cc475d0f8f1d9d7a929a5717adcc1b586471054f","isMergeCommit":false,"messageTitle":"Remove NonTag from method name","messageBody":"","fileTypesAndContributionMap":{"test-code":{"insertions":1,"deletions":1}}}]}],"SelwynAng":[{"date":"2023-10-01","commitResults":[{"hash":"0eda017b044c188433c5869c1a8d0bbad8e00aec","isMergeCommit":true,"messageTitle":"Merge pull request #49 from wr1159/Add-About-Us-branch","messageBody":"Add Wei Rong in about-us","fileTypesAndContributionMap":{}},{"hash":"baf1cc0485361ec4c96345144f31ca85e705f876","isMergeCommit":true,"messageTitle":"Merge pull request #50 from wr1159/Add-PPP-branch","messageBody":"Add Wei Rong PPP","fileTypesAndContributionMap":{}},{"hash":"776d26973ca87f9897c1583f43fbcc6c9ff2e215","isMergeCommit":false,"messageTitle":"Add Selwyn\u0027s image and description for About Us","messageBody":"","fileTypesAndContributionMap":{"docs":{"insertions":5,"deletions":6}}},{"hash":"cd73233fbcde189145dc87755b674ba442c32734","isMergeCommit":false,"messageTitle":"Add skeletal PPP for Selwyn","messageBody":"","fileTypesAndContributionMap":{"docs":{"insertions":24,"deletions":0}}},{"hash":"48aaa2b3f594a87ef6c08d9f24045e192decdf02","isMergeCommit":false,"messageTitle":"Add Delete Member feature in UG","messageBody":"","fileTypesAndContributionMap":{"docs":{"insertions":19,"deletions":5}}},{"hash":"83801526f941bd789f2a1a2e974b5669d8635f9f","isMergeCommit":false,"messageTitle":"Add List all Members and List All Events features in UG","messageBody":"","fileTypesAndContributionMap":{"docs":{"insertions":13,"deletions":0}}},{"hash":"4235b78322bd82a9cc2e9054eb5f34efc30183a7","isMergeCommit":false,"messageTitle":"Add command summary for delete member, list all members and events in UG","messageBody":"","fileTypesAndContributionMap":{"docs":{"insertions":8,"deletions":0}}},{"hash":"b3d40c94276995a758c5dd69da8951701b1f44d8","isMergeCommit":false,"messageTitle":"Add Delete Member Use Case to DG","messageBody":"","fileTypesAndContributionMap":{"docs":{"insertions":10,"deletions":8}}},{"hash":"bc5f59f662b5a69af7e643ca3c00909184ac2f72","isMergeCommit":false,"messageTitle":"Add List All Members Use Case to DG","messageBody":"","fileTypesAndContributionMap":{"docs":{"insertions":17,"deletions":0}}},{"hash":"795b4a5138b1206ecab691bad0485229cecb889f","isMergeCommit":false,"messageTitle":"Add List All Events Use Case to DG","messageBody":"","fileTypesAndContributionMap":{"docs":{"insertions":17,"deletions":0}}},{"hash":"9c320f40f5cef1a40093d08693a3f48e4dc71b44","isMergeCommit":true,"messageTitle":"Merge pull request #76 from dylkaw/branch-AboutUs","messageBody":"Add Dylan to AboutUs","fileTypesAndContributionMap":{}}]},{"date":"2023-10-02","commitResults":[{"hash":"10e66b7fd360833d14877f56633f84e9dd68c243","isMergeCommit":true,"messageTitle":"Merge branch \u0027master\u0027 into edit-user-guide Merge master into edit-user-guide branch","messageBody":"","fileTypesAndContributionMap":{}},{"hash":"0f1f0428dc076535699fb16a14df134b5b135c1a","isMergeCommit":false,"messageTitle":"Update list command feature and command summary in UG","messageBody":"","fileTypesAndContributionMap":{"docs":{"insertions":4,"deletions":11}}},{"hash":"bc33793df0ceeefe6e625e219d22ce62a6b9a2a1","isMergeCommit":true,"messageTitle":"Merge pull request #80 from dylkaw/add-PPP","messageBody":"Add skeletal PPP for Dylan","fileTypesAndContributionMap":{}},{"hash":"f488d4f77eca37530061758993e8f97336ca913d","isMergeCommit":true,"messageTitle":"Merge pull request #79 from dylkaw/update-user-guide","messageBody":"Update user guide","fileTypesAndContributionMap":{}},{"hash":"acb43f725b9bd36628dda0b15eb6541d742169e4","isMergeCommit":false,"messageTitle":"Update Developer Guide to include guarantees in use cases","messageBody":"","fileTypesAndContributionMap":{"docs":{"insertions":6,"deletions":0}}},{"hash":"14eb4d784aa8911261fa29624dc4d1853f135924","isMergeCommit":true,"messageTitle":"Merge branch \u0027master\u0027 into edit-developer-guide Merge master into edit-developer-guide branch","messageBody":"","fileTypesAndContributionMap":{}},{"hash":"56e37ab70c87c5cf8f785ae071d7a0e21f101212","isMergeCommit":false,"messageTitle":"Edit DG\u0027s use cases for delete member, list all members, list all events","messageBody":"","fileTypesAndContributionMap":{"docs":{"insertions":4,"deletions":24}}},{"hash":"e0aaced7633b43d34d13b6fa2e7e24b91fd85c35","isMergeCommit":true,"messageTitle":"Resolve merge conflict for Delete Member use case","messageBody":"","fileTypesAndContributionMap":{}}]},{"date":"2023-10-04","commitResults":[{"hash":"589b4404774daad9b9aa057039ce56ec48835578","isMergeCommit":true,"messageTitle":"Merge pull request #95 from ph-nathan/add-about-us","messageBody":"Update About Us page with personal details","fileTypesAndContributionMap":{}}]},{"date":"2023-10-05","commitResults":[{"hash":"01a597956b5247648613db90ccf71c25ec1b524d","isMergeCommit":true,"messageTitle":"Merge pull request #90 from andrechuakj/update-dg","messageBody":"Update DG","fileTypesAndContributionMap":{}},{"hash":"14e0d9a8c866a9347a410eeed449f1c65fdf2c71","isMergeCommit":true,"messageTitle":"Merge branch \u0027master\u0027 into update-developer-guide","messageBody":"","fileTypesAndContributionMap":{}},{"hash":"d80e122666911f3c21d6fc25351c16eb0e7d03db","isMergeCommit":true,"messageTitle":"Merge pull request #96 from ph-nathan/update-developer-guide","messageBody":"Edit Developer Guide to add Glossary and Use Cases for corresponding assigned features","fileTypesAndContributionMap":{}},{"hash":"d47349fd8c71b1aecc8bc66884b47a2a6848de67","isMergeCommit":true,"messageTitle":"Merge pull request #97 from ph-nathan/fix-numbering","messageBody":"Fix minor formatting nits","fileTypesAndContributionMap":{}},{"hash":"3eb4e48021f89a3b14111dd331d863ee125e9b5e","isMergeCommit":true,"messageTitle":"Merge pull request #94 from ph-nathan/update-user-guide","messageBody":"Edit User Guide to add Member to Event \u0026 Delete Member from Event features and command summary","fileTypesAndContributionMap":{}}]},{"date":"2023-10-14","commitResults":[{"hash":"411ab740f1bb5ac07c7a00f6ed8e90606c90a6ff","isMergeCommit":false,"messageTitle":"Make DeleteCommand abstract and create DeletePersonCommand and DeleteEventCommand","messageBody":"","fileTypesAndContributionMap":{"functional-code":{"insertions":150,"deletions":36}}},{"hash":"2640504d4e0bf2597461642e290a04ae7abfc756","isMergeCommit":false,"messageTitle":"Improve code quality of Delete related commands","messageBody":"","fileTypesAndContributionMap":{"functional-code":{"insertions":12,"deletions":12}}},{"hash":"51d455658e5fe0abec8c281dad0bdc844e867034","isMergeCommit":false,"messageTitle":"Rename DeletePersonCommand class to DeleteMemberCommand","messageBody":"","fileTypesAndContributionMap":{"functional-code":{"insertions":3,"deletions":3},"other":{"insertions":5,"deletions":5},"test-code":{"insertions":13,"deletions":2}}},{"hash":"f48551ace9a3ee17d6c8b91276bf4228ea94566e","isMergeCommit":false,"messageTitle":"Add test cases for DeleteEventCommand and refactor DeleteCommandTest to DeleteMemberCommandTest","messageBody":"","fileTypesAndContributionMap":{"functional-code":{"insertions":12,"deletions":0},"other":{"insertions":24,"deletions":24},"test-code":{"insertions":135,"deletions":0}}},{"hash":"a0b6f6bbb8df28e07bfd87871158e30397100adb","isMergeCommit":false,"messageTitle":"Refactor DeleteCommand and DeleteCommandParser into specific classes for Member and Event","messageBody":"","fileTypesAndContributionMap":{"functional-code":{"insertions":90,"deletions":84},"test-code":{"insertions":32,"deletions":8}}},{"hash":"23afae861b32468df21757dfe00b3c7a0f1e1909","isMergeCommit":false,"messageTitle":"Add test cases for DeleteEventCommandParser and DeleteMemberCommandParser","messageBody":"","fileTypesAndContributionMap":{"functional-code":{"insertions":10,"deletions":5},"test-code":{"insertions":52,"deletions":41}}}]},{"date":"2023-10-15","commitResults":[{"hash":"7c00ede3c4ca63b3d714e70297362e79b1c9d795","isMergeCommit":false,"messageTitle":"Fix DeleteEventCommandParser and DeleteMemberCommandParser tests","messageBody":"","fileTypesAndContributionMap":{"test-code":{"insertions":2,"deletions":2}}},{"hash":"b45005a3be1ac32f770a76b484b85236d0a677bc","isMergeCommit":true,"messageTitle":"Merge pull request #101 from wr1159/Gender-LowerCase-branch","messageBody":"Allow Gender to accept all cases ","fileTypesAndContributionMap":{}},{"hash":"0b60a859d3844e8b70551ca7c82f2c9f2efc063d","isMergeCommit":false,"messageTitle":"Fix test cases","messageBody":"","fileTypesAndContributionMap":{"test-code":{"insertions":44,"deletions":40}}},{"hash":"f00c87c7168c2426f382d2d91893348d96b09b15","isMergeCommit":false,"messageTitle":"Fix checkstyle errors for test files","messageBody":"","fileTypesAndContributionMap":{"test-code":{"insertions":4,"deletions":3}}},{"hash":"abe877b469586e96afc01bf15aa0d34ae70b3ec4","isMergeCommit":false,"messageTitle":"Fix ModelManager style errors","messageBody":"","fileTypesAndContributionMap":{"functional-code":{"insertions":0,"deletions":2}}},{"hash":"7317cf894356ba5a4b03ff34ef78df2d970d0dc1","isMergeCommit":false,"messageTitle":"Fix typo in comment for DeleteEventCommandTest","messageBody":"","fileTypesAndContributionMap":{"test-code":{"insertions":1,"deletions":1}}}]},{"date":"2023-10-16","commitResults":[{"hash":"ee4ddbc7e9131c9405763c57c99c1353ff06fa8e","isMergeCommit":true,"messageTitle":"Merge pull request #106 from dylkaw/rename-add-command","messageBody":"Rename add command","fileTypesAndContributionMap":{}}]},{"date":"2023-10-17","commitResults":[{"hash":"a771ea8be6f8f9f1567f253198ad75bff6aa9eae","isMergeCommit":true,"messageTitle":"Merge pull request #109 from dylkaw/share-name","messageBody":"Convert Name to a class shared by Member and Event","fileTypesAndContributionMap":{}}]},{"date":"2023-10-19","commitResults":[{"hash":"ffd844b378d33688bc42e44b8ee3f7c12bbfa6bd","isMergeCommit":true,"messageTitle":"Merge pull request #113 from andrechuakj/create-member","messageBody":"Add gender field to createMember command","fileTypesAndContributionMap":{}},{"hash":"46e660a7017439565af64064a30f80730a915e1f","isMergeCommit":false,"messageTitle":"Edit IndexTest\u0027s equal method","messageBody":"","fileTypesAndContributionMap":{"test-code":{"insertions":7,"deletions":7}}},{"hash":"a00c88b72c8cf1b65bb793e4480bdb3aaf9b8050","isMergeCommit":false,"messageTitle":"Add checking for event list in assertCommandFailure","messageBody":"","fileTypesAndContributionMap":{"test-code":{"insertions":6,"deletions":3}}},{"hash":"c0c5b4bc6d776686f6a44002c5551b50b312adc3","isMergeCommit":false,"messageTitle":"Add Events related tests and methods","messageBody":"","fileTypesAndContributionMap":{"functional-code":{"insertions":10,"deletions":0},"test-code":{"insertions":5,"deletions":0}}},{"hash":"6e5b4617c6ee5520b62d8d8b07fc91b4c37b38fb","isMergeCommit":false,"messageTitle":"Update equals test of ModelManagerTest","messageBody":"","fileTypesAndContributionMap":{"test-code":{"insertions":26,"deletions":4}}},{"hash":"ca611490dbe05933b02d709ddb52c94ce719f800","isMergeCommit":false,"messageTitle":"Add getEvent method in TestUtil","messageBody":"","fileTypesAndContributionMap":{"test-code":{"insertions":8,"deletions":0}}},{"hash":"38717bc299781427af9cbcfd7c7c4261b1d1bd43","isMergeCommit":false,"messageTitle":"Remove redundant import statement","messageBody":"","fileTypesAndContributionMap":{"test-code":{"insertions":0,"deletions":2}}},{"hash":"8a114a2dbb2dee4329c43a8523803d685e8c727a","isMergeCommit":false,"messageTitle":"Resolve conflict","messageBody":"","fileTypesAndContributionMap":{"functional-code":{"insertions":0,"deletions":5},"test-code":{"insertions":0,"deletions":17}}}]},{"date":"2023-10-21","commitResults":[{"hash":"b7f4696d068ab192521c2a4d736e387a4d0aa573","isMergeCommit":true,"messageTitle":"Merge pull request #130 from wr1159/Sample-Events-branch","messageBody":"Add getSampleEvents for getSampleAddressBook","fileTypesAndContributionMap":{}}]}],"ph-nathan":[{"date":"2023-10-04","commitResults":[{"hash":"ae43e4c7c08f6656e4ddcf3bebcca81079e6aad1","isMergeCommit":false,"messageTitle":"Add skeletal PPP for Nathan","messageBody":"","fileTypesAndContributionMap":{"docs":{"insertions":25,"deletions":47}}},{"hash":"982cab6c6731afd37718429e5fdaddff1364f414","isMergeCommit":false,"messageTitle":"Add Add member to event \u0026 Delete member from event commands to UG","messageBody":"","fileTypesAndContributionMap":{"docs":{"insertions":33,"deletions":2}}},{"hash":"049d0ba7044a8801df88b036328416dd1a9010a5","isMergeCommit":false,"messageTitle":"Add use cases for adding member to event and deleting member from event","messageBody":"","fileTypesAndContributionMap":{"docs":{"insertions":59,"deletions":12}}},{"hash":"e7152289f453eb74dfe9904cdc45112301842221","isMergeCommit":false,"messageTitle":"Update About Us page with personal details","messageBody":"","fileTypesAndContributionMap":{"docs":{"insertions":3,"deletions":4}}},{"hash":"97b5ef5098b8894a5c4a9f32e4f33ed1f4d8c61f","isMergeCommit":false,"messageTitle":"Fix some grammar and syntax nits","messageBody":"","fileTypesAndContributionMap":{"docs":{"insertions":3,"deletions":3}}},{"hash":"69c52c7e258e9dfce5ff3e3a2e43ad76b47b131a","isMergeCommit":false,"messageTitle":"Update glossary section of DG","messageBody":"","fileTypesAndContributionMap":{"docs":{"insertions":15,"deletions":3}}},{"hash":"d8e2ad8506c438e4f2e90e043953a489796f3f5a","isMergeCommit":false,"messageTitle":"Add ending underline tag to use cases for consistency","messageBody":"","fileTypesAndContributionMap":{"docs":{"insertions":9,"deletions":9}}}]},{"date":"2023-10-05","commitResults":[{"hash":"8823561e55204e50defcf79d9e7058f67260eaee","isMergeCommit":false,"messageTitle":"Fix similar nits","messageBody":"","fileTypesAndContributionMap":{"docs":{"insertions":2,"deletions":2}}},{"hash":"478bd6e394cd363e3b23d6f57685fde06bed4016","isMergeCommit":false,"messageTitle":"Fix minor formatting nits","messageBody":"","fileTypesAndContributionMap":{"docs":{"insertions":6,"deletions":5}}},{"hash":"0f02cfc990844139e6769a7716d94ae69c83681a","isMergeCommit":false,"messageTitle":"Fix typo","messageBody":"","fileTypesAndContributionMap":{"docs":{"insertions":1,"deletions":1}}}]},{"date":"2023-10-18","commitResults":[{"hash":"19716fdb49b48a577fbf34bb98cb05adfffee789","isMergeCommit":false,"messageTitle":"Implement basic GUI structure without event logic","messageBody":"","fileTypesAndContributionMap":{"functional-code":{"insertions":110,"deletions":52}}},{"hash":"0264c8025a161f0069c7ab7dbbf628b256dc9c14","isMergeCommit":true,"messageTitle":"Merge Event related Logic into Update-GUI-branch","messageBody":"","fileTypesAndContributionMap":{}},{"hash":"896a3472284d1ff2251bee1ca8ab48d63c155a37","isMergeCommit":false,"messageTitle":"Add logic for displaying events","messageBody":"","fileTypesAndContributionMap":{"functional-code":{"insertions":166,"deletions":16}}}]},{"date":"2023-10-19","commitResults":[{"hash":"0e508a055eb31cdaa08865284d82c2c93f44a776","isMergeCommit":false,"messageTitle":"Update color of GUI","messageBody":"","fileTypesAndContributionMap":{"functional-code":{"insertions":48,"deletions":42}}},{"hash":"90f5895abcb629c374588188530dabfa36fcde77","isMergeCommit":false,"messageTitle":"Add logo","messageBody":"","fileTypesAndContributionMap":{"functional-code":{"insertions":2,"deletions":2},"test-code":{"insertions":1,"deletions":1}}},{"hash":"8ff34a7050cbe0260536b3bee8d4fa7e0d0c20d8","isMergeCommit":false,"messageTitle":"Fix line endings and delete trailing whitespaces","messageBody":"","fileTypesAndContributionMap":{"functional-code":{"insertions":139,"deletions":139},"docs":{"insertions":7,"deletions":7}}},{"hash":"676cfbfab4f33cd0b0dd632f7fa6f2bdc246b699","isMergeCommit":false,"messageTitle":"Checkstyle fix","messageBody":"","fileTypesAndContributionMap":{"functional-code":{"insertions":3,"deletions":3}}},{"hash":"ea48e8beb4e3ad66ed9d18793d70b6a179bb19a1","isMergeCommit":false,"messageTitle":"Fix checkstyle 2.0","messageBody":"","fileTypesAndContributionMap":{"functional-code":{"insertions":2,"deletions":2}}},{"hash":"6beb736d9de7798cbbd2a33487c458f85279b365","isMergeCommit":false,"messageTitle":"Add testcases","messageBody":"","fileTypesAndContributionMap":{"functional-code":{"insertions":2,"deletions":2},"test-code":{"insertions":54,"deletions":0}}},{"hash":"4513504423bbd8ce3fed34f34ce68e32eea0956b","isMergeCommit":false,"messageTitle":"Delete testcase","messageBody":"","fileTypesAndContributionMap":{"test-code":{"insertions":0,"deletions":50}}},{"hash":"5972f09093e4e3ecafe43d0cbe4a78a6828942c1","isMergeCommit":false,"messageTitle":"Add testcases","messageBody":"","fileTypesAndContributionMap":{"test-code":{"insertions":28,"deletions":4}}},{"hash":"7dfd9aa0c86f5ba81d158e76b5dbcfdb849bf481","isMergeCommit":false,"messageTitle":"Fix testcase","messageBody":"","fileTypesAndContributionMap":{"test-code":{"insertions":0,"deletions":1}}},{"hash":"9c5bff1729ef9f5897602d36afa4b33dda8cd340","isMergeCommit":false,"messageTitle":"Add more tests","messageBody":"","fileTypesAndContributionMap":{"test-code":{"insertions":33,"deletions":2}}},{"hash":"21783165bb5be0f0a0ea04284f9364ca4c37a8c0","isMergeCommit":false,"messageTitle":"Fix checkstyle 3.0","messageBody":"","fileTypesAndContributionMap":{"test-code":{"insertions":3,"deletions":1}}}]}]},"authorFileTypeContributionMap":{"wr1159":{"docs":86,"functional-code":1030,"test-code":1566},"andrechuakj":{"docs":150,"functional-code":89,"test-code":176,"other":1},"dylkaw":{"docs":75,"functional-code":315,"test-code":768},"SelwynAng":{"docs":83,"functional-code":160,"test-code":298},"ph-nathan":{"docs":100,"functional-code":274,"test-code":42}},"authorContributionVariance":{"wr1159":260452.95,"andrechuakj":5998.7646,"dylkaw":48773.055,"SelwynAng":19034.06,"ph-nathan":15297.316},"authorDisplayNameMap":{"wr1159":"CS2103T-F11-1 CHU ..RONG","andrechuakj":"CS2103T-F11-1 ANDR.. JUN","dylkaw":"CS2103T-F11-1 KAW ..YLAN","SelwynAng":"CS2103T-F11-1 ANG ..LWYN","ph-nathan":"CS2103T-F11-1 PHAM..NHAT"}}
