{"authorDailyContributionsMap":{"AaronJT1":[{"date":"2023-09-26","commitResults":[{"hash":"0358e2482b01e649d1603c1fd1cf9ae0bf2db2fb","isMergeCommit":false,"messageTitle":"Add skeletal version of Project Portfolio Page (PPP)","messageBody":"Currently there is no PPP.\n\nPPP is needed as a well-documented data point for our SE\nexperience and for evaluators to use for evaluation.\n\nAdd aaronjt1.md in docs/team folder\n\nIt is done as such so that github will display relevant page\n","fileTypesAndContributionMap":{"docs":{"insertions":34,"deletions":0}}}]},{"date":"2023-09-28","commitResults":[{"hash":"d51a490db5a41de921439f0c2ab26f49f27f3eb8","isMergeCommit":true,"messageTitle":"Merge pull request #24 from AaronJT1/branch-Aaron-PPP","messageBody":"Completing milestone v1.1 individual tasks","fileTypesAndContributionMap":{}}]},{"date":"2023-09-30","commitResults":[{"hash":"3fe3e85a36c4515902d7473e92b0b0c0ec5a71d8","isMergeCommit":false,"messageTitle":"Update AboutUs.md","messageBody":"Currently, the AboutUs.md is default template given to us.\n\nWe need to change it to fit our team.\n\nAdd roles and responsibilities for each member.\n","fileTypesAndContributionMap":{"docs":{"insertions":22,"deletions":22}}},{"hash":"8252eb78ddb90553447387e7dd9705b90409195c","isMergeCommit":true,"messageTitle":"Merge pull request #35 from AaronJT1/branch-aboutus","messageBody":"Update AboutUs.md","fileTypesAndContributionMap":{}}]},{"date":"2023-10-03","commitResults":[{"hash":"918618ed29ca41694ff7eec0be7890783c016f6a","isMergeCommit":false,"messageTitle":"Update UserGuide.md headers other than \u0027Features\u0027","messageBody":"Currently,there are no headers for the structure of the User Guide.\n\nThe headers like introduction, quick start, FAQ, known-issues, etc are\nneeded to guide users in using the User Guide.\n\nAdd introduction, quick start, FAQ, known-issues and command summary\nheaders.\n","fileTypesAndContributionMap":{"docs":{"insertions":13,"deletions":29}}},{"hash":"0b6d1098297c61ddcc8416220a81c75e67b60bbf","isMergeCommit":true,"messageTitle":"Merge pull request #47 from AaronJT1/branch-userguide","messageBody":"Update UserGuide.md","fileTypesAndContributionMap":{}}]},{"date":"2023-10-04","commitResults":[{"hash":"9f68723489b9ddda8e9b81bead81183b8bd1829c","isMergeCommit":false,"messageTitle":"Update DeveloperGuide.md to include new content","messageBody":"Currently, the \"Appendix:Requirements\" section is default\n\nTo contextualise the Developer Guide to our project, we updated that\nportion with the content we currently have.\n\nUpdate Product Scope, User Stories, Use Cases, NFR and Glossary.\n","fileTypesAndContributionMap":{"docs":{"insertions":172,"deletions":86}}},{"hash":"e5ab6d3d39bd926c558451d62157a0814341373c","isMergeCommit":false,"messageTitle":"Update AboutUs.md","messageBody":"","fileTypesAndContributionMap":{"docs":{"insertions":1,"deletions":1}}},{"hash":"19491e25f654e61e9b8a62bb3af643e0cfd1e102","isMergeCommit":false,"messageTitle":"Update DeveloperGuide.md","messageBody":"","fileTypesAndContributionMap":{"docs":{"insertions":129,"deletions":16}}},{"hash":"fd1cbeaa0a4da283adc3ca919c6e321eebfed483","isMergeCommit":true,"messageTitle":"Merge pull request #54 from thienmy0/branch-AboutUsAndPPP","messageBody":"Add AboutUs image and PPP","fileTypesAndContributionMap":{}},{"hash":"46b63c39d80e652f90996509c444b26db8d2cc1d","isMergeCommit":false,"messageTitle":"Update DeveloperGuide.md","messageBody":"","fileTypesAndContributionMap":{"docs":{"insertions":1,"deletions":1}}},{"hash":"d54b86af69fd9dc54b1331d571bf9eb0e918bad7","isMergeCommit":false,"messageTitle":"Update UserGuide.md","messageBody":"","fileTypesAndContributionMap":{"docs":{"insertions":8,"deletions":3}}},{"hash":"5d2bcf24d0beee708347e0ade61ce21844cee596","isMergeCommit":true,"messageTitle":"Merge pull request #57 from thienmy0/branch-UpdateUG","messageBody":"Update UserGuide.md","fileTypesAndContributionMap":{}}]},{"date":"2023-10-05","commitResults":[{"hash":"53130e7fe0561914ba943ba1233c822d92b4f9dc","isMergeCommit":true,"messageTitle":"Merge pull request #60 from wujy28/branch-ReadMe","messageBody":"Update README.md to suit our application","fileTypesAndContributionMap":{}},{"hash":"271226121fdfd055f265ad1fde78a7913d84ef08","isMergeCommit":true,"messageTitle":"Merge pull request #61 from wujy28/branch-UserGuide","messageBody":"Update User Guide: Viewing Help and Adding a Patient","fileTypesAndContributionMap":{}},{"hash":"dfac6ea3896b0e0270567f5866998662163dfc09","isMergeCommit":false,"messageTitle":"Fix image link for Riya","messageBody":"","fileTypesAndContributionMap":{"docs":{"insertions":1,"deletions":1}}},{"hash":"e1d84642c0a7587e91f138585c15a88435a10c9f","isMergeCommit":false,"messageTitle":"Fix table of content link for UserGuide.md","messageBody":"","fileTypesAndContributionMap":{"docs":{"insertions":67,"deletions":108}}},{"hash":"5ceadc2d98f7b26813e7be36ab74fee588aa27ca","isMergeCommit":false,"messageTitle":"Fix formatting for DeveloperGuide.md","messageBody":"","fileTypesAndContributionMap":{"docs":{"insertions":42,"deletions":39}}},{"hash":"7e253b01f5cb9e0df354c0fe3f69c8cf0b40f553","isMergeCommit":false,"messageTitle":"Fix checkstyle for AboutUs.md","messageBody":"","fileTypesAndContributionMap":{"docs":{"insertions":25,"deletions":23}}},{"hash":"8e644408feeb9dd30750dec7a2669c17793923b0","isMergeCommit":false,"messageTitle":"Rename Person class to Patient","messageBody":"Renamed the Person class to Patient\n\nCurrent, the class is named Person, but in our project, the person we are interested in is Patient.\n\nRename Person class to Patient class\n","fileTypesAndContributionMap":{"functional-code":{"insertions":186,"deletions":195},"other":{"insertions":95,"deletions":92},"docs":{"insertions":40,"deletions":40},"test-code":{"insertions":194,"deletions":195}}},{"hash":"c81dcb3631481b064126bddfea257d30984e4dbd","isMergeCommit":false,"messageTitle":"Update login component","messageBody":"Rename all instances of Person to Patient\n","fileTypesAndContributionMap":{"functional-code":{"insertions":90,"deletions":90},"docs":{"insertions":2,"deletions":2},"test-code":{"insertions":125,"deletions":124}}},{"hash":"c6d6b3df2f74deca8a4491cbdf02749a85779567","isMergeCommit":false,"messageTitle":"Update model component","messageBody":"Update model component to rename all Person instance to Patient\n","fileTypesAndContributionMap":{"functional-code":{"insertions":38,"deletions":38},"other":{"insertions":18,"deletions":18},"test-code":{"insertions":76,"deletions":76}}},{"hash":"b74654cc736d87b39453ebea3405b9e36c7111ba","isMergeCommit":false,"messageTitle":"Update Storage component","messageBody":"Update storage component to rename all Person instance to Patient\n","fileTypesAndContributionMap":{"functional-code":{"insertions":9,"deletions":9},"other":{"insertions":9,"deletions":9},"test-code":{"insertions":17,"deletions":17}}},{"hash":"ce5c36e0bd6d7062af2112bdad510aedd23fb5b2","isMergeCommit":false,"messageTitle":"Update Ui component","messageBody":"Update Ui component to rename all Person instance to Patient\n","fileTypesAndContributionMap":{"functional-code":{"insertions":8,"deletions":8},"other":{"insertions":17,"deletions":17},"docs":{"insertions":1,"deletions":1}}},{"hash":"52412303db259bf13f4b71f6d2359fd8e25a59f2","isMergeCommit":false,"messageTitle":"Update Test names","messageBody":"Update test names for all instances of Person to Patient\n","fileTypesAndContributionMap":{"other":{"insertions":95,"deletions":103},"test-code":{"insertions":234,"deletions":234}}}]},{"date":"2023-10-06","commitResults":[{"hash":"8e45e5c54d691b2be5ad158c46fddabe6f017738","isMergeCommit":false,"messageTitle":"Fix checkstyles","messageBody":"","fileTypesAndContributionMap":{"functional-code":{"insertions":12,"deletions":3},"test-code":{"insertions":42,"deletions":29}}},{"hash":"7dafe2944589ffcd3bd41b39a5ea0ce31d4470df","isMergeCommit":false,"messageTitle":"Fix checkstyles","messageBody":"","fileTypesAndContributionMap":{"functional-code":{"insertions":15,"deletions":11}}}]},{"date":"2023-10-11","commitResults":[{"hash":"a993f4fb54a1c9f8c9b65c2885e30b918a54bcb7","isMergeCommit":false,"messageTitle":"Add getPrefixesPresent function","messageBody":"Currently, there is no function to get all the prefixes that are present\nin the user input.\n\nThere is a need to get the prefixes present so as to create the Patient\nobject with relevant fields.\n\nAdd getPrefixesPresent function which takes in argMultimap and return\nlist of prefixes present.\n","fileTypesAndContributionMap":{"functional-code":{"insertions":52,"deletions":9},"test-code":{"insertions":110,"deletions":46}}}]},{"date":"2023-10-12","commitResults":[{"hash":"c0f8d3161bf096c1ed0add4d9ce0eeaeea404f52","isMergeCommit":false,"messageTitle":"Create createPatientFromPrefixes function","messageBody":"Currently, the logic of creating patients from field values is done in\nparse function\n\nTo maintain SLAP, i have abstracted that logic into a new function\n\nCreate createPatientFromPrefixes function to create patient from prefix\nfields\n","fileTypesAndContributionMap":{"functional-code":{"insertions":42,"deletions":16},"test-code":{"insertions":1,"deletions":2}}},{"hash":"fd9b7fdc82d96d445656c785767de2e116f186b5","isMergeCommit":false,"messageTitle":"Create test for duplicate prefixes","messageBody":"","fileTypesAndContributionMap":{"functional-code":{"insertions":1,"deletions":1},"test-code":{"insertions":45,"deletions":10}}},{"hash":"6c39d01e573677bb035932e960214a4ddd0414d7","isMergeCommit":false,"messageTitle":"Create test case for CreatePatientFromPrefixes function","messageBody":"Currently there is no test cases for the function createPatientFromPrefixes\n\nTest cases is essential to ensure that this function work as expected\n\nCreate 2 test case functions,\ncreatePatientFromPrefixes_nameFieldPresent_correctPatientCreated and createPatientFromPrefixes_allFieldsPresent_correctPatientCreated\n","fileTypesAndContributionMap":{"functional-code":{"insertions":1,"deletions":12},"test-code":{"insertions":75,"deletions":29}}},{"hash":"dd486a2b72c8893ef71cf9081491127a4b31e85a","isMergeCommit":false,"messageTitle":"Create MESSAGE_REQUIRED_COMMAND_NOT_FOUND message","messageBody":"Currently, if a user does not type in the required field,\nit will just display the whole command format\n\nIt is important to explicitly tell the user which required commands are\nmissing\n\nCreate new message MESSAGE_REQUIRED_COMMAND_NOT_FOUND which will be\noutput when user missed out the required field\n","fileTypesAndContributionMap":{"functional-code":{"insertions":26,"deletions":7},"test-code":{"insertions":11,"deletions":7}}},{"hash":"d31de9d7ca6c3a95d8ded38a31024d6d5c0517d5","isMergeCommit":false,"messageTitle":"Fix checkstyle errors","messageBody":"","fileTypesAndContributionMap":{"functional-code":{"insertions":1,"deletions":1},"test-code":{"insertions":3,"deletions":3}}}]},{"date":"2023-10-13","commitResults":[{"hash":"20989475811314480abee585e833391d13d252e9","isMergeCommit":true,"messageTitle":"Merge pull request #77 from thienmy0/branch-AgeAndGender","messageBody":"Add Age and Gender Attributes","fileTypesAndContributionMap":{}}]},{"date":"2023-10-14","commitResults":[{"hash":"c8d80c88d01fb3195450381ffb154b9767a3b3a4","isMergeCommit":true,"messageTitle":"Merge branch \u0027master\u0027 into branch-update-add-command","messageBody":"","fileTypesAndContributionMap":{}},{"hash":"cfc854bdb0704aff155dec996ffa922afb1784e7","isMergeCommit":true,"messageTitle":"Merge pull request #78 from AaronJT1/branch-update-add-command","messageBody":"Update Add Command to allow required and optional fields","fileTypesAndContributionMap":{}},{"hash":"3803197dca6355b58aa290d49af2bb9e35e23f6d","isMergeCommit":true,"messageTitle":"Merge pull request #88 from wujy28/branch-Patient-Department","messageBody":"Add Department Enum and AssignedDepartment Class","fileTypesAndContributionMap":{}},{"hash":"f3e9e60975fa37289f996d8d26274d7c35e4d8a1","isMergeCommit":true,"messageTitle":"Merge pull request #89 from RiyaMehta2211/BirthdayAndIC","messageBody":"Add Birthday and IC Attributes","fileTypesAndContributionMap":{}}]},{"date":"2023-10-16","commitResults":[{"hash":"b713d4497edd6ddc0180f43d4158a6c15a58b967","isMergeCommit":true,"messageTitle":"Merge pull request #96 from thienmy0/branch-EditPatientAndCliSyntax","messageBody":"Edit Patient and CliSyntax classes to include new attributes","fileTypesAndContributionMap":{}},{"hash":"20b0781a79fdd22f5f7f92dde0f0733149f64e32","isMergeCommit":false,"messageTitle":"Update Patient constructor arguments","messageBody":"Currently, Patient class is taking in Department and Record as input\n\nDepartment and Record are to be created when Patient is created, thus it\nshouldnt be an input\n\nUpdate Patient constructor to remove AssignedDepartment and Record\nparameters, also initialiazed them with default values\n","fileTypesAndContributionMap":{"functional-code":{"insertions":3,"deletions":3}}},{"hash":"6d01c191c5558077fe7eb4b61c8b8f655231c2bd","isMergeCommit":false,"messageTitle":"Update Record.java to initialise with default values","messageBody":"Currently, the instantiation of Record class does not initialise default\nvalues for other fields.\n\nThis means that if a particular program wants to get its attribute\nvalue, it could lead to null value.\n\nUpdate Record.java to include 3 default initialization values for its\nfields\n","fileTypesAndContributionMap":{"functional-code":{"insertions":12,"deletions":8},"test-code":{"insertions":14,"deletions":5}}},{"hash":"a47d6c348d75c3c1a3938f0e7d120c122367a33d","isMergeCommit":false,"messageTitle":"Update PatientBuilder.java to cater to new Patient class","messageBody":"","fileTypesAndContributionMap":{"functional-code":{"insertions":3,"deletions":3},"test-code":{"insertions":54,"deletions":15}}},{"hash":"8a6510db8a06fa269957cf9a5e079e18ec533b08","isMergeCommit":false,"messageTitle":"Update each Patient attribute to have default value","messageBody":"","fileTypesAndContributionMap":{"functional-code":{"insertions":7,"deletions":3}}},{"hash":"9df51a241fda322b197b7f6919b9d7040b6253a4","isMergeCommit":false,"messageTitle":"Update AddCommandParser.java to use new Patient class","messageBody":"","fileTypesAndContributionMap":{"functional-code":{"insertions":49,"deletions":26}}},{"hash":"b6e2c2ef3729133a88f7576e9e0323dfd5d6f13b","isMergeCommit":false,"messageTitle":"Update SampleDataUtil.java to use new Patient class","messageBody":"Currently, the sample patients are using outdated fields.\n\nIt is important to update the patients to use the new fields.\n\nAdd the Gender, IcNumber and Birthday fields to sample Patients\n","fileTypesAndContributionMap":{"functional-code":{"insertions":19,"deletions":28}}},{"hash":"d63a1c3e4e486cb52d2dd84f085260d133e0c3f4","isMergeCommit":false,"messageTitle":"Update JsonAdaptedPatient.java to use new Patient class","messageBody":"","fileTypesAndContributionMap":{"functional-code":{"insertions":47,"deletions":11}}},{"hash":"3dd88ff88e28883b2dd7df1419968051ed7ae2c8","isMergeCommit":false,"messageTitle":"Update JsonAdaptedPatientTest.java to include new Patient attributes","messageBody":"","fileTypesAndContributionMap":{"test-code":{"insertions":26,"deletions":17}}},{"hash":"17c2e690e5e4630e73a9710ad724b73d2470820f","isMergeCommit":false,"messageTitle":"Update patient attributes to have more intuitive default values","messageBody":"","fileTypesAndContributionMap":{"functional-code":{"insertions":4,"deletions":4}}}]},{"date":"2023-10-17","commitResults":[{"hash":"839b570b7df7bf9ab04b54af703897a020d992fa","isMergeCommit":true,"messageTitle":"Merge pull request #103 from longnguyentan/branch-EditCommand","messageBody":"Update EditCommand.java, EditCommandParser.java, and ParserUtil.java","fileTypesAndContributionMap":{}},{"hash":"5b575f6a97be3df060771e6218e5fb33bf797f95","isMergeCommit":false,"messageTitle":"Update AddCommandParser to integrate ParserUtil","messageBody":"","fileTypesAndContributionMap":{"functional-code":{"insertions":61,"deletions":74}}}]},{"date":"2023-10-18","commitResults":[{"hash":"af139b15fdbd6a5cd9240a8e01bfd7652470f9d4","isMergeCommit":true,"messageTitle":"Merge branch \u0027master\u0027 into StorageDepartment","messageBody":"","fileTypesAndContributionMap":{}},{"hash":"e96dca66a9e7ba15f80153b4459f53601831b8e3","isMergeCommit":true,"messageTitle":"Merge pull request #107 from RiyaMehta2211/StorageDepartment","messageBody":"Add Assigned Department to storage","fileTypesAndContributionMap":{}}]}],"wujy28":[{"date":"2023-10-04","commitResults":[{"hash":"93a823bd244781648a3be97469468fdd0828b88e","isMergeCommit":false,"messageTitle":"Add AboutUs.md image and PPP","messageBody":"Not all team members have uploaded their AboutUs.md\nimages and PPP documents.\n\nEach member should upload their respective documents.\n\nLet\u0027s add the AboutUs.md image and PPP for wujy28.\n","fileTypesAndContributionMap":{"docs":{"insertions":22,"deletions":0}}},{"hash":"28fc1b9cdd7e0bbc0e7b7548fa900aa404761059","isMergeCommit":false,"messageTitle":"Update README.md to suit our application","messageBody":"The current README is outdated and written for Addressbook Level 3.\n\nNow that we are using this code base for A\u0026E, we should have the\nREADME reflect this as well.\n\nLet\u0027s update the README to be about our application, A\u0026E, instead.\n","fileTypesAndContributionMap":{"docs":{"insertions":15,"deletions":9}}},{"hash":"05a6f2cacda61650168d66a557fca27b38a32a11","isMergeCommit":false,"messageTitle":"Update User Guide: Viewing Help and Adding a Patient","messageBody":"The current User Guide is outdated and still reflects the\nfeatures of AB3.\n\nSince we are now using the codebase to develop A\u0026E, we\nmust update our user guide as such.\n\nLet\u0027s\n* Update the Viewing Help screenshot to that of A\u0026E\u0027s Ui\n* Modify the Adding a Person section to Adding a Patient\n","fileTypesAndContributionMap":{"docs":{"insertions":10,"deletions":12}}},{"hash":"5e481219cc1c7f3766e197e0feae275fb6d98fc7","isMergeCommit":false,"messageTitle":"Update User Guide: Update Table of Contents","messageBody":"The current Table of Contents lacks the newly added\nsection on adding a patient.\n\nLet\u0027s add that section to the Table of Contents.\n","fileTypesAndContributionMap":{"docs":{"insertions":2,"deletions":1}}}]},{"date":"2023-10-06","commitResults":[{"hash":"843c8f7ece4f6fcf44dc18341ee491a32b42fda9","isMergeCommit":false,"messageTitle":"Fix documentation formatting issues","messageBody":"There are currently some formatting bugs in\ndocumentation like the README, AboutUs, DG, UG and index.\nBugs include invalid hyperlinks, random symbols, inconsistent\nheadings and grammatical errors.\n\nFixing these issues can help our documentation come across\nas more professional and proper.\n\nLet\u0027s\n* Fix grammatical issues\n* Standardize heading capitalization\n* Contextual important parts of the docs to our project\n* Fix hyperlink errors\n","fileTypesAndContributionMap":{"docs":{"insertions":104,"deletions":101}}},{"hash":"55b2c967b74ac63a4ebe1f88e268bac4200c66ef","isMergeCommit":false,"messageTitle":"Update the User Guide","messageBody":"The existing pointers about command under Features\nare outdated and contradict other parts of our UG.\nThe list patients command is in a different format\nfrom the list command of AB3 as well.\n\nUpdating the pointers can help our UG be more\nconsistent. Moreover, changing the list patients\ncommand format from list patients to list can\nhelp us cut down on work from having to change\nthe user input for that command.\n\nLet\u0027s update the features and list command format\nin the user guide.\n","fileTypesAndContributionMap":{"docs":{"insertions":11,"deletions":17}}}]},{"date":"2023-10-13","commitResults":[{"hash":"e49f5fa139edb55f729ebeb1244c23791994b87c","isMergeCommit":false,"messageTitle":"Add AssignedDepartment attribute to Patient","messageBody":"The Patient class does not currently store information\nregarding the department the patient is assigned to.\n\nAdding an attribute that stores that information can\nhelp us create the starting ground to implement the\nfunctionality of assigning patients to departments.\n\nLet\u0027s,\n* Create the AssignedDepartment class, which is a\n  Patient attribute\n* Create the Department Enumeration, which represents\n  the departments in the hospital\n\nUsing an enumeration to represent the departments will\nallow us to constrain the department information to a\nlimited predefined set of values. This implementation\nmight however be changed in the future should the need\narises (i.e. if we want the user to be able to customize\nthe available departments, or add more functionality to\nthe department type).\n","fileTypesAndContributionMap":{"functional-code":{"insertions":137,"deletions":0}}},{"hash":"3e54a6d8f26e2624ce20112c519f87ff1c9fd5b4","isMergeCommit":false,"messageTitle":"Add AssignedDepartmentTest and DepartmentTest","messageBody":"Currently, no testing is done for the newly added\nAssignedDepartment and Department classes.\n\nWe should test these classes to discover bugs and\nfix them so that we can ensure that they work\nproperly.\n\nLet\u0027s add the test classes AssignedDepartmentTest\nand DepartmentTest to test these classes.\n","fileTypesAndContributionMap":{"functional-code":{"insertions":22,"deletions":5},"test-code":{"insertions":127,"deletions":0}}},{"hash":"d1619177a5609a9ba32b68077bda143575f48861","isMergeCommit":false,"messageTitle":"Fix checkstyle issues in Main and Test","messageBody":"There are currently some coding standard issues in\nsome of the newly added classes.\n\nWe should fix them to ensure code quality.\n\nLet\u0027s fix these issues.\n","fileTypesAndContributionMap":{"functional-code":{"insertions":7,"deletions":7},"test-code":{"insertions":11,"deletions":7}}},{"hash":"41cc7ada969f0ba673c58216820ae56e91b3844e","isMergeCommit":true,"messageTitle":"Merge branch \u0027master\u0027 into branch-Patient-Department","messageBody":"This merge is to update the branch as the master branch\nhas changed.\n","fileTypesAndContributionMap":{}},{"hash":"f0de79dde6d18c5323c3d3bb8eab2f0bc6c49d97","isMergeCommit":false,"messageTitle":"Fix whitespace issue in Gender class","messageBody":"","fileTypesAndContributionMap":{"functional-code":{"insertions":1,"deletions":1}}}]},{"date":"2023-10-14","commitResults":[{"hash":"b08e4c2eda02313e5b38b6ed7f661378c692052f","isMergeCommit":false,"messageTitle":"Improve testing in AssignedDepartment and Department","messageBody":"Previously the testing for AssignedDepartment and Department\ndid not cover enough cases.\n\nImproving test coverage can help us detect more bugs and\nensure that our code is more robust.\n\nLet\u0027s add a few more test cases for isValidDepartment and\nfindDepartment.\n","fileTypesAndContributionMap":{"test-code":{"insertions":14,"deletions":1}}},{"hash":"4ec4edd1402135e113e978d4af5e1661cf640017","isMergeCommit":true,"messageTitle":"Merge pull request #91 from RiyaMehta2211/BirthdayAndIC","messageBody":"Minor modifications to IcNumber and IcNumberTest","fileTypesAndContributionMap":{}},{"hash":"51873863359935d504086b9033c99112f55b6907","isMergeCommit":true,"messageTitle":"Merge branch \u0027master\u0027 into branch-Patient-Department","messageBody":"","fileTypesAndContributionMap":{}},{"hash":"b757dcb763787c5116247d5924f1e965b6d40c11","isMergeCommit":false,"messageTitle":"Fix checkstyle issues in some classes","messageBody":"","fileTypesAndContributionMap":{"functional-code":{"insertions":10,"deletions":10},"test-code":{"insertions":10,"deletions":10}}}]},{"date":"2023-10-17","commitResults":[{"hash":"294222e082d5894adfeeb78d2ebc2713861c8187","isMergeCommit":true,"messageTitle":"Merge pull request #102 from AaronJT1/branch-update-patient-fields","messageBody":"Branch update patient fields","fileTypesAndContributionMap":{}}]},{"date":"2023-10-18","commitResults":[{"hash":"8233415c5131ae5ba8204f95e8d85a6b58701e17","isMergeCommit":false,"messageTitle":"Fix inconsistencies in EditCommand and EditCommandParser","messageBody":"Currently, the EditCommand and EditCommandParser classes are\ninconsistent in that they contain methods that process\npatient attributes that are not parameters into the Edit\ncommand, or certain parts lack the processing of important\nattributes.\n\nFixing this issue will prevent further bugs and lead to\nneater code.\n\nLet\u0027s,\n* Add and remove attributes in the two classes for\nconsistency\n* Make sure that important attributes are mentioned in\nparts that were previously lacking them\n","fileTypesAndContributionMap":{"functional-code":{"insertions":38,"deletions":62}}},{"hash":"5363de701125ad364fefcb9a3841ccb0c7318899","isMergeCommit":false,"messageTitle":"Fix StackOverflow bug involving PatientBuilder and RecordBuilder","messageBody":"There is an issue where after PatientBuilder() is called,\nit will call RecordBuilder(), which in turn calls\nPatientBuilder() again, causing a StackOverflow error.\n\nWe need to fix this to get our test cases to pass.\n\nLet\u0027s\n* Add a new constructor to RecordBuilder that takes in\na PatientBuilder to initialize its patient, instead\nof calling PatientBuilder again\n* Add new attributes to TypicalPatients\n\nNote that not all of the fields in Typical Patients are\nupdated! AMY and BOB still need to be updated, which\ninvolves adding new attributes into CommandTestUtilgit add --all\n","fileTypesAndContributionMap":{"test-code":{"insertions":96,"deletions":23}}},{"hash":"9e0710cc9ef25dd045a69ec9552907c02eb75c13","isMergeCommit":false,"messageTitle":"Add new attributes to some console messages","messageBody":"The existing console messages do not display the\nnew attributes, confusing the user as to what\nattributes are available.\n\nAdding them to the messages allow them to view\nall the patient\u0027s attributes even without the\nupdated GUI.\n\nLet\u0027s update the Add command and patient messages.\n","fileTypesAndContributionMap":{"functional-code":{"insertions":17,"deletions":0}}},{"hash":"fe155627ac6c03f46498fe7cfb0f81b737d858b7","isMergeCommit":false,"messageTitle":"Fix CheckStyle Issues","messageBody":"","fileTypesAndContributionMap":{"functional-code":{"insertions":75,"deletions":38},"test-code":{"insertions":10,"deletions":1}}}]}],"thienmy0":[{"date":"2023-10-04","commitResults":[{"hash":"745e338ded476682988028c4afa410d3422ba36f","isMergeCommit":false,"messageTitle":"Add AboutUs image and PPP","messageBody":"","fileTypesAndContributionMap":{"docs":{"insertions":29,"deletions":0}}},{"hash":"340c69793ea44d167ea87303eea66dfd1847454a","isMergeCommit":false,"messageTitle":"Update UserGuide.md","messageBody":"Update assigning a patient to a department feature in UserGuide.md\n","fileTypesAndContributionMap":{"docs":{"insertions":9,"deletions":3}}},{"hash":"9a91b3ae1ce784c35c4f1914289efa0d719127ed","isMergeCommit":true,"messageTitle":"Merge pull request #58 from AaronJT1/branch-update-ugdg","messageBody":"Update UG \u0026 DG changes","fileTypesAndContributionMap":{}}]},{"date":"2023-10-05","commitResults":[{"hash":"fc038f8129a2c70ba88edecf3e6470c2c6c62464","isMergeCommit":true,"messageTitle":"Merge pull request #65 from AaronJT1/branch-fix-bugs","messageBody":"Fix bugs for md files","fileTypesAndContributionMap":{}}]},{"date":"2023-10-07","commitResults":[{"hash":"928c0c7b780e4a5ed6d47402f694a33e51917b12","isMergeCommit":true,"messageTitle":"Merge pull request #68 from AaronJT1/branch-change-class-name","messageBody":"Renamed all instance of Person to Patient","fileTypesAndContributionMap":{}}]},{"date":"2023-10-11","commitResults":[{"hash":"3e0f266e0abeeec14ddc38efe5be0a252ae6759c","isMergeCommit":false,"messageTitle":"Add Age and Gender Attributes","messageBody":"Add Age and Gender Attributes with Testing to Patient\n\nThere is important information, such as the age and gender, of patients\nthat should be known to users. Such information is missing in the code.\n\nAdding the age and gender attributes ensures that we have important\ndetails of patients.\n\nLet’s create the classes: Age, Gender, AgeTest and GenderTest. Doing so\nwill ensure that the user can input important information about patients\ninto the application and ease subsequent testing of the information.\n","fileTypesAndContributionMap":{"functional-code":{"insertions":141,"deletions":0},"test-code":{"insertions":124,"deletions":0}}}]},{"date":"2023-10-12","commitResults":[{"hash":"1ccef36320c5931d90da0a143091f81a40714fd5","isMergeCommit":false,"messageTitle":"Update Gender.java","messageBody":"Minor fix\n","fileTypesAndContributionMap":{"functional-code":{"insertions":1,"deletions":2}}}]},{"date":"2023-10-14","commitResults":[{"hash":"4a65730f1385cb9353d35124fbc51308ca7f1f14","isMergeCommit":true,"messageTitle":"Merge pull request #93 from wujy28/branch-Patient-Department","messageBody":"Improve Testing for Department Attribute and Fix CheckStyle Issues","fileTypesAndContributionMap":{}},{"hash":"932320bc9f6e37835757b939b53cc2af8014dae5","isMergeCommit":false,"messageTitle":"Edit Patient and CliSyntax classes to include new attributes","messageBody":"Edit Patient and CliSyntax classes to include new attributes.\n\nNew attributes have been created for our Patient class. However, the\nother classes are not implementing the said attributes.\n\nEditing the Patient and CliSyntax will allow us to take the first step in\nimplementing the new attributes.\n\nLet’s edit the code of the Patient and CliSyntax classes. Doing so will\nallow smoother and more consistent editing of other classes done by\nother members.\n","fileTypesAndContributionMap":{"functional-code":{"insertions":56,"deletions":5}}},{"hash":"b9c55d4d54965418fbfeadf47c3d5405823c0c0e","isMergeCommit":false,"messageTitle":"Update Patient and CliSyntax classes based on PR review","messageBody":"","fileTypesAndContributionMap":{"functional-code":{"insertions":9,"deletions":11}}}]}],"longnguyentan":[{"date":"2023-09-26","commitResults":[{"hash":"fffae77508b3e0ab55ecb06ee9185d3518a1e1b8","isMergeCommit":true,"messageTitle":"Merge remote-tracking branch \u0027origin/switch-docs-to-markbind\u0027","messageBody":"","fileTypesAndContributionMap":{}},{"hash":"0a008eb63705ee9539fedff444f876c15a5282a2","isMergeCommit":true,"messageTitle":"Merge pull request #23 from longnguyentan/master","messageBody":"Merge switch-docs-to-markbind","fileTypesAndContributionMap":{}},{"hash":"3559213c460a817133f27cdfb56c085f786dd2b9","isMergeCommit":false,"messageTitle":"Update site configs","messageBody":"","fileTypesAndContributionMap":{"docs":{"insertions":1,"deletions":1}}}]},{"date":"2023-09-28","commitResults":[{"hash":"62f9a1af1997b752eedb49fc24821445f5c8ae04","isMergeCommit":true,"messageTitle":"Merge pull request #25 from longnguyentan/master","messageBody":"Update site configs","fileTypesAndContributionMap":{}}]},{"date":"2023-10-02","commitResults":[{"hash":"0c9359bd1e6ca8ca393c79edb09ef8b146ee52a7","isMergeCommit":true,"messageTitle":"Merge pull request #1 from AY2324S1-CS2103T-T14-2/master","messageBody":"Pull Webpage","fileTypesAndContributionMap":{}},{"hash":"904ec140b4bfbc98d9d6fa425279feb74d494efd","isMergeCommit":false,"messageTitle":"Update AboutUs and Portfolio","messageBody":"","fileTypesAndContributionMap":{"docs":{"insertions":47,"deletions":2}}},{"hash":"36e54204ebac610d20cd8db4642c405dd984a020","isMergeCommit":true,"messageTitle":"Merge pull request #36 from longnguyentan/master","messageBody":"Update AboutUs and Portfolio","fileTypesAndContributionMap":{}},{"hash":"5e5e1a67122e6e5c471dbd17f1f0a8eea58e7e33","isMergeCommit":false,"messageTitle":"Update Portfolio","messageBody":"Update the header of portfolio page.\n","fileTypesAndContributionMap":{"docs":{"insertions":1,"deletions":4}}},{"hash":"7c4bcfd1c935eff375aee28bec46eb4432fa2717","isMergeCommit":true,"messageTitle":"Merge pull request #37 from longnguyentan/master","messageBody":"Update Portfolio","fileTypesAndContributionMap":{}},{"hash":"46fe528bc9da9c8f23dea7b3b29352dfa0525896","isMergeCommit":false,"messageTitle":"Update image and portfolio file name","messageBody":"Rename the file names of image file and portfolio markdown file.\n","fileTypesAndContributionMap":{"docs":{"insertions":2,"deletions":2}}},{"hash":"158b3adfa0821145ad74258206286479519f4d41","isMergeCommit":true,"messageTitle":"Merge pull request #38 from longnguyentan/master","messageBody":"Update image and portfolio file name","fileTypesAndContributionMap":{}}]},{"date":"2023-10-04","commitResults":[{"hash":"e2fdf955b9b9233a5c8f66c7efb63e8cad35b07b","isMergeCommit":true,"messageTitle":"Merge pull request #2 from AY2324S1-CS2103T-T14-2/master","messageBody":"Update UserGuide","fileTypesAndContributionMap":{}},{"hash":"35afbd5b3dc2bdc5c87e18d6f74f08a7c25b503c","isMergeCommit":false,"messageTitle":"Update User Guide","messageBody":"Update List All Patients and Delete a Patient commands.\n","fileTypesAndContributionMap":{"docs":{"insertions":24,"deletions":0}}},{"hash":"0c731fac2b25d981b017b8f487e95393ec560b6b","isMergeCommit":true,"messageTitle":"Merge pull request #50 from longnguyentan/branch-UserGuide","messageBody":"Update User Guide","fileTypesAndContributionMap":{}},{"hash":"69228da01f09e02b42fd66a1c777fb932cbf717f","isMergeCommit":false,"messageTitle":"Update User Guide","messageBody":"Update List All Patients and Delete a Patient commands.\n","fileTypesAndContributionMap":{"docs":{"insertions":3,"deletions":5}}},{"hash":"df93cbe1e006ff355534a195c5e19ba61e669e23","isMergeCommit":true,"messageTitle":"Merge pull request #51 from longnguyentan/branch-UserGuide","messageBody":"Update User Guide","fileTypesAndContributionMap":{}},{"hash":"aa08eaf2e0bac184b69eebfe31740dffa3e6ddf2","isMergeCommit":true,"messageTitle":"Merge pull request #52 from AaronJT1/branch-update-dg","messageBody":"Update DeveloperGuide.md","fileTypesAndContributionMap":{}},{"hash":"9c456e8e57cc0ec8873b96bf1b1431ae99b29b66","isMergeCommit":true,"messageTitle":"Merge pull request #53 from wujy28/branch-docs","messageBody":"Add AboutUs.md image and PPP","fileTypesAndContributionMap":{}}]},{"date":"2023-10-06","commitResults":[{"hash":"da2bff926417fd1d469c0542b10b73da8704583d","isMergeCommit":true,"messageTitle":"Merge pull request #69 from wujy28/branch-docs","messageBody":"Fix documentation formatting issues","fileTypesAndContributionMap":{}}]},{"date":"2023-10-12","commitResults":[{"hash":"aa654a6cab200307cc1feead1afd37d7f07e1378","isMergeCommit":true,"messageTitle":"Merge pull request #3 from AY2324S1-CS2103T-T14-2/master","messageBody":"Update repo","fileTypesAndContributionMap":{}},{"hash":"0eec376c76bb639c297c9a294b653ad7e0355395","isMergeCommit":false,"messageTitle":"Add Record.java","messageBody":"Create the Record.java to stores information about\nthe patient\u0027s visits, initial observations,\ndiagnosis, and treatment plan.\n","fileTypesAndContributionMap":{"functional-code":{"insertions":68,"deletions":3}}},{"hash":"2b7fdd15a5520c6a784ba43978ea21fed6fcd957","isMergeCommit":false,"messageTitle":"Add Record.java","messageBody":"Create the Record.java to stores information about\nthe patient\u0027s visits, initial observations,\ndiagnosis, and treatment plan.\n","fileTypesAndContributionMap":{"functional-code":{"insertions":17,"deletions":0}}},{"hash":"1d0158e9fed20dc9c37de16f4cdf3328e772c176","isMergeCommit":false,"messageTitle":"Add JUnit Test of Record.java","messageBody":"Test Record.java with its functions.\n","fileTypesAndContributionMap":{"test-code":{"insertions":186,"deletions":0}}}]},{"date":"2023-10-13","commitResults":[{"hash":"35930ef097969f6421e75a8994f232c493fdc3fa","isMergeCommit":false,"messageTitle":"Update Patient.java","messageBody":"Remove Record field from Patient.java.\n","fileTypesAndContributionMap":{"functional-code":{"insertions":1,"deletions":2}}},{"hash":"d3c9e47a0b35b02c2e271aa73481468c1e899038","isMergeCommit":false,"messageTitle":"Update Record.java","messageBody":"Add toString() method in Record.java.\n","fileTypesAndContributionMap":{"functional-code":{"insertions":0,"deletions":3}}},{"hash":"e74c663614024d93e9c2edf0ce1530d6fe89a44a","isMergeCommit":true,"messageTitle":"Merge pull request #86 from longnguyentan/branch-Record","messageBody":" Add Record attribute and JUnit tests","fileTypesAndContributionMap":{}}]},{"date":"2023-10-14","commitResults":[{"hash":"2bedd22bddf5bde394a3c3ba2e308a3e26d8dfc6","isMergeCommit":false,"messageTitle":"Update Record.java and RecordTest.java","messageBody":"Remove the visitedDepartment variable from the class.\nAdd some JUnit test cases suggested by teammates.\n","fileTypesAndContributionMap":{"functional-code":{"insertions":3,"deletions":17},"test-code":{"insertions":33,"deletions":23}}},{"hash":"ba5a71e716a7b87d7353835dcde1ed6085b3a993","isMergeCommit":false,"messageTitle":"Update Record.java and RecordTest.java","messageBody":"Remove the visitedDepartment variable from the class.\nAdd some JUnit test cases suggested by teammates.\n","fileTypesAndContributionMap":{"functional-code":{"insertions":0,"deletions":3}}},{"hash":"c77e40df8fdcfb59bcdfd23c75d81f5bba634527","isMergeCommit":true,"messageTitle":"Merge pull request #98 from longnguyentan/branch-Record","messageBody":"Update Record.java and RecordTest.java","fileTypesAndContributionMap":{}}]},{"date":"2023-10-17","commitResults":[{"hash":"e752228b2ab22093091cf248518230a439d850a9","isMergeCommit":true,"messageTitle":"Merge pull request #4 from AY2324S1-CS2103T-T14-2/master","messageBody":"Update project from the team repo","fileTypesAndContributionMap":{}},{"hash":"b127dd9485a3a2ff61387eed91ff15212c272d83","isMergeCommit":false,"messageTitle":"Update EditCommand.java, EditCommandParser.java, and ParserUtil.java.","messageBody":"Edit EditCommand.java, EditCommandParser.java, and ParserUtil.java so that we can edit the patient information and its record.\n","fileTypesAndContributionMap":{"functional-code":{"insertions":170,"deletions":2}}}]},{"date":"2023-10-18","commitResults":[{"hash":"1da529263f775b394fc332c1b2b4cb12819d86d3","isMergeCommit":true,"messageTitle":"Merge pull request #108 from wujy28/branch-Edit-Command","messageBody":"Fix Issues in Edit Command","fileTypesAndContributionMap":{}}]}],"RiyaMehta2211":[{"date":"2023-10-05","commitResults":[{"hash":"9a7e72088d15367c1249a031dfd893c61b57da3c","isMergeCommit":false,"messageTitle":"Update AboutUs and Project Portfolio Page","messageBody":"","fileTypesAndContributionMap":{"docs":{"insertions":31,"deletions":50}}},{"hash":"eabcd855b7697b6bbd89b5048a00f0f8f3e88a24","isMergeCommit":false,"messageTitle":"Adding sample Project Portfolio Page","messageBody":"","fileTypesAndContributionMap":{"docs":{"insertions":46,"deletions":0}}},{"hash":"78b208de639c6fbab2439e6a098ddcc858a5a18e","isMergeCommit":false,"messageTitle":"Modify Project Portfolio Page","messageBody":"","fileTypesAndContributionMap":{"docs":{"insertions":3,"deletions":3}}},{"hash":"7fafc269a88d796da061bee7f06e9d8decb2f446","isMergeCommit":false,"messageTitle":"Update UserGuide.md to add view and edit","messageBody":"","fileTypesAndContributionMap":{"docs":{"insertions":21,"deletions":0}}},{"hash":"a2b4de5f14a61c5b0e2440c6a5250ba7bf112970","isMergeCommit":true,"messageTitle":"Merge pull request #62 from RiyaMehta2211/branch-AboutUsAndPPP","messageBody":"AboutUs and PPP","fileTypesAndContributionMap":{}},{"hash":"f46b36e78efb7a3a526ad3bc2b239a17b2ccc21f","isMergeCommit":true,"messageTitle":"Merge pull request #63 from RiyaMehta2211/branch-UserGuide","messageBody":"Update UserGuide to include view and edit a patient","fileTypesAndContributionMap":{}}]},{"date":"2023-10-13","commitResults":[{"hash":"cd0b54e8a0aa9a17dabd61f9a1c04235a01fad06","isMergeCommit":false,"messageTitle":"Add Birthday and IC Attributes Add Birthday and IC Attributes with Testing to Patient","messageBody":"Important attributes such as Birthday and IC were not present in the current code. However, these attributes are essential for logging of the patients\u0027 information\n\nAdd Birthday and IC for essential tracking of patient information\n\nLet’s create the classes: Birthday, IC, ICTest and BirthdayTest, thus allowing users to input key information on the patient details\n","fileTypesAndContributionMap":{"functional-code":{"insertions":88,"deletions":0},"test-code":{"insertions":117,"deletions":0}}}]},{"date":"2023-10-14","commitResults":[{"hash":"d93e40a83c78bd64690bed7059fa27f626ac3e71","isMergeCommit":false,"messageTitle":"Minor modifications to IcNumber and Birthday attributes to add javadocs and align with coding standards","messageBody":"","fileTypesAndContributionMap":{"functional-code":{"insertions":12,"deletions":0},"other":{"insertions":31,"deletions":19}}},{"hash":"7bf7c978f73d73513bd24b912b4fbf4993496283","isMergeCommit":false,"messageTitle":"Minor modifications to IcNumber and IcNumberTest to make the attribute case insensitive","messageBody":"","fileTypesAndContributionMap":{"functional-code":{"insertions":1,"deletions":0},"test-code":{"insertions":1,"deletions":1}}}]},{"date":"2023-10-17","commitResults":[{"hash":"f85622f83f3fe4051eb25cd4b4743f3a3f09b61a","isMergeCommit":true,"messageTitle":"Merge pull request #104 from AaronJT1/branch-fixing-patient-dependency","messageBody":"Update AddCommandParser to integrate ParserUtil","fileTypesAndContributionMap":{}}]},{"date":"2023-10-18","commitResults":[{"hash":"fd33f7242df7645a24635c22eb40d8909b870780","isMergeCommit":false,"messageTitle":"Add the attribute of assigned department to storage","messageBody":"Fix stack overflow errors caused in current storage test files\n","fileTypesAndContributionMap":{"functional-code":{"insertions":6,"deletions":3},"test-code":{"insertions":21,"deletions":14}}},{"hash":"affb20f6f92637c940f611e07757802c0e6658a8","isMergeCommit":false,"messageTitle":"Fix compilation errors in overall app","messageBody":"","fileTypesAndContributionMap":{"functional-code":{"insertions":1,"deletions":1},"test-code":{"insertions":1,"deletions":7}}},{"hash":"4ae2d4da5964a5d0be25bc398c45476cb7caadd7","isMergeCommit":false,"messageTitle":"Change TypicalPatients class to suit new requirements","messageBody":"","fileTypesAndContributionMap":{"functional-code":{"insertions":3,"deletions":3},"test-code":{"insertions":72,"deletions":17}}},{"hash":"db495cd84b92f954931c5a902f69c9274255a919","isMergeCommit":false,"messageTitle":"Fix Checkstyle Issues and add accessor methods for private static variables","messageBody":"","fileTypesAndContributionMap":{"functional-code":{"insertions":113,"deletions":45},"test-code":{"insertions":15,"deletions":6}}}]}]},"authorFileTypeContributionMap":{"AaronJT1":{"docs":360,"functional-code":564,"test-code":862},"wujy28":{"docs":129,"functional-code":213,"test-code":253},"thienmy0":{"docs":34,"functional-code":179,"test-code":124},"longnguyentan":{"docs":47,"functional-code":163,"test-code":193},"RiyaMehta2211":{"docs":29,"functional-code":203,"test-code":136}},"authorContributionVariance":{"AaronJT1":286176.72,"wujy28":9526.371,"thienmy0":2697.8765,"longnguyentan":3739.0322,"RiyaMehta2211":5800.2},"authorDisplayNameMap":{"AaronJT1":"CS2103T-T14-2 AARO.. ERN","wujy28":"CS2103T-T14-2 WU J..NGYA","thienmy0":"CS2103T-T14-2 LEE ..N MY","longnguyentan":"CS2103T-T14-2 NGUY..LONG","RiyaMehta2211":"CS2103T-T14-2 MEHT..BHAI"}}
