{"authorDailyContributionsMap":{"YeoBohShin":[{"date":"2023-09-27","commitResults":[{"hash":"e4a065dece72743b8df8af7367f79dd2f8f4dba7","isMergeCommit":false,"messageTitle":"Extracted tag function","messageBody":"","fileTypesAndContributionMap":{"functional-code":{"insertions":155,"deletions":1}}},{"hash":"2ff3f769482d1aef59c6f9db9da546439a64eaff","isMergeCommit":false,"messageTitle":"Confront to checkstyle","messageBody":"","fileTypesAndContributionMap":{"functional-code":{"insertions":25,"deletions":9}}}]},{"date":"2023-10-02","commitResults":[{"hash":"56d4e220a4d503d553f1a0a6b0b1e027f5b7990b","isMergeCommit":false,"messageTitle":"Update AboutUs","messageBody":"About us shows what our\nproduct is about and each\nmembers contribution to the\nproject.\n\nAdded Profile picture and\nskeletion for each member\u0027s\nportfolio\n","fileTypesAndContributionMap":{"docs":{"insertions":110,"deletions":20}}},{"hash":"cca3b04584cd4a2b98520113be6b729c0377f3b6","isMergeCommit":false,"messageTitle":"Add test","messageBody":"","fileTypesAndContributionMap":{"functional-code":{"insertions":7,"deletions":0},"test-code":{"insertions":36,"deletions":0}}},{"hash":"16313c57a06d102d58a5d93e5e4d8677ffdd752e","isMergeCommit":true,"messageTitle":"Merge branch \u0027branch-aboutus\u0027","messageBody":"","fileTypesAndContributionMap":{}}]},{"date":"2023-10-03","commitResults":[{"hash":"8fd15d20214a6af12a9fa36573370a0e8c9fd4d9","isMergeCommit":false,"messageTitle":"Add more tests","messageBody":"Added testing for Tagcommand\n","fileTypesAndContributionMap":{"functional-code":{"insertions":12,"deletions":3},"test-code":{"insertions":29,"deletions":7}}},{"hash":"bf3a2eb332cde030f0cc84060405530817cf5f35","isMergeCommit":false,"messageTitle":"Conform to checkstyle","messageBody":"Fix order of import statements\nin TagCommandTest\n","fileTypesAndContributionMap":{"test-code":{"insertions":10,"deletions":8}}},{"hash":"57df6aa5b374f66aae14916018d221707440fd0d","isMergeCommit":false,"messageTitle":"Conform to chechstyle","messageBody":"Update AboutUs and each\nmembers portfolio to follow\ncheckstyle\n","fileTypesAndContributionMap":{"docs":{"insertions":11,"deletions":11}}},{"hash":"0ae7789e5560f7f8c4f9f940817381b1322515f1","isMergeCommit":false,"messageTitle":"Add more test","messageBody":"Added testing for\nTagCommandParser\n","fileTypesAndContributionMap":{"test-code":{"insertions":161,"deletions":4}}},{"hash":"eb197b0bb8d7f48e85b863b659ad5148d67cf86e","isMergeCommit":false,"messageTitle":"Fix bugs in testing","messageBody":"","fileTypesAndContributionMap":{"test-code":{"insertions":4,"deletions":4}}},{"hash":"2a231a75fe0e0e329fedfbd23812602f95a6efe1","isMergeCommit":true,"messageTitle":"Merge branch \u0027master\u0027 into master","messageBody":"","fileTypesAndContributionMap":{}},{"hash":"4f81c9e94b5087cb9699e334918e04afb984dc9e","isMergeCommit":true,"messageTitle":"Merge pull request #5 from YeoBohShin/master","messageBody":"Extract tag function and Edit AboutUs","fileTypesAndContributionMap":{}},{"hash":"38c3f8d425e08ffe77eb046e5cd7f0f503d90ff0","isMergeCommit":false,"messageTitle":"Update AboutUs","messageBody":"Change the email for contact\n\nAdded title for each\nmember\n","fileTypesAndContributionMap":{"docs":{"insertions":20,"deletions":5}}},{"hash":"39688f91b3f3307d1cf4a1fec7a4401f7cfac89c","isMergeCommit":true,"messageTitle":"Merge pull request #25 from YeoBohShin/master","messageBody":"Update AboutUs","fileTypesAndContributionMap":{}},{"hash":"0050a8159c684466ac261faabcbca7e12a9c4b20","isMergeCommit":false,"messageTitle":"Add tag function to userguide","messageBody":"","fileTypesAndContributionMap":{"docs":{"insertions":18,"deletions":6}}},{"hash":"a465ce14dad123a172774c8571a726607ff70fad","isMergeCommit":false,"messageTitle":"Update UserGuide","messageBody":"Change person to student\nfor the context of ClassManager\n","fileTypesAndContributionMap":{"docs":{"insertions":4,"deletions":4}}},{"hash":"72b8d084a415b907aca061e53d4f040a15fa3b45","isMergeCommit":true,"messageTitle":"Merge pull request #29 from YeoBohShin/master","messageBody":"Add tag function to UserGuide","fileTypesAndContributionMap":{}}]},{"date":"2023-10-08","commitResults":[{"hash":"53a89e2be7d88345b0f60da4ddb3b8ed22c0efee","isMergeCommit":false,"messageTitle":"Do tutorial for adding command","messageBody":"","fileTypesAndContributionMap":{"functional-code":{"insertions":227,"deletions":34}}},{"hash":"de482f2e871168da78d5382af9ff9bdf7b02a228","isMergeCommit":true,"messageTitle":"Merge branch \u0027tutorial-adding-command\u0027","messageBody":"","fileTypesAndContributionMap":{}}]},{"date":"2023-10-12","commitResults":[{"hash":"ba2631a3cf8f1bfd8e50f57a8f27dbd7324f072d","isMergeCommit":false,"messageTitle":"Added add/delete function to TagCommand","messageBody":"Instead of replacing all tags with user\ninputed tags, now user can add and delete individual tags from the student. However, users can still\nmass delete or replace using the\nold function.\n","fileTypesAndContributionMap":{"functional-code":{"insertions":173,"deletions":258},"test-code":{"insertions":23,"deletions":25}}},{"hash":"cd7074286858c6e0f763c2a655a99c3ea33e395a","isMergeCommit":false,"messageTitle":"Add test cases for Add/Delete TagCommand","messageBody":"Added test cases for adding and\ndeleting tags to ensure that it is\nworking as intended.\n","fileTypesAndContributionMap":{"test-code":{"insertions":181,"deletions":2}}},{"hash":"a0d6ba2f0c93823175753cc25aeacfc7821f6094","isMergeCommit":true,"messageTitle":"Merge branch \u0027master\u0027 into master","messageBody":"","fileTypesAndContributionMap":{}},{"hash":"821e0fda237baef7906724cdbf103765c5a5d257","isMergeCommit":false,"messageTitle":"Fix merge conflict","messageBody":"","fileTypesAndContributionMap":{"functional-code":{"insertions":4,"deletions":2}}},{"hash":"a7a8939fd022dd4f081a8615da48aaa7622a25d9","isMergeCommit":true,"messageTitle":"Merge branch \u0027branch-tagcommand\u0027","messageBody":"","fileTypesAndContributionMap":{}}]},{"date":"2023-10-13","commitResults":[{"hash":"511c11387ed5e2b4a706840aff3dc679405634f1","isMergeCommit":false,"messageTitle":"Update TagCommand","messageBody":"Updated TagCommand to tag\nstudents by specifying their\nstudent number instead of\nindex.\n\nThis allows TAs to efficiently tag\nstudents instead of searching\nthrough the list the find the index\nof the student.\n","fileTypesAndContributionMap":{"functional-code":{"insertions":78,"deletions":70},"test-code":{"insertions":110,"deletions":98}}}]},{"date":"2023-10-14","commitResults":[{"hash":"431b37c98e43007d06b50eac89ad67895d08d820","isMergeCommit":false,"messageTitle":"Update UserGuide.md","messageBody":"Update tagCommand in UserGuide\nto follow the updated tagcommand\n","fileTypesAndContributionMap":{"docs":{"insertions":22,"deletions":21}}},{"hash":"cc80a535034ed1784dc9a83fbe322f4aefa0689b","isMergeCommit":true,"messageTitle":"Merge branch \u0027master\u0027 into master","messageBody":"","fileTypesAndContributionMap":{}},{"hash":"ada8dc3ff6bc8ce06918d425454f1622cbef686a","isMergeCommit":true,"messageTitle":"Merge pull request #57 from Cikguseven/load-command","messageBody":"Load command","fileTypesAndContributionMap":{}}]},{"date":"2023-10-15","commitResults":[{"hash":"adc1ae8afc83243485bd29c49d4dc40a76b88142","isMergeCommit":true,"messageTitle":"Merge pull request #70 from ngeeyonglim/class-grades","messageBody":"Change ClassNumber to ClassDetails and add package.","fileTypesAndContributionMap":{}}]},{"date":"2023-10-16","commitResults":[{"hash":"adddea55ed0f70e8e1eb4dfef06331597257faac","isMergeCommit":false,"messageTitle":"Added Assignments","messageBody":"Assignments to track the marks\nof student on different assignments\n","fileTypesAndContributionMap":{"functional-code":{"insertions":126,"deletions":0},"test-code":{"insertions":104,"deletions":0}}}]},{"date":"2023-10-18","commitResults":[{"hash":"2c0bbde476917b179ea63ab3b4906c728b6df707","isMergeCommit":false,"messageTitle":"Update EditCommand","messageBody":"Removed editing of tags from\nEditCommand\n","fileTypesAndContributionMap":{"functional-code":{"insertions":12,"deletions":39},"test-code":{"insertions":10,"deletions":44}}},{"hash":"d0d12999fa952992808cb6981cf8552a9831a1c8","isMergeCommit":false,"messageTitle":"Update EditStudentDescriptorTest","messageBody":"Added more test cases for more\ncoverage\n","fileTypesAndContributionMap":{"test-code":{"insertions":2,"deletions":0}}},{"hash":"91b65383ea4357f76ba81f5b3c745cb7d814aa77","isMergeCommit":false,"messageTitle":"Update EditCommandTest","messageBody":"Increase coverage of test cases\n","fileTypesAndContributionMap":{"test-code":{"insertions":1,"deletions":1}}},{"hash":"75ac59197433f3fe83b2b56ba74b8689ecd79d2a","isMergeCommit":false,"messageTitle":"Update EditCommand","messageBody":"","fileTypesAndContributionMap":{"functional-code":{"insertions":1,"deletions":1}}},{"hash":"19f17a015828d90292a0666f0ca3e8fbcbf2b3b6","isMergeCommit":true,"messageTitle":"Merge pull request #87 from Cikguseven/master","messageBody":"Update user guide and command display formatting","tags":["v1.2"],"fileTypesAndContributionMap":{}}]},{"date":"2023-10-20","commitResults":[{"hash":"69775339721f6f9ebe26fd1b36dccdcd9eac3ebb","isMergeCommit":true,"messageTitle":"Merge pull request #86 from LWZ19/add-setgrade-and-recordclasspart-command","messageBody":"Add SetGrade and RecordClassPart command","fileTypesAndContributionMap":{}}]},{"date":"2023-10-23","commitResults":[{"hash":"40b1a584137c10a1f47cb8bd7a70167f27588a0d","isMergeCommit":false,"messageTitle":"Add Ui","messageBody":"Added Ui to view classDetails of a\nstudent\n","fileTypesAndContributionMap":{"functional-code":{"insertions":255,"deletions":33}}},{"hash":"d6faa62e7d01ebdc49b464cc298d33a9e27ffe3f","isMergeCommit":false,"messageTitle":"Fix bugs","messageBody":"","fileTypesAndContributionMap":{"functional-code":{"insertions":22,"deletions":19},"test-code":{"insertions":11,"deletions":1}}}]},{"date":"2023-10-24","commitResults":[{"hash":"74003e828bae5830afec5e2ae1bb5ea574074653","isMergeCommit":false,"messageTitle":"Update Ui","messageBody":"","fileTypesAndContributionMap":{"functional-code":{"insertions":0,"deletions":1}}},{"hash":"de94928a5f0ac4fbffb1f35d3b725a3d162a1ddc","isMergeCommit":true,"messageTitle":"Merge branch \u0027master\u0027 into branch-ui","messageBody":"","fileTypesAndContributionMap":{}},{"hash":"97ad98b21259899fc0c0197efe5023ce95dd86e4","isMergeCommit":false,"messageTitle":"Follow checkstyle","messageBody":"","fileTypesAndContributionMap":{"docs":{"insertions":15,"deletions":15}}},{"hash":"81f934ceade3e15f9156d99d1119d4d026d8545c","isMergeCommit":true,"messageTitle":"Merge branch \u0027branch-ui\u0027 of https://github.com/YeoBohShin/tp into branch-ui","messageBody":"","fileTypesAndContributionMap":{}},{"hash":"1353c5886c0fc6cf1b16ed5364dfa02b6f0aa318","isMergeCommit":false,"messageTitle":"Follow checkstyle","messageBody":"","fileTypesAndContributionMap":{"functional-code":{"insertions":0,"deletions":1},"docs":{"insertions":2,"deletions":2}}},{"hash":"fbb44d8ce70ac3c870c9fb5bca45ec6d612ebfce","isMergeCommit":false,"messageTitle":"Update testcases","messageBody":"As new methods was added, new\ntest cases was added to test the\nnew methods\n","fileTypesAndContributionMap":{"functional-code":{"insertions":2,"deletions":1},"test-code":{"insertions":98,"deletions":0}}},{"hash":"a8ef6bbc447249a7bea9cefd82fda7dd89687b22","isMergeCommit":false,"messageTitle":"Fix bugs","messageBody":"","fileTypesAndContributionMap":{"functional-code":{"insertions":18,"deletions":2},"test-code":{"insertions":7,"deletions":0}}},{"hash":"f4d82ab3593ebab50d9f7fdded8c47dc94318b08","isMergeCommit":false,"messageTitle":"Update UI","messageBody":"","fileTypesAndContributionMap":{"functional-code":{"insertions":20,"deletions":7},"test-code":{"insertions":8,"deletions":1}}},{"hash":"252c86529361a81285d589b8a703185ee2fc0183","isMergeCommit":false,"messageTitle":"Add testcases","messageBody":"","fileTypesAndContributionMap":{"test-code":{"insertions":28,"deletions":0}}},{"hash":"f10926f85216395515e8d7490f174c1d70af7b6e","isMergeCommit":false,"messageTitle":"Fix bugs","messageBody":"","fileTypesAndContributionMap":{"test-code":{"insertions":12,"deletions":6}}}]},{"date":"2023-10-25","commitResults":[{"hash":"13a1d0d693e919c7a472a8275da2133779fb8fd3","isMergeCommit":false,"messageTitle":"Add ViewCommand","messageBody":"","fileTypesAndContributionMap":{"functional-code":{"insertions":132,"deletions":9},"test-code":{"insertions":129,"deletions":0}}},{"hash":"d4814cd8bc686cf15bf02ed788c1f5543dba769f","isMergeCommit":false,"messageTitle":"Add Tag to DeveloperGuide.md","messageBody":"","fileTypesAndContributionMap":{"functional-code":{"insertions":2,"deletions":2},"docs":{"insertions":109,"deletions":30}}},{"hash":"ead3087180d2e3b9570ebe18e468b641237bc3bf","isMergeCommit":false,"messageTitle":"Follow checkstyle","messageBody":"","fileTypesAndContributionMap":{"docs":{"insertions":8,"deletions":8}}},{"hash":"6e4425edc4425af9fe9218d2ba7f493bb22013a1","isMergeCommit":false,"messageTitle":"Follow checkstyle","messageBody":"","fileTypesAndContributionMap":{"docs":{"insertions":1,"deletions":1}}},{"hash":"18033286b99d8acd1efe52a60099d89d24fba46d","isMergeCommit":false,"messageTitle":"Improve test coverage","messageBody":"","fileTypesAndContributionMap":{"test-code":{"insertions":9,"deletions":2}}},{"hash":"fc1509accfe284413dca93a9795d944ae1351df7","isMergeCommit":false,"messageTitle":"Add ViewCommand to UserGuide.md","messageBody":"","fileTypesAndContributionMap":{"docs":{"insertions":16,"deletions":2}}}]},{"date":"2023-10-26","commitResults":[{"hash":"2fa6df4715fff1cc8b50ed16ae633a87765f497d","isMergeCommit":true,"messageTitle":"Merge pull request #98 from ngeeyonglim/add-comment-feature","messageBody":"Add-comment-feature","fileTypesAndContributionMap":{}},{"hash":"688e11914225c6d2d919a87d63af7f2673aa9b76","isMergeCommit":true,"messageTitle":"Merge pull request #95 from ngeeyonglim/add-classGrades-feature","messageBody":"Add interface for ClassGrades tracker classes","fileTypesAndContributionMap":{}},{"hash":"216d4260847bede263c588f03dbc416bc2543433","isMergeCommit":false,"messageTitle":"Fix TagCommand diagram","messageBody":"","fileTypesAndContributionMap":{"docs":{"insertions":5,"deletions":5}}},{"hash":"a0137507bdc1949937e1d920efe69f8db15c8918","isMergeCommit":true,"messageTitle":"Merge pull request #105 from YeoBohShin/branch-DG","messageBody":"Fix TagCommand diagram","fileTypesAndContributionMap":{}}]}],"Cikguseven":[{"date":"2023-10-03","commitResults":[{"hash":"47571dd1edc61940164c1268e637be5d8de8e20a","isMergeCommit":false,"messageTitle":"Add Skeletal PPP","messageBody":"","fileTypesAndContributionMap":{"docs":{"insertions":0,"deletions":0}}},{"hash":"da51c156adb99718a49fa59935fa68d4c123f8fe","isMergeCommit":false,"messageTitle":"Add Skeletal PPP","messageBody":"","fileTypesAndContributionMap":{"docs":{"insertions":24,"deletions":0}}},{"hash":"bbd571945afcf93fbbc804bf097b0a12a462af39","isMergeCommit":true,"messageTitle":"Merge pull request #24 from Cikguseven/skeletal-ppp","messageBody":"Add Skeletal PPP","fileTypesAndContributionMap":{}},{"hash":"34d8519e67a39185eb9b2e23e9ca6b8cf2bedc2c","isMergeCommit":true,"messageTitle":"Merge pull request #22 from LWZ19/add-skeletal-ppp","messageBody":"Add skeletal Project Portfolio Page for LWZ19. LGTM!","fileTypesAndContributionMap":{}},{"hash":"5517080434962333494278196862b72c9f02c6a0","isMergeCommit":true,"messageTitle":"Merge pull request #20 from LWZ19/change-README-content","messageBody":"Update README.md and docs/index.md. LGTM!","fileTypesAndContributionMap":{}},{"hash":"6029f8c4d97fff5fd9763841dddd1ac4039137cf","isMergeCommit":true,"messageTitle":"Merge pull request #23 from ChangruHenryQian/add-UI-mockup","messageBody":"Add a UI mockup of the intended final product. LGTM!","fileTypesAndContributionMap":{}},{"hash":"f1a2f2915df2b495e926e5793f36c4599165a008","isMergeCommit":false,"messageTitle":"Add User stories","messageBody":"","fileTypesAndContributionMap":{"docs":{"insertions":10,"deletions":8}}},{"hash":"8496beaf6d1d88d1666456cd42e70ecbca14bd59","isMergeCommit":false,"messageTitle":"Add use cases for developer\u0027s guide","messageBody":"","fileTypesAndContributionMap":{"docs":{"insertions":90,"deletions":8}}},{"hash":"c4420f673257a1f7f1129e05574bad0463f5d502","isMergeCommit":true,"messageTitle":"Merge pull request #27 from Cikguseven/DG","messageBody":"Add use cases to developer\u0027s guide","fileTypesAndContributionMap":{}},{"hash":"c0a80260b9c726632dfeb04ca0575adeb2741657","isMergeCommit":false,"messageTitle":"Add load feature in user guide","messageBody":"","fileTypesAndContributionMap":{"docs":{"insertions":12,"deletions":0}}},{"hash":"8f776271f3f2e8dcb6cf63bfd2e0683fa7ffa29c","isMergeCommit":true,"messageTitle":"Merge pull request #28 from Cikguseven/individual-ug","messageBody":"Add load feature in user guide","fileTypesAndContributionMap":{}}]},{"date":"2023-10-04","commitResults":[{"hash":"efc53719d116f8e69ba0eb6f0b13feb446764703","isMergeCommit":true,"messageTitle":"Merge pull request #32 from ngeeyonglim/edit-developerguide","messageBody":"Edit developerguide","fileTypesAndContributionMap":{}},{"hash":"8a0955a6dc421f6184b4dc96c48ec13d9a3d3464","isMergeCommit":false,"messageTitle":"Update DG","messageBody":"","fileTypesAndContributionMap":{"docs":{"insertions":1,"deletions":1}}},{"hash":"e96685880fce8391e8c7902406d48057a6438f61","isMergeCommit":false,"messageTitle":"Update glossary of Developer guide","messageBody":"","fileTypesAndContributionMap":{"docs":{"insertions":0,"deletions":2}}},{"hash":"11272d476fae2145beedbbbb113264bab83c303b","isMergeCommit":true,"messageTitle":"Merge branch \u0027master\u0027 into DG","messageBody":"","fileTypesAndContributionMap":{}},{"hash":"7a8d8af15ebf90e35375971eee651ad69e7e1281","isMergeCommit":false,"messageTitle":"Fix User guide and Developer guide","messageBody":"","fileTypesAndContributionMap":{"docs":{"insertions":3,"deletions":3}}},{"hash":"562c5c595847684d71e3146761ae4b6879e4886c","isMergeCommit":false,"messageTitle":"Update DeveloperGuide.md","messageBody":"","fileTypesAndContributionMap":{"docs":{"insertions":2,"deletions":2}}}]},{"date":"2023-10-05","commitResults":[{"hash":"c19470cf719211526bbf14371711a55e69c18a8a","isMergeCommit":false,"messageTitle":"Fix User Guide","messageBody":"","fileTypesAndContributionMap":{"docs":{"insertions":1,"deletions":1}}},{"hash":"9b7e87c7259e15c82e209856123b7a98a63b0b1a","isMergeCommit":true,"messageTitle":"Merge pull request #37 from Cikguseven/master","messageBody":"Fix User Guide","fileTypesAndContributionMap":{}}]},{"date":"2023-10-12","commitResults":[{"hash":"fdff6f09d34dce6678f553960de26427349d66e0","isMergeCommit":false,"messageTitle":"Add load command based on remark tutorial.","messageBody":"","fileTypesAndContributionMap":{"functional-code":{"insertions":97,"deletions":1},"docs":{"insertions":1,"deletions":1}}},{"hash":"2eebe3812f87df56f63eba223428df62ccaa0418","isMergeCommit":false,"messageTitle":"Work in progress for load command","messageBody":"","fileTypesAndContributionMap":{"functional-code":{"insertions":52,"deletions":27},"docs":{"insertions":1,"deletions":1}}},{"hash":"801564cd20cd91b1a9873b086346e354f04789aa","isMergeCommit":false,"messageTitle":"WIP load command","messageBody":"","fileTypesAndContributionMap":{"functional-code":{"insertions":9,"deletions":4}}},{"hash":"b15c7d5b8162c4235d653f7c4bc3e5026385b718","isMergeCommit":true,"messageTitle":"Add load command that works","messageBody":"","fileTypesAndContributionMap":{}},{"hash":"a64cbefea1e84af3b3fb750f44b69a828c0d3d40","isMergeCommit":false,"messageTitle":"Fix checkstyle","messageBody":"","fileTypesAndContributionMap":{"functional-code":{"insertions":5,"deletions":2}}},{"hash":"4c0b85abbca8dd73c92bced98c50b6b42fee9a20","isMergeCommit":false,"messageTitle":"Rename app window to Class Manager 2023","messageBody":"","fileTypesAndContributionMap":{"functional-code":{"insertions":1,"deletions":1}}},{"hash":"8b7274aae130dd2827ba5c37695be4cb6afe61ad","isMergeCommit":false,"messageTitle":"Update status bar footer upon successful file load","messageBody":"","fileTypesAndContributionMap":{"functional-code":{"insertions":26,"deletions":6}}},{"hash":"d76632774874e6a60777dd10f0d803becda5ac91","isMergeCommit":false,"messageTitle":"Fix checkstyle","messageBody":"","fileTypesAndContributionMap":{"test-code":{"insertions":7,"deletions":7}}}]},{"date":"2023-10-13","commitResults":[{"hash":"322d4a74bed4d6c83d1f1eb9ad4937863ecbfb0e","isMergeCommit":true,"messageTitle":"Merge upstream to branch","messageBody":"","fileTypesAndContributionMap":{}},{"hash":"4ebfc6f8a46724a31fbe26b084a7559e0e93dc48","isMergeCommit":false,"messageTitle":"Add load command tests","messageBody":"","fileTypesAndContributionMap":{"functional-code":{"insertions":20,"deletions":20},"test-code":{"insertions":84,"deletions":12}}}]},{"date":"2023-10-14","commitResults":[{"hash":"e05fcd5655886f9f130d86f5ab1b538c1643019a","isMergeCommit":true,"messageTitle":"Add test cases for load command parser","messageBody":"","fileTypesAndContributionMap":{}},{"hash":"77807ab38c3ce0ae35ac708c28032989b9ee55ab","isMergeCommit":false,"messageTitle":"Fix load command test","messageBody":"","fileTypesAndContributionMap":{"test-code":{"insertions":3,"deletions":1}}},{"hash":"6911b2e0e06243edec7daa3644336bc38e0481ba","isMergeCommit":false,"messageTitle":"Add test for AddressBookParser","messageBody":"","fileTypesAndContributionMap":{"docs":{"insertions":1,"deletions":1},"test-code":{"insertions":13,"deletions":0}}},{"hash":"835babf29835295865edff866ab52b9357a68c59","isMergeCommit":false,"messageTitle":"Add equals test for load command","messageBody":"","fileTypesAndContributionMap":{"test-code":{"insertions":30,"deletions":0}}},{"hash":"ca88cee2d15f884d342ec8e57de0cfe12868db74","isMergeCommit":true,"messageTitle":"Merge pull request #56 from ChangruHenryQian/modify-delete-using-student-number","messageBody":"Modify delete using student number","fileTypesAndContributionMap":{}},{"hash":"dbcfe3ee0163e624fa61812b4423dce2a91550e8","isMergeCommit":false,"messageTitle":"Rename product to Class Manager 2023 (CM 23 for short)","messageBody":"","fileTypesAndContributionMap":{"docs":{"insertions":18,"deletions":18}}},{"hash":"7874ff751de7f253e1dd6c7b000456a334ccdd64","isMergeCommit":false,"messageTitle":"Rename studentnumber and classnumber","messageBody":"","fileTypesAndContributionMap":{"functional-code":{"insertions":46,"deletions":47},"docs":{"insertions":2,"deletions":2},"test-code":{"insertions":206,"deletions":206}}},{"hash":"477a6db9674cda970986b40e375fca9489beea9a","isMergeCommit":true,"messageTitle":"Merge pull request #63 from Cikguseven/master","messageBody":"Renaming of product, STUDENTNUMBER and CLASSNUMBER","fileTypesAndContributionMap":{}}]},{"date":"2023-10-17","commitResults":[{"hash":"757ae33bbb877ad4bfba6627aa8925dfac8bea13","isMergeCommit":true,"messageTitle":"Merge pull request #73 from ngeeyonglim/add-classGrades-feature","messageBody":"Add class grades feature","fileTypesAndContributionMap":{}}]},{"date":"2023-10-18","commitResults":[{"hash":"1f0cbe5ea7c0d24e4f3bd49a4d21bf19c8a810f4","isMergeCommit":false,"messageTitle":"Add config command","messageBody":"","fileTypesAndContributionMap":{"functional-code":{"insertions":210,"deletions":62},"docs":{"insertions":7,"deletions":7},"test-code":{"insertions":2,"deletions":2}}},{"hash":"cadf66016a8bdbec5634aa034902f5c0e8000cdf","isMergeCommit":false,"messageTitle":"Fix existing test cases","messageBody":"","fileTypesAndContributionMap":{"functional-code":{"insertions":106,"deletions":36},"test-code":{"insertions":42,"deletions":18}}},{"hash":"3cc8d311ebb09c9d233aeb560c5417cccf3deb8f","isMergeCommit":false,"messageTitle":"Add test cases for Config command","messageBody":"","fileTypesAndContributionMap":{"functional-code":{"insertions":82,"deletions":30},"test-code":{"insertions":149,"deletions":8}}},{"hash":"c57127e83167c24582cc5324a3c991ac8ed29890","isMergeCommit":false,"messageTitle":"Add more test cases for hash code","messageBody":"","fileTypesAndContributionMap":{"functional-code":{"insertions":16,"deletions":11},"test-code":{"insertions":275,"deletions":1}}},{"hash":"2b2e04ef11cc8fcb6efa85debf2fe8a418529aab","isMergeCommit":false,"messageTitle":"Updated commit to force codecov","messageBody":"","fileTypesAndContributionMap":{"functional-code":{"insertions":0,"deletions":2}}},{"hash":"8cd3ec5b8e5593c8741c6d1ddecc103c345a3317","isMergeCommit":false,"messageTitle":"Add more test cases","messageBody":"","fileTypesAndContributionMap":{"test-code":{"insertions":13,"deletions":5}}},{"hash":"f2e2734032e9fc2748f8d3f796c49523ec4dcab8","isMergeCommit":true,"messageTitle":"Merge pull request #83 from YeoBohShin/master","messageBody":"Update EditCommand","fileTypesAndContributionMap":{}},{"hash":"39b1cde675bf8facf54aa53508e69025b24174a2","isMergeCommit":true,"messageTitle":"Merge branch \u0027master\u0027 into config","messageBody":"","fileTypesAndContributionMap":{}},{"hash":"77bf36c33d6543ddbbbc834d449ef989989742ce","isMergeCommit":true,"messageTitle":"Resolve merge conflicts","messageBody":"","fileTypesAndContributionMap":{}},{"hash":"b5b503ae6a75650ec62aa082b4d9751c29f5769d","isMergeCommit":true,"messageTitle":"Resolve merge conflict","messageBody":"","fileTypesAndContributionMap":{}},{"hash":"42308bd025425aae32e5653e79c920d6bd6344c0","isMergeCommit":false,"messageTitle":"Fix formatting of command messages","messageBody":"","fileTypesAndContributionMap":{"functional-code":{"insertions":16,"deletions":18},"docs":{"insertions":11,"deletions":0}}},{"hash":"09e3566add4909e50b2fbf1605b6039a40e823ed","isMergeCommit":false,"messageTitle":"Update user guide","messageBody":"","fileTypesAndContributionMap":{"functional-code":{"insertions":1,"deletions":1},"test-code":{"insertions":5,"deletions":3}}}]},{"date":"2023-10-24","commitResults":[{"hash":"51fc593b03315587ac396a300d146d7ebb41a61a","isMergeCommit":true,"messageTitle":"Merge pull request #94 from ngeeyonglim/edit-developerguide","messageBody":"Edit developerguide","tags":["v1.3.trial"],"fileTypesAndContributionMap":{}}]},{"date":"2023-10-25","commitResults":[{"hash":"ca2daddd2d213e46d2d7b55ef758cdfdd5effc82","isMergeCommit":true,"messageTitle":"Merge pull request #100 from YeoBohShin/branch-DG","messageBody":"Add Tag to DeveloperGuide.md","fileTypesAndContributionMap":{}},{"hash":"1e2466023003981b92f694b586e7f66eb1f10302","isMergeCommit":false,"messageTitle":"Update Developer Guide","messageBody":"","fileTypesAndContributionMap":{"functional-code":{"insertions":1,"deletions":1},"other":{"insertions":4,"deletions":0},"docs":{"insertions":116,"deletions":29}}},{"hash":"ab74eaa02b0b78a00e9bdaf93acac48ba043b708","isMergeCommit":true,"messageTitle":"Merge pull request #101 from YeoBohShin/branch-userguide","messageBody":"Add ViewCommand to UserGuide.md","fileTypesAndContributionMap":{}},{"hash":"427c757b120428554016f6108df5c343354707da","isMergeCommit":true,"messageTitle":"Merge branch \u0027master\u0027 into DG-draft-251023","messageBody":"","fileTypesAndContributionMap":{}},{"hash":"e80382abae14c4e860d8d50ae50d7f34fa95d24e","isMergeCommit":true,"messageTitle":"Merge pull request #103 from Cikguseven/DG-draft-251023","messageBody":"Update Developer Guide","fileTypesAndContributionMap":{}}]},{"date":"2023-10-26","commitResults":[{"hash":"7ac250d93c545662b8d90bebefc231cabd93c4f4","isMergeCommit":true,"messageTitle":"Merge pull request #99 from YeoBohShin/branch-viewcommand","messageBody":"Add ViewCommand","fileTypesAndContributionMap":{}},{"hash":"cac6cd34fc828a3b07afe1db895a9255dc4ab345","isMergeCommit":true,"messageTitle":"Merge pull request #104 from ngeeyonglim/user-guide","messageBody":"Add comment function to userguide","fileTypesAndContributionMap":{}}]}],"ngeeyonglim":[{"date":"2023-10-02","commitResults":[{"hash":"ff477e17532fbfea77a85e21d5d96045d1eed26c","isMergeCommit":false,"messageTitle":"Edit Developer Guide","messageBody":"Make target user profile more specific\nChange Value proposition\nAdd user stories\nAdd non functional requirements\n","fileTypesAndContributionMap":{"docs":{"insertions":37,"deletions":12}}}]},{"date":"2023-10-04","commitResults":[{"hash":"c14c76bf62ee15f83590233d3e8b0b3ba557c11c","isMergeCommit":true,"messageTitle":"Merge branch \u0027master\u0027 into edit-developerguide","messageBody":"","fileTypesAndContributionMap":{}},{"hash":"e3b8e84dda1cc14a4eb90867afee429f13ac1e83","isMergeCommit":false,"messageTitle":"Edit User Guide to update Add function","messageBody":"","fileTypesAndContributionMap":{"docs":{"insertions":9,"deletions":4}}},{"hash":"2ebafe1105b2ef45b9984785a7d1cbb326a18ee2","isMergeCommit":true,"messageTitle":"Merge pull request #31 from ngeeyonglim/user-guide","messageBody":"Edit User Guide to update Add function","fileTypesAndContributionMap":{}},{"hash":"49c76ef3a0edaa6c240bb9a4eecef6f6175f5075","isMergeCommit":true,"messageTitle":"Merge pull request #30 from ngeeyonglim/edit-developerguide","messageBody":"Edit Developer Guide","fileTypesAndContributionMap":{}},{"hash":"ff0d0af0fa37a49c7f348e637f82a4cced80f6eb","isMergeCommit":true,"messageTitle":"Merge branch \u0027master\u0027 of https://github.com/AY2324S1-CS2103T-T11-1/tp into user-guide","messageBody":"* \u0027master\u0027 of https://github.com/AY2324S1-CS2103T-T11-1/tp: (24 commits)\n  Update UserGuide\n  Add tag function to userguide\n  Add load feature in user guide\n  Add use cases for developer\u0027s guide\n  Add User stories\n  Update AboutUs\n  Add Skeletal PPP\n  Add Skeletal PPP\n  Fix bugs in testing\n  Add more test\n  Conform to chechstyle\n  Conform to checkstyle\n  Add more tests\n  Add a UI mockup of the intended final product\n  Add skeletal Project Portfolio Page for LWZ19\n  Edit Developer Guide\n  Add test\n  Change the content in index.md\n  Update AboutUs\n  Change the content of README.md\n  ...\n","fileTypesAndContributionMap":{}},{"hash":"172252596e174226bccaace9744e8ee71600cc20","isMergeCommit":false,"messageTitle":"Edit Developer Guide to add glossary","messageBody":"","fileTypesAndContributionMap":{"docs":{"insertions":33,"deletions":30}}},{"hash":"9c0f6300742e4482d40d7227d12adbee181af27a","isMergeCommit":true,"messageTitle":"Merge branch \u0027master\u0027 into edit-developerguide","messageBody":"* master: (25 commits)\n  Edit Developer Guide to add glossary\n  Edit User Guide to update Add function\n  Update UserGuide\n  Add tag function to userguide\n  Add load feature in user guide\n  Add use cases for developer\u0027s guide\n  Add User stories\n  Update AboutUs\n  Add Skeletal PPP\n  Add Skeletal PPP\n  Fix bugs in testing\n  Add more test\n  Conform to chechstyle\n  Conform to checkstyle\n  Add more tests\n  Add a UI mockup of the intended final product\n  Add skeletal Project Portfolio Page for LWZ19\n  Add test\n  Change the content in index.md\n  Update AboutUs\n  ...\n","fileTypesAndContributionMap":{}},{"hash":"395290762ae4cf94b61000b1df696d45dda8d81b","isMergeCommit":true,"messageTitle":"Merge pull request #33 from Cikguseven/DG","messageBody":"","fileTypesAndContributionMap":{}}]},{"date":"2023-10-09","commitResults":[{"hash":"a6e43287ac9cc4c2a315af8398759367ddd339f3","isMergeCommit":false,"messageTitle":"Add classes for add function","messageBody":"Add StudentManager and ClassManager class\n\nEdit dependencies\n","fileTypesAndContributionMap":{"functional-code":{"insertions":309,"deletions":146}}}]},{"date":"2023-10-10","commitResults":[{"hash":"8d459ae09aaa00fb8367fd191cc77e6ac4f4c736","isMergeCommit":false,"messageTitle":"Add test cases for add function","messageBody":"","fileTypesAndContributionMap":{"functional-code":{"insertions":31,"deletions":33},"test-code":{"insertions":442,"deletions":220}}}]},{"date":"2023-10-15","commitResults":[{"hash":"0ecc1bb69d9f9fe85208948f8784442daf342695","isMergeCommit":false,"messageTitle":"Edit StudentNumber class method","messageBody":"Change the variable name to be a better description\n","fileTypesAndContributionMap":{"functional-code":{"insertions":2,"deletions":2}}},{"hash":"450c154eb7c720ff1a6909f652f08effeda66005","isMergeCommit":true,"messageTitle":"Merge branch \u0027master\u0027 of https://github.com/AY2324S1-CS2103T-T11-1/tp","messageBody":"* \u0027master\u0027 of https://github.com/AY2324S1-CS2103T-T11-1/tp: (53 commits)\n  Revert License\n  Refactor Person into Student\n  Refactor Person into Student\n  Rename studentnumber and classnumber\n  Rename product to Class Manager 2023 (CM 23 for short)\n  Add test cases\n  Refactor arePrefixesPresent function\n  Finish changing delete\n  Update test cases\n  Improve code quality\n  Add equals test for load command\n  Add test for AddressBookParser\n  Fix load command test\n  Update UserGuide.md\n  Fix json file formatting\n  Add load command tests\n  Update TagCommand\n  Modify delete to using student number\n  Start modifying delete\n  Update lookup command UG\n  ...\n","fileTypesAndContributionMap":{}},{"hash":"f5d430d24bd53f9cf65008598e86867689585cf9","isMergeCommit":true,"messageTitle":"Merge branch \u0027master\u0027 into add-function","messageBody":"* master: (51 commits)\n  Revert License\n  Refactor Person into Student\n  Refactor Person into Student\n  Rename studentnumber and classnumber\n  Rename product to Class Manager 2023 (CM 23 for short)\n  Add test cases\n  Refactor arePrefixesPresent function\n  Finish changing delete\n  Update test cases\n  Improve code quality\n  Add equals test for load command\n  Add test for AddressBookParser\n  Fix load command test\n  Update UserGuide.md\n  Fix json file formatting\n  Add load command tests\n  Update TagCommand\n  Modify delete to using student number\n  Start modifying delete\n  Update lookup command UG\n  ...\n","fileTypesAndContributionMap":{}},{"hash":"21522e42891023a7418fe2680769e9e90ef9d56b","isMergeCommit":false,"messageTitle":"Change ClassNumber to ClassDetails","messageBody":"To facilitate the addition of class grades attributes in the class details class.\n","fileTypesAndContributionMap":{"functional-code":{"insertions":71,"deletions":71},"other":{"insertions":10,"deletions":10},"test-code":{"insertions":120,"deletions":120}}}]},{"date":"2023-10-17","commitResults":[{"hash":"6c6b24087c414a2a6035f22fbbab5033827f1e44","isMergeCommit":true,"messageTitle":"Merge pull request #72 from YeoBohShin/master","messageBody":"Added Assignments","fileTypesAndContributionMap":{}},{"hash":"f84f480950c535f82187b5a76ff5f554437d8ae1","isMergeCommit":true,"messageTitle":"Merge branch \u0027master\u0027 of https://github.com/AY2324S1-CS2103T-T11-1/tp","messageBody":"* \u0027master\u0027 of https://github.com/AY2324S1-CS2103T-T11-1/tp:\n  Added Assignments\n","fileTypesAndContributionMap":{}},{"hash":"bf8bd8273aeef400e10fc8d6775f2a0c82292ca9","isMergeCommit":false,"messageTitle":"Add Attendance and ClassParticipation classes","messageBody":"Added tracker class and test classes.\n","fileTypesAndContributionMap":{"functional-code":{"insertions":272,"deletions":0},"test-code":{"insertions":237,"deletions":0}}},{"hash":"48cbf999dd71f63f4ee45b81e8b90c7102639d3d","isMergeCommit":false,"messageTitle":"Edit code quality and imports","messageBody":"","fileTypesAndContributionMap":{"functional-code":{"insertions":3,"deletions":3},"test-code":{"insertions":4,"deletions":4}}},{"hash":"e8e6ce31179406e50b3db6a1deb73611edb9a69e","isMergeCommit":false,"messageTitle":"Edits to the code quality","messageBody":"","fileTypesAndContributionMap":{"functional-code":{"insertions":3,"deletions":3}}}]},{"date":"2023-10-18","commitResults":[{"hash":"b20aff58c5a9d893292ae557fe40fac9618e706d","isMergeCommit":true,"messageTitle":"Merge pull request #82 from Cikguseven/config","messageBody":"Add Config command","fileTypesAndContributionMap":{}}]},{"date":"2023-10-23","commitResults":[{"hash":"61b3ede51dcc4ddecac89fbbe8af1fe78cda5a65","isMergeCommit":false,"messageTitle":"Add visualisation for class grades","messageBody":"Add in FXML files and UI files to display class grades.\n","fileTypesAndContributionMap":{"functional-code":{"insertions":160,"deletions":5},"test-code":{"insertions":189,"deletions":0}}},{"hash":"3657c1b93553b175cbd3ecd60665ab4baff41921","isMergeCommit":false,"messageTitle":"Change exceptions to assertions","messageBody":"For defensive programming purposes.\n","fileTypesAndContributionMap":{"functional-code":{"insertions":12,"deletions":23}}},{"hash":"a94886f17e36bbfab1c578b9d4d7e96b4b3027ba","isMergeCommit":true,"messageTitle":"Merge branch \u0027master\u0027 into data-visualisation","messageBody":"","fileTypesAndContributionMap":{}},{"hash":"181c6e44da43cc1d6b49b09b28554bdd4cfd4e2f","isMergeCommit":false,"messageTitle":"Add Class Details to DeveloperGuide","messageBody":"","fileTypesAndContributionMap":{"docs":{"insertions":151,"deletions":0}}},{"hash":"2a930b3b6fec43ac92d14677c536028ed1e6beec","isMergeCommit":true,"messageTitle":"Merge branch \u0027master\u0027 into edit-developerguide","messageBody":"","fileTypesAndContributionMap":{}},{"hash":"c28585d1de29a58ee2f692e21dfcfa5f3be9af88","isMergeCommit":true,"messageTitle":"Merge branch \u0027master\u0027 into edit-developerguide","messageBody":"","fileTypesAndContributionMap":{}},{"hash":"e42c314f98de2e398a8f24491f3ee56b4549cb33","isMergeCommit":false,"messageTitle":"Add interface for ClassGrades tracker classes","messageBody":"","fileTypesAndContributionMap":{"functional-code":{"insertions":29,"deletions":9}}},{"hash":"5fba88e14fb635ce486373861e53b966a146df37","isMergeCommit":false,"messageTitle":"Update Tracker.java","messageBody":"","fileTypesAndContributionMap":{"functional-code":{"insertions":3,"deletions":0}}},{"hash":"d1102edad9d0e8548f1f9399c75346299e97ecfc","isMergeCommit":false,"messageTitle":"Edit for checkstyle","messageBody":"","fileTypesAndContributionMap":{"docs":{"insertions":3,"deletions":3}}}]},{"date":"2023-10-24","commitResults":[{"hash":"38baca2839fe07387cb992559def1bc33c9b849f","isMergeCommit":true,"messageTitle":"Merge pull request #96 from YeoBohShin/branch-ui","messageBody":"","fileTypesAndContributionMap":{}}]},{"date":"2023-10-25","commitResults":[{"hash":"c7573e4511ec855a875ca889a7064c1b14760665","isMergeCommit":false,"messageTitle":"Add-comment-feature","messageBody":"","fileTypesAndContributionMap":{"functional-code":{"insertions":287,"deletions":22},"test-code":{"insertions":219,"deletions":14}}},{"hash":"a10cef89c1b606546872b4c08bf218299a90aa83","isMergeCommit":false,"messageTitle":"Add Test cases","messageBody":"","fileTypesAndContributionMap":{"functional-code":{"insertions":3,"deletions":8},"test-code":{"insertions":43,"deletions":1}}}]},{"date":"2023-10-26","commitResults":[{"hash":"236693defe7df89d7b403aaac95996fb6168255d","isMergeCommit":false,"messageTitle":"Add comment function to userguide","messageBody":"","fileTypesAndContributionMap":{"docs":{"insertions":18,"deletions":1}}},{"hash":"a142f13a941b0b4c0a6ba862e88839e04b2007d1","isMergeCommit":true,"messageTitle":"Merge branch \u0027master\u0027 into user-guide","messageBody":"","fileTypesAndContributionMap":{}}]}],"LWZ19":[{"date":"2023-09-22","commitResults":[{"hash":"2147490acf863ce4dc00d8f4ec15826638531c8f","isMergeCommit":false,"messageTitle":"Update title in site.json and default.md","messageBody":"","fileTypesAndContributionMap":{"docs":{"insertions":1,"deletions":1}}},{"hash":"726e2e2d41528b9d10a19273bfec5e5bd32d7b44","isMergeCommit":true,"messageTitle":"Merge pull request #3 from LWZ19/master","messageBody":"Update config in docs to match repo","fileTypesAndContributionMap":{}}]},{"date":"2023-10-02","commitResults":[{"hash":"3f53ae2cd312f623a0a64d9b883ead8bc51c6820","isMergeCommit":false,"messageTitle":"Change the content of README.md","messageBody":"Change the descriptions to match our team project.\nChange the link of the GitHub Actions build status badge.\n","fileTypesAndContributionMap":{"docs":{"insertions":5,"deletions":9}}},{"hash":"745d263ff1fcbadf964a57dfce8b4a7663a63296","isMergeCommit":false,"messageTitle":"Change the content in index.md","messageBody":"","fileTypesAndContributionMap":{"docs":{"insertions":9,"deletions":8}}},{"hash":"2ad8906b1fdd4fb234608b9f57d5da84be9df2f9","isMergeCommit":false,"messageTitle":"Add skeletal Project Portfolio Page for LWZ19","messageBody":"","fileTypesAndContributionMap":{"docs":{"insertions":52,"deletions":0}}}]},{"date":"2023-10-04","commitResults":[{"hash":"b926c78b3e470353406f2b79a97cd79aad464102","isMergeCommit":false,"messageTitle":"Update quick start and help in UG","messageBody":"","fileTypesAndContributionMap":{"functional-code":{"insertions":1,"deletions":1},"docs":{"insertions":18,"deletions":15}}},{"hash":"09f8ee494a3eb5e1d9e5fbb97073f4f2a9a4ca00","isMergeCommit":false,"messageTitle":"Update UG to include \u0027lookup\u0027 command","messageBody":"","fileTypesAndContributionMap":{"docs":{"insertions":29,"deletions":17}}},{"hash":"290a345cbe11c47bb457e03cf521adc8fe46289b","isMergeCommit":true,"messageTitle":"Merge pull request #34 from LWZ19/update-find-user-guide","messageBody":"Update user guide for \u0027lookup\u0027 command","fileTypesAndContributionMap":{}}]},{"date":"2023-10-05","commitResults":[{"hash":"aa1fb6380518c648c58ad66e65f019731f9177fd","isMergeCommit":false,"messageTitle":"Fix minor bug in UG","messageBody":"","fileTypesAndContributionMap":{"docs":{"insertions":2,"deletions":2}}},{"hash":"8bacf56f21b08a3ead58d49b46db9703f424c2c9","isMergeCommit":true,"messageTitle":"Merge pull request #36 from LWZ19/fix-ug-minor-issue","messageBody":"Fix minor bug in UG","fileTypesAndContributionMap":{}}]},{"date":"2023-10-13","commitResults":[{"hash":"c21d291d44b3ff22641c8c8bdbf4dfdf916a5b4c","isMergeCommit":false,"messageTitle":"Add lookup command to class manager","messageBody":"This feature is more powerful the the find command in the\noriginal AB3, it allows user to find and list students based\non the keyword they provided, not limited to only names.\n","fileTypesAndContributionMap":{"functional-code":{"insertions":263,"deletions":1},"docs":{"insertions":7,"deletions":7}}},{"hash":"4df894cdc97f1e6c9e1ddad3a1197a14c488d714","isMergeCommit":false,"messageTitle":"Fix some UG bugs","messageBody":"","fileTypesAndContributionMap":{"functional-code":{"insertions":6,"deletions":5},"docs":{"insertions":6,"deletions":6}}},{"hash":"50b00df1dc84d94721fa0fb8876cc86d8564342c","isMergeCommit":false,"messageTitle":"Add Junit tests","messageBody":"Junit tests is added for LookupCommand, LookupCommandParser, and\nPersonContainsKeywordsPredicate.\n","fileTypesAndContributionMap":{"test-code":{"insertions":280,"deletions":1}}},{"hash":"3d2a9606343f35acab546580a6ff80f8c7b18a8d","isMergeCommit":false,"messageTitle":"Fix style issues in Junit tests","messageBody":"","fileTypesAndContributionMap":{"test-code":{"insertions":28,"deletions":24}}},{"hash":"7f7980e3ea9c7fda1393db64c27f68d62966047e","isMergeCommit":false,"messageTitle":"Isolate original find command from class manager","messageBody":"Moved the NameContainsKeywordsPredicate into the test package,\nsince it is not needed anymore in the main program.\n","fileTypesAndContributionMap":{"functional-code":{"insertions":0,"deletions":4},"test-code":{"insertions":54,"deletions":13}}},{"hash":"5ce3f480f7ed2f746d393316eea76013e4bcc594","isMergeCommit":false,"messageTitle":"Delete find command","messageBody":"The lookup command will be the replacement of the find command.\n","fileTypesAndContributionMap":{"functional-code":{"insertions":1,"deletions":136},"other":{"insertions":1,"deletions":3},"docs":{"insertions":1,"deletions":1},"test-code":{"insertions":0,"deletions":125}}},{"hash":"55b699f9e01df9cb3349aaa651f8e0153600b379","isMergeCommit":false,"messageTitle":"Update lookup command UG","messageBody":"","fileTypesAndContributionMap":{"docs":{"insertions":4,"deletions":2}}}]},{"date":"2023-10-14","commitResults":[{"hash":"582747687fd10ec5e9159b19b0267a0aeed44460","isMergeCommit":true,"messageTitle":"Merge pull request #52 from YeoBohShin/master","messageBody":"Add add/delete function to TagCommand","fileTypesAndContributionMap":{}}]},{"date":"2023-10-16","commitResults":[{"hash":"d94ddb7e92996432d857c0fc00e468ae6e084110","isMergeCommit":false,"messageTitle":"Modify lookup command","messageBody":"The lookup command is modified to be able to take more than one\nkeyword for each prefix.\n","fileTypesAndContributionMap":{"functional-code":{"insertions":74,"deletions":65}}},{"hash":"a62a10e1a3371b2c794e070271d6018c30889e47","isMergeCommit":false,"messageTitle":"Modify Junit tests","messageBody":"To accommodates the new change to load command\n","fileTypesAndContributionMap":{"functional-code":{"insertions":5,"deletions":6},"test-code":{"insertions":52,"deletions":32}}},{"hash":"cc74216a19a0daab4d5f74af6d5dc52ac7fffe55","isMergeCommit":false,"messageTitle":"Update lookup command in UG","messageBody":"","fileTypesAndContributionMap":{"docs":{"insertions":4,"deletions":5}}}]},{"date":"2023-10-18","commitResults":[{"hash":"8acc96cffd4303dda98d1535d97603d1a27c717d","isMergeCommit":false,"messageTitle":"Add SetGradeCommand feature","messageBody":"","fileTypesAndContributionMap":{"functional-code":{"insertions":156,"deletions":1}}},{"hash":"48cfb1a9909d6b100d495c65f2425cd965746206","isMergeCommit":false,"messageTitle":"Add RecordClassPartCommand feature","messageBody":"","fileTypesAndContributionMap":{"functional-code":{"insertions":216,"deletions":14}}},{"hash":"ef4590478ce597d9f4ac1a056e49e2e22e725272","isMergeCommit":false,"messageTitle":"Add capability to store class detail in JSON","messageBody":"","fileTypesAndContributionMap":{"functional-code":{"insertions":164,"deletions":6}}},{"hash":"1e2b6ed23af14dcba8ef36871421b138776254ef","isMergeCommit":false,"messageTitle":"Add test case for JsonAdaptedClassDetails","messageBody":"","fileTypesAndContributionMap":{"functional-code":{"insertions":67,"deletions":21},"test-code":{"insertions":93,"deletions":12}}}]},{"date":"2023-10-19","commitResults":[{"hash":"c1e4f220e880c9ded90be38e4674927e2125d6aa","isMergeCommit":false,"messageTitle":"Add Junit tests for the parser commands","messageBody":"","fileTypesAndContributionMap":{"functional-code":{"insertions":10,"deletions":4},"test-code":{"insertions":222,"deletions":0}}},{"hash":"03e68f90588687654dde31a1ebd11c962b738226","isMergeCommit":false,"messageTitle":"Add Junit tests for SetGrade and RecordClassPart command","messageBody":"","fileTypesAndContributionMap":{"functional-code":{"insertions":2,"deletions":2},"test-code":{"insertions":275,"deletions":0}}},{"hash":"83adc7156fcf0ae9cea1b3bb9e20744158f80bb3","isMergeCommit":true,"messageTitle":"Merge branch \u0027master\u0027 into add-setgrade-and-recordclasspart-command","messageBody":"# Conflicts:\n#\tsrc/main/java/seedu/address/logic/parser/AddressBookParser.java\n#\tsrc/main/java/seedu/address/logic/parser/CliSyntax.java\n#\tsrc/main/java/seedu/address/model/student/ClassDetails.java\n#\tsrc/main/java/seedu/address/storage/JsonAdaptedStudent.java\n","fileTypesAndContributionMap":{}},{"hash":"d2ea16c202fded0bf2b0c9197f853226b8ea41c7","isMergeCommit":false,"messageTitle":"Fix integration bug between config and store class detail","messageBody":"The tutorial and assignment count is not stored after\nexecuting config command.\n\nThis change include\n- A default count number so that the test cases\n  do not fail because of arrays of length 0.\n- Store the count values inside preference.json, and it is loaded\n  when every the app starts.\n- Made the trackers not immutable to allow for change in size.\n","fileTypesAndContributionMap":{"functional-code":{"insertions":82,"deletions":9},"test-code":{"insertions":17,"deletions":1}}},{"hash":"d1ca514028719a6f901e6df09e398591ea6ad8d3","isMergeCommit":false,"messageTitle":"Add more Junit tests","messageBody":"","fileTypesAndContributionMap":{"functional-code":{"insertions":3,"deletions":8},"test-code":{"insertions":128,"deletions":1}}},{"hash":"24008ab94bd7377bdaf4d800bed7cebdbe119a14","isMergeCommit":true,"messageTitle":"Merge pull request #78 from ChangruHenryQian/add-feature-mark-attendance","messageBody":"Add feature mark attendance","fileTypesAndContributionMap":{}},{"hash":"0acc833d6589aead3575bf8db4bacc6c9102b0c5","isMergeCommit":true,"messageTitle":"Merge branch \u0027master\u0027 into add-setgrade-and-recordclasspart-command","messageBody":"# Conflicts:\n#\tsrc/main/java/seedu/address/logic/parser/AddressBookParser.java\n#\tsrc/main/java/seedu/address/model/student/ClassDetails.java\n#\tsrc/main/java/seedu/address/model/student/grades/AttendanceTracker.java\n","fileTypesAndContributionMap":{}},{"hash":"06bd2d78824539ab940fa575de3de355d2db7e9f","isMergeCommit":false,"messageTitle":"Fix minor bugs","messageBody":"","fileTypesAndContributionMap":{"functional-code":{"insertions":7,"deletions":8}}}]},{"date":"2023-10-23","commitResults":[{"hash":"0004b7a0aacfba5140bf3ee4304b9fbf9207f4c0","isMergeCommit":true,"messageTitle":"Merge pull request #93 from ngeeyonglim/data-visualisation","messageBody":"Add visualisation for class grades","fileTypesAndContributionMap":{}}]},{"date":"2023-10-25","commitResults":[{"hash":"52abc90874a88ccb03b1e3b61b923229dc207872","isMergeCommit":false,"messageTitle":"Add user guide for set-grade and record-part","messageBody":"","fileTypesAndContributionMap":{"docs":{"insertions":62,"deletions":13}}},{"hash":"673fcd49c49ac415ee3e2a3773ddcbf091361491","isMergeCommit":false,"messageTitle":"Rename default file","messageBody":"","fileTypesAndContributionMap":{"functional-code":{"insertions":1,"deletions":1}}},{"hash":"39daaf2eb7a125631fcb5dc47fcbe19706aa6b26","isMergeCommit":false,"messageTitle":"Add book logo","messageBody":"","fileTypesAndContributionMap":{"functional-code":{"insertions":2,"deletions":2},"test-code":{"insertions":1,"deletions":1}}}]},{"date":"2023-10-26","commitResults":[{"hash":"098519ae02eb999ec95a99574dc6624ccbcd0ce1","isMergeCommit":true,"messageTitle":"Merge branch \u0027master\u0027 into edit-ug-and-dg","messageBody":"# Conflicts:\n#\tdocs/DeveloperGuide.md\n#\tdocs/UserGuide.md\n","fileTypesAndContributionMap":{}},{"hash":"a096b2d9fb026950dddd0e4cc3a4f8d32b3f6761","isMergeCommit":false,"messageTitle":"Fix DG diagrams","messageBody":"","fileTypesAndContributionMap":{"docs":{"insertions":74,"deletions":100}}},{"hash":"a8d75c1cdc7f404b4a95e62c00afd06e89f22d2c","isMergeCommit":false,"messageTitle":"Fix more DG diagrams","messageBody":"","fileTypesAndContributionMap":{"docs":{"insertions":44,"deletions":32}}},{"hash":"7b30e7152793f23c9c00df8f85706202f6c1c6c3","isMergeCommit":true,"messageTitle":"Merge branch \u0027master\u0027 into edit-ug-and-dg","messageBody":"# Conflicts:\n#\tdocs/UserGuide.md\n","fileTypesAndContributionMap":{}},{"hash":"db492af20db6324c14c89a3731c88e062b4d76fc","isMergeCommit":true,"messageTitle":"Merge pull request #102 from LWZ19/edit-ug-and-dg","messageBody":"Edit UG and DG","fileTypesAndContributionMap":{}},{"hash":"33eb19f1b551c7ec315995d8937af38334d26944","isMergeCommit":false,"messageTitle":"Update website title","messageBody":"","fileTypesAndContributionMap":{"docs":{"insertions":1,"deletions":7}}},{"hash":"edd4fd8567c89718f908351fd691cb14f3046795","isMergeCommit":false,"messageTitle":"Add theme command","messageBody":"","fileTypesAndContributionMap":{"functional-code":{"insertions":474,"deletions":13},"test-code":{"insertions":28,"deletions":13}}},{"hash":"17bebb5f12291a5d6ce05cd52d6c5508db17b382","isMergeCommit":false,"messageTitle":"Edit LightTheme","messageBody":"","fileTypesAndContributionMap":{"functional-code":{"insertions":96,"deletions":57}}}]},{"date":"2023-10-27","commitResults":[{"hash":"faf63281a7745604a4f0036510d8dfefdf55cac1","isMergeCommit":false,"messageTitle":"Fix help window theme","messageBody":"","fileTypesAndContributionMap":{"functional-code":{"insertions":44,"deletions":10},"other":{"insertions":2,"deletions":0}}},{"hash":"5ddf1d2b0d04c0f55e781d5e56c892b678c22ace","isMergeCommit":false,"messageTitle":"Fix Junit test","messageBody":"","fileTypesAndContributionMap":{"test-code":{"insertions":10,"deletions":0}}},{"hash":"0280cf75dcf75617d85c9530819b6a8dedd1cb2d","isMergeCommit":false,"messageTitle":"Add Junit test","messageBody":"","fileTypesAndContributionMap":{"functional-code":{"insertions":0,"deletions":3},"test-code":{"insertions":68,"deletions":13}}},{"hash":"0bab14e1b0a46108e33f851bc8f3d984c0fbae45","isMergeCommit":false,"messageTitle":"Add more Junit tests","messageBody":"","fileTypesAndContributionMap":{"test-code":{"insertions":57,"deletions":0}}},{"hash":"553049297e9bd2a6fb2fb544ad0432590b8013c4","isMergeCommit":false,"messageTitle":"Add UG for theme command","messageBody":"","fileTypesAndContributionMap":{"functional-code":{"insertions":6,"deletions":6},"docs":{"insertions":43,"deletions":29},"test-code":{"insertions":25,"deletions":0}}},{"hash":"19ccc681b230b2f201f333ede057fc73abccc6bc","isMergeCommit":false,"messageTitle":"Fix check style","messageBody":"","fileTypesAndContributionMap":{"test-code":{"insertions":0,"deletions":4}}},{"hash":"7484aae7972bc6db4dee708d4dd94035a14c4f7a","isMergeCommit":false,"messageTitle":"Fix error","messageBody":"","fileTypesAndContributionMap":{"functional-code":{"insertions":2,"deletions":6},"test-code":{"insertions":0,"deletions":4}}},{"hash":"6e23b5d1301de9ce196d4e687f03cc0575ef6812","isMergeCommit":true,"messageTitle":"Merge remote-tracking branch \u0027origin/add-theme-command\u0027 into add-theme-command","messageBody":"","fileTypesAndContributionMap":{}},{"hash":"b498ac500a98a54d2b2091f8ed523136749614b1","isMergeCommit":true,"messageTitle":"Merge pull request #108 from ChangruHenryQian/add-feature-mark-attendance","messageBody":"Add defensive coding","fileTypesAndContributionMap":{}}]},{"date":"2023-10-28","commitResults":[{"hash":"26c2e118304127a730a19862bcb96d4cef182f64","isMergeCommit":true,"messageTitle":"Merge pull request #109 from ChangruHenryQian/add-feature-mark-all-attendance","messageBody":"Add feature mark all attendance","fileTypesAndContributionMap":{}}]}],"ChangruHenryQian":[{"date":"2023-10-05","commitResults":[{"hash":"cae2d59c00c048ceafb110039bc7781451d2c429","isMergeCommit":false,"messageTitle":"Update delete in user guide","messageBody":"","fileTypesAndContributionMap":{"docs":{"insertions":6,"deletions":9}}},{"hash":"b538c203657b6babf9b61252a1723eb6718fe39c","isMergeCommit":false,"messageTitle":"Change plural form into singular form","messageBody":"","fileTypesAndContributionMap":{"docs":{"insertions":1,"deletions":1}}},{"hash":"03e05b933d17537a3236509927f19bea87e5f3de","isMergeCommit":false,"messageTitle":"Update delete in developer guide","messageBody":"","fileTypesAndContributionMap":{"docs":{"insertions":10,"deletions":6}}}]},{"date":"2023-10-06","commitResults":[{"hash":"b6f8b4acb666fcbdb36dd87973634ae73acda6be","isMergeCommit":true,"messageTitle":"Merge pull request #41 from ChangruHenryQian/update-delete-developer-guide","messageBody":"Update delete in developer guide","fileTypesAndContributionMap":{}},{"hash":"f758ad915184b2718093b66625dd1539fbbc409a","isMergeCommit":true,"messageTitle":"Merge pull request #39 from ChangruHenryQian/update-delete-user-guide","messageBody":"Update delete in user guide","fileTypesAndContributionMap":{}}]},{"date":"2023-10-12","commitResults":[{"hash":"02e0be29f46cbe2deb34360c24f86dc6e2ee78dc","isMergeCommit":true,"messageTitle":"Merge pull request #51 from ngeeyonglim/add-function","messageBody":"Add function","fileTypesAndContributionMap":{}}]},{"date":"2023-10-13","commitResults":[{"hash":"1b7f8d488182f8e64831ded2f1eb6df32e1838bc","isMergeCommit":true,"messageTitle":"Merge pull request #54 from LWZ19/add-lookup-command","messageBody":"Add lookup command","fileTypesAndContributionMap":{}},{"hash":"ceffd8a789140b6bd442f7aa31ccb60154ad1f1f","isMergeCommit":false,"messageTitle":"Start modifying delete","messageBody":"","fileTypesAndContributionMap":{"functional-code":{"insertions":107,"deletions":20},"test-code":{"insertions":1,"deletions":1}}},{"hash":"d8db552d4da6495fa920817feb7e07fa193b7fab","isMergeCommit":false,"messageTitle":"Modify delete to using student number","messageBody":"","fileTypesAndContributionMap":{"functional-code":{"insertions":6,"deletions":26},"test-code":{"insertions":28,"deletions":52}}}]},{"date":"2023-10-14","commitResults":[{"hash":"d865bcc452eb38f172dbfe342c7034434558d600","isMergeCommit":true,"messageTitle":"Merge branch \u0027master\u0027 into modify-delete-using-student-number","messageBody":"","fileTypesAndContributionMap":{}},{"hash":"fd5a3d8e5df7cc27669519031ae4919b2ded51fd","isMergeCommit":false,"messageTitle":"Improve code quality","messageBody":"","fileTypesAndContributionMap":{"functional-code":{"insertions":3,"deletions":3}}},{"hash":"061ef6002bf194fe935775852e8ed969510dc28c","isMergeCommit":false,"messageTitle":"Update test cases","messageBody":"","fileTypesAndContributionMap":{"test-code":{"insertions":10,"deletions":34}}},{"hash":"28322986d933aa074b3a15afbb3e6a8e379acab5","isMergeCommit":false,"messageTitle":"Finish changing delete","messageBody":"","fileTypesAndContributionMap":{"functional-code":{"insertions":31,"deletions":13},"test-code":{"insertions":31,"deletions":15}}},{"hash":"27b59428da7c4de8c8a889e4fa7ef3242f27bcfc","isMergeCommit":false,"messageTitle":"Refactor arePrefixesPresent function","messageBody":"","fileTypesAndContributionMap":{"functional-code":{"insertions":10,"deletions":28}}},{"hash":"a1c3acd2133e4211c6fee1ed346607e9addff3ad","isMergeCommit":false,"messageTitle":"Add test cases","messageBody":"","fileTypesAndContributionMap":{"test-code":{"insertions":1,"deletions":0}}}]},{"date":"2023-10-15","commitResults":[{"hash":"8063f25f49a53e7406e018009facc39f588277d1","isMergeCommit":false,"messageTitle":"Refactor Person into Student","messageBody":"","fileTypesAndContributionMap":{"functional-code":{"insertions":470,"deletions":468},"other":{"insertions":129,"deletions":129},"docs":{"insertions":49,"deletions":49},"test-code":{"insertions":740,"deletions":739}}},{"hash":"8137b8a17641f8de403fd602a7673a597c655ead","isMergeCommit":false,"messageTitle":"Refactor Person into Student","messageBody":"","fileTypesAndContributionMap":{"functional-code":{"insertions":7,"deletions":7},"other":{"insertions":9,"deletions":8},"docs":{"insertions":1,"deletions":1},"test-code":{"insertions":20,"deletions":20}}},{"hash":"af2875534c0f748d8b562163f357049bbfd42eec","isMergeCommit":true,"messageTitle":"Merge pull request #65 from ChangruHenryQian/change-person-to-student","messageBody":"Refactor Person into Student","fileTypesAndContributionMap":{}}]},{"date":"2023-10-16","commitResults":[{"hash":"35fede1c089e07e317c9e55c7b8a3e06a7c54b51","isMergeCommit":true,"messageTitle":"Merge pull request #69 from ngeeyonglim/add-function","messageBody":"Edit StudentNumber class method","fileTypesAndContributionMap":{}}]},{"date":"2023-10-17","commitResults":[{"hash":"e6a6890168b6d8ef0361f77bb6dd57f941f44435","isMergeCommit":true,"messageTitle":"Merge pull request #71 from LWZ19/modify-lookup-command","messageBody":"Modify lookup command","fileTypesAndContributionMap":{}}]},{"date":"2023-10-18","commitResults":[{"hash":"de76ace5e8359fd555c5fd1a7c4b7717100ce8be","isMergeCommit":false,"messageTitle":"Implement mark attendance feature","messageBody":"","fileTypesAndContributionMap":{"functional-code":{"insertions":142,"deletions":8}}},{"hash":"342c5537200eb93a86a336c3f4cf5099df39319f","isMergeCommit":false,"messageTitle":"Improve error handling","messageBody":"","fileTypesAndContributionMap":{"functional-code":{"insertions":36,"deletions":6}}}]},{"date":"2023-10-19","commitResults":[{"hash":"582ebcba7913e480b060e16ab55bdede58cedf1c","isMergeCommit":true,"messageTitle":"Merge branch \u0027master\u0027 into add-feature-mark-attendance","messageBody":"# Conflicts:\n#\tsrc/main/java/seedu/address/logic/Messages.java\n#\tsrc/main/java/seedu/address/logic/parser/AddressBookParser.java\n#\tsrc/main/java/seedu/address/model/student/ClassDetails.java\n","fileTypesAndContributionMap":{}}]},{"date":"2023-10-20","commitResults":[{"hash":"5b76bf43c63f431e9c808d1c6fbe01949977b9b4","isMergeCommit":true,"messageTitle":"Merge branch \u0027master\u0027 into change-person-to-student","messageBody":"","fileTypesAndContributionMap":{}},{"hash":"4a4a9d227c166adf79b6bc93502d9bac5c5ba3d1","isMergeCommit":false,"messageTitle":"Refactor Person into Student","messageBody":"","fileTypesAndContributionMap":{"functional-code":{"insertions":53,"deletions":53},"other":{"insertions":17,"deletions":17},"docs":{"insertions":9,"deletions":9},"test-code":{"insertions":56,"deletions":51}}},{"hash":"5c3e1fd51dbd6a70c65038aa38790f5e0f3c7033","isMergeCommit":false,"messageTitle":"Refactor person into student","messageBody":"","fileTypesAndContributionMap":{"functional-code":{"insertions":22,"deletions":22},"docs":{"insertions":3,"deletions":3},"test-code":{"insertions":13,"deletions":13}}},{"hash":"abcac029d047f3222406fd3c39bee1223a53f98c","isMergeCommit":false,"messageTitle":"Refactor person into student","messageBody":"","fileTypesAndContributionMap":{"functional-code":{"insertions":4,"deletions":4},"test-code":{"insertions":5,"deletions":5}}},{"hash":"240afb88e0115718b60c15092cf03bc3813a3b82","isMergeCommit":false,"messageTitle":"Refactor person into student","messageBody":"","fileTypesAndContributionMap":{"docs":{"insertions":1,"deletions":1},"test-code":{"insertions":24,"deletions":24}}}]},{"date":"2023-10-22","commitResults":[{"hash":"664f34ac20f0c28bd64505c7de7b3ab31645484a","isMergeCommit":false,"messageTitle":"Refactor person to student","messageBody":"","fileTypesAndContributionMap":{"test-code":{"insertions":11,"deletions":11}}},{"hash":"e8528fe7ee777ce0382a05c6231f13721ba9fb38","isMergeCommit":false,"messageTitle":"Refactor person to student","messageBody":"","fileTypesAndContributionMap":{"test-code":{"insertions":90,"deletions":90}}},{"hash":"c40da86c3077991097b8ed6860d14a45d3a16682","isMergeCommit":false,"messageTitle":"Finish refactoring person to student in code","messageBody":"","fileTypesAndContributionMap":{"test-code":{"insertions":41,"deletions":41}}},{"hash":"22b98fb1f9b6a9fd4ebde1051d8d4933e4dc1bdd","isMergeCommit":true,"messageTitle":"Merge branch \u0027master\u0027 into change-person-to-student","messageBody":"# Conflicts:\n#\tsrc/main/java/seedu/address/model/ModelManager.java\n#\tsrc/test/java/seedu/address/storage/JsonAdaptedStudentTest.java\n","fileTypesAndContributionMap":{}},{"hash":"5cff37c1de487dd42f9f8fa5dc5b775c4a2a7b44","isMergeCommit":true,"messageTitle":"Merge pull request #90 from ChangruHenryQian/change-person-to-student","messageBody":"Refactor person to student","fileTypesAndContributionMap":{}},{"hash":"7a0854f3e1eba289fcdf826d2ec8c7a8d7c00c56","isMergeCommit":true,"messageTitle":"Merge branch \u0027master\u0027 into add-feature-mark-attendance","messageBody":"","fileTypesAndContributionMap":{}},{"hash":"385f0784f1729542d9422be8c74f86869d08acaf","isMergeCommit":false,"messageTitle":"Update user guide for mark","messageBody":"","fileTypesAndContributionMap":{"docs":{"insertions":14,"deletions":1}}},{"hash":"3a559a8d38f4ce3ab422efd621c1120337bfe183","isMergeCommit":false,"messageTitle":"Add a new line at end of file to pass Java CI","messageBody":"","fileTypesAndContributionMap":{"docs":{"insertions":2,"deletions":2}}},{"hash":"015f0ce39542d8d7a5e956ebcfbd8697ed665f96","isMergeCommit":false,"messageTitle":"Add MarkCommandTest","messageBody":"","fileTypesAndContributionMap":{"test-code":{"insertions":91,"deletions":3}}},{"hash":"1db2d54a2ab79bb126b28426a973a670e6b18b5c","isMergeCommit":false,"messageTitle":"Add test cases in MarkCommandTest","messageBody":"","fileTypesAndContributionMap":{"test-code":{"insertions":11,"deletions":4}}},{"hash":"4f52f7052c73c7eaec63b867d9f137fb36027630","isMergeCommit":false,"messageTitle":"Add test cases for AttendanceTracker","messageBody":"","fileTypesAndContributionMap":{"functional-code":{"insertions":1,"deletions":1},"test-code":{"insertions":10,"deletions":0}}},{"hash":"05e999baa8dae711e09a2f6439d99f4bbe554558","isMergeCommit":false,"messageTitle":"Update test cases for AttendanceTracker","messageBody":"","fileTypesAndContributionMap":{"functional-code":{"insertions":13,"deletions":1},"test-code":{"insertions":2,"deletions":2}}},{"hash":"54406a07795cc6da44c9b95826aca92263e2e72d","isMergeCommit":false,"messageTitle":"Update test cases for AttendanceTracker","messageBody":"","fileTypesAndContributionMap":{"test-code":{"insertions":8,"deletions":0}}},{"hash":"4046417f6fbd1b1024202161845ce9099953580e","isMergeCommit":false,"messageTitle":"Add test cases for MarkCommandParser","messageBody":"","fileTypesAndContributionMap":{"test-code":{"insertions":49,"deletions":0}}},{"hash":"a0ebe3a2e3c06456b66ac4d8eb5d9186f25c74dd","isMergeCommit":false,"messageTitle":"Add test cases for AddressBookParser","messageBody":"","fileTypesAndContributionMap":{"test-code":{"insertions":14,"deletions":0}}}]},{"date":"2023-10-23","commitResults":[{"hash":"a60468f1e7e1913ddf93e8daefe0b16040bcbe40","isMergeCommit":false,"messageTitle":"Add edge cases in AttendanceTrackerTest","messageBody":"","fileTypesAndContributionMap":{"test-code":{"insertions":7,"deletions":1}}},{"hash":"6534916755fae25d02875469246fb7f9d1ed8874","isMergeCommit":true,"messageTitle":"Merge pull request #92 from ChangruHenryQian/add-feature-mark-attendance","messageBody":"Add user guide and test cases for mark attendance","fileTypesAndContributionMap":{}}]},{"date":"2023-10-27","commitResults":[{"hash":"fd92073d43ce8916d103f071b0f5dc22e8b6f217","isMergeCommit":true,"messageTitle":"Merge branch \u0027master\u0027 into add-feature-mark-attendance","messageBody":"","fileTypesAndContributionMap":{}},{"hash":"63e7191b3a1302a69d3bb8a374145b09eef2449b","isMergeCommit":false,"messageTitle":"Add defensive coding","messageBody":"","fileTypesAndContributionMap":{"functional-code":{"insertions":2,"deletions":0}}},{"hash":"c59406296bf1aa67173ec344240d7bd8c341d2aa","isMergeCommit":true,"messageTitle":"Merge branch \u0027master\u0027 into add-feature-mark-all-attendance","messageBody":"","fileTypesAndContributionMap":{}},{"hash":"0a1da3497057c4a20c553ee33dcc2d99c727a466","isMergeCommit":true,"messageTitle":"Merge pull request #107 from LWZ19/add-theme-command","messageBody":"Add theme command","fileTypesAndContributionMap":{}},{"hash":"a838afc532d50b83122b0ca17c5a771728c3bac8","isMergeCommit":true,"messageTitle":"Merge branch \u0027master\u0027 into add-feature-mark-all-attendance","messageBody":"","fileTypesAndContributionMap":{}},{"hash":"ff098de6dd54069ee4f4799b98c3f4d2cf216c2b","isMergeCommit":false,"messageTitle":"Implement mark all feature","messageBody":"","fileTypesAndContributionMap":{"functional-code":{"insertions":96,"deletions":0}}},{"hash":"999af48251f682e65c290bedb288eacc416e122d","isMergeCommit":false,"messageTitle":"Add test cases for MarkAllCommandParser","messageBody":"","fileTypesAndContributionMap":{"functional-code":{"insertions":2,"deletions":2},"test-code":{"insertions":31,"deletions":0}}},{"hash":"f3b4f9d25df15161dad9efdb6df43c64ab0ab62e","isMergeCommit":false,"messageTitle":"Add test cases for MarkAllCommand","messageBody":"","fileTypesAndContributionMap":{"test-code":{"insertions":97,"deletions":0}}},{"hash":"7ca93e1a2d504429e26a823d713ae5fe800d36e9","isMergeCommit":false,"messageTitle":"Add test cases for MarkAllCommand","messageBody":"","fileTypesAndContributionMap":{"functional-code":{"insertions":7,"deletions":3},"test-code":{"insertions":19,"deletions":48}}},{"hash":"b71562644a37c8e8b1ba350ceddaf2bb99a87749","isMergeCommit":false,"messageTitle":"Update user guide","messageBody":"","fileTypesAndContributionMap":{"docs":{"insertions":32,"deletions":19}}},{"hash":"7afe30b0cad6629ee3fae61eee938ebde0ccc0f1","isMergeCommit":false,"messageTitle":"Add test cases in AddressBookParserTest","messageBody":"","fileTypesAndContributionMap":{"test-code":{"insertions":9,"deletions":0}}},{"hash":"61b145611f87a895c3b33a51dd0e2795f398ee1c","isMergeCommit":false,"messageTitle":"Improve error message","messageBody":"","fileTypesAndContributionMap":{"functional-code":{"insertions":4,"deletions":4}}},{"hash":"60bcbb935f9a2b41e24d521f234f10d3cd745c8f","isMergeCommit":false,"messageTitle":"Improve code quality","messageBody":"","fileTypesAndContributionMap":{"functional-code":{"insertions":0,"deletions":1},"test-code":{"insertions":4,"deletions":3}}}]},{"date":"2023-10-28","commitResults":[{"hash":"454e1bf5470e537328c6bb00ce62eb58bdfcf837","isMergeCommit":false,"messageTitle":"Fix typo","messageBody":"","fileTypesAndContributionMap":{"docs":{"insertions":20,"deletions":20}}}]}]},"authorFileTypeContributionMap":{"YeoBohShin":{"docs":240,"functional-code":785,"test-code":724},"Cikguseven":{"docs":211,"functional-code":551,"test-code":764,"other":2},"ngeeyonglim":{"docs":155,"functional-code":919,"test-code":915},"LWZ19":{"docs":244,"functional-code":1495,"test-code":1140,"other":1},"ChangruHenryQian":{"docs":89,"functional-code":842,"test-code":1287}},"authorContributionVariance":{"YeoBohShin":25714.73,"Cikguseven":43682.32,"ngeeyonglim":42370.883,"LWZ19":73113.49,"ChangruHenryQian":220876.33},"authorDisplayNameMap":{"YeoBohShin":"CS2103T-T11-1 YEO ..SHIN","Cikguseven":"CS2103T-T11-1 KIER.. WEI","ngeeyonglim":"CS2103T-T11-1 LIM ..YONG","LWZ19":"CS2103T-T11-1 LIAN..HONG","ChangruHenryQian":"CS2103T-T11-1 QIAN..NGRU"}}
