{"authorDailyContributionsMap":{"YeoBohShin":[{"date":"2023-09-27","commitResults":[{"hash":"e4a065dece72743b8df8af7367f79dd2f8f4dba7","isMergeCommit":false,"messageTitle":"Extracted tag function","messageBody":"","fileTypesAndContributionMap":{"functional-code":{"insertions":155,"deletions":1}}},{"hash":"2ff3f769482d1aef59c6f9db9da546439a64eaff","isMergeCommit":false,"messageTitle":"Confront to checkstyle","messageBody":"","fileTypesAndContributionMap":{"functional-code":{"insertions":25,"deletions":9}}}]},{"date":"2023-10-02","commitResults":[{"hash":"56d4e220a4d503d553f1a0a6b0b1e027f5b7990b","isMergeCommit":false,"messageTitle":"Update AboutUs","messageBody":"About us shows what our\nproduct is about and each\nmembers contribution to the\nproject.\n\nAdded Profile picture and\nskeletion for each member\u0027s\nportfolio\n","fileTypesAndContributionMap":{"docs":{"insertions":110,"deletions":20}}},{"hash":"cca3b04584cd4a2b98520113be6b729c0377f3b6","isMergeCommit":false,"messageTitle":"Add test","messageBody":"","fileTypesAndContributionMap":{"functional-code":{"insertions":7,"deletions":0},"test-code":{"insertions":36,"deletions":0}}},{"hash":"16313c57a06d102d58a5d93e5e4d8677ffdd752e","isMergeCommit":true,"messageTitle":"Merge branch \u0027branch-aboutus\u0027","messageBody":"","fileTypesAndContributionMap":{}}]},{"date":"2023-10-03","commitResults":[{"hash":"8fd15d20214a6af12a9fa36573370a0e8c9fd4d9","isMergeCommit":false,"messageTitle":"Add more tests","messageBody":"Added testing for Tagcommand\n","fileTypesAndContributionMap":{"functional-code":{"insertions":12,"deletions":3},"test-code":{"insertions":29,"deletions":7}}},{"hash":"bf3a2eb332cde030f0cc84060405530817cf5f35","isMergeCommit":false,"messageTitle":"Conform to checkstyle","messageBody":"Fix order of import statements\nin TagCommandTest\n","fileTypesAndContributionMap":{"test-code":{"insertions":10,"deletions":8}}},{"hash":"57df6aa5b374f66aae14916018d221707440fd0d","isMergeCommit":false,"messageTitle":"Conform to chechstyle","messageBody":"Update AboutUs and each\nmembers portfolio to follow\ncheckstyle\n","fileTypesAndContributionMap":{"docs":{"insertions":11,"deletions":11}}},{"hash":"0ae7789e5560f7f8c4f9f940817381b1322515f1","isMergeCommit":false,"messageTitle":"Add more test","messageBody":"Added testing for\nTagCommandParser\n","fileTypesAndContributionMap":{"test-code":{"insertions":161,"deletions":4}}},{"hash":"eb197b0bb8d7f48e85b863b659ad5148d67cf86e","isMergeCommit":false,"messageTitle":"Fix bugs in testing","messageBody":"","fileTypesAndContributionMap":{"test-code":{"insertions":4,"deletions":4}}},{"hash":"2a231a75fe0e0e329fedfbd23812602f95a6efe1","isMergeCommit":true,"messageTitle":"Merge branch \u0027master\u0027 into master","messageBody":"","fileTypesAndContributionMap":{}},{"hash":"4f81c9e94b5087cb9699e334918e04afb984dc9e","isMergeCommit":true,"messageTitle":"Merge pull request #5 from YeoBohShin/master","messageBody":"Extract tag function and Edit AboutUs","fileTypesAndContributionMap":{}},{"hash":"38c3f8d425e08ffe77eb046e5cd7f0f503d90ff0","isMergeCommit":false,"messageTitle":"Update AboutUs","messageBody":"Change the email for contact\n\nAdded title for each\nmember\n","fileTypesAndContributionMap":{"docs":{"insertions":20,"deletions":5}}},{"hash":"39688f91b3f3307d1cf4a1fec7a4401f7cfac89c","isMergeCommit":true,"messageTitle":"Merge pull request #25 from YeoBohShin/master","messageBody":"Update AboutUs","fileTypesAndContributionMap":{}},{"hash":"0050a8159c684466ac261faabcbca7e12a9c4b20","isMergeCommit":false,"messageTitle":"Add tag function to userguide","messageBody":"","fileTypesAndContributionMap":{"docs":{"insertions":18,"deletions":6}}},{"hash":"a465ce14dad123a172774c8571a726607ff70fad","isMergeCommit":false,"messageTitle":"Update UserGuide","messageBody":"Change person to student\nfor the context of ClassManager\n","fileTypesAndContributionMap":{"docs":{"insertions":4,"deletions":4}}},{"hash":"72b8d084a415b907aca061e53d4f040a15fa3b45","isMergeCommit":true,"messageTitle":"Merge pull request #29 from YeoBohShin/master","messageBody":"Add tag function to UserGuide","fileTypesAndContributionMap":{}}]},{"date":"2023-10-08","commitResults":[{"hash":"53a89e2be7d88345b0f60da4ddb3b8ed22c0efee","isMergeCommit":false,"messageTitle":"Do tutorial for adding command","messageBody":"","fileTypesAndContributionMap":{"functional-code":{"insertions":227,"deletions":34}}},{"hash":"de482f2e871168da78d5382af9ff9bdf7b02a228","isMergeCommit":true,"messageTitle":"Merge branch \u0027tutorial-adding-command\u0027","messageBody":"","fileTypesAndContributionMap":{}}]},{"date":"2023-10-12","commitResults":[{"hash":"ba2631a3cf8f1bfd8e50f57a8f27dbd7324f072d","isMergeCommit":false,"messageTitle":"Added add/delete function to TagCommand","messageBody":"Instead of replacing all tags with user\ninputed tags, now user can add and delete individual tags from the student. However, users can still\nmass delete or replace using the\nold function.\n","fileTypesAndContributionMap":{"functional-code":{"insertions":173,"deletions":258},"test-code":{"insertions":23,"deletions":25}}},{"hash":"cd7074286858c6e0f763c2a655a99c3ea33e395a","isMergeCommit":false,"messageTitle":"Add test cases for Add/Delete TagCommand","messageBody":"Added test cases for adding and\ndeleting tags to ensure that it is\nworking as intended.\n","fileTypesAndContributionMap":{"test-code":{"insertions":181,"deletions":2}}},{"hash":"a0d6ba2f0c93823175753cc25aeacfc7821f6094","isMergeCommit":true,"messageTitle":"Merge branch \u0027master\u0027 into master","messageBody":"","fileTypesAndContributionMap":{}},{"hash":"821e0fda237baef7906724cdbf103765c5a5d257","isMergeCommit":false,"messageTitle":"Fix merge conflict","messageBody":"","fileTypesAndContributionMap":{"functional-code":{"insertions":4,"deletions":2}}},{"hash":"a7a8939fd022dd4f081a8615da48aaa7622a25d9","isMergeCommit":true,"messageTitle":"Merge branch \u0027branch-tagcommand\u0027","messageBody":"","fileTypesAndContributionMap":{}}]},{"date":"2023-10-13","commitResults":[{"hash":"511c11387ed5e2b4a706840aff3dc679405634f1","isMergeCommit":false,"messageTitle":"Update TagCommand","messageBody":"Updated TagCommand to tag\nstudents by specifying their\nstudent number instead of\nindex.\n\nThis allows TAs to efficiently tag\nstudents instead of searching\nthrough the list the find the index\nof the student.\n","fileTypesAndContributionMap":{"functional-code":{"insertions":78,"deletions":70},"test-code":{"insertions":110,"deletions":98}}}]},{"date":"2023-10-14","commitResults":[{"hash":"431b37c98e43007d06b50eac89ad67895d08d820","isMergeCommit":false,"messageTitle":"Update UserGuide.md","messageBody":"Update tagCommand in UserGuide\nto follow the updated tagcommand\n","fileTypesAndContributionMap":{"docs":{"insertions":22,"deletions":21}}},{"hash":"cc80a535034ed1784dc9a83fbe322f4aefa0689b","isMergeCommit":true,"messageTitle":"Merge branch \u0027master\u0027 into master","messageBody":"","fileTypesAndContributionMap":{}},{"hash":"ada8dc3ff6bc8ce06918d425454f1622cbef686a","isMergeCommit":true,"messageTitle":"Merge pull request #57 from Cikguseven/load-command","messageBody":"Load command","fileTypesAndContributionMap":{}}]},{"date":"2023-10-15","commitResults":[{"hash":"adc1ae8afc83243485bd29c49d4dc40a76b88142","isMergeCommit":true,"messageTitle":"Merge pull request #70 from ngeeyonglim/class-grades","messageBody":"Change ClassNumber to ClassDetails and add package.","fileTypesAndContributionMap":{}}]},{"date":"2023-10-16","commitResults":[{"hash":"adddea55ed0f70e8e1eb4dfef06331597257faac","isMergeCommit":false,"messageTitle":"Added Assignments","messageBody":"Assignments to track the marks\nof student on different assignments\n","fileTypesAndContributionMap":{"functional-code":{"insertions":126,"deletions":0},"test-code":{"insertions":104,"deletions":0}}}]},{"date":"2023-10-18","commitResults":[{"hash":"2c0bbde476917b179ea63ab3b4906c728b6df707","isMergeCommit":false,"messageTitle":"Update EditCommand","messageBody":"Removed editing of tags from\nEditCommand\n","fileTypesAndContributionMap":{"functional-code":{"insertions":12,"deletions":39},"test-code":{"insertions":10,"deletions":44}}},{"hash":"d0d12999fa952992808cb6981cf8552a9831a1c8","isMergeCommit":false,"messageTitle":"Update EditStudentDescriptorTest","messageBody":"Added more test cases for more\ncoverage\n","fileTypesAndContributionMap":{"test-code":{"insertions":2,"deletions":0}}},{"hash":"91b65383ea4357f76ba81f5b3c745cb7d814aa77","isMergeCommit":false,"messageTitle":"Update EditCommandTest","messageBody":"Increase coverage of test cases\n","fileTypesAndContributionMap":{"test-code":{"insertions":1,"deletions":1}}},{"hash":"75ac59197433f3fe83b2b56ba74b8689ecd79d2a","isMergeCommit":false,"messageTitle":"Update EditCommand","messageBody":"","fileTypesAndContributionMap":{"functional-code":{"insertions":1,"deletions":1}}},{"hash":"19f17a015828d90292a0666f0ca3e8fbcbf2b3b6","isMergeCommit":true,"messageTitle":"Merge pull request #87 from Cikguseven/master","messageBody":"Update user guide and command display formatting","tags":["v1.2"],"fileTypesAndContributionMap":{}}]}],"Cikguseven":[{"date":"2023-10-03","commitResults":[{"hash":"47571dd1edc61940164c1268e637be5d8de8e20a","isMergeCommit":false,"messageTitle":"Add Skeletal PPP","messageBody":"","fileTypesAndContributionMap":{"docs":{"insertions":0,"deletions":0}}},{"hash":"da51c156adb99718a49fa59935fa68d4c123f8fe","isMergeCommit":false,"messageTitle":"Add Skeletal PPP","messageBody":"","fileTypesAndContributionMap":{"docs":{"insertions":24,"deletions":0}}},{"hash":"bbd571945afcf93fbbc804bf097b0a12a462af39","isMergeCommit":true,"messageTitle":"Merge pull request #24 from Cikguseven/skeletal-ppp","messageBody":"Add Skeletal PPP","fileTypesAndContributionMap":{}},{"hash":"34d8519e67a39185eb9b2e23e9ca6b8cf2bedc2c","isMergeCommit":true,"messageTitle":"Merge pull request #22 from LWZ19/add-skeletal-ppp","messageBody":"Add skeletal Project Portfolio Page for LWZ19. LGTM!","fileTypesAndContributionMap":{}},{"hash":"5517080434962333494278196862b72c9f02c6a0","isMergeCommit":true,"messageTitle":"Merge pull request #20 from LWZ19/change-README-content","messageBody":"Update README.md and docs/index.md. LGTM!","fileTypesAndContributionMap":{}},{"hash":"6029f8c4d97fff5fd9763841dddd1ac4039137cf","isMergeCommit":true,"messageTitle":"Merge pull request #23 from ChangruHenryQian/add-UI-mockup","messageBody":"Add a UI mockup of the intended final product. LGTM!","fileTypesAndContributionMap":{}},{"hash":"f1a2f2915df2b495e926e5793f36c4599165a008","isMergeCommit":false,"messageTitle":"Add User stories","messageBody":"","fileTypesAndContributionMap":{"docs":{"insertions":10,"deletions":8}}},{"hash":"8496beaf6d1d88d1666456cd42e70ecbca14bd59","isMergeCommit":false,"messageTitle":"Add use cases for developer\u0027s guide","messageBody":"","fileTypesAndContributionMap":{"docs":{"insertions":90,"deletions":8}}},{"hash":"c4420f673257a1f7f1129e05574bad0463f5d502","isMergeCommit":true,"messageTitle":"Merge pull request #27 from Cikguseven/DG","messageBody":"Add use cases to developer\u0027s guide","fileTypesAndContributionMap":{}},{"hash":"c0a80260b9c726632dfeb04ca0575adeb2741657","isMergeCommit":false,"messageTitle":"Add load feature in user guide","messageBody":"","fileTypesAndContributionMap":{"docs":{"insertions":12,"deletions":0}}},{"hash":"8f776271f3f2e8dcb6cf63bfd2e0683fa7ffa29c","isMergeCommit":true,"messageTitle":"Merge pull request #28 from Cikguseven/individual-ug","messageBody":"Add load feature in user guide","fileTypesAndContributionMap":{}}]},{"date":"2023-10-04","commitResults":[{"hash":"efc53719d116f8e69ba0eb6f0b13feb446764703","isMergeCommit":true,"messageTitle":"Merge pull request #32 from ngeeyonglim/edit-developerguide","messageBody":"Edit developerguide","fileTypesAndContributionMap":{}},{"hash":"8a0955a6dc421f6184b4dc96c48ec13d9a3d3464","isMergeCommit":false,"messageTitle":"Update DG","messageBody":"","fileTypesAndContributionMap":{"docs":{"insertions":1,"deletions":1}}},{"hash":"e96685880fce8391e8c7902406d48057a6438f61","isMergeCommit":false,"messageTitle":"Update glossary of Developer guide","messageBody":"","fileTypesAndContributionMap":{"docs":{"insertions":0,"deletions":2}}},{"hash":"11272d476fae2145beedbbbb113264bab83c303b","isMergeCommit":true,"messageTitle":"Merge branch \u0027master\u0027 into DG","messageBody":"","fileTypesAndContributionMap":{}},{"hash":"7a8d8af15ebf90e35375971eee651ad69e7e1281","isMergeCommit":false,"messageTitle":"Fix User guide and Developer guide","messageBody":"","fileTypesAndContributionMap":{"docs":{"insertions":3,"deletions":3}}},{"hash":"562c5c595847684d71e3146761ae4b6879e4886c","isMergeCommit":false,"messageTitle":"Update DeveloperGuide.md","messageBody":"","fileTypesAndContributionMap":{"docs":{"insertions":2,"deletions":2}}}]},{"date":"2023-10-05","commitResults":[{"hash":"c19470cf719211526bbf14371711a55e69c18a8a","isMergeCommit":false,"messageTitle":"Fix User Guide","messageBody":"","fileTypesAndContributionMap":{"docs":{"insertions":1,"deletions":1}}},{"hash":"9b7e87c7259e15c82e209856123b7a98a63b0b1a","isMergeCommit":true,"messageTitle":"Merge pull request #37 from Cikguseven/master","messageBody":"Fix User Guide","fileTypesAndContributionMap":{}}]},{"date":"2023-10-12","commitResults":[{"hash":"fdff6f09d34dce6678f553960de26427349d66e0","isMergeCommit":false,"messageTitle":"Add load command based on remark tutorial.","messageBody":"","fileTypesAndContributionMap":{"functional-code":{"insertions":97,"deletions":1},"docs":{"insertions":1,"deletions":1}}},{"hash":"2eebe3812f87df56f63eba223428df62ccaa0418","isMergeCommit":false,"messageTitle":"Work in progress for load command","messageBody":"","fileTypesAndContributionMap":{"functional-code":{"insertions":52,"deletions":27},"docs":{"insertions":1,"deletions":1}}},{"hash":"801564cd20cd91b1a9873b086346e354f04789aa","isMergeCommit":false,"messageTitle":"WIP load command","messageBody":"","fileTypesAndContributionMap":{"functional-code":{"insertions":9,"deletions":4}}},{"hash":"b15c7d5b8162c4235d653f7c4bc3e5026385b718","isMergeCommit":true,"messageTitle":"Add load command that works","messageBody":"","fileTypesAndContributionMap":{}},{"hash":"a64cbefea1e84af3b3fb750f44b69a828c0d3d40","isMergeCommit":false,"messageTitle":"Fix checkstyle","messageBody":"","fileTypesAndContributionMap":{"functional-code":{"insertions":5,"deletions":2}}},{"hash":"4c0b85abbca8dd73c92bced98c50b6b42fee9a20","isMergeCommit":false,"messageTitle":"Rename app window to Class Manager 2023","messageBody":"","fileTypesAndContributionMap":{"functional-code":{"insertions":1,"deletions":1}}},{"hash":"8b7274aae130dd2827ba5c37695be4cb6afe61ad","isMergeCommit":false,"messageTitle":"Update status bar footer upon successful file load","messageBody":"","fileTypesAndContributionMap":{"functional-code":{"insertions":26,"deletions":6}}},{"hash":"d76632774874e6a60777dd10f0d803becda5ac91","isMergeCommit":false,"messageTitle":"Fix checkstyle","messageBody":"","fileTypesAndContributionMap":{"test-code":{"insertions":7,"deletions":7}}}]},{"date":"2023-10-13","commitResults":[{"hash":"322d4a74bed4d6c83d1f1eb9ad4937863ecbfb0e","isMergeCommit":true,"messageTitle":"Merge upstream to branch","messageBody":"","fileTypesAndContributionMap":{}},{"hash":"4ebfc6f8a46724a31fbe26b084a7559e0e93dc48","isMergeCommit":false,"messageTitle":"Add load command tests","messageBody":"","fileTypesAndContributionMap":{"functional-code":{"insertions":20,"deletions":20},"test-code":{"insertions":84,"deletions":12}}}]},{"date":"2023-10-14","commitResults":[{"hash":"e05fcd5655886f9f130d86f5ab1b538c1643019a","isMergeCommit":true,"messageTitle":"Add test cases for load command parser","messageBody":"","fileTypesAndContributionMap":{}},{"hash":"77807ab38c3ce0ae35ac708c28032989b9ee55ab","isMergeCommit":false,"messageTitle":"Fix load command test","messageBody":"","fileTypesAndContributionMap":{"test-code":{"insertions":3,"deletions":1}}},{"hash":"6911b2e0e06243edec7daa3644336bc38e0481ba","isMergeCommit":false,"messageTitle":"Add test for AddressBookParser","messageBody":"","fileTypesAndContributionMap":{"docs":{"insertions":1,"deletions":1},"test-code":{"insertions":13,"deletions":0}}},{"hash":"835babf29835295865edff866ab52b9357a68c59","isMergeCommit":false,"messageTitle":"Add equals test for load command","messageBody":"","fileTypesAndContributionMap":{"test-code":{"insertions":30,"deletions":0}}},{"hash":"ca88cee2d15f884d342ec8e57de0cfe12868db74","isMergeCommit":true,"messageTitle":"Merge pull request #56 from ChangruHenryQian/modify-delete-using-student-number","messageBody":"Modify delete using student number","fileTypesAndContributionMap":{}},{"hash":"dbcfe3ee0163e624fa61812b4423dce2a91550e8","isMergeCommit":false,"messageTitle":"Rename product to Class Manager 2023 (CM 23 for short)","messageBody":"","fileTypesAndContributionMap":{"docs":{"insertions":18,"deletions":18}}},{"hash":"7874ff751de7f253e1dd6c7b000456a334ccdd64","isMergeCommit":false,"messageTitle":"Rename studentnumber and classnumber","messageBody":"","fileTypesAndContributionMap":{"functional-code":{"insertions":46,"deletions":47},"docs":{"insertions":2,"deletions":2},"test-code":{"insertions":206,"deletions":206}}},{"hash":"477a6db9674cda970986b40e375fca9489beea9a","isMergeCommit":true,"messageTitle":"Merge pull request #63 from Cikguseven/master","messageBody":"Renaming of product, STUDENTNUMBER and CLASSNUMBER","fileTypesAndContributionMap":{}}]},{"date":"2023-10-17","commitResults":[{"hash":"757ae33bbb877ad4bfba6627aa8925dfac8bea13","isMergeCommit":true,"messageTitle":"Merge pull request #73 from ngeeyonglim/add-classGrades-feature","messageBody":"Add class grades feature","fileTypesAndContributionMap":{}}]},{"date":"2023-10-18","commitResults":[{"hash":"1f0cbe5ea7c0d24e4f3bd49a4d21bf19c8a810f4","isMergeCommit":false,"messageTitle":"Add config command","messageBody":"","fileTypesAndContributionMap":{"functional-code":{"insertions":210,"deletions":62},"docs":{"insertions":7,"deletions":7},"test-code":{"insertions":2,"deletions":2}}},{"hash":"cadf66016a8bdbec5634aa034902f5c0e8000cdf","isMergeCommit":false,"messageTitle":"Fix existing test cases","messageBody":"","fileTypesAndContributionMap":{"functional-code":{"insertions":106,"deletions":36},"test-code":{"insertions":42,"deletions":18}}},{"hash":"3cc8d311ebb09c9d233aeb560c5417cccf3deb8f","isMergeCommit":false,"messageTitle":"Add test cases for Config command","messageBody":"","fileTypesAndContributionMap":{"functional-code":{"insertions":82,"deletions":30},"test-code":{"insertions":149,"deletions":8}}},{"hash":"c57127e83167c24582cc5324a3c991ac8ed29890","isMergeCommit":false,"messageTitle":"Add more test cases for hash code","messageBody":"","fileTypesAndContributionMap":{"functional-code":{"insertions":16,"deletions":11},"test-code":{"insertions":275,"deletions":1}}},{"hash":"2b2e04ef11cc8fcb6efa85debf2fe8a418529aab","isMergeCommit":false,"messageTitle":"Updated commit to force codecov","messageBody":"","fileTypesAndContributionMap":{"functional-code":{"insertions":0,"deletions":2}}},{"hash":"8cd3ec5b8e5593c8741c6d1ddecc103c345a3317","isMergeCommit":false,"messageTitle":"Add more test cases","messageBody":"","fileTypesAndContributionMap":{"test-code":{"insertions":13,"deletions":5}}},{"hash":"f2e2734032e9fc2748f8d3f796c49523ec4dcab8","isMergeCommit":true,"messageTitle":"Merge pull request #83 from YeoBohShin/master","messageBody":"Update EditCommand","fileTypesAndContributionMap":{}},{"hash":"39b1cde675bf8facf54aa53508e69025b24174a2","isMergeCommit":true,"messageTitle":"Merge branch \u0027master\u0027 into config","messageBody":"","fileTypesAndContributionMap":{}},{"hash":"77bf36c33d6543ddbbbc834d449ef989989742ce","isMergeCommit":true,"messageTitle":"Resolve merge conflicts","messageBody":"","fileTypesAndContributionMap":{}},{"hash":"b5b503ae6a75650ec62aa082b4d9751c29f5769d","isMergeCommit":true,"messageTitle":"Resolve merge conflict","messageBody":"","fileTypesAndContributionMap":{}},{"hash":"42308bd025425aae32e5653e79c920d6bd6344c0","isMergeCommit":false,"messageTitle":"Fix formatting of command messages","messageBody":"","fileTypesAndContributionMap":{"functional-code":{"insertions":16,"deletions":18},"docs":{"insertions":11,"deletions":0}}},{"hash":"09e3566add4909e50b2fbf1605b6039a40e823ed","isMergeCommit":false,"messageTitle":"Update user guide","messageBody":"","fileTypesAndContributionMap":{"functional-code":{"insertions":1,"deletions":1},"test-code":{"insertions":5,"deletions":3}}}]}],"ngeeyonglim":[{"date":"2023-10-02","commitResults":[{"hash":"ff477e17532fbfea77a85e21d5d96045d1eed26c","isMergeCommit":false,"messageTitle":"Edit Developer Guide","messageBody":"Make target user profile more specific\nChange Value proposition\nAdd user stories\nAdd non functional requirements\n","fileTypesAndContributionMap":{"docs":{"insertions":37,"deletions":12}}}]},{"date":"2023-10-04","commitResults":[{"hash":"c14c76bf62ee15f83590233d3e8b0b3ba557c11c","isMergeCommit":true,"messageTitle":"Merge branch \u0027master\u0027 into edit-developerguide","messageBody":"","fileTypesAndContributionMap":{}},{"hash":"e3b8e84dda1cc14a4eb90867afee429f13ac1e83","isMergeCommit":false,"messageTitle":"Edit User Guide to update Add function","messageBody":"","fileTypesAndContributionMap":{"docs":{"insertions":9,"deletions":4}}},{"hash":"2ebafe1105b2ef45b9984785a7d1cbb326a18ee2","isMergeCommit":true,"messageTitle":"Merge pull request #31 from ngeeyonglim/user-guide","messageBody":"Edit User Guide to update Add function","fileTypesAndContributionMap":{}},{"hash":"49c76ef3a0edaa6c240bb9a4eecef6f6175f5075","isMergeCommit":true,"messageTitle":"Merge pull request #30 from ngeeyonglim/edit-developerguide","messageBody":"Edit Developer Guide","fileTypesAndContributionMap":{}},{"hash":"ff0d0af0fa37a49c7f348e637f82a4cced80f6eb","isMergeCommit":true,"messageTitle":"Merge branch \u0027master\u0027 of https://github.com/AY2324S1-CS2103T-T11-1/tp into user-guide","messageBody":"* \u0027master\u0027 of https://github.com/AY2324S1-CS2103T-T11-1/tp: (24 commits)\n  Update UserGuide\n  Add tag function to userguide\n  Add load feature in user guide\n  Add use cases for developer\u0027s guide\n  Add User stories\n  Update AboutUs\n  Add Skeletal PPP\n  Add Skeletal PPP\n  Fix bugs in testing\n  Add more test\n  Conform to chechstyle\n  Conform to checkstyle\n  Add more tests\n  Add a UI mockup of the intended final product\n  Add skeletal Project Portfolio Page for LWZ19\n  Edit Developer Guide\n  Add test\n  Change the content in index.md\n  Update AboutUs\n  Change the content of README.md\n  ...\n","fileTypesAndContributionMap":{}},{"hash":"172252596e174226bccaace9744e8ee71600cc20","isMergeCommit":false,"messageTitle":"Edit Developer Guide to add glossary","messageBody":"","fileTypesAndContributionMap":{"docs":{"insertions":33,"deletions":30}}},{"hash":"9c0f6300742e4482d40d7227d12adbee181af27a","isMergeCommit":true,"messageTitle":"Merge branch \u0027master\u0027 into edit-developerguide","messageBody":"* master: (25 commits)\n  Edit Developer Guide to add glossary\n  Edit User Guide to update Add function\n  Update UserGuide\n  Add tag function to userguide\n  Add load feature in user guide\n  Add use cases for developer\u0027s guide\n  Add User stories\n  Update AboutUs\n  Add Skeletal PPP\n  Add Skeletal PPP\n  Fix bugs in testing\n  Add more test\n  Conform to chechstyle\n  Conform to checkstyle\n  Add more tests\n  Add a UI mockup of the intended final product\n  Add skeletal Project Portfolio Page for LWZ19\n  Add test\n  Change the content in index.md\n  Update AboutUs\n  ...\n","fileTypesAndContributionMap":{}},{"hash":"395290762ae4cf94b61000b1df696d45dda8d81b","isMergeCommit":true,"messageTitle":"Merge pull request #33 from Cikguseven/DG","messageBody":"","fileTypesAndContributionMap":{}}]},{"date":"2023-10-09","commitResults":[{"hash":"a6e43287ac9cc4c2a315af8398759367ddd339f3","isMergeCommit":false,"messageTitle":"Add classes for add function","messageBody":"Add StudentManager and ClassManager class\n\nEdit dependencies\n","fileTypesAndContributionMap":{"functional-code":{"insertions":309,"deletions":146}}}]},{"date":"2023-10-10","commitResults":[{"hash":"8d459ae09aaa00fb8367fd191cc77e6ac4f4c736","isMergeCommit":false,"messageTitle":"Add test cases for add function","messageBody":"","fileTypesAndContributionMap":{"functional-code":{"insertions":31,"deletions":33},"test-code":{"insertions":442,"deletions":220}}}]},{"date":"2023-10-15","commitResults":[{"hash":"0ecc1bb69d9f9fe85208948f8784442daf342695","isMergeCommit":false,"messageTitle":"Edit StudentNumber class method","messageBody":"Change the variable name to be a better description\n","fileTypesAndContributionMap":{"functional-code":{"insertions":2,"deletions":2}}},{"hash":"450c154eb7c720ff1a6909f652f08effeda66005","isMergeCommit":true,"messageTitle":"Merge branch \u0027master\u0027 of https://github.com/AY2324S1-CS2103T-T11-1/tp","messageBody":"* \u0027master\u0027 of https://github.com/AY2324S1-CS2103T-T11-1/tp: (53 commits)\n  Revert License\n  Refactor Person into Student\n  Refactor Person into Student\n  Rename studentnumber and classnumber\n  Rename product to Class Manager 2023 (CM 23 for short)\n  Add test cases\n  Refactor arePrefixesPresent function\n  Finish changing delete\n  Update test cases\n  Improve code quality\n  Add equals test for load command\n  Add test for AddressBookParser\n  Fix load command test\n  Update UserGuide.md\n  Fix json file formatting\n  Add load command tests\n  Update TagCommand\n  Modify delete to using student number\n  Start modifying delete\n  Update lookup command UG\n  ...\n","fileTypesAndContributionMap":{}},{"hash":"f5d430d24bd53f9cf65008598e86867689585cf9","isMergeCommit":true,"messageTitle":"Merge branch \u0027master\u0027 into add-function","messageBody":"* master: (51 commits)\n  Revert License\n  Refactor Person into Student\n  Refactor Person into Student\n  Rename studentnumber and classnumber\n  Rename product to Class Manager 2023 (CM 23 for short)\n  Add test cases\n  Refactor arePrefixesPresent function\n  Finish changing delete\n  Update test cases\n  Improve code quality\n  Add equals test for load command\n  Add test for AddressBookParser\n  Fix load command test\n  Update UserGuide.md\n  Fix json file formatting\n  Add load command tests\n  Update TagCommand\n  Modify delete to using student number\n  Start modifying delete\n  Update lookup command UG\n  ...\n","fileTypesAndContributionMap":{}},{"hash":"21522e42891023a7418fe2680769e9e90ef9d56b","isMergeCommit":false,"messageTitle":"Change ClassNumber to ClassDetails","messageBody":"To facilitate the addition of class grades attributes in the class details class.\n","fileTypesAndContributionMap":{"functional-code":{"insertions":71,"deletions":71},"other":{"insertions":10,"deletions":10},"test-code":{"insertions":120,"deletions":120}}}]},{"date":"2023-10-17","commitResults":[{"hash":"6c6b24087c414a2a6035f22fbbab5033827f1e44","isMergeCommit":true,"messageTitle":"Merge pull request #72 from YeoBohShin/master","messageBody":"Added Assignments","fileTypesAndContributionMap":{}},{"hash":"f84f480950c535f82187b5a76ff5f554437d8ae1","isMergeCommit":true,"messageTitle":"Merge branch \u0027master\u0027 of https://github.com/AY2324S1-CS2103T-T11-1/tp","messageBody":"* \u0027master\u0027 of https://github.com/AY2324S1-CS2103T-T11-1/tp:\n  Added Assignments\n","fileTypesAndContributionMap":{}},{"hash":"bf8bd8273aeef400e10fc8d6775f2a0c82292ca9","isMergeCommit":false,"messageTitle":"Add Attendance and ClassParticipation classes","messageBody":"Added tracker class and test classes.\n","fileTypesAndContributionMap":{"functional-code":{"insertions":272,"deletions":0},"test-code":{"insertions":237,"deletions":0}}},{"hash":"48cbf999dd71f63f4ee45b81e8b90c7102639d3d","isMergeCommit":false,"messageTitle":"Edit code quality and imports","messageBody":"","fileTypesAndContributionMap":{"functional-code":{"insertions":3,"deletions":3},"test-code":{"insertions":4,"deletions":4}}},{"hash":"e8e6ce31179406e50b3db6a1deb73611edb9a69e","isMergeCommit":false,"messageTitle":"Edits to the code quality","messageBody":"","fileTypesAndContributionMap":{"functional-code":{"insertions":3,"deletions":3}}}]},{"date":"2023-10-18","commitResults":[{"hash":"b20aff58c5a9d893292ae557fe40fac9618e706d","isMergeCommit":true,"messageTitle":"Merge pull request #82 from Cikguseven/config","messageBody":"Add Config command","fileTypesAndContributionMap":{}}]}],"LWZ19":[{"date":"2023-09-22","commitResults":[{"hash":"2147490acf863ce4dc00d8f4ec15826638531c8f","isMergeCommit":false,"messageTitle":"Update title in site.json and default.md","messageBody":"","fileTypesAndContributionMap":{"docs":{"insertions":1,"deletions":1}}},{"hash":"726e2e2d41528b9d10a19273bfec5e5bd32d7b44","isMergeCommit":true,"messageTitle":"Merge pull request #3 from LWZ19/master","messageBody":"Update config in docs to match repo","fileTypesAndContributionMap":{}}]},{"date":"2023-10-02","commitResults":[{"hash":"3f53ae2cd312f623a0a64d9b883ead8bc51c6820","isMergeCommit":false,"messageTitle":"Change the content of README.md","messageBody":"Change the descriptions to match our team project.\nChange the link of the GitHub Actions build status badge.\n","fileTypesAndContributionMap":{"docs":{"insertions":5,"deletions":9}}},{"hash":"745d263ff1fcbadf964a57dfce8b4a7663a63296","isMergeCommit":false,"messageTitle":"Change the content in index.md","messageBody":"","fileTypesAndContributionMap":{"docs":{"insertions":9,"deletions":8}}},{"hash":"2ad8906b1fdd4fb234608b9f57d5da84be9df2f9","isMergeCommit":false,"messageTitle":"Add skeletal Project Portfolio Page for LWZ19","messageBody":"","fileTypesAndContributionMap":{"docs":{"insertions":52,"deletions":0}}}]},{"date":"2023-10-04","commitResults":[{"hash":"b926c78b3e470353406f2b79a97cd79aad464102","isMergeCommit":false,"messageTitle":"Update quick start and help in UG","messageBody":"","fileTypesAndContributionMap":{"functional-code":{"insertions":1,"deletions":1},"docs":{"insertions":18,"deletions":15}}},{"hash":"09f8ee494a3eb5e1d9e5fbb97073f4f2a9a4ca00","isMergeCommit":false,"messageTitle":"Update UG to include \u0027lookup\u0027 command","messageBody":"","fileTypesAndContributionMap":{"docs":{"insertions":29,"deletions":17}}},{"hash":"290a345cbe11c47bb457e03cf521adc8fe46289b","isMergeCommit":true,"messageTitle":"Merge pull request #34 from LWZ19/update-find-user-guide","messageBody":"Update user guide for \u0027lookup\u0027 command","fileTypesAndContributionMap":{}}]},{"date":"2023-10-05","commitResults":[{"hash":"aa1fb6380518c648c58ad66e65f019731f9177fd","isMergeCommit":false,"messageTitle":"Fix minor bug in UG","messageBody":"","fileTypesAndContributionMap":{"docs":{"insertions":2,"deletions":2}}},{"hash":"8bacf56f21b08a3ead58d49b46db9703f424c2c9","isMergeCommit":true,"messageTitle":"Merge pull request #36 from LWZ19/fix-ug-minor-issue","messageBody":"Fix minor bug in UG","fileTypesAndContributionMap":{}}]},{"date":"2023-10-13","commitResults":[{"hash":"c21d291d44b3ff22641c8c8bdbf4dfdf916a5b4c","isMergeCommit":false,"messageTitle":"Add lookup command to class manager","messageBody":"This feature is more powerful the the find command in the\noriginal AB3, it allows user to find and list students based\non the keyword they provided, not limited to only names.\n","fileTypesAndContributionMap":{"functional-code":{"insertions":263,"deletions":1},"docs":{"insertions":7,"deletions":7}}},{"hash":"4df894cdc97f1e6c9e1ddad3a1197a14c488d714","isMergeCommit":false,"messageTitle":"Fix some UG bugs","messageBody":"","fileTypesAndContributionMap":{"functional-code":{"insertions":6,"deletions":5},"docs":{"insertions":6,"deletions":6}}},{"hash":"50b00df1dc84d94721fa0fb8876cc86d8564342c","isMergeCommit":false,"messageTitle":"Add Junit tests","messageBody":"Junit tests is added for LookupCommand, LookupCommandParser, and\nPersonContainsKeywordsPredicate.\n","fileTypesAndContributionMap":{"test-code":{"insertions":280,"deletions":1}}},{"hash":"3d2a9606343f35acab546580a6ff80f8c7b18a8d","isMergeCommit":false,"messageTitle":"Fix style issues in Junit tests","messageBody":"","fileTypesAndContributionMap":{"test-code":{"insertions":28,"deletions":24}}},{"hash":"7f7980e3ea9c7fda1393db64c27f68d62966047e","isMergeCommit":false,"messageTitle":"Isolate original find command from class manager","messageBody":"Moved the NameContainsKeywordsPredicate into the test package,\nsince it is not needed anymore in the main program.\n","fileTypesAndContributionMap":{"functional-code":{"insertions":0,"deletions":4},"test-code":{"insertions":54,"deletions":13}}},{"hash":"5ce3f480f7ed2f746d393316eea76013e4bcc594","isMergeCommit":false,"messageTitle":"Delete find command","messageBody":"The lookup command will be the replacement of the find command.\n","fileTypesAndContributionMap":{"functional-code":{"insertions":1,"deletions":136},"other":{"insertions":1,"deletions":3},"docs":{"insertions":1,"deletions":1},"test-code":{"insertions":0,"deletions":125}}},{"hash":"55b699f9e01df9cb3349aaa651f8e0153600b379","isMergeCommit":false,"messageTitle":"Update lookup command UG","messageBody":"","fileTypesAndContributionMap":{"docs":{"insertions":4,"deletions":2}}}]},{"date":"2023-10-14","commitResults":[{"hash":"582747687fd10ec5e9159b19b0267a0aeed44460","isMergeCommit":true,"messageTitle":"Merge pull request #52 from YeoBohShin/master","messageBody":"Add add/delete function to TagCommand","fileTypesAndContributionMap":{}}]},{"date":"2023-10-16","commitResults":[{"hash":"d94ddb7e92996432d857c0fc00e468ae6e084110","isMergeCommit":false,"messageTitle":"Modify lookup command","messageBody":"The lookup command is modified to be able to take more than one\nkeyword for each prefix.\n","fileTypesAndContributionMap":{"functional-code":{"insertions":74,"deletions":65}}},{"hash":"a62a10e1a3371b2c794e070271d6018c30889e47","isMergeCommit":false,"messageTitle":"Modify Junit tests","messageBody":"To accommodates the new change to load command\n","fileTypesAndContributionMap":{"functional-code":{"insertions":5,"deletions":6},"test-code":{"insertions":52,"deletions":32}}},{"hash":"cc74216a19a0daab4d5f74af6d5dc52ac7fffe55","isMergeCommit":false,"messageTitle":"Update lookup command in UG","messageBody":"","fileTypesAndContributionMap":{"docs":{"insertions":4,"deletions":5}}}]},{"date":"2023-10-19","commitResults":[{"hash":"24008ab94bd7377bdaf4d800bed7cebdbe119a14","isMergeCommit":true,"messageTitle":"Merge pull request #78 from ChangruHenryQian/add-feature-mark-attendance","messageBody":"Add feature mark attendance","fileTypesAndContributionMap":{}}]}],"ChangruHenryQian":[{"date":"2023-10-05","commitResults":[{"hash":"cae2d59c00c048ceafb110039bc7781451d2c429","isMergeCommit":false,"messageTitle":"Update delete in user guide","messageBody":"","fileTypesAndContributionMap":{"docs":{"insertions":6,"deletions":9}}},{"hash":"b538c203657b6babf9b61252a1723eb6718fe39c","isMergeCommit":false,"messageTitle":"Change plural form into singular form","messageBody":"","fileTypesAndContributionMap":{"docs":{"insertions":1,"deletions":1}}},{"hash":"03e05b933d17537a3236509927f19bea87e5f3de","isMergeCommit":false,"messageTitle":"Update delete in developer guide","messageBody":"","fileTypesAndContributionMap":{"docs":{"insertions":10,"deletions":6}}}]},{"date":"2023-10-06","commitResults":[{"hash":"b6f8b4acb666fcbdb36dd87973634ae73acda6be","isMergeCommit":true,"messageTitle":"Merge pull request #41 from ChangruHenryQian/update-delete-developer-guide","messageBody":"Update delete in developer guide","fileTypesAndContributionMap":{}},{"hash":"f758ad915184b2718093b66625dd1539fbbc409a","isMergeCommit":true,"messageTitle":"Merge pull request #39 from ChangruHenryQian/update-delete-user-guide","messageBody":"Update delete in user guide","fileTypesAndContributionMap":{}}]},{"date":"2023-10-12","commitResults":[{"hash":"02e0be29f46cbe2deb34360c24f86dc6e2ee78dc","isMergeCommit":true,"messageTitle":"Merge pull request #51 from ngeeyonglim/add-function","messageBody":"Add function","fileTypesAndContributionMap":{}}]},{"date":"2023-10-13","commitResults":[{"hash":"1b7f8d488182f8e64831ded2f1eb6df32e1838bc","isMergeCommit":true,"messageTitle":"Merge pull request #54 from LWZ19/add-lookup-command","messageBody":"Add lookup command","fileTypesAndContributionMap":{}},{"hash":"ceffd8a789140b6bd442f7aa31ccb60154ad1f1f","isMergeCommit":false,"messageTitle":"Start modifying delete","messageBody":"","fileTypesAndContributionMap":{"functional-code":{"insertions":107,"deletions":20},"test-code":{"insertions":1,"deletions":1}}},{"hash":"d8db552d4da6495fa920817feb7e07fa193b7fab","isMergeCommit":false,"messageTitle":"Modify delete to using student number","messageBody":"","fileTypesAndContributionMap":{"functional-code":{"insertions":6,"deletions":26},"test-code":{"insertions":28,"deletions":52}}}]},{"date":"2023-10-14","commitResults":[{"hash":"d865bcc452eb38f172dbfe342c7034434558d600","isMergeCommit":true,"messageTitle":"Merge branch \u0027master\u0027 into modify-delete-using-student-number","messageBody":"","fileTypesAndContributionMap":{}},{"hash":"fd5a3d8e5df7cc27669519031ae4919b2ded51fd","isMergeCommit":false,"messageTitle":"Improve code quality","messageBody":"","fileTypesAndContributionMap":{"functional-code":{"insertions":3,"deletions":3}}},{"hash":"061ef6002bf194fe935775852e8ed969510dc28c","isMergeCommit":false,"messageTitle":"Update test cases","messageBody":"","fileTypesAndContributionMap":{"test-code":{"insertions":10,"deletions":34}}},{"hash":"28322986d933aa074b3a15afbb3e6a8e379acab5","isMergeCommit":false,"messageTitle":"Finish changing delete","messageBody":"","fileTypesAndContributionMap":{"functional-code":{"insertions":31,"deletions":13},"test-code":{"insertions":31,"deletions":15}}},{"hash":"27b59428da7c4de8c8a889e4fa7ef3242f27bcfc","isMergeCommit":false,"messageTitle":"Refactor arePrefixesPresent function","messageBody":"","fileTypesAndContributionMap":{"functional-code":{"insertions":10,"deletions":28}}},{"hash":"a1c3acd2133e4211c6fee1ed346607e9addff3ad","isMergeCommit":false,"messageTitle":"Add test cases","messageBody":"","fileTypesAndContributionMap":{"test-code":{"insertions":1,"deletions":0}}}]},{"date":"2023-10-15","commitResults":[{"hash":"8063f25f49a53e7406e018009facc39f588277d1","isMergeCommit":false,"messageTitle":"Refactor Person into Student","messageBody":"","fileTypesAndContributionMap":{"functional-code":{"insertions":470,"deletions":468},"other":{"insertions":129,"deletions":129},"docs":{"insertions":49,"deletions":49},"test-code":{"insertions":740,"deletions":739}}},{"hash":"8137b8a17641f8de403fd602a7673a597c655ead","isMergeCommit":false,"messageTitle":"Refactor Person into Student","messageBody":"","fileTypesAndContributionMap":{"functional-code":{"insertions":7,"deletions":7},"other":{"insertions":9,"deletions":8},"docs":{"insertions":1,"deletions":1},"test-code":{"insertions":20,"deletions":20}}},{"hash":"af2875534c0f748d8b562163f357049bbfd42eec","isMergeCommit":true,"messageTitle":"Merge pull request #65 from ChangruHenryQian/change-person-to-student","messageBody":"Refactor Person into Student","fileTypesAndContributionMap":{}}]},{"date":"2023-10-16","commitResults":[{"hash":"35fede1c089e07e317c9e55c7b8a3e06a7c54b51","isMergeCommit":true,"messageTitle":"Merge pull request #69 from ngeeyonglim/add-function","messageBody":"Edit StudentNumber class method","fileTypesAndContributionMap":{}}]},{"date":"2023-10-17","commitResults":[{"hash":"e6a6890168b6d8ef0361f77bb6dd57f941f44435","isMergeCommit":true,"messageTitle":"Merge pull request #71 from LWZ19/modify-lookup-command","messageBody":"Modify lookup command","fileTypesAndContributionMap":{}}]},{"date":"2023-10-18","commitResults":[{"hash":"de76ace5e8359fd555c5fd1a7c4b7717100ce8be","isMergeCommit":false,"messageTitle":"Implement mark attendance feature","messageBody":"","fileTypesAndContributionMap":{"functional-code":{"insertions":142,"deletions":8}}},{"hash":"342c5537200eb93a86a336c3f4cf5099df39319f","isMergeCommit":false,"messageTitle":"Improve error handling","messageBody":"","fileTypesAndContributionMap":{"functional-code":{"insertions":36,"deletions":6}}}]},{"date":"2023-10-19","commitResults":[{"hash":"582ebcba7913e480b060e16ab55bdede58cedf1c","isMergeCommit":true,"messageTitle":"Merge branch \u0027master\u0027 into add-feature-mark-attendance","messageBody":"# Conflicts:\n#\tsrc/main/java/seedu/address/logic/Messages.java\n#\tsrc/main/java/seedu/address/logic/parser/AddressBookParser.java\n#\tsrc/main/java/seedu/address/model/student/ClassDetails.java\n","fileTypesAndContributionMap":{}}]}]},"authorFileTypeContributionMap":{"YeoBohShin":{"docs":125,"functional-code":403,"test-code":443},"Cikguseven":{"docs":141,"functional-code":564,"test-code":805},"ngeeyonglim":{"docs":43,"functional-code":496,"test-code":480},"LWZ19":{"docs":85,"functional-code":242,"test-code":256},"ChangruHenryQian":{"docs":61,"functional-code":714,"test-code":832}},"authorContributionVariance":{"YeoBohShin":24267.318,"Cikguseven":55975.805,"ngeeyonglim":35985.527,"LWZ19":34348.49,"ChangruHenryQian":278304.94},"authorDisplayNameMap":{"YeoBohShin":"CS2103T-T11-1 YEO ..SHIN","Cikguseven":"CS2103T-T11-1 KIER.. WEI","ngeeyonglim":"CS2103T-T11-1 LIM ..YONG","LWZ19":"CS2103T-T11-1 LIAN..HONG","ChangruHenryQian":"CS2103T-T11-1 QIAN..NGRU"}}
