{"authorDailyContributionsMap":{"Kb-Tay":[{"date":"2023-09-26","commitResults":[{"hash":"c5e34406f2643e8226ec3adf1b23d630566b372c","isMergeCommit":true,"messageTitle":"Merge pull request #23 from jylow/branch-docs-aboutUs","messageBody":"Add aboutUs page for Jun Yu","fileTypesAndContributionMap":{}},{"hash":"b8421743f5efe6bd7d3c506b7a16d371066f2813","isMergeCommit":false,"messageTitle":"Update aboutUs for Aaron profile","messageBody":"","fileTypesAndContributionMap":{"docs":{"insertions":6,"deletions":6}}}]},{"date":"2023-09-29","commitResults":[{"hash":"1e72f348ec17f210581689cbcf69b1cc0442af2e","isMergeCommit":false,"messageTitle":"Update image naming","messageBody":"","fileTypesAndContributionMap":{"docs":{"insertions":2,"deletions":2}}},{"hash":"550d683db07d779a659a1bbea9e7205dd1215ef7","isMergeCommit":false,"messageTitle":"Update PPP","messageBody":"","fileTypesAndContributionMap":{"docs":{"insertions":23,"deletions":1}}},{"hash":"3805df19166734eedd51b8ce87a1aae88b48254d","isMergeCommit":true,"messageTitle":"Merge pull request #44 from sopa301/branch-enhancement-editPersonFields","messageBody":"Change NextOfKin class references to be more clear","fileTypesAndContributionMap":{}}]},{"date":"2023-10-02","commitResults":[{"hash":"8c4f1dbf7536c7a066776baaabbceb17feac4599","isMergeCommit":false,"messageTitle":"Update user guide to contain v1.2 features","messageBody":"","fileTypesAndContributionMap":{"docs":{"insertions":62,"deletions":23}}}]},{"date":"2023-10-06","commitResults":[{"hash":"ba5d02332fb897176108538ed5f8b15355732612","isMergeCommit":false,"messageTitle":"Update UserGuide.md","messageBody":"","fileTypesAndContributionMap":{"docs":{"insertions":1,"deletions":1}}}]},{"date":"2023-10-07","commitResults":[{"hash":"f752ed3a032caca257d647a74d416293b3aadb65","isMergeCommit":true,"messageTitle":"Merge pull request #54 from sopa301/branch-bug-UG","messageBody":"Remove references from User Guide","tags":["v1.2"],"fileTypesAndContributionMap":{}}]},{"date":"2023-10-15","commitResults":[{"hash":"6e0918113f45369c0b42fde0f88a887df82ed144","isMergeCommit":false,"messageTitle":"Add appointment field to Person","messageBody":"","fileTypesAndContributionMap":{"functional-code":{"insertions":43,"deletions":2}}}]},{"date":"2023-10-17","commitResults":[{"hash":"2c81fc7924d22183e8633b61fce529e9740b1b5e","isMergeCommit":false,"messageTitle":"Add an Appointment field to Person and implement ScheduleCommand.","messageBody":"Previously, person contact did not have have an appointment field. There was no command to schedule appointment.\n\nAdd the Appointment class for appointments made and NullAppointment subclass for empty appointments. Added command to add appointment for a person.\n\nThis is done so as to allow user to schedule appointment for his clients\n","fileTypesAndContributionMap":{"functional-code":{"insertions":401,"deletions":56},"test-code":{"insertions":39,"deletions":17}}},{"hash":"d8581e962c6eeb1976bc065af298b1affbef77e4","isMergeCommit":false,"messageTitle":"Update naming of functions to be clearer","messageBody":"","fileTypesAndContributionMap":{"functional-code":{"insertions":7,"deletions":7},"test-code":{"insertions":1,"deletions":1}}},{"hash":"91567c8159bab82ea21598424b03385ca41eeb18","isMergeCommit":false,"messageTitle":"Update JavaFx to show Appointment","messageBody":"","fileTypesAndContributionMap":{"functional-code":{"insertions":5,"deletions":0}}}]},{"date":"2023-10-19","commitResults":[{"hash":"3ffef3587049a9899a0d14734a5aed36c34fa78b","isMergeCommit":true,"messageTitle":"Merge branch \u0027master\u0027 into branch-Feature-addAppointment","messageBody":"","fileTypesAndContributionMap":{}},{"hash":"8ea14fc1b4d0b061f1a8c8444803fecb7fe83ad2","isMergeCommit":false,"messageTitle":"Merge conflicts with upstream master","messageBody":"","fileTypesAndContributionMap":{"functional-code":{"insertions":14,"deletions":13},"test-code":{"insertions":28,"deletions":16}}},{"hash":"ffe5a4a1904a35b637849e90ef915a0dd8d1423a","isMergeCommit":false,"messageTitle":"Add test cases for ScheduleCommand and ScheduleCommandParser","messageBody":"","fileTypesAndContributionMap":{"functional-code":{"insertions":3,"deletions":0},"test-code":{"insertions":122,"deletions":5}}},{"hash":"174a6f4a262e41775218a7307c5749433ad7660f","isMergeCommit":true,"messageTitle":"Merge branch \u0027master\u0027 into branch-Feature-addAppointment","messageBody":"","fileTypesAndContributionMap":{}}]},{"date":"2023-10-20","commitResults":[{"hash":"6e1c5a6376f67db34770a5ff8048e762d996576a","isMergeCommit":false,"messageTitle":"Add Error handling for ScheduleCommandParser","messageBody":"","fileTypesAndContributionMap":{"functional-code":{"insertions":57,"deletions":23},"test-code":{"insertions":6,"deletions":0}}},{"hash":"9b156da8b87b77a3bc7458e97e4c00a554f6a898","isMergeCommit":false,"messageTitle":"Bug fixes for Schedule Command and add testing. Add testing for Appointment, Schedule Command, Schedule Comamnd Parser","messageBody":"","fileTypesAndContributionMap":{"functional-code":{"insertions":33,"deletions":20},"test-code":{"insertions":209,"deletions":19}}}]},{"date":"2023-10-22","commitResults":[{"hash":"0a51114377cf87fe3cbf92d1a9ab8a6a516e0031","isMergeCommit":false,"messageTitle":"Refactor Appointment class. Add testing for NullAppointment","messageBody":"","fileTypesAndContributionMap":{"functional-code":{"insertions":70,"deletions":38},"other":{"insertions":4,"deletions":0},"test-code":{"insertions":37,"deletions":3}}},{"hash":"11d7ea2f6be729eb6ea7dc7f6c8b122c3a99e4b0","isMergeCommit":false,"messageTitle":"Fix checkstyle issues","messageBody":"","fileTypesAndContributionMap":{"functional-code":{"insertions":0,"deletions":14},"test-code":{"insertions":3,"deletions":2}}}]},{"date":"2023-10-23","commitResults":[{"hash":"698124c96b3ebd439d1f982ccf5522cfd406e2bb","isMergeCommit":false,"messageTitle":"Update diagrams for ModelClass and StorageClass","messageBody":"","fileTypesAndContributionMap":{"docs":{"insertions":21,"deletions":0}}},{"hash":"a5d55daeee4da02f57a15e9446e31e2b6a998374","isMergeCommit":false,"messageTitle":"Add class diagram for Schedule","messageBody":"","fileTypesAndContributionMap":{"docs":{"insertions":32,"deletions":0}}},{"hash":"ddcef3ac29d3abb41b26b7eee9d7f5b80de64a1d","isMergeCommit":false,"messageTitle":"Rename getNullAppointment function to follow naming conventions","messageBody":"","fileTypesAndContributionMap":{"functional-code":{"insertions":4,"deletions":4},"test-code":{"insertions":6,"deletions":6}}},{"hash":"707b5901e12d98555f3ad53851207598a3d6c5b4","isMergeCommit":true,"messageTitle":"Merge pull request #108 from Kb-Tay/branch-Feature-RefactorAppointment","messageBody":"Refactor Appointment class. Add testing for NullAppointment","fileTypesAndContributionMap":{}},{"hash":"c2d2e1c4299cf626daeeff83007354572b832fd3","isMergeCommit":false,"messageTitle":"Update developer guide diagrams","messageBody":"","fileTypesAndContributionMap":{"docs":{"insertions":2,"deletions":1}}}]},{"date":"2023-10-24","commitResults":[{"hash":"43d8bfea4d6095afc9a1f65b9da1342fcdf2b0bb","isMergeCommit":false,"messageTitle":"Update Appointment to have a Person Field","messageBody":"Currently, association of Person and Appointment is unidiectional\n\nUpdate the association to be bidirectional, to allow Appointment List to show the person having the appointment\n","fileTypesAndContributionMap":{"functional-code":{"insertions":12,"deletions":1},"test-code":{"insertions":4,"deletions":0}}},{"hash":"e307b8079468cf77f569f5ebee025f6832909563","isMergeCommit":false,"messageTitle":"Add Complete Command. Complete command clears appointments by person list index or by date","messageBody":"Currently, there is no command to clear the appointments finished\n\nCreate a new command that takes in a optional index that clears Person appointment by person list index. Command can optionally take in date and clear all Persons having the appointments of the same date\n","fileTypesAndContributionMap":{"functional-code":{"insertions":221,"deletions":1}}}]},{"date":"2023-10-25","commitResults":[{"hash":"0b385b1406e5f8fbb204e8f0a429b61a40139c65","isMergeCommit":false,"messageTitle":"Update Complete Command to clear Appointments by date only","messageBody":"Previously, appointments were cleared according to the input date and time\n\nCompleteCommandParser is updated to clear all appointments that have the same matching date without needing to specify a time field\n","fileTypesAndContributionMap":{"functional-code":{"insertions":70,"deletions":38},"test-code":{"insertions":6,"deletions":0}}}]},{"date":"2023-10-26","commitResults":[{"hash":"74da816a19428a2d8789834d8d0f96ae80edca28","isMergeCommit":false,"messageTitle":"Add test for CompleteCommand","messageBody":"","fileTypesAndContributionMap":{"functional-code":{"insertions":38,"deletions":5},"test-code":{"insertions":130,"deletions":0}}},{"hash":"d075b3c6d74b6dc3c5a6f257879e14862da594ef","isMergeCommit":false,"messageTitle":"Fix checkstyle errors","messageBody":"","fileTypesAndContributionMap":{"docs":{"insertions":1,"deletions":5}}},{"hash":"129260b9538494376f88e3df7db11fd19070ddfc","isMergeCommit":false,"messageTitle":"Add tests for CompleteCommandParser and CompleteCommand","messageBody":"","fileTypesAndContributionMap":{"test-code":{"insertions":45,"deletions":6}}},{"hash":"1719ecc84f6f6097bdf66f3d074719681146dc18","isMergeCommit":false,"messageTitle":"Update mistakes in ModelClass Diagram","messageBody":"","fileTypesAndContributionMap":{"docs":{"insertions":7,"deletions":4}}},{"hash":"9004768e2a730e1cb5036ef916803d5bd7c63dd4","isMergeCommit":true,"messageTitle":"Merge branch \u0027master\u0027 into branch-Docs-UpdateDiagrams","messageBody":"","fileTypesAndContributionMap":{}},{"hash":"841e4d85aca5a069533800b5fadb8b7ca09d3d55","isMergeCommit":false,"messageTitle":"Update UG to have Schedule and Complete command","messageBody":"","fileTypesAndContributionMap":{"docs":{"insertions":43,"deletions":11}}},{"hash":"c1ce7eddbda0ef57c8221693eb05b694cad9758d","isMergeCommit":true,"messageTitle":"Merge pull request #128 from Kb-Tay/branch-Docs-UpdateDiagrams","messageBody":"Update UML diagrams for Model and Storage","fileTypesAndContributionMap":{}},{"hash":"531ed1b7b7de5fa66a96dbd93aee78afc96e4003","isMergeCommit":false,"messageTitle":"Add overview of how Command is executed","messageBody":"","fileTypesAndContributionMap":{"docs":{"insertions":17,"deletions":0}}},{"hash":"03c2a4cf388c444f5eb7400bd8732925be46ae5e","isMergeCommit":true,"messageTitle":"Merge branch \u0027master\u0027 into branch-Docs-UpdateDG","messageBody":"","fileTypesAndContributionMap":{}},{"hash":"35b00bdb89ba54581f11b1de587c68d2a7bcfdaa","isMergeCommit":false,"messageTitle":"Add Schedule Command UML and design considerations","messageBody":"","fileTypesAndContributionMap":{"docs":{"insertions":44,"deletions":1}}},{"hash":"ff2c25a0b1e45c271b841e0a1e25c25f7f3ede22","isMergeCommit":false,"messageTitle":"Update error message to be more specific","messageBody":"","fileTypesAndContributionMap":{"functional-code":{"insertions":1,"deletions":1}}},{"hash":"0907846cb5e9fcfa50f7286bf7d4fb4cf9541751","isMergeCommit":false,"messageTitle":"Fix checkstyle errors","messageBody":"","fileTypesAndContributionMap":{"docs":{"insertions":1,"deletions":1}}},{"hash":"792984faf4dad27499a7c12a9678930bdc772898","isMergeCommit":false,"messageTitle":"Update error messages for invalid user input","messageBody":"","fileTypesAndContributionMap":{"functional-code":{"insertions":5,"deletions":5},"test-code":{"insertions":1,"deletions":2}}}]},{"date":"2023-10-27","commitResults":[{"hash":"f604de71bcac5a75b4b58faf1d4b1378e4b8cbe8","isMergeCommit":true,"messageTitle":"Merge branch \u0027master\u0027 into branch-Feature-CompleteCommandNew","messageBody":"","fileTypesAndContributionMap":{}}]},{"date":"2023-11-02","commitResults":[{"hash":"27207f8f5b7d420747f1b773bc8c5c15bd0f93a2","isMergeCommit":false,"messageTitle":"Fix bugs in Complete Command","messageBody":"Previously, the complete command shows success message for NullAppointments and for appointments with no matching dates\n\nUpdate the complete command to show error messages for the two cases\n\nThis is to inform users that complete command did not execute for invalid inputs\n","fileTypesAndContributionMap":{"functional-code":{"insertions":33,"deletions":12},"test-code":{"insertions":1,"deletions":1}}},{"hash":"2d64fbba1f5fb08a460ddd0227ff231dae31c354","isMergeCommit":true,"messageTitle":"Merge pull request #153 from sopa301/branch-doc-userGuide","messageBody":"Update User Guide","fileTypesAndContributionMap":{}},{"hash":"8d53efe60352ea02ae251978e06fc5c036b08c79","isMergeCommit":false,"messageTitle":"Update error messages","messageBody":"","fileTypesAndContributionMap":{"functional-code":{"insertions":4,"deletions":3}}},{"hash":"3b71752cdc0eec53c1776d7f041f88297c1e46c2","isMergeCommit":true,"messageTitle":"Merge branch \u0027master\u0027 into branch-Bug-CompleteCommand","messageBody":"","fileTypesAndContributionMap":{}},{"hash":"787b144fe11a0ef486247d309148e4e9b88af447","isMergeCommit":false,"messageTitle":"Add tests for Complete Command. Command should show error when date input has no matching appointments or when person indexed has no appointment","messageBody":"","fileTypesAndContributionMap":{"functional-code":{"insertions":0,"deletions":2},"test-code":{"insertions":27,"deletions":1}}},{"hash":"163358811fbbe2a17bac190b1dca3426380ab72a","isMergeCommit":false,"messageTitle":"Fix checkstyle","messageBody":"","fileTypesAndContributionMap":{"test-code":{"insertions":2,"deletions":5}}},{"hash":"4f59dfd34675eec2be20698e590924ba3bbb2e58","isMergeCommit":true,"messageTitle":"Merge pull request #155 from sopa301/branch-bug-nokErrors","messageBody":"Add custom error messages for Next-of-kin fields","fileTypesAndContributionMap":{}}]},{"date":"2023-11-05","commitResults":[{"hash":"2b7430949a92c81359c3f15ee6bd5d820dd039bd","isMergeCommit":false,"messageTitle":"Update CompleteCommand to only accept either Index or LocalDate","messageBody":"Previously, there was a bug that allowed both arguments to be input together\n\nUpdated the parser to only allow either one of the arguments but not both at the same time, else the command usage message will be rendered to user.\n\nThis is to make it clearer to prevent confusing behaviour for the user\n","fileTypesAndContributionMap":{"functional-code":{"insertions":16,"deletions":14}}},{"hash":"10f6d713ab5f1cf192801e3d531a48083aa15c64","isMergeCommit":false,"messageTitle":"Add testing for invalid complete command when both index and date is specifieed","messageBody":"","fileTypesAndContributionMap":{"test-code":{"insertions":10,"deletions":6}}},{"hash":"9b4a625d30c988b8b6cebe7c1dad837a25529a02","isMergeCommit":false,"messageTitle":"Update documentation for Schedule Implementation in DG","messageBody":"","fileTypesAndContributionMap":{"docs":{"insertions":25,"deletions":11}}},{"hash":"9c88eca14714db22f17f8fe655142cfcd01f1098","isMergeCommit":false,"messageTitle":"Remove duplicate documentation for Find in DG","messageBody":"","fileTypesAndContributionMap":{"docs":{"insertions":2,"deletions":17}}},{"hash":"4193f531fbac2c5644cb589ed3e874b6edcd6e67","isMergeCommit":false,"messageTitle":"Remove duplicate content","messageBody":"","fileTypesAndContributionMap":{"docs":{"insertions":0,"deletions":21}}},{"hash":"7ef72014af85b9fba759d6db4e69d176725d67ea","isMergeCommit":false,"messageTitle":"Add documentation for Complete Command and activity diagram forSchedule Command","messageBody":"","fileTypesAndContributionMap":{"docs":{"insertions":175,"deletions":0}}},{"hash":"32364958f753119dd54872b8f9d389dc3e8bfb14","isMergeCommit":true,"messageTitle":"Merge branch \u0027master\u0027 into branch-Docs-UpdateDG","messageBody":"","fileTypesAndContributionMap":{}}]},{"date":"2023-11-07","commitResults":[{"hash":"9109f9abdee2524cb0e1dc883c88592a1b698c80","isMergeCommit":false,"messageTitle":"Refactor Complete Command code","messageBody":"Previously, a Complete command descriptor was used to check if user update by date or index. As such, multiple null checks were made\n\nUpdate Complete Command to have subclasses that will execute differently if user input index or date\n\nThis cleans up code and removes the needs for multiple null checks\n","fileTypesAndContributionMap":{"functional-code":{"insertions":134,"deletions":133},"test-code":{"insertions":167,"deletions":57}}},{"hash":"bb5d9c9a56be7f67b8ec0b00553654da752af0f3","isMergeCommit":false,"messageTitle":"Update UG for Complete and Schedule Command to be clearer","messageBody":"Previously, the format for user\u0027s date input for Complete and Schedule is unclear\n\nUG is update to clearly differentiate the input for Complete and Schedule command. The way complete command works is also illustrated more clearly\n\nThis is to prevent confusion when using the features\n","fileTypesAndContributionMap":{"docs":{"insertions":35,"deletions":21}}},{"hash":"0aa9aaab3101f7ca15a6c5c47e41989b2f6b23c8","isMergeCommit":true,"messageTitle":"Merge branch \u0027master\u0027 into branch-Docs-UpdateUG","messageBody":"","fileTypesAndContributionMap":{}}]}],"nikele2001":[{"date":"2023-09-26","commitResults":[{"hash":"e099d5c9090033af29f692d6888dde83945d19e5","isMergeCommit":false,"messageTitle":"update aboutUs - Nicholas","messageBody":"","fileTypesAndContributionMap":{"docs":{"insertions":4,"deletions":4}}},{"hash":"fb91a78d1978ef479b389ddb2ef07ba5905104a9","isMergeCommit":true,"messageTitle":"Merge pull request #26 from nikele2001/branch-docs-aboutUs","messageBody":"update aboutUs - Nicholas","fileTypesAndContributionMap":{}},{"hash":"9c2469570691c40ffe5640c49005b236030029af","isMergeCommit":true,"messageTitle":"Merge pull request #27 from Kb-Tay/branch-Docs-aboutUs","messageBody":"Update aboutUs for Aaron profile","fileTypesAndContributionMap":{}}]},{"date":"2023-09-27","commitResults":[{"hash":"9bb70f53127f00dcc474da1a5bca58986d712a2c","isMergeCommit":true,"messageTitle":"Merge pull request #34 from sopa301/branch-docs-readme","messageBody":"Update README for UnoFAS v1.1","fileTypesAndContributionMap":{}},{"hash":"4025faf3842834527b621752e8e4ee0fa462b6a8","isMergeCommit":true,"messageTitle":"Merge pull request #31 from sopa301/branch-docs-updatePPP","messageBody":"Add PPP file for Ryan","fileTypesAndContributionMap":{}},{"hash":"46f9f7b57cb1e712f9dcdca831d34fe91737ebed","isMergeCommit":false,"messageTitle":"Add PPP File for Nicholas","messageBody":"","fileTypesAndContributionMap":{"docs":{"insertions":22,"deletions":0}}},{"hash":"abfa7a6deb4e2dddf5b66382934ef1ba91de1faf","isMergeCommit":false,"messageTitle":"Fix naming conventions for PPP skeleton and photo","messageBody":"","fileTypesAndContributionMap":{"other":{"insertions":580,"deletions":0},"docs":{"insertions":0,"deletions":0}}},{"hash":"e8430b60a2602109d9ca6a7f4af6ed6cb27acecb","isMergeCommit":true,"messageTitle":"Fix some naming conventions for PPP skeleton and photo","messageBody":"","fileTypesAndContributionMap":{}},{"hash":"846c32e67ee58fd8237ef990ede66029337f574a","isMergeCommit":true,"messageTitle":"Merge pull request #42 from AlyssaPng/branch-docs-PPP","messageBody":"Add PPP Skeleton and fix naming conventions","fileTypesAndContributionMap":{}}]},{"date":"2023-09-28","commitResults":[{"hash":"93e53b39cedae8f917ac3e563af1e304f7608e32","isMergeCommit":true,"messageTitle":"Merge pull request #43 from sopa301/branch-enhancement-editPersonFields","messageBody":"Branch enhancement edit person fields","fileTypesAndContributionMap":{}},{"hash":"ab4763183beb751bc7ba2fe27995fed93914d4d4","isMergeCommit":true,"messageTitle":"Merge branch \u0027master\u0027 of https://github.com/AY2324S1-CS2103T-F12-1/tp","messageBody":"","fileTypesAndContributionMap":{}}]},{"date":"2023-10-06","commitResults":[{"hash":"881e929b420fc15fe507d68d6dcafdd4357bec4b","isMergeCommit":false,"messageTitle":"Editted use cases and NFRs in Developer Guide","messageBody":"","fileTypesAndContributionMap":{"other":{"insertions":2,"deletions":0},"docs":{"insertions":52,"deletions":33}}},{"hash":"2e1780830674a87431eeb63db258bd5bd42e01dc","isMergeCommit":true,"messageTitle":"Merge branch \u0027master\u0027 of https://github.com/AY2324S1-CS2103T-F12-1/tp into branch-docs-DG","messageBody":"","fileTypesAndContributionMap":{}},{"hash":"087393f728ee2d14b4b4af836604176e2b581028","isMergeCommit":false,"messageTitle":"Remove binary files","messageBody":"","fileTypesAndContributionMap":{"other":{"insertions":0,"deletions":582}}}]},{"date":"2023-10-16","commitResults":[{"hash":"2b0750cd902c65323f38295680be4d314c9acbc3","isMergeCommit":false,"messageTitle":"Update user guide link","messageBody":"","fileTypesAndContributionMap":{"functional-code":{"insertions":1,"deletions":1}}},{"hash":"6ea8d1950a4e1fbccc78bfd9d7c22e0278f240c0","isMergeCommit":false,"messageTitle":"Add financial plan tags but tests not done yet","messageBody":"","fileTypesAndContributionMap":{"functional-code":{"insertions":279,"deletions":52},"test-code":{"insertions":114,"deletions":81}}},{"hash":"e353ff7f6370551dc799d199ba7d5a0a2c9570ba","isMergeCommit":false,"messageTitle":"Update UG link","messageBody":"","fileTypesAndContributionMap":{"functional-code":{"insertions":1,"deletions":1}}},{"hash":"188a977b935dcb859d7840b5f4bbe564a75b4e8f","isMergeCommit":false,"messageTitle":"Fix some errors due to tests. Left with failing testcases in LogicManagerTest and EditCommandTest","messageBody":"","fileTypesAndContributionMap":{"test-code":{"insertions":15,"deletions":8}}},{"hash":"016519c96df8c8bbf4692d543443c4181a07a22b","isMergeCommit":false,"messageTitle":"Fix some bugs","messageBody":"","fileTypesAndContributionMap":{"functional-code":{"insertions":51,"deletions":16},"test-code":{"insertions":4,"deletions":10}}},{"hash":"a31213d6a9d96ef1f0d7a2d66ff98e553e7be7aa","isMergeCommit":false,"messageTitle":"Fix failing testcases in AddressBookParserTest","messageBody":"","fileTypesAndContributionMap":{"functional-code":{"insertions":1,"deletions":1},"test-code":{"insertions":3,"deletions":2}}}]},{"date":"2023-10-17","commitResults":[{"hash":"98e757554575d421032ed91cb540555105e7e19f","isMergeCommit":false,"messageTitle":"Fix some checkstyle violations","messageBody":"","fileTypesAndContributionMap":{"functional-code":{"insertions":6,"deletions":3},"test-code":{"insertions":94,"deletions":22}}},{"hash":"3ed936c12e89e41f656548889a6dc1645a48e6b0","isMergeCommit":true,"messageTitle":"Merge pull request #67 from sopa301/branch-enhancement-availableKeywords","messageBody":"Add available keywords to HelpCommand message","fileTypesAndContributionMap":{}},{"hash":"e99d034f384562959d35c3d6cc352661ff37f58d","isMergeCommit":false,"messageTitle":"Change naming conventions and resolved wildcard imports","messageBody":"","fileTypesAndContributionMap":{"functional-code":{"insertions":17,"deletions":11},"other":{"insertions":2,"deletions":2},"test-code":{"insertions":3,"deletions":3}}}]},{"date":"2023-10-18","commitResults":[{"hash":"6f6648bde9eef6868be33869e0728db80b1eab0a","isMergeCommit":false,"messageTitle":"Remove Financial Plan Title","messageBody":"","fileTypesAndContributionMap":{"functional-code":{"insertions":0,"deletions":4}}}]},{"date":"2023-10-19","commitResults":[{"hash":"845ef75ef09f78c27f27fa477203c6a48925b4d5","isMergeCommit":false,"messageTitle":"Update Help command to include other command words, gather and sort.","messageBody":"","fileTypesAndContributionMap":{"functional-code":{"insertions":3,"deletions":1}}}]},{"date":"2023-10-20","commitResults":[{"hash":"4b607affdf316f0803b3a5a044cf2f06e7b28e89","isMergeCommit":false,"messageTitle":"Update Help Command","messageBody":"","fileTypesAndContributionMap":{"functional-code":{"insertions":1,"deletions":0}}},{"hash":"31e9142c305e76eabf2ece49e7454d5c512e63b2","isMergeCommit":true,"messageTitle":"Merge pull request #87 from sopa301/branch-docs-1.2bUpdate","messageBody":"Update UG for help and clear","fileTypesAndContributionMap":{}},{"hash":"93a9877fcee706fd116099bf40a49c7680caf51c","isMergeCommit":false,"messageTitle":"Fixed bugs regarding Person equals() method and wrong error message raised for Schedule Command","messageBody":"","fileTypesAndContributionMap":{"functional-code":{"insertions":2,"deletions":3}}},{"hash":"e40a4b21b22113d0d8bdb4f380bb2c8881dd7d38","isMergeCommit":false,"messageTitle":"Remove unused imports","messageBody":"","fileTypesAndContributionMap":{"functional-code":{"insertions":0,"deletions":1}}}]},{"date":"2023-10-23","commitResults":[{"hash":"c9ae23ac7fcc12f8e312f6b2d0c738abbb42fde3","isMergeCommit":false,"messageTitle":"Add sidebar to interface to depict pending appointments","messageBody":"The application currently does not allow the user to view upcoming appointments in an intuitive and convenient manner.\n\nAdding a sidebar containing upcoming appointments allows users to look through what are their upcoming appointments which allows them to plan their future schedules out more easily.\n\nLet\u0027s:\n- Create a sidebar that contains upcoming appointments\n- Sort the appointments in the sidebar in chronological order\n- For each entry in the sidebar, they contain the appointment name, the client\u0027s name, date and time of the appointment.\n","fileTypesAndContributionMap":{"functional-code":{"insertions":219,"deletions":5},"test-code":{"insertions":6,"deletions":0}}},{"hash":"0c8afffcb636ad13f8ab3a5cafc9d20f46ded34e","isMergeCommit":false,"messageTitle":"Fix checkstyle violations","messageBody":"","fileTypesAndContributionMap":{"functional-code":{"insertions":5,"deletions":6}}},{"hash":"3763db9b507549fdbedf100f9de58ce5d85b10d9","isMergeCommit":false,"messageTitle":"Fix checkstyle violations for fxml files","messageBody":"","fileTypesAndContributionMap":{"functional-code":{"insertions":1,"deletions":1}}},{"hash":"16ac0381370ab6650489206964c70530c0f55865","isMergeCommit":true,"messageTitle":"Merge branch \u0027master\u0027 of https://github.com/AY2324S1-CS2103T-F12-1/tp into Branch-Add-Appointment-Sidebar","messageBody":"","fileTypesAndContributionMap":{}},{"hash":"dd33aeef5804fe99c9559d9f43e99115abe6a7e5","isMergeCommit":false,"messageTitle":"Refactor code to work with new Appointment Implementation, edit UI","messageBody":"Make adjustments for existing implementation of Appointment, NullAppointment and ScheduleItem. Fixed viewport width of application and changed the height of the appointment card.\n","fileTypesAndContributionMap":{"functional-code":{"insertions":8,"deletions":8}}},{"hash":"154d3936a18fcd70a39ac28acb4761f2b86c8ab0","isMergeCommit":false,"messageTitle":"Sort appointment sidebar according to appointment timings","messageBody":"","fileTypesAndContributionMap":{"functional-code":{"insertions":42,"deletions":1}}},{"hash":"9064151be99f33ee08ceeeeb1a4dde46e2a66607","isMergeCommit":false,"messageTitle":"Fix checkstyle violations","messageBody":"","fileTypesAndContributionMap":{"functional-code":{"insertions":2,"deletions":2}}},{"hash":"9a7fb65ef15bfb8d5ee026d58b9cf495d39f41b0","isMergeCommit":true,"messageTitle":"Merge pull request #110 from nikele2001/Branch-Add-Appointment-Sidebar","messageBody":"Add sidebar to interface to depict pending appointments","fileTypesAndContributionMap":{}}]},{"date":"2023-10-24","commitResults":[{"hash":"9c6830ba132f6a04dab4d68b17a94d4fa8e3ff19","isMergeCommit":false,"messageTitle":"Fix bugs related to sidebar","messageBody":"Adding appointments to clients does not preserve chronological ordering of appointments in sidebar unless user restarts the application. This makes it cumbersome for the user to obtain a list of pending appointments sorted chronologically.\n\nLet\u0027s:\n- preserve the chronological ordering of appointments in the appointment list at all times\n","fileTypesAndContributionMap":{"functional-code":{"insertions":4,"deletions":2}}},{"hash":"0e292b9f025419f423846e3b6000122a557e4f47","isMergeCommit":false,"messageTitle":"Add testing for retrieving appointment list from Model and Logic","messageBody":"","fileTypesAndContributionMap":{"functional-code":{"insertions":0,"deletions":7},"test-code":{"insertions":40,"deletions":0}}},{"hash":"514f869ff754788ad9509257c9284203b3f32b0f","isMergeCommit":false,"messageTitle":"Fix checkstyle violations","messageBody":"","fileTypesAndContributionMap":{"test-code":{"insertions":1,"deletions":1}}},{"hash":"17c43f82151951c8e0be8db8847fb256e74207bb","isMergeCommit":true,"messageTitle":"Merge pull request #1 from nikele2001/Branch-Add-Appointment-Sidebar","messageBody":"Branch add appointment sidebar","fileTypesAndContributionMap":{}},{"hash":"d73c8986e2a4a1a5050d6ca3f745f8fe2cb6e620","isMergeCommit":false,"messageTitle":"Update Developer\u0027s Guide","messageBody":"Added use cases for adding financial plans and appointments to clients and sorting clients\u0027 contacts\n","fileTypesAndContributionMap":{"docs":{"insertions":76,"deletions":2}}},{"hash":"47bae0efd252bce9283c9e8bb7811e56159351b1","isMergeCommit":false,"messageTitle":"Update PPP","messageBody":"","fileTypesAndContributionMap":{"docs":{"insertions":3,"deletions":3}}},{"hash":"a33f5576cbfe9f06963c710f23d29c3b8ab1653a","isMergeCommit":true,"messageTitle":"Merge pull request #121 from Kb-Tay/branch-Feature-CompleteCommand","messageBody":"Update Appointment to have a Person Field","fileTypesAndContributionMap":{}},{"hash":"a6c76f80ee196378061c2b7a2072c685c8ccef43","isMergeCommit":false,"messageTitle":"Add person name in appointment sidebar","messageBody":"","fileTypesAndContributionMap":{"functional-code":{"insertions":11,"deletions":4}}}]},{"date":"2023-10-26","commitResults":[{"hash":"f28e13c27bcc5b5037217c24177f5665325f89dc","isMergeCommit":true,"messageTitle":"Merge pull request #131 from sopa301/branch-bug-combinedPredicatePng","messageBody":"Branch bug combined predicate png","tags":["v1.3.trial"],"fileTypesAndContributionMap":{}},{"hash":"802da61a8867dc140dd971ae665db1576265816a","isMergeCommit":false,"messageTitle":"Update DG and UML diagram","messageBody":"","fileTypesAndContributionMap":{"docs":{"insertions":19,"deletions":0}}},{"hash":"6321c935b230ee9e923070a6068cfd807932e2b0","isMergeCommit":false,"messageTitle":"Update diagram","messageBody":"","fileTypesAndContributionMap":{"docs":{"insertions":2,"deletions":0}}}]},{"date":"2023-10-27","commitResults":[{"hash":"80905101133a45f1fbb3bb6739b777b7d8cdb8a0","isMergeCommit":true,"messageTitle":"Merge pull request #140 from AlyssaPng/branch-docsFix-UserGuide","messageBody":"Update UserGuide","fileTypesAndContributionMap":{}}]},{"date":"2023-11-02","commitResults":[{"hash":"56ed1df1c0acc9e623ef8b02cf902fd54e4a9160","isMergeCommit":false,"messageTitle":"Update User Guide images","messageBody":"","fileTypesAndContributionMap":{"docs":{"insertions":1,"deletions":1}}},{"hash":"909357c96c01c601c8b77c7135d510661a5dba20","isMergeCommit":true,"messageTitle":"Merge branch \u0027branch-enhancement-UI\u0027 of https://github.com/AlyssaPng/tp into pr/151","messageBody":"","fileTypesAndContributionMap":{}}]},{"date":"2023-11-05","commitResults":[{"hash":"907f0ba2013700341c49bb40b1a0a80f03b2585b","isMergeCommit":false,"messageTitle":"Fix some UG bugs","messageBody":"#172, #190, #191, #192, #194, #196, #197, #198, #201, #202\n","fileTypesAndContributionMap":{"functional-code":{"insertions":2,"deletions":2},"docs":{"insertions":42,"deletions":20}}}]},{"date":"2023-11-07","commitResults":[{"hash":"ff45eaba17211192e9a8a452bd1ad1f4e8c2d571","isMergeCommit":false,"messageTitle":"Update docs/UserGuide.md","messageBody":"Co-authored-by: sopa301 \u003c96387349+sopa301@users.noreply.github.com\u003e","fileTypesAndContributionMap":{"docs":{"insertions":1,"deletions":1}}},{"hash":"79f57e9d6239a6de4ac5becb2d382513adbc3155","isMergeCommit":false,"messageTitle":"Update docs/UserGuide.md","messageBody":"Co-authored-by: sopa301 \u003c96387349+sopa301@users.noreply.github.com\u003e","fileTypesAndContributionMap":{"docs":{"insertions":1,"deletions":1}}},{"hash":"6108901882262ce69839ed42ffb6fe3003c77532","isMergeCommit":false,"messageTitle":"Update docs/UserGuide.md","messageBody":"Co-authored-by: sopa301 \u003c96387349+sopa301@users.noreply.github.com\u003e","fileTypesAndContributionMap":{"docs":{"insertions":1,"deletions":1}}},{"hash":"b194d93c31451cbff27263a77a1939825da1d05f","isMergeCommit":false,"messageTitle":"Update docs/UserGuide.md","messageBody":"Co-authored-by: sopa301 \u003c96387349+sopa301@users.noreply.github.com\u003e","fileTypesAndContributionMap":{"docs":{"insertions":1,"deletions":1}}},{"hash":"c364f54cfecc47c39b79fd235acbcc36eeb92adb","isMergeCommit":false,"messageTitle":"Update docs/UserGuide.md","messageBody":"Co-authored-by: sopa301 \u003c96387349+sopa301@users.noreply.github.com\u003e","fileTypesAndContributionMap":{"docs":{"insertions":1,"deletions":1}}},{"hash":"d2c3878831bbfc228bdb7f26962222cd0f4ded48","isMergeCommit":true,"messageTitle":"Fixed more UG bugs","messageBody":"","fileTypesAndContributionMap":{}},{"hash":"2edb63860666144f8ea3cd49d4f69ff8b7a6c3fc","isMergeCommit":true,"messageTitle":"Merge branch \u0027Branch-DG-bugs\u0027 of https://github.com/nikele2001/tp into Branch-DG-bugs","messageBody":"","fileTypesAndContributionMap":{}},{"hash":"6fb54d21eed6ab7c05ba84df9c343197ab25e05d","isMergeCommit":false,"messageTitle":"Fix #197","messageBody":"","fileTypesAndContributionMap":{"docs":{"insertions":2,"deletions":0}}},{"hash":"80177a5d5be90a05c3d714bdf53f65026e1e2867","isMergeCommit":false,"messageTitle":"Fix User Guide bugs","messageBody":"","fileTypesAndContributionMap":{"docs":{"insertions":9,"deletions":9}}}]}],"AlyssaPng":[{"date":"2023-09-26","commitResults":[{"hash":"1b2f42b5d2abc8a828240b3618102cf618adde20","isMergeCommit":false,"messageTitle":"Add AboutUs details","messageBody":"","fileTypesAndContributionMap":{"docs":{"insertions":5,"deletions":5}}},{"hash":"5e39972fd179a1c2f2f92621bc9d562e70eb7d47","isMergeCommit":true,"messageTitle":"Merge pull request #28 from AlyssaPng/branch-docs-aboutUs","messageBody":"Add AboutUs details - Alyssa","fileTypesAndContributionMap":{}}]},{"date":"2023-09-27","commitResults":[{"hash":"f7f5855760c3d919e49f9955c158d9b52f76c05e","isMergeCommit":false,"messageTitle":"Add PPP Skeleton and fix naming conventions","messageBody":"","fileTypesAndContributionMap":{"docs":{"insertions":24,"deletions":2}}},{"hash":"9271293114491d1cee6873cee22e82e8d4148478","isMergeCommit":false,"messageTitle":"Update PPP Skeleton","messageBody":"","fileTypesAndContributionMap":{"docs":{"insertions":1,"deletions":1}}}]},{"date":"2023-09-29","commitResults":[{"hash":"ba9e6d26cdd114b12757af5be6669d85b28cdf7a","isMergeCommit":true,"messageTitle":"Merge pull request #46 from jylow/branch-docs-PPP","messageBody":"Add PPP file for Jun Yu and update PPP files","fileTypesAndContributionMap":{}},{"hash":"ae81ef681db7e47509305a4a60a0e84e9ebc512f","isMergeCommit":true,"messageTitle":"Merge pull request #47 from Kb-Tay/branch-Docs-aboutUs","messageBody":"Update image naming","fileTypesAndContributionMap":{}},{"hash":"30a6a568ee487a960eb9b3dea2e3c4d02148ca03","isMergeCommit":false,"messageTitle":"Add Value proposition and User profile, stories and cases","messageBody":"","fileTypesAndContributionMap":{"docs":{"insertions":105,"deletions":17}}},{"hash":"5436e010573c9eb2e86d05b3c597e1166f91338d","isMergeCommit":false,"messageTitle":"Add Value proposition and User profile, stories and cases","messageBody":"","fileTypesAndContributionMap":{"docs":{"insertions":2,"deletions":2}}}]},{"date":"2023-10-03","commitResults":[{"hash":"36c5ed22fe5796917ec3301da1608912075f5eb2","isMergeCommit":true,"messageTitle":"Merge pull request #49 from AlyssaPng/branch-docs-developersGuide","messageBody":"Add Value proposition and User profile, stories and cases","fileTypesAndContributionMap":{}}]},{"date":"2023-10-18","commitResults":[{"hash":"4f13226793ad65fe4fe66ec344af0018f087c87d","isMergeCommit":false,"messageTitle":"Add Gather Command and Tests","messageBody":"","fileTypesAndContributionMap":{"functional-code":{"insertions":144,"deletions":0},"docs":{"insertions":21,"deletions":2},"test-code":{"insertions":179,"deletions":0}}},{"hash":"4bb5b08d22c84f7bd3e150839a2367b01ce7ee4d","isMergeCommit":false,"messageTitle":"Add Gather Command and Tests","messageBody":"","fileTypesAndContributionMap":{"functional-code":{"insertions":5,"deletions":5},"docs":{"insertions":1,"deletions":1},"test-code":{"insertions":5,"deletions":5}}},{"hash":"c8d52003d9a3a5a6ff35e1946a43d3e592a9b376","isMergeCommit":false,"messageTitle":"Update Developers Guide","messageBody":"","fileTypesAndContributionMap":{"docs":{"insertions":2,"deletions":0}}},{"hash":"d24f3a0064dd1837516cefb98c59063e76ee184c","isMergeCommit":false,"messageTitle":"Change No Person Found message","messageBody":"","fileTypesAndContributionMap":{"functional-code":{"insertions":1,"deletions":1}}},{"hash":"f5a331e0817030d68404e7b23f771c427d02862b","isMergeCommit":false,"messageTitle":"Add Error Handling and Test","messageBody":"","fileTypesAndContributionMap":{"functional-code":{"insertions":12,"deletions":1},"test-code":{"insertions":7,"deletions":0}}}]},{"date":"2023-10-20","commitResults":[{"hash":"ae2ddfc1ee812f47b1eef318412ae2431c0b35d8","isMergeCommit":true,"messageTitle":"Merge pull request #92 from sopa301/branch-enhancement-confirmClear","messageBody":"Fix bugs","fileTypesAndContributionMap":{}}]},{"date":"2023-10-22","commitResults":[{"hash":"859252980f8fdb3eba4da81321306b070a1e03f4","isMergeCommit":false,"messageTitle":"Add Gather Command By Tag","messageBody":"","fileTypesAndContributionMap":{"functional-code":{"insertions":164,"deletions":33},"test-code":{"insertions":42,"deletions":27}}}]},{"date":"2023-10-23","commitResults":[{"hash":"18865502bb80f448d0a32f340e7b41599e38675b","isMergeCommit":false,"messageTitle":"Update gather command code and tests","messageBody":"","fileTypesAndContributionMap":{"functional-code":{"insertions":49,"deletions":31},"other":{"insertions":27,"deletions":13},"test-code":{"insertions":281,"deletions":40}}}]},{"date":"2023-10-24","commitResults":[{"hash":"84cdc97159df435f907346c194e14d48291cfb45","isMergeCommit":true,"messageTitle":"Merge pull request #122 from nikele2001/Branch-Add-Appointment-Sidebar","messageBody":"Add person name in appointment sidebar","fileTypesAndContributionMap":{}}]},{"date":"2023-10-26","commitResults":[{"hash":"cc16f2f5dea31761022b2905fb8169c40a2ee95e","isMergeCommit":true,"messageTitle":"Merge pull request #125 from sopa301/branch-enhancement-findMore","messageBody":"Branch enhancement find more","fileTypesAndContributionMap":{}},{"hash":"e661b070bd3d2e580fa65b8cf1ec0189b47fde09","isMergeCommit":false,"messageTitle":"Added UG and DG gather documentations","messageBody":"","fileTypesAndContributionMap":{"functional-code":{"insertions":14,"deletions":5},"docs":{"insertions":222,"deletions":13}}},{"hash":"025aaa7d876bc31b4dc1641926c633bc2139d479","isMergeCommit":true,"messageTitle":"Merge branch \u0027master\u0027 into branch-docs-gatherEmails","messageBody":"","fileTypesAndContributionMap":{}},{"hash":"616c2b4c28de818a1ab8495b87cb15a025524936","isMergeCommit":false,"messageTitle":"Fix checkstyle","messageBody":"","fileTypesAndContributionMap":{"docs":{"insertions":1,"deletions":3}}},{"hash":"80ca095cfb5ed99ffc992b2ea0bedbb644c56086","isMergeCommit":true,"messageTitle":"Merge branch \u0027branch-docs-gatherEmails\u0027 of https://github.com/AlyssaPng/tp into branch-docs-gatherEmails","messageBody":"","fileTypesAndContributionMap":{}},{"hash":"123c6a38cbc0c94e960a4aa33453111026262942","isMergeCommit":true,"messageTitle":"Merge branch \u0027master\u0027 into branch-docs-gatherEmails","messageBody":"","fileTypesAndContributionMap":{}},{"hash":"8c834cd3fa0fd33ad1ac387b563c25b27a5da0bb","isMergeCommit":true,"messageTitle":"Merge pull request #130 from AlyssaPng/branch-docs-gatherEmails","messageBody":"Add UG and DG gather documentations","fileTypesAndContributionMap":{}},{"hash":"f2dfd3a9ad313da4d13eaf97add6f2ed5670618a","isMergeCommit":true,"messageTitle":"Merge pull request #132 from nikele2001/branch-updateDG","messageBody":"Update DG and UML diagram","fileTypesAndContributionMap":{}},{"hash":"5ff6347dc23b9d82fb77b1bb6cf4c03962f39a3e","isMergeCommit":false,"messageTitle":"Fix UML diagrams and UG","messageBody":"","fileTypesAndContributionMap":{"docs":{"insertions":52,"deletions":47}}},{"hash":"114333ffae65c27c11cfb220d3f60aff8e732b24","isMergeCommit":false,"messageTitle":"Change DG","messageBody":"","fileTypesAndContributionMap":{"docs":{"insertions":2,"deletions":2}}},{"hash":"ab6c42d3c9b5209fde4c9c3450032fc06d61e0e6","isMergeCommit":false,"messageTitle":"Update userguide","messageBody":"","fileTypesAndContributionMap":{"docs":{"insertions":7,"deletions":8}}}]},{"date":"2023-10-27","commitResults":[{"hash":"a8e5a0f9ea74d6a601002cf62a6d6e0a5902f1f5","isMergeCommit":false,"messageTitle":"Update UG from feedback","messageBody":"","fileTypesAndContributionMap":{"functional-code":{"insertions":0,"deletions":1},"docs":{"insertions":56,"deletions":17}}},{"hash":"740c17a14d2bc9c6d0389bef123f143ccbea1003","isMergeCommit":true,"messageTitle":"Merge pull request #141 from AlyssaPng/branch-docs-feedbackUG","messageBody":"Update UG from feedback","fileTypesAndContributionMap":{}}]},{"date":"2023-10-28","commitResults":[{"hash":"a72835274f10213663b0825952aa857d2270e216","isMergeCommit":false,"messageTitle":"Fix UserGuide header","messageBody":"","fileTypesAndContributionMap":{"docs":{"insertions":4,"deletions":2}}}]},{"date":"2023-11-02","commitResults":[{"hash":"7ea503f2703d0ca31cbc28b47b5347dafcd6bd44","isMergeCommit":false,"messageTitle":"Edit UI design","messageBody":"","fileTypesAndContributionMap":{"functional-code":{"insertions":62,"deletions":46}}}]},{"date":"2023-11-06","commitResults":[{"hash":"0ad91f25620017b27a312492cad7e5f812541950","isMergeCommit":false,"messageTitle":"Fix gather command bugs","messageBody":"","fileTypesAndContributionMap":{"functional-code":{"insertions":2,"deletions":1},"docs":{"insertions":1,"deletions":0},"test-code":{"insertions":47,"deletions":2}}},{"hash":"0a80aff747cea5462e2100c0a5313f346ca93761","isMergeCommit":false,"messageTitle":"Edit gather User Guide","messageBody":"","fileTypesAndContributionMap":{"docs":{"insertions":2,"deletions":2}}},{"hash":"a8ab257ff6e587dc8458db0325a6e66a2ffab447","isMergeCommit":false,"messageTitle":"Edit comments in gather code","messageBody":"","fileTypesAndContributionMap":{"functional-code":{"insertions":6,"deletions":6}}}]},{"date":"2023-11-07","commitResults":[{"hash":"9478d344d9fe65f8c4b3e194ace26d09322bfb3c","isMergeCommit":false,"messageTitle":"Fix gather error message","messageBody":"","fileTypesAndContributionMap":{"functional-code":{"insertions":1,"deletions":1}}},{"hash":"78c56c7e465cb11360b56d63945f1c8ef164c4c9","isMergeCommit":true,"messageTitle":"Merge branch \u0027branch-bugs-gatherEmails\u0027 of https://github.com/AlyssaPng/tp into branch-bugs-gatherEmails","messageBody":"","fileTypesAndContributionMap":{}},{"hash":"510d0ea0d133cba45bb53af5672d1280f115750f","isMergeCommit":true,"messageTitle":"Merge pull request #212 from AlyssaPng/branch-bugs-gatherEmails","messageBody":"Fix gather command bugs","fileTypesAndContributionMap":{}},{"hash":"861b6843409a00ac15b119898ef3cbb2164eee9f","isMergeCommit":false,"messageTitle":"Fix text wrapping for long text","messageBody":"","fileTypesAndContributionMap":{"functional-code":{"insertions":10,"deletions":10},"docs":{"insertions":1,"deletions":1}}},{"hash":"e7e3f080d7ff5ed0079e5a2375f63b01e6bed2c8","isMergeCommit":false,"messageTitle":"Fix UG and DG documentation","messageBody":"","fileTypesAndContributionMap":{"docs":{"insertions":51,"deletions":35}}},{"hash":"c711b6384818d4ade8ec37baec827287e72687b1","isMergeCommit":false,"messageTitle":"Fix gather message","messageBody":"","fileTypesAndContributionMap":{"functional-code":{"insertions":1,"deletions":1}}},{"hash":"551600962ebc982259f8714dfab1a3f91b583f7e","isMergeCommit":false,"messageTitle":"Fix complete command message","messageBody":"","fileTypesAndContributionMap":{"functional-code":{"insertions":1,"deletions":1},"docs":{"insertions":1,"deletions":1}}}]}],"sopa301":[{"date":"2023-09-26","commitResults":[{"hash":"b6bb002a9a8b1c83a8c196255cc8329b37df9822","isMergeCommit":false,"messageTitle":"Update AboutUs - Ryan","messageBody":"","fileTypesAndContributionMap":{"docs":{"insertions":4,"deletions":4}}},{"hash":"1c430fd71a59da505a3f6c7ed1631ae3aff6ef4a","isMergeCommit":true,"messageTitle":"Merge pull request #24 from sopa301/branch-docs-updateAboutUs","messageBody":"Update AboutUs - Ryan","fileTypesAndContributionMap":{}},{"hash":"7aa21ab8db24c1da69e08631fc3b180203ade08e","isMergeCommit":false,"messageTitle":"Add PPP file for Ryan","messageBody":"","fileTypesAndContributionMap":{"docs":{"insertions":22,"deletions":0}}},{"hash":"9f445adc7889ae31a4aabe76fbcee8f542bf5cda","isMergeCommit":false,"messageTitle":"Fix illegal line separator for Ryan\u0027s PPP","messageBody":"","fileTypesAndContributionMap":{"docs":{"insertions":22,"deletions":22}}},{"hash":"f73be16fc0d9690c73e3ef2a11b8797dfdd38cd4","isMergeCommit":false,"messageTitle":"Update README for UnoFAS v1.1","messageBody":"","fileTypesAndContributionMap":{"docs":{"insertions":13,"deletions":11}}},{"hash":"26eedfd7a9b611c0c74f230c7b6036d4cebfe181","isMergeCommit":false,"messageTitle":"Add newline to README","messageBody":"","fileTypesAndContributionMap":{"docs":{"insertions":1,"deletions":1}}}]},{"date":"2023-09-27","commitResults":[{"hash":"6472963d86614ccf8bd1cd69e4a6daf2e04df82e","isMergeCommit":true,"messageTitle":"Merge pull request #37 from nikele2001/branch-docs-PPP","messageBody":"Add PPP File for Nicholas","fileTypesAndContributionMap":{}},{"hash":"4ab5833b90463a10f335d2feefffdae42f3918eb","isMergeCommit":true,"messageTitle":"Merge pull request #38 from nikele2001/branch-docs-jekyll","messageBody":"Update site-wide settings using Jekyll","fileTypesAndContributionMap":{}}]},{"date":"2023-09-28","commitResults":[{"hash":"8385ff1a0d72fd0fbc075f271aad236119c4ea64","isMergeCommit":false,"messageTitle":"Add NextOfKinName and NextOfKinPhone classes","messageBody":"As part of our efforts to transition the codebase to UnoFAS, let\u0027s:\n- Add the NextOfKinName and NextOfKinPhone classes\n- Add the related tests\n\nWe decided to add the separate classes instead of reusing the Name and\nPhone classes directly so it is more readable.\n","fileTypesAndContributionMap":{"functional-code":{"insertions":32,"deletions":0},"test-code":{"insertions":118,"deletions":0}}},{"hash":"5e1c972d5347060328261533bda0d4690b634ab0","isMergeCommit":true,"messageTitle":"Merge branch \u0027master\u0027 of https://github.com/AY2324S1-CS2103T-F12-1/tp into branch-enhancement-editPersonFields","messageBody":"","fileTypesAndContributionMap":{}},{"hash":"350f3f875e32e0748922f0bbd51cdb125462add4","isMergeCommit":false,"messageTitle":"Edit Person fields to include NextOfKinName and NextOfKinPhone","messageBody":"Let\u0027s:\n- Add the fields\n- Edit the tests to match\n","fileTypesAndContributionMap":{"functional-code":{"insertions":173,"deletions":25},"test-code":{"insertions":251,"deletions":39}}},{"hash":"4a5c31f77aa6c511e3ec36bd3ada3a706dd4e1b5","isMergeCommit":false,"messageTitle":"Modify NOK class and test files to follow coding standard","messageBody":"","fileTypesAndContributionMap":{"functional-code":{"insertions":32,"deletions":32},"test-code":{"insertions":118,"deletions":118}}}]},{"date":"2023-09-29","commitResults":[{"hash":"f50c93ab1573903f814b8e10e96952bc2e7dd6d8","isMergeCommit":false,"messageTitle":"Change NextOfKin class references to be more clear","messageBody":"This means changing all references containing \"nok\" to \"nextOfKin\".\n","fileTypesAndContributionMap":{"functional-code":{"insertions":75,"deletions":75},"test-code":{"insertions":110,"deletions":110}}},{"hash":"400eeadbbcf90f4212e78ef8a29550eddc936054","isMergeCommit":true,"messageTitle":"Merge branch \u0027master\u0027 of https://github.com/AY2324S1-CS2103T-F12-1/tp into branch-enhancement-editPersonFields","messageBody":"","fileTypesAndContributionMap":{}},{"hash":"1eaf7b77852dc3115bb8da30c701f3493f10e149","isMergeCommit":false,"messageTitle":"Fix checkstyle","messageBody":"","fileTypesAndContributionMap":{"functional-code":{"insertions":8,"deletions":4},"test-code":{"insertions":16,"deletions":7}}},{"hash":"39476e6fcf5b0e158c3ae7a619da0efc3102f387","isMergeCommit":true,"messageTitle":"Merge pull request #41 from nikele2001/branch-docs-jekyll","messageBody":"Update more site-wide settings using Jekyll","fileTypesAndContributionMap":{}},{"hash":"b937dae7991181557a1e6dd11ffb09341bc32059","isMergeCommit":false,"messageTitle":"Fix more naming issues","messageBody":"","fileTypesAndContributionMap":{"functional-code":{"insertions":2,"deletions":2}}},{"hash":"612069073d09792f654a8c440d3332ad017dbce0","isMergeCommit":true,"messageTitle":"Merge branch \u0027master\u0027 of https://github.com/AY2324S1-CS2103T-F12-1/tp into branch-enhancement-editPersonFields","messageBody":"","fileTypesAndContributionMap":{}},{"hash":"ed5fedbeb275707de3e391b30909da131618d42f","isMergeCommit":false,"messageTitle":"Change PersonCard to match UI mockup","messageBody":"","fileTypesAndContributionMap":{"functional-code":{"insertions":4,"deletions":2}}},{"hash":"6acb6985fb192d2674efcfe5e4bf3cc419fd1de9","isMergeCommit":true,"messageTitle":"Merge pull request #48 from Kb-Tay/branch-Docs-PPP","messageBody":"Update PPP","fileTypesAndContributionMap":{}}]},{"date":"2023-10-06","commitResults":[{"hash":"23ec6906429a50f426b80379d38f4b2f3de30ff7","isMergeCommit":true,"messageTitle":"Merge pull request #50 from Kb-Tay/branch-Docs-UG","messageBody":"Update user guide to contain v1.2 features","fileTypesAndContributionMap":{}},{"hash":"c28a2b05863b03a9985149b7d4de97209107c295","isMergeCommit":true,"messageTitle":"Merge pull request #51 from jylow/branch-Docs-DG","messageBody":"Update glossary with noteworthy terms for developers.","fileTypesAndContributionMap":{}},{"hash":"72398137655f3264fbc700dc1ff7e7f43409ac92","isMergeCommit":true,"messageTitle":"Merge pull request #52 from nikele2001/branch-docs-DG","messageBody":"Editted use cases and NFRs in Developer Guide","tags":["v1.1"],"fileTypesAndContributionMap":{}}]},{"date":"2023-10-07","commitResults":[{"hash":"f844a52667a648211b4186df5f2d2b1d61f362b9","isMergeCommit":false,"messageTitle":"Remove references from User Guide","messageBody":"","fileTypesAndContributionMap":{"other":{"insertions":1,"deletions":1},"docs":{"insertions":7,"deletions":7}}}]},{"date":"2023-10-14","commitResults":[{"hash":"1e241361c6003985bcae86bf8f693eb77397a05e","isMergeCommit":false,"messageTitle":"Add available keywords to HelpCommand message","messageBody":"","fileTypesAndContributionMap":{"functional-code":{"insertions":11,"deletions":2}}}]},{"date":"2023-10-16","commitResults":[{"hash":"fa06c5610eddc213affe80baa496e65608161466","isMergeCommit":true,"messageTitle":"Merge pull request #68 from nikele2001/branch-UG","messageBody":"Update user guide link","fileTypesAndContributionMap":{}}]},{"date":"2023-10-17","commitResults":[{"hash":"2adc3964421ec31189cb50e6e257f3126fdbb716","isMergeCommit":true,"messageTitle":"Merge pull request #69 from nikele2001/branch-addFinancialPlanTag","messageBody":"Add Financial Plan Tag","fileTypesAndContributionMap":{}}]},{"date":"2023-10-18","commitResults":[{"hash":"00ba3bef8b316439163fc459159630b26254ca20","isMergeCommit":true,"messageTitle":"Merge pull request #74 from nikele2001/branch-addFinancialPlanTag","messageBody":"Remove Financial Plan Title","fileTypesAndContributionMap":{}},{"hash":"52e953859092a49639c3c1024548d89bcb6a563c","isMergeCommit":false,"messageTitle":"Add confirmation page for clear command","messageBody":"The clear command is not protected by any validation. This\nmakes new users vulnerable to deleting their contact book while learning\nhow to use it.\n\nAdding a confirmation page allows users to stop and think about the\nramifications of their actions and reduces the likelihood of mistakes\nthat can worsen the user experience.\n\nLet\u0027s add a confirmation page.\n","fileTypesAndContributionMap":{"functional-code":{"insertions":305,"deletions":22},"test-code":{"insertions":2,"deletions":2}}},{"hash":"b4bd5787878d520ad58e57d82fc624da46a4a755","isMergeCommit":false,"messageTitle":"Add tests for clear confirmation related functions","messageBody":"","fileTypesAndContributionMap":{"functional-code":{"insertions":2,"deletions":2},"test-code":{"insertions":101,"deletions":13}}},{"hash":"8cc02c9cd23a28bbfa30af2578a67cccdca50090","isMergeCommit":false,"messageTitle":"Fix style","messageBody":"","fileTypesAndContributionMap":{"functional-code":{"insertions":195,"deletions":195},"docs":{"insertions":14,"deletions":13},"test-code":{"insertions":31,"deletions":31}}},{"hash":"915f7c827168c5b7b7d335f0ea0dac009cd5e31b","isMergeCommit":true,"messageTitle":"Merge branch \u0027master\u0027 into branch-enhancement-confirmClear","messageBody":"","fileTypesAndContributionMap":{}},{"hash":"a8bf1d9b392a3e24141421dc08f2b1b7f16821fd","isMergeCommit":false,"messageTitle":"Fix style","messageBody":"","fileTypesAndContributionMap":{"functional-code":{"insertions":19,"deletions":19},"docs":{"insertions":1,"deletions":1}}},{"hash":"01711f4dd085da18baa3a6781dbc26b83a9a74d4","isMergeCommit":true,"messageTitle":"Merge branch \u0027branch-enhancement-confirmClear\u0027 of https://github.com/sopa301/tp into branch-enhancement-confirmClear","messageBody":"","fileTypesAndContributionMap":{}},{"hash":"570fce429186e173e9982060fb912d6fa8d78828","isMergeCommit":true,"messageTitle":"Merge pull request #72 from AlyssaPng/branch-feature-gatherEmails","messageBody":"Add Gather Command and Tests","fileTypesAndContributionMap":{}}]},{"date":"2023-10-19","commitResults":[{"hash":"31509db0b9d173330d095ce07c36bc97c6c90275","isMergeCommit":true,"messageTitle":"Merge pull request #75 from sopa301/branch-enhancement-confirmClear","messageBody":"Add confirmation page for clear command","fileTypesAndContributionMap":{}},{"hash":"37c95a14f75bab09757408593dd3574f8a850261","isMergeCommit":true,"messageTitle":"Merge pull request #70 from Kb-Tay/branch-Feature-addAppointment","messageBody":"Add an Appointment field for Person and a Schedule Command","fileTypesAndContributionMap":{}}]},{"date":"2023-10-20","commitResults":[{"hash":"a35da7e8303bcbcab60a521fcc8e8d1047ab331f","isMergeCommit":false,"messageTitle":"Update UG for help and clear","messageBody":"","fileTypesAndContributionMap":{"docs":{"insertions":8,"deletions":2}}},{"hash":"e3e503358b338945819cc571f23f0c5fbd0ead9d","isMergeCommit":true,"messageTitle":"Merge pull request #86 from nikele2001/branch-updateHelpCommand","messageBody":"Update Help command to include other command words, gather and sort.","fileTypesAndContributionMap":{}},{"hash":"c43a4b16cd31492fa931cc89b1260f22cb875070","isMergeCommit":false,"messageTitle":"Update PPP for Ryan","messageBody":"","fileTypesAndContributionMap":{"docs":{"insertions":4,"deletions":3}}},{"hash":"550f292d824dc9f2317f5a876511113f17f2a274","isMergeCommit":false,"messageTitle":"Fix bugs","messageBody":"","fileTypesAndContributionMap":{"functional-code":{"insertions":1,"deletions":1},"docs":{"insertions":1,"deletions":1}}},{"hash":"950248086258b9a2b80df4f6eb7b34beb2e534fb","isMergeCommit":true,"messageTitle":"Merge pull request #91 from nikele2001/Branch-BugFixes","messageBody":"Fixed bugs regarding Person equals() method and wrong error message r…","fileTypesAndContributionMap":{}}]},{"date":"2023-10-21","commitResults":[{"hash":"2165826f1ab682d4b46db52bf3e32544ad2d345a","isMergeCommit":true,"messageTitle":"Merge pull request #94 from Kb-Tay/branch-Feature-addAppointment","messageBody":"Bug fixes for Schedule Command. Add Testing for Appointment and Schedule command. ","fileTypesAndContributionMap":{}},{"hash":"c97175da9a4fdc74f59f3915cab51450a2dc08f5","isMergeCommit":true,"messageTitle":"Merge pull request #90 from jylow/branch-add-appointmentSort","messageBody":"Branch add appointment sort","fileTypesAndContributionMap":{}}]},{"date":"2023-10-23","commitResults":[{"hash":"c3fe2e741d878159148ba119fcf886330a1ef90e","isMergeCommit":true,"messageTitle":"Merge pull request #109 from AlyssaPng/branch-enhancement-gatherEmails","messageBody":"Add gather command by tags","fileTypesAndContributionMap":{}},{"hash":"448119c2990e4bbc580423a9c150df14bcd2b08d","isMergeCommit":false,"messageTitle":"Fix UI bug","messageBody":"Adding the appointments pane caused a few of the labels to truncate\nearly. This makes it harder to view the contacts when the screen is\nshrunk.\n\nLet\u0027s:\n- Increase the minimum size of the labels and set them relative to the\n  minimum size of the screen\n","fileTypesAndContributionMap":{"functional-code":{"insertions":5,"deletions":6}}},{"hash":"4c1fefc9f0a95f97dd3afeb699202ca0f820ef34","isMergeCommit":true,"messageTitle":"Merge pull request #118 from sopa301/branch-bug-screenResize","messageBody":"Fix UI bug","fileTypesAndContributionMap":{}}]},{"date":"2023-10-24","commitResults":[{"hash":"cc4b9b7edebad38d976f9ab92db438a9f62f1e88","isMergeCommit":true,"messageTitle":"Merge pull request #120 from nikele2001/branch-docs-DG","messageBody":"Update Developers\u0027 Guide and PPP","fileTypesAndContributionMap":{}},{"hash":"38e6fee5169d1a26c5d65b937ad48a1b63666709","isMergeCommit":false,"messageTitle":"Modify Find Command to accept financial plans and tags","messageBody":"Currently, the find command is rather limited in scope. It is only able\nto search for names while a user might want to search by financial plans\nor tags.\n\nLet\u0027s:\n- Expand the find command to search by tags and financial plans\n  (substrings included)\n\nWe choose to search names by whole words because it is unlikely to\nsearch for names by substrings, while tags and financial plans may have\nsubstrings that make sense to search for.\n\nTesting will be added in a future commit.\n","fileTypesAndContributionMap":{"functional-code":{"insertions":217,"deletions":31},"other":{"insertions":2,"deletions":1},"test-code":{"insertions":6,"deletions":5}}}]},{"date":"2023-10-25","commitResults":[{"hash":"c20999c13a41745e2087dd2ea5b57e70c67e1273","isMergeCommit":false,"messageTitle":"Add CombinedPredicate class and tests for previous commit","messageBody":"The current predicate implementation makes it difficult to determine\nif two predicates for a Person are the same. This implementation makes\nit slightly easier to compare, such that as long as the keywords within\neach component predicate are ordered in a certain way, then two\nCombinedPredicates will be the same. It\u0027s good enough for the current\npurpose anyway.\n","fileTypesAndContributionMap":{"functional-code":{"insertions":87,"deletions":7},"other":{"insertions":1,"deletions":2},"test-code":{"insertions":429,"deletions":32}}},{"hash":"681ab8e0278bfd2654d0145c2a72893ede342bc8","isMergeCommit":false,"messageTitle":"Fix line separator","messageBody":"","fileTypesAndContributionMap":{"functional-code":{"insertions":175,"deletions":175},"test-code":{"insertions":293,"deletions":293}}},{"hash":"61ab25d6aaf6f25d01df0b63591750a6cae6afbe","isMergeCommit":false,"messageTitle":"Re-add removed test","messageBody":"","fileTypesAndContributionMap":{"test-code":{"insertions":17,"deletions":0}}},{"hash":"d5dd1493b6e0be49a9047c0ee5b042a8aa3c6d09","isMergeCommit":false,"messageTitle":"Update User Guide to contain new find command information","messageBody":"","fileTypesAndContributionMap":{"docs":{"insertions":9,"deletions":9}}},{"hash":"61f23184e3a6224a20e21bd8ee8079937b35bcde","isMergeCommit":true,"messageTitle":"Merge pull request #124 from jylow/branch-Docs-SortingUG","messageBody":"Add updates to the UD and DG for sort","fileTypesAndContributionMap":{}},{"hash":"0419ea606e9a169c1350f6461dcab082c9accf62","isMergeCommit":false,"messageTitle":"Update Developer Guide with implementation details for enhanced Find","messageBody":"","fileTypesAndContributionMap":{"functional-code":{"insertions":7,"deletions":6},"docs":{"insertions":45,"deletions":0}}},{"hash":"36cbbdf92f51576823f62cc5534461bf2424b244","isMergeCommit":false,"messageTitle":"Update Developer Guide for more details on enhanced Find","messageBody":"","fileTypesAndContributionMap":{"docs":{"insertions":8,"deletions":0}}},{"hash":"69d7baa78d246a2ef66bf238a3d1c397282e7697","isMergeCommit":true,"messageTitle":"Merge pull request #123 from jylow/branch-add-overrideAppointment","messageBody":"Add prompt for updating appointment ","fileTypesAndContributionMap":{}},{"hash":"05c102b61e6fb8d8baa179b762938997bde3825c","isMergeCommit":false,"messageTitle":"Fix style","messageBody":"","fileTypesAndContributionMap":{"docs":{"insertions":0,"deletions":0}}},{"hash":"bde04400870e763c612ba7b890fe1e8acea0d4e5","isMergeCommit":false,"messageTitle":"Fix bugs","messageBody":"","fileTypesAndContributionMap":{"functional-code":{"insertions":48,"deletions":4},"docs":{"insertions":3,"deletions":4},"test-code":{"insertions":40,"deletions":0}}},{"hash":"172e4cd8ec2a64c0d17757bc9cf402166af4e241","isMergeCommit":false,"messageTitle":"Fix more bugs","messageBody":"","fileTypesAndContributionMap":{"functional-code":{"insertions":1,"deletions":1}}},{"hash":"e33d4cca830000e7ead8a73f5546730204e75571","isMergeCommit":false,"messageTitle":"Add more tests","messageBody":"","fileTypesAndContributionMap":{"test-code":{"insertions":19,"deletions":0}}},{"hash":"b4f15cba7504c0d1d11073e0afc206c50ea98a4c","isMergeCommit":true,"messageTitle":"Merge branch \u0027master\u0027 of https://github.com/sopa301/tp into branch-enhancement-findMore","messageBody":"","fileTypesAndContributionMap":{}}]},{"date":"2023-10-26","commitResults":[{"hash":"f65fe8c5373f1a4558e10ea5b1911a84303e53e3","isMergeCommit":true,"messageTitle":"Merge branch \u0027branch-enhancement-findMore\u0027","messageBody":"","fileTypesAndContributionMap":{}},{"hash":"336b9cd8e4befd4c212bc482fcca9a597667104a","isMergeCommit":true,"messageTitle":"Merge pull request #127 from jylow/branch-Docs-UG","messageBody":"Add updates to the UG for sort","fileTypesAndContributionMap":{}},{"hash":"03772d248fe304e00f22af864291d6b38e4a1f28","isMergeCommit":true,"messageTitle":"Merge pull request #136 from jylow/branch-Docs-UG","messageBody":"Document: Add UML diagram for Sort ","fileTypesAndContributionMap":{}},{"hash":"235299819f0816d59578eece92bb8bc1cd297c3b","isMergeCommit":true,"messageTitle":"Merge branch \u0027master\u0027 into branch-docsFix-gatherEmails","messageBody":"","fileTypesAndContributionMap":{}},{"hash":"fa66fa150b74597ed65d5c7e70300fc6bb329273","isMergeCommit":true,"messageTitle":"Merge pull request #134 from AlyssaPng/branch-docsFix-gatherEmails","messageBody":"Change UML diagram and UG","fileTypesAndContributionMap":{}},{"hash":"0be6892b0fe76a1d7bf23d064ffe8e09ab026c24","isMergeCommit":true,"messageTitle":"Merge pull request #137 from Kb-Tay/branch-Docs-UpdateDG","messageBody":"Update implementation of ScheduleCommand in DG","fileTypesAndContributionMap":{}},{"hash":"f7f7a3988e1b9cd14976d02bffe49fc56f93e608","isMergeCommit":true,"messageTitle":"Merge pull request #138 from jylow/branch-Docs-UG","messageBody":"Update Sort sequence diagram","fileTypesAndContributionMap":{}}]},{"date":"2023-10-27","commitResults":[{"hash":"411d40d8ed3fd3b4eb05a4ba61f4f2f3760034a5","isMergeCommit":true,"messageTitle":"Merge pull request #139 from Kb-Tay/branch-Feature-CompleteCommandNew","messageBody":"Add the CompleteCommand to complete an appointment","fileTypesAndContributionMap":{}}]},{"date":"2023-10-28","commitResults":[{"hash":"ee72831a44f43740255812dde6d25509c227ee40","isMergeCommit":true,"messageTitle":"Merge pull request #143 from AlyssaPng/branch-bug-UserGuide","messageBody":"Fix UserGuide header","tags":["v1.3"],"fileTypesAndContributionMap":{}}]},{"date":"2023-11-01","commitResults":[{"hash":"157ac0d88966e681bd7f8d166749b325da0065ce","isMergeCommit":true,"messageTitle":"Merge pull request #145 from jylow/branch-release","messageBody":"Update `MainApp.java` to include release version","fileTypesAndContributionMap":{}}]},{"date":"2023-11-02","commitResults":[{"hash":"3d10086c4db4df2f3ba7327e095ecebd529111b6","isMergeCommit":true,"messageTitle":"Merge pull request #147 from AY2324S1-CS2103T-F12-1/revert-145-branch-release","messageBody":"Revert \"Update MainApp.java to include release version\"","fileTypesAndContributionMap":{}},{"hash":"416efa012939521b7831ddb8c60f81ed8215f5e9","isMergeCommit":true,"messageTitle":"Merge branch \u0027master\u0027 of https://github.com/sopa301/tp","messageBody":"","fileTypesAndContributionMap":{}},{"hash":"010d7724b6e86f039caff12ce3ad3d50ac7c08fd","isMergeCommit":true,"messageTitle":"Merge pull request #151 from AlyssaPng/branch-enhancement-UI","messageBody":"Edit UI design","fileTypesAndContributionMap":{}},{"hash":"0157129d361ddab80e0a9fb483f670f28d82e4aa","isMergeCommit":false,"messageTitle":"Update User Guide with minor formatting details","messageBody":"","fileTypesAndContributionMap":{"docs":{"insertions":31,"deletions":18}}},{"hash":"17d02c61f34bb754f8178aa3090e1bad2f313f18","isMergeCommit":true,"messageTitle":"Merge branch \u0027master\u0027 of https://github.com/AY2324S1-CS2103T-F12-1/tp into branch-doc-userGuide","messageBody":"","fileTypesAndContributionMap":{}},{"hash":"99478897e54637463d469bb24509b97a39b91702","isMergeCommit":false,"messageTitle":"Update User Guide","messageBody":"","fileTypesAndContributionMap":{"docs":{"insertions":3,"deletions":8}}},{"hash":"480664f7c976e152a55084ee969872a006b66e4f","isMergeCommit":false,"messageTitle":"Update User Guide minor details","messageBody":"","fileTypesAndContributionMap":{"docs":{"insertions":13,"deletions":12}}},{"hash":"4608454b311deb7797e3c07ef6b8c66b2e12c1ca","isMergeCommit":false,"messageTitle":"Add custom error messages for Next-of-kin fields","messageBody":"","fileTypesAndContributionMap":{"functional-code":{"insertions":2,"deletions":1}}}]},{"date":"2023-11-05","commitResults":[{"hash":"f1833f0ab98d9e1c6860d696a11d29a1cd491651","isMergeCommit":true,"messageTitle":"Merge pull request #206 from Kb-Tay/branch-Bug-CompleteCommandArgs","messageBody":"Update CompleteCommand to only accept either Index or LocalDate","fileTypesAndContributionMap":{}},{"hash":"b807645a403b086fccd330375f2c0cfe69f75ef4","isMergeCommit":true,"messageTitle":"Merge pull request #207 from Kb-Tay/branch-Docs-UpdateDG","messageBody":"Update documentation for Schedule Implementation in DG","fileTypesAndContributionMap":{}},{"hash":"dbe4f4e7471c40beb0f1b951c3c89c927ae520ef","isMergeCommit":false,"messageTitle":"Fix certain bugs","messageBody":"We make the error message of tag explicit (because it causes confusion)\nand make it clear in the UG about the current limits of the phone field and the\nduplicate checking ability of the app.\n","fileTypesAndContributionMap":{"functional-code":{"insertions":1,"deletions":1},"docs":{"insertions":27,"deletions":19}}},{"hash":"9d9f62f972ecfdc363566daf52a79c691e5fe1e1","isMergeCommit":false,"messageTitle":"Add Planned Enhancements section to DG","messageBody":"Also, fixed more documentation bugs.\n","fileTypesAndContributionMap":{"docs":{"insertions":23,"deletions":8}}},{"hash":"5267341fa8da15e75a34c80cb751ff6b3420f8f9","isMergeCommit":false,"messageTitle":"Make user tip in Find command more clear","messageBody":"","fileTypesAndContributionMap":{"docs":{"insertions":1,"deletions":1}}},{"hash":"8d135ea8baf9c19e0f0cc72c16b84dea4ced9a2d","isMergeCommit":false,"messageTitle":"Update Help Command message to contain Complete Command","messageBody":"","fileTypesAndContributionMap":{"functional-code":{"insertions":1,"deletions":0}}}]},{"date":"2023-11-06","commitResults":[{"hash":"4e6d7a513ff32245e0781c357e9935085cf8419d","isMergeCommit":false,"messageTitle":"Update PPP for Ryan","messageBody":"","fileTypesAndContributionMap":{"docs":{"insertions":28,"deletions":7}}},{"hash":"d685b44183a420d586d296a8a1d72be6a1e7b16e","isMergeCommit":true,"messageTitle":"Merge pull request #209 from Kb-Tay/branch-Docs-UpdateDG","messageBody":"Update Documentation for Schedule and Complete feature in DG","fileTypesAndContributionMap":{}},{"hash":"4dc34211b2bb7ad8eef975376705412b47fb4825","isMergeCommit":false,"messageTitle":"Make wording of valid tags more explicit","messageBody":"","fileTypesAndContributionMap":{"docs":{"insertions":2,"deletions":2}}},{"hash":"88ff2ba1e6d4a7336627a04797de4b937e11cb00","isMergeCommit":false,"messageTitle":"Edit wording of acceptable values for add and edit in UG","messageBody":"","fileTypesAndContributionMap":{"docs":{"insertions":14,"deletions":14}}},{"hash":"631b870965b84af1596ed736ce0919bb11159606","isMergeCommit":true,"messageTitle":"Merge branch \u0027master\u0027 into branch-bugs-gatherEmails","messageBody":"","fileTypesAndContributionMap":{}}]},{"date":"2023-11-07","commitResults":[{"hash":"5ef3b7a18b47928a679b3a7b770707a9397efec3","isMergeCommit":true,"messageTitle":"Merge pull request #211 from sopa301/branch-doc-PPP","messageBody":"Branch doc ppp","fileTypesAndContributionMap":{}},{"hash":"2d4a0ab7b442ce2bbc7e35d4949fa9ae63351126","isMergeCommit":true,"messageTitle":"Merge pull request #208 from sopa301/branch-bug-bugFixes","messageBody":"Branch bug bug fixes","fileTypesAndContributionMap":{}},{"hash":"d7a9c968069b63394c6d2976b5076787f759936f","isMergeCommit":true,"messageTitle":"Merge pull request #205 from nikele2001/Branch-DG-bugs","messageBody":"Fix some UG bugs","fileTypesAndContributionMap":{}},{"hash":"a4a88a89603a9919ed5d26d35cbeae2f7057481a","isMergeCommit":true,"messageTitle":"Merge pull request #214 from AlyssaPng/branch-bugs-wrapText","messageBody":"Fix text wrapping for long text","fileTypesAndContributionMap":{}},{"hash":"62a6e03be2720ff6d48a9f02a984a50f7ea4e39c","isMergeCommit":false,"messageTitle":"Refactor CombinedPredicate to be more flexible","messageBody":"CombinedPredicate only accepts one of\nFinancialPlanContainsKeywordsPredicate, NameContainsKeywordsPredicate,\nand TagContainsKeywordsPredicate each. This makes the usage of\nCombinedPredicate difficult and inflexible. Using a common interface\nwith varargs will make the usage of CombinedPredicate easier and\nmore flexible.\n\nLet\u0027s:\n- Refactor the CombinedPredicate class\n- Introduce a PersonContainsKeywordsPredicate interface to abstract the\n  other predicate classes\n\nA limitation to this current implementation would be that\nCombinedPredicate is a bit of a misnomer, since it is an \"or\" predicate.\nAn \"and\" predicate of a similar nature would cause a naming clash.\nHowever, we don\u0027t need such a predicate yet, so we\u0027ll stick to this\nnaming.\nAlso, there might be concerns about the ability of this\nnew CombinedPredicate to compare against other objects\nof the same type. We don\u0027t need to\ncompare predicates by their actual functionality now,\nso implementing a stronger equals() method can be done later.\n","fileTypesAndContributionMap":{"functional-code":{"insertions":45,"deletions":42},"test-code":{"insertions":31,"deletions":26}}},{"hash":"080f89f89a3729921e671490f1645371062167d0","isMergeCommit":false,"messageTitle":"Update DG to contain new implementation of CombinedPredicate","messageBody":"","fileTypesAndContributionMap":{"docs":{"insertions":40,"deletions":30}}},{"hash":"9bd1168aeeea64a94a75a0a8aa627ec207782296","isMergeCommit":true,"messageTitle":"Merge pull request #215 from AlyssaPng/branch-bugs-userGuide","messageBody":"Branch bugs user guide","fileTypesAndContributionMap":{}},{"hash":"2dc919f095a0043cdd717f37cce405aab2e9b9be","isMergeCommit":true,"messageTitle":"Merge pull request #216 from Kb-Tay/branch-Feature-RefactorComplete","messageBody":"Refactor Complete Command code","fileTypesAndContributionMap":{}},{"hash":"f6e4a5444098ec96fdffe3abab84821f788a5804","isMergeCommit":false,"messageTitle":"Add more details to DG and remove duplicate code in ParserUtil","messageBody":"","fileTypesAndContributionMap":{"functional-code":{"insertions":3,"deletions":3},"docs":{"insertions":6,"deletions":1}}},{"hash":"a4ec64d26d20804456749074a23d47027f5b5988","isMergeCommit":true,"messageTitle":"Merge pull request #218 from sopa301/branch-enhancement-refactorFind","messageBody":"Refactor CombinedPredicate","fileTypesAndContributionMap":{}}]},{"date":"2023-11-08","commitResults":[{"hash":"e05766754358930305c078db2ff4b0adaad91eb6","isMergeCommit":false,"messageTitle":"Edit UG and Gather command with minor language changes","messageBody":"","fileTypesAndContributionMap":{"functional-code":{"insertions":3,"deletions":3},"docs":{"insertions":34,"deletions":31}}},{"hash":"a6a8e4c68739e5564bcb09b90e41a7311e383439","isMergeCommit":true,"messageTitle":"Merge pull request #221 from jylow/branch-bugfix-sort","messageBody":"Fix sort command bug and User Guide documentation","fileTypesAndContributionMap":{}},{"hash":"71237fffed97b752cf059240d7737c180ff50fc3","isMergeCommit":true,"messageTitle":"Merge branch \u0027master\u0027 of https://github.com/AY2324S1-CS2103T-F12-1/tp into branch-doc-englishCheck","messageBody":"","fileTypesAndContributionMap":{}},{"hash":"7e45ca9e45a734b444c7e1a27dad8a5869ba251d","isMergeCommit":false,"messageTitle":"Update UG and DG","messageBody":"","fileTypesAndContributionMap":{"docs":{"insertions":9,"deletions":4}}},{"hash":"cf3fc8236d00f64a0dfbad86b2e19f8373daf726","isMergeCommit":true,"messageTitle":"Merge pull request #222 from sopa301/branch-doc-englishCheck","messageBody":"UG and DG minor edits","fileTypesAndContributionMap":{}}]}],"jylow":[{"date":"2023-09-26","commitResults":[{"hash":"866428ac44e0d5cc83ebed8ba6c896d4c8d27025","isMergeCommit":false,"messageTitle":"Add aboutUs page for Jun Yu","messageBody":"","fileTypesAndContributionMap":{"docs":{"insertions":5,"deletions":5}}}]},{"date":"2023-09-29","commitResults":[{"hash":"8b8a6d012df53f8ef251c02bb588e983f7d97100","isMergeCommit":false,"messageTitle":"Add PPP file for Jun Yu and update PPP files for Nikele and Alyssa","messageBody":"","fileTypesAndContributionMap":{"docs":{"insertions":24,"deletions":2}}}]},{"date":"2023-10-06","commitResults":[{"hash":"8b70ec4350366fc6ea04b1795d223679ef6a0f73","isMergeCommit":false,"messageTitle":"Update glossary with noteworthy terms for developers.","messageBody":"","fileTypesAndContributionMap":{"docs":{"insertions":8,"deletions":0}}}]},{"date":"2023-10-17","commitResults":[{"hash":"2df823ac80834a6b01a9ee7acf48bde32355d644","isMergeCommit":false,"messageTitle":"Add sort functionality to list but with bugs that need to be fixed","messageBody":"","fileTypesAndContributionMap":{"functional-code":{"insertions":125,"deletions":1},"docs":{"insertions":1,"deletions":1},"test-code":{"insertions":11,"deletions":0}}},{"hash":"c80b49d92fb019d4d8d64cec8f58be2dd54d4ac9","isMergeCommit":false,"messageTitle":"Add sort functionality to list but with bugs that need to be fixed","messageBody":"","fileTypesAndContributionMap":{"functional-code":{"insertions":3,"deletions":8}}},{"hash":"0126e560d53ef3188c17ab2ab0d095f854500329","isMergeCommit":false,"messageTitle":"Add sort functionality to list but with bugs that need to be fixed","messageBody":"","fileTypesAndContributionMap":{"functional-code":{"insertions":1,"deletions":1}}}]},{"date":"2023-10-18","commitResults":[{"hash":"2de500d3483e7bf40ac80b2e96228883454b3f9b","isMergeCommit":false,"messageTitle":"Add sort functionality to list but with bugs that need to be fixed","messageBody":"","fileTypesAndContributionMap":{"functional-code":{"insertions":12,"deletions":21},"test-code":{"insertions":34,"deletions":4}}},{"hash":"0ce515d1bb67b3a2ec9ac3f0ff296bc7502e2b76","isMergeCommit":false,"messageTitle":"Add sort functionality to list but with bugs that need to be fixed","messageBody":"","fileTypesAndContributionMap":{"test-code":{"insertions":10,"deletions":5}}},{"hash":"0c2ed6d801869a6842cedcf2a9bb09e8799ee0ab","isMergeCommit":false,"messageTitle":"Add sort functionality to list but with bugs that need to be fixed","messageBody":"","fileTypesAndContributionMap":{"functional-code":{"insertions":0,"deletions":15},"test-code":{"insertions":1,"deletions":0}}},{"hash":"512d34d27d7487f8323ed436c42d550e231912b4","isMergeCommit":false,"messageTitle":"Add sort functionality to list but with bugs that need to be fixed","messageBody":"","fileTypesAndContributionMap":{"test-code":{"insertions":8,"deletions":0}}},{"hash":"6c0680b575bc7e276723c80cb1271bf82c220eb2","isMergeCommit":false,"messageTitle":"Add sort functionality to list but with bugs that need to be fixed","messageBody":"","fileTypesAndContributionMap":{"test-code":{"insertions":0,"deletions":1}}}]},{"date":"2023-10-19","commitResults":[{"hash":"e1a259015d38bcb5625d5c2f1477f970688c6955","isMergeCommit":true,"messageTitle":"Add sort functionality to list but with bugs that need to be fixed","messageBody":"","fileTypesAndContributionMap":{}},{"hash":"b460d441df60ba7d580b37220882f92ef612df71","isMergeCommit":true,"messageTitle":"Merge pull request #73 from jylow/branch-add-sortCommand","messageBody":"Branch add sort command","fileTypesAndContributionMap":{}},{"hash":"7ac0afbdf0f3abd62ba11aeccee6072333cad4f5","isMergeCommit":false,"messageTitle":"Add changes to userguide for sortcommand","messageBody":"","fileTypesAndContributionMap":{"docs":{"insertions":11,"deletions":1}}},{"hash":"908953ec2ea2e4267786f5d296263aa05284968d","isMergeCommit":false,"messageTitle":"Add changes to userguide for sortcommand","messageBody":"","fileTypesAndContributionMap":{"docs":{"insertions":1,"deletions":2}}},{"hash":"e2bab03964a22005dd0fa1438106766757b544fd","isMergeCommit":false,"messageTitle":"Add changes to userguide for sortcommand","messageBody":"","fileTypesAndContributionMap":{"docs":{"insertions":2,"deletions":4}}},{"hash":"e6b8f1e33d0ba50868751da65bdd64a753ceae6e","isMergeCommit":false,"messageTitle":"Add changes to userguide for sortcommand","messageBody":"","fileTypesAndContributionMap":{"docs":{"insertions":10,"deletions":10}}},{"hash":"e34f1a38656aa8989ac6b54ab99c5d2961a7c102","isMergeCommit":false,"messageTitle":"Add changes to userguide for sortcommand","messageBody":"","fileTypesAndContributionMap":{"docs":{"insertions":1,"deletions":1}}},{"hash":"c62649107b6a51987641e9254c2afb7e39f7a32e","isMergeCommit":true,"messageTitle":"Merge pull request #81 from jylow/branch-Docs-updateSortCommandUG","messageBody":"Add changes to userguide for sortcommand","fileTypesAndContributionMap":{}},{"hash":"eef237f42a3446c37da5f1a9eea936f285a149e7","isMergeCommit":false,"messageTitle":"Add changes to userguide for sortcommand","messageBody":"","fileTypesAndContributionMap":{"functional-code":{"insertions":70,"deletions":2}}}]},{"date":"2023-10-20","commitResults":[{"hash":"a8adfc6d077e63871f6619dd51e2cf83c64751fc","isMergeCommit":false,"messageTitle":"Update sort command to include sort by appointment timing functionality.","messageBody":"Previously, the sort command can only sort by person name in lexicographical order.\nThis new implementation enables users to additionally sort by appointment date and time\nwith the earlier appointment being displayed first.\n\nThe sort command in the CLI has also been altered. Instead of the usual sort just\nsorting by lexicographical order, this has now been changes to \"sort sort\" to make\n\"sort\" a default \"help function\" and \"sort appointment\" to be sorting by the appointment\ntime.\n","fileTypesAndContributionMap":{"functional-code":{"insertions":30,"deletions":16},"test-code":{"insertions":17,"deletions":5}}},{"hash":"81e79495c84d9187deb31308374c1b2034276d1d","isMergeCommit":false,"messageTitle":"Update sort command to include sort by appointment timing functionality.","messageBody":"Previously, the sort command can only sort by person name in lexicographical order.\nThis new implementation enables users to additionally sort by appointment date and time\nwith the earlier appointment being displayed first.\n\nThe sort command in the CLI has also been altered. Instead of the usual sort just\nsorting by lexicographical order, this has now been changes to \"sort sort\" to make\n\"sort\" a default \"help function\" and \"sort appointment\" to be sorting by the appointment\ntime.\n","fileTypesAndContributionMap":{"test-code":{"insertions":3,"deletions":2}}},{"hash":"c0bb5384d054c8d49cfb0e99755e959c34193425","isMergeCommit":false,"messageTitle":"Update sort command to include sort by appointment timing functionality.","messageBody":"Previously, the sort command can only sort by person name in lexicographical order.\nThis new implementation enables users to additionally sort by appointment date and time\nwith the earlier appointment being displayed first.\n\nThe sort command in the CLI has also been altered. Instead of the usual sort just\nsorting by lexicographical order, this has now been changes to \"sort sort\" to make\n\"sort\" a default \"help function\" and \"sort appointment\" to be sorting by the appointment\ntime.\n","fileTypesAndContributionMap":{"functional-code":{"insertions":5,"deletions":3}}},{"hash":"c89ecfa7ac4e2cb0bdbf224809ba8ea97ce5b3af","isMergeCommit":false,"messageTitle":"Update sort command to include sort by appointment timing functionality.","messageBody":"Previously, the sort command can only sort by person name in lexicographical order.\nThis new implementation enables users to additionally sort by appointment date and time\nwith the earlier appointment being displayed first.\n\nThe sort command in the CLI has also been altered. Instead of the usual sort just\nsorting by lexicographical order, this has now been changes to \"sort sort\" to make\n\"sort\" a default \"help function\" and \"sort appointment\" to be sorting by the appointment\ntime.\n","fileTypesAndContributionMap":{"test-code":{"insertions":0,"deletions":1}}},{"hash":"561830f8086ffefc47d03b23e9b0113268b681a4","isMergeCommit":false,"messageTitle":"Update sort command to include sort by appointment timing functionality.","messageBody":"Previously, the sort command can only sort by person name in lexicographical order.\nThis new implementation enables users to additionally sort by appointment date and time\nwith the earlier appointment being displayed first.\n\nThe sort command in the CLI has also been altered. Instead of the usual sort just\nsorting by lexicographical order, this has now been changes to \"sort sort\" to make\n\"sort\" a default \"help function\" and \"sort appointment\" to be sorting by the appointment\ntime.\n","fileTypesAndContributionMap":{"functional-code":{"insertions":41,"deletions":1},"test-code":{"insertions":43,"deletions":0}}}]},{"date":"2023-10-21","commitResults":[{"hash":"02aed115bf2aea05d7bbb56861609d338fde3de9","isMergeCommit":false,"messageTitle":"Update sort command to include sort by appointment timing functionality.","messageBody":"Previously, the sort command can only sort by person name in lexicographical order.\nThis new implementation enables users to additionally sort by appointment date and time\nwith the earlier appointment being displayed first.\n\nThe sort command in the CLI has also been altered. Instead of the usual sort just\nsorting by lexicographical order, this has now been changes to \"sort sort\" to make\n\"sort\" a default \"help function\" and \"sort appointment\" to be sorting by the appointment\ntime.\n","fileTypesAndContributionMap":{"test-code":{"insertions":8,"deletions":0}}},{"hash":"d8d204d21256c5aae0c70d8269de2c66d826fe79","isMergeCommit":true,"messageTitle":"Update sort command to include sort by appointment timing functionality.","messageBody":"Previously, the sort command can only sort by person name in lexicographical order.\nThis new implementation enables users to additionally sort by appointment date and time\nwith the earlier appointment being displayed first.\n\nThe sort command in the CLI has also been altered. Instead of the usual sort just\nsorting by lexicographical order, this has now been changes to \"sort sort\" to make\n\"sort\" a default \"help function\" and \"sort appointment\" to be sorting by the appointment\ntime.\n","fileTypesAndContributionMap":{}},{"hash":"0bc34a058e8da64bca3633bf9a0e277a8f74bbbe","isMergeCommit":false,"messageTitle":"Update sort command to include sort by appointment timing functionality.","messageBody":"Previously, the sort command can only sort by person name in lexicographical order.\nThis new implementation enables users to additionally sort by appointment date and time\nwith the earlier appointment being displayed first.\n\nThe sort command in the CLI has also been altered. Instead of the usual sort just\nsorting by lexicographical order, this has now been changes to \"sort sort\" to make\n\"sort\" a default \"help function\" and \"sort appointment\" to be sorting by the appointment\ntime.\n","fileTypesAndContributionMap":{"test-code":{"insertions":85,"deletions":0}}}]},{"date":"2023-10-24","commitResults":[{"hash":"678105d07b74312e51798537a89d687b62665b1b","isMergeCommit":false,"messageTitle":"Add prompt for updating appointment","messageBody":"Currently, when scheduling an appointment with a person with an appointment\nscheduled, the schedule command overrides the old appointment without\nthe users knowledge.\n\nThis fix keeps the implementation of this overriding appointment but adds a\nprompt that lets users know the current appointment scheduled and asks the\nuser if he would like to override the appointment\n\nThis is done to enable schedule to have dual functionality of adding and\neditting as well as a reminder of a potentially forgotten appointment with\na person and also as a quick way to override past appointments with a new\none.\n","fileTypesAndContributionMap":{"functional-code":{"insertions":311,"deletions":8}}},{"hash":"5ab2bace555a73bd96c0c078991f1a93ff0d7880","isMergeCommit":false,"messageTitle":"Add prompt for updating appointment","messageBody":"Currently, when scheduling an appointment with a person with an appointment\nscheduled, the schedule command overrides the old appointment without\nthe users knowledge.\n\nThis fix keeps the implementation of this overriding appointment but adds a\nprompt that lets users know the current appointment scheduled and asks the\nuser if he would like to override the appointment\n\nThis is done to enable schedule to have dual functionality of adding and\neditting as well as a reminder of a potentially forgotten appointment with\na person and also as a quick way to override past appointments with a new\none.\n","fileTypesAndContributionMap":{"functional-code":{"insertions":24,"deletions":0},"test-code":{"insertions":36,"deletions":0}}},{"hash":"55baf1338ed74039e13b079e4cc9d5c31f059632","isMergeCommit":false,"messageTitle":"Add updates to the UD and DG for sort","messageBody":"Helps ensure that users and\n","fileTypesAndContributionMap":{"docs":{"insertions":20,"deletions":5}}}]},{"date":"2023-10-25","commitResults":[{"hash":"10dae3d5c195e0ef7b1725ffbac7b36ce4aec08f","isMergeCommit":false,"messageTitle":"Add updates to the UG for sort","messageBody":"Helps ensure that users and developers know how to use and continue to develop the app\n","fileTypesAndContributionMap":{"functional-code":{"insertions":1,"deletions":1},"docs":{"insertions":35,"deletions":17},"test-code":{"insertions":1,"deletions":1}}}]},{"date":"2023-10-26","commitResults":[{"hash":"476c9381ce31efb5d4e09301e56da20b7bf6de1c","isMergeCommit":false,"messageTitle":"Add updates to the UG for sort","messageBody":"Helps ensure that users and developers know how to use and continue to develop the app\n","fileTypesAndContributionMap":{"docs":{"insertions":55,"deletions":0}}},{"hash":"b0661b3505642944213e569aec2ecd7c34cebae1","isMergeCommit":false,"messageTitle":"Add UML diagrams to DG for Sort","messageBody":"Helps ensure that users and developers know how to use and continue to develop the app\n","fileTypesAndContributionMap":{"docs":{"insertions":146,"deletions":52}}},{"hash":"31c6016583a4e3e33c47e516df77ec5cd1991b4a","isMergeCommit":true,"messageTitle":"Merge pull request #135 from Kb-Tay/branch-Docs-UpdateUG","messageBody":"Update UG to have Schedule and Complete command","fileTypesAndContributionMap":{}},{"hash":"5278bb4bfc46ec09b499e99010a19bb2337d6f9e","isMergeCommit":false,"messageTitle":"Add UML diagrams to DG for Sort","messageBody":"Helps ensure that users and developers know how to use and continue to develop the app\n","fileTypesAndContributionMap":{"docs":{"insertions":4,"deletions":81}}},{"hash":"ca5a4e8922e8f21238fe5ca89c9ba0bbec75ba62","isMergeCommit":false,"messageTitle":"Add sort into the DG","messageBody":"Helps ensure that users and developers know how to use and continue to develop the app\n","fileTypesAndContributionMap":{"docs":{"insertions":83,"deletions":0}}},{"hash":"9c1fcac6a209b5cfac405d20197cb0de613e3ba9","isMergeCommit":false,"messageTitle":"Add sort into the DG","messageBody":"Helps ensure that users and developers know how to use and continue to develop the app\n","fileTypesAndContributionMap":{"docs":{"insertions":10,"deletions":2}}}]},{"date":"2023-11-01","commitResults":[{"hash":"9f22ceeb23eb542a92cd4bbf0cfacfbfacccd62e","isMergeCommit":false,"messageTitle":"Update `MainApp.java` to include release version","messageBody":"","fileTypesAndContributionMap":{"functional-code":{"insertions":1,"deletions":1}}},{"hash":"ab7cbd3def7a568421d64bacb21438f57c07e933","isMergeCommit":false,"messageTitle":"Small change to sortcommand file","messageBody":"Before, the sortcommand error message was not updated when sort sort was changed to sort name.\nThis caused confusion in determining the correct command to use\n\nThis small update changes the sortcommand message to display the correct usage.\n","fileTypesAndContributionMap":{"functional-code":{"insertions":2,"deletions":2}}}]},{"date":"2023-11-02","commitResults":[{"hash":"99168db15ed8d9010a3521638646ed16600eddee","isMergeCommit":false,"messageTitle":"Revert \"Update MainApp.java to include release version\"","messageBody":"","fileTypesAndContributionMap":{"functional-code":{"insertions":3,"deletions":3}}},{"hash":"083a60299fa9798be8f631499ae2690c64b2883c","isMergeCommit":false,"messageTitle":"Fix bugs and update version number","messageBody":"Before, the sortcommand error message was not updated when sort sort was changed to sort name.\nThis caused confusion in determining the correct command to use\n\nThis small update changes the sortcommand message to display the correct usage.\n","fileTypesAndContributionMap":{"functional-code":{"insertions":4,"deletions":3}}},{"hash":"e6481d749fcf2b1359464ca732cde48e26277ab4","isMergeCommit":true,"messageTitle":"Merge pull request #148 from jylow/branch-release","messageBody":"Fix bugs and update version number","fileTypesAndContributionMap":{}},{"hash":"1aa2b8596b51b5b601f46894b5bc1fe9135b9e4d","isMergeCommit":false,"messageTitle":"Change sortcommand file","messageBody":"Before, the sortcommand error message was not updated when sort sort was changed to sort name.\nThis caused confusion in determining the correct command to use\n\nThis small update changes the sortcommand message to display the correct usage.\n","fileTypesAndContributionMap":{"functional-code":{"insertions":2,"deletions":2}}},{"hash":"b06dbdc379cb6be0233b1afbe374e6937dc1cb03","isMergeCommit":true,"messageTitle":"Merge pull request #149 from jylow/branch-rebase","messageBody":"Change sortcommand file","fileTypesAndContributionMap":{}},{"hash":"13ab4f2aeb04376ebb36e28719ee48ec49f557b9","isMergeCommit":false,"messageTitle":"Change sortcommand file","messageBody":"Before, the sortcommand error message was not updated when sort sort was changed to sort name.\nThis caused confusion in determining the correct command to use\n\nThis small update changes the sortcommand message to display the correct usage.\n","fileTypesAndContributionMap":{"functional-code":{"insertions":2,"deletions":2}}},{"hash":"4213a3d833b94bcd7fc8d3b317dfa5059464053d","isMergeCommit":true,"messageTitle":"Merge remote-tracking branch \u0027upstream/master\u0027","messageBody":"","fileTypesAndContributionMap":{}},{"hash":"ade49f71f58e17033c2210da56f05ed74d707eca","isMergeCommit":true,"messageTitle":"Merge pull request #150 from Kb-Tay/branch-Bug-CompleteCommand","messageBody":"Fix bugs in Complete Command","fileTypesAndContributionMap":{}},{"hash":"c1bd0904c81c3f60f0261f23f26f44e313b61b0a","isMergeCommit":true,"messageTitle":"Merge pull request #154 from Kb-Tay/branch-Feature-UpdateErrorMessage","messageBody":"Update error messages","fileTypesAndContributionMap":{}}]},{"date":"2023-11-07","commitResults":[{"hash":"2aae7e792aead8ab9d9c08f76d80ae13382cc02a","isMergeCommit":true,"messageTitle":"Merge pull request #219 from Kb-Tay/branch-Docs-UpdateUG","messageBody":"Update UG for Complete and Schedule Command to be clearer","fileTypesAndContributionMap":{}}]},{"date":"2023-11-08","commitResults":[{"hash":"e4101c1bd5c1e31ed3fc3e7f3cd426e8fd8a525a","isMergeCommit":false,"messageTitle":"Fix sort command bug and User Guide documentation","messageBody":"Currently, The sort command has a bug where the ordering of persons with null\nappointments will change each time the function is called. This bug fix fixes\nthe functionality and causes people will null appointments to be ordered in an\narbitrary order based on the previous way the list was sorted.\n\nEdits were also made to the user guide to provide further clarification to the\nordering of peoples names when sort appointment is called.\n","fileTypesAndContributionMap":{"functional-code":{"insertions":6,"deletions":2},"docs":{"insertions":11,"deletions":6},"test-code":{"insertions":7,"deletions":7}}}]}]},"authorFileTypeContributionMap":{"Kb-Tay":{"docs":383,"functional-code":806,"test-code":739,"other":2},"nikele2001":{"docs":191,"functional-code":539,"test-code":177},"AlyssaPng":{"docs":426,"functional-code":379,"test-code":483,"other":1},"sopa301":{"docs":227,"functional-code":860,"test-code":938,"other":1},"jylow":{"docs":217,"functional-code":547,"test-code":240}},"authorContributionVariance":{"Kb-Tay":18751.346,"nikele2001":25444.047,"AlyssaPng":11001.949,"sopa301":95108.28,"jylow":8036.776},"authorDisplayNameMap":{"Kb-Tay":"CS2103T-F12-1 AARO..BOON","nikele2001":"CS2103T-F12-1 NICH.. JIE","AlyssaPng":"CS2103T-F12-1 ALYS.. WEN","sopa301":"CS2103T-F12-1 POON..RYAN","jylow":"CS2103T-F12-1 LOW ..N YU"}}
