{"authorDailyContributionsMap":{"vijay-shankaranand":[{"date":"2023-09-29","commitResults":[{"hash":"8248dca76fd8a237a1724f1ed817cc4637e539f5","isMergeCommit":false,"messageTitle":"add Remark command","messageBody":"","fileTypesAndContributionMap":{"functional-code":{"insertions":143,"deletions":0}}},{"hash":"5a8f7cf44c59c6965532f2d6066a018c98ba50d3","isMergeCommit":false,"messageTitle":"Revert \"add Remark command\"","messageBody":"This reverts commit 8248dca76fd8a237a1724f1ed817cc4637e539f5.\n","fileTypesAndContributionMap":{"functional-code":{"insertions":0,"deletions":143}}}]},{"date":"2023-10-04","commitResults":[{"hash":"59da0c3c5631628abb1868e19f30cc798c6a06a7","isMergeCommit":false,"messageTitle":"Update UserGuide.md","messageBody":"","fileTypesAndContributionMap":{"docs":{"insertions":7,"deletions":3}}},{"hash":"99a0f7080812fa64102fced8d8c74f2c81da0458","isMergeCommit":false,"messageTitle":"streamline UserGuide for JobFestGo","messageBody":"","fileTypesAndContributionMap":{"docs":{"insertions":13,"deletions":13}}},{"hash":"292fe1a6fe87ef23515a89641cfd0f6f9f57d880","isMergeCommit":false,"messageTitle":"Update DeveloperGuide.md","messageBody":"","fileTypesAndContributionMap":{"docs":{"insertions":61,"deletions":9}}},{"hash":"c603d40cd84f3904be1951f7ef54ac27a94886ad","isMergeCommit":false,"messageTitle":"Streamline UserGuide for JobFestGo","messageBody":"","fileTypesAndContributionMap":{"docs":{"insertions":13,"deletions":13}}},{"hash":"4f904cc3aebefdd815eacb977b09589aee258002","isMergeCommit":false,"messageTitle":"Add AboutUs","messageBody":"","fileTypesAndContributionMap":{"docs":{"insertions":6,"deletions":6}}},{"hash":"34323d24c0f449834129bff786e0e4cb47b86ef8","isMergeCommit":false,"messageTitle":"add SkeletalPPP","messageBody":"","fileTypesAndContributionMap":{"docs":{"insertions":24,"deletions":46}}},{"hash":"b20c04e1f189dfbdec0161f093dd87b6a9ba5e74","isMergeCommit":true,"messageTitle":"Merge pull request #29 from vijay-shankaranand/update-ug","messageBody":"Update UserGuide to contain add feature with optional tag","fileTypesAndContributionMap":{}},{"hash":"ce01c5827224871ca9c13c539fcf5de8074cf457","isMergeCommit":true,"messageTitle":"Merge pull request #23 from rionshocker/update-readme","messageBody":"Update README.md to remove traces of AB3","fileTypesAndContributionMap":{}},{"hash":"d874eee3f5d4d91ea4dd2eca2e93b33bc88b5df9","isMergeCommit":true,"messageTitle":"Merge pull request #26 from rionshocker/add-ppp","messageBody":"Add a skeletal PPP","fileTypesAndContributionMap":{}},{"hash":"48fb23698063452fb140326fec62f060c2ccb67f","isMergeCommit":true,"messageTitle":"Merge pull request #28 from tjch-o/add-ppp","messageBody":"Add a skeletal PPP","fileTypesAndContributionMap":{}},{"hash":"63a22c2ce7a5529560bc6013ba32765576943fc1","isMergeCommit":true,"messageTitle":"Merge pull request #30 from xyT-T/branch-Add-PPP","messageBody":"Add a skeletal PPP","fileTypesAndContributionMap":{}},{"hash":"04be3a6257d6f7cf67b99fab9911b60d5437c86d","isMergeCommit":true,"messageTitle":"Merge pull request #39 from vijay-shankaranand/add-skeletalPPP","messageBody":"Add skeletal PPP","fileTypesAndContributionMap":{}},{"hash":"814dd9f652a5e00be927ea981d973ea112b0355e","isMergeCommit":true,"messageTitle":"Merge pull request #41 from Khaleelur-Rahman/add-skeletal-PPP","messageBody":"Add a skeletal PPP","fileTypesAndContributionMap":{}},{"hash":"88fa34c6c82d1fde5370156b32f7687cf7719c82","isMergeCommit":true,"messageTitle":"Merge pull request #35 from rionshocker/update-aboutus","messageBody":"Update AboutUs","fileTypesAndContributionMap":{}},{"hash":"53a852a378124d0c9367f2f26000a84736acfe94","isMergeCommit":true,"messageTitle":"Merge pull request #25 from rionshocker/update-dg","messageBody":"Update developer guide with deleting a tag command","fileTypesAndContributionMap":{}},{"hash":"150aa1c072d5cf727c29ae593e1f989a256e10f1","isMergeCommit":true,"messageTitle":"Merge pull request #24 from rionshocker/update-ug","messageBody":"Update user guide to contain delete tag portion","fileTypesAndContributionMap":{}},{"hash":"b7365baa2907c59fc3ffd2ddd9233dcb8c35fe45","isMergeCommit":true,"messageTitle":"Merge branch \u0027update-dg\u0027","messageBody":"","fileTypesAndContributionMap":{}},{"hash":"047e53f8fa72be221bb04cd23354024019240ffe","isMergeCommit":true,"messageTitle":"Merge branch \u0027update-ug\u0027","messageBody":"","fileTypesAndContributionMap":{}},{"hash":"3ab5fdbc4be92782821e87cb252ddc965bd01d2b","isMergeCommit":true,"messageTitle":"Merge branch \u0027master\u0027 into update-dg","messageBody":"","fileTypesAndContributionMap":{}},{"hash":"7c9a8a30aedab9bec8ca1e6c076f05d88f963f79","isMergeCommit":true,"messageTitle":"Merge pull request #33 from vijay-shankaranand/update-dg","messageBody":"Update DeveloperGuide for add contact with additional tag","fileTypesAndContributionMap":{}}]},{"date":"2023-10-13","commitResults":[{"hash":"3f1f0399bde68f1383f1ed9f8546f98307d6fed5","isMergeCommit":false,"messageTitle":"edit add command","messageBody":"","fileTypesAndContributionMap":{"functional-code":{"insertions":2,"deletions":2}}}]},{"date":"2023-10-14","commitResults":[{"hash":"0208c564c367928025645f571404602b9808c726","isMergeCommit":true,"messageTitle":"Merge branch \u0027master\u0027 of github.com:vijay-shankaranand/tp","messageBody":"","fileTypesAndContributionMap":{}},{"hash":"60b3c6f660d52fb126e07bf821dad6524dcc7651","isMergeCommit":false,"messageTitle":"sync add contact with tagList","messageBody":"","fileTypesAndContributionMap":{"functional-code":{"insertions":57,"deletions":9},"docs":{"insertions":1,"deletions":0}}},{"hash":"a032c7abd3e3a6dbd8372d87e4f209a7a9814464","isMergeCommit":false,"messageTitle":"fix test cases","messageBody":"","fileTypesAndContributionMap":{"functional-code":{"insertions":3,"deletions":3},"test-code":{"insertions":37,"deletions":22}}},{"hash":"93cbfc68819b80a68a6bcd7cf9d84012282cce2b","isMergeCommit":false,"messageTitle":"testcases for AddCommand and SampleData","messageBody":"","fileTypesAndContributionMap":{"functional-code":{"insertions":4,"deletions":4},"test-code":{"insertions":45,"deletions":8}}},{"hash":"3e0c1d5748ce2243242daca29b1390f0cb89e98b","isMergeCommit":false,"messageTitle":"stylecheck fix","messageBody":"","fileTypesAndContributionMap":{"test-code":{"insertions":10,"deletions":3}}}]},{"date":"2023-10-15","commitResults":[{"hash":"51ff9866de020ab005a891ba26d728bdb3bb5dd0","isMergeCommit":false,"messageTitle":"fix testcases","messageBody":"","fileTypesAndContributionMap":{"functional-code":{"insertions":7,"deletions":8},"test-code":{"insertions":46,"deletions":1}}},{"hash":"4d83ff8aab3e040bae4e9f406597415c09acfdc4","isMergeCommit":true,"messageTitle":"Merge branch \u0027master\u0027 into modify-add-command","messageBody":"","fileTypesAndContributionMap":{}},{"hash":"30b6069b1d524045943a7c81b79e3ff36b5ff1dc","isMergeCommit":true,"messageTitle":"Merge pull request #59 from vijay-shankaranand/modify-add-command","messageBody":"Add contact with optional tag","fileTypesAndContributionMap":{}}]},{"date":"2023-10-18","commitResults":[{"hash":"29c6a4b25b1fe097389f85beec6f4666520a76a9","isMergeCommit":false,"messageTitle":"add event command","messageBody":"","fileTypesAndContributionMap":{"functional-code":{"insertions":872,"deletions":8}}},{"hash":"dab6b0e991689dd36ff37b2aa9ca187558d86f37","isMergeCommit":false,"messageTitle":"update checkstyle and testcases for CI/CD","messageBody":"","fileTypesAndContributionMap":{"functional-code":{"insertions":68,"deletions":12},"test-code":{"insertions":91,"deletions":2}}},{"hash":"aa5fe97c8c4891dcc729ad1c28839a73f731a9bf","isMergeCommit":false,"messageTitle":"naming convention changes","messageBody":"","fileTypesAndContributionMap":{"functional-code":{"insertions":7,"deletions":7}}},{"hash":"cf18158560999320aeee06e75426269e2457a5cb","isMergeCommit":true,"messageTitle":"Merge pull request #69 from vijay-shankaranand/add-event","messageBody":"Add event command","fileTypesAndContributionMap":{}}]},{"date":"2023-10-24","commitResults":[{"hash":"97be4ff0d6c050351d9a6663b55c1a068f8a0ba2","isMergeCommit":false,"messageTitle":"Add addEventCommand testcases","messageBody":"","fileTypesAndContributionMap":{"test-code":{"insertions":299,"deletions":1}}},{"hash":"debef0c144268283a9091630f68b452f09fc0d20","isMergeCommit":false,"messageTitle":"Add remaining event testcases","messageBody":"","fileTypesAndContributionMap":{"test-code":{"insertions":723,"deletions":2}}}]},{"date":"2023-10-25","commitResults":[{"hash":"e65eb5dc51df81c4613183cbdd1c0f98e3a6eca6","isMergeCommit":false,"messageTitle":"Refactor code for abstraction","messageBody":"","fileTypesAndContributionMap":{"functional-code":{"insertions":36,"deletions":188},"other":{"insertions":3,"deletions":3},"docs":{"insertions":1,"deletions":1},"test-code":{"insertions":16,"deletions":12}}},{"hash":"5008bc0e6df57545f131d8441fb3872d84b560e6","isMergeCommit":true,"messageTitle":"Fix merge conflicts","messageBody":"","fileTypesAndContributionMap":{}},{"hash":"cb87930a0c2e39e41ed1a438f0a228c68e806907","isMergeCommit":false,"messageTitle":"Refactor code for code quality","messageBody":"","fileTypesAndContributionMap":{"functional-code":{"insertions":34,"deletions":43},"other":{"insertions":5,"deletions":7},"test-code":{"insertions":82,"deletions":275}}},{"hash":"c530f7a2c30c6f23dc73893829260780b66a6f64","isMergeCommit":true,"messageTitle":"Merge pull request #96 from Khaleelur-Rahman/update-UG-DG","messageBody":"Update UG and DG to include delete_event and add_task","fileTypesAndContributionMap":{}},{"hash":"0517087d1ee2f2c254f106236bb50605114d804e","isMergeCommit":true,"messageTitle":"Resolve merge conflicts","messageBody":"","fileTypesAndContributionMap":{}},{"hash":"69c93fa7daff6180cf0a3aa920ba2a72434de8e3","isMergeCommit":false,"messageTitle":"Update UG","messageBody":"","fileTypesAndContributionMap":{"docs":{"insertions":19,"deletions":3}}},{"hash":"d9fe0a02c432139c655ba84256e49a768efd7672","isMergeCommit":false,"messageTitle":"Modify helpWindow","messageBody":"","fileTypesAndContributionMap":{"functional-code":{"insertions":1,"deletions":1}}},{"hash":"1ae378ecab4b30d6363cf52d2ade3a03be2e3df6","isMergeCommit":false,"messageTitle":"Add requested changes","messageBody":"","fileTypesAndContributionMap":{"docs":{"insertions":2,"deletions":2}}},{"hash":"a9c404b470d8396344c9369017af92b363a4346d","isMergeCommit":true,"messageTitle":"Merge pull request #97 from vijay-shankaranand/update-ug","messageBody":"Update UG for add_event","fileTypesAndContributionMap":{}},{"hash":"bc3687bb55a7d1f444a19a538acf973fa2905000","isMergeCommit":true,"messageTitle":"Merge pull request #94 from tjch-o/update-dg","messageBody":"Update DG to include view events and home command","fileTypesAndContributionMap":{}},{"hash":"b8e64022b91cebd153372538390d90affbec9130","isMergeCommit":true,"messageTitle":"Merge pull request #91 from rionshocker/update-dg","messageBody":"Update DG to contain select event command","fileTypesAndContributionMap":{}}]},{"date":"2023-10-26","commitResults":[{"hash":"6de1300ed8059477b17c19a3945bccb01485c535","isMergeCommit":false,"messageTitle":"Fix requested changes","messageBody":"","fileTypesAndContributionMap":{"functional-code":{"insertions":25,"deletions":25}}},{"hash":"04bf6079912c469f0eae1c6b7ddaa7e41487063a","isMergeCommit":true,"messageTitle":"Merge pull request #92 from vijay-shankaranand/add-event-testcases","messageBody":"Add Event Command test cases","tags":["v1.3.trial"],"fileTypesAndContributionMap":{}},{"hash":"fd55a000e6040914f8bddd4fdd93a3079d9cf6f7","isMergeCommit":false,"messageTitle":"Update UG","messageBody":"","fileTypesAndContributionMap":{"docs":{"insertions":55,"deletions":17}}},{"hash":"e0b1cdda3d853a216aff19178bebe449c396f41c","isMergeCommit":false,"messageTitle":"Revert \"Update UG\"","messageBody":"This reverts commit fd55a000e6040914f8bddd4fdd93a3079d9cf6f7.\n","fileTypesAndContributionMap":{"docs":{"insertions":17,"deletions":55}}},{"hash":"815a14ab47fa07152837b03a8febaec59cf0b186","isMergeCommit":false,"messageTitle":"Revert \"Update UG\"","messageBody":"This reverts commit fd55a000e6040914f8bddd4fdd93a3079d9cf6f7.\n","fileTypesAndContributionMap":{"docs":{"insertions":17,"deletions":55}}},{"hash":"26bf51dd031cc5746c41890081b0a130b373edef","isMergeCommit":false,"messageTitle":"Update DG","messageBody":"","fileTypesAndContributionMap":{"docs":{"insertions":44,"deletions":6}}}]},{"date":"2023-10-27","commitResults":[{"hash":"b919b3fffb36de348bf1cb52a83e0ab1800657a6","isMergeCommit":false,"messageTitle":"Fix case sensitive name","messageBody":"","fileTypesAndContributionMap":{"functional-code":{"insertions":2,"deletions":1}}},{"hash":"09212148af313a53a0440c67b0b995cd7ab60b35","isMergeCommit":true,"messageTitle":"Merge pull request #98 from vijay-shankaranand/update-dg-new","messageBody":"Update DG","fileTypesAndContributionMap":{}}]},{"date":"2023-10-28","commitResults":[{"hash":"1407987b9202b2ef618c8420881315797de92809","isMergeCommit":true,"messageTitle":"Merge pull request #104 from Khaleelur-Rahman/branch-add-task","messageBody":"add task empty json fix","fileTypesAndContributionMap":{}}]},{"date":"2023-10-29","commitResults":[{"hash":"c2bc87c896bdbf697295ca954faa39491a75f1fc","isMergeCommit":false,"messageTitle":"Add reminders feature","messageBody":"","fileTypesAndContributionMap":{"functional-code":{"insertions":120,"deletions":5}}}]},{"date":"2023-10-31","commitResults":[{"hash":"5dfd872a777c41e9435db835556f9579fd54711b","isMergeCommit":false,"messageTitle":"Fix naming conventions","messageBody":"","fileTypesAndContributionMap":{"functional-code":{"insertions":356,"deletions":361},"other":{"insertions":257,"deletions":257},"docs":{"insertions":106,"deletions":106},"test-code":{"insertions":767,"deletions":774}}},{"hash":"f84a24b347d883b6a761dadc9ee6817cf06dba3c","isMergeCommit":true,"messageTitle":"Fix merge conflicts","messageBody":"","fileTypesAndContributionMap":{}},{"hash":"864accc46af3eda11ab2ba235ccef607f3cea818","isMergeCommit":false,"messageTitle":"Fix checkstyle","messageBody":"","fileTypesAndContributionMap":{"functional-code":{"insertions":74,"deletions":87},"docs":{"insertions":5,"deletions":5},"test-code":{"insertions":75,"deletions":66}}},{"hash":"64723dc1b3af8cb7e1b42bf306db39f62a8feafe","isMergeCommit":false,"messageTitle":"Wrong commit","messageBody":"","fileTypesAndContributionMap":{"functional-code":{"insertions":1,"deletions":1}}},{"hash":"e05d9cfac7f089edb1b6520212675a907041570b","isMergeCommit":false,"messageTitle":"Remove jobfestgo.json","messageBody":"","fileTypesAndContributionMap":{"functional-code":{"insertions":1,"deletions":1}}},{"hash":"a29a8dde6e6fd33c94060e665a15e306fb3c5a81","isMergeCommit":false,"messageTitle":"Fix PR comments","messageBody":"","fileTypesAndContributionMap":{"functional-code":{"insertions":6,"deletions":6},"docs":{"insertions":1,"deletions":1},"test-code":{"insertions":1,"deletions":1}}},{"hash":"5a375b092560af804035ba4dc561ff75a93a73d6","isMergeCommit":false,"messageTitle":"Fix Readme","messageBody":"","fileTypesAndContributionMap":{"docs":{"insertions":1,"deletions":1}}},{"hash":"12847f819fcf1d366af1f5bcc4be5c5d8aa14901","isMergeCommit":false,"messageTitle":"Fix further comments","messageBody":"","fileTypesAndContributionMap":{"functional-code":{"insertions":1,"deletions":1},"docs":{"insertions":3,"deletions":3}}}]},{"date":"2023-11-01","commitResults":[{"hash":"7fc879c709692aa6e9576a4d246c9e66b60646c6","isMergeCommit":true,"messageTitle":"Merge pull request #133 from vijay-shankaranand/fix-feature-flaw","messageBody":"Change addressbook to jobfestgo","fileTypesAndContributionMap":{}},{"hash":"3585da3fb0dfca70c10f958f921c4e90d974803f","isMergeCommit":false,"messageTitle":"Fix Date after today issue","messageBody":"","fileTypesAndContributionMap":{"functional-code":{"insertions":29,"deletions":10}}},{"hash":"568ecd3ceeba668ec10d6e8cb31a4baf75c308c5","isMergeCommit":false,"messageTitle":"Fix checkstyle","messageBody":"","fileTypesAndContributionMap":{"functional-code":{"insertions":0,"deletions":3}}},{"hash":"8bb1b4f038e6612dec9cc7d148e8fac8ce1cf09e","isMergeCommit":false,"messageTitle":"Fix testcases","messageBody":"","fileTypesAndContributionMap":{"test-code":{"insertions":2,"deletions":2}}},{"hash":"c08f09548d4bcbafbe696801b58451b20e016a7b","isMergeCommit":false,"messageTitle":"Change task commands","messageBody":"","fileTypesAndContributionMap":{"functional-code":{"insertions":18,"deletions":18},"other":{"insertions":14,"deletions":14}}}]}],"Khaleelur-Rahman":[{"date":"2023-10-04","commitResults":[{"hash":"9b6b034c8924645dd1f6bfdaa11bb46b7ba1d8ab","isMergeCommit":false,"messageTitle":"Update AboutUs.md","messageBody":"Added Khaleelur Rahman\u0027s photo and GitHub page.","fileTypesAndContributionMap":{"docs":{"insertions":4,"deletions":4}}},{"hash":"4be3d3227665d3d15afcc24dcc7d9f45339d0b82","isMergeCommit":false,"messageTitle":"Add skeletal PPP","messageBody":"Add khaleelur-rahman.md as a base for skeletal PPP.","fileTypesAndContributionMap":{"docs":{"insertions":24,"deletions":0}}},{"hash":"fe16e9351f7f7d6e98acfc2cd55e4dd0b9baaa77","isMergeCommit":false,"messageTitle":"Revert \"Update AboutUs.md\"","messageBody":"This reverts commit 9b6b034c8924645dd1f6bfdaa11bb46b7ba1d8ab.\n","fileTypesAndContributionMap":{"docs":{"insertions":4,"deletions":4}}},{"hash":"d63d2e73bd6b9dac616aacf4d2f56f7f21130d8d","isMergeCommit":false,"messageTitle":"Update DeveloperGuide.md","messageBody":"Add add tags feature to the developer guide.","fileTypesAndContributionMap":{"docs":{"insertions":14,"deletions":3}}},{"hash":"b8e8fbe18b0b159c8d2fbc33ed2984832bd8553b","isMergeCommit":false,"messageTitle":"Update UserGuide.md","messageBody":"","fileTypesAndContributionMap":{"docs":{"insertions":17,"deletions":2}}},{"hash":"b468229422eefeebacea5dff1cd3afa9756a9bb1","isMergeCommit":false,"messageTitle":"Update UserGuide.md","messageBody":"","fileTypesAndContributionMap":{"docs":{"insertions":2,"deletions":2}}},{"hash":"bc044c307a329412c7c2266d47c90070c717c421","isMergeCommit":false,"messageTitle":"Update DeveloperGuide.md","messageBody":"Fixed typo.","fileTypesAndContributionMap":{"docs":{"insertions":1,"deletions":1}}},{"hash":"4df89a76929e62136249d74fe2c6d6bdbd5b5769","isMergeCommit":false,"messageTitle":"Update DeveloperGuide.md","messageBody":"","fileTypesAndContributionMap":{"docs":{"insertions":1,"deletions":1}}},{"hash":"5aec7a430d189272786a73ac73524fd63fd3fc13","isMergeCommit":true,"messageTitle":"Merge branch \u0027AY2324S1-CS2103T-T09-1:master\u0027 into master","messageBody":"","fileTypesAndContributionMap":{}},{"hash":"0091f27e5c3180844fcc74f54f383bc2a5848fcc","isMergeCommit":false,"messageTitle":"Update AboutUs.md","messageBody":"","fileTypesAndContributionMap":{"docs":{"insertions":6,"deletions":6}}},{"hash":"204e4e02803a769bbbbf4f07cb7352930eae0137","isMergeCommit":false,"messageTitle":"Update DeveloperGuide.md","messageBody":"","fileTypesAndContributionMap":{"docs":{"insertions":132,"deletions":2}}},{"hash":"7f225b0b422aa9f9d397b0541dd9d2abcf82c9fb","isMergeCommit":true,"messageTitle":"Merge branch \u0027master\u0027 into update-DG","messageBody":"","fileTypesAndContributionMap":{}},{"hash":"cbae7111569e1359854b0a858592c056fca31dfb","isMergeCommit":true,"messageTitle":"Merge branch \u0027AY2324S1-CS2103T-T09-1:master\u0027 into master","messageBody":"","fileTypesAndContributionMap":{}},{"hash":"650c0c0e18608fb6d91658634e8af6dedc1f1824","isMergeCommit":true,"messageTitle":"Merge branch \u0027update_UG\u0027 into master","messageBody":"","fileTypesAndContributionMap":{}},{"hash":"71901c5450c7cb59af17555520aae430fb6d8a7a","isMergeCommit":true,"messageTitle":"Merge pull request #1 from Khaleelur-Rahman/master","messageBody":"master to update-ug","fileTypesAndContributionMap":{}},{"hash":"4d70225fa08bdda73032535203013262d6859c72","isMergeCommit":true,"messageTitle":"Merge pull request #43 from Khaleelur-Rahman/update_UG","messageBody":"Update UserGuide to contain add tags feature","fileTypesAndContributionMap":{}}]},{"date":"2023-10-10","commitResults":[{"hash":"36cf64d55130471c9269a509155384763828f743","isMergeCommit":false,"messageTitle":"Add files to support add_tag command","messageBody":"Amend tag package to include exceptions and UniqueTagList\nto take care of the collection of tags.\n\nAdded TagList and ReadOnlyTagList in model package.\n","fileTypesAndContributionMap":{"functional-code":{"insertions":198,"deletions":0}}},{"hash":"4f74f7bf9373fbfc3c4486f12b1e2dda04a55f0c","isMergeCommit":false,"messageTitle":"Implement method for tag model classes","messageBody":"","fileTypesAndContributionMap":{"functional-code":{"insertions":151,"deletions":3}}},{"hash":"760d145d25ef6cebc30f7c88e0e6b6becd23bb02","isMergeCommit":false,"messageTitle":"Implement ModelTagList and its manager class","messageBody":"Amend UserPrefs to account for taglist file path.\n","fileTypesAndContributionMap":{"functional-code":{"insertions":241,"deletions":6}}},{"hash":"9e81ec904b70d2383f4a241e23abc1c6f97591dc","isMergeCommit":false,"messageTitle":"Add parser functionality for add_tag command","messageBody":"","fileTypesAndContributionMap":{"functional-code":{"insertions":209,"deletions":359}}},{"hash":"128dd6491ad3a8f743ee60f702d3978983520b5f","isMergeCommit":false,"messageTitle":"Edit storage class files to add tags","messageBody":"","fileTypesAndContributionMap":{"functional-code":{"insertions":17,"deletions":3}}},{"hash":"d5643a5d4da894d56c4338003e2aa49a42584961","isMergeCommit":false,"messageTitle":"Edit message displayed when error occurs when adding tag","messageBody":"","fileTypesAndContributionMap":{"functional-code":{"insertions":12,"deletions":2}}},{"hash":"e24dff543479b380892483edf1f26417b4400562","isMergeCommit":false,"messageTitle":"Add Javadocs and comments","messageBody":"","fileTypesAndContributionMap":{"functional-code":{"insertions":15,"deletions":22}}},{"hash":"01befafd498d43e8ffb75865c9a50049f111c053","isMergeCommit":false,"messageTitle":"Update UserGuide.md","messageBody":"Update add_tag command description","fileTypesAndContributionMap":{"docs":{"insertions":15,"deletions":15}}},{"hash":"fa9518c5d1d1cf3466427a6b1271b08803ed0e71","isMergeCommit":false,"messageTitle":"Update DeveloperGuide.md","messageBody":"Update add_tag use case and extension","fileTypesAndContributionMap":{"docs":{"insertions":21,"deletions":0}}},{"hash":"00da1363d47de0a7d0285a4886df937fa7bd6ee2","isMergeCommit":true,"messageTitle":"Merge branch \u0027master\u0027 into update-DG","messageBody":"","fileTypesAndContributionMap":{}},{"hash":"e196f4a467f60234eeae86936f40612918c69114","isMergeCommit":false,"messageTitle":"Change CRLF to LF","messageBody":"","fileTypesAndContributionMap":{"functional-code":{"insertions":252,"deletions":252}}}]},{"date":"2023-10-11","commitResults":[{"hash":"b1c5439ebdedbca24b4adeef171cb2e3bdcbea8a","isMergeCommit":false,"messageTitle":"Style checks on edited classes","messageBody":"","fileTypesAndContributionMap":{"functional-code":{"insertions":23,"deletions":14}}},{"hash":"6e4515a47b4004c71782616c0cd54d3eb820e1c5","isMergeCommit":false,"messageTitle":"Implement methods in test classes","messageBody":"","fileTypesAndContributionMap":{"test-code":{"insertions":37,"deletions":0}}},{"hash":"c570be42b083022591a3d50a309bc608b45daa53","isMergeCommit":false,"messageTitle":"Amend test files to include tagList in the test data files","messageBody":"","fileTypesAndContributionMap":{"test-code":{"insertions":1,"deletions":1}}},{"hash":"148d2f7a779b0a371a213e51356563271f180cf6","isMergeCommit":false,"messageTitle":"Style checks","messageBody":"","fileTypesAndContributionMap":{"test-code":{"insertions":3,"deletions":1}}},{"hash":"d561406d7bfbca20c819a92c8d9c1aa0905d7cf7","isMergeCommit":false,"messageTitle":"Update UserGuide.md","messageBody":"","fileTypesAndContributionMap":{"docs":{"insertions":1,"deletions":1}}},{"hash":"6d7e1c5a92233f302e0bbf06657b9f96a518af1c","isMergeCommit":false,"messageTitle":"Made changes based on comments","messageBody":"","fileTypesAndContributionMap":{"functional-code":{"insertions":21,"deletions":17}}}]},{"date":"2023-10-13","commitResults":[{"hash":"28aeab5fabe1541b7a621b537ec7a77735f7ccd8","isMergeCommit":false,"messageTitle":"Add tests for Tag class","messageBody":"","fileTypesAndContributionMap":{"test-code":{"insertions":118,"deletions":2}}},{"hash":"274676615af27b6daf0ca48fc23a0273aac12751","isMergeCommit":false,"messageTitle":"Edit tagTest class","messageBody":"","fileTypesAndContributionMap":{"test-code":{"insertions":1,"deletions":1}}},{"hash":"de4bf4429ba4eb124dc78051b661082838d88d3e","isMergeCommit":false,"messageTitle":"Add test cases for UniqueTagList class","messageBody":"","fileTypesAndContributionMap":{"functional-code":{"insertions":1,"deletions":2},"test-code":{"insertions":150,"deletions":0}}},{"hash":"0512c92460a4b409055b341a180f8ba41d66844b","isMergeCommit":false,"messageTitle":"Add test cases for AddTagCommand class","messageBody":"","fileTypesAndContributionMap":{"functional-code":{"insertions":9,"deletions":0},"test-code":{"insertions":206,"deletions":6}}},{"hash":"fc70279014d54817afea363b9f8a2ed2614db04e","isMergeCommit":false,"messageTitle":"Add few test cases for AddTagCommandParser and JsonAdaptedTag","messageBody":"","fileTypesAndContributionMap":{"functional-code":{"insertions":3,"deletions":2},"test-code":{"insertions":92,"deletions":6}}},{"hash":"6fecb75309a5ede54f567bc1848f44662dcd9e60","isMergeCommit":false,"messageTitle":"Add test cases for ModelManager class","messageBody":"","fileTypesAndContributionMap":{"functional-code":{"insertions":1,"deletions":2},"test-code":{"insertions":25,"deletions":0}}},{"hash":"662ed9e56c5b4addff3d573dceca6c45db1b9c20","isMergeCommit":false,"messageTitle":"Add tests for AddressBook class","messageBody":"","fileTypesAndContributionMap":{"test-code":{"insertions":41,"deletions":3}}}]},{"date":"2023-10-14","commitResults":[{"hash":"95ca591c5bd94cb6bc0bef9801149e37f2678a0c","isMergeCommit":false,"messageTitle":"Checkstyle","messageBody":"","fileTypesAndContributionMap":{"functional-code":{"insertions":2,"deletions":2},"test-code":{"insertions":67,"deletions":76}}},{"hash":"aafdde4489491b43443774269557707d1f5808ec","isMergeCommit":true,"messageTitle":"Merge pull request #54 from Khaleelur-Rahman/update_UG","messageBody":"Update UserGuide.md","fileTypesAndContributionMap":{}},{"hash":"d778d8dc88d08a1531e26aa56036553c0c9470f5","isMergeCommit":true,"messageTitle":"Merge pull request #55 from Khaleelur-Rahman/update-DG","messageBody":"Update DeveloperGuide.md","fileTypesAndContributionMap":{}},{"hash":"1be0c1e3927d647a7e9633780fc0daf0a94111b4","isMergeCommit":true,"messageTitle":"Merge pull request #57 from rionshocker/delete-tag","messageBody":"Delete a tag","fileTypesAndContributionMap":{}}]},{"date":"2023-10-18","commitResults":[{"hash":"f2f1e47776e356e48dd4554d1014160ee1dc6580","isMergeCommit":false,"messageTitle":"Add test cases to improve test coverage","messageBody":"","fileTypesAndContributionMap":{"test-code":{"insertions":253,"deletions":9}}},{"hash":"e09159bef3b52f3363615bc22cf2b50034913c3d","isMergeCommit":true,"messageTitle":"Merge branch \u0027master\u0027 into branch-add-tag-test","messageBody":"","fileTypesAndContributionMap":{}},{"hash":"0b275422c872de7873e385cf36ad1b6b3c0b707f","isMergeCommit":true,"messageTitle":"Merge branch \u0027branch-add-tag-test\u0027 of https://github.com/Khaleelur-Rahman/tp into branch-add-tag-test","messageBody":"","fileTypesAndContributionMap":{}},{"hash":"8e482066f56fcebfff8dad1773efd018cf68be11","isMergeCommit":false,"messageTitle":"Add event list in the Json sample test files","messageBody":"","fileTypesAndContributionMap":{"test-code":{"insertions":0,"deletions":1}}}]},{"date":"2023-10-20","commitResults":[{"hash":"5daf4cfcbef6d341ec3947abce96a17de0f72dbf","isMergeCommit":false,"messageTitle":"Add delete event command class","messageBody":"","fileTypesAndContributionMap":{"functional-code":{"insertions":97,"deletions":4}}},{"hash":"a480bd36c2289ba78b202c2b351a4c018c714886","isMergeCommit":false,"messageTitle":"Add parser class for delete event","messageBody":"","fileTypesAndContributionMap":{"functional-code":{"insertions":32,"deletions":1}}},{"hash":"b1fe181021e0eed5b79505497fabaf322a774c43","isMergeCommit":false,"messageTitle":"Add sample events to sample data class","messageBody":"","fileTypesAndContributionMap":{"functional-code":{"insertions":41,"deletions":7}}},{"hash":"683f1abc3f26ccab7dacf31ed2bd7c48e8fd4e36","isMergeCommit":true,"messageTitle":"Merge pull request #76 from tjch-o/branch-view-event","messageBody":"Add test cases for view_events","fileTypesAndContributionMap":{}},{"hash":"4830fd7e32d2b9c9e90a91119e763e5029d11761","isMergeCommit":false,"messageTitle":"Add event sample data and test cases for AddressBook","messageBody":"","fileTypesAndContributionMap":{"functional-code":{"insertions":3,"deletions":1},"test-code":{"insertions":162,"deletions":1}}},{"hash":"82492de12738427ccfa481912ba18bc5aaa3ffc3","isMergeCommit":false,"messageTitle":"Add test cases for DeleteEventCommand class","messageBody":"","fileTypesAndContributionMap":{"functional-code":{"insertions":0,"deletions":1},"test-code":{"insertions":127,"deletions":57}}},{"hash":"412d1cfe1701990e770afa1f7a482dc8200ecfa6","isMergeCommit":false,"messageTitle":"Add further test cases","messageBody":"","fileTypesAndContributionMap":{"functional-code":{"insertions":4,"deletions":0},"other":{"insertions":1,"deletions":1},"test-code":{"insertions":216,"deletions":0}}},{"hash":"6c4e00e4baec54665231aa7c07646d240e8a18e1","isMergeCommit":false,"messageTitle":"checkstyle","messageBody":"","fileTypesAndContributionMap":{"functional-code":{"insertions":3,"deletions":0},"test-code":{"insertions":28,"deletions":7}}},{"hash":"ebdc0222a67ab222b139c26a1964ac93d4d4ba87","isMergeCommit":true,"messageTitle":"Merge branch \u0027master\u0027 into branch-delete-event","messageBody":"","fileTypesAndContributionMap":{}},{"hash":"36815bb6d62b9722793d86759b11f9be4c865584","isMergeCommit":false,"messageTitle":"Checkstyle for switch statement","messageBody":"","fileTypesAndContributionMap":{"functional-code":{"insertions":0,"deletions":17}}},{"hash":"d4812c7772d5cf141527ff2e9f9d6499a5c6d621","isMergeCommit":true,"messageTitle":"Merge branch \u0027branch-delete-event\u0027 of https://github.com/Khaleelur-Rahman/tp into branch-delete-event","messageBody":"# Conflicts:\n#\tsrc/main/java/seedu/address/logic/parser/AddressBookParser.java\n","fileTypesAndContributionMap":{}},{"hash":"4d4e3274c608add12e41502f50507064a3c3cdee","isMergeCommit":false,"messageTitle":"Final edits","messageBody":"","fileTypesAndContributionMap":{"functional-code":{"insertions":0,"deletions":5}}},{"hash":"575193c9b2d833301b8eaddc00678f4218c08f2c","isMergeCommit":false,"messageTitle":"Edit test cases and resolve conflicts","messageBody":"","fileTypesAndContributionMap":{"test-code":{"insertions":16,"deletions":17}}},{"hash":"58b4f871e9f02b697fb37c6e2c3b8d191f0f3ae5","isMergeCommit":false,"messageTitle":"Rearrange folder structure","messageBody":"","fileTypesAndContributionMap":{"functional-code":{"insertions":23,"deletions":10},"other":{"insertions":175,"deletions":111},"test-code":{"insertions":58,"deletions":56}}},{"hash":"dd35bd2e30b2f363c22325b4161eaa9f6f012bae","isMergeCommit":false,"messageTitle":"checkstyle","messageBody":"","fileTypesAndContributionMap":{"functional-code":{"insertions":10,"deletions":10},"test-code":{"insertions":11,"deletions":18}}},{"hash":"aa8885ce715bd989d0b4d86bc297f7c524c1a383","isMergeCommit":false,"messageTitle":"Implement feature","messageBody":"Delete contact from contact list in events when the contact is deleted.\n","fileTypesAndContributionMap":{"functional-code":{"insertions":26,"deletions":0}}},{"hash":"d6035b3b5f2bcf1c8dbcc4d6b8f1bb5404fd4035","isMergeCommit":false,"messageTitle":"Amend classes to improve on PR comments","messageBody":"","fileTypesAndContributionMap":{"functional-code":{"insertions":4,"deletions":2}}},{"hash":"6295087d14125ce5f629da68b624aec0f9384d16","isMergeCommit":false,"messageTitle":"Add Checkstyle for PR comments","messageBody":"","fileTypesAndContributionMap":{"functional-code":{"insertions":16,"deletions":0}}},{"hash":"8488193c0d1082a750b7d19568473dc1042aa226","isMergeCommit":false,"messageTitle":"Checkstyle","messageBody":"","fileTypesAndContributionMap":{"functional-code":{"insertions":1,"deletions":1}}}]},{"date":"2023-10-24","commitResults":[{"hash":"3d70ff0466d3d5799d7a71ed00b1dee69c8499ad","isMergeCommit":false,"messageTitle":"Add task and its attributes in respective classes","messageBody":"","fileTypesAndContributionMap":{"functional-code":{"insertions":154,"deletions":20},"other":{"insertions":10,"deletions":10},"test-code":{"insertions":8,"deletions":8}}},{"hash":"e0ffb12655ee487ab7c2d81ef65134210752b10d","isMergeCommit":false,"messageTitle":"Add addTaskCommand","messageBody":"","fileTypesAndContributionMap":{"functional-code":{"insertions":110,"deletions":0}}},{"hash":"67b7ad68d5a0bbaf10b957a07c00537b66ba2c08","isMergeCommit":false,"messageTitle":"Add parser classes for addTask","messageBody":"Added event attribute for task class to ensure each task is only\nassociated with a single event.\n\nAdded AddTaskCommandParser and edited model class\n","fileTypesAndContributionMap":{"functional-code":{"insertions":108,"deletions":19}}},{"hash":"5b4b76e76e37ec1c2f944952fb9d38b6f7babf72","isMergeCommit":false,"messageTitle":"Add further classes","messageBody":"","fileTypesAndContributionMap":{"functional-code":{"insertions":283,"deletions":23},"test-code":{"insertions":13,"deletions":5}}}]},{"date":"2023-10-25","commitResults":[{"hash":"675fbcd660400254bf1bedb9a0694e60387f9cac","isMergeCommit":false,"messageTitle":"Add storage classes to store tasks","messageBody":"Stores complete description of tasks in storage. Need to display\nonly names in further commits.\n","fileTypesAndContributionMap":{"functional-code":{"insertions":275,"deletions":43},"test-code":{"insertions":1,"deletions":1}}},{"hash":"6bcb4ee34b68c3f9c0a4af7e3979a22dae7c8aff","isMergeCommit":false,"messageTitle":"Ensure equals method works","messageBody":"","fileTypesAndContributionMap":{"functional-code":{"insertions":5,"deletions":1}}},{"hash":"ce9cac0f524a8bf41ed4f1c0ef38607d0dac26ed","isMergeCommit":false,"messageTitle":"Edit storage to store only event names for tasks","messageBody":"Added test cases too.\n","fileTypesAndContributionMap":{"functional-code":{"insertions":49,"deletions":46},"test-code":{"insertions":228,"deletions":8}}},{"hash":"1149d41794aaf1b04c519dbefcaf811c6984b8cc","isMergeCommit":false,"messageTitle":"Add checkstyle","messageBody":"","fileTypesAndContributionMap":{"test-code":{"insertions":15,"deletions":9}}},{"hash":"430c424637d2ab4d6ef824a093fe602cb6d34360","isMergeCommit":true,"messageTitle":"Merge branch \u0027master\u0027 into branch-add-task","messageBody":"","fileTypesAndContributionMap":{}},{"hash":"0a6f83feb1d87e36951a6b56e68482b3204d12b3","isMergeCommit":false,"messageTitle":"Update UserGuide.md","messageBody":"Updated add_tag notes.\r\n\r\nFixed typo in delete_tag notes.\r\n\r\nAdded delete_event and add_task features.","fileTypesAndContributionMap":{"docs":{"insertions":87,"deletions":24}}},{"hash":"0bb650351d2e998759658ddc25ed80dcd5cc7e6d","isMergeCommit":true,"messageTitle":"Merge branch \u0027master\u0027 into update-UG-DG","messageBody":"","fileTypesAndContributionMap":{}},{"hash":"8f91b63ae41adc1a5bf16c5685b58a25b6180d6a","isMergeCommit":false,"messageTitle":"Update DeveloperGuide.md","messageBody":"Added Use case for delete_event and add_task","fileTypesAndContributionMap":{"docs":{"insertions":70,"deletions":11}}}]},{"date":"2023-10-27","commitResults":[{"hash":"62f1fe8030ba2f7eaea2b73fd358207acda21cd3","isMergeCommit":true,"messageTitle":"Merge pull request #99 from vijay-shankaranand/feature-flaw-fixing","messageBody":"Fix case sensitive name","fileTypesAndContributionMap":{}}]},{"date":"2023-10-28","commitResults":[{"hash":"4ad264e2781f0730462423048ed96b61b63c2fcf","isMergeCommit":false,"messageTitle":"Fix bug","messageBody":"","fileTypesAndContributionMap":{"functional-code":{"insertions":38,"deletions":13}}},{"hash":"61f3449d26b32388008a187a89b9db694f5909a3","isMergeCommit":true,"messageTitle":"Merge branch \u0027master\u0027 into branch-add-task","messageBody":"# Conflicts:\n#\tsrc/main/java/seedu/address/storage/JsonAdaptedTask.java\n","fileTypesAndContributionMap":{}},{"hash":"4190718a3453dff596fd623c7b49af16aa3186c0","isMergeCommit":false,"messageTitle":"Add tests for add task command and parser","messageBody":"","fileTypesAndContributionMap":{"functional-code":{"insertions":4,"deletions":3},"test-code":{"insertions":431,"deletions":0}}},{"hash":"57fc760a737a7caef8802f89b6afa3d572747b3a","isMergeCommit":false,"messageTitle":"Add further test cases for add task","messageBody":"","fileTypesAndContributionMap":{"functional-code":{"insertions":27,"deletions":2},"test-code":{"insertions":729,"deletions":5}}},{"hash":"ed0e8ee8c2c362c57ab57699c0e15a827219ea13","isMergeCommit":false,"messageTitle":"Fix checkstyle","messageBody":"","fileTypesAndContributionMap":{"test-code":{"insertions":52,"deletions":37}}},{"hash":"15801c1697bfd6bae83880b7a51716359ae7c525","isMergeCommit":false,"messageTitle":"Fix checkstyle detected in PR","messageBody":"","fileTypesAndContributionMap":{"docs":{"insertions":3,"deletions":3}}},{"hash":"4a6beb60c61f614db3bcf961f20429762cb5f0ec","isMergeCommit":true,"messageTitle":"Merge pull request #105 from tjch-o/update-dg","messageBody":"Update DG to reflect updated command words","fileTypesAndContributionMap":{}},{"hash":"f5879708df34584e62d62391b32b51fca8fb124c","isMergeCommit":false,"messageTitle":"Edit isDone to isCompleted for tasks","messageBody":"","fileTypesAndContributionMap":{"functional-code":{"insertions":1,"deletions":1},"test-code":{"insertions":1,"deletions":1}}}]},{"date":"2023-10-29","commitResults":[{"hash":"42b2b9c561ff03fe28797bc3e3da32ad8f010dd5","isMergeCommit":true,"messageTitle":"Merge pull request #109 from rionshocker/branch-update-sample-data","messageBody":"Update sample data and UI image","fileTypesAndContributionMap":{}}]},{"date":"2023-10-30","commitResults":[{"hash":"da300ebc6ee4e3edf86d3493025ca852cd80ac2c","isMergeCommit":true,"messageTitle":"Merge pull request #110 from tjch-o/branch-rename-directory","messageBody":"Update file names to use contact instead of person","fileTypesAndContributionMap":{}}]},{"date":"2023-10-31","commitResults":[{"hash":"c4d3c8ab04e0dbb6ff7ed636302d3fad60acc703","isMergeCommit":false,"messageTitle":"Change add_task task_description prefix","messageBody":"Change prefix from n/ to td/.\n\nAmend UG\n","fileTypesAndContributionMap":{"functional-code":{"insertions":36,"deletions":32},"docs":{"insertions":4,"deletions":4},"test-code":{"insertions":14,"deletions":16}}},{"hash":"5a1dafbcbf5448ae10ebac6d09893c87a3f4e9ed","isMergeCommit":false,"messageTitle":"Edit delete event to delete tasks in event","messageBody":"Implement method to delete the associated tasks in the event.\n\nImplement parser method to throw error when more than 1 whitespace is\nentered in input.\n","fileTypesAndContributionMap":{"functional-code":{"insertions":43,"deletions":8},"test-code":{"insertions":46,"deletions":4}}},{"hash":"075fd96920e71c4110f44808d1d8cbbb3b6f2cb4","isMergeCommit":true,"messageTitle":"Merge pull request #126 from rionshocker/branch-update-ui","messageBody":"Update UI functionality","fileTypesAndContributionMap":{}},{"hash":"8d455148e7f12df9ae0b0923f5b4df2a71c13d13","isMergeCommit":true,"messageTitle":"Merge pull request #134 from rionshocker/branch-update-ui","messageBody":"Fix feature to allow proper display after deleting an event","fileTypesAndContributionMap":{}}]},{"date":"2023-11-01","commitResults":[{"hash":"bef75f6e1af5cbbeabbafbc33d0373e40c4a895c","isMergeCommit":true,"messageTitle":"Merge pull request #135 from vijay-shankaranand/fix-feature-flaw","messageBody":"Change task commands","fileTypesAndContributionMap":{}},{"hash":"d140dd499a4407df32ad2bdc663f7c2405e366e6","isMergeCommit":true,"messageTitle":"Merge pull request #129 from xyT-T/branch-Link","messageBody":"Improve abstraction of link command","fileTypesAndContributionMap":{}}]}],"xyT-T":[{"date":"2023-10-04","commitResults":[{"hash":"d57ad0aba7e1eb7d604a82ce1901424b5d26dcee","isMergeCommit":false,"messageTitle":"Add PPP","messageBody":"","fileTypesAndContributionMap":{"docs":{"insertions":26,"deletions":0}}},{"hash":"be46978f550295d8ad5001ecca7f3c191bde2f04","isMergeCommit":false,"messageTitle":"PPP: Fix style issues","messageBody":"","fileTypesAndContributionMap":{"docs":{"insertions":2,"deletions":4}}},{"hash":"27982ea0d42a6a59e18e97dd789946d253c6ca6e","isMergeCommit":false,"messageTitle":"Update UG: List feature and Delete feature","messageBody":"","fileTypesAndContributionMap":{"docs":{"insertions":3,"deletions":3}}},{"hash":"d357edd758740be9d4def105d45d33077beeb0be","isMergeCommit":false,"messageTitle":"Update DG: Add user stories and use cases for List feature and Delete feature","messageBody":"","fileTypesAndContributionMap":{"docs":{"insertions":22,"deletions":5}}},{"hash":"5f720b1430d55ded505095ca2e4669f241253897","isMergeCommit":false,"messageTitle":"Update AboutUs","messageBody":"","fileTypesAndContributionMap":{"docs":{"insertions":4,"deletions":4}}},{"hash":"d9e0abf94e370407c300ba169777e388ffcc8696","isMergeCommit":false,"messageTitle":"Update exception description","messageBody":"","fileTypesAndContributionMap":{"docs":{"insertions":1,"deletions":1}}},{"hash":"5c07c873a5c99906fa88430e1fc0d69bb115265a","isMergeCommit":true,"messageTitle":"Merge AboutUs","messageBody":"","fileTypesAndContributionMap":{}},{"hash":"227319fb124d9fadad09620785c20a6026038991","isMergeCommit":true,"messageTitle":"Merge pull request #34 from xyT-T/branch-Update-AboutUs","messageBody":"Update AboutUs","fileTypesAndContributionMap":{}},{"hash":"a2178efb3b81ff807cf9f77d5b62dac941da6003","isMergeCommit":true,"messageTitle":"Merge branch \u0027master\u0027 into branch-Update-UG","messageBody":"","fileTypesAndContributionMap":{}},{"hash":"5b068f2978f8d16d36507acc1d4d9561bc4f6507","isMergeCommit":true,"messageTitle":"Merge pull request #31 from xyT-T/branch-Update-UG","messageBody":"Update UserGuide: List feature and Delete feature","fileTypesAndContributionMap":{}},{"hash":"8c880c8366497919bdbade7197fe36008a982d08","isMergeCommit":true,"messageTitle":"Merge UserGuide","messageBody":"","fileTypesAndContributionMap":{}},{"hash":"0ae60081c09b15f07f8f6355e7c393e2a7a2bff6","isMergeCommit":true,"messageTitle":"Merge pull request #32 from xyT-T/branch-Update-DG","messageBody":"Update DeveloperGuide with list and delete person","fileTypesAndContributionMap":{}},{"hash":"de8220cfc202eb33d5fc8c37f0da1efbbc33fe79","isMergeCommit":false,"messageTitle":"Update DeveloperGuide","messageBody":"","fileTypesAndContributionMap":{"docs":{"insertions":4,"deletions":4}}},{"hash":"494e1e83bf3d35f6c3d1dde8dcad73acac01bb2e","isMergeCommit":true,"messageTitle":"Merge branch \u0027master\u0027 into branch-Update-DG","messageBody":"","fileTypesAndContributionMap":{}},{"hash":"8bb55d47a9bf79fddbbc8354cd7dd7c63a463dd3","isMergeCommit":true,"messageTitle":"Merge pull request #44 from xyT-T/branch-Update-DG","messageBody":"Update DG","fileTypesAndContributionMap":{}}]},{"date":"2023-10-14","commitResults":[{"hash":"630a971f5e5adf3513772c2c04f89423a90e62fa","isMergeCommit":true,"messageTitle":"Merge branch \u0027master\u0027 into branch-view-tag","messageBody":"","fileTypesAndContributionMap":{}},{"hash":"8078783b6b71a6314c366b4166fdd016c12583b7","isMergeCommit":true,"messageTitle":"Merge pull request #58 from tjch-o/branch-view-tag","messageBody":"View all tags","fileTypesAndContributionMap":{}},{"hash":"48100332ea467a400a771d9e884cd19b454ecc05","isMergeCommit":false,"messageTitle":"Add filter command","messageBody":"","fileTypesAndContributionMap":{"functional-code":{"insertions":165,"deletions":1}}},{"hash":"2e56d0e87a271cd870af3b3cc3ad0043217ff676","isMergeCommit":false,"messageTitle":"Fix style","messageBody":"","fileTypesAndContributionMap":{"functional-code":{"insertions":1,"deletions":1}}},{"hash":"4f6f274ac0aa252ea19b0bbd38b62e5777320dee","isMergeCommit":false,"messageTitle":"Fix style","messageBody":"","fileTypesAndContributionMap":{"functional-code":{"insertions":1,"deletions":1}}},{"hash":"ad9a3ab6bbda287830910aaa9fe79e91a94c9688","isMergeCommit":false,"messageTitle":"Add testcases for FilterCommand and FilterCommandParser","messageBody":"","fileTypesAndContributionMap":{"functional-code":{"insertions":4,"deletions":4},"test-code":{"insertions":175,"deletions":0}}},{"hash":"abcdad2d39aed38e2c89ecc6b1958cd1f83fcc3c","isMergeCommit":false,"messageTitle":"FilterCommandParserTest: Delete unused imports","messageBody":"","fileTypesAndContributionMap":{"test-code":{"insertions":0,"deletions":2}}},{"hash":"063b96b1e98f7f47c55d529dcc8294ddf73ef66f","isMergeCommit":false,"messageTitle":"TagTest: Update testcases","messageBody":"","fileTypesAndContributionMap":{"test-code":{"insertions":2,"deletions":2}}},{"hash":"395e85d5fd9aa63b0e2a72c2c265ef7f03477ee4","isMergeCommit":false,"messageTitle":"Add testcases","messageBody":"","fileTypesAndContributionMap":{"test-code":{"insertions":62,"deletions":0}}},{"hash":"ad722b49aa1266884b410cc0d09563e6cf7a36f3","isMergeCommit":false,"messageTitle":"Fix Style","messageBody":"","fileTypesAndContributionMap":{"test-code":{"insertions":1,"deletions":1}}}]},{"date":"2023-10-15","commitResults":[{"hash":"b3e9eb2968a9c08976213f2c6b102b2a9a1f136e","isMergeCommit":true,"messageTitle":"Merge pull request #62 from xyT-T/branch-Filter","messageBody":"Add filter command","fileTypesAndContributionMap":{}}]},{"date":"2023-10-19","commitResults":[{"hash":"b10a0b0b96fc4eae0af77e18d4a79c6c62faeed1","isMergeCommit":false,"messageTitle":"Stage minor fixes","messageBody":"","fileTypesAndContributionMap":{"functional-code":{"insertions":12,"deletions":2}}},{"hash":"44841c87ef03d13b622caba8049521c4b3a97a24","isMergeCommit":true,"messageTitle":"Merge branch \u0027master\u0027 of https://github.com/xyT-T/tp","messageBody":"","fileTypesAndContributionMap":{}},{"hash":"498f1f1ba9601d5b988c2743ffd248d77e482099","isMergeCommit":false,"messageTitle":"Stage minor fixes","messageBody":"","fileTypesAndContributionMap":{"functional-code":{"insertions":0,"deletions":1}}},{"hash":"12c30308411ca4aaf727d8b59b4be5655b26f2cf","isMergeCommit":true,"messageTitle":"Merge pull request #74 from tjch-o/branch-view-event","messageBody":"Implement view events","fileTypesAndContributionMap":{}},{"hash":"13c75609c06043b8fc626cb7ca0c2156eade138b","isMergeCommit":false,"messageTitle":"Delete additional AddEventCommand class","messageBody":"","fileTypesAndContributionMap":{"functional-code":{"insertions":0,"deletions":71}}},{"hash":"b94ad3bda12816dfd733b612ca68acde042d499c","isMergeCommit":false,"messageTitle":"Add LinkCommand","messageBody":"","fileTypesAndContributionMap":{"functional-code":{"insertions":250,"deletions":5},"other":{"insertions":3,"deletions":1}}},{"hash":"14ab61c28869d42cd97199c79b859834210448b4","isMergeCommit":true,"messageTitle":"Merge branch \u0027master\u0027 of https://github.com/xyT-T/tp","messageBody":"","fileTypesAndContributionMap":{}},{"hash":"59c58623c4ec2631ded4c62853f85062d4624857","isMergeCommit":true,"messageTitle":"Merged with master","messageBody":"","fileTypesAndContributionMap":{}},{"hash":"d4f0d49eaf867188bdcbc10e9ef5ea861ade2b94","isMergeCommit":false,"messageTitle":"Improve displayed result","messageBody":"","fileTypesAndContributionMap":{"functional-code":{"insertions":6,"deletions":7}}},{"hash":"97393fa62203801ab5e8397f1617b0833d6d661e","isMergeCommit":false,"messageTitle":"Fix style","messageBody":"","fileTypesAndContributionMap":{"functional-code":{"insertions":2,"deletions":5}}},{"hash":"38fc8b7242940d5200b7527ef47376de72f8a898","isMergeCommit":false,"messageTitle":"Fix style","messageBody":"","fileTypesAndContributionMap":{"functional-code":{"insertions":2,"deletions":11},"test-code":{"insertions":12,"deletions":0}}},{"hash":"0bb7642542e1a65defbd7fa246fe1179d711ade7","isMergeCommit":false,"messageTitle":"Update UI","messageBody":"","fileTypesAndContributionMap":{"functional-code":{"insertions":2,"deletions":11}}},{"hash":"415ab51de738ea2bcf39d4fefa471bfbb39d0d87","isMergeCommit":false,"messageTitle":"Update testcases","messageBody":"","fileTypesAndContributionMap":{"test-code":{"insertions":24,"deletions":0}}}]},{"date":"2023-10-21","commitResults":[{"hash":"38c41d8fa1b88406aedda846be0b75c2f3837bf7","isMergeCommit":true,"messageTitle":"Merge branch \u0027master\u0027 of https://github.com/xyT-T/tp","messageBody":"","fileTypesAndContributionMap":{}}]},{"date":"2023-10-22","commitResults":[{"hash":"b4ca8c449c9002bd115fe40f68676edff5e603d4","isMergeCommit":false,"messageTitle":"Add testcases for link command","messageBody":"","fileTypesAndContributionMap":{"test-code":{"insertions":351,"deletions":37}}},{"hash":"b56e03400a90a2315fa34e4e37fc4b5b5cbb7617","isMergeCommit":false,"messageTitle":"Improve link command to accept multiple contacts","messageBody":"","fileTypesAndContributionMap":{"functional-code":{"insertions":52,"deletions":17},"test-code":{"insertions":115,"deletions":108}}},{"hash":"150eda3da4d5b4200b27757a92c2db74e9c1cfc0","isMergeCommit":false,"messageTitle":"Add Javadoc comments","messageBody":"","fileTypesAndContributionMap":{"functional-code":{"insertions":6,"deletions":1}}},{"hash":"6046f163f830899928cbcbd0d2fb93db0e43a9b3","isMergeCommit":false,"messageTitle":"Fix style issues","messageBody":"","fileTypesAndContributionMap":{"test-code":{"insertions":3,"deletions":5}}},{"hash":"1a208e69d4e32fcf073ae0526fe7f6462069c697","isMergeCommit":false,"messageTitle":"Fix bug in displaying result","messageBody":"","fileTypesAndContributionMap":{"test-code":{"insertions":1,"deletions":2}}},{"hash":"308be159628aa4b0b2fb869827352070cbbbf862","isMergeCommit":false,"messageTitle":"Update user guide for filter and link command","messageBody":"","fileTypesAndContributionMap":{"docs":{"insertions":39,"deletions":1}}},{"hash":"02b1b092f2edf05324aa678130ed327ee3b4ad11","isMergeCommit":false,"messageTitle":"Update developer guide","messageBody":"","fileTypesAndContributionMap":{"docs":{"insertions":6,"deletions":0}}},{"hash":"a063cbe433933b863e20b41f297d839a9aa54085","isMergeCommit":false,"messageTitle":"Update command summary to include link command","messageBody":"","fileTypesAndContributionMap":{"docs":{"insertions":2,"deletions":1}}}]},{"date":"2023-10-25","commitResults":[{"hash":"db4b8b3a1c76c66e7d534d67893d1d709dcb8b30","isMergeCommit":true,"messageTitle":"Merge pull request #95 from Khaleelur-Rahman/branch-add-task","messageBody":"Implement add task feature","fileTypesAndContributionMap":{}}]},{"date":"2023-10-27","commitResults":[{"hash":"95dd3191fefd18b031f42a0278fc2379a086cdb7","isMergeCommit":false,"messageTitle":"Add delete task command","messageBody":"","fileTypesAndContributionMap":{"functional-code":{"insertions":543,"deletions":5}}},{"hash":"33b36676aaabaa82d2754fdecae89d9267c6ff6c","isMergeCommit":true,"messageTitle":"Update developer guide to include filter and link command","messageBody":"","fileTypesAndContributionMap":{}},{"hash":"e336c708b4e6a82b2ec95cdba5845dc10d40071f","isMergeCommit":false,"messageTitle":"Add user stories","messageBody":"","fileTypesAndContributionMap":{"docs":{"insertions":20,"deletions":18}}},{"hash":"dcd4e34f5933b30b201bb5e8da0db2d465808600","isMergeCommit":true,"messageTitle":"Merge branch \u0027master\u0027 into branch-DeleteTask","messageBody":"","fileTypesAndContributionMap":{}},{"hash":"b5c24fa4f03040349e854b9fdae0e9ae93976725","isMergeCommit":false,"messageTitle":"Add mark and unmark command","messageBody":"","fileTypesAndContributionMap":{"functional-code":{"insertions":104,"deletions":26}}},{"hash":"3c21f589de401cd85302c298c1ae5981cfeadf7c","isMergeCommit":false,"messageTitle":"Fix style issues","messageBody":"","fileTypesAndContributionMap":{"functional-code":{"insertions":13,"deletions":4}}},{"hash":"f6461c0deada26e514495a3abcf61fb18be09592","isMergeCommit":false,"messageTitle":"Update testcases","messageBody":"","fileTypesAndContributionMap":{"test-code":{"insertions":12,"deletions":1}}},{"hash":"013c85b8da5d1dbcda38272db70954c0edefca8c","isMergeCommit":false,"messageTitle":"Update testcases","messageBody":"","fileTypesAndContributionMap":{"test-code":{"insertions":80,"deletions":0}}},{"hash":"90ba01afcbc6f531fd652d4dd9a6fe338fb5da8b","isMergeCommit":false,"messageTitle":"Fix typos","messageBody":"","fileTypesAndContributionMap":{"functional-code":{"insertions":3,"deletions":3}}},{"hash":"a56b84d22aebc96ffffc47af4f21708631a7fe36","isMergeCommit":false,"messageTitle":"Update equal method for task","messageBody":"","fileTypesAndContributionMap":{"functional-code":{"insertions":1,"deletions":2}}},{"hash":"efb3dfff82e74346dc00f3a0edbfc4cf2a64009b","isMergeCommit":true,"messageTitle":"Resolve merge conflict","messageBody":"","fileTypesAndContributionMap":{}},{"hash":"63f3d30ac991f85868efe7587faeb0a92272536d","isMergeCommit":true,"messageTitle":"Merge pull request #103 from xyT-T/branch-DeleteTask","messageBody":"Add task related commands","fileTypesAndContributionMap":{}}]},{"date":"2023-10-31","commitResults":[{"hash":"5f03c2dc7631226cc2e2c557d5672c51d818f799","isMergeCommit":false,"messageTitle":"Improve abstraction of link command","messageBody":"","fileTypesAndContributionMap":{"functional-code":{"insertions":62,"deletions":17},"test-code":{"insertions":35,"deletions":30}}},{"hash":"4ccf243f8591a066f069f95e01ccda5f6ad1ad58","isMergeCommit":false,"messageTitle":"Fix style issues","messageBody":"","fileTypesAndContributionMap":{"functional-code":{"insertions":5,"deletions":1}}}]},{"date":"2023-11-01","commitResults":[{"hash":"1f43da32676352e0552aaefbf24f8f7dd0c26516","isMergeCommit":false,"messageTitle":"Update javadoc","messageBody":"Co-authored-by: Jaryl Goh \u003c114156943+rionshocker@users.noreply.github.com\u003e","fileTypesAndContributionMap":{"functional-code":{"insertions":1,"deletions":1}}},{"hash":"2e1ef3fbb4bf12933ad39160a243465b12b7e115","isMergeCommit":false,"messageTitle":"Update javadoc","messageBody":"","fileTypesAndContributionMap":{"functional-code":{"insertions":4,"deletions":2}}},{"hash":"e4c5a49a61e17287b9f4a0c259864c86eab85dad","isMergeCommit":true,"messageTitle":"Merge branch \u0027master\u0027 into branch-Link","messageBody":"","fileTypesAndContributionMap":{}},{"hash":"e2a5c647e9381d095865356f4d77d6274047c5ce","isMergeCommit":true,"messageTitle":"Merge branch \u0027branch-Link\u0027 of https://github.com/xyT-T/tp into branch-Link","messageBody":"","fileTypesAndContributionMap":{}},{"hash":"4afc39f109c10ac4f018e7a43648ce75b36e98e8","isMergeCommit":false,"messageTitle":"Fix style issues","messageBody":"","fileTypesAndContributionMap":{"functional-code":{"insertions":1,"deletions":1}}},{"hash":"72ea44f08e4991fe3def539a6db5fb5559e36442","isMergeCommit":false,"messageTitle":"Fix style issues","messageBody":"","fileTypesAndContributionMap":{"functional-code":{"insertions":1,"deletions":1}}}]}],"rionshocker":[{"date":"2023-09-25","commitResults":[{"hash":"eb01a0d655570ade9ef55e3696a022e140229c83","isMergeCommit":false,"messageTitle":"Revert \"Update test\"","messageBody":"This reverts commit be983b55446624c5d7353788c4b93ee1f9800552.\n","fileTypesAndContributionMap":{"test-code":{"insertions":1,"deletions":1}}},{"hash":"7b96fb0f96183d55172938b3b13a408c27b49fce","isMergeCommit":false,"messageTitle":"Revert \"Add a remark command\"","messageBody":"This reverts commit e7704e17201c2875276cea9b58532d44acbcdea7.\n","fileTypesAndContributionMap":{"functional-code":{"insertions":0,"deletions":159},"test-code":{"insertions":0,"deletions":124}}},{"hash":"7968a81a0b96f2ce494ea74a7d409f8fde185e40","isMergeCommit":false,"messageTitle":"Revert \"Add a remark command\"","messageBody":"This reverts commit 6342eedf7a733c524cb9b244be19f4bac98ff6cb.\n","fileTypesAndContributionMap":{"functional-code":{"insertions":18,"deletions":58},"test-code":{"insertions":12,"deletions":29}}}]},{"date":"2023-10-02","commitResults":[{"hash":"d27a32b1f403758e58f2de7886f0b76b91f5d51c","isMergeCommit":false,"messageTitle":"Update README.md and Ui to remove traces of AB3","messageBody":"","fileTypesAndContributionMap":{"docs":{"insertions":5,"deletions":4}}},{"hash":"9e0599306a160c2bfbf92ebb7c5df2982dbec02c","isMergeCommit":false,"messageTitle":"Update README.md","messageBody":"","fileTypesAndContributionMap":{"docs":{"insertions":1,"deletions":1}}}]},{"date":"2023-10-04","commitResults":[{"hash":"7239edab750ce0021a3915370ed3163863e18d71","isMergeCommit":false,"messageTitle":"Update delete tag portion of User Guide","messageBody":"","fileTypesAndContributionMap":{"docs":{"insertions":17,"deletions":2}}},{"hash":"bbab39cd90c2e0d82a633aecb0ab0b5af06051ea","isMergeCommit":false,"messageTitle":"Update developer guide with delete a tag command","messageBody":"","fileTypesAndContributionMap":{"docs":{"insertions":41,"deletions":4}}},{"hash":"b579251831f9c7265be65a737616b9a5b8f4da62","isMergeCommit":false,"messageTitle":"Add a skeletal PPP","messageBody":"","fileTypesAndContributionMap":{"docs":{"insertions":24,"deletions":46}}},{"hash":"82011a2845691dc941e24af13190cdbe1b33229b","isMergeCommit":false,"messageTitle":"Update User Guide","messageBody":"","fileTypesAndContributionMap":{"docs":{"insertions":3,"deletions":3}}},{"hash":"9971b5ab52cc78c1a75259d9a2ff33b09063e769","isMergeCommit":false,"messageTitle":"Update Developer Guide with Delete Tag command","messageBody":"","fileTypesAndContributionMap":{"docs":{"insertions":1,"deletions":1}}},{"hash":"f7d5678d9db4ff4e8d6d39229b1ae3c521091dde","isMergeCommit":false,"messageTitle":"Update developer guide with user story","messageBody":"","fileTypesAndContributionMap":{"docs":{"insertions":1,"deletions":1}}},{"hash":"c48f17890357c6b602447e7553c904546361ebd9","isMergeCommit":false,"messageTitle":"Update AboutUs","messageBody":"","fileTypesAndContributionMap":{"docs":{"insertions":6,"deletions":6}}},{"hash":"8e3d05c916832a0f848e7ec2a55d3f87d9d926ab","isMergeCommit":false,"messageTitle":"Update user guide to remove mentions of address book","messageBody":"","fileTypesAndContributionMap":{"docs":{"insertions":13,"deletions":13}}},{"hash":"6e5fe2b666295bfc96acc20adc99aa156a3a1347","isMergeCommit":false,"messageTitle":"Revert \"Update user guide to remove mentions of address book\"","messageBody":"This reverts commit 8e3d05c916832a0f848e7ec2a55d3f87d9d926ab.\n","fileTypesAndContributionMap":{"docs":{"insertions":13,"deletions":13}}},{"hash":"d168b7ae0f5b8bdfd734097bcae274ea1445782a","isMergeCommit":true,"messageTitle":"Merge branch \u0027AY2324S1-CS2103T-T09-1:master\u0027 into master","messageBody":"","fileTypesAndContributionMap":{}},{"hash":"1a907fba61ce37f8998e18978d6ed61b890c8d39","isMergeCommit":true,"messageTitle":"Merge branch \u0027master\u0027 into update-ug","messageBody":"","fileTypesAndContributionMap":{}},{"hash":"5fab446e7259a3f26c51437ed2c9d15f3444d248","isMergeCommit":true,"messageTitle":"Merge branch \u0027master\u0027 into update-readme","messageBody":"","fileTypesAndContributionMap":{}},{"hash":"8171a83619a9a9d68ebd344edfd18dfcb5020ccb","isMergeCommit":true,"messageTitle":"Merge branch \u0027master\u0027 into update-dg","messageBody":"","fileTypesAndContributionMap":{}},{"hash":"781f4b694d3820c3b5dbf1e357d1a004c157a7be","isMergeCommit":true,"messageTitle":"Merge branch \u0027master\u0027 into update-aboutus","messageBody":"","fileTypesAndContributionMap":{}},{"hash":"e6efc2c97d38ce5176f7ab85dbdef8f53f9e6193","isMergeCommit":true,"messageTitle":"Merge branch \u0027master\u0027 into add-ppp","messageBody":"","fileTypesAndContributionMap":{}},{"hash":"2d9165a5d32847d5cec5e1e01860cda29ccafc53","isMergeCommit":true,"messageTitle":"Merge branch \u0027update-readme\u0027 into update-ug","messageBody":"","fileTypesAndContributionMap":{}},{"hash":"0e11ed49828df487754b0977b14f341bc8b7c85b","isMergeCommit":true,"messageTitle":"Merge branch \u0027update-readme\u0027 into update-dg","messageBody":"","fileTypesAndContributionMap":{}},{"hash":"87626f95e0ab0c136c0e2bf4f36719f4c190c138","isMergeCommit":true,"messageTitle":"Merge branch \u0027update-readme\u0027 into update-aboutus","messageBody":"","fileTypesAndContributionMap":{}},{"hash":"d397c5944f1fc648b2ee11548e6141ef3680f4c8","isMergeCommit":false,"messageTitle":"Update user guide","messageBody":"","fileTypesAndContributionMap":{"docs":{"insertions":2,"deletions":2}}},{"hash":"85de938175c71caadb92b23f96b27f6c4177704f","isMergeCommit":true,"messageTitle":"Merge branch \u0027master\u0027 into update-aboutus","messageBody":"# Conflicts:\n#\tdocs/AboutUs.md\n","fileTypesAndContributionMap":{}},{"hash":"29dea4183651555fd2d9fe742e995fa83c697f10","isMergeCommit":true,"messageTitle":"Merge branch \u0027update-aboutus\u0027 into update-dg","messageBody":"","fileTypesAndContributionMap":{}},{"hash":"0662d3aebeb2b1f0e0f31762eb4ff71c99f362d8","isMergeCommit":true,"messageTitle":"Merge branch \u0027update-aboutus\u0027 into update-ug","messageBody":"","fileTypesAndContributionMap":{}},{"hash":"c3af484a0a2234dc3190bc9260b3d6ff5af34613","isMergeCommit":true,"messageTitle":"Merge pull request #42 from Khaleelur-Rahman/update-DG","messageBody":"Update DG to include add tags","fileTypesAndContributionMap":{}}]},{"date":"2023-10-05","commitResults":[{"hash":"4801f105f620eb504bfbcca68e499602e445aa7c","isMergeCommit":false,"messageTitle":"Update README.md to remove traces of AB3","messageBody":"","fileTypesAndContributionMap":{"docs":{"insertions":0,"deletions":1}}},{"hash":"6683d133e8c8ef2c244be4e12c91200386e3d779","isMergeCommit":true,"messageTitle":"Merge pull request #45 from rionshocker/update-readme","messageBody":"Update README.md to remove traces of AB3","fileTypesAndContributionMap":{}},{"hash":"3c7c901dba5fc6d5b821ab46178e468143619fa8","isMergeCommit":false,"messageTitle":"Update index.md","messageBody":"","fileTypesAndContributionMap":{"docs":{"insertions":4,"deletions":4}}},{"hash":"ff2248ef8638d2862a9cf01de2dd8f83a32786d1","isMergeCommit":false,"messageTitle":"Update index.md","messageBody":"","fileTypesAndContributionMap":{"docs":{"insertions":1,"deletions":1}}},{"hash":"8fb9340ed9e90f74a36cd97a431d9a9a317cbab7","isMergeCommit":false,"messageTitle":"Update README.md to remove traces of AB3","messageBody":"","fileTypesAndContributionMap":{"docs":{"insertions":6,"deletions":7}}},{"hash":"ea2262b93080342ed24e34fd5120539df436678e","isMergeCommit":false,"messageTitle":"Update Developer Guide and User Guide with style corrections","messageBody":"","fileTypesAndContributionMap":{"docs":{"insertions":9,"deletions":10}}},{"hash":"c3643655690411beabcb0136830eb90e18d16d1c","isMergeCommit":true,"messageTitle":"Merge pull request #46 from rionshocker/update-readme","messageBody":"Update README.md","fileTypesAndContributionMap":{}}]},{"date":"2023-10-13","commitResults":[{"hash":"15ad78a410d55671ee5cc16d52d4da93af0ae95c","isMergeCommit":false,"messageTitle":"Add the delete_tag feature alongside tests","messageBody":"","fileTypesAndContributionMap":{"functional-code":{"insertions":133,"deletions":1},"test-code":{"insertions":252,"deletions":0}}},{"hash":"ce3cb3636a69c1826757b0d74b77ff7263fd696d","isMergeCommit":false,"messageTitle":"Fix style errors","messageBody":"","fileTypesAndContributionMap":{"functional-code":{"insertions":2,"deletions":1},"test-code":{"insertions":2,"deletions":2}}},{"hash":"9547aee1aebd23b77618387e0dedd3a8fb68690d","isMergeCommit":false,"messageTitle":"Fix style errors","messageBody":"","fileTypesAndContributionMap":{"functional-code":{"insertions":1,"deletions":2}}},{"hash":"3f16e4690ceaebb393f0bdfafd77896376b326ea","isMergeCommit":false,"messageTitle":"Fix checkstyle errors","messageBody":"","fileTypesAndContributionMap":{"test-code":{"insertions":3,"deletions":3}}},{"hash":"44b734286c42b37c1065597238877ca79d15180a","isMergeCommit":false,"messageTitle":"Update tests","messageBody":"","fileTypesAndContributionMap":{"functional-code":{"insertions":1,"deletions":1},"test-code":{"insertions":3,"deletions":2}}},{"hash":"76f046891abd979ad0c70be53e075c0c58be21be","isMergeCommit":false,"messageTitle":"Update tests","messageBody":"","fileTypesAndContributionMap":{"test-code":{"insertions":6,"deletions":4}}},{"hash":"3a386e9a7bc4b8aded171b1f12b5a327efddce76","isMergeCommit":false,"messageTitle":"Update tests","messageBody":"","fileTypesAndContributionMap":{"test-code":{"insertions":2,"deletions":2}}},{"hash":"54cef40a894b5e4d574b36e9eca9d116abaf09e7","isMergeCommit":false,"messageTitle":"Update tests","messageBody":"","fileTypesAndContributionMap":{"test-code":{"insertions":5,"deletions":4}}},{"hash":"69ee8be5e8a5caf287417dee8bd533c05f44c5b1","isMergeCommit":false,"messageTitle":"Update test for DeleteTagCommandParser","messageBody":"","fileTypesAndContributionMap":{"test-code":{"insertions":2,"deletions":1}}},{"hash":"e5a1d4d48af8502b7989c3a210eb76f38067b7ea","isMergeCommit":false,"messageTitle":"Update tests for parser","messageBody":"","fileTypesAndContributionMap":{"functional-code":{"insertions":1,"deletions":1},"test-code":{"insertions":1,"deletions":1}}},{"hash":"46f568ccaf6bc51d09457667d970d425c1de9499","isMergeCommit":false,"messageTitle":"Include relevant tests for deleting a tag","messageBody":"","fileTypesAndContributionMap":{"test-code":{"insertions":38,"deletions":0}}},{"hash":"43e609cf9ace655d6bc616ba32f7b21a8d7a02c9","isMergeCommit":false,"messageTitle":"Fix style issue","messageBody":"","fileTypesAndContributionMap":{"test-code":{"insertions":1,"deletions":1}}},{"hash":"6ef136580884962198821f812592f56a8474dd0a","isMergeCommit":false,"messageTitle":"Fix exception","messageBody":"","fileTypesAndContributionMap":{"test-code":{"insertions":1,"deletions":1}}},{"hash":"58d54ab51b8a1080de643ebe3381d9201ad73e6d","isMergeCommit":false,"messageTitle":"Update delete a tag feature to delete tags that are being used by contacts","messageBody":"","fileTypesAndContributionMap":{"functional-code":{"insertions":25,"deletions":0},"test-code":{"insertions":19,"deletions":0}}},{"hash":"d634ab8ddb6afa72180493ceb440c988e64f4984","isMergeCommit":false,"messageTitle":"Fix checkstyle errors","messageBody":"","fileTypesAndContributionMap":{"functional-code":{"insertions":6,"deletions":2}}}]},{"date":"2023-10-14","commitResults":[{"hash":"de0f0712ef9b33ff05bb0c225791e25aff038301","isMergeCommit":true,"messageTitle":"Merge pull request #60 from Khaleelur-Rahman/branch-add-tag-test","messageBody":"Test cases for add tag","fileTypesAndContributionMap":{}},{"hash":"442f0745a0e1e9529e8415909013083df3f0348e","isMergeCommit":false,"messageTitle":"Update commit","messageBody":"","fileTypesAndContributionMap":{"functional-code":{"insertions":1,"deletions":1}}},{"hash":"01c44f9b86320dc2a24700127dab026bfcd6ed32","isMergeCommit":true,"messageTitle":"Merge branch \u0027master\u0027 of https://github.com/rionshocker/tp","messageBody":"","fileTypesAndContributionMap":{}},{"hash":"9a4278817a778493cd542fc48d2c85950cc8bdb3","isMergeCommit":true,"messageTitle":"Resolve merge conflicts","messageBody":"","fileTypesAndContributionMap":{}},{"hash":"a5e3dd417775239689ec6eab7aa643a9356b84e4","isMergeCommit":false,"messageTitle":"Update tests to include deleting a tag","messageBody":"","fileTypesAndContributionMap":{"test-code":{"insertions":41,"deletions":21}}}]},{"date":"2023-10-15","commitResults":[{"hash":"a557500e858be738746b1174194b477b409d6bac","isMergeCommit":true,"messageTitle":"Merge pull request #63 from tjch-o/branch-view-tag","messageBody":"Minor improvement to UI","fileTypesAndContributionMap":{}}]},{"date":"2023-10-18","commitResults":[{"hash":"e0cf0ab9d34da05bbe7398a84a02567c52a2aeb1","isMergeCommit":true,"messageTitle":"Merge pull request #71 from Khaleelur-Rahman/branch-add-tag-test","messageBody":"Add test cases to improve code coverage","fileTypesAndContributionMap":{}},{"hash":"80564046103ff599c3ce0cf7d91287a06ec34f15","isMergeCommit":false,"messageTitle":"Update UI with placeholder for events list (tag list for now)","messageBody":"","fileTypesAndContributionMap":{"functional-code":{"insertions":166,"deletions":9}}},{"hash":"d2ba5c0a0216bce5c5ed9e1dad95bfcbbbb48887","isMergeCommit":false,"messageTitle":"Correct style errors alongside javadocs comments","messageBody":"","fileTypesAndContributionMap":{"functional-code":{"insertions":17,"deletions":9}}},{"hash":"fec7027bc4a163837149ce4aebb4b26b2f53fd65","isMergeCommit":false,"messageTitle":"Fix no newline at EOF","messageBody":"","fileTypesAndContributionMap":{"functional-code":{"insertions":1,"deletions":2}}}]},{"date":"2023-10-19","commitResults":[{"hash":"74e829682d6e12869609306afc073a807121011f","isMergeCommit":true,"messageTitle":"Merge pull request #75 from xyT-T/branch-Link","messageBody":"Add LinkCommand","fileTypesAndContributionMap":{}}]},{"date":"2023-10-20","commitResults":[{"hash":"7ae10478914e6c874b166c409aa9dd900e2524de","isMergeCommit":false,"messageTitle":"Add Select an Event command","messageBody":"","fileTypesAndContributionMap":{"functional-code":{"insertions":266,"deletions":32},"test-code":{"insertions":202,"deletions":0}}},{"hash":"bd6f3371a06cdb0d2f6bbaf86a9bbddbabebb41f","isMergeCommit":false,"messageTitle":"Add additional tests","messageBody":"","fileTypesAndContributionMap":{"test-code":{"insertions":18,"deletions":0}}},{"hash":"41b56bb77ddfb9a393b3fc9c5fc25bf5bfb49c49","isMergeCommit":true,"messageTitle":"Merge branch \u0027master\u0027 into branch-select-event","messageBody":"","fileTypesAndContributionMap":{}},{"hash":"45e23efd09c06fde71d0fcd6bce131f7edb14380","isMergeCommit":true,"messageTitle":"Merge pull request #77 from rionshocker/branch-select-event","messageBody":"Add Select an Event command","fileTypesAndContributionMap":{}},{"hash":"cb85e17b0a023c6fa179fe9d094dddf73a17374e","isMergeCommit":true,"messageTitle":"Merge pull request #80 from Khaleelur-Rahman/branch-delete-event","messageBody":"Add delete event feature","tags":["v1.2"],"fileTypesAndContributionMap":{}}]},{"date":"2023-10-22","commitResults":[{"hash":"00293a2e0746c1d1db4b30c7a4d91b772b0b8b16","isMergeCommit":true,"messageTitle":"Merge pull request #88 from xyT-T/branch-Update-UG","messageBody":"Update user guide for filter and link command","fileTypesAndContributionMap":{}},{"hash":"6030cbaf932cf2a7011a8c987848823dee005036","isMergeCommit":false,"messageTitle":"Update UG for select event command","messageBody":"","fileTypesAndContributionMap":{"docs":{"insertions":28,"deletions":14}}},{"hash":"620d2614db9f1eb19869ad6300b0774d7ca0c5b8","isMergeCommit":false,"messageTitle":"Enable assertions","messageBody":"","fileTypesAndContributionMap":{"other":{"insertions":4,"deletions":0}}}]},{"date":"2023-10-23","commitResults":[{"hash":"12a63deaf3c43e6af27b211e137c08d7e69edde1","isMergeCommit":false,"messageTitle":"Add sorting event list by ascending date functionality","messageBody":"","fileTypesAndContributionMap":{"functional-code":{"insertions":37,"deletions":1}}},{"hash":"aac336a279d0b813fc47b00d9f126d277af1acdc","isMergeCommit":false,"messageTitle":"Update UI with placeholders for reminders and task functionality","messageBody":"","fileTypesAndContributionMap":{"functional-code":{"insertions":156,"deletions":1}}}]},{"date":"2023-10-24","commitResults":[{"hash":"0e24dd7285ef54e8583977ac87b3972ab3229f84","isMergeCommit":false,"messageTitle":"Update DG to contain select event command","messageBody":"","fileTypesAndContributionMap":{"docs":{"insertions":26,"deletions":0}}},{"hash":"f20514efa7e2f1ef2ed2e10b249d7029810e4412","isMergeCommit":false,"messageTitle":"Remove grammar errors","messageBody":"","fileTypesAndContributionMap":{"docs":{"insertions":1,"deletions":1}}},{"hash":"6d006624b8e729d8fb5778048279e58cdc6e19d3","isMergeCommit":true,"messageTitle":"Merge pull request #90 from tjch-o/branch-home","messageBody":"Implement home command","fileTypesAndContributionMap":{}},{"hash":"8b0549f87ce82dfd2efddd4c4e1b14dab7909c17","isMergeCommit":true,"messageTitle":"Merge branch \u0027master\u0027 into branch-rank-list","messageBody":"","fileTypesAndContributionMap":{}},{"hash":"02836558fd36312edca0ea04ac38f999de0bc635","isMergeCommit":false,"messageTitle":"Update UI to match the home command","messageBody":"","fileTypesAndContributionMap":{"functional-code":{"insertions":3,"deletions":0}}}]},{"date":"2023-10-25","commitResults":[{"hash":"0dfdd602b4dd54fb6c59786c0f93069e272d51e3","isMergeCommit":true,"messageTitle":"Merge branch \u0027master\u0027 into branch-rank-list","messageBody":"","fileTypesAndContributionMap":{}},{"hash":"89285d66e49d1d70fb8af491e2831730d41a60f1","isMergeCommit":false,"messageTitle":"Update UI with functionality to display tasks linked to an event","messageBody":"","fileTypesAndContributionMap":{"functional-code":{"insertions":170,"deletions":19}}},{"hash":"f1b5532140721a71a9050a99d029dfc02713e63f","isMergeCommit":true,"messageTitle":"Resolve merge conflicts","messageBody":"","fileTypesAndContributionMap":{}},{"hash":"77f9253563f93062153283db8a508761b64ccd40","isMergeCommit":false,"messageTitle":"Resolve merge conflicts","messageBody":"","fileTypesAndContributionMap":{"docs":{"insertions":108,"deletions":0}}}]},{"date":"2023-10-27","commitResults":[{"hash":"deea33dd7da73f56f2ad46551eec76529863e0d5","isMergeCommit":true,"messageTitle":"Merge pull request #102 from xyT-T/branch-Update-DG","messageBody":"Update DG to include filter and link command","fileTypesAndContributionMap":{}},{"hash":"0eb6e2601c336f641d9d4245b7831d5e35048611","isMergeCommit":true,"messageTitle":"Merge pull request #101 from tjch-o/branch-rename-directory","messageBody":"Rename person directory in codebase to contact ","fileTypesAndContributionMap":{}}]},{"date":"2023-10-28","commitResults":[{"hash":"e27197c36e0166dd939d64f07be82c99fb3ddd86","isMergeCommit":true,"messageTitle":"Merge branch \u0027master\u0027 into branch-rank-list","messageBody":"# Conflicts:\n#\tsrc/main/java/seedu/address/logic/commands/event/SelectEventCommand.java\n#\tsrc/main/java/seedu/address/model/AddressBook.java\n","fileTypesAndContributionMap":{}},{"hash":"c2d73ce950f28712178a1fcf164b70e89798c815","isMergeCommit":true,"messageTitle":"Merge branch \u0027master\u0027 into branch-rank-list","messageBody":"# Conflicts:\n#\tsrc/main/java/seedu/address/storage/JsonAdaptedTask.java\n","fileTypesAndContributionMap":{}},{"hash":"176d73025eb5663ca7fc66956eee8e254589ecd2","isMergeCommit":false,"messageTitle":"Update storage details","messageBody":"","fileTypesAndContributionMap":{"functional-code":{"insertions":0,"deletions":6}}}]},{"date":"2023-10-29","commitResults":[{"hash":"23e6e5689fedb841a6aeaee72f7b94ecc1e42cca","isMergeCommit":false,"messageTitle":"Update UI with simple reminder functionality","messageBody":"","fileTypesAndContributionMap":{"functional-code":{"insertions":104,"deletions":30},"other":{"insertions":15,"deletions":7},"test-code":{"insertions":42,"deletions":0}}},{"hash":"966efdd94052e14813134c947e02f0019abf5132","isMergeCommit":true,"messageTitle":"Merge pull request #107 from vijay-shankaranand/add-reminders","messageBody":"Add reminders feature","fileTypesAndContributionMap":{}},{"hash":"ffb1c69445e9aa7711d408163046650a466373da","isMergeCommit":true,"messageTitle":"Update UI for reminders","messageBody":"","fileTypesAndContributionMap":{}},{"hash":"82cba9eac1252876cc7ad0a35e0f41d3a4b0d9ee","isMergeCommit":false,"messageTitle":"Fix style errors","messageBody":"","fileTypesAndContributionMap":{"functional-code":{"insertions":31,"deletions":29},"test-code":{"insertions":6,"deletions":22}}},{"hash":"b0aca6f7fb173e7b7d3737d7dcf79d77cab80fad","isMergeCommit":false,"messageTitle":"Fix bug when returning home from empty task list","messageBody":"","fileTypesAndContributionMap":{"functional-code":{"insertions":1,"deletions":0}}},{"hash":"e0a060441999565145919b447558a490b44ba267","isMergeCommit":false,"messageTitle":"Fix minor nits","messageBody":"","fileTypesAndContributionMap":{"functional-code":{"insertions":28,"deletions":17},"test-code":{"insertions":5,"deletions":5}}},{"hash":"2a48e6fa1eddcff37cb1e256f19aa295360a2165","isMergeCommit":false,"messageTitle":"Fix checkstyle error","messageBody":"","fileTypesAndContributionMap":{"functional-code":{"insertions":0,"deletions":1}}},{"hash":"c53448637b419b5b8e172be97f974f6ac5b0fd1b","isMergeCommit":true,"messageTitle":"Merge pull request #108 from rionshocker/branch-rank-list","messageBody":"Add ranking according to urgency and date\r\nUpdate UI","fileTypesAndContributionMap":{}},{"hash":"70781adde77ccb92e797f7a9e77856224aa19529","isMergeCommit":false,"messageTitle":"Update sample data for relevancy","messageBody":"","fileTypesAndContributionMap":{"functional-code":{"insertions":11,"deletions":11}}}]},{"date":"2023-10-30","commitResults":[{"hash":"e6b736d75f89386b9b4ddd5fb3589bb1c5b75836","isMergeCommit":false,"messageTitle":"Update UI to prevent mouse clicking","messageBody":"","fileTypesAndContributionMap":{"functional-code":{"insertions":58,"deletions":4}}},{"hash":"00b7ec4649899fb915caac1b4f06868ff87972d5","isMergeCommit":false,"messageTitle":"Add functionality to place completed events at the bottom","messageBody":"","fileTypesAndContributionMap":{"functional-code":{"insertions":26,"deletions":1}}},{"hash":"b92bd51f03b3efdeb3287e3f3fdd475ba22ad0f6","isMergeCommit":false,"messageTitle":"Fix checkstyle errors","messageBody":"","fileTypesAndContributionMap":{"functional-code":{"insertions":5,"deletions":7}}}]},{"date":"2023-10-31","commitResults":[{"hash":"626ca8dc50be854c535d3bb3cf470195260f0613","isMergeCommit":false,"messageTitle":"Update UI for increased accessibility","messageBody":"","fileTypesAndContributionMap":{"functional-code":{"insertions":52,"deletions":3}}},{"hash":"d5c0fb7348c8f8b536ef5b935f0df5ff7cd8d2a1","isMergeCommit":true,"messageTitle":"Merge pull request #124 from vijay-shankaranand/fix-feature-flaw","messageBody":"Fix addressbook.json not loading","fileTypesAndContributionMap":{}},{"hash":"6c267cdd28b38010b6012bd3c7541939747fbb98","isMergeCommit":true,"messageTitle":"Merge branch \u0027master\u0027 into branch-update-ui","messageBody":"","fileTypesAndContributionMap":{}},{"hash":"095d72c996db585272a15310119d565b13b2fb0d","isMergeCommit":true,"messageTitle":"Merge pull request #127 from Khaleelur-Rahman/branch-fix-issues","messageBody":"Fix delete event issues","fileTypesAndContributionMap":{}},{"hash":"52a405473fd9efa37c521894218a137853237f7b","isMergeCommit":false,"messageTitle":"Fix feature to allow proper display after deleting an event","messageBody":"","fileTypesAndContributionMap":{"functional-code":{"insertions":27,"deletions":5}}}]}],"tjch-o":[{"date":"2023-09-27","commitResults":[{"hash":"4fbe561d1537fc01ecdbfebd54d8acb0023c5428","isMergeCommit":false,"messageTitle":"Revert \"Add remark command\"","messageBody":"This reverts commit eaf46306aae5540e7d03a44898de7abe0bcbe13d.\n","fileTypesAndContributionMap":{"functional-code":{"insertions":1,"deletions":139}}}]},{"date":"2023-10-04","commitResults":[{"hash":"305365f828d226a6fffab4e4a348143a936381aa","isMergeCommit":false,"messageTitle":"Update view tag portion of User Guide","messageBody":"","fileTypesAndContributionMap":{"docs":{"insertions":7,"deletions":1}}},{"hash":"9086617cbce3b02e2c821dd11dae9c7234f276e8","isMergeCommit":false,"messageTitle":"Add a skeletal PPP","messageBody":"","fileTypesAndContributionMap":{"docs":{"insertions":24,"deletions":46}}},{"hash":"e81795fd69d728954e7a43c2eb7fda6bbd85e91a","isMergeCommit":false,"messageTitle":"Update Developer Guide","messageBody":"","fileTypesAndContributionMap":{"docs":{"insertions":13,"deletions":4}}},{"hash":"8dbf0ce246e364651123d9065849f09098683b72","isMergeCommit":false,"messageTitle":"Update AboutUs.md","messageBody":"","fileTypesAndContributionMap":{"docs":{"insertions":6,"deletions":6}}},{"hash":"4a042944179d568683ebe6dc681342c05fe391ee","isMergeCommit":true,"messageTitle":"Merge branch \u0027AY2324S1-CS2103T-T09-1:master\u0027 into master","messageBody":"","fileTypesAndContributionMap":{}},{"hash":"5f3a1ebc5f86bb0728bf8a8ee6fce0316e82ffd4","isMergeCommit":true,"messageTitle":"Merge branch \u0027AY2324S1-CS2103T-T09-1:master\u0027 into master","messageBody":"","fileTypesAndContributionMap":{}},{"hash":"fa00507de70f7cf1cf1656f65aa50b1cc49511be","isMergeCommit":true,"messageTitle":"Merge branch \u0027master\u0027 into about-us","messageBody":"","fileTypesAndContributionMap":{}},{"hash":"87ec6413a4c26d3a9d24c89ee20cd79e119c23c4","isMergeCommit":true,"messageTitle":"Merge pull request #37 from tjch-o/about-us","messageBody":"Update AboutUs","fileTypesAndContributionMap":{}},{"hash":"499f8bb918211eb79d482c03872365885cacb443","isMergeCommit":true,"messageTitle":"Merge branch \u0027master\u0027 into update-ug","messageBody":"","fileTypesAndContributionMap":{}},{"hash":"b341845a0bd4b6d419cb2147a33fcb92c5412062","isMergeCommit":true,"messageTitle":"Merge branch \u0027master\u0027 into update-dg","messageBody":"","fileTypesAndContributionMap":{}},{"hash":"cc29264f85f194230cfde466f4fa1924f75e6ee7","isMergeCommit":true,"messageTitle":"Merge pull request #27 from tjch-o/update-ug","messageBody":"Update UG to add view_tag portion","fileTypesAndContributionMap":{}},{"hash":"d5c5a9e989e918c6e872667bcfe0e9e22426b0aa","isMergeCommit":true,"messageTitle":"Merge pull request #36 from tjch-o/update-dg","messageBody":"Update DG to include view all tags ","fileTypesAndContributionMap":{}}]},{"date":"2023-10-12","commitResults":[{"hash":"27055f75537b38f970ceeebdc29bcd69db77f7e3","isMergeCommit":true,"messageTitle":"Merge pull request #53 from Khaleelur-Rahman/branch-add-tag","messageBody":"Add a tag","fileTypesAndContributionMap":{}}]},{"date":"2023-10-13","commitResults":[{"hash":"8561c66d1addbac8c15023549f892bf5a4cf549d","isMergeCommit":false,"messageTitle":"Add view_tags command","messageBody":"","fileTypesAndContributionMap":{"functional-code":{"insertions":170,"deletions":3}}},{"hash":"b0d1b76ce473b4060adf1db27094da555558a084","isMergeCommit":false,"messageTitle":"Attempt at fixing bug for view_tags command","messageBody":"","fileTypesAndContributionMap":{"functional-code":{"insertions":33,"deletions":2},"docs":{"insertions":5,"deletions":5}}},{"hash":"878cb2272386c7d9e133bea1899abe64191bc6cf","isMergeCommit":false,"messageTitle":"Implement conditional rendering of tag list","messageBody":"","fileTypesAndContributionMap":{"functional-code":{"insertions":19,"deletions":18}}},{"hash":"f7ea0154acd5f5413c480b9fed166b9921210ca4","isMergeCommit":false,"messageTitle":"Fix stylecheck errors","messageBody":"","fileTypesAndContributionMap":{"functional-code":{"insertions":4,"deletions":4}}},{"hash":"3c9b4f997e789a445c602c66089e4232129ec6d1","isMergeCommit":false,"messageTitle":"Fix even more stylecheck errors","messageBody":"","fileTypesAndContributionMap":{"functional-code":{"insertions":6,"deletions":3}}},{"hash":"1581d33334059465bbd34c8a667aa3bd65c895ff","isMergeCommit":false,"messageTitle":"Fix minor stylecheck error","messageBody":"","fileTypesAndContributionMap":{"functional-code":{"insertions":0,"deletions":1}}},{"hash":"cefb559edb0909e4c7928711941ec37d7267b998","isMergeCommit":false,"messageTitle":"Add test cases","messageBody":"","fileTypesAndContributionMap":{"functional-code":{"insertions":1,"deletions":2},"test-code":{"insertions":40,"deletions":0}}},{"hash":"923432c3fc248df20615bba0c5be52408e224491","isMergeCommit":false,"messageTitle":"Fix stylecheck errors","messageBody":"","fileTypesAndContributionMap":{"test-code":{"insertions":0,"deletions":2}}},{"hash":"4dc33ec29c61e9ee0e9323b8ea198cf04eda5f68","isMergeCommit":false,"messageTitle":"Add test case for Logic Manager","messageBody":"","fileTypesAndContributionMap":{"test-code":{"insertions":5,"deletions":0}}}]},{"date":"2023-10-14","commitResults":[{"hash":"e1d7f5715a5c2bc4b78abe252f27bc6085913320","isMergeCommit":false,"messageTitle":"Update title of application","messageBody":"","fileTypesAndContributionMap":{"functional-code":{"insertions":1,"deletions":1}}},{"hash":"44db7cd4314e76627ec31744164dfd347336b2dc","isMergeCommit":false,"messageTitle":"Update app icon","messageBody":"","fileTypesAndContributionMap":{"functional-code":{"insertions":2,"deletions":2}}},{"hash":"5a1f5b6e28db68d63502c028f33e996e3fed069d","isMergeCommit":false,"messageTitle":"Fix result display not working when given a successful command bug","messageBody":"","fileTypesAndContributionMap":{"functional-code":{"insertions":1,"deletions":1}}},{"hash":"466529b5b6407af51cd5b8df82c46212235cca77","isMergeCommit":false,"messageTitle":"Fix stylecheck errors","messageBody":"","fileTypesAndContributionMap":{"functional-code":{"insertions":1,"deletions":1},"docs":{"insertions":0,"deletions":1}}},{"hash":"4fbef399ef1bb6641cc239fe2035b8a74f5b18e5","isMergeCommit":false,"messageTitle":"Update test case for image","messageBody":"","fileTypesAndContributionMap":{"test-code":{"insertions":1,"deletions":1}}}]},{"date":"2023-10-18","commitResults":[{"hash":"581f3d2be85cf04f5d344c9a89a56507f05c0822","isMergeCommit":true,"messageTitle":"Merge pull request #72 from rionshocker/branch-update-ui","messageBody":"Update UI with placeholder for events list","fileTypesAndContributionMap":{}}]},{"date":"2023-10-19","commitResults":[{"hash":"cf65a9e962263d58931b66120105d28e1b510049","isMergeCommit":false,"messageTitle":"Implement view events command","messageBody":"","fileTypesAndContributionMap":{"functional-code":{"insertions":307,"deletions":11}}},{"hash":"de6cd0ba86c05fb24fad2c8de2e4275f6d136e24","isMergeCommit":false,"messageTitle":"Fix bug where events panel does not render","messageBody":"","fileTypesAndContributionMap":{"functional-code":{"insertions":11,"deletions":6}}},{"hash":"6e82b7e60e732b92878bd09da4eeb7a30802df6d","isMergeCommit":false,"messageTitle":"Fix stylecheck errors","messageBody":"","fileTypesAndContributionMap":{"functional-code":{"insertions":2,"deletions":2}}}]},{"date":"2023-10-20","commitResults":[{"hash":"ad50f41a9806f4c4d57129f7bf4db8c87e8c5873","isMergeCommit":false,"messageTitle":"Add test cases for view_events","messageBody":"","fileTypesAndContributionMap":{"test-code":{"insertions":52,"deletions":6}}},{"hash":"6d9a01e33dbb193dc22c284a011cb88ee99a722b","isMergeCommit":false,"messageTitle":"Remove erroneous test case","messageBody":"","fileTypesAndContributionMap":{"test-code":{"insertions":0,"deletions":6}}},{"hash":"4e9e8ca38cc7ebbf08d4c1e3cf75532219096b40","isMergeCommit":false,"messageTitle":"Remove redundant code","messageBody":"","fileTypesAndContributionMap":{"test-code":{"insertions":0,"deletions":2}}}]},{"date":"2023-10-22","commitResults":[{"hash":"8ed5fa6ef14ad1244113930f3ecb8e221931aaf2","isMergeCommit":true,"messageTitle":"Merge pull request #87 from xyT-T/branch-Link","messageBody":"Add test cases for link command","fileTypesAndContributionMap":{}}]},{"date":"2023-10-23","commitResults":[{"hash":"b2fb7bd4e6c8f21440feb830adf080c53bd8dc00","isMergeCommit":false,"messageTitle":"Implement home command","messageBody":"Currently users have no way to return to the home page after doing commands\nlike filter or find.\n\nBy implementing this home command, it will allow users to return to the\nhome page after inputting any command in the JobFestGo. This improves\nuser experience.\n","fileTypesAndContributionMap":{"functional-code":{"insertions":123,"deletions":43},"test-code":{"insertions":29,"deletions":2}}},{"hash":"955c342dc04306e3d326b2d6b03a06773a97c99d","isMergeCommit":false,"messageTitle":"Fix stylecheck errors","messageBody":"","fileTypesAndContributionMap":{"functional-code":{"insertions":6,"deletions":2}}},{"hash":"322b66577d8500a29345991dc3ed48d2b5a06914","isMergeCommit":false,"messageTitle":"Add test cases and refactor code","messageBody":"","fileTypesAndContributionMap":{"functional-code":{"insertions":11,"deletions":7},"test-code":{"insertions":47,"deletions":1}}},{"hash":"b8df448cbd7318683e01087c65ddaff6805f1997","isMergeCommit":false,"messageTitle":"Add even more test cases","messageBody":"","fileTypesAndContributionMap":{"test-code":{"insertions":4,"deletions":0}}}]},{"date":"2023-10-24","commitResults":[{"hash":"bfde5d4890b0c76d9a7cd2545388999e1c250f83","isMergeCommit":true,"messageTitle":"Merge pull request #89 from rionshocker/update-ug","messageBody":"Update UG for select event command","fileTypesAndContributionMap":{}},{"hash":"d30328bf2a6ae06c9cfaf6c7f719a16ba6635cd2","isMergeCommit":false,"messageTitle":"Rename variable for code readability","messageBody":"","fileTypesAndContributionMap":{"functional-code":{"insertions":2,"deletions":2}}},{"hash":"ec834378cf19dc474847634db4674830efebf6ab","isMergeCommit":false,"messageTitle":"Update UG to include view event and home command","messageBody":"","fileTypesAndContributionMap":{"docs":{"insertions":24,"deletions":8}}},{"hash":"95ab076899af43a927e80c5a51197a65d9ec8403","isMergeCommit":false,"messageTitle":"Fix minor grammar error","messageBody":"","fileTypesAndContributionMap":{"docs":{"insertions":1,"deletions":1}}}]},{"date":"2023-10-25","commitResults":[{"hash":"ad2b1514c4e0c0b0cf4d5223a6b6992ed9fdfe26","isMergeCommit":false,"messageTitle":"Fix typo","messageBody":"","fileTypesAndContributionMap":{"docs":{"insertions":1,"deletions":1}}},{"hash":"dc94bfde86f2f0f4fa9392a6ba0c45566167d261","isMergeCommit":true,"messageTitle":"Merge pull request #93 from tjch-o/update-ug","messageBody":"Update UG to include view event and home command","fileTypesAndContributionMap":{}},{"hash":"1d7b63b8d5584f54ae23fa807153f4f27115b5ac","isMergeCommit":false,"messageTitle":"Update DG to include view events and home command","messageBody":"","fileTypesAndContributionMap":{"docs":{"insertions":26,"deletions":4}}},{"hash":"af88dede9d6d775b19e36dbff0672be616039347","isMergeCommit":true,"messageTitle":"Merge branch \u0027master\u0027 into update-dg","messageBody":"","fileTypesAndContributionMap":{}},{"hash":"1455f42aa788cf4124ee8db3d6bdb3777dc9eb64","isMergeCommit":true,"messageTitle":"Merge branch \u0027AY2324S1-CS2103T-T09-1:master\u0027 into update-dg","messageBody":"","fileTypesAndContributionMap":{}}]},{"date":"2023-10-26","commitResults":[{"hash":"b457b02bf70d8f75e2d351fb08c0aa48a170cd96","isMergeCommit":false,"messageTitle":"Update directory of files","messageBody":"","fileTypesAndContributionMap":{"functional-code":{"insertions":19,"deletions":19},"other":{"insertions":224,"deletions":219},"test-code":{"insertions":102,"deletions":102}}},{"hash":"eb4875bbfce314903895c0d679c4f8ae62df3e94","isMergeCommit":false,"messageTitle":"Fix outdated imports","messageBody":"","fileTypesAndContributionMap":{"functional-code":{"insertions":48,"deletions":47},"other":{"insertions":8,"deletions":8},"test-code":{"insertions":36,"deletions":36}}}]},{"date":"2023-10-27","commitResults":[{"hash":"43e7a7b8be389528da4f469d975e50701dbd8f66","isMergeCommit":false,"messageTitle":"Fix stylecheck errors","messageBody":"","fileTypesAndContributionMap":{"functional-code":{"insertions":23,"deletions":24},"test-code":{"insertions":5,"deletions":11}}},{"hash":"18dccd4688116fc2252a2092cceb76703a52214d","isMergeCommit":true,"messageTitle":"Merge branch \u0027AY2324S1-CS2103T-T09-1:master\u0027 into branch-rename-directory","messageBody":"","fileTypesAndContributionMap":{}},{"hash":"5ad9b97f1e24d3008f3c85e0a2fd135030b985c8","isMergeCommit":false,"messageTitle":"Update UG to reflect new command words","messageBody":"","fileTypesAndContributionMap":{"functional-code":{"insertions":1,"deletions":1},"docs":{"insertions":35,"deletions":35}}},{"hash":"8a215b70544f2762eedf3eca127b0624601f0d6d","isMergeCommit":true,"messageTitle":"Merge branch \u0027branch-rename-directory\u0027 of https://github.com/tjch-o/tp into branch-rename-directory","messageBody":"","fileTypesAndContributionMap":{}},{"hash":"e798ca5bdf0b202ae1dc077c54f971345902593c","isMergeCommit":false,"messageTitle":"Modify order of commands in the UG","messageBody":"","fileTypesAndContributionMap":{"docs":{"insertions":6,"deletions":6}}},{"hash":"608fb0606abbe722d59955c21f23797bc9cca6bc","isMergeCommit":false,"messageTitle":"Rearrange commands in the UG","messageBody":"","fileTypesAndContributionMap":{"docs":{"insertions":15,"deletions":15}}},{"hash":"a036cab1d1cf737177dddd61a8100099da4a92b6","isMergeCommit":false,"messageTitle":"Fix more stylecheck errors","messageBody":"","fileTypesAndContributionMap":{"functional-code":{"insertions":9,"deletions":9}}},{"hash":"8b9c936b8abbf0a578d541965d7e8a6905f38571","isMergeCommit":false,"messageTitle":"Fix stylecheck errors","messageBody":"","fileTypesAndContributionMap":{"test-code":{"insertions":21,"deletions":24}}},{"hash":"ffce47562836faf287bdb9d9371d24896ba3aae5","isMergeCommit":false,"messageTitle":"Fix stylecheck errors","messageBody":"","fileTypesAndContributionMap":{"test-code":{"insertions":4,"deletions":5}}},{"hash":"58f26a3234c19291e897c4ee5e3a158ee7d99d37","isMergeCommit":false,"messageTitle":"Rename exceptions","messageBody":"","fileTypesAndContributionMap":{"functional-code":{"insertions":12,"deletions":17},"other":{"insertions":6,"deletions":6},"test-code":{"insertions":12,"deletions":12}}},{"hash":"008201c0d7f10f7e41940104f74021ddfb2f58f1","isMergeCommit":true,"messageTitle":"Merge branch \u0027AY2324S1-CS2103T-T09-1:master\u0027 into branch-rename-directory","messageBody":"","fileTypesAndContributionMap":{}}]},{"date":"2023-10-28","commitResults":[{"hash":"5485571af7525cca32e7fe959ef243e58985b843","isMergeCommit":false,"messageTitle":"Update DG to reflect updated command words","messageBody":"","fileTypesAndContributionMap":{"docs":{"insertions":13,"deletions":13}}}]},{"date":"2023-10-29","commitResults":[{"hash":"f5fcefdfefc2b884556fab8802f11487c510a0da","isMergeCommit":true,"messageTitle":"Merge pull request #106 from Khaleelur-Rahman/add-task-test","messageBody":"Add test cases for add task feature","fileTypesAndContributionMap":{}},{"hash":"2a0c64b1e16f1281f0f2994ccaf343e3ca4c165c","isMergeCommit":false,"messageTitle":"Update javadocs","messageBody":"","fileTypesAndContributionMap":{"functional-code":{"insertions":12,"deletions":12}}}]},{"date":"2023-10-30","commitResults":[{"hash":"b3ff20d03d4709ef40c9ed4542cfb6d58a5ed59d","isMergeCommit":false,"messageTitle":"Rename files from person to contact across codebase","messageBody":"","fileTypesAndContributionMap":{"functional-code":{"insertions":244,"deletions":244},"other":{"insertions":186,"deletions":186},"docs":{"insertions":58,"deletions":58},"test-code":{"insertions":239,"deletions":240}}},{"hash":"ae9d0d3b97e90e785a066c6c1b9a333b4f433488","isMergeCommit":false,"messageTitle":"Fix stylecheck errors","messageBody":"","fileTypesAndContributionMap":{"functional-code":{"insertions":5,"deletions":4},"docs":{"insertions":1,"deletions":1}}},{"hash":"35bc0e8bb3349969d8c3fb0e1c67d121ea3b454f","isMergeCommit":false,"messageTitle":"Update more method names","messageBody":"","fileTypesAndContributionMap":{"functional-code":{"insertions":31,"deletions":34},"test-code":{"insertions":43,"deletions":43}}}]},{"date":"2023-10-31","commitResults":[{"hash":"7fd8b0fb45dead77570b1463aec16a527d40e710","isMergeCommit":false,"messageTitle":"Rename files related to find command","messageBody":"","fileTypesAndContributionMap":{"functional-code":{"insertions":6,"deletions":6},"other":{"insertions":24,"deletions":26},"test-code":{"insertions":4,"deletions":5}}},{"hash":"d0becba3d0283b65ed806c89a5891eeebb948845","isMergeCommit":true,"messageTitle":"Merge branch \u0027branch-rename-directory\u0027 of https://github.com/tjch-o/tp into branch-rename-directory","messageBody":"","fileTypesAndContributionMap":{}},{"hash":"f491aa18907744aff862402b082df066f9bff3ce","isMergeCommit":false,"messageTitle":"Rename files related to filter command","messageBody":"","fileTypesAndContributionMap":{"other":{"insertions":7,"deletions":7}}},{"hash":"e920518632ee98737993c924ffc137948b047285","isMergeCommit":false,"messageTitle":"Fix filter by tag parser error","messageBody":"","fileTypesAndContributionMap":{"functional-code":{"insertions":6,"deletions":6},"other":{"insertions":19,"deletions":19},"docs":{"insertions":12,"deletions":12},"test-code":{"insertions":11,"deletions":11}}},{"hash":"c1a4c1daa0df68ac7b621b7cc73326f9e90ff4cf","isMergeCommit":false,"messageTitle":"Fix stylechecker errors","messageBody":"","fileTypesAndContributionMap":{"functional-code":{"insertions":4,"deletions":4},"test-code":{"insertions":4,"deletions":3}}},{"hash":"e7ac7d3dea80d7f88da725dbb755a62ef691fa13","isMergeCommit":false,"messageTitle":"Refactor code","messageBody":"","fileTypesAndContributionMap":{"functional-code":{"insertions":21,"deletions":21},"test-code":{"insertions":28,"deletions":28}}},{"hash":"cba5e4d3e6e4383c934826d61ed7ab6a24f9172e","isMergeCommit":false,"messageTitle":"Fix stylecheck errors and refactor more code","messageBody":"","fileTypesAndContributionMap":{"functional-code":{"insertions":23,"deletions":24},"test-code":{"insertions":43,"deletions":43}}},{"hash":"326059d8541b29041244d93de65a67d9162bc91e","isMergeCommit":false,"messageTitle":"Update predicates","messageBody":"","fileTypesAndContributionMap":{"functional-code":{"insertions":12,"deletions":12},"test-code":{"insertions":15,"deletions":15}}},{"hash":"3b46b95d1a3d951d4606bb8eea81c8d5d61490a6","isMergeCommit":true,"messageTitle":"Merge pull request #128 from tjch-o/branch-rename-directory","messageBody":"Rename both find and filter","fileTypesAndContributionMap":{}}]}]},"authorFileTypeContributionMap":{"vijay-shankaranand":{"docs":203,"functional-code":1261,"test-code":1982,"other":1},"Khaleelur-Rahman":{"docs":207,"functional-code":1606,"test-code":2637},"xyT-T":{"docs":130,"functional-code":970,"test-code":573},"rionshocker":{"docs":148,"functional-code":1253,"test-code":466,"other":4},"tjch-o":{"docs":149,"functional-code":1006,"test-code":603}},"authorContributionVariance":{"vijay-shankaranand":310431.94,"Khaleelur-Rahman":182155.61,"xyT-T":35883.82,"rionshocker":20739.54,"tjch-o":85412.4},"authorDisplayNameMap":{"vijay-shankaranand":"CS2103T-T09-1 VIJA..NAND","Khaleelur-Rahman":"CS2103T-T09-1 KHAL..HMAN","xyT-T":"CS2103T-T09-1 TONG..NYAO","rionshocker":"CS2103T-T09-1 JARY..HONG","tjch-o":"CS2103T-T09-1 CHOO.. JIE"}}
