{"authorDailyContributionsMap":{"vijay-shankaranand":[{"date":"2023-09-29","commitResults":[{"hash":"8248dca76fd8a237a1724f1ed817cc4637e539f5","isMergeCommit":false,"messageTitle":"add Remark command","messageBody":"","fileTypesAndContributionMap":{"functional-code":{"insertions":143,"deletions":0}}},{"hash":"5a8f7cf44c59c6965532f2d6066a018c98ba50d3","isMergeCommit":false,"messageTitle":"Revert \"add Remark command\"","messageBody":"This reverts commit 8248dca76fd8a237a1724f1ed817cc4637e539f5.\n","fileTypesAndContributionMap":{"functional-code":{"insertions":0,"deletions":143}}}]},{"date":"2023-10-04","commitResults":[{"hash":"59da0c3c5631628abb1868e19f30cc798c6a06a7","isMergeCommit":false,"messageTitle":"Update UserGuide.md","messageBody":"","fileTypesAndContributionMap":{"docs":{"insertions":7,"deletions":3}}},{"hash":"99a0f7080812fa64102fced8d8c74f2c81da0458","isMergeCommit":false,"messageTitle":"streamline UserGuide for JobFestGo","messageBody":"","fileTypesAndContributionMap":{"docs":{"insertions":13,"deletions":13}}},{"hash":"292fe1a6fe87ef23515a89641cfd0f6f9f57d880","isMergeCommit":false,"messageTitle":"Update DeveloperGuide.md","messageBody":"","fileTypesAndContributionMap":{"docs":{"insertions":61,"deletions":9}}},{"hash":"c603d40cd84f3904be1951f7ef54ac27a94886ad","isMergeCommit":false,"messageTitle":"Streamline UserGuide for JobFestGo","messageBody":"","fileTypesAndContributionMap":{"docs":{"insertions":13,"deletions":13}}},{"hash":"4f904cc3aebefdd815eacb977b09589aee258002","isMergeCommit":false,"messageTitle":"Add AboutUs","messageBody":"","fileTypesAndContributionMap":{"docs":{"insertions":6,"deletions":6}}},{"hash":"34323d24c0f449834129bff786e0e4cb47b86ef8","isMergeCommit":false,"messageTitle":"add SkeletalPPP","messageBody":"","fileTypesAndContributionMap":{"docs":{"insertions":24,"deletions":46}}},{"hash":"b20c04e1f189dfbdec0161f093dd87b6a9ba5e74","isMergeCommit":true,"messageTitle":"Merge pull request #29 from vijay-shankaranand/update-ug","messageBody":"Update UserGuide to contain add feature with optional tag","fileTypesAndContributionMap":{}},{"hash":"ce01c5827224871ca9c13c539fcf5de8074cf457","isMergeCommit":true,"messageTitle":"Merge pull request #23 from rionshocker/update-readme","messageBody":"Update README.md to remove traces of AB3","fileTypesAndContributionMap":{}},{"hash":"d874eee3f5d4d91ea4dd2eca2e93b33bc88b5df9","isMergeCommit":true,"messageTitle":"Merge pull request #26 from rionshocker/add-ppp","messageBody":"Add a skeletal PPP","fileTypesAndContributionMap":{}},{"hash":"48fb23698063452fb140326fec62f060c2ccb67f","isMergeCommit":true,"messageTitle":"Merge pull request #28 from tjch-o/add-ppp","messageBody":"Add a skeletal PPP","fileTypesAndContributionMap":{}},{"hash":"63a22c2ce7a5529560bc6013ba32765576943fc1","isMergeCommit":true,"messageTitle":"Merge pull request #30 from xyT-T/branch-Add-PPP","messageBody":"Add a skeletal PPP","fileTypesAndContributionMap":{}},{"hash":"04be3a6257d6f7cf67b99fab9911b60d5437c86d","isMergeCommit":true,"messageTitle":"Merge pull request #39 from vijay-shankaranand/add-skeletalPPP","messageBody":"Add skeletal PPP","fileTypesAndContributionMap":{}},{"hash":"814dd9f652a5e00be927ea981d973ea112b0355e","isMergeCommit":true,"messageTitle":"Merge pull request #41 from Khaleelur-Rahman/add-skeletal-PPP","messageBody":"Add a skeletal PPP","fileTypesAndContributionMap":{}},{"hash":"88fa34c6c82d1fde5370156b32f7687cf7719c82","isMergeCommit":true,"messageTitle":"Merge pull request #35 from rionshocker/update-aboutus","messageBody":"Update AboutUs","fileTypesAndContributionMap":{}},{"hash":"53a852a378124d0c9367f2f26000a84736acfe94","isMergeCommit":true,"messageTitle":"Merge pull request #25 from rionshocker/update-dg","messageBody":"Update developer guide with deleting a tag command","fileTypesAndContributionMap":{}},{"hash":"150aa1c072d5cf727c29ae593e1f989a256e10f1","isMergeCommit":true,"messageTitle":"Merge pull request #24 from rionshocker/update-ug","messageBody":"Update user guide to contain delete tag portion","fileTypesAndContributionMap":{}},{"hash":"b7365baa2907c59fc3ffd2ddd9233dcb8c35fe45","isMergeCommit":true,"messageTitle":"Merge branch \u0027update-dg\u0027","messageBody":"","fileTypesAndContributionMap":{}},{"hash":"047e53f8fa72be221bb04cd23354024019240ffe","isMergeCommit":true,"messageTitle":"Merge branch \u0027update-ug\u0027","messageBody":"","fileTypesAndContributionMap":{}},{"hash":"3ab5fdbc4be92782821e87cb252ddc965bd01d2b","isMergeCommit":true,"messageTitle":"Merge branch \u0027master\u0027 into update-dg","messageBody":"","fileTypesAndContributionMap":{}},{"hash":"7c9a8a30aedab9bec8ca1e6c076f05d88f963f79","isMergeCommit":true,"messageTitle":"Merge pull request #33 from vijay-shankaranand/update-dg","messageBody":"Update DeveloperGuide for add contact with additional tag","fileTypesAndContributionMap":{}}]},{"date":"2023-10-13","commitResults":[{"hash":"3f1f0399bde68f1383f1ed9f8546f98307d6fed5","isMergeCommit":false,"messageTitle":"edit add command","messageBody":"","fileTypesAndContributionMap":{"functional-code":{"insertions":2,"deletions":2}}}]},{"date":"2023-10-14","commitResults":[{"hash":"0208c564c367928025645f571404602b9808c726","isMergeCommit":true,"messageTitle":"Merge branch \u0027master\u0027 of github.com:vijay-shankaranand/tp","messageBody":"","fileTypesAndContributionMap":{}},{"hash":"60b3c6f660d52fb126e07bf821dad6524dcc7651","isMergeCommit":false,"messageTitle":"sync add contact with tagList","messageBody":"","fileTypesAndContributionMap":{"functional-code":{"insertions":57,"deletions":9},"docs":{"insertions":1,"deletions":0}}},{"hash":"a032c7abd3e3a6dbd8372d87e4f209a7a9814464","isMergeCommit":false,"messageTitle":"fix test cases","messageBody":"","fileTypesAndContributionMap":{"functional-code":{"insertions":3,"deletions":3},"test-code":{"insertions":37,"deletions":22}}},{"hash":"93cbfc68819b80a68a6bcd7cf9d84012282cce2b","isMergeCommit":false,"messageTitle":"testcases for AddCommand and SampleData","messageBody":"","fileTypesAndContributionMap":{"functional-code":{"insertions":4,"deletions":4},"test-code":{"insertions":45,"deletions":8}}},{"hash":"3e0c1d5748ce2243242daca29b1390f0cb89e98b","isMergeCommit":false,"messageTitle":"stylecheck fix","messageBody":"","fileTypesAndContributionMap":{"test-code":{"insertions":10,"deletions":3}}}]},{"date":"2023-10-15","commitResults":[{"hash":"51ff9866de020ab005a891ba26d728bdb3bb5dd0","isMergeCommit":false,"messageTitle":"fix testcases","messageBody":"","fileTypesAndContributionMap":{"functional-code":{"insertions":7,"deletions":8},"test-code":{"insertions":46,"deletions":1}}},{"hash":"4d83ff8aab3e040bae4e9f406597415c09acfdc4","isMergeCommit":true,"messageTitle":"Merge branch \u0027master\u0027 into modify-add-command","messageBody":"","fileTypesAndContributionMap":{}},{"hash":"30b6069b1d524045943a7c81b79e3ff36b5ff1dc","isMergeCommit":true,"messageTitle":"Merge pull request #59 from vijay-shankaranand/modify-add-command","messageBody":"Add contact with optional tag","fileTypesAndContributionMap":{}}]},{"date":"2023-10-18","commitResults":[{"hash":"29c6a4b25b1fe097389f85beec6f4666520a76a9","isMergeCommit":false,"messageTitle":"add event command","messageBody":"","fileTypesAndContributionMap":{"functional-code":{"insertions":872,"deletions":8}}},{"hash":"dab6b0e991689dd36ff37b2aa9ca187558d86f37","isMergeCommit":false,"messageTitle":"update checkstyle and testcases for CI/CD","messageBody":"","fileTypesAndContributionMap":{"functional-code":{"insertions":68,"deletions":12},"test-code":{"insertions":91,"deletions":2}}},{"hash":"aa5fe97c8c4891dcc729ad1c28839a73f731a9bf","isMergeCommit":false,"messageTitle":"naming convention changes","messageBody":"","fileTypesAndContributionMap":{"functional-code":{"insertions":7,"deletions":7}}},{"hash":"cf18158560999320aeee06e75426269e2457a5cb","isMergeCommit":true,"messageTitle":"Merge pull request #69 from vijay-shankaranand/add-event","messageBody":"Add event command","fileTypesAndContributionMap":{}}]}],"Khaleelur-Rahman":[{"date":"2023-10-04","commitResults":[{"hash":"9b6b034c8924645dd1f6bfdaa11bb46b7ba1d8ab","isMergeCommit":false,"messageTitle":"Update AboutUs.md","messageBody":"Added Khaleelur Rahman\u0027s photo and GitHub page.","fileTypesAndContributionMap":{"docs":{"insertions":4,"deletions":4}}},{"hash":"4be3d3227665d3d15afcc24dcc7d9f45339d0b82","isMergeCommit":false,"messageTitle":"Add skeletal PPP","messageBody":"Add khaleelur-rahman.md as a base for skeletal PPP.","fileTypesAndContributionMap":{"docs":{"insertions":24,"deletions":0}}},{"hash":"fe16e9351f7f7d6e98acfc2cd55e4dd0b9baaa77","isMergeCommit":false,"messageTitle":"Revert \"Update AboutUs.md\"","messageBody":"This reverts commit 9b6b034c8924645dd1f6bfdaa11bb46b7ba1d8ab.\n","fileTypesAndContributionMap":{"docs":{"insertions":4,"deletions":4}}},{"hash":"d63d2e73bd6b9dac616aacf4d2f56f7f21130d8d","isMergeCommit":false,"messageTitle":"Update DeveloperGuide.md","messageBody":"Add add tags feature to the developer guide.","fileTypesAndContributionMap":{"docs":{"insertions":14,"deletions":3}}},{"hash":"b8e8fbe18b0b159c8d2fbc33ed2984832bd8553b","isMergeCommit":false,"messageTitle":"Update UserGuide.md","messageBody":"","fileTypesAndContributionMap":{"docs":{"insertions":17,"deletions":2}}},{"hash":"b468229422eefeebacea5dff1cd3afa9756a9bb1","isMergeCommit":false,"messageTitle":"Update UserGuide.md","messageBody":"","fileTypesAndContributionMap":{"docs":{"insertions":2,"deletions":2}}},{"hash":"bc044c307a329412c7c2266d47c90070c717c421","isMergeCommit":false,"messageTitle":"Update DeveloperGuide.md","messageBody":"Fixed typo.","fileTypesAndContributionMap":{"docs":{"insertions":1,"deletions":1}}},{"hash":"4df89a76929e62136249d74fe2c6d6bdbd5b5769","isMergeCommit":false,"messageTitle":"Update DeveloperGuide.md","messageBody":"","fileTypesAndContributionMap":{"docs":{"insertions":1,"deletions":1}}},{"hash":"5aec7a430d189272786a73ac73524fd63fd3fc13","isMergeCommit":true,"messageTitle":"Merge branch \u0027AY2324S1-CS2103T-T09-1:master\u0027 into master","messageBody":"","fileTypesAndContributionMap":{}},{"hash":"0091f27e5c3180844fcc74f54f383bc2a5848fcc","isMergeCommit":false,"messageTitle":"Update AboutUs.md","messageBody":"","fileTypesAndContributionMap":{"docs":{"insertions":6,"deletions":6}}},{"hash":"204e4e02803a769bbbbf4f07cb7352930eae0137","isMergeCommit":false,"messageTitle":"Update DeveloperGuide.md","messageBody":"","fileTypesAndContributionMap":{"docs":{"insertions":132,"deletions":2}}},{"hash":"7f225b0b422aa9f9d397b0541dd9d2abcf82c9fb","isMergeCommit":true,"messageTitle":"Merge branch \u0027master\u0027 into update-DG","messageBody":"","fileTypesAndContributionMap":{}},{"hash":"cbae7111569e1359854b0a858592c056fca31dfb","isMergeCommit":true,"messageTitle":"Merge branch \u0027AY2324S1-CS2103T-T09-1:master\u0027 into master","messageBody":"","fileTypesAndContributionMap":{}},{"hash":"650c0c0e18608fb6d91658634e8af6dedc1f1824","isMergeCommit":true,"messageTitle":"Merge branch \u0027update_UG\u0027 into master","messageBody":"","fileTypesAndContributionMap":{}},{"hash":"71901c5450c7cb59af17555520aae430fb6d8a7a","isMergeCommit":true,"messageTitle":"Merge pull request #1 from Khaleelur-Rahman/master","messageBody":"master to update-ug","fileTypesAndContributionMap":{}},{"hash":"4d70225fa08bdda73032535203013262d6859c72","isMergeCommit":true,"messageTitle":"Merge pull request #43 from Khaleelur-Rahman/update_UG","messageBody":"Update UserGuide to contain add tags feature","fileTypesAndContributionMap":{}}]},{"date":"2023-10-10","commitResults":[{"hash":"36cf64d55130471c9269a509155384763828f743","isMergeCommit":false,"messageTitle":"Add files to support add_tag command","messageBody":"Amend tag package to include exceptions and UniqueTagList\nto take care of the collection of tags.\n\nAdded TagList and ReadOnlyTagList in model package.\n","fileTypesAndContributionMap":{"functional-code":{"insertions":198,"deletions":0}}},{"hash":"4f74f7bf9373fbfc3c4486f12b1e2dda04a55f0c","isMergeCommit":false,"messageTitle":"Implement method for tag model classes","messageBody":"","fileTypesAndContributionMap":{"functional-code":{"insertions":151,"deletions":3}}},{"hash":"760d145d25ef6cebc30f7c88e0e6b6becd23bb02","isMergeCommit":false,"messageTitle":"Implement ModelTagList and its manager class","messageBody":"Amend UserPrefs to account for taglist file path.\n","fileTypesAndContributionMap":{"functional-code":{"insertions":241,"deletions":6}}},{"hash":"9e81ec904b70d2383f4a241e23abc1c6f97591dc","isMergeCommit":false,"messageTitle":"Add parser functionality for add_tag command","messageBody":"","fileTypesAndContributionMap":{"functional-code":{"insertions":209,"deletions":359}}},{"hash":"128dd6491ad3a8f743ee60f702d3978983520b5f","isMergeCommit":false,"messageTitle":"Edit storage class files to add tags","messageBody":"","fileTypesAndContributionMap":{"functional-code":{"insertions":17,"deletions":3}}},{"hash":"d5643a5d4da894d56c4338003e2aa49a42584961","isMergeCommit":false,"messageTitle":"Edit message displayed when error occurs when adding tag","messageBody":"","fileTypesAndContributionMap":{"functional-code":{"insertions":12,"deletions":2}}},{"hash":"e24dff543479b380892483edf1f26417b4400562","isMergeCommit":false,"messageTitle":"Add Javadocs and comments","messageBody":"","fileTypesAndContributionMap":{"functional-code":{"insertions":15,"deletions":22}}},{"hash":"01befafd498d43e8ffb75865c9a50049f111c053","isMergeCommit":false,"messageTitle":"Update UserGuide.md","messageBody":"Update add_tag command description","fileTypesAndContributionMap":{"docs":{"insertions":15,"deletions":15}}},{"hash":"fa9518c5d1d1cf3466427a6b1271b08803ed0e71","isMergeCommit":false,"messageTitle":"Update DeveloperGuide.md","messageBody":"Update add_tag use case and extension","fileTypesAndContributionMap":{"docs":{"insertions":21,"deletions":0}}},{"hash":"00da1363d47de0a7d0285a4886df937fa7bd6ee2","isMergeCommit":true,"messageTitle":"Merge branch \u0027master\u0027 into update-DG","messageBody":"","fileTypesAndContributionMap":{}},{"hash":"e196f4a467f60234eeae86936f40612918c69114","isMergeCommit":false,"messageTitle":"Change CRLF to LF","messageBody":"","fileTypesAndContributionMap":{"functional-code":{"insertions":252,"deletions":252}}}]},{"date":"2023-10-11","commitResults":[{"hash":"b1c5439ebdedbca24b4adeef171cb2e3bdcbea8a","isMergeCommit":false,"messageTitle":"Style checks on edited classes","messageBody":"","fileTypesAndContributionMap":{"functional-code":{"insertions":23,"deletions":14}}},{"hash":"6e4515a47b4004c71782616c0cd54d3eb820e1c5","isMergeCommit":false,"messageTitle":"Implement methods in test classes","messageBody":"","fileTypesAndContributionMap":{"test-code":{"insertions":37,"deletions":0}}},{"hash":"c570be42b083022591a3d50a309bc608b45daa53","isMergeCommit":false,"messageTitle":"Amend test files to include tagList in the test data files","messageBody":"","fileTypesAndContributionMap":{"test-code":{"insertions":1,"deletions":1}}},{"hash":"148d2f7a779b0a371a213e51356563271f180cf6","isMergeCommit":false,"messageTitle":"Style checks","messageBody":"","fileTypesAndContributionMap":{"test-code":{"insertions":3,"deletions":1}}},{"hash":"d561406d7bfbca20c819a92c8d9c1aa0905d7cf7","isMergeCommit":false,"messageTitle":"Update UserGuide.md","messageBody":"","fileTypesAndContributionMap":{"docs":{"insertions":1,"deletions":1}}},{"hash":"6d7e1c5a92233f302e0bbf06657b9f96a518af1c","isMergeCommit":false,"messageTitle":"Made changes based on comments","messageBody":"","fileTypesAndContributionMap":{"functional-code":{"insertions":21,"deletions":17}}}]},{"date":"2023-10-13","commitResults":[{"hash":"28aeab5fabe1541b7a621b537ec7a77735f7ccd8","isMergeCommit":false,"messageTitle":"Add tests for Tag class","messageBody":"","fileTypesAndContributionMap":{"test-code":{"insertions":118,"deletions":2}}},{"hash":"274676615af27b6daf0ca48fc23a0273aac12751","isMergeCommit":false,"messageTitle":"Edit tagTest class","messageBody":"","fileTypesAndContributionMap":{"test-code":{"insertions":1,"deletions":1}}},{"hash":"de4bf4429ba4eb124dc78051b661082838d88d3e","isMergeCommit":false,"messageTitle":"Add test cases for UniqueTagList class","messageBody":"","fileTypesAndContributionMap":{"functional-code":{"insertions":1,"deletions":2},"test-code":{"insertions":150,"deletions":0}}},{"hash":"0512c92460a4b409055b341a180f8ba41d66844b","isMergeCommit":false,"messageTitle":"Add test cases for AddTagCommand class","messageBody":"","fileTypesAndContributionMap":{"functional-code":{"insertions":9,"deletions":0},"test-code":{"insertions":206,"deletions":6}}},{"hash":"fc70279014d54817afea363b9f8a2ed2614db04e","isMergeCommit":false,"messageTitle":"Add few test cases for AddTagCommandParser and JsonAdaptedTag","messageBody":"","fileTypesAndContributionMap":{"functional-code":{"insertions":3,"deletions":2},"test-code":{"insertions":92,"deletions":6}}},{"hash":"6fecb75309a5ede54f567bc1848f44662dcd9e60","isMergeCommit":false,"messageTitle":"Add test cases for ModelManager class","messageBody":"","fileTypesAndContributionMap":{"functional-code":{"insertions":1,"deletions":2},"test-code":{"insertions":25,"deletions":0}}},{"hash":"662ed9e56c5b4addff3d573dceca6c45db1b9c20","isMergeCommit":false,"messageTitle":"Add tests for AddressBook class","messageBody":"","fileTypesAndContributionMap":{"test-code":{"insertions":41,"deletions":3}}}]},{"date":"2023-10-14","commitResults":[{"hash":"95ca591c5bd94cb6bc0bef9801149e37f2678a0c","isMergeCommit":false,"messageTitle":"Checkstyle","messageBody":"","fileTypesAndContributionMap":{"functional-code":{"insertions":2,"deletions":2},"test-code":{"insertions":67,"deletions":76}}},{"hash":"aafdde4489491b43443774269557707d1f5808ec","isMergeCommit":true,"messageTitle":"Merge pull request #54 from Khaleelur-Rahman/update_UG","messageBody":"Update UserGuide.md","fileTypesAndContributionMap":{}},{"hash":"d778d8dc88d08a1531e26aa56036553c0c9470f5","isMergeCommit":true,"messageTitle":"Merge pull request #55 from Khaleelur-Rahman/update-DG","messageBody":"Update DeveloperGuide.md","fileTypesAndContributionMap":{}},{"hash":"1be0c1e3927d647a7e9633780fc0daf0a94111b4","isMergeCommit":true,"messageTitle":"Merge pull request #57 from rionshocker/delete-tag","messageBody":"Delete a tag","fileTypesAndContributionMap":{}}]},{"date":"2023-10-18","commitResults":[{"hash":"f2f1e47776e356e48dd4554d1014160ee1dc6580","isMergeCommit":false,"messageTitle":"Add test cases to improve test coverage","messageBody":"","fileTypesAndContributionMap":{"test-code":{"insertions":253,"deletions":9}}},{"hash":"e09159bef3b52f3363615bc22cf2b50034913c3d","isMergeCommit":true,"messageTitle":"Merge branch \u0027master\u0027 into branch-add-tag-test","messageBody":"","fileTypesAndContributionMap":{}},{"hash":"0b275422c872de7873e385cf36ad1b6b3c0b707f","isMergeCommit":true,"messageTitle":"Merge branch \u0027branch-add-tag-test\u0027 of https://github.com/Khaleelur-Rahman/tp into branch-add-tag-test","messageBody":"","fileTypesAndContributionMap":{}},{"hash":"8e482066f56fcebfff8dad1773efd018cf68be11","isMergeCommit":false,"messageTitle":"Add event list in the Json sample test files","messageBody":"","fileTypesAndContributionMap":{"test-code":{"insertions":0,"deletions":1}}}]}],"xyT-T":[{"date":"2023-10-04","commitResults":[{"hash":"d57ad0aba7e1eb7d604a82ce1901424b5d26dcee","isMergeCommit":false,"messageTitle":"Add PPP","messageBody":"","fileTypesAndContributionMap":{"docs":{"insertions":26,"deletions":0}}},{"hash":"be46978f550295d8ad5001ecca7f3c191bde2f04","isMergeCommit":false,"messageTitle":"PPP: Fix style issues","messageBody":"","fileTypesAndContributionMap":{"docs":{"insertions":2,"deletions":4}}},{"hash":"27982ea0d42a6a59e18e97dd789946d253c6ca6e","isMergeCommit":false,"messageTitle":"Update UG: List feature and Delete feature","messageBody":"","fileTypesAndContributionMap":{"docs":{"insertions":3,"deletions":3}}},{"hash":"d357edd758740be9d4def105d45d33077beeb0be","isMergeCommit":false,"messageTitle":"Update DG: Add user stories and use cases for List feature and Delete feature","messageBody":"","fileTypesAndContributionMap":{"docs":{"insertions":22,"deletions":5}}},{"hash":"5f720b1430d55ded505095ca2e4669f241253897","isMergeCommit":false,"messageTitle":"Update AboutUs","messageBody":"","fileTypesAndContributionMap":{"docs":{"insertions":4,"deletions":4}}},{"hash":"d9e0abf94e370407c300ba169777e388ffcc8696","isMergeCommit":false,"messageTitle":"Update exception description","messageBody":"","fileTypesAndContributionMap":{"docs":{"insertions":1,"deletions":1}}},{"hash":"5c07c873a5c99906fa88430e1fc0d69bb115265a","isMergeCommit":true,"messageTitle":"Merge AboutUs","messageBody":"","fileTypesAndContributionMap":{}},{"hash":"227319fb124d9fadad09620785c20a6026038991","isMergeCommit":true,"messageTitle":"Merge pull request #34 from xyT-T/branch-Update-AboutUs","messageBody":"Update AboutUs","fileTypesAndContributionMap":{}},{"hash":"a2178efb3b81ff807cf9f77d5b62dac941da6003","isMergeCommit":true,"messageTitle":"Merge branch \u0027master\u0027 into branch-Update-UG","messageBody":"","fileTypesAndContributionMap":{}},{"hash":"5b068f2978f8d16d36507acc1d4d9561bc4f6507","isMergeCommit":true,"messageTitle":"Merge pull request #31 from xyT-T/branch-Update-UG","messageBody":"Update UserGuide: List feature and Delete feature","fileTypesAndContributionMap":{}},{"hash":"8c880c8366497919bdbade7197fe36008a982d08","isMergeCommit":true,"messageTitle":"Merge UserGuide","messageBody":"","fileTypesAndContributionMap":{}},{"hash":"0ae60081c09b15f07f8f6355e7c393e2a7a2bff6","isMergeCommit":true,"messageTitle":"Merge pull request #32 from xyT-T/branch-Update-DG","messageBody":"Update DeveloperGuide with list and delete person","fileTypesAndContributionMap":{}},{"hash":"de8220cfc202eb33d5fc8c37f0da1efbbc33fe79","isMergeCommit":false,"messageTitle":"Update DeveloperGuide","messageBody":"","fileTypesAndContributionMap":{"docs":{"insertions":4,"deletions":4}}},{"hash":"494e1e83bf3d35f6c3d1dde8dcad73acac01bb2e","isMergeCommit":true,"messageTitle":"Merge branch \u0027master\u0027 into branch-Update-DG","messageBody":"","fileTypesAndContributionMap":{}},{"hash":"8bb55d47a9bf79fddbbc8354cd7dd7c63a463dd3","isMergeCommit":true,"messageTitle":"Merge pull request #44 from xyT-T/branch-Update-DG","messageBody":"Update DG","fileTypesAndContributionMap":{}}]},{"date":"2023-10-14","commitResults":[{"hash":"630a971f5e5adf3513772c2c04f89423a90e62fa","isMergeCommit":true,"messageTitle":"Merge branch \u0027master\u0027 into branch-view-tag","messageBody":"","fileTypesAndContributionMap":{}},{"hash":"8078783b6b71a6314c366b4166fdd016c12583b7","isMergeCommit":true,"messageTitle":"Merge pull request #58 from tjch-o/branch-view-tag","messageBody":"View all tags","fileTypesAndContributionMap":{}},{"hash":"48100332ea467a400a771d9e884cd19b454ecc05","isMergeCommit":false,"messageTitle":"Add filter command","messageBody":"","fileTypesAndContributionMap":{"functional-code":{"insertions":165,"deletions":1}}},{"hash":"2e56d0e87a271cd870af3b3cc3ad0043217ff676","isMergeCommit":false,"messageTitle":"Fix style","messageBody":"","fileTypesAndContributionMap":{"functional-code":{"insertions":1,"deletions":1}}},{"hash":"4f6f274ac0aa252ea19b0bbd38b62e5777320dee","isMergeCommit":false,"messageTitle":"Fix style","messageBody":"","fileTypesAndContributionMap":{"functional-code":{"insertions":1,"deletions":1}}},{"hash":"ad9a3ab6bbda287830910aaa9fe79e91a94c9688","isMergeCommit":false,"messageTitle":"Add testcases for FilterCommand and FilterCommandParser","messageBody":"","fileTypesAndContributionMap":{"functional-code":{"insertions":4,"deletions":4},"test-code":{"insertions":175,"deletions":0}}},{"hash":"abcdad2d39aed38e2c89ecc6b1958cd1f83fcc3c","isMergeCommit":false,"messageTitle":"FilterCommandParserTest: Delete unused imports","messageBody":"","fileTypesAndContributionMap":{"test-code":{"insertions":0,"deletions":2}}},{"hash":"063b96b1e98f7f47c55d529dcc8294ddf73ef66f","isMergeCommit":false,"messageTitle":"TagTest: Update testcases","messageBody":"","fileTypesAndContributionMap":{"test-code":{"insertions":2,"deletions":2}}},{"hash":"395e85d5fd9aa63b0e2a72c2c265ef7f03477ee4","isMergeCommit":false,"messageTitle":"Add testcases","messageBody":"","fileTypesAndContributionMap":{"test-code":{"insertions":62,"deletions":0}}},{"hash":"ad722b49aa1266884b410cc0d09563e6cf7a36f3","isMergeCommit":false,"messageTitle":"Fix Style","messageBody":"","fileTypesAndContributionMap":{"test-code":{"insertions":1,"deletions":1}}}]},{"date":"2023-10-15","commitResults":[{"hash":"b3e9eb2968a9c08976213f2c6b102b2a9a1f136e","isMergeCommit":true,"messageTitle":"Merge pull request #62 from xyT-T/branch-Filter","messageBody":"Add filter command","fileTypesAndContributionMap":{}}]},{"date":"2023-10-19","commitResults":[{"hash":"b10a0b0b96fc4eae0af77e18d4a79c6c62faeed1","isMergeCommit":false,"messageTitle":"Stage minor fixes","messageBody":"","fileTypesAndContributionMap":{"functional-code":{"insertions":12,"deletions":2}}},{"hash":"44841c87ef03d13b622caba8049521c4b3a97a24","isMergeCommit":true,"messageTitle":"Merge branch \u0027master\u0027 of https://github.com/xyT-T/tp","messageBody":"","fileTypesAndContributionMap":{}},{"hash":"498f1f1ba9601d5b988c2743ffd248d77e482099","isMergeCommit":false,"messageTitle":"Stage minor fixes","messageBody":"","fileTypesAndContributionMap":{"functional-code":{"insertions":0,"deletions":1}}},{"hash":"12c30308411ca4aaf727d8b59b4be5655b26f2cf","isMergeCommit":true,"messageTitle":"Merge pull request #74 from tjch-o/branch-view-event","messageBody":"Implement view events","fileTypesAndContributionMap":{}},{"hash":"13c75609c06043b8fc626cb7ca0c2156eade138b","isMergeCommit":false,"messageTitle":"Delete additional AddEventCommand class","messageBody":"","fileTypesAndContributionMap":{"functional-code":{"insertions":0,"deletions":71}}},{"hash":"b94ad3bda12816dfd733b612ca68acde042d499c","isMergeCommit":false,"messageTitle":"Add LinkCommand","messageBody":"","fileTypesAndContributionMap":{"functional-code":{"insertions":250,"deletions":5},"other":{"insertions":3,"deletions":1}}},{"hash":"14ab61c28869d42cd97199c79b859834210448b4","isMergeCommit":true,"messageTitle":"Merge branch \u0027master\u0027 of https://github.com/xyT-T/tp","messageBody":"","fileTypesAndContributionMap":{}},{"hash":"59c58623c4ec2631ded4c62853f85062d4624857","isMergeCommit":true,"messageTitle":"Merged with master","messageBody":"","fileTypesAndContributionMap":{}},{"hash":"d4f0d49eaf867188bdcbc10e9ef5ea861ade2b94","isMergeCommit":false,"messageTitle":"Improve displayed result","messageBody":"","fileTypesAndContributionMap":{"functional-code":{"insertions":6,"deletions":7}}},{"hash":"97393fa62203801ab5e8397f1617b0833d6d661e","isMergeCommit":false,"messageTitle":"Fix style","messageBody":"","fileTypesAndContributionMap":{"functional-code":{"insertions":2,"deletions":5}}},{"hash":"38fc8b7242940d5200b7527ef47376de72f8a898","isMergeCommit":false,"messageTitle":"Fix style","messageBody":"","fileTypesAndContributionMap":{"functional-code":{"insertions":2,"deletions":11},"test-code":{"insertions":12,"deletions":0}}},{"hash":"415ab51de738ea2bcf39d4fefa471bfbb39d0d87","isMergeCommit":false,"messageTitle":"Update testcases","messageBody":"","fileTypesAndContributionMap":{"test-code":{"insertions":24,"deletions":0}}}]}],"rionshocker":[{"date":"2023-09-25","commitResults":[{"hash":"eb01a0d655570ade9ef55e3696a022e140229c83","isMergeCommit":false,"messageTitle":"Revert \"Update test\"","messageBody":"This reverts commit be983b55446624c5d7353788c4b93ee1f9800552.\n","fileTypesAndContributionMap":{"test-code":{"insertions":1,"deletions":1}}},{"hash":"7b96fb0f96183d55172938b3b13a408c27b49fce","isMergeCommit":false,"messageTitle":"Revert \"Add a remark command\"","messageBody":"This reverts commit e7704e17201c2875276cea9b58532d44acbcdea7.\n","fileTypesAndContributionMap":{"functional-code":{"insertions":0,"deletions":159},"test-code":{"insertions":0,"deletions":124}}},{"hash":"7968a81a0b96f2ce494ea74a7d409f8fde185e40","isMergeCommit":false,"messageTitle":"Revert \"Add a remark command\"","messageBody":"This reverts commit 6342eedf7a733c524cb9b244be19f4bac98ff6cb.\n","fileTypesAndContributionMap":{"functional-code":{"insertions":18,"deletions":58},"test-code":{"insertions":12,"deletions":29}}}]},{"date":"2023-10-02","commitResults":[{"hash":"d27a32b1f403758e58f2de7886f0b76b91f5d51c","isMergeCommit":false,"messageTitle":"Update README.md and Ui to remove traces of AB3","messageBody":"","fileTypesAndContributionMap":{"docs":{"insertions":5,"deletions":4}}},{"hash":"9e0599306a160c2bfbf92ebb7c5df2982dbec02c","isMergeCommit":false,"messageTitle":"Update README.md","messageBody":"","fileTypesAndContributionMap":{"docs":{"insertions":1,"deletions":1}}}]},{"date":"2023-10-04","commitResults":[{"hash":"7239edab750ce0021a3915370ed3163863e18d71","isMergeCommit":false,"messageTitle":"Update delete tag portion of User Guide","messageBody":"","fileTypesAndContributionMap":{"docs":{"insertions":17,"deletions":2}}},{"hash":"bbab39cd90c2e0d82a633aecb0ab0b5af06051ea","isMergeCommit":false,"messageTitle":"Update developer guide with delete a tag command","messageBody":"","fileTypesAndContributionMap":{"docs":{"insertions":41,"deletions":4}}},{"hash":"b579251831f9c7265be65a737616b9a5b8f4da62","isMergeCommit":false,"messageTitle":"Add a skeletal PPP","messageBody":"","fileTypesAndContributionMap":{"docs":{"insertions":24,"deletions":46}}},{"hash":"82011a2845691dc941e24af13190cdbe1b33229b","isMergeCommit":false,"messageTitle":"Update User Guide","messageBody":"","fileTypesAndContributionMap":{"docs":{"insertions":3,"deletions":3}}},{"hash":"9971b5ab52cc78c1a75259d9a2ff33b09063e769","isMergeCommit":false,"messageTitle":"Update Developer Guide with Delete Tag command","messageBody":"","fileTypesAndContributionMap":{"docs":{"insertions":1,"deletions":1}}},{"hash":"f7d5678d9db4ff4e8d6d39229b1ae3c521091dde","isMergeCommit":false,"messageTitle":"Update developer guide with user story","messageBody":"","fileTypesAndContributionMap":{"docs":{"insertions":1,"deletions":1}}},{"hash":"c48f17890357c6b602447e7553c904546361ebd9","isMergeCommit":false,"messageTitle":"Update AboutUs","messageBody":"","fileTypesAndContributionMap":{"docs":{"insertions":6,"deletions":6}}},{"hash":"8e3d05c916832a0f848e7ec2a55d3f87d9d926ab","isMergeCommit":false,"messageTitle":"Update user guide to remove mentions of address book","messageBody":"","fileTypesAndContributionMap":{"docs":{"insertions":13,"deletions":13}}},{"hash":"6e5fe2b666295bfc96acc20adc99aa156a3a1347","isMergeCommit":false,"messageTitle":"Revert \"Update user guide to remove mentions of address book\"","messageBody":"This reverts commit 8e3d05c916832a0f848e7ec2a55d3f87d9d926ab.\n","fileTypesAndContributionMap":{"docs":{"insertions":13,"deletions":13}}},{"hash":"d168b7ae0f5b8bdfd734097bcae274ea1445782a","isMergeCommit":true,"messageTitle":"Merge branch \u0027AY2324S1-CS2103T-T09-1:master\u0027 into master","messageBody":"","fileTypesAndContributionMap":{}},{"hash":"1a907fba61ce37f8998e18978d6ed61b890c8d39","isMergeCommit":true,"messageTitle":"Merge branch \u0027master\u0027 into update-ug","messageBody":"","fileTypesAndContributionMap":{}},{"hash":"5fab446e7259a3f26c51437ed2c9d15f3444d248","isMergeCommit":true,"messageTitle":"Merge branch \u0027master\u0027 into update-readme","messageBody":"","fileTypesAndContributionMap":{}},{"hash":"8171a83619a9a9d68ebd344edfd18dfcb5020ccb","isMergeCommit":true,"messageTitle":"Merge branch \u0027master\u0027 into update-dg","messageBody":"","fileTypesAndContributionMap":{}},{"hash":"781f4b694d3820c3b5dbf1e357d1a004c157a7be","isMergeCommit":true,"messageTitle":"Merge branch \u0027master\u0027 into update-aboutus","messageBody":"","fileTypesAndContributionMap":{}},{"hash":"e6efc2c97d38ce5176f7ab85dbdef8f53f9e6193","isMergeCommit":true,"messageTitle":"Merge branch \u0027master\u0027 into add-ppp","messageBody":"","fileTypesAndContributionMap":{}},{"hash":"2d9165a5d32847d5cec5e1e01860cda29ccafc53","isMergeCommit":true,"messageTitle":"Merge branch \u0027update-readme\u0027 into update-ug","messageBody":"","fileTypesAndContributionMap":{}},{"hash":"0e11ed49828df487754b0977b14f341bc8b7c85b","isMergeCommit":true,"messageTitle":"Merge branch \u0027update-readme\u0027 into update-dg","messageBody":"","fileTypesAndContributionMap":{}},{"hash":"87626f95e0ab0c136c0e2bf4f36719f4c190c138","isMergeCommit":true,"messageTitle":"Merge branch \u0027update-readme\u0027 into update-aboutus","messageBody":"","fileTypesAndContributionMap":{}},{"hash":"d397c5944f1fc648b2ee11548e6141ef3680f4c8","isMergeCommit":false,"messageTitle":"Update user guide","messageBody":"","fileTypesAndContributionMap":{"docs":{"insertions":2,"deletions":2}}},{"hash":"85de938175c71caadb92b23f96b27f6c4177704f","isMergeCommit":true,"messageTitle":"Merge branch \u0027master\u0027 into update-aboutus","messageBody":"# Conflicts:\n#\tdocs/AboutUs.md\n","fileTypesAndContributionMap":{}},{"hash":"29dea4183651555fd2d9fe742e995fa83c697f10","isMergeCommit":true,"messageTitle":"Merge branch \u0027update-aboutus\u0027 into update-dg","messageBody":"","fileTypesAndContributionMap":{}},{"hash":"0662d3aebeb2b1f0e0f31762eb4ff71c99f362d8","isMergeCommit":true,"messageTitle":"Merge branch \u0027update-aboutus\u0027 into update-ug","messageBody":"","fileTypesAndContributionMap":{}},{"hash":"c3af484a0a2234dc3190bc9260b3d6ff5af34613","isMergeCommit":true,"messageTitle":"Merge pull request #42 from Khaleelur-Rahman/update-DG","messageBody":"Update DG to include add tags","fileTypesAndContributionMap":{}}]},{"date":"2023-10-05","commitResults":[{"hash":"4801f105f620eb504bfbcca68e499602e445aa7c","isMergeCommit":false,"messageTitle":"Update README.md to remove traces of AB3","messageBody":"","fileTypesAndContributionMap":{"docs":{"insertions":0,"deletions":1}}},{"hash":"6683d133e8c8ef2c244be4e12c91200386e3d779","isMergeCommit":true,"messageTitle":"Merge pull request #45 from rionshocker/update-readme","messageBody":"Update README.md to remove traces of AB3","fileTypesAndContributionMap":{}},{"hash":"3c7c901dba5fc6d5b821ab46178e468143619fa8","isMergeCommit":false,"messageTitle":"Update index.md","messageBody":"","fileTypesAndContributionMap":{"docs":{"insertions":4,"deletions":4}}},{"hash":"ff2248ef8638d2862a9cf01de2dd8f83a32786d1","isMergeCommit":false,"messageTitle":"Update index.md","messageBody":"","fileTypesAndContributionMap":{"docs":{"insertions":1,"deletions":1}}},{"hash":"8fb9340ed9e90f74a36cd97a431d9a9a317cbab7","isMergeCommit":false,"messageTitle":"Update README.md to remove traces of AB3","messageBody":"","fileTypesAndContributionMap":{"docs":{"insertions":6,"deletions":7}}},{"hash":"ea2262b93080342ed24e34fd5120539df436678e","isMergeCommit":false,"messageTitle":"Update Developer Guide and User Guide with style corrections","messageBody":"","fileTypesAndContributionMap":{"docs":{"insertions":9,"deletions":10}}},{"hash":"c3643655690411beabcb0136830eb90e18d16d1c","isMergeCommit":true,"messageTitle":"Merge pull request #46 from rionshocker/update-readme","messageBody":"Update README.md","fileTypesAndContributionMap":{}}]},{"date":"2023-10-13","commitResults":[{"hash":"15ad78a410d55671ee5cc16d52d4da93af0ae95c","isMergeCommit":false,"messageTitle":"Add the delete_tag feature alongside tests","messageBody":"","fileTypesAndContributionMap":{"functional-code":{"insertions":133,"deletions":1},"test-code":{"insertions":252,"deletions":0}}},{"hash":"ce3cb3636a69c1826757b0d74b77ff7263fd696d","isMergeCommit":false,"messageTitle":"Fix style errors","messageBody":"","fileTypesAndContributionMap":{"functional-code":{"insertions":2,"deletions":1},"test-code":{"insertions":2,"deletions":2}}},{"hash":"9547aee1aebd23b77618387e0dedd3a8fb68690d","isMergeCommit":false,"messageTitle":"Fix style errors","messageBody":"","fileTypesAndContributionMap":{"functional-code":{"insertions":1,"deletions":2}}},{"hash":"3f16e4690ceaebb393f0bdfafd77896376b326ea","isMergeCommit":false,"messageTitle":"Fix checkstyle errors","messageBody":"","fileTypesAndContributionMap":{"test-code":{"insertions":3,"deletions":3}}},{"hash":"44b734286c42b37c1065597238877ca79d15180a","isMergeCommit":false,"messageTitle":"Update tests","messageBody":"","fileTypesAndContributionMap":{"functional-code":{"insertions":1,"deletions":1},"test-code":{"insertions":3,"deletions":2}}},{"hash":"76f046891abd979ad0c70be53e075c0c58be21be","isMergeCommit":false,"messageTitle":"Update tests","messageBody":"","fileTypesAndContributionMap":{"test-code":{"insertions":6,"deletions":4}}},{"hash":"3a386e9a7bc4b8aded171b1f12b5a327efddce76","isMergeCommit":false,"messageTitle":"Update tests","messageBody":"","fileTypesAndContributionMap":{"test-code":{"insertions":2,"deletions":2}}},{"hash":"54cef40a894b5e4d574b36e9eca9d116abaf09e7","isMergeCommit":false,"messageTitle":"Update tests","messageBody":"","fileTypesAndContributionMap":{"test-code":{"insertions":5,"deletions":4}}},{"hash":"69ee8be5e8a5caf287417dee8bd533c05f44c5b1","isMergeCommit":false,"messageTitle":"Update test for DeleteTagCommandParser","messageBody":"","fileTypesAndContributionMap":{"test-code":{"insertions":2,"deletions":1}}},{"hash":"e5a1d4d48af8502b7989c3a210eb76f38067b7ea","isMergeCommit":false,"messageTitle":"Update tests for parser","messageBody":"","fileTypesAndContributionMap":{"functional-code":{"insertions":1,"deletions":1},"test-code":{"insertions":1,"deletions":1}}},{"hash":"46f568ccaf6bc51d09457667d970d425c1de9499","isMergeCommit":false,"messageTitle":"Include relevant tests for deleting a tag","messageBody":"","fileTypesAndContributionMap":{"test-code":{"insertions":38,"deletions":0}}},{"hash":"43e609cf9ace655d6bc616ba32f7b21a8d7a02c9","isMergeCommit":false,"messageTitle":"Fix style issue","messageBody":"","fileTypesAndContributionMap":{"test-code":{"insertions":1,"deletions":1}}},{"hash":"6ef136580884962198821f812592f56a8474dd0a","isMergeCommit":false,"messageTitle":"Fix exception","messageBody":"","fileTypesAndContributionMap":{"test-code":{"insertions":1,"deletions":1}}},{"hash":"58d54ab51b8a1080de643ebe3381d9201ad73e6d","isMergeCommit":false,"messageTitle":"Update delete a tag feature to delete tags that are being used by contacts","messageBody":"","fileTypesAndContributionMap":{"functional-code":{"insertions":25,"deletions":0},"test-code":{"insertions":19,"deletions":0}}},{"hash":"d634ab8ddb6afa72180493ceb440c988e64f4984","isMergeCommit":false,"messageTitle":"Fix checkstyle errors","messageBody":"","fileTypesAndContributionMap":{"functional-code":{"insertions":6,"deletions":2}}}]},{"date":"2023-10-14","commitResults":[{"hash":"de0f0712ef9b33ff05bb0c225791e25aff038301","isMergeCommit":true,"messageTitle":"Merge pull request #60 from Khaleelur-Rahman/branch-add-tag-test","messageBody":"Test cases for add tag","fileTypesAndContributionMap":{}},{"hash":"442f0745a0e1e9529e8415909013083df3f0348e","isMergeCommit":false,"messageTitle":"Update commit","messageBody":"","fileTypesAndContributionMap":{"functional-code":{"insertions":1,"deletions":1}}},{"hash":"01c44f9b86320dc2a24700127dab026bfcd6ed32","isMergeCommit":true,"messageTitle":"Merge branch \u0027master\u0027 of https://github.com/rionshocker/tp","messageBody":"","fileTypesAndContributionMap":{}},{"hash":"9a4278817a778493cd542fc48d2c85950cc8bdb3","isMergeCommit":true,"messageTitle":"Resolve merge conflicts","messageBody":"","fileTypesAndContributionMap":{}},{"hash":"a5e3dd417775239689ec6eab7aa643a9356b84e4","isMergeCommit":false,"messageTitle":"Update tests to include deleting a tag","messageBody":"","fileTypesAndContributionMap":{"test-code":{"insertions":41,"deletions":21}}}]},{"date":"2023-10-15","commitResults":[{"hash":"a557500e858be738746b1174194b477b409d6bac","isMergeCommit":true,"messageTitle":"Merge pull request #63 from tjch-o/branch-view-tag","messageBody":"Minor improvement to UI","fileTypesAndContributionMap":{}}]},{"date":"2023-10-18","commitResults":[{"hash":"e0cf0ab9d34da05bbe7398a84a02567c52a2aeb1","isMergeCommit":true,"messageTitle":"Merge pull request #71 from Khaleelur-Rahman/branch-add-tag-test","messageBody":"Add test cases to improve code coverage","fileTypesAndContributionMap":{}},{"hash":"80564046103ff599c3ce0cf7d91287a06ec34f15","isMergeCommit":false,"messageTitle":"Update UI with placeholder for events list (tag list for now)","messageBody":"","fileTypesAndContributionMap":{"functional-code":{"insertions":166,"deletions":9}}},{"hash":"d2ba5c0a0216bce5c5ed9e1dad95bfcbbbb48887","isMergeCommit":false,"messageTitle":"Correct style errors alongside javadocs comments","messageBody":"","fileTypesAndContributionMap":{"functional-code":{"insertions":17,"deletions":9}}},{"hash":"fec7027bc4a163837149ce4aebb4b26b2f53fd65","isMergeCommit":false,"messageTitle":"Fix no newline at EOF","messageBody":"","fileTypesAndContributionMap":{"functional-code":{"insertions":1,"deletions":2}}}]},{"date":"2023-10-19","commitResults":[{"hash":"74e829682d6e12869609306afc073a807121011f","isMergeCommit":true,"messageTitle":"Merge pull request #75 from xyT-T/branch-Link","messageBody":"Add LinkCommand","fileTypesAndContributionMap":{}}]}],"tjch-o":[{"date":"2023-09-27","commitResults":[{"hash":"4fbe561d1537fc01ecdbfebd54d8acb0023c5428","isMergeCommit":false,"messageTitle":"Revert \"Add remark command\"","messageBody":"This reverts commit eaf46306aae5540e7d03a44898de7abe0bcbe13d.\n","fileTypesAndContributionMap":{"functional-code":{"insertions":1,"deletions":139}}}]},{"date":"2023-10-04","commitResults":[{"hash":"305365f828d226a6fffab4e4a348143a936381aa","isMergeCommit":false,"messageTitle":"Update view tag portion of User Guide","messageBody":"","fileTypesAndContributionMap":{"docs":{"insertions":7,"deletions":1}}},{"hash":"9086617cbce3b02e2c821dd11dae9c7234f276e8","isMergeCommit":false,"messageTitle":"Add a skeletal PPP","messageBody":"","fileTypesAndContributionMap":{"docs":{"insertions":24,"deletions":46}}},{"hash":"e81795fd69d728954e7a43c2eb7fda6bbd85e91a","isMergeCommit":false,"messageTitle":"Update Developer Guide","messageBody":"","fileTypesAndContributionMap":{"docs":{"insertions":13,"deletions":4}}},{"hash":"8dbf0ce246e364651123d9065849f09098683b72","isMergeCommit":false,"messageTitle":"Update AboutUs.md","messageBody":"","fileTypesAndContributionMap":{"docs":{"insertions":6,"deletions":6}}},{"hash":"4a042944179d568683ebe6dc681342c05fe391ee","isMergeCommit":true,"messageTitle":"Merge branch \u0027AY2324S1-CS2103T-T09-1:master\u0027 into master","messageBody":"","fileTypesAndContributionMap":{}},{"hash":"5f3a1ebc5f86bb0728bf8a8ee6fce0316e82ffd4","isMergeCommit":true,"messageTitle":"Merge branch \u0027AY2324S1-CS2103T-T09-1:master\u0027 into master","messageBody":"","fileTypesAndContributionMap":{}},{"hash":"fa00507de70f7cf1cf1656f65aa50b1cc49511be","isMergeCommit":true,"messageTitle":"Merge branch \u0027master\u0027 into about-us","messageBody":"","fileTypesAndContributionMap":{}},{"hash":"87ec6413a4c26d3a9d24c89ee20cd79e119c23c4","isMergeCommit":true,"messageTitle":"Merge pull request #37 from tjch-o/about-us","messageBody":"Update AboutUs","fileTypesAndContributionMap":{}},{"hash":"499f8bb918211eb79d482c03872365885cacb443","isMergeCommit":true,"messageTitle":"Merge branch \u0027master\u0027 into update-ug","messageBody":"","fileTypesAndContributionMap":{}},{"hash":"b341845a0bd4b6d419cb2147a33fcb92c5412062","isMergeCommit":true,"messageTitle":"Merge branch \u0027master\u0027 into update-dg","messageBody":"","fileTypesAndContributionMap":{}},{"hash":"cc29264f85f194230cfde466f4fa1924f75e6ee7","isMergeCommit":true,"messageTitle":"Merge pull request #27 from tjch-o/update-ug","messageBody":"Update UG to add view_tag portion","fileTypesAndContributionMap":{}},{"hash":"d5c5a9e989e918c6e872667bcfe0e9e22426b0aa","isMergeCommit":true,"messageTitle":"Merge pull request #36 from tjch-o/update-dg","messageBody":"Update DG to include view all tags ","fileTypesAndContributionMap":{}}]},{"date":"2023-10-12","commitResults":[{"hash":"27055f75537b38f970ceeebdc29bcd69db77f7e3","isMergeCommit":true,"messageTitle":"Merge pull request #53 from Khaleelur-Rahman/branch-add-tag","messageBody":"Add a tag","fileTypesAndContributionMap":{}}]},{"date":"2023-10-13","commitResults":[{"hash":"8561c66d1addbac8c15023549f892bf5a4cf549d","isMergeCommit":false,"messageTitle":"Add view_tags command","messageBody":"","fileTypesAndContributionMap":{"functional-code":{"insertions":170,"deletions":3}}},{"hash":"b0d1b76ce473b4060adf1db27094da555558a084","isMergeCommit":false,"messageTitle":"Attempt at fixing bug for view_tags command","messageBody":"","fileTypesAndContributionMap":{"functional-code":{"insertions":33,"deletions":2},"docs":{"insertions":5,"deletions":5}}},{"hash":"878cb2272386c7d9e133bea1899abe64191bc6cf","isMergeCommit":false,"messageTitle":"Implement conditional rendering of tag list","messageBody":"","fileTypesAndContributionMap":{"functional-code":{"insertions":19,"deletions":18}}},{"hash":"f7ea0154acd5f5413c480b9fed166b9921210ca4","isMergeCommit":false,"messageTitle":"Fix stylecheck errors","messageBody":"","fileTypesAndContributionMap":{"functional-code":{"insertions":4,"deletions":4}}},{"hash":"3c9b4f997e789a445c602c66089e4232129ec6d1","isMergeCommit":false,"messageTitle":"Fix even more stylecheck errors","messageBody":"","fileTypesAndContributionMap":{"functional-code":{"insertions":6,"deletions":3}}},{"hash":"1581d33334059465bbd34c8a667aa3bd65c895ff","isMergeCommit":false,"messageTitle":"Fix minor stylecheck error","messageBody":"","fileTypesAndContributionMap":{"functional-code":{"insertions":0,"deletions":1}}},{"hash":"cefb559edb0909e4c7928711941ec37d7267b998","isMergeCommit":false,"messageTitle":"Add test cases","messageBody":"","fileTypesAndContributionMap":{"functional-code":{"insertions":1,"deletions":2},"test-code":{"insertions":40,"deletions":0}}},{"hash":"923432c3fc248df20615bba0c5be52408e224491","isMergeCommit":false,"messageTitle":"Fix stylecheck errors","messageBody":"","fileTypesAndContributionMap":{"test-code":{"insertions":0,"deletions":2}}},{"hash":"4dc33ec29c61e9ee0e9323b8ea198cf04eda5f68","isMergeCommit":false,"messageTitle":"Add test case for Logic Manager","messageBody":"","fileTypesAndContributionMap":{"test-code":{"insertions":5,"deletions":0}}}]},{"date":"2023-10-14","commitResults":[{"hash":"e1d7f5715a5c2bc4b78abe252f27bc6085913320","isMergeCommit":false,"messageTitle":"Update title of application","messageBody":"","fileTypesAndContributionMap":{"functional-code":{"insertions":1,"deletions":1}}},{"hash":"44db7cd4314e76627ec31744164dfd347336b2dc","isMergeCommit":false,"messageTitle":"Update app icon","messageBody":"","fileTypesAndContributionMap":{"functional-code":{"insertions":2,"deletions":2}}},{"hash":"5a1f5b6e28db68d63502c028f33e996e3fed069d","isMergeCommit":false,"messageTitle":"Fix result display not working when given a successful command bug","messageBody":"","fileTypesAndContributionMap":{"functional-code":{"insertions":1,"deletions":1}}},{"hash":"466529b5b6407af51cd5b8df82c46212235cca77","isMergeCommit":false,"messageTitle":"Fix stylecheck errors","messageBody":"","fileTypesAndContributionMap":{"functional-code":{"insertions":1,"deletions":1},"docs":{"insertions":0,"deletions":1}}},{"hash":"4fbef399ef1bb6641cc239fe2035b8a74f5b18e5","isMergeCommit":false,"messageTitle":"Update test case for image","messageBody":"","fileTypesAndContributionMap":{"test-code":{"insertions":1,"deletions":1}}}]},{"date":"2023-10-18","commitResults":[{"hash":"581f3d2be85cf04f5d344c9a89a56507f05c0822","isMergeCommit":true,"messageTitle":"Merge pull request #72 from rionshocker/branch-update-ui","messageBody":"Update UI with placeholder for events list","fileTypesAndContributionMap":{}}]},{"date":"2023-10-19","commitResults":[{"hash":"cf65a9e962263d58931b66120105d28e1b510049","isMergeCommit":false,"messageTitle":"Implement view events command","messageBody":"","fileTypesAndContributionMap":{"functional-code":{"insertions":307,"deletions":11}}},{"hash":"de6cd0ba86c05fb24fad2c8de2e4275f6d136e24","isMergeCommit":false,"messageTitle":"Fix bug where events panel does not render","messageBody":"","fileTypesAndContributionMap":{"functional-code":{"insertions":11,"deletions":6}}},{"hash":"6e82b7e60e732b92878bd09da4eeb7a30802df6d","isMergeCommit":false,"messageTitle":"Fix stylecheck errors","messageBody":"","fileTypesAndContributionMap":{"functional-code":{"insertions":2,"deletions":2}}}]}]},"authorFileTypeContributionMap":{"vijay-shankaranand":{"docs":51,"functional-code":906,"test-code":218},"Khaleelur-Rahman":{"docs":159,"functional-code":468,"test-code":895},"xyT-T":{"docs":53,"functional-code":410,"test-code":273},"rionshocker":{"docs":57,"functional-code":330,"test-code":325},"tjch-o":{"docs":41,"functional-code":514,"test-code":44}},"authorContributionVariance":{"vijay-shankaranand":42556.93,"Khaleelur-Rahman":123283.87,"xyT-T":11678.052,"rionshocker":16473.176,"tjch-o":7860.995},"authorDisplayNameMap":{"vijay-shankaranand":"CS2103T-T09-1 VIJA..NAND","Khaleelur-Rahman":"CS2103T-T09-1 KHAL..HMAN","xyT-T":"CS2103T-T09-1 TONG..NYAO","rionshocker":"CS2103T-T09-1 JARY..HONG","tjch-o":"CS2103T-T09-1 CHOO.. JIE"}}
