{"authorDailyContributionsMap":{"Weiennn":[{"date":"2023-09-24","commitResults":[{"hash":"6b3e1798fb760b8c1eb8aef805d13c0535d4ad16","isMergeCommit":false,"messageTitle":"Update Picture and Name for AboutUs","messageBody":"","fileTypesAndContributionMap":{"docs":{"insertions":3,"deletions":3}}},{"hash":"b41be586c0fdb2bd69adf512025743a1c5dd0aad","isMergeCommit":true,"messageTitle":"Merge pull request #14 from Goh-Li-Ting/branch-AboutUs","messageBody":"Add picture and update about us","fileTypesAndContributionMap":{}},{"hash":"a80e9aaa8cfd246e3f15854b8217aba7e8698a66","isMergeCommit":true,"messageTitle":"Merge pull request #16 from ricketytoc/master","messageBody":"Add profile picture into /docs/images/ricketytoc.png","fileTypesAndContributionMap":{}},{"hash":"63e08ad1a23a4352826c11c83f708383f94a3269","isMergeCommit":false,"messageTitle":"Change file format for About us","messageBody":"","fileTypesAndContributionMap":{"docs":{"insertions":1,"deletions":1}}},{"hash":"3f2bb879864ee688759886c042405f7f693c928d","isMergeCommit":true,"messageTitle":"Merge pull request #19 from aexolate/branch-AboutUs-YK","messageBody":"Update profile photo filename","fileTypesAndContributionMap":{}},{"hash":"4283eb98f50e380f8d33986db5ad274059d99a28","isMergeCommit":true,"messageTitle":"Merge branch \u0027master\u0027 of https://github.com/AY2324S1-CS2103T-T14-1/tp into About-Us-HuangWeiEn","messageBody":"","fileTypesAndContributionMap":{}},{"hash":"31a2bb2c4618d1409180dd68741934b564671f6c","isMergeCommit":true,"messageTitle":"Merge pull request #21 from Goh-Li-Ting/branch-AboutUs","messageBody":"Change image names","fileTypesAndContributionMap":{}},{"hash":"4bd12eea266d2a8c7fa98c08d99397d2b8357f9a","isMergeCommit":true,"messageTitle":"Merge branch \u0027master\u0027 of https://github.com/AY2324S1-CS2103T-T14-1/tp into About-Us-HuangWeiEn","messageBody":"","fileTypesAndContributionMap":{}}]},{"date":"2023-09-28","commitResults":[{"hash":"e19d04f699ea423b97c75fa38873cd2d34428ebd","isMergeCommit":false,"messageTitle":"Add skeletal PPP","messageBody":"","fileTypesAndContributionMap":{"docs":{"insertions":33,"deletions":0}}},{"hash":"610f6e930d5611ba4764849693069faaba99f990","isMergeCommit":false,"messageTitle":"Change portfolio link in About Us","messageBody":"","fileTypesAndContributionMap":{"docs":{"insertions":1,"deletions":1}}},{"hash":"8ba39cb8d20ed33aa679a9cf5b0073d6bfd0d8db","isMergeCommit":true,"messageTitle":"Merge pull request #28 from Weiennn/skeletal-PPP","messageBody":"Skeletal ppp","fileTypesAndContributionMap":{}},{"hash":"0c81476d44e30807ebb1af2e1dd1eff6642acc45","isMergeCommit":true,"messageTitle":"Merge pull request #26 from Goh-Li-Ting/branch-Project-Portfolio-Page","messageBody":"Add Li Ting\u0027s skeletal project portfolio page","fileTypesAndContributionMap":{}},{"hash":"faffe3223ef15ecb9f83477b58fe481ada4047df","isMergeCommit":true,"messageTitle":"Merge pull request #25 from ricketytoc/ricketytoc-ppp","messageBody":"Ricketytoc skeletal ppp","fileTypesAndContributionMap":{}}]},{"date":"2023-09-30","commitResults":[{"hash":"86e5840daa520885bee446cf2df918186228fd09","isMergeCommit":false,"messageTitle":"Add ReadMe Introduction","messageBody":"","fileTypesAndContributionMap":{"docs":{"insertions":13,"deletions":2}}},{"hash":"346cbbf38ada4a09ef838c3382a0d405d616077b","isMergeCommit":false,"messageTitle":"Update DG with more User Stories","messageBody":"","fileTypesAndContributionMap":{"docs":{"insertions":16,"deletions":9}}},{"hash":"1fb35aaa6dc01786ba8c5f0daf523fea0dcce5a7","isMergeCommit":false,"messageTitle":"Update DG feature section list command","messageBody":"","fileTypesAndContributionMap":{"docs":{"insertions":10,"deletions":5}}}]},{"date":"2023-10-01","commitResults":[{"hash":"a48c59d26cd561f1a00f211674baeb35761956ee","isMergeCommit":true,"messageTitle":"Merge pull request #41 from Goh-Li-Ting/branch-Ui-mockup","messageBody":"Change UI mockup","fileTypesAndContributionMap":{}},{"hash":"db59dcbf77711056731e9b45d1c164752aee3382","isMergeCommit":true,"messageTitle":"Merge pull request #54 from Goh-Li-Ting/branch-User-Guide","messageBody":"Update user guide introduction and quick start","fileTypesAndContributionMap":{}},{"hash":"bae5920ce105c2dda623ac7cdf2dccf266991cc3","isMergeCommit":true,"messageTitle":"Merge pull request #66 from Chen-Kuei/branch-update-DG-NFRs-glossary","messageBody":"Update DG - NFRs, glossary","fileTypesAndContributionMap":{}},{"hash":"88fa061220dc80490434838a9d2892ffa4f55d5b","isMergeCommit":false,"messageTitle":"Merge User Stories","messageBody":"","fileTypesAndContributionMap":{"docs":{"insertions":35,"deletions":0}}},{"hash":"b46bb3228512553cc7face0f50082c9a61544208","isMergeCommit":false,"messageTitle":"Fix formatting for User Story","messageBody":"","fileTypesAndContributionMap":{"docs":{"insertions":0,"deletions":20}}},{"hash":"e7931e32d91a020980b0ae51af7c5c9004c05f58","isMergeCommit":true,"messageTitle":"Merge conflicts for User stories","messageBody":"","fileTypesAndContributionMap":{}},{"hash":"3686c9ac0e6506c0cf96591fba95ed3806f7e402","isMergeCommit":true,"messageTitle":"Merge pull request #55 from Goh-Li-Ting/branch-Developer-Guide","messageBody":"Update developer guide use cases","fileTypesAndContributionMap":{}},{"hash":"42bdae24cfe7571ee06883275a072276d8e8665d","isMergeCommit":true,"messageTitle":"Merge pull request #73 from Goh-Li-Ting/branch-index-md","messageBody":"Update index.md","fileTypesAndContributionMap":{}},{"hash":"0cd828342616eeba86f775f538d83d85ac8e2dba","isMergeCommit":false,"messageTitle":"Update AboutUs Roles and Responsibilities","messageBody":"","fileTypesAndContributionMap":{"docs":{"insertions":10,"deletions":9}}}]},{"date":"2023-10-02","commitResults":[{"hash":"00de0c410d94e631ee3c656741fcb8b2e59896de","isMergeCommit":true,"messageTitle":"Merge pull request #76 from Chen-Kuei/branch-update-DG-NFRs-glossary","messageBody":"Update DG - glossary","fileTypesAndContributionMap":{}},{"hash":"f1bad57e6744af88c5c054622d325edb8f3b330c","isMergeCommit":true,"messageTitle":"Merge pull request #68 from Goh-Li-Ting/tutorial-safely-deleting-address","messageBody":"Remove address","fileTypesAndContributionMap":{}},{"hash":"7eedef1d8fac416fc1cb057ebc5ce337e5900872","isMergeCommit":false,"messageTitle":"Add department field","messageBody":"","fileTypesAndContributionMap":{"functional-code":{"insertions":160,"deletions":20},"test-code":{"insertions":262,"deletions":62}}}]}],"ricketytoc":[{"date":"2023-09-24","commitResults":[{"hash":"e4a3a7b051a19b058b3c13d149a5b1249bd70834","isMergeCommit":false,"messageTitle":"Change the details in the aboutUs.md","messageBody":"","fileTypesAndContributionMap":{"docs":{"insertions":3,"deletions":3}}},{"hash":"695fc94d1e4452137d01d6e539883dda79beb35d","isMergeCommit":true,"messageTitle":"Merge branch \u0027AY2324S1-CS2103T-T14-1:master\u0027 into master","messageBody":"","fileTypesAndContributionMap":{}},{"hash":"7b33bd4b4c745c1b32875496ca4ddc2d1cc923f8","isMergeCommit":true,"messageTitle":"Merge branch \u0027master\u0027 of https://github.com/ricketytoc/tp","messageBody":"* \u0027master\u0027 of https://github.com/ricketytoc/tp:\n  Update About Us\n  Update Picture and Name for AboutUs\n  Add picture and update about us\n  update AboutUs\n  Add files via upload\n  Add Codecov Badge to README\n  Update README.md\n","fileTypesAndContributionMap":{}},{"hash":"9c3d3b93a10c47e454c5d520305829922c28f22c","isMergeCommit":true,"messageTitle":"Merge branch \u0027master\u0027 of https://github.com/ricketytoc/tp","messageBody":"* \u0027master\u0027 of https://github.com/ricketytoc/tp:\n  Change file format for About us\n  Update profile photo filename\n  update picture name\n","fileTypesAndContributionMap":{}},{"hash":"147923d0187dd84d3941d979e26211d8cdc2a1e9","isMergeCommit":true,"messageTitle":"Merge branch \u0027AY2324S1-CS2103T-T14-1:master\u0027 into master","messageBody":"","fileTypesAndContributionMap":{}},{"hash":"75d68768949919592f4ce4061ef407249e9da00a","isMergeCommit":true,"messageTitle":"Merge branch \u0027master\u0027 of https://github.com/ricketytoc/tp","messageBody":"* \u0027master\u0027 of https://github.com/ricketytoc/tp:\n  Delete unused image\n  Change image name and delete unused image\n  Change image name\n","fileTypesAndContributionMap":{}}]},{"date":"2023-09-28","commitResults":[{"hash":"7744c331adbe159734e8b7b7ecc5525db2d5ea3a","isMergeCommit":false,"messageTitle":"Add skeletal ppp","messageBody":"","fileTypesAndContributionMap":{"docs":{"insertions":8,"deletions":0}}},{"hash":"99856c8ef7c4d7767f3f68398d5585e93877cf68","isMergeCommit":false,"messageTitle":"Change portfolio link to refer to rickeytoc.md file","messageBody":"","fileTypesAndContributionMap":{"docs":{"insertions":28,"deletions":3}}},{"hash":"c58bf0e886aaeae0aeb81d28a9415ca78d85c062","isMergeCommit":true,"messageTitle":"Merge branch \u0027AY2324S1-CS2103T-T14-1:master\u0027 into master","messageBody":"","fileTypesAndContributionMap":{}},{"hash":"74d50353946f9edb37562e84463bb5c034808c9c","isMergeCommit":true,"messageTitle":"Merge branch \u0027AY2324S1-CS2103T-T14-1:master\u0027 into ricketytoc-ppp","messageBody":"","fileTypesAndContributionMap":{}},{"hash":"0fbbc1edae521d8b531d30a3fcaebbe13d7a33a8","isMergeCommit":false,"messageTitle":"Removed Li Ting\u0027s Reposense link","messageBody":"","fileTypesAndContributionMap":{"docs":{"insertions":1,"deletions":1}}},{"hash":"7490ce62d8954d8e61b83f91c1ca6aabcf1218a1","isMergeCommit":true,"messageTitle":"Merge branch \u0027ricketytoc-ppp\u0027 of https://github.com/ricketytoc/tp into ricketytoc-ppp","messageBody":"* \u0027ricketytoc-ppp\u0027 of https://github.com/ricketytoc/tp:\n  Change portfolio link in About Us\n  Add skeletal PPP\n  Add skeletal PPP\n  Add skeletal project portfolio page\n","fileTypesAndContributionMap":{}},{"hash":"07819a4f83c18d044baa748616046cf696156bb8","isMergeCommit":true,"messageTitle":"Merge branch \u0027AY2324S1-CS2103T-T14-1:master\u0027 into master","messageBody":"","fileTypesAndContributionMap":{}},{"hash":"1b38912156bd18a306d8198e65df34416f1713b0","isMergeCommit":false,"messageTitle":"Add reposense link","messageBody":"","fileTypesAndContributionMap":{"docs":{"insertions":1,"deletions":1}}},{"hash":"2cd8752fce06d0d66157dba618a17600576a0659","isMergeCommit":true,"messageTitle":"Merge branch \u0027master\u0027 of https://github.com/AY2324S1-CS2103T-T14-1/tp","messageBody":"* \u0027master\u0027 of https://github.com/AY2324S1-CS2103T-T14-1/tp:\n  Add reposense link\n  Update PPP\n  Removed Li Ting\u0027s Reposense link\n  Change portfolio link to refer to rickeytoc.md file\n  Update PPP\n  Change portfolio link in About Us\n  Chen Kuei\u0027s skeletal PPP\n  Chen Kuei skeletal PPP\n  Add skeletal PPP\n  Add skeletal PPP\n  Add skeletal project portfolio page\n  Add skeletal ppp\n","fileTypesAndContributionMap":{}},{"hash":"b29aadd617865d0cb3c0cc6ba507e19d3cc475cd","isMergeCommit":true,"messageTitle":"Merge branch \u0027master\u0027 of https://github.com/ricketytoc/tp","messageBody":"* \u0027master\u0027 of https://github.com/ricketytoc/tp:\n","fileTypesAndContributionMap":{}}]},{"date":"2023-09-30","commitResults":[{"hash":"ffe5b11763b8ed27f747b310b5134f36e4bf9704","isMergeCommit":false,"messageTitle":"Add the user guide for the add feature of the UserGuide.md file.","messageBody":"","fileTypesAndContributionMap":{"docs":{"insertions":34,"deletions":18}}}]},{"date":"2023-10-01","commitResults":[{"hash":"c93aacd15c124a2fbde51cbd8a7fb9dfe031c538","isMergeCommit":false,"messageTitle":"Add README explanation.","messageBody":"","fileTypesAndContributionMap":{"docs":{"insertions":5,"deletions":4}}},{"hash":"3450ac4141ced0828d9b7cbeba5d177e34188001","isMergeCommit":false,"messageTitle":"Add last 15 user stories","messageBody":"","fileTypesAndContributionMap":{"docs":{"insertions":18,"deletions":9}}},{"hash":"393eb0e19661eff2cd71a722c31e61aba1812f2c","isMergeCommit":false,"messageTitle":"Update the format for writing add commands in the user guide.","messageBody":"","fileTypesAndContributionMap":{"docs":{"insertions":7,"deletions":7}}},{"hash":"79d74052537ed9f29da9b54af77851f47ea04d14","isMergeCommit":true,"messageTitle":"Merge pull request #59 from Weiennn/Update-UG-ListCommand","messageBody":"Update UG feature section list command","fileTypesAndContributionMap":{}},{"hash":"4651f0b0c9b08f03674e0b150e0730e1e78aa2a8","isMergeCommit":true,"messageTitle":"Merge branch \u0027master\u0027 of https://github.com/AY2324S1-CS2103T-T14-1/tp","messageBody":"* \u0027master\u0027 of https://github.com/AY2324S1-CS2103T-T14-1/tp:\n  Update the format for writing add commands in the user guide.\n  Update example commands in quick start\n  Add last 15 user stories\n  Add README explanation.\n  Update user guide for delete command\n  Add the user guide for the add feature of the UserGuide.md file.\n  Update user profile and value proposition\n  Update DG feature section list command\n  Add acknowledgement to README\n  Add ReadMe Introduction\n  Update user guide quick start\n  Update user guide introduction\n  Change UI mockup\n","fileTypesAndContributionMap":{}},{"hash":"d0f966f70bf69c920f4193297f22e9d0b224ee4f","isMergeCommit":true,"messageTitle":"Merge pull request #57 from Weiennn/Update-DG-UserStory1","messageBody":"Update DG with more User Stories","fileTypesAndContributionMap":{}},{"hash":"69b478635aedaaaafc9815e5f2902869aebcfc4c","isMergeCommit":true,"messageTitle":"Merge branch \u0027master\u0027 of https://github.com/AY2324S1-CS2103T-T14-1/tp","messageBody":"* \u0027master\u0027 of https://github.com/AY2324S1-CS2103T-T14-1/tp:\n  Fix typos\n  Fix formatting for User Story\n  Merge User Stories\n  Update add and delete employee use cases\n  Update DG - NFRs\n  Update DG-NFRs, glossary\n  Update DG with more User Stories\n  Update developer guide use cases\n","fileTypesAndContributionMap":{}},{"hash":"700ebccde4e57ac030c643b9a16b8bfe0cea6221","isMergeCommit":true,"messageTitle":"Merge branch \u0027master\u0027 of https://github.com/AY2324S1-CS2103T-T14-1/tp","messageBody":"* \u0027master\u0027 of https://github.com/AY2324S1-CS2103T-T14-1/tp:\n  Update index.md\n  Update Config.yml to remove AB3 traces\n  Update UG\n  Update UG - FAQ, Known issues, Command summary\n","fileTypesAndContributionMap":{}}]},{"date":"2023-10-03","commitResults":[{"hash":"fd160c7ca4657467fb1bb3e6e10933b151d014da","isMergeCommit":true,"messageTitle":"Merge pull request #77 from Weiennn/Add-Department-Field","messageBody":"Add department field","fileTypesAndContributionMap":{}},{"hash":"57e1c0a36d6e4cee1e1ba693168d6c4fac0e0aa2","isMergeCommit":true,"messageTitle":"Merge branch \u0027master\u0027 of https://github.com/AY2324S1-CS2103T-T14-1/tp","messageBody":"* \u0027master\u0027 of https://github.com/AY2324S1-CS2103T-T14-1/tp:\n  Add department field\n  Add test case to TagTest.java\n  Add test case for UniquePersonListTest.java\n  Fix checkstyle issue in PersonTest.java\n  Add test case for Person\n  Update DG\n  Update README\n  Update AboutUs Roles and Responsibilities\n  Update README\n  Update README\n  Update README - build status badge\n  Update README - Add Github Build Status Badge\n  Remove address\n","fileTypesAndContributionMap":{}},{"hash":"2a0645f9f5ad02aa22bf7cc0177f250134a1b966","isMergeCommit":false,"messageTitle":"Add Salary attribute to each Employee.","messageBody":"","fileTypesAndContributionMap":{"functional-code":{"insertions":156,"deletions":21},"test-code":{"insertions":280,"deletions":74}}},{"hash":"2f414262fc91ed13834d2239bc442a17633784bd","isMergeCommit":false,"messageTitle":"Change the lexical ordering of import statements.","messageBody":"","fileTypesAndContributionMap":{"test-code":{"insertions":3,"deletions":3}}},{"hash":"0ac7c194c79ed292f519410b7d8bdc0e579e0eeb","isMergeCommit":false,"messageTitle":"Correct wrong use of parseDepartment() instead of parseSalary()","messageBody":"","fileTypesAndContributionMap":{"test-code":{"insertions":1,"deletions":1}}}]}],"Chen-Kuei":[{"date":"2023-09-24","commitResults":[{"hash":"8848ec92647eb2f79a31d9d0e62bdad36faf8e3f","isMergeCommit":false,"messageTitle":"update AboutUs","messageBody":"","fileTypesAndContributionMap":{"docs":{"insertions":3,"deletions":3}}},{"hash":"8576b05f70ce9c993eb0aab7332041cbd272c252","isMergeCommit":true,"messageTitle":"Merge pull request #12 from Chen-Kuei/branch-AboutUs-ChenKuei","messageBody":"update AboutUs, add picture","fileTypesAndContributionMap":{}},{"hash":"8c7daaecc6a8424761735b4116c72cd4d7753713","isMergeCommit":false,"messageTitle":"update picture name","messageBody":"","fileTypesAndContributionMap":{"docs":{"insertions":1,"deletions":1}}},{"hash":"7931256d3f70f6b68bd4aeb2cf55cb5e2af7e4e8","isMergeCommit":true,"messageTitle":"Merge pull request #17 from ricketytoc/master","messageBody":"Change my details in the aboutUs.md","fileTypesAndContributionMap":{}},{"hash":"388dd07144459d20d98c4a6f115bda74f87e8d5c","isMergeCommit":true,"messageTitle":"Merge pull request #20 from Weiennn/About-Us-HuangWeiEn","messageBody":"Change file format for About us","fileTypesAndContributionMap":{}}]},{"date":"2023-09-28","commitResults":[{"hash":"3d398a3592ac267ee9230ad6dc7988cff67bdaac","isMergeCommit":false,"messageTitle":"Chen Kuei skeletal PPP","messageBody":"","fileTypesAndContributionMap":{"docs":{"insertions":0,"deletions":0}}},{"hash":"60976a08c9bf262a83f37a72ee4d4f4f3cccc70a","isMergeCommit":false,"messageTitle":"Chen Kuei\u0027s skeletal PPP","messageBody":"","fileTypesAndContributionMap":{"docs":{"insertions":29,"deletions":0}}},{"hash":"6b5cc3c8f7f90996c6b790e083502a930a8cd2cc","isMergeCommit":false,"messageTitle":"Update PPP","messageBody":"","fileTypesAndContributionMap":{"docs":{"insertions":12,"deletions":11}}},{"hash":"df5db3c67410f1a81b7189c8a5049c724d9baf19","isMergeCommit":false,"messageTitle":"Update PPP","messageBody":"","fileTypesAndContributionMap":{"docs":{"insertions":1,"deletions":3}}},{"hash":"ab7278797c39ab4cd94035a23bc0288cf4011e4b","isMergeCommit":false,"messageTitle":"Update README - Add Github Build Status Badge","messageBody":"","fileTypesAndContributionMap":{"docs":{"insertions":2,"deletions":2}}},{"hash":"44088e6625f36363fc3393e16b933f01eb5dc8b8","isMergeCommit":true,"messageTitle":"Merge pull request #53 from ricketytoc/ricketytoc-ppp","messageBody":"Add reposense link for ricketytoc.md","fileTypesAndContributionMap":{}}]},{"date":"2023-10-01","commitResults":[{"hash":"5edfcf3fdc0c7944c2b3bd9698958c9bbfe55980","isMergeCommit":false,"messageTitle":"Update DG-NFRs, glossary","messageBody":"","fileTypesAndContributionMap":{"docs":{"insertions":7,"deletions":7}}},{"hash":"687774e0cda592fc93ee7ea18b2b49debdde8fff","isMergeCommit":false,"messageTitle":"Update UG - FAQ, Known issues, Command summary","messageBody":"","fileTypesAndContributionMap":{"docs":{"insertions":12,"deletions":10}}},{"hash":"7fb0a12d605721b8a96b52377925d571c300514f","isMergeCommit":true,"messageTitle":"Merge pull request #61 from ricketytoc/UG-AddFeature","messageBody":"Update UG add feature","fileTypesAndContributionMap":{}},{"hash":"a27021c48234cfaf52d6dd72bd0e12063b6e8895","isMergeCommit":true,"messageTitle":"Merge branch \u0027master\u0027 into README-Explanation","messageBody":"","fileTypesAndContributionMap":{}},{"hash":"8efdfe251bc6f23405ab4a4024ff5e7d1b967482","isMergeCommit":true,"messageTitle":"Merge pull request #64 from ricketytoc/DG-UserStories","messageBody":"Update DG - add last 15 user stories ","fileTypesAndContributionMap":{}},{"hash":"31a75e5353a55c67cd065812d3f8be9c60f2d397","isMergeCommit":true,"messageTitle":"Merge pull request #63 from ricketytoc/README-Explanation","messageBody":"Update README - Explanation","fileTypesAndContributionMap":{}},{"hash":"117855780f05ec639df87600fb3558b3afc997cd","isMergeCommit":false,"messageTitle":"Update DG - NFRs","messageBody":"","fileTypesAndContributionMap":{"docs":{"insertions":1,"deletions":0}}},{"hash":"dcce6282d3a51c5e5fcd04bab934f47a5869411b","isMergeCommit":false,"messageTitle":"Update README - build status badge","messageBody":"","fileTypesAndContributionMap":{"docs":{"insertions":1,"deletions":2}}},{"hash":"de52dbfad73fec46b32c2e0517eb869eca228a5a","isMergeCommit":true,"messageTitle":"Merge branch \u0027master\u0027 into branch-update-README","messageBody":"","fileTypesAndContributionMap":{}},{"hash":"ebbd0d22c5c6162a667c3a47ca87d46b1121ce2d","isMergeCommit":true,"messageTitle":"Merge branch \u0027master\u0027 into branch-update-UG-FAQ-Known-issues-Command-summary","messageBody":"","fileTypesAndContributionMap":{}},{"hash":"e7dd619e39e949eb7ed164be88e5fe9ca64b0d8d","isMergeCommit":false,"messageTitle":"Update README","messageBody":"","fileTypesAndContributionMap":{"docs":{"insertions":1,"deletions":1}}},{"hash":"2da099dd519e1e35db6dfb50e40b38c4d5df27de","isMergeCommit":true,"messageTitle":"Merge branch \u0027branch-update-README\u0027 of https://github.com/Chen-Kuei/tp into branch-update-README","messageBody":"","fileTypesAndContributionMap":{}},{"hash":"3298309790ac86a452a544bd97b226f87fe45dce","isMergeCommit":false,"messageTitle":"Update UG","messageBody":"","fileTypesAndContributionMap":{"docs":{"insertions":1,"deletions":1}}},{"hash":"d9f0277100b6e49c9f7ac6afe2a2fd25d76b8a78","isMergeCommit":true,"messageTitle":"Merge branch \u0027branch-update-UG-FAQ-Known-issues-Command-summary\u0027 of https://github.com/Chen-Kuei/tp into branch-update-UG-FAQ-Known-issues-Command-summary","messageBody":"","fileTypesAndContributionMap":{}},{"hash":"0bebd8bd7f3c408a4d450bf8e8b048191e27fbfe","isMergeCommit":false,"messageTitle":"Update README","messageBody":"","fileTypesAndContributionMap":{"docs":{"insertions":1,"deletions":1}}},{"hash":"12680889fd5c669ee619c7a962f2348e8c26ea69","isMergeCommit":false,"messageTitle":"Update README","messageBody":"","fileTypesAndContributionMap":{"docs":{"insertions":1,"deletions":1}}}]},{"date":"2023-10-02","commitResults":[{"hash":"8695bb8a9854462de845cc7e795107354a960271","isMergeCommit":false,"messageTitle":"Update DG","messageBody":"","fileTypesAndContributionMap":{"docs":{"insertions":2,"deletions":1}}}]},{"date":"2023-10-06","commitResults":[{"hash":"002791dfc5cb2f7efbad1ba636f50645238a313e","isMergeCommit":true,"messageTitle":"Merge pull request #87 from aexolate/branch-add-id-attribute","messageBody":"Add Id attribute","fileTypesAndContributionMap":{}}]}],"aexolate":[{"date":"2023-09-24","commitResults":[{"hash":"660d7ba438ec5f72c5e3ebdca60ba5fc5331f9dc","isMergeCommit":false,"messageTitle":"Update About Us","messageBody":"","fileTypesAndContributionMap":{"docs":{"insertions":3,"deletions":3}}},{"hash":"ca414361c2a2aff93759db0a9d91902866ef43b0","isMergeCommit":true,"messageTitle":"Merge pull request #15 from aexolate/branch-AboutUs-YK","messageBody":"Update About Us","fileTypesAndContributionMap":{}},{"hash":"cb44e32e6f9bdc97c02af9035972b52ddc2c67bd","isMergeCommit":false,"messageTitle":"Update profile photo filename","messageBody":"","fileTypesAndContributionMap":{"docs":{"insertions":1,"deletions":1}}},{"hash":"b8ac2cb7de824806c4ec3da392c15e1bcfe40ca2","isMergeCommit":true,"messageTitle":"Merge pull request #18 from Chen-Kuei/branch-AboutUs-ChenKuei","messageBody":"update picture name","fileTypesAndContributionMap":{}}]},{"date":"2023-09-28","commitResults":[{"hash":"33c9dd410c934569c37b404975b99e3c40690bf3","isMergeCommit":false,"messageTitle":"Add skeletal PPP","messageBody":"","fileTypesAndContributionMap":{"docs":{"insertions":30,"deletions":1}}},{"hash":"fcefe00565cd947fe558f99b8e61ce3ec963a245","isMergeCommit":true,"messageTitle":"Merge pull request #27 from aexolate/branch-PPP","messageBody":"Add Yuan Kun\u0027s skeletal PPP","fileTypesAndContributionMap":{}},{"hash":"20cfd1cdbe94c20544d7eca3d599cea7867937b4","isMergeCommit":true,"messageTitle":"Merge pull request #33 from Chen-Kuei/branch-PPP","messageBody":"Chen Kuei skeletal ppp","fileTypesAndContributionMap":{}}]},{"date":"2023-09-30","commitResults":[{"hash":"07e6dbd536592f98fbfbc9f5c4f5db5c6ee4b136","isMergeCommit":false,"messageTitle":"Add acknowledgement to README","messageBody":"","fileTypesAndContributionMap":{"docs":{"insertions":1,"deletions":1}}},{"hash":"f784ce534deff1ef7cf3af1c4aa47a818d80e95a","isMergeCommit":false,"messageTitle":"Update user profile and value proposition","messageBody":"","fileTypesAndContributionMap":{"docs":{"insertions":5,"deletions":3}}},{"hash":"ae15f4bece237e6a56a25536f2ae6b2b13853eaa","isMergeCommit":false,"messageTitle":"Update user guide for delete command","messageBody":"","fileTypesAndContributionMap":{"docs":{"insertions":8,"deletions":8}}}]},{"date":"2023-10-01","commitResults":[{"hash":"dd29491127eaed87e3a5d48fe5810ab36493be70","isMergeCommit":true,"messageTitle":"Merge pull request #56 from Weiennn/Update-ReadMe-Introduction","messageBody":"Add ReadMe Introduction","fileTypesAndContributionMap":{}},{"hash":"c381ca2e7d6ac48a6c31f093e8a26e13400a692e","isMergeCommit":true,"messageTitle":"Merge pull request #72 from Weiennn/Update-Config","messageBody":"Update Config.yml to remove AB3 traces","fileTypesAndContributionMap":{}},{"hash":"ced082df91e1985f8b2f42dd5172867d0972ae9b","isMergeCommit":true,"messageTitle":"Merge pull request #67 from Chen-Kuei/branch-update-UG-FAQ-Known-issues-Command-summary","messageBody":"Update UG - FAQ, Known issues, Command summary","fileTypesAndContributionMap":{}},{"hash":"b08f1e2af50688841b7ba579c2cb5304e4083481","isMergeCommit":true,"messageTitle":"Merge pull request #52 from Chen-Kuei/branch-update-README","messageBody":"Update README - Add Github Build Status Badge","fileTypesAndContributionMap":{}}]},{"date":"2023-10-04","commitResults":[{"hash":"a380d016d95c00f3f7162f8fb194dcb6f6f0c3e6","isMergeCommit":true,"messageTitle":"Merge pull request #86 from Goh-Li-Ting/branch-add-role-attribute","messageBody":"Add role attribute","fileTypesAndContributionMap":{}}]},{"date":"2023-10-05","commitResults":[{"hash":"b999304f6bfcc98ec88e85a33c4797d5f3387811","isMergeCommit":false,"messageTitle":"Add Id attribute to Person","messageBody":"","fileTypesAndContributionMap":{"functional-code":{"insertions":183,"deletions":37},"test-code":{"insertions":327,"deletions":97}}},{"hash":"a33dd97d15943d1e3916c0dbc55b372e7f7d6da5","isMergeCommit":false,"messageTitle":"Fix wrong message constraint","messageBody":"","fileTypesAndContributionMap":{"functional-code":{"insertions":1,"deletions":1},"test-code":{"insertions":1,"deletions":1}}}]}],"Goh-Li-Ting":[{"date":"2023-09-24","commitResults":[{"hash":"b7bfc9a5d9fc6f030a9723eedb3ba9d57f102fac","isMergeCommit":false,"messageTitle":"Add picture and update about us","messageBody":"","fileTypesAndContributionMap":{"docs":{"insertions":3,"deletions":4}}},{"hash":"2f8cea02a865d1c1e74a4f5fe9376d2e393fdfba","isMergeCommit":true,"messageTitle":"Merge pull request #13 from Weiennn/About-Us-HuangWeiEn","messageBody":"Update Picture and Name for AboutUs","fileTypesAndContributionMap":{}},{"hash":"9a4388d398217bc6a0aa35a9af54fb86fe6ca211","isMergeCommit":false,"messageTitle":"Change image name","messageBody":"","fileTypesAndContributionMap":{"docs":{"insertions":1,"deletions":1}}},{"hash":"09a864264296675a97821208fdb67cbb2189f329","isMergeCommit":true,"messageTitle":"Merge branch \u0027master\u0027 of https://github.com/AY2324S1-CS2103T-T14-1/tp into branch-AboutUs","messageBody":"","fileTypesAndContributionMap":{}},{"hash":"7a70fc3fb54f701db7f00cddc041951b77d5353b","isMergeCommit":false,"messageTitle":"Delete unused image","messageBody":"","fileTypesAndContributionMap":{"docs":{"insertions":1,"deletions":1}}}]},{"date":"2023-09-28","commitResults":[{"hash":"559373aacf8bbb8141a7486935720e7a6fe8e77b","isMergeCommit":false,"messageTitle":"Remove address","messageBody":"","fileTypesAndContributionMap":{"functional-code":{"insertions":13,"deletions":154},"test-code":{"insertions":55,"deletions":243}}},{"hash":"3260d1c60ac3d25738e4063e4eb662551f46c5be","isMergeCommit":false,"messageTitle":"Add skeletal project portfolio page","messageBody":"","fileTypesAndContributionMap":{"docs":{"insertions":34,"deletions":1}}}]},{"date":"2023-09-30","commitResults":[{"hash":"7d404b85792f64aaaf3a9ef165460cdee8c9bbd2","isMergeCommit":false,"messageTitle":"Update user guide introduction","messageBody":"","fileTypesAndContributionMap":{"docs":{"insertions":31,"deletions":2}}},{"hash":"47d96d73c7184f3a7df4d5747095ce1072a846ed","isMergeCommit":false,"messageTitle":"Update user guide quick start","messageBody":"","fileTypesAndContributionMap":{"docs":{"insertions":7,"deletions":9}}},{"hash":"955fa8760c7f4b51ed821ae60355ec5eb5b6353b","isMergeCommit":false,"messageTitle":"Update developer guide use cases","messageBody":"","fileTypesAndContributionMap":{"docs":{"insertions":48,"deletions":14}}}]},{"date":"2023-10-01","commitResults":[{"hash":"0d558e841c1fc7600b6199e1c957ac5eb75c7d90","isMergeCommit":false,"messageTitle":"Update example commands in quick start","messageBody":"","fileTypesAndContributionMap":{"docs":{"insertions":2,"deletions":2}}},{"hash":"23f70301bfb2aecd3dd2ab58758f238e6124ba83","isMergeCommit":true,"messageTitle":"Merge pull request #58 from aexolate/branch-ReadMe","messageBody":"Update README - Acknowledgement","fileTypesAndContributionMap":{}},{"hash":"cf9c30ff241b496959f4b053875ad1e2c0f6a446","isMergeCommit":true,"messageTitle":"Merge pull request #60 from aexolate/branch-DG","messageBody":"Update DG - User Profile \u0026 Value Proposition","fileTypesAndContributionMap":{}},{"hash":"818759d9749da008b30ad1afa314f64d2b5961e9","isMergeCommit":true,"messageTitle":"Merge pull request #62 from aexolate/branch-UG","messageBody":"Update UG - Delete Feature","fileTypesAndContributionMap":{}},{"hash":"6575f82437967d8015039477cee4dba70653fc4d","isMergeCommit":false,"messageTitle":"Update add and delete employee use cases","messageBody":"","fileTypesAndContributionMap":{"docs":{"insertions":23,"deletions":27}}},{"hash":"1761d02d9634ce72f89bbef2e38335e024e1b368","isMergeCommit":false,"messageTitle":"Fix typos","messageBody":"","fileTypesAndContributionMap":{"docs":{"insertions":2,"deletions":2}}},{"hash":"6232585aed326b7164fc36defeff7d50a6a723e4","isMergeCommit":false,"messageTitle":"Update index.md","messageBody":"","fileTypesAndContributionMap":{"docs":{"insertions":6,"deletions":6}}},{"hash":"8197e1ca1db2c44126f3bacc0a4d9d6f54734d72","isMergeCommit":true,"messageTitle":"Merge pull request #75 from Weiennn/Update-AboutUs-Roles","messageBody":"Update AboutUs Roles and Responsibilities","fileTypesAndContributionMap":{}}]},{"date":"2023-10-02","commitResults":[{"hash":"d1eedf6c2b3c71d08b81d8caff1180c9262d1b6f","isMergeCommit":false,"messageTitle":"Add test case for Person","messageBody":"","fileTypesAndContributionMap":{"test-code":{"insertions":8,"deletions":0}}},{"hash":"17a9a5730c13cd00e017d85bd273696727fda38b","isMergeCommit":false,"messageTitle":"Fix checkstyle issue in PersonTest.java","messageBody":"","fileTypesAndContributionMap":{"test-code":{"insertions":2,"deletions":2}}},{"hash":"fb7d7bf67fee2921c836e9a1a6573314275fa79a","isMergeCommit":false,"messageTitle":"Add test case for UniquePersonListTest.java","messageBody":"","fileTypesAndContributionMap":{"test-code":{"insertions":25,"deletions":0}}},{"hash":"ddc4127796f1ea9d18fad05452ce37a6e8cd1d91","isMergeCommit":false,"messageTitle":"Add test case to TagTest.java","messageBody":"","fileTypesAndContributionMap":{"test-code":{"insertions":25,"deletions":0}}}]},{"date":"2023-10-04","commitResults":[{"hash":"e4b2b82ef7261fd9dbb1e1c83d7c54da28c4f379","isMergeCommit":true,"messageTitle":"Merge pull request #85 from ricketytoc/AddSalaryAttribute","messageBody":"Add salary attribute","fileTypesAndContributionMap":{}},{"hash":"83f922ebe7d6a5a85580d6a965c83c5bac35576e","isMergeCommit":false,"messageTitle":"Add role attribute","messageBody":"","fileTypesAndContributionMap":{"functional-code":{"insertions":167,"deletions":22},"test-code":{"insertions":281,"deletions":84}}},{"hash":"d3406cbe3334f8fb0bdbfa9c7f94d23cdb9a47e2","isMergeCommit":false,"messageTitle":"Update EditCommandTest.java","messageBody":"","fileTypesAndContributionMap":{"functional-code":{"insertions":1,"deletions":1},"test-code":{"insertions":6,"deletions":4}}},{"hash":"9bfc6d7a6b49d36636e3e0f1aa46cfac6ba32132","isMergeCommit":false,"messageTitle":"Fix grammar mistake and missing access modifier","messageBody":"","fileTypesAndContributionMap":{"functional-code":{"insertions":3,"deletions":3},"test-code":{"insertions":1,"deletions":1}}}]}]},"authorFileTypeContributionMap":{"Weiennn":{"docs":99,"functional-code":137,"test-code":173},"ricketytoc":{"docs":66,"functional-code":123,"test-code":167},"Chen-Kuei":{"docs":57,"functional-code":0,"test-code":0},"aexolate":{"docs":46,"functional-code":182,"test-code":326},"Goh-Li-Ting":{"docs":125,"functional-code":96,"test-code":302}},"authorContributionVariance":{"Weiennn":15556.062,"ricketytoc":17724.666,"Chen-Kuei":335.52893,"aexolate":25847.582,"Goh-Li-Ting":32205.986},"authorDisplayNameMap":{"Weiennn":"CS2103T-T14-1 HUAN..I\u0027EN","ricketytoc":"CS2103T-T14-1 RICH..IANG","Chen-Kuei":"CS2103T-T14-1 CHEN..KUEI","aexolate":"CS2103T-T14-1 LEON.. KUN","Goh-Li-Ting":"CS2103T-T14-1 GOH ..TING"}}
