{"authorDailyContributionsMap":{"DeltonCheng":[{"date":"2023-10-06","commitResults":[{"hash":"78bb94c2eedd6160e9a33fab6392a9d91a83808c","isMergeCommit":false,"messageTitle":"Updated AboutUs to add my profile","messageBody":"","fileTypesAndContributionMap":{"docs":{"insertions":5,"deletions":6}}},{"hash":"00d2969563127b9e887375547b4ccfdc8c5b5241","isMergeCommit":false,"messageTitle":"Updated AboutUs to add my profile","messageBody":"","fileTypesAndContributionMap":{"docs":{"insertions":42,"deletions":1}}},{"hash":"5a15d946b556c72c3d87284302a490d63a98dd80","isMergeCommit":false,"messageTitle":"Updated AboutUs Role and Responsibilities","messageBody":"","fileTypesAndContributionMap":{"docs":{"insertions":2,"deletions":1}}},{"hash":"9730157b9a04a1daa7d401605c8d9bf91ace21c3","isMergeCommit":false,"messageTitle":"Update README to be based on project","messageBody":"","fileTypesAndContributionMap":{"docs":{"insertions":44,"deletions":10}}},{"hash":"b441d00699e099d2cb74839e278c9d1243cb874b","isMergeCommit":false,"messageTitle":"Update UserGuide Find command to be based on project","messageBody":"","fileTypesAndContributionMap":{"docs":{"insertions":8,"deletions":5}}},{"hash":"f6c52a1a5d3a6bcb112748e9d498b1491aace7c2","isMergeCommit":false,"messageTitle":"Update UserGuide Find command to be based on project","messageBody":"","fileTypesAndContributionMap":{"docs":{"insertions":0,"deletions":1}}},{"hash":"8945f71fe3293a7966231320b6f63c8427cce2a7","isMergeCommit":false,"messageTitle":"Update DeveloperGuide to include find use case","messageBody":"","fileTypesAndContributionMap":{"docs":{"insertions":16,"deletions":0}}},{"hash":"0a42615d5589a5069bdcea37ab45cf455a5de78c","isMergeCommit":true,"messageTitle":"Merge pull request #31 from DeltonCheng/Add-PPP","messageBody":"Update Delton\u0027s Project Portfolio Page","fileTypesAndContributionMap":{}},{"hash":"f4ef41fb6f5065b39249d2169cd8a45353cea1d9","isMergeCommit":true,"messageTitle":"Merge pull request #47 from DeltonCheng/Update-README","messageBody":"Update README to be based on project","fileTypesAndContributionMap":{}},{"hash":"381daf5954442ab39122342e43514c96d4c26f93","isMergeCommit":false,"messageTitle":"Update DeveloperGuide to include my portfolio","messageBody":"","fileTypesAndContributionMap":{"docs":{"insertions":1,"deletions":1}}},{"hash":"ee2af21468ce149017763e05d65cf1d43dfc6dac","isMergeCommit":false,"messageTitle":"Reverted command summary for Find","messageBody":"","fileTypesAndContributionMap":{"docs":{"insertions":1,"deletions":1}}}]},{"date":"2023-10-16","commitResults":[{"hash":"94e96e920c91a651efe2ff8f3338707c1afea28d","isMergeCommit":true,"messageTitle":"Merge pull request #77 from yytan25/add-band-class","messageBody":"Implement class \"Band\"","fileTypesAndContributionMap":{}},{"hash":"f1aa78ddbed557219cc8931e248c07e65bea7df3","isMergeCommit":false,"messageTitle":"Implementation for adding of band Currently able to compile, show error message for band command for wrong format, still unable to add band to addressbook","messageBody":"","fileTypesAndContributionMap":{"functional-code":{"insertions":355,"deletions":4},"other":{"insertions":4,"deletions":4}}},{"hash":"d73499291c4c422b9c1025ae5ef29617c930bae2","isMergeCommit":false,"messageTitle":"Implementation for adding of band Removed null for AddCommandParser (my bad), replaced with empty HashSet","messageBody":"","fileTypesAndContributionMap":{"functional-code":{"insertions":2,"deletions":1}}}]},{"date":"2023-10-17","commitResults":[{"hash":"fc646fcb4e2e8ab81e41fc478715dcf7000c606b","isMergeCommit":false,"messageTitle":"Implementation for adding of band Removed null for AddCommandParser (my bad), replaced with empty HashSet","messageBody":"","fileTypesAndContributionMap":{"functional-code":{"insertions":87,"deletions":1}}},{"hash":"e352f397562facaa7952dc54f686f4d9a1403f19","isMergeCommit":false,"messageTitle":"Updating the storage for band","messageBody":"Able to write into JSon file but the data erases when adding a new band after restarting AB\n","fileTypesAndContributionMap":{"functional-code":{"insertions":25,"deletions":4}}},{"hash":"0554dd909e8da8d8396ae17d5f04aa8654c66f17","isMergeCommit":false,"messageTitle":"Updating the storage for band","messageBody":"Able to write into JSon file but the data erases when adding a new band after restarting AB\n","fileTypesAndContributionMap":{"functional-code":{"insertions":23,"deletions":0}}},{"hash":"56699076d21e61773328e740f8e9ebe6900845e4","isMergeCommit":true,"messageTitle":"Updating the storage for band","messageBody":"Able to write into JSon file and the data is saved\n","fileTypesAndContributionMap":{}},{"hash":"c6549c2b09497aa8b4fc7dc1a9a3ee98b31ff501","isMergeCommit":false,"messageTitle":"Updating the storage for band","messageBody":"Able to write into JSon file and the data is saved\n","fileTypesAndContributionMap":{"functional-code":{"insertions":0,"deletions":16}}},{"hash":"a59c0981e6640edab3fe9ddcfa620f275b1ef4ed","isMergeCommit":false,"messageTitle":"Updating the storage for band","messageBody":"Removed Address from JsonAdaptedBand.java\n","fileTypesAndContributionMap":{"functional-code":{"insertions":0,"deletions":3}}}]},{"date":"2023-10-18","commitResults":[{"hash":"a1e8cc3f40a4184841bce90fd9f674031418675d","isMergeCommit":false,"messageTitle":"Fixed Checkstyle issues","messageBody":"","fileTypesAndContributionMap":{"functional-code":{"insertions":76,"deletions":55}}},{"hash":"7164520338ef9f83114feb3ba2896b774afec7b6","isMergeCommit":false,"messageTitle":"Updated the tests for bands from Name class to BandName class","messageBody":"","fileTypesAndContributionMap":{"test-code":{"insertions":30,"deletions":18}}},{"hash":"c114de1798d7cc7799c439ce851b2e7733f1e6e1","isMergeCommit":false,"messageTitle":"Updated the BandBuilder test to comply with Checkstyle","messageBody":"","fileTypesAndContributionMap":{"test-code":{"insertions":0,"deletions":1}}},{"hash":"aef0eea669bf3df1c6101b5362b0f8e8cddf9066","isMergeCommit":true,"messageTitle":"Merge pull request #79 from DeltonCheng/Add-UpdatingStorage_AddBandCommand","messageBody":"Add updating storage and add band command","fileTypesAndContributionMap":{}}]},{"date":"2023-10-19","commitResults":[{"hash":"02bd9e7a802f99d8d991ba134e51e54e773d235f","isMergeCommit":false,"messageTitle":"Implemented addition of musician into a band","messageBody":"","fileTypesAndContributionMap":{"functional-code":{"insertions":244,"deletions":31}}},{"hash":"4e7a9d052b08188dc9b425d136b4e4c910f6ce33","isMergeCommit":false,"messageTitle":"Updated AddComandTest to implement the newly added methods","messageBody":"","fileTypesAndContributionMap":{"test-code":{"insertions":10,"deletions":0}}}]},{"date":"2023-10-20","commitResults":[{"hash":"5c3e5f3b951692ce5509101ca818fb16ab4ea303","isMergeCommit":false,"messageTitle":"Added tests for AddBandCommand","messageBody":"","fileTypesAndContributionMap":{"functional-code":{"insertions":2,"deletions":2},"test-code":{"insertions":239,"deletions":0}}},{"hash":"f355edfe02455836f0ab6346e49b2cc5198e5d5b","isMergeCommit":false,"messageTitle":"Added tests for AddMusiciantoBandCommand","messageBody":"","fileTypesAndContributionMap":{"functional-code":{"insertions":8,"deletions":8},"test-code":{"insertions":229,"deletions":0}}}]},{"date":"2023-10-21","commitResults":[{"hash":"610d0068049e90c4ae3a85102009b4b9d5307da5","isMergeCommit":true,"messageTitle":"Merge branch \u0027master\u0027 into Add-TestforAddMusiciantoBandCommand","messageBody":"","fileTypesAndContributionMap":{}},{"hash":"201e0cf4b50f8a3751e9358f58cb2ac85f0e2f42","isMergeCommit":true,"messageTitle":"Merge pull request #100 from DeltonCheng/Add-TestforAddBandCommand","messageBody":"Added tests for AddBandCommand","fileTypesAndContributionMap":{}}]},{"date":"2023-10-22","commitResults":[{"hash":"49a7070594e6f56344929da6a4382787bb35dddb","isMergeCommit":false,"messageTitle":"Update tests due to 1-indexing and changes to AddMusiciantoBandCommand","messageBody":"Add get(int index) functions for UniqueBandList and UniqueMusicianList needed for the tests\n","fileTypesAndContributionMap":{"functional-code":{"insertions":16,"deletions":1},"test-code":{"insertions":39,"deletions":15}}}]},{"date":"2023-10-23","commitResults":[{"hash":"e69b82d3210aa2482b427d76f5dea3f7241d3751","isMergeCommit":false,"messageTitle":"Cleaned up typo for AddMusiciantoBandCommand","messageBody":"","fileTypesAndContributionMap":{"functional-code":{"insertions":1,"deletions":1}}},{"hash":"10e7780868c0698f3a4b864e502116e2c6db714b","isMergeCommit":true,"messageTitle":"Merge pull request #99 from DeltonCheng/Add-TestforAddMusiciantoBandCommand","messageBody":"Add tests for AddMusiciantoBandCommand","fileTypesAndContributionMap":{}}]},{"date":"2023-10-27","commitResults":[{"hash":"35b34d2e4778c9344f1458bb07dc26cca551a4bb","isMergeCommit":true,"messageTitle":"Merge pull request #112 from wanghejin/branch-DG","messageBody":"Update DG on findb feature","tags":["v1.2.1"],"fileTypesAndContributionMap":{}},{"hash":"a5d9f5378b7f3807db1a71df9b060e3821b8b61b","isMergeCommit":false,"messageTitle":"Update tests for UniqueMusicianListTest","messageBody":"","fileTypesAndContributionMap":{"test-code":{"insertions":78,"deletions":0}}}]},{"date":"2023-10-28","commitResults":[{"hash":"39224be4ce4764cf0e9e20a978b6d9c5eda2ecdc","isMergeCommit":false,"messageTitle":"Update DG Implementation for AddMusicianToBand","messageBody":"","fileTypesAndContributionMap":{"docs":{"insertions":26,"deletions":4}}},{"hash":"3af562cad7256e18c02dc9089cd81e5e8175471e","isMergeCommit":false,"messageTitle":"Update tests for UniqueBandList","messageBody":"","fileTypesAndContributionMap":{"functional-code":{"insertions":4,"deletions":4},"test-code":{"insertions":96,"deletions":0}}}]},{"date":"2023-11-01","commitResults":[{"hash":"fc50142721665821771ee9f83fdd48553e98c637","isMergeCommit":false,"messageTitle":"Update tests for AddMusicianToBandCommandTest","messageBody":"","fileTypesAndContributionMap":{"test-code":{"insertions":34,"deletions":0}}}]},{"date":"2023-11-02","commitResults":[{"hash":"d3e23b5757a1064837aa904e0545fce6656f3c28","isMergeCommit":true,"messageTitle":"Merge branch \u0027master\u0027 of https://github.com/DeltonCheng/tp","messageBody":"","fileTypesAndContributionMap":{}},{"hash":"fec2f0d6b855db58132618b32d7c6a4a7701b29f","isMergeCommit":false,"messageTitle":"Update tests for AddMusicianToBandCommandTest to incorporate changes to the input","messageBody":"","fileTypesAndContributionMap":{"test-code":{"insertions":27,"deletions":3}}},{"hash":"fa3e002c3531643b935ea08706917a0fa826a6c3","isMergeCommit":true,"messageTitle":"Merge pull request #136 from DeltonCheng/Update-AddMusicianToBandTest","messageBody":"Update tests for AddMusicianToBandCommandTest","fileTypesAndContributionMap":{}},{"hash":"9e1394aa0b9760700e91c414dd44630c355e4db6","isMergeCommit":true,"messageTitle":"Merge branch \u0027master\u0027 into Update-AddMusicianToBandListTest-2","messageBody":"","fileTypesAndContributionMap":{}}]}],"tanyyyming":[{"date":"2023-10-05","commitResults":[{"hash":"603813936313f639d8dc3d62f8ce33ef190c2719","isMergeCommit":true,"messageTitle":"Merge pull request #6 from wanghejin/branch-aboutUs","messageBody":"Fix #6","fileTypesAndContributionMap":{}},{"hash":"558dedd7d8799038cb3e5fb686447a075df85a98","isMergeCommit":false,"messageTitle":"Add Yiming\u0027s profile in AboutUs.md","messageBody":"","fileTypesAndContributionMap":{"docs":{"insertions":6,"deletions":5}}},{"hash":"8a4f7505b52c48cbf6dd1216da452b1673d9f394","isMergeCommit":false,"messageTitle":"Add Yiming\u0027s skeleton PPP","messageBody":"","fileTypesAndContributionMap":{"docs":{"insertions":40,"deletions":46}}},{"hash":"66faa5c668da6e5172ee6df0c069551f838f2b7a","isMergeCommit":true,"messageTitle":"Merge pull request #13 from wanghejin/branch-UG","messageBody":"Update UG on introduction and command \u0027add\u0027","fileTypesAndContributionMap":{}}]},{"date":"2023-10-06","commitResults":[{"hash":"761e8811425fed50fb57cbccfe500d8d9e8f6881","isMergeCommit":true,"messageTitle":"Merge pull request #21 from tanyyyming/w7-update-project-website","messageBody":"Update Yiming\u0027s information in aboutUs page","fileTypesAndContributionMap":{}},{"hash":"62ca35574b77bc5f0a43aef77c606367084e4d41","isMergeCommit":true,"messageTitle":"Merge pull request #8 from wanghejin/branch-PPP","messageBody":"Add hejin\u0027s project portfolio page","fileTypesAndContributionMap":{}},{"hash":"af978977b67cc5fc83492a146f397330e48534f7","isMergeCommit":false,"messageTitle":"Update UserGuide.md with the tag genre feature description","messageBody":"","fileTypesAndContributionMap":{"docs":{"insertions":27,"deletions":0}}},{"hash":"c4af6b4f67d1d15b05e491f8cf9463281a4ab08e","isMergeCommit":false,"messageTitle":"Clean up the AB3 UG to suit our app","messageBody":"","fileTypesAndContributionMap":{"docs":{"insertions":6,"deletions":67}}},{"hash":"b2f61ad9dee86e4ba268eee969dcdf7469277c67","isMergeCommit":false,"messageTitle":"Update DG with the tag genre use case","messageBody":"","fileTypesAndContributionMap":{"docs":{"insertions":23,"deletions":0}}},{"hash":"1157733f27421f4d04496f1351d97589836026b3","isMergeCommit":true,"messageTitle":"Merge pull request #43 from wanghejin/branch-updateUG","messageBody":"Update user guide and delete all traces of AB3","fileTypesAndContributionMap":{}},{"hash":"7cd729d6518a525ce16e4827754c2be33e186f11","isMergeCommit":true,"messageTitle":"Merge pull request #53 from DeltonCheng/Update-DevGuide","messageBody":"Update DG to include \"find by name\" use case","fileTypesAndContributionMap":{}},{"hash":"abb25ab15c51ab8861cda086262dbb5f3efd720d","isMergeCommit":true,"messageTitle":"Merge branch \u0027master\u0027 into w7-user-guide","messageBody":"","fileTypesAndContributionMap":{}},{"hash":"feb8de4ad9753768716f09b738c67a6b20b322ee","isMergeCommit":true,"messageTitle":"Merge pull request #40 from tanyyyming/w7-user-guide","messageBody":"Update UG with the \"tag genre\" feature ","fileTypesAndContributionMap":{}},{"hash":"5d415c57fe5eec7494d6ee068fe5c5dfc9fffea2","isMergeCommit":true,"messageTitle":"Merge branch \u0027master\u0027 into w7-developer-guide","messageBody":"","fileTypesAndContributionMap":{}},{"hash":"2b356fcc1a279c2e79f4c882c61ed8f0e1e65b9b","isMergeCommit":false,"messageTitle":"Change the use case numbering in DG","messageBody":"","fileTypesAndContributionMap":{"docs":{"insertions":1,"deletions":1}}},{"hash":"5a3c5eef1de13852e61cdd90db205a9fc0403649","isMergeCommit":true,"messageTitle":"Merge pull request #42 from tanyyyming/w7-developer-guide","messageBody":"Update DG with the tag genre use case","fileTypesAndContributionMap":{}},{"hash":"3722a38a32b04822fe62ebd8d6ed1b3778b32ecc","isMergeCommit":true,"messageTitle":"Merge pull request #51 from tanyyyming/w7-sitewise-setting","messageBody":"Update docs/_config.yml to suit our app","fileTypesAndContributionMap":{}},{"hash":"7ef6cda9286605b7df97c5f1a744ca898689f07f","isMergeCommit":true,"messageTitle":"Merge pull request #29 from yytan25/update-about-us","messageBody":"Update Yang Yi\u0027s information in AboutUs page","fileTypesAndContributionMap":{}}]},{"date":"2023-10-12","commitResults":[{"hash":"0902a093af45ff93a890483af790e9211a098450","isMergeCommit":true,"messageTitle":"Merge pull request #71 from wanghejin/branch-refactorperson","messageBody":"Refactor Person to Musician","fileTypesAndContributionMap":{}},{"hash":"c039ce06e46ae3eefd20556c04e129c349f31870","isMergeCommit":false,"messageTitle":"Add InstrumentTag and GenreTag as subclasses of Tag","messageBody":"","fileTypesAndContributionMap":{"functional-code":{"insertions":71,"deletions":0}}},{"hash":"167de79dc923de6851bce2567b156b1dabd85c9e","isMergeCommit":false,"messageTitle":"Integrate the genre and instrument tags in the app","messageBody":"The Musician class does not have tags specific to the instruments they play and the genres they specialise in.\nSince these can be also implemented as tags, we can create subclasses of Tag to address the lack of specificity.\n\nLet\u0027s\n* Create two subclasses of Tag named Instruments and Genre\n* Change the JSON storage format to reflect the difference between these two\n* Enhance the GUI to show the differences in tags with different colours\n* Modify the add and edit command to include these two specific type of\n  tags with new prefixes \"g/\" and \"i/\"\n","fileTypesAndContributionMap":{"functional-code":{"insertions":217,"deletions":21},"other":{"insertions":10,"deletions":10}}}]},{"date":"2023-10-13","commitResults":[{"hash":"53d636924ec405e0bcc9474764d066ba1f075cf5","isMergeCommit":false,"messageTitle":"Refactor the tests without writing new tests for instrument and genre tagging","messageBody":"","fileTypesAndContributionMap":{"functional-code":{"insertions":2,"deletions":2},"test-code":{"insertions":103,"deletions":17}}},{"hash":"d89940ab9dcbfeba6784875a2d8127704e8f1e72","isMergeCommit":false,"messageTitle":"Fix EOF newline and trailing whitespace issues to pass CI checks","messageBody":"","fileTypesAndContributionMap":{"functional-code":{"insertions":1,"deletions":1},"docs":{"insertions":2,"deletions":2}}}]},{"date":"2023-10-18","commitResults":[{"hash":"ba470463e48592cb32f4dab2cf5f51e2f2322a57","isMergeCommit":false,"messageTitle":"Implement check for validity of the instrument and genre tags","messageBody":"","fileTypesAndContributionMap":{"functional-code":{"insertions":34,"deletions":6}}},{"hash":"0862a5c691ffbb40817871ebc0f9b46ce505d05c","isMergeCommit":true,"messageTitle":"Merge pull request #82 from yytan25/fix-bugs-checkstyle","messageBody":"Fix bugs in code and checkstyle","fileTypesAndContributionMap":{}},{"hash":"36eaaf0d21f122cee3016c52e3805ecc7e900f55","isMergeCommit":true,"messageTitle":"Merge branch \u0027master\u0027 into tag-instruments-and-genres bug fixes in the master branch","messageBody":"","fileTypesAndContributionMap":{}},{"hash":"1a40ee3b8fbfd23ba3ff453a225d03521478c486","isMergeCommit":false,"messageTitle":"Add JSON support for storing instrument and genre tags","messageBody":"","fileTypesAndContributionMap":{"functional-code":{"insertions":70,"deletions":8}}},{"hash":"25ef4607ad6d89d63d70f8a33367ca6625683228","isMergeCommit":false,"messageTitle":"Add tests for Instrument, Genre, JsonAdaptedMusician classes","messageBody":"","fileTypesAndContributionMap":{"functional-code":{"insertions":7,"deletions":3},"test-code":{"insertions":68,"deletions":6}}}]},{"date":"2023-10-19","commitResults":[{"hash":"79cba77c20f60cba230c79849c469e0868f716d0","isMergeCommit":false,"messageTitle":"Implement finding musicians by names, tags, instruments, and genres","messageBody":"","fileTypesAndContributionMap":{"functional-code":{"insertions":192,"deletions":13},"test-code":{"insertions":32,"deletions":12}}},{"hash":"c991f0e788e55817a25883532785a9b1d63a766f","isMergeCommit":false,"messageTitle":"Use case-insensitive full-word matching mechanism for name and tag matching","messageBody":"","fileTypesAndContributionMap":{"functional-code":{"insertions":25,"deletions":10},"test-code":{"insertions":38,"deletions":1}}},{"hash":"f720c01ade10f54ce1ece95f35fd70cd8fe0fc84","isMergeCommit":false,"messageTitle":"Override hashcode() in Predicate classes to implement equals method for FindCommand","messageBody":"","fileTypesAndContributionMap":{"functional-code":{"insertions":25,"deletions":5},"test-code":{"insertions":17,"deletions":13}}},{"hash":"0f026d7e2c6ee969a36d63429602a8a90fc49fa5","isMergeCommit":false,"messageTitle":"Add tests for FindCommand","messageBody":"","fileTypesAndContributionMap":{"test-code":{"insertions":49,"deletions":10}}},{"hash":"d59cfaa81dcef25f36a162ecb1750a0f58b287e8","isMergeCommit":false,"messageTitle":"Add tests for TagMatchesPredicate","messageBody":"","fileTypesAndContributionMap":{"test-code":{"insertions":84,"deletions":0}}},{"hash":"7b7f6a5d9b1d1881da7255119358856ebdef7910","isMergeCommit":true,"messageTitle":"Merge branch \u0027master\u0027 into find-musicians-by-instrument-and-genre","messageBody":"","fileTypesAndContributionMap":{}}]},{"date":"2023-10-26","commitResults":[{"hash":"aa055a7e40b56e7bd470c9c960273d6edde69436","isMergeCommit":true,"messageTitle":"Merge pull request #107 from wanghejin/branch-utlistbandcommand","messageBody":"Change \"listb\" by band index to \"findb\" by band names with additional unit tests.","fileTypesAndContributionMap":{}}]},{"date":"2023-10-27","commitResults":[{"hash":"b29e73fe090339292ff3a6a7864eefb86bce8437","isMergeCommit":true,"messageTitle":"Merge pull request #110 from shuyangk/branch-developerGuideW10","messageBody":"Update developer guide","fileTypesAndContributionMap":{}},{"hash":"c48be6cdfe8b87581a8ca10ef3b60d5d744c4384","isMergeCommit":false,"messageTitle":"Update developer guide with the tagging feature","messageBody":"","fileTypesAndContributionMap":{"docs":{"insertions":17,"deletions":0}}},{"hash":"8e477cfd9546103e7476da3c8f83f617584a1978","isMergeCommit":false,"messageTitle":"Update developer guide with the tagging feature","messageBody":"","fileTypesAndContributionMap":{"docs":{"insertions":10,"deletions":35}}}]},{"date":"2023-10-28","commitResults":[{"hash":"9e0be387b067492b662c04dc161c930f9b647f5c","isMergeCommit":true,"messageTitle":"Merge pull request #126 from wanghejin/branch-commandbugs","messageBody":"Fix edit/delete command to include band list","fileTypesAndContributionMap":{}}]},{"date":"2023-11-01","commitResults":[{"hash":"321fbeb3e48841e1d254eb76439bbcc3a04e4f48","isMergeCommit":true,"messageTitle":"Merge pull request #132 from shuyangk/branch-editMusicianBugFix","messageBody":"Fix Edit Musician Bug","fileTypesAndContributionMap":{}},{"hash":"17440f32acad115f87313284bb3c68052184e792","isMergeCommit":true,"messageTitle":"Merge pull request #133 from wanghejin/branch-w11bugs","messageBody":"Fix test bleeding bug","fileTypesAndContributionMap":{}},{"hash":"d1a0132d6a42308f931fcd01b666475200b658f1","isMergeCommit":true,"messageTitle":"Merge pull request #134 from wanghejin/branch-w11ug","messageBody":"Updated UG Introduction, Quick Start, and table of contents","fileTypesAndContributionMap":{}},{"hash":"c8539d1ef737410929f86ca85ac281b024a2b59f","isMergeCommit":false,"messageTitle":"Update the GUI behaviour of addm to show only the operated band","messageBody":"","fileTypesAndContributionMap":{"functional-code":{"insertions":6,"deletions":0},"other":{"insertions":3,"deletions":1}}},{"hash":"aac64e9e3a6065ea2e2925b35b4aa7c6051647a6","isMergeCommit":false,"messageTitle":"Update the prefix for bin/ and min/ to b/ and m/","messageBody":"","fileTypesAndContributionMap":{"functional-code":{"insertions":2,"deletions":2}}},{"hash":"a83d3643efa43221391cbfbb9f3983d37b025541","isMergeCommit":false,"messageTitle":"Enhance addm command to allow adding multiple musicians in one command","messageBody":"","fileTypesAndContributionMap":{"functional-code":{"insertions":56,"deletions":14},"test-code":{"insertions":19,"deletions":12}}},{"hash":"2534c87daa428704ae800e4710d29b8e52ef9c08","isMergeCommit":false,"messageTitle":"Modify the GUI behaviour after certain commands to minimise confusion","messageBody":"","fileTypesAndContributionMap":{"functional-code":{"insertions":17,"deletions":13}}}]},{"date":"2023-11-02","commitResults":[{"hash":"8d92a2e08f6721f83ee3ac8ba92d958afbc7add1","isMergeCommit":true,"messageTitle":"Merge pull request #140 from tanyyyming/gui-behaviour-bug-fix","messageBody":"Modify the GUI behaviour after certain commands to minimise confusion","fileTypesAndContributionMap":{}},{"hash":"206b38ab5016cd4f414afc22428b255505b54366","isMergeCommit":true,"messageTitle":"Merge pull request #137 from tanyyyming/add-musician-to-band-enhancement","messageBody":"Enhancement to the \"add musician to band\" feature ","fileTypesAndContributionMap":{}},{"hash":"291b3e74a4ae6f3937544799367a485edc2a2288","isMergeCommit":false,"messageTitle":"Modify the GUI behaviour after certain commands to minimise confusion","messageBody":"","fileTypesAndContributionMap":{"functional-code":{"insertions":17,"deletions":13}}},{"hash":"a7bf702a892dd68620bc05275c9715b62497a7f2","isMergeCommit":false,"messageTitle":"Update the GUI behaviour of addm to show only the operated band","messageBody":"","fileTypesAndContributionMap":{"functional-code":{"insertions":6,"deletions":0},"other":{"insertions":3,"deletions":1}}},{"hash":"2c3f541b717b544b52cd4228d983d7849cd43a02","isMergeCommit":false,"messageTitle":"Update the prefix for bin/ and min/ to b/ and m/","messageBody":"","fileTypesAndContributionMap":{"functional-code":{"insertions":2,"deletions":2}}},{"hash":"7638134626385123d86e66dad7e6312050c0c1b8","isMergeCommit":false,"messageTitle":"Enhance addm command to allow adding multiple musicians in one command","messageBody":"","fileTypesAndContributionMap":{"functional-code":{"insertions":56,"deletions":14},"test-code":{"insertions":19,"deletions":12}}},{"hash":"1bfb44f461184ee0d4b17ee9374c69cde19064ef","isMergeCommit":false,"messageTitle":"Refactor ListCommand and add ListAllTagCommand","messageBody":"","fileTypesAndContributionMap":{"functional-code":{"insertions":45,"deletions":10},"other":{"insertions":1,"deletions":2},"test-code":{"insertions":3,"deletions":2}}},{"hash":"7099dc346316419130cf6019c1c4e957347b69c4","isMergeCommit":false,"messageTitle":"Fix checkstyle issues","messageBody":"","fileTypesAndContributionMap":{"test-code":{"insertions":2,"deletions":2}}},{"hash":"78ff724eedc49550ba88af03dfd33cbcfa8e297c","isMergeCommit":false,"messageTitle":"Customise the command messages to suit our app","messageBody":"","fileTypesAndContributionMap":{"functional-code":{"insertions":37,"deletions":28},"test-code":{"insertions":2,"deletions":3}}},{"hash":"c60ad53963faf4cf10301f73b60ced7946e4f370","isMergeCommit":true,"messageTitle":"Merge branch \u0027master\u0027 into command-messages-bug","messageBody":"","fileTypesAndContributionMap":{}}]}],"wanghejin":[{"date":"2023-10-04","commitResults":[{"hash":"63de7ab29eaecfda945f01a172b2a61c161b0b2f","isMergeCommit":false,"messageTitle":"Add hejin\u0027s info in aboutUs.md","messageBody":"","fileTypesAndContributionMap":{"docs":{"insertions":5,"deletions":5}}},{"hash":"6828753f9470e17209fca013738a3d1c411d06d2","isMergeCommit":false,"messageTitle":"Add hejin\u0027s project portfolio page","messageBody":"","fileTypesAndContributionMap":{"docs":{"insertions":38,"deletions":0}}},{"hash":"4c4919b7a81c0244640ba2441d2242dda9d17eb2","isMergeCommit":false,"messageTitle":"Update UG on introduction and command \u0027add\u0027","messageBody":"","fileTypesAndContributionMap":{"docs":{"insertions":36,"deletions":14}}}]},{"date":"2023-10-06","commitResults":[{"hash":"5dad27310c71eb8857979f579aeb28ca014a3bae","isMergeCommit":true,"messageTitle":"Merge pull request #10 from shuyangk/branch-updateDeveloperGuide","messageBody":"Update Developer Guide","fileTypesAndContributionMap":{}},{"hash":"e21d7fd4a49134d5794b7abcd5dffb68458d0a6e","isMergeCommit":true,"messageTitle":"Merge pull request #23 from tanyyyming/w7-skeleton-ppp","messageBody":" Update Yiming\u0027s skeleton project portfolio page","fileTypesAndContributionMap":{}},{"hash":"aca278d0789d85eee61acf5ba769d21781447b1c","isMergeCommit":false,"messageTitle":"Update user guide and delete all traces of AB3","messageBody":"","fileTypesAndContributionMap":{"docs":{"insertions":9,"deletions":156}}},{"hash":"72b2ca5bab3aef8ad55e6bb97b3a122cb70bd0dd","isMergeCommit":false,"messageTitle":"Update DG","messageBody":"","fileTypesAndContributionMap":{"docs":{"insertions":43,"deletions":25}}},{"hash":"41eb8b62a12d4146bd3f97cdc810ff7232636764","isMergeCommit":true,"messageTitle":"Merge pull request #35 from shuyangk/branch-updateAboutUs","messageBody":"Edit name of image for grading scripts","fileTypesAndContributionMap":{}},{"hash":"69e1f781e016f2d9cbcb1aaeb7be52cc9ccd5f12","isMergeCommit":true,"messageTitle":"Merge branch \u0027master\u0027 into branch-developerguide","messageBody":"","fileTypesAndContributionMap":{}},{"hash":"6fb78f3edf8517617a7506ef5b13343a044698c7","isMergeCommit":true,"messageTitle":"Merge pull request #44 from wanghejin/branch-developerguide","messageBody":"Update DG on add record use case","fileTypesAndContributionMap":{}},{"hash":"99e78a672ae12ebb2977f9baf298fb629c117e8d","isMergeCommit":true,"messageTitle":"Merge pull request #30 from yytan25/UserGuide","messageBody":"Update UG command \u0027remove\u0027 and Command Summary","fileTypesAndContributionMap":{}}]},{"date":"2023-10-10","commitResults":[{"hash":"02a7620d1ed1d78c4ed314a67cf8c359a5a97dc5","isMergeCommit":false,"messageTitle":"Refactor Person.java to Musician.java","messageBody":"Relevant parts are done by refactoring in IDE. Program success without exception.\n","fileTypesAndContributionMap":{"functional-code":{"insertions":211,"deletions":217},"other":{"insertions":33,"deletions":33},"docs":{"insertions":45,"deletions":45},"test-code":{"insertions":170,"deletions":173}}},{"hash":"ca7ce2d5c002a436dfccc9621a3de79fb140f5c5","isMergeCommit":false,"messageTitle":"Rename main/./model/person directory to ./musician","messageBody":"Relevant parts are refactored with IDE. Program success without\nexception.\n","fileTypesAndContributionMap":{"functional-code":{"insertions":33,"deletions":33},"other":{"insertions":20,"deletions":20},"test-code":{"insertions":42,"deletions":42}}},{"hash":"92f90c348b0741617ace600a4e405bbe681dd795","isMergeCommit":false,"messageTitle":"Refactor UniquePersonList\u003eUniqueMusicianList class","messageBody":"Relevant parts refactored using IDE. Program success without exception.\n","fileTypesAndContributionMap":{"functional-code":{"insertions":3,"deletions":3},"other":{"insertions":6,"deletions":6},"test-code":{"insertions":52,"deletions":52}}},{"hash":"d2fecfe583c1c351929ad4e6afc900bcc96f45d8","isMergeCommit":false,"messageTitle":"Rename exceptions in model/musician/exception","messageBody":"Relevant parts refactored using IDE. Program success.\n","fileTypesAndContributionMap":{"functional-code":{"insertions":7,"deletions":7},"other":{"insertions":3,"deletions":3},"test-code":{"insertions":9,"deletions":9}}},{"hash":"7e6624f484ea788645ed2d42d34fed57a06976a6","isMergeCommit":false,"messageTitle":"Refactor storage/JsonAdaptedMusician.java","messageBody":"Relevant part to the above class are updated with IDE. Program success.\n","fileTypesAndContributionMap":{"functional-code":{"insertions":5,"deletions":5},"other":{"insertions":6,"deletions":6},"test-code":{"insertions":16,"deletions":16}}},{"hash":"b524367f655bd758f95a7ac73e32c35b3d0219c5","isMergeCommit":false,"messageTitle":"Refactor methods of interface Model","messageBody":"Abstract methods with method name as *person* is changed to *musician*.\nConcrete implementations of such methods are updated with IDE. Program\nsuccess.\n","fileTypesAndContributionMap":{"functional-code":{"insertions":30,"deletions":30},"test-code":{"insertions":50,"deletions":50}}},{"hash":"66dcd0ed0a3f94a90b339936a8421aa03eb959e0","isMergeCommit":false,"messageTitle":"Fix checkstyle issues to pass CI","messageBody":"","fileTypesAndContributionMap":{"functional-code":{"insertions":16,"deletions":8}}},{"hash":"2c111e93c9140e523e532aba953f58457561867d","isMergeCommit":false,"messageTitle":"Fix more checkstyle issues to pass CI","messageBody":"","fileTypesAndContributionMap":{"functional-code":{"insertions":4,"deletions":3}}},{"hash":"beae79deffcbbdef42f3222a0d937ff4f3961f40","isMergeCommit":false,"messageTitle":"Fix issues based on Gradle \"check\" to pass CI","messageBody":"","fileTypesAndContributionMap":{"test-code":{"insertions":19,"deletions":11}}},{"hash":"f539c5095bde90a01fd591b0ad5c1d633f3c07b3","isMergeCommit":false,"messageTitle":"Refactor some file-specific person variable","messageBody":"","fileTypesAndContributionMap":{"functional-code":{"insertions":20,"deletions":20},"test-code":{"insertions":8,"deletions":8}}},{"hash":"ce0abf71c5163b5c97539a960017c1cb7f524243","isMergeCommit":false,"messageTitle":"Refactor JsonSerializableAddrBk in storage","messageBody":"In order for it to serialize json objects properly, the\n./data/addressbook.json file must start with\n{\n    \"musicians\": [ ...\n}\ninstead of \"persons\".\n","fileTypesAndContributionMap":{"functional-code":{"insertions":6,"deletions":6}}},{"hash":"6376848908a5ab36696cc3b233ab1d4050a1a375","isMergeCommit":false,"messageTitle":"Fix style errors to pass CI","messageBody":"In AddressBook.java, one block comment was deleted to pass CI.\nThe comment is:\nThe unusual code block below is a non-static initialization block,\nsometimes used to avoid duplication between constructors.\nNote that non-static init blocks are not recommended to use. There are\nother ways to avoid duplication.\n{\n    musicians \u003d new UniqueMusicianList();\n}\n","fileTypesAndContributionMap":{"functional-code":{"insertions":2,"deletions":7}}},{"hash":"21de2ce55fcc9ffe1f188da7c67b05cbbcfef840","isMergeCommit":false,"messageTitle":"Refactor all class involving \"Person\" to Musician","messageBody":"All classes and their usages in all packages except UI are refactored.\nMethods, constants, variable names, strings in comments may not have\nbeen changed completely.\n","fileTypesAndContributionMap":{"functional-code":{"insertions":34,"deletions":34},"other":{"insertions":27,"deletions":27},"docs":{"insertions":2,"deletions":2},"test-code":{"insertions":221,"deletions":219}}},{"hash":"72cbb26bf7d664fdc845206ba97c62d5dc4b4c2b","isMergeCommit":false,"messageTitle":"Refactor tests","messageBody":"","fileTypesAndContributionMap":{"test-code":{"insertions":9,"deletions":9}}},{"hash":"a69eccecfb02e23360f2286bf626c5ddb08dc62d","isMergeCommit":false,"messageTitle":"Refactor all \"person\" except in GUI","messageBody":"","fileTypesAndContributionMap":{"functional-code":{"insertions":49,"deletions":48},"test-code":{"insertions":206,"deletions":202}}},{"hash":"360564cb5892ae1c758678718ae0b6ce27a0c8e3","isMergeCommit":false,"messageTitle":"Fix style issues to pass CI","messageBody":"","fileTypesAndContributionMap":{"test-code":{"insertions":2,"deletions":2}}}]},{"date":"2023-10-14","commitResults":[{"hash":"6c217c1ff81da6bfea30d038e55c6bad256cbf81","isMergeCommit":true,"messageTitle":"Merge pull request #73 from tanyyyming/tag-instruments-and-genres","messageBody":"Add Instrument and Genre as subclasses of Tag","fileTypesAndContributionMap":{}},{"hash":"eae2597f0347773671ea0ee6246f80857e4a8a98","isMergeCommit":true,"messageTitle":"Merge pull request #76 from shuyangk/branch-musicianReformating","messageBody":"Update Help Command to reflect BandConnect++ user guide","fileTypesAndContributionMap":{}}]},{"date":"2023-10-18","commitResults":[{"hash":"c1fe6ca4960593e0711b260c99e54341d0a3d036","isMergeCommit":false,"messageTitle":"Add fxml files for Band","messageBody":"","fileTypesAndContributionMap":{"functional-code":{"insertions":156,"deletions":0}}},{"hash":"0a27460b08b111d8a2a9e7ee0f22bd3d2d024aa5","isMergeCommit":false,"messageTitle":"Add getBandList method to Logic \u0026 Model IF and manager","messageBody":"","fileTypesAndContributionMap":{"functional-code":{"insertions":35,"deletions":0}}},{"hash":"e0e51de6180f527b674cf9bfb3fd740960929940","isMergeCommit":false,"messageTitle":"Add BandListPanel to the right of musician list","messageBody":"","fileTypesAndContributionMap":{"functional-code":{"insertions":30,"deletions":23}}},{"hash":"e010d4b23aceef587a81bfc81df2e78df1099edb","isMergeCommit":false,"messageTitle":"Update GUI size \u0026 finish band panel","messageBody":"","fileTypesAndContributionMap":{"functional-code":{"insertions":6,"deletions":6}}},{"hash":"9731403f09a6a810ea9d0105eb6d8e2d96f18339","isMergeCommit":false,"messageTitle":"Change thumbnail icon and window title","messageBody":"","fileTypesAndContributionMap":{"functional-code":{"insertions":3,"deletions":3},"test-code":{"insertions":1,"deletions":1}}},{"hash":"2be9ee3f5b56fb99f2347d0253808062fee6fce1","isMergeCommit":false,"messageTitle":"Label musician and band panels","messageBody":"","fileTypesAndContributionMap":{"functional-code":{"insertions":4,"deletions":0}}},{"hash":"bfdcef8f91a77888c20a5dd77a45f488c7800986","isMergeCommit":true,"messageTitle":"Merge pull request #83 from tanyyyming/tag-instruments-and-genres","messageBody":"Add validity checks for instrument and genre names with more tests","fileTypesAndContributionMap":{}},{"hash":"5970ca0000cd0399276235a27de2ddb38a723eed","isMergeCommit":true,"messageTitle":"Sync branch with upstream","messageBody":"","fileTypesAndContributionMap":{}},{"hash":"c9f8c27d28c460021b1646ace00a2c100e86f9ef","isMergeCommit":false,"messageTitle":"Fix checkstyle issues","messageBody":"","fileTypesAndContributionMap":{"functional-code":{"insertions":4,"deletions":5}}}]},{"date":"2023-10-19","commitResults":[{"hash":"0ceaea33c53983069c37a9222219f2aefb450e44","isMergeCommit":true,"messageTitle":"Merge branch \u0027master\u0027 into branch-uiBand","messageBody":"","fileTypesAndContributionMap":{}}]},{"date":"2023-10-25","commitResults":[{"hash":"d2724b9874f2aebcad64c00cfb399b7155e34ac1","isMergeCommit":false,"messageTitle":"Modify listb to take in band name as argument","messageBody":"","fileTypesAndContributionMap":{"functional-code":{"insertions":56,"deletions":29},"other":{"insertions":4,"deletions":0},"test-code":{"insertions":20,"deletions":11}}}]},{"date":"2023-10-26","commitResults":[{"hash":"e76a09d3adcee4b9fc65282e1519058930ad878c","isMergeCommit":false,"messageTitle":"Update para type of BandName*Predicate to be String","messageBody":"","fileTypesAndContributionMap":{"functional-code":{"insertions":6,"deletions":4},"test-code":{"insertions":13,"deletions":0}}},{"hash":"b77b782124d33fbc619ab15c988f035ee8f7af3d","isMergeCommit":false,"messageTitle":"Write tests for equals and toString for ListBandCommand","messageBody":"","fileTypesAndContributionMap":{"test-code":{"insertions":38,"deletions":3}}},{"hash":"c881cf1248b42ba1a18e40092db740ed9047f02b","isMergeCommit":false,"messageTitle":"Add test cases(method signature only) for execute","messageBody":"","fileTypesAndContributionMap":{"test-code":{"insertions":13,"deletions":1}}},{"hash":"6fc2654e02c36ca672c1c588c6e67da9144481b2","isMergeCommit":true,"messageTitle":"Merge pull request #106 from shuyangk/branch-viewBandUi","messageBody":"Branch view band UI","fileTypesAndContributionMap":{}},{"hash":"bb5590d265d53d22e8b6c9c26ca7c9a8ca29e101","isMergeCommit":true,"messageTitle":"Merge from master","messageBody":"","fileTypesAndContributionMap":{}},{"hash":"8068cdb3bef91e4af0c39376f524c2374ffa22e9","isMergeCommit":false,"messageTitle":"Modify AddMusiciantoBandCommandTest","messageBody":"","fileTypesAndContributionMap":{"functional-code":{"insertions":16,"deletions":1},"test-code":{"insertions":5,"deletions":27}}},{"hash":"a47036a5cee3660b399f2fe05823b114f08437cf","isMergeCommit":false,"messageTitle":"Resolve conflicts with sy\u0027s branch and reflect ui change in \u0027list\u0027","messageBody":"","fileTypesAndContributionMap":{"functional-code":{"insertions":11,"deletions":0},"test-code":{"insertions":14,"deletions":0}}},{"hash":"e9e8c693a2803c80e1e0c700f7310d37afc09742","isMergeCommit":false,"messageTitle":"Fix checkstyle issues","messageBody":"","fileTypesAndContributionMap":{"functional-code":{"insertions":6,"deletions":9},"test-code":{"insertions":11,"deletions":15}}},{"hash":"92e23ca0b2f2955e97ce0d27fc8fd688b153f05b","isMergeCommit":false,"messageTitle":"Fix bug: response when no param \u0026 non-existent band","messageBody":"","fileTypesAndContributionMap":{"functional-code":{"insertions":21,"deletions":22},"other":{"insertions":19,"deletions":14}}},{"hash":"72e6b3adcede6cb6753493fe5e04ed0f00ef17b4","isMergeCommit":false,"messageTitle":"Fix bug: same band name (case-insensitive) not allowed","messageBody":"","fileTypesAndContributionMap":{"functional-code":{"insertions":1,"deletions":1}}},{"hash":"2065ff57df5bb80aa7fafdd7584ee22f8fb6bcec","isMergeCommit":false,"messageTitle":"Fix bug: find bands with space-separated name","messageBody":"","fileTypesAndContributionMap":{"functional-code":{"insertions":4,"deletions":4},"other":{"insertions":1,"deletions":1}}},{"hash":"b98394978c8c76bea7fdd9b28fe68b83530a4c8e","isMergeCommit":false,"messageTitle":"Fix style issues","messageBody":"","fileTypesAndContributionMap":{"functional-code":{"insertions":12,"deletions":2}}},{"hash":"89eb7790464cdd4b3c109380effcfdc3235088ef","isMergeCommit":false,"messageTitle":"Fix bug of throwing exception for invalid band name","messageBody":"","fileTypesAndContributionMap":{"functional-code":{"insertions":4,"deletions":1}}},{"hash":"dac05b5e4610d66c4220af17282a9434c06f9c9e","isMergeCommit":false,"messageTitle":"Refactor TypicalAddressBook for test purposes","messageBody":"Currently, getTypicalAddressBook() only creates a example address book\nwith the TypicalMusicians. But we will want an address book with both\nmusicians and bands.\n\nHence, I refactored TypicalBands and TypicalMusicians into one\nsubpackage \"typicalentities\" in \"/testutil\". I have also refactored the\nmethod getTypicalAddressBook() into a new class called\nTypicalAddressBook.\n","fileTypesAndContributionMap":{"functional-code":{"insertions":5,"deletions":3},"other":{"insertions":9,"deletions":18},"test-code":{"insertions":94,"deletions":39}}},{"hash":"e9f1829d9691e8c45ccfb0ed1917025844240ac7","isMergeCommit":false,"messageTitle":"Complete unit test and update imports for previous refactor","messageBody":"","fileTypesAndContributionMap":{"functional-code":{"insertions":1,"deletions":2},"test-code":{"insertions":88,"deletions":30}}}]},{"date":"2023-10-27","commitResults":[{"hash":"cc3833f529ef0445a940e0b00d001d9c517c0ef8","isMergeCommit":false,"messageTitle":"Update DG on findb feature","messageBody":"","fileTypesAndContributionMap":{"docs":{"insertions":42,"deletions":0}}},{"hash":"8a5da8da452a4fe61a9858c73342d719830a44cd","isMergeCommit":true,"messageTitle":"Merge pull request #111 from tanyyyming/developer-guide","messageBody":"Update developer guide with the tagging feature","fileTypesAndContributionMap":{}},{"hash":"aa0eb05c830e6808af1982663ba2b09cdd4cde45","isMergeCommit":true,"messageTitle":"Merge branch \u0027master\u0027 into branch-DG","messageBody":"","fileTypesAndContributionMap":{}},{"hash":"61e1af61a9e12e484bcb10f2c60c607405b64d32","isMergeCommit":false,"messageTitle":"Modify listb to take in band name as argument","messageBody":"","fileTypesAndContributionMap":{"functional-code":{"insertions":56,"deletions":29},"other":{"insertions":4,"deletions":0},"test-code":{"insertions":20,"deletions":11}}},{"hash":"3a7089a699d5119f95a4e45ccdafd1fd5362bc70","isMergeCommit":false,"messageTitle":"Update para type of BandName*Predicate to be String","messageBody":"","fileTypesAndContributionMap":{"functional-code":{"insertions":6,"deletions":4},"test-code":{"insertions":13,"deletions":0}}},{"hash":"3db840cd148f8cd972211a1b9004fcd00b67fc82","isMergeCommit":false,"messageTitle":"Write tests for equals and toString for ListBandCommand","messageBody":"","fileTypesAndContributionMap":{"test-code":{"insertions":38,"deletions":3}}},{"hash":"59c0f26758d41a464240b05eff190101ce08a639","isMergeCommit":false,"messageTitle":"Add test cases(method signature only) for execute","messageBody":"","fileTypesAndContributionMap":{"test-code":{"insertions":13,"deletions":1}}},{"hash":"3bf0ddcb7792d0e627f1a397d2b403f6df059be8","isMergeCommit":false,"messageTitle":"Modify AddMusiciantoBandCommandTest","messageBody":"","fileTypesAndContributionMap":{"functional-code":{"insertions":7,"deletions":0},"test-code":{"insertions":5,"deletions":27}}},{"hash":"723fb20430801da66a1fc4621b72341aead600a2","isMergeCommit":false,"messageTitle":"Resolve conflicts with sy\u0027s branch and reflect ui change in \u0027list\u0027","messageBody":"","fileTypesAndContributionMap":{"functional-code":{"insertions":8,"deletions":0},"test-code":{"insertions":10,"deletions":6}}},{"hash":"9490a1ccfca7c8f31e52cf48d9482be80cbec7fd","isMergeCommit":false,"messageTitle":"Fix checkstyle issues","messageBody":"","fileTypesAndContributionMap":{"functional-code":{"insertions":38,"deletions":15},"test-code":{"insertions":11,"deletions":15}}},{"hash":"8828baa60edee58f9d1c9829fd202cb27a093232","isMergeCommit":false,"messageTitle":"Fix bug: response when no param \u0026 non-existent band","messageBody":"","fileTypesAndContributionMap":{"functional-code":{"insertions":21,"deletions":26},"other":{"insertions":19,"deletions":14}}},{"hash":"7eeeb11ba01ebe9cd2d5f73c4b0ccd02319b3286","isMergeCommit":false,"messageTitle":"Fix bug: same band name (case-insensitive) not allowed","messageBody":"","fileTypesAndContributionMap":{"functional-code":{"insertions":1,"deletions":1}}},{"hash":"cd54f37ee0b363223192b19da783216ae8d21479","isMergeCommit":false,"messageTitle":"Fix bug: find bands with space-separated name","messageBody":"","fileTypesAndContributionMap":{"functional-code":{"insertions":4,"deletions":4},"other":{"insertions":1,"deletions":1}}},{"hash":"2eb825babe77ed3020839ac5da24c8fe8279ef96","isMergeCommit":false,"messageTitle":"Fix style issues","messageBody":"","fileTypesAndContributionMap":{"functional-code":{"insertions":12,"deletions":2}}},{"hash":"3baaeeac7051b1556d155a928ad1022b4690b5bf","isMergeCommit":false,"messageTitle":"Fix bug of throwing exception for invalid band name","messageBody":"","fileTypesAndContributionMap":{"functional-code":{"insertions":4,"deletions":1}}},{"hash":"6f7582233a3893db912b4efbaa4fd55604301223","isMergeCommit":false,"messageTitle":"Refactor TypicalAddressBook for test purposes","messageBody":"Currently, getTypicalAddressBook() only creates a example address book\nwith the TypicalMusicians. But we will want an address book with both\nmusicians and bands.\n\nHence, I refactored TypicalBands and TypicalMusicians into one\nsubpackage \"typicalentities\" in \"/testutil\". I have also refactored the\nmethod getTypicalAddressBook() into a new class called\nTypicalAddressBook.\n","fileTypesAndContributionMap":{"functional-code":{"insertions":5,"deletions":3},"other":{"insertions":9,"deletions":18},"test-code":{"insertions":94,"deletions":39}}},{"hash":"25fa945224a99aa02b64a5b571c9975d1bdd8412","isMergeCommit":false,"messageTitle":"Complete unit test and update imports for previous refactor","messageBody":"","fileTypesAndContributionMap":{"functional-code":{"insertions":1,"deletions":2},"test-code":{"insertions":88,"deletions":30}}},{"hash":"07ae2ca7c25d6f864ad1cd0cad3c991c883cc527","isMergeCommit":false,"messageTitle":"Update DG on findb feature","messageBody":"","fileTypesAndContributionMap":{"docs":{"insertions":42,"deletions":0}}},{"hash":"185051b7f44f63e53f1e4ef9ad3b93181d9b522c","isMergeCommit":false,"messageTitle":"Refactor FindBandCommand","messageBody":"","fileTypesAndContributionMap":{"functional-code":{"insertions":1,"deletions":1},"other":{"insertions":3,"deletions":1},"test-code":{"insertions":1,"deletions":0}}},{"hash":"a8a8461b322448d37d4fa5d5ff5c43e9636bf13a","isMergeCommit":false,"messageTitle":"Change import path based on refactorings","messageBody":"","fileTypesAndContributionMap":{"functional-code":{"insertions":1,"deletions":1}}},{"hash":"0fdb32d62fef45abbefebc1a962b24f1e7946fc8","isMergeCommit":false,"messageTitle":"Update musician commands to display full lists after the operation","messageBody":"Currently, the UI displays inconsistent behaviour when doing findb -\u003e musician\nops. For simplicity\u0027s sake, let\u0027s make it consistent by returning the\nfull lists of both musician and band after the operation is carried.\n","fileTypesAndContributionMap":{"functional-code":{"insertions":7,"deletions":0}}}]},{"date":"2023-10-28","commitResults":[{"hash":"21d77a7971aa58598b555406b1f9425d0473f500","isMergeCommit":false,"messageTitle":"Fix error doing edit/delete musician after findb","messageBody":"","fileTypesAndContributionMap":{"functional-code":{"insertions":59,"deletions":19}}},{"hash":"e23461efa36997a7e5cc1adc8a2ada0b02311c5f","isMergeCommit":false,"messageTitle":"Update tests to pass","messageBody":"","fileTypesAndContributionMap":{"functional-code":{"insertions":27,"deletions":5},"test-code":{"insertions":5,"deletions":3}}},{"hash":"e60ede6fe4fb4458bfc9adabca38800c047c28ea","isMergeCommit":false,"messageTitle":"Delete useless comments","messageBody":"","fileTypesAndContributionMap":{"functional-code":{"insertions":0,"deletions":4}}},{"hash":"0358dbe18411a508ffd1801614104c2330dec40c","isMergeCommit":false,"messageTitle":"Fix merge conflicts","messageBody":"","fileTypesAndContributionMap":{"test-code":{"insertions":2,"deletions":2}}},{"hash":"4777f52feed07d8136310ea8b64122a1f51df385","isMergeCommit":true,"messageTitle":"Merge branch \u0027master\u0027 of https://github.com/wanghejin/tp","messageBody":"","fileTypesAndContributionMap":{}},{"hash":"0d7b0e10e3364b6bd067d926e0193116a59b21f3","isMergeCommit":true,"messageTitle":"Merge branch \u0027master\u0027 into branch-commandbugs","messageBody":"","fileTypesAndContributionMap":{}},{"hash":"e37af3d5d2ce2265f1847bbf9fcc6a5815bcd51c","isMergeCommit":false,"messageTitle":"Fix gradle build issue of different testing order","messageBody":"","fileTypesAndContributionMap":{"test-code":{"insertions":2,"deletions":1}}},{"hash":"9cccc1ac9595d015a40c8cba1621fa765a727e92","isMergeCommit":false,"messageTitle":"Fix gradle build issue of different testing order","messageBody":"","fileTypesAndContributionMap":{"test-code":{"insertions":1,"deletions":1}}}]},{"date":"2023-10-31","commitResults":[{"hash":"5782f3f1f6ee777523dc4e2a9e0256e0b84032c7","isMergeCommit":false,"messageTitle":"Update intro and quick start","messageBody":"","fileTypesAndContributionMap":{"docs":{"insertions":38,"deletions":4}}},{"hash":"4117628cd0614e492690bdea043c9b4f5911fbbc","isMergeCommit":false,"messageTitle":"Update table of contents tree structure","messageBody":"","fileTypesAndContributionMap":{"docs":{"insertions":50,"deletions":22}}}]},{"date":"2023-11-01","commitResults":[{"hash":"585a7d9ac317ddf38521ff3fad5b49ea10fc8c5e","isMergeCommit":false,"messageTitle":"Fix test bleeding bug","messageBody":"","fileTypesAndContributionMap":{"test-code":{"insertions":3,"deletions":2}}},{"hash":"724ce240d34e2785609fde4f44b01ce05cd39ff7","isMergeCommit":true,"messageTitle":"Merge branch \u0027AY2324S1-CS2103T-W11-3:master\u0027 into branch-w11ug","messageBody":"","fileTypesAndContributionMap":{}}]}],"shuyangk":[{"date":"2023-10-04","commitResults":[{"hash":"5fe6a68b8f74f91dcc7e2e4daca86959216115e1","isMergeCommit":false,"messageTitle":"Add shuyangk.md","messageBody":"The project portfolio page(PPP) is used to describe contribution to\nthe project. It tracks various aspects of contribution such as\ncode written and forum participation.\n\nHaving the PPP allows for people to view all contributions in one place.\n","fileTypesAndContributionMap":{"docs":{"insertions":41,"deletions":0}}},{"hash":"63adcab1212781995ab48fceedaff558ae00dc3b","isMergeCommit":false,"messageTitle":"Update Developer Guide","messageBody":"The current Developer Guide is modelled after AB3, which does not\nmatch the project at hand.\n\nThere is a need to change it to suit the current project and contain\nthe relevant information.\n\nLet\u0027s update the Developer Guide as necessary to change the required\ndetails.\n","fileTypesAndContributionMap":{"docs":{"insertions":50,"deletions":17}}},{"hash":"f3cbfc096568616faa9e5113392f6c412ff1c9c3","isMergeCommit":false,"messageTitle":"Update AboutUs file","messageBody":"Current AboutUs file contains placeholder information not relevant\nto the project team.\n\nUpdating the information in the file allows us to view information about\nthe project team.\n","fileTypesAndContributionMap":{"docs":{"insertions":6,"deletions":6}}}]},{"date":"2023-10-05","commitResults":[{"hash":"20b98f789c16316df8f66ee917aa6c645980d71b","isMergeCommit":false,"messageTitle":"Edit product name in developer guide","messageBody":"Product name was written wrongly in earlier iteration of developer\nguide.\n\nProduct name changed from BandConnect+ to BandConnect++\n","fileTypesAndContributionMap":{"docs":{"insertions":8,"deletions":8}}},{"hash":"0b4ad37ebd03aa95ebe575262dd5cfad2fce2f20","isMergeCommit":true,"messageTitle":"Merge pull request #9 from shuyangk/project-portfolio-page","messageBody":"Add Shu Yang\u0027s Project Portfolio Page","fileTypesAndContributionMap":{}},{"hash":"0d26989969884764573d42c21ba21b6b7a337f87","isMergeCommit":true,"messageTitle":"Merge pull request #11 from shuyangk/branch-updateAboutUs","messageBody":"Update Shu Yang\u0027s information in AboutUs page","fileTypesAndContributionMap":{}}]},{"date":"2023-10-06","commitResults":[{"hash":"cdaef2531b892a80ff35d889f0f47c5935bb34dd","isMergeCommit":false,"messageTitle":"Edit name of image for grading scripts","messageBody":"","fileTypesAndContributionMap":{"docs":{"insertions":1,"deletions":1}}},{"hash":"5e5a6f5d2fadb19e2ef9287ab1c3c4e35e240fd7","isMergeCommit":true,"messageTitle":"Merge pull request #32 from DeltonCheng/Update-AboutUs","messageBody":"Update Delton\u0027s information in AboutUs page","fileTypesAndContributionMap":{}}]},{"date":"2023-10-14","commitResults":[{"hash":"0f49f4bba52d4f7566a7fff3128530fbd4452979","isMergeCommit":false,"messageTitle":"Update Help Command to reflect BandConnect++ user guide","messageBody":"The current Help command displays the user guide for AB3,\nwhich is not applicable to the current product.\n","fileTypesAndContributionMap":{"functional-code":{"insertions":4,"deletions":4},"other":{"insertions":4,"deletions":4}}},{"hash":"a772df0fe24be27d3185c535e30d7e90b85900a8","isMergeCommit":false,"messageTitle":"Update HelpWindow file to meet checkstyle requirements","messageBody":"","fileTypesAndContributionMap":{"functional-code":{"insertions":2,"deletions":1}}}]},{"date":"2023-10-16","commitResults":[{"hash":"b054892f934b2ad7f4e4c5ec7bde37ccf120ff1c","isMergeCommit":false,"messageTitle":"Remove Address Field from code","messageBody":"The address field used in AB3 is no longer relevant to the planned\nimplementation of code, and has to be removed.\n\nLet\u0027s continue to look out for any usages of address that might have\nbeen missed out, and remove them accordingly.\n","fileTypesAndContributionMap":{"functional-code":{"insertions":14,"deletions":149},"test-code":{"insertions":63,"deletions":239}}},{"hash":"88ef96050e887db0cea96096985cf09109cf3e7b","isMergeCommit":false,"messageTitle":"Update file due to failed CI","messageBody":"","fileTypesAndContributionMap":{"test-code":{"insertions":12,"deletions":12}}},{"hash":"38f5548f94e1adb040e12c4174c566de6bf5f522","isMergeCommit":true,"messageTitle":"Merge pull request #78 from shuyangk/branch-removeAddress","messageBody":"Remove Address Field from code","fileTypesAndContributionMap":{}}]},{"date":"2023-10-19","commitResults":[{"hash":"a0e0f4b216761ec8dece41c6f1426e134bf31115","isMergeCommit":false,"messageTitle":"Update User and Developer guides","messageBody":"The user and developer guides currently do not have instructions\nregarding the newly created band class.\n\nThe appropriate information has been added.\n","fileTypesAndContributionMap":{"docs":{"insertions":100,"deletions":14}}}]},{"date":"2023-10-25","commitResults":[{"hash":"b28df879f850375f2d4e006955745388a586e6a7","isMergeCommit":false,"messageTitle":"Update UI to display Band which members are being listed","messageBody":"In the current version, when members of a band are listed,\nthe Band column of the UI displays all bands stored.\n\nDisplaying just the band whose members are listed helps avoid\nconfusion.\n","fileTypesAndContributionMap":{"functional-code":{"insertions":56,"deletions":0}}},{"hash":"7bd38055bf708a3790c31b38407abb239245b130","isMergeCommit":false,"messageTitle":"Update list command to display all bands","messageBody":"The list command only displays all musicians stored as data.\nThis is unintuitive as not all the bands are displayed when list\ncommand is used.\n\nThe command has been updated to show all bands and musicians when\ncalled.\n","fileTypesAndContributionMap":{"functional-code":{"insertions":3,"deletions":0}}},{"hash":"c702a222f2ff78d3d3a9d88ea625f40d6282e668","isMergeCommit":false,"messageTitle":"Update test files to reflect new methods","messageBody":"","fileTypesAndContributionMap":{"functional-code":{"insertions":3,"deletions":2},"test-code":{"insertions":15,"deletions":0}}}]},{"date":"2023-10-27","commitResults":[{"hash":"56acb8a21cdc159e241fcd458353cdff3dd9429f","isMergeCommit":true,"messageTitle":"Merge pull request #109 from wanghejin/branch-utfindb","messageBody":"Unit test for findb command","fileTypesAndContributionMap":{}},{"hash":"e2eb4673e21c63f521248455ab323f2588d29f6a","isMergeCommit":false,"messageTitle":"Update developer guide","messageBody":"","fileTypesAndContributionMap":{"docs":{"insertions":43,"deletions":0}}},{"hash":"99c825560c9c6b5ff962b9406cfd59cfde96dfdc","isMergeCommit":false,"messageTitle":"Update DG on addb and deleteb features","messageBody":"","fileTypesAndContributionMap":{"docs":{"insertions":33,"deletions":2}}},{"hash":"0a6deea65d9d034102036a55c0068830dff79406","isMergeCommit":false,"messageTitle":"Update UI to display Band which members are being listed","messageBody":"In the current version, when members of a band are listed,\nthe Band column of the UI displays all bands stored.\n\nDisplaying just the band whose members are listed helps avoid\nconfusion.\n","fileTypesAndContributionMap":{"functional-code":{"insertions":64,"deletions":35}}},{"hash":"60b904563c4b7fcdbb8ffa101d4d7a904011c138","isMergeCommit":false,"messageTitle":"Update list command to display all bands","messageBody":"The list command only displays all musicians stored as data.\nThis is unintuitive as not all the bands are displayed when list\ncommand is used.\n\nThe command has been updated to show all bands and musicians when\ncalled.\n","fileTypesAndContributionMap":{"functional-code":{"insertions":3,"deletions":0}}},{"hash":"3c2861db762b2e379187395e261e682922ec7afc","isMergeCommit":false,"messageTitle":"Update test files to reflect new methods","messageBody":"","fileTypesAndContributionMap":{"functional-code":{"insertions":3,"deletions":2},"test-code":{"insertions":15,"deletions":0}}},{"hash":"5c09f66d6a830285726664f69c68d53b9c972835","isMergeCommit":false,"messageTitle":"Update developer guide","messageBody":"","fileTypesAndContributionMap":{"docs":{"insertions":43,"deletions":0}}},{"hash":"e76e37f36e23f0a0994335478d72f44b7a77dd01","isMergeCommit":true,"messageTitle":"Merge pull request #116 from yytan25/master","messageBody":"Fix bugs due to merge conflicts","fileTypesAndContributionMap":{}}]},{"date":"2023-10-29","commitResults":[{"hash":"02e94cb73dc1deeb54fe1325a3003c1a7646a850","isMergeCommit":false,"messageTitle":"Add tests for DeleteBandCommand","messageBody":"There are multiple lines of code not covered by tests.\n","fileTypesAndContributionMap":{"functional-code":{"insertions":25,"deletions":0},"test-code":{"insertions":149,"deletions":0}}},{"hash":"2503f4e34c20d518d2e94b29885c7dc75f5082fe","isMergeCommit":false,"messageTitle":"Change files to follow checkstyle","messageBody":"","fileTypesAndContributionMap":{"functional-code":{"insertions":0,"deletions":2},"test-code":{"insertions":1,"deletions":18}}},{"hash":"1124697c5abdcf218b86b81293bb89397b3135ec","isMergeCommit":false,"messageTitle":"Edit files due to CI failure","messageBody":"","fileTypesAndContributionMap":{"test-code":{"insertions":5,"deletions":4}}}]},{"date":"2023-10-31","commitResults":[{"hash":"450273885c5bf387806f4e670427b3c90e30d7b2","isMergeCommit":false,"messageTitle":"Add editb command","messageBody":"","fileTypesAndContributionMap":{"functional-code":{"insertions":309,"deletions":0},"test-code":{"insertions":15,"deletions":0}}}]},{"date":"2023-11-01","commitResults":[{"hash":"3e18389c3becfdd5a4b26f65d1baf5bedf5167fd","isMergeCommit":false,"messageTitle":"Remove irrelevant imports","messageBody":"","fileTypesAndContributionMap":{"functional-code":{"insertions":8,"deletions":15}}},{"hash":"93a556e7bc4a9a094caaeec5ea39b4a0f0370369","isMergeCommit":false,"messageTitle":"Fix Edit Musician Bug","messageBody":"There was a bug in the edit musician method which resulted in\nthe new musician being added to all bands stored in the addressbook\nregardless of if they were there beforehand.\n\nThis bug has been fixed to only store the edited musician if they\nalready existed in a particular band prior to the edit.\n","fileTypesAndContributionMap":{"functional-code":{"insertions":3,"deletions":1}}},{"hash":"6ba85e18a556e0b09e5d22843e87a72e3a0d9880","isMergeCommit":false,"messageTitle":"Add tests for editb command","messageBody":"","fileTypesAndContributionMap":{"functional-code":{"insertions":17,"deletions":17},"test-code":{"insertions":248,"deletions":0}}},{"hash":"b1345b527c9e807af3f64519181e61725b8c2ec9","isMergeCommit":false,"messageTitle":"Update message display for editb command","messageBody":"","fileTypesAndContributionMap":{"functional-code":{"insertions":1,"deletions":3}}},{"hash":"579eda9750d3a5a595a1dcc9b80aae8255277f30","isMergeCommit":false,"messageTitle":"Add tests for EditBandCommandParser","messageBody":"Tests for the EditBandCommandParser class have been added to improve\ntest coverage of the code.\n","fileTypesAndContributionMap":{"test-code":{"insertions":127,"deletions":0}}}]},{"date":"2023-11-02","commitResults":[{"hash":"ce4e9552603bd52a640536c883ed3bfc7ade399e","isMergeCommit":true,"messageTitle":"Merge branch \u0027master\u0027 into branch-tagBandGenre","messageBody":"","fileTypesAndContributionMap":{}},{"hash":"58f330ffe378ded99bb7e3a1bc452acdea64fa3f","isMergeCommit":true,"messageTitle":"Merge pull request #141 from DeltonCheng/Update-AddMusicianToBandListTest-2","messageBody":"Update tests for AddMusicianToBand Command","fileTypesAndContributionMap":{}},{"hash":"97bc54ec27584c802e7d9d5caca405b87b13974e","isMergeCommit":true,"messageTitle":"Merge branch \u0027master\u0027 of https://github.com/AY2324S1-CS2103T-W11-3/tp into branch-tagBandGenre","messageBody":"","fileTypesAndContributionMap":{}},{"hash":"6cdcbb4f6a1ead9d00268311c04a62b46a684cf5","isMergeCommit":true,"messageTitle":"Merge pull request #135 from shuyangk/branch-tagBandGenre","messageBody":"Add editb command and relevant tests","fileTypesAndContributionMap":{}}]}],"yytan25":[{"date":"2023-10-05","commitResults":[{"hash":"22db241e66895516a1cb4962fdf47a0b91d581a3","isMergeCommit":false,"messageTitle":"Update AboutUs.md","messageBody":"","fileTypesAndContributionMap":{"other":{"insertions":1,"deletions":1},"docs":{"insertions":50,"deletions":4}}},{"hash":"b413aa34451d116ed527c77063a13893a312eb10","isMergeCommit":false,"messageTitle":"Update AboutUs.md","messageBody":"","fileTypesAndContributionMap":{"other":{"insertions":1,"deletions":1},"docs":{"insertions":48,"deletions":4}}},{"hash":"19c98ac5533a5ce8d885641d06432fdc95c30586","isMergeCommit":true,"messageTitle":"Merge remote-tracking branch \u0027origin/master\u0027","messageBody":"# Conflicts:\n#\tdocs/team/yytan25.md\n","fileTypesAndContributionMap":{}},{"hash":"ba368ddf7eb7fce6985d8bd9db29734c94ab8097","isMergeCommit":false,"messageTitle":"Update AboutUs.md","messageBody":"","fileTypesAndContributionMap":{"docs":{"insertions":1,"deletions":1}}},{"hash":"49e1f0287de7800ebb898d0aad6c6a32a4cdc2bd","isMergeCommit":false,"messageTitle":"Update Project Portfolio Page","messageBody":"","fileTypesAndContributionMap":{"docs":{"insertions":14,"deletions":22}}},{"hash":"755499d3426c61a779449254cd797a2e39a6c524","isMergeCommit":false,"messageTitle":"Update AboutUs.md","messageBody":"","fileTypesAndContributionMap":{"docs":{"insertions":1,"deletions":1}}},{"hash":"095d5653cb8c302346a8af7839c5e0ec5675005e","isMergeCommit":false,"messageTitle":"Update UserGuide.md","messageBody":"","fileTypesAndContributionMap":{"docs":{"insertions":32,"deletions":25}}},{"hash":"7c2996bf8b0f53af662b2f5303971262b0f7b6fa","isMergeCommit":false,"messageTitle":"Update UserGuide.md","messageBody":"","fileTypesAndContributionMap":{"docs":{"insertions":31,"deletions":25}}},{"hash":"c0fc53e39dc467fdf80f0b275a945d8b52a68511","isMergeCommit":true,"messageTitle":"Merge remote-tracking branch \u0027origin/UserGuide\u0027 into UserGuide","messageBody":"# Conflicts:\n#\tdocs/UserGuide.md\n","fileTypesAndContributionMap":{}}]},{"date":"2023-10-06","commitResults":[{"hash":"17ced969106be35054eed1c4433fca87e03eb96c","isMergeCommit":true,"messageTitle":"Merge branch \u0027master\u0027 into update-skeleton-ppp","messageBody":"","fileTypesAndContributionMap":{}},{"hash":"c0d018ed493ed2201e6ff29b88387de801d3d932","isMergeCommit":true,"messageTitle":"Merge pull request #26 from yytan25/update-skeleton-ppp","messageBody":"Update Yang Yi\u0027s Project Portfolio Page","fileTypesAndContributionMap":{}},{"hash":"08537c4503a2abb9e200b2bb40136b5b10f56fba","isMergeCommit":false,"messageTitle":"Fix indentation in build.gradle","messageBody":"","fileTypesAndContributionMap":{"other":{"insertions":1,"deletions":1},"docs":{"insertions":0,"deletions":44}}},{"hash":"9758a07ed5ab17e7d70762badf9c54fd587533ed","isMergeCommit":false,"messageTitle":"Fix indentation in build.gradle","messageBody":"","fileTypesAndContributionMap":{"other":{"insertions":1,"deletions":1},"docs":{"insertions":16,"deletions":24}}},{"hash":"7fd66a06a41d9665756dece398f90dd33f44a95c","isMergeCommit":true,"messageTitle":"Merge remote-tracking branch \u0027origin/update-about-us\u0027 into update-about-us","messageBody":"# Conflicts:\n#\tdocs/team/yytan25.md\n","fileTypesAndContributionMap":{}},{"hash":"07ec25ce7b45a0ab8fc5ab49622b211922ef4114","isMergeCommit":true,"messageTitle":"Merge branch \u0027master\u0027 into update-about-us","messageBody":"","fileTypesAndContributionMap":{}},{"hash":"5c7667af27fc8e11b5533818187da56bb9c40435","isMergeCommit":false,"messageTitle":"Edit command for \u0027remove\u0027","messageBody":"","fileTypesAndContributionMap":{"other":{"insertions":1,"deletions":1},"docs":{"insertions":14,"deletions":12}}},{"hash":"5ca137d7fc9f3b0740ba4b447a9d61db12be6561","isMergeCommit":true,"messageTitle":"Merge branch \u0027master\u0027 into UserGuide","messageBody":"","fileTypesAndContributionMap":{}},{"hash":"950bc5b08a13c97d70eafb46f6ceb7e73487df00","isMergeCommit":true,"messageTitle":"Merge branch \u0027master\u0027 into Update-UserGuide","messageBody":"","fileTypesAndContributionMap":{}},{"hash":"06efbf1b531369ea5bc74b16f2270e86601b37ba","isMergeCommit":true,"messageTitle":"Merge pull request #49 from DeltonCheng/Update-UserGuide","messageBody":"Update UG with the \"find\" feature","fileTypesAndContributionMap":{}},{"hash":"e426f0cff0959aee1e6e0012dbda892d4618752a","isMergeCommit":false,"messageTitle":"Add command \u0027tag instrument\u0027","messageBody":"","fileTypesAndContributionMap":{"docs":{"insertions":55,"deletions":45}}},{"hash":"4068b07aa37a37422a67d205678e7398b8213d2b","isMergeCommit":true,"messageTitle":"Merge pull request #54 from yytan25/add-taginstrument-ug","messageBody":"Add command \u0027tag instrument\u0027","tags":["v1.1"],"fileTypesAndContributionMap":{}}]},{"date":"2023-10-15","commitResults":[{"hash":"44739be9042e8302179787dde833c015b011df59","isMergeCommit":false,"messageTitle":"Create class \"Band\"","messageBody":"","fileTypesAndContributionMap":{"functional-code":{"insertions":120,"deletions":0}}},{"hash":"06af8fbf2de849f61bd6985a0741a53a277f75fa","isMergeCommit":false,"messageTitle":"Create class \"Band\"","messageBody":"","fileTypesAndContributionMap":{"functional-code":{"insertions":120,"deletions":0}}},{"hash":"8d5da5299bfa0f02013e519112280d4087da78dd","isMergeCommit":true,"messageTitle":"Merge remote-tracking branch \u0027origin/add-band-class\u0027 into add-band-class","messageBody":"# Conflicts:\n#\tsrc/main/java/seedu/address/model/band/Band.java\n","fileTypesAndContributionMap":{}},{"hash":"1121c073b4e7e4b64326902d89b08169a959a8af","isMergeCommit":false,"messageTitle":"Add Javadoc for constructor method","messageBody":"","fileTypesAndContributionMap":{"functional-code":{"insertions":3,"deletions":0}}},{"hash":"902cd9f799f3c7af092e6eb7bac333aa235c5721","isMergeCommit":false,"messageTitle":"Add test classes and methods","messageBody":"","fileTypesAndContributionMap":{"functional-code":{"insertions":7,"deletions":0},"test-code":{"insertions":193,"deletions":0}}}]},{"date":"2023-10-17","commitResults":[{"hash":"98dbd1fa46a83a902d777d5622c05a359d354107","isMergeCommit":false,"messageTitle":"Implement logic for ListBandCommand","messageBody":"","fileTypesAndContributionMap":{"functional-code":{"insertions":338,"deletions":1}}},{"hash":"0748462a27dc4f373b11e0b09ef397b2d507286e","isMergeCommit":false,"messageTitle":"Implement logic for ListBandCommand","messageBody":"","fileTypesAndContributionMap":{"functional-code":{"insertions":6,"deletions":4}}},{"hash":"5b7c2bb0dbea2dfdeca6065ce8c542eb4dfbfa7d","isMergeCommit":false,"messageTitle":"Implement logic for ListBandCommand","messageBody":"","fileTypesAndContributionMap":{"functional-code":{"insertions":25,"deletions":15}}},{"hash":"c2244478276d4c563e6c5cce8686a8919b77dfe6","isMergeCommit":false,"messageTitle":"Add Javadoc comments","messageBody":"","fileTypesAndContributionMap":{"functional-code":{"insertions":8,"deletions":0}}},{"hash":"1288e7410289202fc7cbdeb2eb75b05586f679a3","isMergeCommit":false,"messageTitle":"Add new band-related methods to ModelStub","messageBody":"","fileTypesAndContributionMap":{"test-code":{"insertions":26,"deletions":0}}},{"hash":"df5db6ef0f5c3bc7295b2b3bb3cb3c65e91f17e7","isMergeCommit":false,"messageTitle":"Change COMMAND_WORD to \u0027listb\u0027","messageBody":"","fileTypesAndContributionMap":{"functional-code":{"insertions":1,"deletions":1}}}]},{"date":"2023-10-18","commitResults":[{"hash":"24fcf7a56157833d4d84b0b876c42b2a93f8029b","isMergeCommit":true,"messageTitle":"Merge branch \u0027master\u0027 into command-viewband","messageBody":"","fileTypesAndContributionMap":{}},{"hash":"1d363016fc17cef827fd96e377bcfd0118e0df02","isMergeCommit":true,"messageTitle":"Merge pull request #80 from yytan25/command-viewband","messageBody":"Add command \"ListBand\"","fileTypesAndContributionMap":{}},{"hash":"bd07b5b2a80dffba1838ca528b403ceb301a64d3","isMergeCommit":false,"messageTitle":"Fix bugs in code and checkstyle","messageBody":"","fileTypesAndContributionMap":{"functional-code":{"insertions":0,"deletions":10},"test-code":{"insertions":0,"deletions":10}}},{"hash":"72d0dbbbf66c5dd16bb2251efbfb314dcca58242","isMergeCommit":false,"messageTitle":"Fix bugs in code and checkstyle","messageBody":"","fileTypesAndContributionMap":{"test-code":{"insertions":1,"deletions":1}}}]},{"date":"2023-10-19","commitResults":[{"hash":"c716609896654387a6e4b0b9f734247e75747b2e","isMergeCommit":true,"messageTitle":"Merge pull request #87 from DeltonCheng/Add-addMusiciantoBandCommand","messageBody":"Implemented addition of musician into a band","fileTypesAndContributionMap":{}},{"hash":"6c9324476812e2e85edb84750505b56254c91aa8","isMergeCommit":true,"messageTitle":"Merge pull request #84 from wanghejin/branch-uiBand","messageBody":"Update GUI with Band Panel","fileTypesAndContributionMap":{}},{"hash":"c3a0fc77db62325f979ed600e45de3b8af7db745","isMergeCommit":false,"messageTitle":"Implement method \u0027deleteBand\u0027","messageBody":"","fileTypesAndContributionMap":{"functional-code":{"insertions":100,"deletions":1},"test-code":{"insertions":5,"deletions":0}}},{"hash":"77cede20f418e835e1313452e2bb20cabc565743","isMergeCommit":false,"messageTitle":"Implement ListBandCommand using band index","messageBody":"","fileTypesAndContributionMap":{"functional-code":{"insertions":72,"deletions":24}}},{"hash":"b1ecc60c1df4972b1599dd8bcba8a7ba9cfbce62","isMergeCommit":true,"messageTitle":"Merge pull request #88 from shuyangk/branch-bandDocumentation","messageBody":"Update User and Developer guides","fileTypesAndContributionMap":{}},{"hash":"3adb95cb6b292f1375beea3e01b1431acda39ce0","isMergeCommit":false,"messageTitle":"Add new methods in ModelStub","messageBody":"","fileTypesAndContributionMap":{"test-code":{"insertions":3,"deletions":3}}},{"hash":"d5ac55ed964f8bdb188a72829288a7a9b8997ce1","isMergeCommit":true,"messageTitle":"Merge pull request #89 from yytan25/command-deleteband","messageBody":"Implement method \u0027deleteBand\u0027","fileTypesAndContributionMap":{}},{"hash":"7c82ec3018ac39c28ebf398e6e4db1756a6e29a2","isMergeCommit":false,"messageTitle":"Implement command \u0027RemoveMusicianFromBand\u0027","messageBody":"","fileTypesAndContributionMap":{"functional-code":{"insertions":139,"deletions":0},"test-code":{"insertions":5,"deletions":0}}},{"hash":"8d4d24e31b9a5d0b2d893dd7d859e872ed8c0a26","isMergeCommit":true,"messageTitle":"Merge pull request #90 from yytan25/fix-listbandcommand","messageBody":"Implement ListBandCommand using band index","fileTypesAndContributionMap":{}},{"hash":"c65132f58d0115834b6161568ef03a1311ba5820","isMergeCommit":false,"messageTitle":"Implement command \u0027RemoveMusicianFromBand\u0027","messageBody":"","fileTypesAndContributionMap":{"functional-code":{"insertions":139,"deletions":0},"test-code":{"insertions":5,"deletions":0}}},{"hash":"dd7e56a258883dd4440c9870615ef8c324d003ad","isMergeCommit":true,"messageTitle":"Merge remote-tracking branch \u0027origin/add-removemusiciancommand\u0027 into add-removemusiciancommand","messageBody":"","fileTypesAndContributionMap":{}},{"hash":"8161faa4bec38b00becef99b01d99cf9ea8efef4","isMergeCommit":false,"messageTitle":"Return message when musician is not in band","messageBody":"","fileTypesAndContributionMap":{"functional-code":{"insertions":13,"deletions":3}}},{"hash":"4a28c155ccdf03501a7d5a658fa3b5952751a0d9","isMergeCommit":false,"messageTitle":"Add unit tests for UniqueBandList","messageBody":"","fileTypesAndContributionMap":{"functional-code":{"insertions":23,"deletions":0},"other":{"insertions":1,"deletions":1},"test-code":{"insertions":200,"deletions":7}}},{"hash":"f0c93523a76d1f50b985da6b45d4c1edc31ecae8","isMergeCommit":true,"messageTitle":"Merge pull request #94 from tanyyyming/find-musicians-by-instrument-and-genre","messageBody":"Find musicians by instrument and genre","fileTypesAndContributionMap":{}},{"hash":"6cc367b9241cfd7140e0fae87a8e65621ef1a0e9","isMergeCommit":false,"messageTitle":"Fix checkstyle","messageBody":"","fileTypesAndContributionMap":{"test-code":{"insertions":9,"deletions":12}}}]},{"date":"2023-10-20","commitResults":[{"hash":"dd6a6629a76db22d64a393f529085093ed1cc7bf","isMergeCommit":true,"messageTitle":"Merge pull request #95 from yytan25/addbandtests-general","messageBody":"Add unit tests for UniqueBandList","fileTypesAndContributionMap":{}},{"hash":"4a3310e11bac2d83b541caeaf06dfb4b593132c6","isMergeCommit":false,"messageTitle":"Refactor commands into packages \u0027band\u0027, \u0027general\u0027, \u0027musician\u0027","messageBody":"","fileTypesAndContributionMap":{"functional-code":{"insertions":20,"deletions":12},"other":{"insertions":105,"deletions":52},"test-code":{"insertions":14,"deletions":13}}},{"hash":"e272f99bf540b6764e2ea968424b7a899c9ce359","isMergeCommit":false,"messageTitle":"Edit AddMusiciantoBandCommand to use 1-based indices","messageBody":"","fileTypesAndContributionMap":{"functional-code":{"insertions":33,"deletions":20}}},{"hash":"37f50ce267ce6567049df6b08eea9a72bff3a5b6","isMergeCommit":true,"messageTitle":"Merge pull request #98 from yytan25/addMusicianToBand-toOneBasedIndex","messageBody":"Edit AddMusiciantoBandCommand to use 1-based indices","tags":["v1.2"],"fileTypesAndContributionMap":{}},{"hash":"f18063a21a01b3c47ab0f2f7b29436ba83c6799d","isMergeCommit":false,"messageTitle":"Implement command \u0027RemoveMusicianFromBand\u0027","messageBody":"","fileTypesAndContributionMap":{"functional-code":{"insertions":139,"deletions":0},"test-code":{"insertions":5,"deletions":0}}},{"hash":"d187dad779a2bbd1e9637771e0a127a1f748c392","isMergeCommit":false,"messageTitle":"Return message when musician is not in band","messageBody":"","fileTypesAndContributionMap":{"functional-code":{"insertions":13,"deletions":3}}},{"hash":"0fe1778a0cfa6dfc6d327991e5946addc426feac","isMergeCommit":true,"messageTitle":"Merge remote-tracking branch \u0027origin/add-removemusiciancommand\u0027 into add-removemusiciancommand","messageBody":"","fileTypesAndContributionMap":{}}]},{"date":"2023-10-23","commitResults":[{"hash":"cf206a2cc89653916f900b48d8d609664090d79d","isMergeCommit":false,"messageTitle":"Fix bug: command fails to remove musician","messageBody":"","fileTypesAndContributionMap":{"functional-code":{"insertions":6,"deletions":7}}},{"hash":"2bc8b809c06ca767add46adbb343219f79bd017c","isMergeCommit":false,"messageTitle":"Implement command \u0027RemoveMusicianFromBand\u0027","messageBody":"","fileTypesAndContributionMap":{"functional-code":{"insertions":139,"deletions":0},"test-code":{"insertions":5,"deletions":0}}},{"hash":"2cbe9ad12fb6db56c87a5d3cd4e4082878cda31e","isMergeCommit":false,"messageTitle":"Return message when musician is not in band","messageBody":"","fileTypesAndContributionMap":{"functional-code":{"insertions":13,"deletions":3}}},{"hash":"be43cd3c15edd4d32b0a72b1effe955aa1393daa","isMergeCommit":false,"messageTitle":"Implement command \u0027RemoveMusicianFromBand\u0027","messageBody":"","fileTypesAndContributionMap":{"functional-code":{"insertions":3,"deletions":13}}},{"hash":"466abc2026cb46f39e14aea7968f42f968f6bddc","isMergeCommit":false,"messageTitle":"Return message when musician is not in band","messageBody":"","fileTypesAndContributionMap":{"functional-code":{"insertions":13,"deletions":3}}},{"hash":"6475a83191a599b06478af33ba2cc4c01e5d2f32","isMergeCommit":false,"messageTitle":"Fix bug: command fails to remove musician","messageBody":"","fileTypesAndContributionMap":{"functional-code":{"insertions":6,"deletions":7}}},{"hash":"a8344617faee612e80ba63dbb2cc10011dc4bc07","isMergeCommit":true,"messageTitle":"Merge remote-tracking branch \u0027origin/add-removemusiciancommand\u0027 into add-removemusiciancommand","messageBody":"","fileTypesAndContributionMap":{}},{"hash":"2fe68e657c12966fb9180fc059ca54af7441736b","isMergeCommit":false,"messageTitle":"Add corresponding methods in ModelStubs","messageBody":"","fileTypesAndContributionMap":{"test-code":{"insertions":10,"deletions":0}}}]},{"date":"2023-10-27","commitResults":[{"hash":"800bb798f1b91d6157b456b0b19806ac8de8665b","isMergeCommit":true,"messageTitle":"Refactor commands","messageBody":"","fileTypesAndContributionMap":{}},{"hash":"b9b0e04863e8acab1c804e5d8b8b83bc31a983d1","isMergeCommit":false,"messageTitle":"Refactor commands","messageBody":"","fileTypesAndContributionMap":{"functional-code":{"insertions":18,"deletions":11}}},{"hash":"83eebd803370e63c507674da3fe09bac6fc0a56f","isMergeCommit":true,"messageTitle":"Merge branch \u0027yytan25-task-refactorCommands\u0027","messageBody":"","fileTypesAndContributionMap":{}},{"hash":"07b6136a5eee643fcbc77738a810b0339332803b","isMergeCommit":false,"messageTitle":"Refactor commands","messageBody":"","fileTypesAndContributionMap":{"test-code":{"insertions":4,"deletions":0}}},{"hash":"f6a18120d0547876c9c0d0daba0ad9319f47a231","isMergeCommit":true,"messageTitle":"Merge pull request #115 from yytan25/master","messageBody":"Refactor commands","fileTypesAndContributionMap":{}},{"hash":"f98e679380eef6cea0fc787d62131efbe729fd12","isMergeCommit":false,"messageTitle":"Refactor commands into packages \u0027band\u0027, \u0027general\u0027, \u0027musician\u0027","messageBody":"","fileTypesAndContributionMap":{"functional-code":{"insertions":85,"deletions":14},"other":{"insertions":101,"deletions":58},"test-code":{"insertions":14,"deletions":13}}},{"hash":"b84b0a62321c4e949b7fa279fc9206db3808e737","isMergeCommit":false,"messageTitle":"Refactor commands","messageBody":"","fileTypesAndContributionMap":{"functional-code":{"insertions":3,"deletions":4}}},{"hash":"bfe39de83ead807a664b2356a260db1c1862a0b1","isMergeCommit":false,"messageTitle":"Refactor commands","messageBody":"","fileTypesAndContributionMap":{"test-code":{"insertions":4,"deletions":0}}},{"hash":"c4007efc29bb9377c77adf4fcce04caba656a10b","isMergeCommit":true,"messageTitle":"Merge remote-tracking branch \u0027origin/master\u0027","messageBody":"# Conflicts:\n#\tdocs/DeveloperGuide.md\n#\tsrc/main/java/seedu/address/logic/commands/band/ListBandCommand.java\n#\tsrc/main/java/seedu/address/logic/parser/band/AddMusiciantoBandCommandParser.java\n#\tsrc/main/java/seedu/address/logic/parser/band/ListBandCommandParser.java\n#\tsrc/main/java/seedu/address/model/Model.java\n#\tsrc/main/java/seedu/address/model/ModelManager.java\n#\tsrc/test/java/seedu/address/logic/commands/musician/AddCommandTest.java\n","fileTypesAndContributionMap":{}},{"hash":"c2e8a26f76d533c37bff6898e51a4623b55fe3e6","isMergeCommit":false,"messageTitle":"Fix bugs due to merge conflicts","messageBody":"","fileTypesAndContributionMap":{"functional-code":{"insertions":1,"deletions":8}}},{"hash":"5cd39f56823cb5550c8a1a3db79ee81046aa8a38","isMergeCommit":false,"messageTitle":"Fix bugs due to merge conflicts","messageBody":"","fileTypesAndContributionMap":{"functional-code":{"insertions":0,"deletions":118}}},{"hash":"b5c48de6d99f8f441f80da53a3b26e21121377aa","isMergeCommit":false,"messageTitle":"Fix bugs due to merge conflicts","messageBody":"","fileTypesAndContributionMap":{"test-code":{"insertions":0,"deletions":5}}},{"hash":"9845b1f65db63956318e9536dc8c12ca1655f207","isMergeCommit":false,"messageTitle":"Fix bugs due to merge conflicts","messageBody":"","fileTypesAndContributionMap":{"functional-code":{"insertions":0,"deletions":15}}},{"hash":"54441d64fff51316cc69675f83cd25ec1d29959d","isMergeCommit":true,"messageTitle":"Merge pull request #114 from shuyangk/branch-developerGuideW10","messageBody":"Update DG on addb and deleteb features","fileTypesAndContributionMap":{}},{"hash":"5e1de40a7d9a6e16170130bdd7bee7afaf59e4de","isMergeCommit":false,"messageTitle":"Add UC11 to DeveloperGuide.md","messageBody":"","fileTypesAndContributionMap":{"docs":{"insertions":16,"deletions":0}}},{"hash":"c9326d8b8ed6a42c32739ecddceb138558e6a5b2","isMergeCommit":false,"messageTitle":"Rename class to \"AddMusicianToBandCommand\"","messageBody":"","fileTypesAndContributionMap":{"functional-code":{"insertions":6,"deletions":5},"other":{"insertions":24,"deletions":23}}},{"hash":"1ae6e279fc71c317aa509e6fb681c76cc9b44589","isMergeCommit":false,"messageTitle":"Fix bug: out of range indices","messageBody":"","fileTypesAndContributionMap":{"functional-code":{"insertions":8,"deletions":2}}},{"hash":"7c804f466e24f2aa4bcc5eb04a97724207d65e3c","isMergeCommit":true,"messageTitle":"Merge pull request #118 from DeltonCheng/Update-UniqueMusicianListTest","messageBody":"Update tests for UniqueMusicianListTest","fileTypesAndContributionMap":{}}]},{"date":"2023-10-28","commitResults":[{"hash":"6678520a0b787a863336ad7ff563d4b2932fb9ca","isMergeCommit":true,"messageTitle":"Merge pull request #125 from DeltonCheng/Update-DG-Implementation-AddMusicianToBand","messageBody":"Update DG Implementation for AddMusicianToBand","fileTypesAndContributionMap":{}},{"hash":"3a932ec349ba654d2d682e39d65d1ee4c216a13b","isMergeCommit":true,"messageTitle":"Merge pull request #119 from yytan25/fix-addMusicianToBandCommand","messageBody":"Fix bugs in \"AddMusicianToBandCommand\"","fileTypesAndContributionMap":{}},{"hash":"b33dcac247f0c2984fee597cd5dbdcbe2e70b874","isMergeCommit":true,"messageTitle":"Merge pull request #117 from yytan25/edit-developer-guide","messageBody":"Add use case for removing musician from band","fileTypesAndContributionMap":{}}]},{"date":"2023-10-30","commitResults":[{"hash":"48821cec14ed9a2230cbeff4c64888c0090225e0","isMergeCommit":true,"messageTitle":"Merge pull request #129 from shuyangk/branch-deleteBandTest","messageBody":"Add tests for DeleteBandCommand","fileTypesAndContributionMap":{}},{"hash":"d589c4ec6431a225830005950eb1dbdae973300a","isMergeCommit":true,"messageTitle":"Merge pull request #128 from DeltonCheng/Update-tests-for-UnqiueBandList","messageBody":"Update tests for UniqueBandList","fileTypesAndContributionMap":{}}]},{"date":"2023-11-02","commitResults":[{"hash":"e868f5482f19fd8706c672443fcffa951d4010c6","isMergeCommit":true,"messageTitle":"Merge pull request #143 from tanyyyming/list-all-tags-command","messageBody":"Refactor ListCommand and add ListAllTagCommand","fileTypesAndContributionMap":{}},{"hash":"a77995f4e19f6e12680f56864384a711df133edf","isMergeCommit":true,"messageTitle":"Merge pull request #144 from tanyyyming/command-messages-bug","messageBody":"Fix errors and customise the command messages for our application","fileTypesAndContributionMap":{}}]}]},"authorFileTypeContributionMap":{"DeltonCheng":{"docs":133,"functional-code":511,"test-code":730},"tanyyyming":{"docs":85,"functional-code":760,"test-code":378},"wanghejin":{"docs":244,"functional-code":687,"test-code":847,"other":4},"shuyangk":{"docs":234,"functional-code":393,"test-code":580,"other":4},"yytan25":{"docs":116,"functional-code":630,"test-code":415}},"authorContributionVariance":{"DeltonCheng":11265.473,"tanyyyming":11578.013,"wanghejin":190968.08,"shuyangk":13632.3955,"yytan25":32396.932},"authorDisplayNameMap":{"DeltonCheng":"CS2103T-W11-3 DELT.. ZHI","tanyyyming":"CS2103T-W11-3 TAN ..MING","wanghejin":"CS2103T-W11-3 WANG..EJIN","shuyangk":"CS2103T-W11-3 KOH ..YANG","yytan25":"CS2103T-W11-3 TAN ..G YI"}}
