{"authorDailyContributionsMap":{"ruishanteo":[{"date":"2023-09-22","commitResults":[{"hash":"afef9c9e9933a18d6377d5ffa9ec7c1c0fa9efa8","isMergeCommit":false,"messageTitle":"Add info","messageBody":"","fileTypesAndContributionMap":{"docs":{"insertions":25,"deletions":0}}}]},{"date":"2023-09-23","commitResults":[{"hash":"92d766c2f5011e2fffdaa8e5b79f12ebb66d2be4","isMergeCommit":false,"messageTitle":"Update info","messageBody":"","fileTypesAndContributionMap":{"docs":{"insertions":2,"deletions":0}}},{"hash":"6593b4019cded1f58994b85b18a01e4a8f5391f6","isMergeCommit":true,"messageTitle":"Merge pull request #8 from ruishanteo/add-ruishanteo-info","messageBody":"Create PPP Skeleton for Rui Shan","fileTypesAndContributionMap":{}},{"hash":"cb2d876a7abc8bb4f497722946c5749c1c0bc4ce","isMergeCommit":true,"messageTitle":"Merge pull request #23 from mfjkri/add-mfjkri-info","messageBody":"Create PPP Skeleton for Fikri","fileTypesAndContributionMap":{}}]},{"date":"2023-10-03","commitResults":[{"hash":"51ecbe2e59ecc9166fc693005ed1dd6f0245a054","isMergeCommit":false,"messageTitle":"Add aboutUs","messageBody":"","fileTypesAndContributionMap":{"docs":{"insertions":5,"deletions":5}}},{"hash":"a46d7c87005535e2c72dec698abac4d875cf99b9","isMergeCommit":true,"messageTitle":"Merge pull request #31 from dishenggg/add-dishenggg-info","messageBody":"Add AboutUs section for Di Sheng","fileTypesAndContributionMap":{}},{"hash":"ecad3fd3ac2100ac27c8104eb9fb099e8fae0f7a","isMergeCommit":false,"messageTitle":"Add user guide for v1.1","messageBody":"","fileTypesAndContributionMap":{"docs":{"insertions":64,"deletions":124}}}]},{"date":"2023-10-04","commitResults":[{"hash":"e160b129843e5b4bcc2e08036509aba7a91a633f","isMergeCommit":false,"messageTitle":"Add bullet points","messageBody":"","fileTypesAndContributionMap":{"docs":{"insertions":3,"deletions":3}}},{"hash":"01a6084345a2259a354561667bbae7702e769fb3","isMergeCommit":false,"messageTitle":"Update information blocks","messageBody":"","fileTypesAndContributionMap":{"docs":{"insertions":2,"deletions":7}}},{"hash":"8e0a411fea8c24142f61ff6945d429e85997daaa","isMergeCommit":false,"messageTitle":"Update common notations block","messageBody":"","fileTypesAndContributionMap":{"docs":{"insertions":49,"deletions":24}}},{"hash":"2d43039e5ce263856e9e0950a96a0476f0971ea8","isMergeCommit":false,"messageTitle":"Update notation icons","messageBody":"","fileTypesAndContributionMap":{"docs":{"insertions":3,"deletions":3}}},{"hash":"9c759714792e8a7ed19312452fa00b7ce4018b43","isMergeCommit":true,"messageTitle":"Merge pull request #28 from mfjkri/update-readme-for-v1.1","messageBody":"Update README for TutorConnect v1.1","fileTypesAndContributionMap":{}}]}],"saltedfishxx":[{"date":"2023-10-04","commitResults":[{"hash":"39b3a0dbd3a029fcb6fc767f85eb2d2fabb605fe","isMergeCommit":false,"messageTitle":"Add PPP draft","messageBody":"","fileTypesAndContributionMap":{"docs":{"insertions":0,"deletions":0}}},{"hash":"8ae269305e8af201af6f128cd6f1e077bb046517","isMergeCommit":false,"messageTitle":"Added PPP contents","messageBody":"","fileTypesAndContributionMap":{"docs":{"insertions":27,"deletions":0}}},{"hash":"0a4c510c1b9b80958eecafd0904f4bd8e2d690dc","isMergeCommit":false,"messageTitle":"Add AboutUs","messageBody":"","fileTypesAndContributionMap":{"docs":{"insertions":4,"deletions":4}}},{"hash":"c14a71b1e8ca20074a2d117eb1168628dab7a9da","isMergeCommit":true,"messageTitle":"Merge branch \u0027AY2324S1-CS2103T-T17-3:master\u0027 into add-aboutus-section-xuan-yi","messageBody":"","fileTypesAndContributionMap":{}},{"hash":"c8b82397f5071425fffca6a1b2cb492e129c23ca","isMergeCommit":true,"messageTitle":"Merge branch \u0027AY2324S1-CS2103T-T17-3:master\u0027 into add-saltedfishxx-info","messageBody":"","fileTypesAndContributionMap":{}}]},{"date":"2023-10-05","commitResults":[{"hash":"aac0b430f50ec1753b2375fa8d9ed208d611eab5","isMergeCommit":true,"messageTitle":"Merge pull request #46 from saltedfishxx/add-aboutus-section-xuan-yi","messageBody":"Add AboutUs section for Xuan Yi","fileTypesAndContributionMap":{}}]}],"Jweng88":[{"date":"2023-09-29","commitResults":[{"hash":"9db742a716495063606ae810859d76f963bb69f1","isMergeCommit":false,"messageTitle":"Create PPP skeleton for Joshua Weng","messageBody":"","fileTypesAndContributionMap":{"docs":{"insertions":27,"deletions":0}}},{"hash":"0d4fd400f029c8f3be3b7b94e5d8559a0d005ce8","isMergeCommit":false,"messageTitle":"Add \u0027to be added soon\u0027 to empty bullet points","messageBody":"","fileTypesAndContributionMap":{"docs":{"insertions":6,"deletions":6}}}]},{"date":"2023-10-03","commitResults":[{"hash":"2bfb05dafdb0b007ba124b7386dd1787c495fa03","isMergeCommit":true,"messageTitle":"Merge pull request #29 from mfjkri/add-mfjkri-aboutus","messageBody":"Add AboutUs section for Muhammad Fikri","fileTypesAndContributionMap":{}},{"hash":"e35ca4624ebef66cce18c3c1044926a1ed5c7bde","isMergeCommit":false,"messageTitle":"Add AboutUs section for Joshua Weng Hao","messageBody":"","fileTypesAndContributionMap":{"docs":{"insertions":5,"deletions":5}}},{"hash":"a17f1634c61b3dc6545a0872afd1ec3a37be2f89","isMergeCommit":false,"messageTitle":"Update profile photo for Joshua Weng Hao","messageBody":"","fileTypesAndContributionMap":{"docs":{"insertions":1,"deletions":1}}},{"hash":"367cdaf19fdac6bdd1b70cf9fcfb0e9d664e774e","isMergeCommit":true,"messageTitle":"Merge pull request #33 from mfjkri/add-mfjkri-aboutus","messageBody":"Add placeholder image for AboutUs section ","fileTypesAndContributionMap":{}}]},{"date":"2023-10-04","commitResults":[{"hash":"71f82948797de17250bc6828f69787dd4e0e96d8","isMergeCommit":true,"messageTitle":"Merge pull request #37 from dishenggg/update-ug-add-schedule","messageBody":"Add add-s command to UG","fileTypesAndContributionMap":{}},{"hash":"296572eb021d5871fc8c35c813fa8daf5f2c9579","isMergeCommit":false,"messageTitle":"Add list-t command to UG","messageBody":"","fileTypesAndContributionMap":{"docs":{"insertions":24,"deletions":1}}},{"hash":"7f21da3b9f24d2c32c53cac7169b5a550683a4f5","isMergeCommit":false,"messageTitle":"Update error message of the list-t command","messageBody":"","fileTypesAndContributionMap":{"docs":{"insertions":1,"deletions":1}}}]},{"date":"2023-10-05","commitResults":[{"hash":"c6ab567e765fc2ac55a3e1d1ad4ac4eba3eda90a","isMergeCommit":false,"messageTitle":"Add delete-t command to UG","messageBody":"","fileTypesAndContributionMap":{"docs":{"insertions":25,"deletions":1}}},{"hash":"e59952022453e0030f30d9226e26e9e9360e5d59","isMergeCommit":false,"messageTitle":"Update the formatting of the list-t section","messageBody":"","fileTypesAndContributionMap":{"docs":{"insertions":3,"deletions":3}}}]}],"dishenggg":[{"date":"2023-09-28","commitResults":[{"hash":"69bc47dc6de1ef850379676964728ed9f2b68220","isMergeCommit":false,"messageTitle":"Create PPP skeleton for Di Sheng","messageBody":"","fileTypesAndContributionMap":{"docs":{"insertions":27,"deletions":0}}}]},{"date":"2023-09-30","commitResults":[{"hash":"7e232f6a1e28c3ce4f5a304b85336ae52ed7701a","isMergeCommit":true,"messageTitle":"Merge pull request #27 from Jweng88/add-Jweng88-info","messageBody":"Create PPP skeleton for Joshua Weng","fileTypesAndContributionMap":{}}]},{"date":"2023-10-03","commitResults":[{"hash":"72208d254b74ade8360beba6a1dc7269ae36a39d","isMergeCommit":false,"messageTitle":"Add Di Sheng to AboutUs.md","messageBody":"Update information and add place holder image\n","fileTypesAndContributionMap":{"docs":{"insertions":5,"deletions":5}}},{"hash":"8be3853a0f09f4a4232b8b187bb0df8492d30878","isMergeCommit":true,"messageTitle":"Merge pull request #30 from Jweng88/add-Jweng88-aboutus","messageBody":"Add AboutUs section for Joshua Weng Hao","fileTypesAndContributionMap":{}}]},{"date":"2023-10-04","commitResults":[{"hash":"feed9707de3455942911a3de033cf8f343d39b5c","isMergeCommit":true,"messageTitle":"Merge pull request #34 from ruishanteo/update-userguide-for-v1.1","messageBody":"Add User Guide for TutorConnect v1.1","fileTypesAndContributionMap":{}},{"hash":"9ed1c38b052456cbd28afd69f7052a584548f9d2","isMergeCommit":false,"messageTitle":"Add add-s command to UG","messageBody":"Add UI Mock\nAdd information for add-s command\n","fileTypesAndContributionMap":{"docs":{"insertions":55,"deletions":9}}},{"hash":"9035987ede3059779434d3b3693abf8271afc3f7","isMergeCommit":false,"messageTitle":"Update quick start","messageBody":"Change java 11 and above to java 11 only\nIndent information block for Mac User to fix formatting\n","fileTypesAndContributionMap":{"docs":{"insertions":10,"deletions":9}}}]}],"mfjkri":[{"date":"2023-09-23","commitResults":[{"hash":"b8c80a5d435e2d68c013b95d91b97dbc58ae2236","isMergeCommit":false,"messageTitle":"Create PPP Skeleton for Fikri","messageBody":"","fileTypesAndContributionMap":{"docs":{"insertions":27,"deletions":0}}},{"hash":"a708834a1fd6be21896d4b61b4555fc186d70860","isMergeCommit":false,"messageTitle":"Add missing newline at EOF in AboutUs page","messageBody":"","fileTypesAndContributionMap":{"docs":{"insertions":2,"deletions":1}}},{"hash":"4bc4fa7babe7c3d7dee79c73c693d856e79c66e1","isMergeCommit":false,"messageTitle":"Remove trailing whitespace in PPP","messageBody":"","fileTypesAndContributionMap":{"docs":{"insertions":0,"deletions":1}}}]},{"date":"2023-09-29","commitResults":[{"hash":"df7dd47906572f9273846e8c69f1c0b36fe7f667","isMergeCommit":true,"messageTitle":"Merge pull request #24 from dishenggg/add-dishenggg-info","messageBody":"Create PPP skeleton for Di Sheng","fileTypesAndContributionMap":{}},{"hash":"0a79306257fdcfaddbfbf1d5c2d2d798db65c2bd","isMergeCommit":true,"messageTitle":"Merge pull request #26 from dishenggg/update-site-wide-settings","messageBody":"Update site-wide settings for Jekyll","fileTypesAndContributionMap":{}}]},{"date":"2023-10-03","commitResults":[{"hash":"ecdbe8ae2f059ff8b4f0faded92e710b686e3f4a","isMergeCommit":false,"messageTitle":"Update README for TutorConnect v1.1","messageBody":"","fileTypesAndContributionMap":{"docs":{"insertions":37,"deletions":10}}},{"hash":"bf466c2f839f0bfb97bcafaded61019a2f45404d","isMergeCommit":false,"messageTitle":"Add AboutUs section for Muhammad Fikri","messageBody":"","fileTypesAndContributionMap":{"docs":{"insertions":5,"deletions":5}}},{"hash":"63c748d90f0aa034c32f401a09c848ec60143207","isMergeCommit":true,"messageTitle":"Merge pull request #32 from ruishanteo/add-ruishanteo-aboutus","messageBody":"Add AboutUs section for Rui Shan","fileTypesAndContributionMap":{}},{"hash":"db6d1dead0e355450abde1c305377d6c8a5acf87","isMergeCommit":false,"messageTitle":"Add placeholder image","messageBody":"","fileTypesAndContributionMap":{"docs":{"insertions":1,"deletions":1}}}]},{"date":"2023-10-04","commitResults":[{"hash":"50ca916f9eb51a390c5be3f8c12feecc2f3d1130","isMergeCommit":false,"messageTitle":"Add new user stories","messageBody":"","fileTypesAndContributionMap":{"docs":{"insertions":32,"deletions":11}}},{"hash":"65149d0eec6ce78d4e1082461f9de3f21c3a2539","isMergeCommit":false,"messageTitle":"Add use cases for complex user stories","messageBody":"","fileTypesAndContributionMap":{"docs":{"insertions":223,"deletions":6}}},{"hash":"23cd1300580ee635f8e7e67b8715fa7951866b72","isMergeCommit":false,"messageTitle":"Fix typo in view schedules by tutor use case","messageBody":"","fileTypesAndContributionMap":{"docs":{"insertions":1,"deletions":1}}},{"hash":"8cd40876333547bf4ad89b511c7d8906dc6074d6","isMergeCommit":false,"messageTitle":"Add non-functional requirements and glossary terms","messageBody":"","fileTypesAndContributionMap":{"docs":{"insertions":11,"deletions":3}}}]},{"date":"2023-10-05","commitResults":[{"hash":"a427db0b332deb02701583c3bdd4fe5187661ce4","isMergeCommit":true,"messageTitle":"Merge pull request #45 from saltedfishxx/add-saltedfishxx-info","messageBody":"Create PPP skeleton for Xuan Yi","fileTypesAndContributionMap":{}},{"hash":"ae4033732850eaa6b99e17cc89f9e500c252547a","isMergeCommit":true,"messageTitle":"Merge pull request #35 from mfjkri/update-developer-guide-for-v1.1","messageBody":"Update Developer Guide for v1.1","fileTypesAndContributionMap":{}},{"hash":"a925f8c63417d87547aec1357d278800ab9b39c4","isMergeCommit":true,"messageTitle":"Merge pull request #47 from Jweng88/update-ug-list-tutor","messageBody":"Add list-t command to UG","fileTypesAndContributionMap":{}},{"hash":"0b760e53aa7aeb20b5237818444ce87254f54aae","isMergeCommit":true,"messageTitle":"Merge pull request #48 from Jweng88/update-ug-tutor-delete","messageBody":"Add delete-t command to UG","fileTypesAndContributionMap":{}}]}]},"authorFileTypeContributionMap":{"ruishanteo":{"docs":106,"functional-code":0,"test-code":0},"saltedfishxx":{"docs":31,"functional-code":0,"test-code":0},"Jweng88":{"docs":65,"functional-code":0,"test-code":0},"dishenggg":{"docs":77,"functional-code":0,"test-code":0,"other":1},"mfjkri":{"docs":318,"functional-code":0,"test-code":0}},"authorContributionVariance":{"ruishanteo":2957.1682,"saltedfishxx":81.25,"Jweng88":182.40817,"dishenggg":477.81635,"mfjkri":5512.857},"authorDisplayNameMap":{"ruishanteo":"CS2103T-T17-3 TEO ..SHAN","saltedfishxx":"CS2103T-T17-3 SEOW..N YI","Jweng88":"CS2103T-T17-3 JOSH.. HAO","dishenggg":"CS2103T-T17-3 YEO ..HENG","mfjkri":"CS2103T-T17-3 MUHA..ALAM"}}
