{"authorDailyContributionsMap":{"ItsTYtan":[{"date":"2023-09-28","commitResults":[{"hash":"2ce603f684038280f97ab19ca59511ae3c13e675","isMergeCommit":false,"messageTitle":"Add first iteration","messageBody":"","fileTypesAndContributionMap":{"docs":{"insertions":22,"deletions":4}}},{"hash":"046373957b8f70b0d7b1e24a0d78b7f5219f4200","isMergeCommit":true,"messageTitle":"Merge branch \u0027master\u0027 of https://github.com/AY2324S1-CS2103T-F10-3/tp","messageBody":"","fileTypesAndContributionMap":{}},{"hash":"d1e0348936804d6c950edf8877fc4d455bfdb554","isMergeCommit":true,"messageTitle":"Merge pull request #20 from ItsTYtan/master","messageBody":"Add first iteration - ItsTYtan","fileTypesAndContributionMap":{}}]},{"date":"2023-10-02","commitResults":[{"hash":"4eb66ea502a254c04f72b51ac404064ae00ad92b","isMergeCommit":false,"messageTitle":"adds dummy commit","messageBody":"","fileTypesAndContributionMap":{"docs":{"insertions":1,"deletions":0}}}]},{"date":"2023-10-03","commitResults":[{"hash":"926f0581cba47f654c612458a06154805325312b","isMergeCommit":true,"messageTitle":"Merge pull request #27 from ItsTYtan/dummy-branch","messageBody":"adds dummy commit","fileTypesAndContributionMap":{}}]},{"date":"2023-10-11","commitResults":[{"hash":"bc5c431a15a5c1b3d723362169cf337da0f3ed3a","isMergeCommit":false,"messageTitle":"Refactor the storage classes","messageBody":"","fileTypesAndContributionMap":{"functional-code":{"insertions":191,"deletions":288},"other":{"insertions":45,"deletions":45},"test-code":{"insertions":14,"deletions":14}}},{"hash":"63bb8af0692a39fab18bf08dee78f3030db07989","isMergeCommit":true,"messageTitle":"Merge pull request #42 from ItsTYtan/branch-refactoring","messageBody":"Refactor the storage classes","fileTypesAndContributionMap":{}}]}],"prawnzyy":[{"date":"2023-09-25","commitResults":[{"hash":"ce15a8db4b5d2dca5caa4839d3e93edd844aac23","isMergeCommit":false,"messageTitle":"Add PPP","messageBody":"","fileTypesAndContributionMap":{"docs":{"insertions":13,"deletions":0}}},{"hash":"631b8e4905fb52ae8defb12702cc525e73a5f1ec","isMergeCommit":false,"messageTitle":"Fix Checkstyle","messageBody":"","fileTypesAndContributionMap":{"docs":{"insertions":1,"deletions":1}}}]},{"date":"2023-09-27","commitResults":[{"hash":"4a7034b509af1f7a41c72c7eefb121e956f2d6a4","isMergeCommit":true,"messageTitle":"Merge pull request #6 from prawnzyy/branch-add-PPP","messageBody":"Add PPP","fileTypesAndContributionMap":{}}]},{"date":"2023-09-28","commitResults":[{"hash":"685199af359ad46867449cc253189fea382cce04","isMergeCommit":false,"messageTitle":"Update ReadMe","messageBody":"","fileTypesAndContributionMap":{"docs":{"insertions":19,"deletions":16}}},{"hash":"a3620ad2e87b52450c4a5fe1a15cbd60b14b26b4","isMergeCommit":true,"messageTitle":"Merge pull request #19 from prawnzyy/master","messageBody":"Update ReadMe","fileTypesAndContributionMap":{}}]},{"date":"2023-09-29","commitResults":[{"hash":"b8e0e4a686cab5fefabd0cc627d1307b224a952b","isMergeCommit":true,"messageTitle":"Merge pull request #21 from TohLiYuan/master","messageBody":"Add DG\r\nFixes #22 ","fileTypesAndContributionMap":{}}]},{"date":"2023-09-30","commitResults":[{"hash":"a75e53c161870919a20dc6522675f13e0c74bf66","isMergeCommit":false,"messageTitle":"Update ReadMe","messageBody":"","fileTypesAndContributionMap":{"docs":{"insertions":1,"deletions":0}}},{"hash":"4ec682ae1bfae318421f0f315e32a3d11abce4e4","isMergeCommit":true,"messageTitle":"Merge pull request #23 from prawnzyy/branch-ReadMe","messageBody":"Update ReadMe","fileTypesAndContributionMap":{}},{"hash":"070ba836dadafb03df327ec8f9245703669038a8","isMergeCommit":false,"messageTitle":"Update default.md","messageBody":"","fileTypesAndContributionMap":{"docs":{"insertions":2,"deletions":2}}},{"hash":"192824ab4ad654951f7528f3f9db97eed90fe682","isMergeCommit":false,"messageTitle":"Rename UserGuide","messageBody":"","fileTypesAndContributionMap":{"docs":{"insertions":257,"deletions":257}}},{"hash":"cf0d7de5e068b4f96a8d8a89ad2163481dc444f9","isMergeCommit":true,"messageTitle":"Merge pull request #24 from prawnzyy/branch-ReadMe","messageBody":"Update ReadMe and Userguide","fileTypesAndContributionMap":{}}]},{"date":"2023-10-02","commitResults":[{"hash":"b8860ee476f550bb0194eb384acbc0cb0c3781eb","isMergeCommit":false,"messageTitle":"Fix name error","messageBody":"","fileTypesAndContributionMap":{"docs":{"insertions":3,"deletions":3}}},{"hash":"807f409cd25924c6efba51ac463fe4c0370a57c4","isMergeCommit":true,"messageTitle":"Merge pull request #25 from prawnzyy/branch-fix-name","messageBody":"Fix name error","fileTypesAndContributionMap":{}}]},{"date":"2023-10-03","commitResults":[{"hash":"9a0c369062c5887e4294eeb2d9b470b91ace1faa","isMergeCommit":false,"messageTitle":"Update file name","messageBody":"","fileTypesAndContributionMap":{"docs":{"insertions":492,"deletions":492}}},{"hash":"eb54d0d4f8267b75877997f9073f7b60cc23ac28","isMergeCommit":true,"messageTitle":"Merge pull request #30 from prawnzyy/branch-ReadMe","messageBody":"Update file name","fileTypesAndContributionMap":{}}]},{"date":"2023-10-04","commitResults":[{"hash":"bed1fa3e93d14abc86901e98dbeff32dd50a1f25","isMergeCommit":false,"messageTitle":"Fix CI check","messageBody":"","fileTypesAndContributionMap":{"docs":{"insertions":1,"deletions":1}}},{"hash":"278b5947bb8b8519eb6cde9f36e92b03598749e7","isMergeCommit":true,"messageTitle":"Merge pull request #31 from prawnzyy/master","messageBody":"Fix CI check","fileTypesAndContributionMap":{}}]},{"date":"2023-10-05","commitResults":[{"hash":"13778244ca603d30156dfb8965da8f0a28f1afed","isMergeCommit":true,"messageTitle":"Merge pull request #33 from thaddeusong/master","messageBody":"Add Thaddeus\u0027 AboutUs and PPP","fileTypesAndContributionMap":{}},{"hash":"92d1d181087ad22053e3f9e220ce3984023aee56","isMergeCommit":false,"messageTitle":"Refactor file names","messageBody":"","fileTypesAndContributionMap":{"docs":{"insertions":0,"deletions":20}}},{"hash":"ec3fc3679084cbdcefb6149d0c28cf82db6c8f26","isMergeCommit":true,"messageTitle":"Merge pull request #34 from prawnzyy/master","messageBody":"Refactor file names","fileTypesAndContributionMap":{}},{"hash":"f2f3c6149c6a544714fe2e3c9045f2163cfccdd0","isMergeCommit":false,"messageTitle":"Change file name","messageBody":"","fileTypesAndContributionMap":{"docs":{"insertions":1,"deletions":1}}},{"hash":"d426f12c311ffb9b271ca339ab86691bfb80cc8c","isMergeCommit":true,"messageTitle":"Merge pull request #37 from prawnzyy/master","messageBody":"Change file name","fileTypesAndContributionMap":{}}]},{"date":"2023-10-11","commitResults":[{"hash":"e73d1431315b10e245390b2738facfc9f622867f","isMergeCommit":false,"messageTitle":"Refactor files and methods","messageBody":"","fileTypesAndContributionMap":{"functional-code":{"insertions":191,"deletions":204},"other":{"insertions":114,"deletions":104},"docs":{"insertions":63,"deletions":63},"test-code":{"insertions":60,"deletions":60}}}]},{"date":"2023-10-12","commitResults":[{"hash":"36a09ba2e57422e9ad672db2538a9a4b10f613da","isMergeCommit":false,"messageTitle":"Refactor test part 1","messageBody":"","fileTypesAndContributionMap":{"functional-code":{"insertions":2,"deletions":2},"test-code":{"insertions":504,"deletions":719}}},{"hash":"41281a8c73c3ed24b4645d1c31ec51ca635cfe5d","isMergeCommit":true,"messageTitle":"Merge pull request #45 from prawnzyy/branch-refactoring","messageBody":"Branch refactoring","fileTypesAndContributionMap":{}}]}],"TohLiYuan":[{"date":"2023-09-27","commitResults":[{"hash":"d99726b0c53ec97c3ee543a2dd0c3ad771966b6d","isMergeCommit":false,"messageTitle":"Add Skeleton UG/DG","messageBody":"","fileTypesAndContributionMap":{"docs":{"insertions":594,"deletions":0}}},{"hash":"d6ea6b1ea4658f69e9332203f054bb016e18decd","isMergeCommit":true,"messageTitle":"Merge branch \u0027branch-DG\u0027","messageBody":"","fileTypesAndContributionMap":{}},{"hash":"6d07eb0c9b86441ffb58c0913d3d681bdbed82a3","isMergeCommit":false,"messageTitle":"Add Skeleton UG/DG","messageBody":"","fileTypesAndContributionMap":{"docs":{"insertions":0,"deletions":594}}},{"hash":"b13e7286985367f0f792655fac918d31cf52e85d","isMergeCommit":true,"messageTitle":"Merge pull request #8 from TohLiYuan/master","messageBody":"Add skeleton files for DG and UG","fileTypesAndContributionMap":{}}]},{"date":"2023-09-29","commitResults":[{"hash":"88e3507eff0010a92e91393f4c6d033b74f55863","isMergeCommit":false,"messageTitle":"Add DG and About Me","messageBody":"- Add DG skeletal structure\n- Add DG NFR requirements \u0026 Glossary sections\n- Change About Me for TohLiYuan\n","fileTypesAndContributionMap":{"docs":{"insertions":41,"deletions":4}}},{"hash":"b4f45114c7cc8aa7def1a3008e108620b3def263","isMergeCommit":false,"messageTitle":"Modify DG","messageBody":"","fileTypesAndContributionMap":{"docs":{"insertions":1,"deletions":1}}}]},{"date":"2023-10-14","commitResults":[{"hash":"8908070893faee1b24225a961e8f0fbd08b135ae","isMergeCommit":true,"messageTitle":"Merge pull request #46 from thaddeusong/master","messageBody":"Implement Model Components","fileTypesAndContributionMap":{}},{"hash":"7e4f951c5d5db366dd833cfb6b93e560bcd74358","isMergeCommit":false,"messageTitle":"Modify JsonAdaptedIngredient","messageBody":"- Implemented support for Ingredient Json format\n- Added helper parse methods for Quantity and Unit\n- Added UnitFormatException for parsing errors\n","fileTypesAndContributionMap":{"functional-code":{"insertions":42,"deletions":6}}},{"hash":"8b4ad87d9dcf8dfd682b1ae9628d650e3b6aa99e","isMergeCommit":false,"messageTitle":"Modify test cases","messageBody":"- Modified test cases for JsonAdaptedIngredientTest\n- Clean up class dependency issues in all classes for compilation\n","fileTypesAndContributionMap":{"functional-code":{"insertions":95,"deletions":113},"test-code":{"insertions":908,"deletions":1152}}},{"hash":"edd4d7fc01e65d24561d6cd383b2e69c29daa50b","isMergeCommit":false,"messageTitle":"Modify test cases","messageBody":"- Modify test cases for JsonSerializableInventoryTest\n- Modify Json Structure for JsonAdaptedIngredient\n","fileTypesAndContributionMap":{"functional-code":{"insertions":1,"deletions":1},"test-code":{"insertions":17,"deletions":17}}},{"hash":"d83f19f28c87f0b5d4b7c8a17d651c1f5ddff682","isMergeCommit":false,"messageTitle":"Modify test cases","messageBody":"- Modify test cases for JsonInventoryStorageTest\n","fileTypesAndContributionMap":{"test-code":{"insertions":3,"deletions":4}}},{"hash":"9fd345a5e818bd4ad45bfe5017e48009d69ae0ab","isMergeCommit":false,"messageTitle":"Modify test case","messageBody":"- Modify test cases for JsonUserPrefsStorageTest\n- Modify UserPrefs to reflect inventory instead of addressbook\n","fileTypesAndContributionMap":{"functional-code":{"insertions":6,"deletions":6},"test-code":{"insertions":5,"deletions":5}}}]}],"thaddeusong":[{"date":"2023-09-28","commitResults":[{"hash":"b2beccb62697e789e47f781cc518bafe0948e5a3","isMergeCommit":false,"messageTitle":"Update Features in User Guide","messageBody":"","fileTypesAndContributionMap":{"docs":{"insertions":167,"deletions":0}}},{"hash":"e3a8b32ae8775cc1202960e325c408d382f78c37","isMergeCommit":true,"messageTitle":"Merge pull request #10 from thaddeusong/master","messageBody":"Update Features in User Guide","fileTypesAndContributionMap":{}}]},{"date":"2023-10-01","commitResults":[{"hash":"298f8f635319aeef77d1d8bf03a9bdd8a52c2f66","isMergeCommit":false,"messageTitle":"Add About Me Thaddeus","messageBody":"","fileTypesAndContributionMap":{"docs":{"insertions":3,"deletions":3}}}]},{"date":"2023-10-02","commitResults":[{"hash":"bb48fc7a6dc4a0df4e02d08e3df84723a64eb201","isMergeCommit":false,"messageTitle":"Add Thaddeus\u0027 Project Portfolio","messageBody":"","fileTypesAndContributionMap":{"docs":{"insertions":13,"deletions":0}}}]},{"date":"2023-10-04","commitResults":[{"hash":"5f6b49e37dbf986503741fe50684a9a5c83e6676","isMergeCommit":true,"messageTitle":"Add Thaddeus\u0027 Project Portfolio","messageBody":"","fileTypesAndContributionMap":{}},{"hash":"33c6e617059ea818b329b1ff20cf971522beaef0","isMergeCommit":true,"messageTitle":"Merge branch \u0027master\u0027 of https://github.com/thaddeusong/tp","messageBody":"","fileTypesAndContributionMap":{}},{"hash":"cff41f3276e4db198ab1f6674d8189c6817d956d","isMergeCommit":false,"messageTitle":"Add Thaddeus\u0027 About Us","messageBody":"","fileTypesAndContributionMap":{"docs":{"insertions":7,"deletions":8}}}]},{"date":"2023-10-05","commitResults":[{"hash":"fa4af309afe2eff9d5b970c1b586b90fa87a3197","isMergeCommit":false,"messageTitle":"Add Thaddeus\u0027 About Us Picture","messageBody":"","fileTypesAndContributionMap":{"docs":{"insertions":2,"deletions":0}}},{"hash":"2cd881ca72496b3b15af1785fe8ce4fa513fbd6a","isMergeCommit":true,"messageTitle":"Merge branch \u0027AY2324S1-CS2103T-F10-3:master\u0027 into master","messageBody":"","fileTypesAndContributionMap":{}},{"hash":"4f2564489360394fc07547f97b0df4ad27b1e24c","isMergeCommit":true,"messageTitle":"Merge pull request #35 from thaddeusong/master","messageBody":"Add Thaddeus\u0027 About Us Picture","fileTypesAndContributionMap":{}}]},{"date":"2023-10-12","commitResults":[{"hash":"17aedabd99484aa8d0c0719ca175263a366237d3","isMergeCommit":false,"messageTitle":"Add Unit and Quantity class","messageBody":"","fileTypesAndContributionMap":{"functional-code":{"insertions":128,"deletions":22},"test-code":{"insertions":6,"deletions":10}}}]},{"date":"2023-10-13","commitResults":[{"hash":"24dff9e02ff835ff2331c0a5a04c51a669dade85","isMergeCommit":false,"messageTitle":"Implement 1.2 methods to ModelManager","messageBody":"","fileTypesAndContributionMap":{"functional-code":{"insertions":0,"deletions":205}}},{"hash":"a9bbb2c77294ad69a1926e768b246267e9f20ee9","isMergeCommit":false,"messageTitle":"Implement 1.2 Methods to ModelManager","messageBody":"","fileTypesAndContributionMap":{"functional-code":{"insertions":129,"deletions":97},"test-code":{"insertions":5,"deletions":4}}},{"hash":"9223f0e05027ec047260cd78b8676da7850116d7","isMergeCommit":false,"messageTitle":"Implement methods in ModelManager for Storage","messageBody":"","fileTypesAndContributionMap":{"functional-code":{"insertions":2,"deletions":3}}}]}],"dhruvir29":[{"date":"2023-10-02","commitResults":[{"hash":"6a079e27a3bf44d687cd15c6b7184752c1f9df55","isMergeCommit":false,"messageTitle":"Update first half of DG","messageBody":"","fileTypesAndContributionMap":{"docs":{"insertions":84,"deletions":1}}},{"hash":"9a2dc34bb198a102390f767ad2733bbd89ff7244","isMergeCommit":true,"messageTitle":"Merge pull request #29 from dhruvir29/branch-DG","messageBody":"Update first half of DG","fileTypesAndContributionMap":{}}]},{"date":"2023-10-04","commitResults":[{"hash":"3dd2d85676eafaf658baffbdc1ca498956dc9d19","isMergeCommit":false,"messageTitle":"Add PPP and Update AboutUs","messageBody":"","fileTypesAndContributionMap":{"docs":{"insertions":30,"deletions":0}}},{"hash":"15a0c90c451e4fbf3c86020b4a3055284295af8f","isMergeCommit":true,"messageTitle":"Merge pull request #32 from dhruvir29/master","messageBody":"Add PPP and Update AboutUs","fileTypesAndContributionMap":{}}]},{"date":"2023-10-14","commitResults":[{"hash":"4b2646673e8f55367641242a88c78726c6aa37f2","isMergeCommit":true,"messageTitle":"Merge pull request #47 from TohLiYuan/branch-storage-refactor","messageBody":"Branch storage refactor","fileTypesAndContributionMap":{}},{"hash":"e6be8fe591287645ce66de630e65aa5aeac226ba","isMergeCommit":false,"messageTitle":"Add Commands and Parsers for adding and using ingredients and for Stock","messageBody":"","fileTypesAndContributionMap":{"functional-code":{"insertions":276,"deletions":84}}}]},{"date":"2023-10-15","commitResults":[{"hash":"3ffa96c9bcb93f787e29173af3cb0158ed075090","isMergeCommit":true,"messageTitle":"Merge pull request #48 from dhruvir29/branch-logic-refactor","messageBody":"Add Commands and Parsers for adding and using ingredients and for Stock","fileTypesAndContributionMap":{}}]}]},"authorFileTypeContributionMap":{"ItsTYtan":{"docs":23,"functional-code":195,"test-code":8},"prawnzyy":{"docs":782,"functional-code":234,"test-code":419},"TohLiYuan":{"docs":17,"functional-code":98,"test-code":932},"thaddeusong":{"docs":17,"functional-code":220,"test-code":3},"dhruvir29":{"docs":23,"functional-code":271,"test-code":0}},"authorContributionVariance":{"ItsTYtan":14202.583,"prawnzyy":121754.27,"TohLiYuan":272412.66,"thaddeusong":9428.993,"dhruvir29":5346.832},"authorDisplayNameMap":{"ItsTYtan":"CS2103T-F10-3 TAN ..OUNG","prawnzyy":"CS2103T-F10-3 SEAH..IANG","TohLiYuan":"CS2103T-F10-3 TOH ..YUAN","thaddeusong":"CS2103T-F10-3 ONG ..DEUS","dhruvir29":"CS2103T-F10-3 DHRU..THOD"}}
