{"authorDailyContributionsMap":{"ItsTYtan":[{"date":"2023-09-28","commitResults":[{"hash":"2ce603f684038280f97ab19ca59511ae3c13e675","isMergeCommit":false,"messageTitle":"Add first iteration","messageBody":"","fileTypesAndContributionMap":{"docs":{"insertions":22,"deletions":4}}},{"hash":"046373957b8f70b0d7b1e24a0d78b7f5219f4200","isMergeCommit":true,"messageTitle":"Merge branch \u0027master\u0027 of https://github.com/AY2324S1-CS2103T-F10-3/tp","messageBody":"","fileTypesAndContributionMap":{}},{"hash":"d1e0348936804d6c950edf8877fc4d455bfdb554","isMergeCommit":true,"messageTitle":"Merge pull request #20 from ItsTYtan/master","messageBody":"Add first iteration - ItsTYtan","fileTypesAndContributionMap":{}}]},{"date":"2023-10-02","commitResults":[{"hash":"4eb66ea502a254c04f72b51ac404064ae00ad92b","isMergeCommit":false,"messageTitle":"adds dummy commit","messageBody":"","fileTypesAndContributionMap":{"docs":{"insertions":1,"deletions":0}}}]},{"date":"2023-10-03","commitResults":[{"hash":"926f0581cba47f654c612458a06154805325312b","isMergeCommit":true,"messageTitle":"Merge pull request #27 from ItsTYtan/dummy-branch","messageBody":"adds dummy commit","fileTypesAndContributionMap":{}}]},{"date":"2023-10-11","commitResults":[{"hash":"bc5c431a15a5c1b3d723362169cf337da0f3ed3a","isMergeCommit":false,"messageTitle":"Refactor the storage classes","messageBody":"","fileTypesAndContributionMap":{"functional-code":{"insertions":191,"deletions":288},"other":{"insertions":45,"deletions":45},"test-code":{"insertions":14,"deletions":14}}},{"hash":"63bb8af0692a39fab18bf08dee78f3030db07989","isMergeCommit":true,"messageTitle":"Merge pull request #42 from ItsTYtan/branch-refactoring","messageBody":"Refactor the storage classes","fileTypesAndContributionMap":{}}]},{"date":"2023-10-17","commitResults":[{"hash":"11eb16cc2c9486647517e1c5753bba8a542023f3","isMergeCommit":true,"messageTitle":"Merge pull request #55 from prawnzyy/branch-sample-data","messageBody":"Update sample data","fileTypesAndContributionMap":{}},{"hash":"22f6a8d87c900d171634e6fea29bfdd995b8bd9d","isMergeCommit":false,"messageTitle":"Implement final refactoring","messageBody":"","fileTypesAndContributionMap":{"functional-code":{"insertions":98,"deletions":96},"other":{"insertions":1,"deletions":1},"docs":{"insertions":123,"deletions":123},"test-code":{"insertions":164,"deletions":164}}},{"hash":"9a4919f045b85bbbaedfd910cc27e5c040a8b6ce","isMergeCommit":false,"messageTitle":"Tweaked and added refactoring for main, test and docs","messageBody":"Some links are accidentally refactored in docs in the previous\ncommit. Main and test have un-refactored portions.\n\nLet\u0027s undo all erroneous refactoring in the previous commit in docs\nand add more refactoring to main and test.\n\nSome links are needed to extract code coverage related information\nfrom the addressbook website.\n\nUserGuide.md has links that need to change later on. This commit\nwill refactor the class diagrams incompletely and is done so due to\nundecidedness. The class diagrams will be refactored later if need\nbe.\n","fileTypesAndContributionMap":{"functional-code":{"insertions":53,"deletions":53},"other":{"insertions":4,"deletions":4},"docs":{"insertions":79,"deletions":79},"test-code":{"insertions":45,"deletions":45}}},{"hash":"566416b1fdb1548fb61ac206bc6676f4b99dc7b6","isMergeCommit":false,"messageTitle":"Fix refactoring for 2 test case classes","messageBody":"","fileTypesAndContributionMap":{"other":{"insertions":0,"deletions":0}}}]},{"date":"2023-10-18","commitResults":[{"hash":"6e5faf37d8dc106af3d99d93ec2c385ddb146be2","isMergeCommit":true,"messageTitle":"Merge pull request #57 from prawnzyy/branch-update-name","messageBody":"Update name","fileTypesAndContributionMap":{}},{"hash":"3e254bbacd1fea36591de0aadff395e0dbb53c1d","isMergeCommit":true,"messageTitle":"Merge pull request #62 from prawnzyy/branch-fix-checkstyle","messageBody":"Fix CheckStyle and Tests","fileTypesAndContributionMap":{}},{"hash":"c4ad487fdd1d5e82badd1e52c6f2c4ae0eff1ae2","isMergeCommit":false,"messageTitle":"Improve codecov","messageBody":"","fileTypesAndContributionMap":{"functional-code":{"insertions":119,"deletions":126},"test-code":{"insertions":26,"deletions":14}}},{"hash":"e11bc6fc93d3e927bf0eea6cddd44b69d657f8a4","isMergeCommit":false,"messageTitle":"Fix codecov part 2","messageBody":"","fileTypesAndContributionMap":{"functional-code":{"insertions":84,"deletions":71},"test-code":{"insertions":116,"deletions":76}}},{"hash":"8b4512b134637720016bc8787dac12345c65a329","isMergeCommit":false,"messageTitle":"Fix codecov part 2","messageBody":"","fileTypesAndContributionMap":{"functional-code":{"insertions":7,"deletions":13},"test-code":{"insertions":11,"deletions":12}}}]},{"date":"2023-10-19","commitResults":[{"hash":"147f1bc0df68574b6dbb1ef5646584aae60ce5d4","isMergeCommit":true,"messageTitle":"Merge pull request #72 from prawnzyy/branch-update-tests","messageBody":"Update tests","fileTypesAndContributionMap":{}}]},{"date":"2023-10-22","commitResults":[{"hash":"356775f0b93758588748a7fa4518d81a8c918e5c","isMergeCommit":true,"messageTitle":"Merge pull request #77 from prawnzyy/branch-update-ui","messageBody":"Add second screen to main window","fileTypesAndContributionMap":{}}]},{"date":"2023-10-23","commitResults":[{"hash":"db7839aa7a85e34f1f698e2efd9c3ad6b4a9989f","isMergeCommit":true,"messageTitle":"Merge pull request #79 from prawnzyy/branch-update-documentation","messageBody":"Update UG and DG","fileTypesAndContributionMap":{}}]}],"prawnzyy":[{"date":"2023-09-25","commitResults":[{"hash":"ce15a8db4b5d2dca5caa4839d3e93edd844aac23","isMergeCommit":false,"messageTitle":"Add PPP","messageBody":"","fileTypesAndContributionMap":{"docs":{"insertions":13,"deletions":0}}},{"hash":"631b8e4905fb52ae8defb12702cc525e73a5f1ec","isMergeCommit":false,"messageTitle":"Fix Checkstyle","messageBody":"","fileTypesAndContributionMap":{"docs":{"insertions":1,"deletions":1}}}]},{"date":"2023-09-27","commitResults":[{"hash":"4a7034b509af1f7a41c72c7eefb121e956f2d6a4","isMergeCommit":true,"messageTitle":"Merge pull request #6 from prawnzyy/branch-add-PPP","messageBody":"Add PPP","fileTypesAndContributionMap":{}}]},{"date":"2023-09-28","commitResults":[{"hash":"685199af359ad46867449cc253189fea382cce04","isMergeCommit":false,"messageTitle":"Update ReadMe","messageBody":"","fileTypesAndContributionMap":{"docs":{"insertions":19,"deletions":16}}},{"hash":"a3620ad2e87b52450c4a5fe1a15cbd60b14b26b4","isMergeCommit":true,"messageTitle":"Merge pull request #19 from prawnzyy/master","messageBody":"Update ReadMe","fileTypesAndContributionMap":{}}]},{"date":"2023-09-29","commitResults":[{"hash":"b8e0e4a686cab5fefabd0cc627d1307b224a952b","isMergeCommit":true,"messageTitle":"Merge pull request #21 from TohLiYuan/master","messageBody":"Add DG\r\nFixes #22 ","fileTypesAndContributionMap":{}}]},{"date":"2023-09-30","commitResults":[{"hash":"a75e53c161870919a20dc6522675f13e0c74bf66","isMergeCommit":false,"messageTitle":"Update ReadMe","messageBody":"","fileTypesAndContributionMap":{"docs":{"insertions":1,"deletions":0}}},{"hash":"4ec682ae1bfae318421f0f315e32a3d11abce4e4","isMergeCommit":true,"messageTitle":"Merge pull request #23 from prawnzyy/branch-ReadMe","messageBody":"Update ReadMe","fileTypesAndContributionMap":{}},{"hash":"070ba836dadafb03df327ec8f9245703669038a8","isMergeCommit":false,"messageTitle":"Update default.md","messageBody":"","fileTypesAndContributionMap":{"docs":{"insertions":2,"deletions":2}}},{"hash":"192824ab4ad654951f7528f3f9db97eed90fe682","isMergeCommit":false,"messageTitle":"Rename UserGuide","messageBody":"","fileTypesAndContributionMap":{"docs":{"insertions":257,"deletions":257}}},{"hash":"cf0d7de5e068b4f96a8d8a89ad2163481dc444f9","isMergeCommit":true,"messageTitle":"Merge pull request #24 from prawnzyy/branch-ReadMe","messageBody":"Update ReadMe and Userguide","fileTypesAndContributionMap":{}}]},{"date":"2023-10-02","commitResults":[{"hash":"b8860ee476f550bb0194eb384acbc0cb0c3781eb","isMergeCommit":false,"messageTitle":"Fix name error","messageBody":"","fileTypesAndContributionMap":{"docs":{"insertions":3,"deletions":3}}},{"hash":"807f409cd25924c6efba51ac463fe4c0370a57c4","isMergeCommit":true,"messageTitle":"Merge pull request #25 from prawnzyy/branch-fix-name","messageBody":"Fix name error","fileTypesAndContributionMap":{}}]},{"date":"2023-10-03","commitResults":[{"hash":"9a0c369062c5887e4294eeb2d9b470b91ace1faa","isMergeCommit":false,"messageTitle":"Update file name","messageBody":"","fileTypesAndContributionMap":{"docs":{"insertions":492,"deletions":492}}},{"hash":"eb54d0d4f8267b75877997f9073f7b60cc23ac28","isMergeCommit":true,"messageTitle":"Merge pull request #30 from prawnzyy/branch-ReadMe","messageBody":"Update file name","fileTypesAndContributionMap":{}}]},{"date":"2023-10-04","commitResults":[{"hash":"bed1fa3e93d14abc86901e98dbeff32dd50a1f25","isMergeCommit":false,"messageTitle":"Fix CI check","messageBody":"","fileTypesAndContributionMap":{"docs":{"insertions":1,"deletions":1}}},{"hash":"278b5947bb8b8519eb6cde9f36e92b03598749e7","isMergeCommit":true,"messageTitle":"Merge pull request #31 from prawnzyy/master","messageBody":"Fix CI check","fileTypesAndContributionMap":{}}]},{"date":"2023-10-05","commitResults":[{"hash":"13778244ca603d30156dfb8965da8f0a28f1afed","isMergeCommit":true,"messageTitle":"Merge pull request #33 from thaddeusong/master","messageBody":"Add Thaddeus\u0027 AboutUs and PPP","fileTypesAndContributionMap":{}},{"hash":"92d1d181087ad22053e3f9e220ce3984023aee56","isMergeCommit":false,"messageTitle":"Refactor file names","messageBody":"","fileTypesAndContributionMap":{"docs":{"insertions":0,"deletions":20}}},{"hash":"ec3fc3679084cbdcefb6149d0c28cf82db6c8f26","isMergeCommit":true,"messageTitle":"Merge pull request #34 from prawnzyy/master","messageBody":"Refactor file names","fileTypesAndContributionMap":{}},{"hash":"f2f3c6149c6a544714fe2e3c9045f2163cfccdd0","isMergeCommit":false,"messageTitle":"Change file name","messageBody":"","fileTypesAndContributionMap":{"docs":{"insertions":1,"deletions":1}}},{"hash":"d426f12c311ffb9b271ca339ab86691bfb80cc8c","isMergeCommit":true,"messageTitle":"Merge pull request #37 from prawnzyy/master","messageBody":"Change file name","fileTypesAndContributionMap":{}}]},{"date":"2023-10-11","commitResults":[{"hash":"e73d1431315b10e245390b2738facfc9f622867f","isMergeCommit":false,"messageTitle":"Refactor files and methods","messageBody":"","fileTypesAndContributionMap":{"functional-code":{"insertions":191,"deletions":204},"other":{"insertions":114,"deletions":104},"docs":{"insertions":63,"deletions":63},"test-code":{"insertions":60,"deletions":60}}}]},{"date":"2023-10-12","commitResults":[{"hash":"36a09ba2e57422e9ad672db2538a9a4b10f613da","isMergeCommit":false,"messageTitle":"Refactor test part 1","messageBody":"","fileTypesAndContributionMap":{"functional-code":{"insertions":2,"deletions":2},"test-code":{"insertions":504,"deletions":719}}},{"hash":"41281a8c73c3ed24b4645d1c31ec51ca635cfe5d","isMergeCommit":true,"messageTitle":"Merge pull request #45 from prawnzyy/branch-refactoring","messageBody":"Branch refactoring","fileTypesAndContributionMap":{}}]},{"date":"2023-10-15","commitResults":[{"hash":"6ccd16359dd0d59621d0f79e022b3a01553493fe","isMergeCommit":true,"messageTitle":"Merge pull request #49 from thaddeusong/master","messageBody":"Fix ModelManager methods","fileTypesAndContributionMap":{}},{"hash":"c7ec48077dbfb67977174c8885e618f2bc8e13d4","isMergeCommit":false,"messageTitle":"Update UI to match model","messageBody":"","fileTypesAndContributionMap":{"functional-code":{"insertions":84,"deletions":98},"other":{"insertions":11,"deletions":10},"docs":{"insertions":1,"deletions":1},"test-code":{"insertions":40,"deletions":40}}}]},{"date":"2023-10-16","commitResults":[{"hash":"c4088146cad4fe2701b963ded249e6145b1b19bd","isMergeCommit":true,"messageTitle":"Merge pull request #51 from dhruvir29/branch-logic-refactor","messageBody":"Modify Logic","fileTypesAndContributionMap":{}},{"hash":"1d3b1b862980fa12258be6cb604efb3f005289ab","isMergeCommit":false,"messageTitle":"Integrate the various components","messageBody":"","fileTypesAndContributionMap":{"functional-code":{"insertions":13,"deletions":11},"docs":{"insertions":1,"deletions":1}}}]},{"date":"2023-10-17","commitResults":[{"hash":"888d8820951f4b885cbe7530952db84ba5ec10de","isMergeCommit":false,"messageTitle":"Update sample data","messageBody":"","fileTypesAndContributionMap":{"functional-code":{"insertions":7,"deletions":12}}},{"hash":"a2d858302d7dfcb82e6d05332b3d9ea2cbc9b0ef","isMergeCommit":true,"messageTitle":"Merge pull request #56 from ItsTYtan/branch-refactoring-final","messageBody":"Implement final refactoring","fileTypesAndContributionMap":{}}]},{"date":"2023-10-18","commitResults":[{"hash":"c2d0cbc83de6489e36b0e8c853ec8249e26f4075","isMergeCommit":false,"messageTitle":"Update name","messageBody":"","fileTypesAndContributionMap":{"functional-code":{"insertions":4,"deletions":4},"other":{"insertions":1,"deletions":1},"docs":{"insertions":22,"deletions":16}}},{"hash":"42fbbea2af04912b15304f6ccb677c7abd2e2cf1","isMergeCommit":true,"messageTitle":"Merge pull request #59 from ItsTYtan/branch-UI-enchancement","messageBody":"Enhance UI mockup","fileTypesAndContributionMap":{}},{"hash":"1e47ffa42c72c8c8382e3b37445737a2ca70fc52","isMergeCommit":true,"messageTitle":"Merge pull request #61 from dhruvir29/branch-update-tests","messageBody":"Branch update tests","fileTypesAndContributionMap":{}},{"hash":"fc23f312d5990eddbee09fbf72f9b1a1a0e93c43","isMergeCommit":false,"messageTitle":"Fix CheckStyle and Tests","messageBody":"Configure test to work\n\nThere are a a few tests that no longer as a result of the morph,\nso those have been removed.\n\nUpdated code to compile with checkstyle\n","fileTypesAndContributionMap":{"test-code":{"insertions":89,"deletions":119}}},{"hash":"0949278a69d771d8d2b8e6e2053d1c1d0177a6ba","isMergeCommit":true,"messageTitle":"Merge pull request #65 from ItsTYtan/branch-codecov","messageBody":"Fix codecov","tags":["v1.2"],"fileTypesAndContributionMap":{}}]},{"date":"2023-10-19","commitResults":[{"hash":"82c269980abe376ff6a191f2d9de52580a0299d9","isMergeCommit":false,"messageTitle":"Update tests","messageBody":"","fileTypesAndContributionMap":{"functional-code":{"insertions":16,"deletions":20},"test-code":{"insertions":173,"deletions":14}}}]},{"date":"2023-10-22","commitResults":[{"hash":"2408ee5ed3f70df4b0d6a6ce1eae6805f7d3c026","isMergeCommit":false,"messageTitle":"Add second screen to main window","messageBody":"Currently, the main window is only able to display\ningredients. As we move to having recipes, there needs to be\na way to display them.\n\nHaving this second window allows for better viewing as well\nas not being so cluttered on the screen.\n","fileTypesAndContributionMap":{"functional-code":{"insertions":294,"deletions":6}}}]},{"date":"2023-10-23","commitResults":[{"hash":"87a9a9e9115dcb9be2abdc1e42ceb5d186e0ec71","isMergeCommit":false,"messageTitle":"Update UG and DG","messageBody":"","fileTypesAndContributionMap":{"docs":{"insertions":24,"deletions":5}}}]}],"TohLiYuan":[{"date":"2023-09-27","commitResults":[{"hash":"d99726b0c53ec97c3ee543a2dd0c3ad771966b6d","isMergeCommit":false,"messageTitle":"Add Skeleton UG/DG","messageBody":"","fileTypesAndContributionMap":{"docs":{"insertions":594,"deletions":0}}},{"hash":"d6ea6b1ea4658f69e9332203f054bb016e18decd","isMergeCommit":true,"messageTitle":"Merge branch \u0027branch-DG\u0027","messageBody":"","fileTypesAndContributionMap":{}},{"hash":"6d07eb0c9b86441ffb58c0913d3d681bdbed82a3","isMergeCommit":false,"messageTitle":"Add Skeleton UG/DG","messageBody":"","fileTypesAndContributionMap":{"docs":{"insertions":0,"deletions":594}}},{"hash":"b13e7286985367f0f792655fac918d31cf52e85d","isMergeCommit":true,"messageTitle":"Merge pull request #8 from TohLiYuan/master","messageBody":"Add skeleton files for DG and UG","fileTypesAndContributionMap":{}}]},{"date":"2023-09-29","commitResults":[{"hash":"88e3507eff0010a92e91393f4c6d033b74f55863","isMergeCommit":false,"messageTitle":"Add DG and About Me","messageBody":"- Add DG skeletal structure\n- Add DG NFR requirements \u0026 Glossary sections\n- Change About Me for TohLiYuan\n","fileTypesAndContributionMap":{"docs":{"insertions":41,"deletions":4}}},{"hash":"b4f45114c7cc8aa7def1a3008e108620b3def263","isMergeCommit":false,"messageTitle":"Modify DG","messageBody":"","fileTypesAndContributionMap":{"docs":{"insertions":1,"deletions":1}}}]},{"date":"2023-10-14","commitResults":[{"hash":"8908070893faee1b24225a961e8f0fbd08b135ae","isMergeCommit":true,"messageTitle":"Merge pull request #46 from thaddeusong/master","messageBody":"Implement Model Components","fileTypesAndContributionMap":{}},{"hash":"7e4f951c5d5db366dd833cfb6b93e560bcd74358","isMergeCommit":false,"messageTitle":"Modify JsonAdaptedIngredient","messageBody":"- Implemented support for Ingredient Json format\n- Added helper parse methods for Quantity and Unit\n- Added UnitFormatException for parsing errors\n","fileTypesAndContributionMap":{"functional-code":{"insertions":42,"deletions":6}}},{"hash":"8b4ad87d9dcf8dfd682b1ae9628d650e3b6aa99e","isMergeCommit":false,"messageTitle":"Modify test cases","messageBody":"- Modified test cases for JsonAdaptedIngredientTest\n- Clean up class dependency issues in all classes for compilation\n","fileTypesAndContributionMap":{"functional-code":{"insertions":95,"deletions":113},"test-code":{"insertions":908,"deletions":1152}}},{"hash":"edd4d7fc01e65d24561d6cd383b2e69c29daa50b","isMergeCommit":false,"messageTitle":"Modify test cases","messageBody":"- Modify test cases for JsonSerializableInventoryTest\n- Modify Json Structure for JsonAdaptedIngredient\n","fileTypesAndContributionMap":{"functional-code":{"insertions":1,"deletions":1},"test-code":{"insertions":17,"deletions":17}}},{"hash":"d83f19f28c87f0b5d4b7c8a17d651c1f5ddff682","isMergeCommit":false,"messageTitle":"Modify test cases","messageBody":"- Modify test cases for JsonInventoryStorageTest\n","fileTypesAndContributionMap":{"test-code":{"insertions":3,"deletions":4}}},{"hash":"9fd345a5e818bd4ad45bfe5017e48009d69ae0ab","isMergeCommit":false,"messageTitle":"Modify test case","messageBody":"- Modify test cases for JsonUserPrefsStorageTest\n- Modify UserPrefs to reflect inventory instead of addressbook\n","fileTypesAndContributionMap":{"functional-code":{"insertions":6,"deletions":6},"test-code":{"insertions":5,"deletions":5}}}]},{"date":"2023-10-17","commitResults":[{"hash":"e49c208f99e37855a01b29aeea5413ddb7ad7254","isMergeCommit":false,"messageTitle":"Cleanup import dependencies","messageBody":"- Remove import statements for deleted classes\n- Ammend test cases for minor API changes\n","fileTypesAndContributionMap":{"test-code":{"insertions":395,"deletions":414}}},{"hash":"fafb210d629ef89fc2393798f8864600ecc7fa0d","isMergeCommit":false,"messageTitle":"Modify storage test case","messageBody":"- Change JsonInventoryStorageTest to no longer use removeIngredient API\n- Removed redundant test cases\n","fileTypesAndContributionMap":{"test-code":{"insertions":6,"deletions":11}}},{"hash":"bd8afb753081fe4745409f9495ecd90be461fe80","isMergeCommit":false,"messageTitle":"Checkstyle changes for Main","messageBody":"","fileTypesAndContributionMap":{"functional-code":{"insertions":153,"deletions":117}}},{"hash":"9e65cc832ca6375beb03fc8a920ece25b93757f3","isMergeCommit":false,"messageTitle":"Checkstyle changes for Test","messageBody":"","fileTypesAndContributionMap":{"test-code":{"insertions":452,"deletions":899}}},{"hash":"5ca1a756c62d2f3080eb48153c500af7b10e04ce","isMergeCommit":true,"messageTitle":"Merge pull request #54 from TohLiYuan/branch-refactor-cleanup","messageBody":"Branch refactor cleanup","fileTypesAndContributionMap":{}}]}],"thaddeusong":[{"date":"2023-09-28","commitResults":[{"hash":"b2beccb62697e789e47f781cc518bafe0948e5a3","isMergeCommit":false,"messageTitle":"Update Features in User Guide","messageBody":"","fileTypesAndContributionMap":{"docs":{"insertions":167,"deletions":0}}},{"hash":"e3a8b32ae8775cc1202960e325c408d382f78c37","isMergeCommit":true,"messageTitle":"Merge pull request #10 from thaddeusong/master","messageBody":"Update Features in User Guide","fileTypesAndContributionMap":{}}]},{"date":"2023-10-01","commitResults":[{"hash":"298f8f635319aeef77d1d8bf03a9bdd8a52c2f66","isMergeCommit":false,"messageTitle":"Add About Me Thaddeus","messageBody":"","fileTypesAndContributionMap":{"docs":{"insertions":3,"deletions":3}}}]},{"date":"2023-10-02","commitResults":[{"hash":"bb48fc7a6dc4a0df4e02d08e3df84723a64eb201","isMergeCommit":false,"messageTitle":"Add Thaddeus\u0027 Project Portfolio","messageBody":"","fileTypesAndContributionMap":{"docs":{"insertions":13,"deletions":0}}}]},{"date":"2023-10-04","commitResults":[{"hash":"5f6b49e37dbf986503741fe50684a9a5c83e6676","isMergeCommit":true,"messageTitle":"Add Thaddeus\u0027 Project Portfolio","messageBody":"","fileTypesAndContributionMap":{}},{"hash":"33c6e617059ea818b329b1ff20cf971522beaef0","isMergeCommit":true,"messageTitle":"Merge branch \u0027master\u0027 of https://github.com/thaddeusong/tp","messageBody":"","fileTypesAndContributionMap":{}},{"hash":"cff41f3276e4db198ab1f6674d8189c6817d956d","isMergeCommit":false,"messageTitle":"Add Thaddeus\u0027 About Us","messageBody":"","fileTypesAndContributionMap":{"docs":{"insertions":7,"deletions":8}}}]},{"date":"2023-10-05","commitResults":[{"hash":"fa4af309afe2eff9d5b970c1b586b90fa87a3197","isMergeCommit":false,"messageTitle":"Add Thaddeus\u0027 About Us Picture","messageBody":"","fileTypesAndContributionMap":{"docs":{"insertions":2,"deletions":0}}},{"hash":"2cd881ca72496b3b15af1785fe8ce4fa513fbd6a","isMergeCommit":true,"messageTitle":"Merge branch \u0027AY2324S1-CS2103T-F10-3:master\u0027 into master","messageBody":"","fileTypesAndContributionMap":{}},{"hash":"4f2564489360394fc07547f97b0df4ad27b1e24c","isMergeCommit":true,"messageTitle":"Merge pull request #35 from thaddeusong/master","messageBody":"Add Thaddeus\u0027 About Us Picture","fileTypesAndContributionMap":{}}]},{"date":"2023-10-12","commitResults":[{"hash":"17aedabd99484aa8d0c0719ca175263a366237d3","isMergeCommit":false,"messageTitle":"Add Unit and Quantity class","messageBody":"","fileTypesAndContributionMap":{"functional-code":{"insertions":128,"deletions":22},"test-code":{"insertions":6,"deletions":10}}}]},{"date":"2023-10-13","commitResults":[{"hash":"24dff9e02ff835ff2331c0a5a04c51a669dade85","isMergeCommit":false,"messageTitle":"Implement 1.2 methods to ModelManager","messageBody":"","fileTypesAndContributionMap":{"functional-code":{"insertions":0,"deletions":205}}},{"hash":"a9bbb2c77294ad69a1926e768b246267e9f20ee9","isMergeCommit":false,"messageTitle":"Implement 1.2 Methods to ModelManager","messageBody":"","fileTypesAndContributionMap":{"functional-code":{"insertions":129,"deletions":97},"test-code":{"insertions":5,"deletions":4}}},{"hash":"9223f0e05027ec047260cd78b8676da7850116d7","isMergeCommit":false,"messageTitle":"Implement methods in ModelManager for Storage","messageBody":"","fileTypesAndContributionMap":{"functional-code":{"insertions":2,"deletions":3}}}]},{"date":"2023-10-15","commitResults":[{"hash":"ab84982715fb24506e7472c59482a54a219eacb0","isMergeCommit":false,"messageTitle":"Fix ModelManager methods","messageBody":"","fileTypesAndContributionMap":{"functional-code":{"insertions":58,"deletions":75}}}]},{"date":"2023-10-16","commitResults":[{"hash":"4e3a72436c5fc862b9a02e31a5b43823a0baa7c2","isMergeCommit":true,"messageTitle":"Merge pull request #52 from prawnzyy/master","messageBody":"Integrate the various components","fileTypesAndContributionMap":{}}]},{"date":"2023-10-17","commitResults":[{"hash":"5b66df80b0031a2f908831ade93b6a190a36295c","isMergeCommit":false,"messageTitle":"Make Ingredient and Quantity classes immutable","messageBody":"","fileTypesAndContributionMap":{"functional-code":{"insertions":38,"deletions":14}}},{"hash":"46586a5d889a757fcc6f0ac80468b10c6a7a9ddb","isMergeCommit":false,"messageTitle":"Add Unit Aliases","messageBody":"","fileTypesAndContributionMap":{"functional-code":{"insertions":18,"deletions":8}}},{"hash":"600c82c1bb8be209f3e13572d48b938eb231eac9","isMergeCommit":true,"messageTitle":"Merge pull request #53 from thaddeusong/master","messageBody":"Make Ingredient and Quantity classes immutable","fileTypesAndContributionMap":{}}]}],"dhruvir29":[{"date":"2023-10-02","commitResults":[{"hash":"6a079e27a3bf44d687cd15c6b7184752c1f9df55","isMergeCommit":false,"messageTitle":"Update first half of DG","messageBody":"","fileTypesAndContributionMap":{"docs":{"insertions":84,"deletions":1}}},{"hash":"9a2dc34bb198a102390f767ad2733bbd89ff7244","isMergeCommit":true,"messageTitle":"Merge pull request #29 from dhruvir29/branch-DG","messageBody":"Update first half of DG","fileTypesAndContributionMap":{}}]},{"date":"2023-10-04","commitResults":[{"hash":"3dd2d85676eafaf658baffbdc1ca498956dc9d19","isMergeCommit":false,"messageTitle":"Add PPP and Update AboutUs","messageBody":"","fileTypesAndContributionMap":{"docs":{"insertions":30,"deletions":0}}},{"hash":"15a0c90c451e4fbf3c86020b4a3055284295af8f","isMergeCommit":true,"messageTitle":"Merge pull request #32 from dhruvir29/master","messageBody":"Add PPP and Update AboutUs","fileTypesAndContributionMap":{}}]},{"date":"2023-10-14","commitResults":[{"hash":"4b2646673e8f55367641242a88c78726c6aa37f2","isMergeCommit":true,"messageTitle":"Merge pull request #47 from TohLiYuan/branch-storage-refactor","messageBody":"Branch storage refactor","fileTypesAndContributionMap":{}},{"hash":"e6be8fe591287645ce66de630e65aa5aeac226ba","isMergeCommit":false,"messageTitle":"Add Commands and Parsers for adding and using ingredients and for Stock","messageBody":"","fileTypesAndContributionMap":{"functional-code":{"insertions":276,"deletions":84}}}]},{"date":"2023-10-15","commitResults":[{"hash":"3ffa96c9bcb93f787e29173af3cb0158ed075090","isMergeCommit":true,"messageTitle":"Merge pull request #48 from dhruvir29/branch-logic-refactor","messageBody":"Add Commands and Parsers for adding and using ingredients and for Stock","fileTypesAndContributionMap":{}}]},{"date":"2023-10-16","commitResults":[{"hash":"34fec68f8a68db9bd810edeb0de25926ca237364","isMergeCommit":true,"messageTitle":"Merge pull request #50 from prawnzyy/master","messageBody":"Update UI to match model","fileTypesAndContributionMap":{}},{"hash":"dda3e5773d448395aab3b0b96436e360a7f0ca69","isMergeCommit":false,"messageTitle":"Modify Logic","messageBody":"","fileTypesAndContributionMap":{"functional-code":{"insertions":443,"deletions":428}}}]},{"date":"2023-10-18","commitResults":[{"hash":"356f42f4034b5acda43e899ef08221beb3f1afc6","isMergeCommit":false,"messageTitle":"Fix use command","messageBody":"","fileTypesAndContributionMap":{"functional-code":{"insertions":30,"deletions":17}}},{"hash":"bc18b8c85d8161ce8e2d8ea64d51c13644d25e4d","isMergeCommit":true,"messageTitle":"Merge pull request #58 from dhruvir29/branch-logic-refactor","messageBody":"Fix use command","fileTypesAndContributionMap":{}},{"hash":"535eaf6e56a7a1fc5bce2136cc437330b53a1076","isMergeCommit":false,"messageTitle":"Modify test cases","messageBody":"","fileTypesAndContributionMap":{"functional-code":{"insertions":0,"deletions":1},"test-code":{"insertions":483,"deletions":439}}},{"hash":"0e817c78b59144a502a6766856728889bb592687","isMergeCommit":true,"messageTitle":"Merge branch \u0027master\u0027 into branch-update-tests","messageBody":"","fileTypesAndContributionMap":{}}]}]},"authorFileTypeContributionMap":{"ItsTYtan":{"docs":201,"functional-code":517,"test-code":230},"prawnzyy":{"docs":747,"functional-code":535,"test-code":540,"other":1},"TohLiYuan":{"docs":17,"functional-code":130,"test-code":447},"thaddeusong":{"docs":17,"functional-code":272,"test-code":0},"dhruvir29":{"docs":25,"functional-code":633,"test-code":312}},"authorContributionVariance":{"ItsTYtan":59670.47,"prawnzyy":95289.61,"TohLiYuan":372555.34,"thaddeusong":7651.405,"dhruvir29":52176.418},"authorDisplayNameMap":{"ItsTYtan":"CS2103T-F10-3 TAN ..OUNG","prawnzyy":"CS2103T-F10-3 SEAH..IANG","TohLiYuan":"CS2103T-F10-3 TOH ..YUAN","thaddeusong":"CS2103T-F10-3 ONG ..DEUS","dhruvir29":"CS2103T-F10-3 DHRU..THOD"}}
