{"authorDailyContributionsMap":{"Bearypop":[{"date":"2023-10-02","commitResults":[{"hash":"e5a2791764e979ba0dc6d7e6052944c5981fa713","isMergeCommit":false,"messageTitle":"Update AboutUs, User guide, PPP","messageBody":"","fileTypesAndContributionMap":{"docs":{"insertions":52,"deletions":6}}},{"hash":"251f29cd6876fa06699c8370c413b4f836e2507d","isMergeCommit":false,"messageTitle":"Change exit feature so exit message is displayed before exiting","messageBody":"","fileTypesAndContributionMap":{"functional-code":{"insertions":13,"deletions":6}}},{"hash":"b92b0dd5411736c5e3873126e22278147f0c52d6","isMergeCommit":false,"messageTitle":"Change exit image in User Guide","messageBody":"","fileTypesAndContributionMap":{"functional-code":{"insertions":1,"deletions":1}}},{"hash":"b7d3298f4339eca1ad2df3fd2a9ea25e651d6206","isMergeCommit":false,"messageTitle":"Bug fix","messageBody":"","fileTypesAndContributionMap":{"functional-code":{"insertions":1,"deletions":1}}},{"hash":"86f43c1ccbaf3bd1db0779bfa000a550b72a39a0","isMergeCommit":false,"messageTitle":"Change code style","messageBody":"","fileTypesAndContributionMap":{"functional-code":{"insertions":2,"deletions":2}}},{"hash":"073ada0a577c64c4a3967f07867cb8e3af89d233","isMergeCommit":true,"messageTitle":"Merge pull request #15 from Bearypop/week-7-Yik-Leong","messageBody":"Update documentation and exit feature","fileTypesAndContributionMap":{}}]},{"date":"2023-10-05","commitResults":[{"hash":"2844cd7c7c22cab732de5f12e8ce46fc8e3f8a8a","isMergeCommit":false,"messageTitle":"Update PPP","messageBody":"","fileTypesAndContributionMap":{"docs":{"insertions":1,"deletions":1}}},{"hash":"7057471222168d1b82a265a6fa7da219feef81a0","isMergeCommit":true,"messageTitle":"Merge pull request #22 from Bearypop/update-PPP","messageBody":"Update documentation","fileTypesAndContributionMap":{}}]},{"date":"2023-10-06","commitResults":[{"hash":"2829bfd314524699f626f956160e84e16daf2740","isMergeCommit":true,"messageTitle":"Merge branch \u0027master\u0027 of https://github.com/AY2324S1-CS2103T-F12-2/tp","messageBody":"","fileTypesAndContributionMap":{}}]},{"date":"2023-10-14","commitResults":[{"hash":"8c7b878b4b4f6756afa013f7fbcbaa6f282e2933","isMergeCommit":true,"messageTitle":"Merge branch \u0027master\u0027 of https://github.com/AY2324S1-CS2103T-F12-2/tp","messageBody":"","fileTypesAndContributionMap":{}}]},{"date":"2023-10-17","commitResults":[{"hash":"84ab1746baef1c1e4bda83bd282b235b8f2a030d","isMergeCommit":true,"messageTitle":"Merge branch \u0027master\u0027 of https://github.com/AY2324S1-CS2103T-F12-2/tp","messageBody":"","fileTypesAndContributionMap":{}}]},{"date":"2023-10-18","commitResults":[{"hash":"2251048de48e0c4e186fbef5e6d66f79956f03af","isMergeCommit":false,"messageTitle":"Update tests for Add Command and resolve checkstyle issues","messageBody":"","fileTypesAndContributionMap":{"functional-code":{"insertions":1,"deletions":1},"test-code":{"insertions":126,"deletions":86}}},{"hash":"ab380a81760f1b6731ef0d66f1d43731bb32b5f9","isMergeCommit":false,"messageTitle":"Fix checkstyle issues","messageBody":"","fileTypesAndContributionMap":{"functional-code":{"insertions":2,"deletions":1}}},{"hash":"0264b7d8f43e1cb45ef32a5a6f610686e5810ee1","isMergeCommit":false,"messageTitle":"Update EditCommandTest and DeleteCommandTest","messageBody":"","fileTypesAndContributionMap":{"functional-code":{"insertions":6,"deletions":3},"test-code":{"insertions":16,"deletions":10}}},{"hash":"0898b7912f69f9c24df9a459f6d7029ea60267cc","isMergeCommit":true,"messageTitle":"Merge pull request #57 from Bearypop/test-add-command","messageBody":"Update tests for Add command","fileTypesAndContributionMap":{}},{"hash":"a6e4b2b284e8ec70e6903a817aa87713675ccb14","isMergeCommit":true,"messageTitle":"Merge pull request #58 from Bearypop/tests-bug-fix","messageBody":"Tests bug fix","fileTypesAndContributionMap":{}},{"hash":"9cc512b08e113cb963c4bdca15bf4a295ac6cbba","isMergeCommit":true,"messageTitle":"Merge branch \u0027master\u0027 of https://github.com/AY2324S1-CS2103T-F12-2/tp","messageBody":"","fileTypesAndContributionMap":{}},{"hash":"17f7096ca210f3503e18fc604fa8a29b65afda71","isMergeCommit":false,"messageTitle":"Update documentation","messageBody":"","fileTypesAndContributionMap":{"docs":{"insertions":26,"deletions":19}}},{"hash":"602eca3e20625a19634a0fe35bb0f5709be1a5c3","isMergeCommit":true,"messageTitle":"Merge pull request #61 from Bearypop/v1.2b-update-docs","messageBody":"Update User Guide","fileTypesAndContributionMap":{}},{"hash":"d4f92869f0ea16cd79d793ecaad52d8a519f2671","isMergeCommit":false,"messageTitle":"Update docs","messageBody":"","fileTypesAndContributionMap":{"docs":{"insertions":1,"deletions":1}}}]},{"date":"2023-10-25","commitResults":[{"hash":"821e2b05b84dc0b77e82f9419557e987c8ddc8bc","isMergeCommit":false,"messageTitle":"Add create group feature","messageBody":"","fileTypesAndContributionMap":{"functional-code":{"insertions":463,"deletions":3}}},{"hash":"c2aaf25126bcb79c29df8e54765eb4f92b05cfeb","isMergeCommit":false,"messageTitle":"Update UG for create group feature","messageBody":"","fileTypesAndContributionMap":{"docs":{"insertions":28,"deletions":10}}},{"hash":"591ad30850b0d5fb38695535e516079b40dd81f5","isMergeCommit":false,"messageTitle":"Edit javadocs","messageBody":"","fileTypesAndContributionMap":{"functional-code":{"insertions":6,"deletions":6}}},{"hash":"447209ac0d681c731133724087d8f0756f756f34","isMergeCommit":true,"messageTitle":"Merge pull request #77 from Bearypop/group-feature","messageBody":"Create group feature","fileTypesAndContributionMap":{}},{"hash":"05d3e32f94480e85979ab4e06755a22f2eb41a1a","isMergeCommit":false,"messageTitle":"Update DG","messageBody":"","fileTypesAndContributionMap":{"docs":{"insertions":40,"deletions":8}}},{"hash":"4598629fded43a596665bd0e1e27ab6f6b99554e","isMergeCommit":false,"messageTitle":"Resolve conflict","messageBody":"","fileTypesAndContributionMap":{"docs":{"insertions":1,"deletions":0}}},{"hash":"7531d719f9f37f16105986970adce77d48971d96","isMergeCommit":true,"messageTitle":"Merge branch \u0027master\u0027 into dg-create-command","messageBody":"","fileTypesAndContributionMap":{}},{"hash":"eae7127f30812ea3d05b1039ac7983d69787ac20","isMergeCommit":true,"messageTitle":"Merge pull request #83 from Bearypop/dg-create-command","messageBody":"Update DG","fileTypesAndContributionMap":{}}]}],"neyapraveen":[{"date":"2023-10-05","commitResults":[{"hash":"d59a985c48c65e23007645ddd01db40f60cf4aae","isMergeCommit":true,"messageTitle":"Merge branch \u0027master\u0027 of https://github.com/neyapraveen/tp","messageBody":"* \u0027master\u0027 of https://github.com/neyapraveen/tp: (27 commits)\n  Add photo to AboutUs\n  Change \"AB-3\" in website top navigation bar to \"StudentConnect\"\n  Update title and repo for site-wide settings\n  Fix error in UG\n  Update PPP skeletal and AboutUs\n  Update UG for list feature\n  Edited UserGuide\n  Revert \"Edited UserGuide\"\n  Revert \"Update About Us page, UG and PPP Skeleton\"\n  Edited UserGuide\n  Update profile photo\n  Update build.gradle\n  Temporarily update build.gradle\n  Revert changes to gradle.yml workflow\n  Update UG for list feature\n  Update Gradle Wrapper\n  Finalise Style\n  Edited \u0027Add\u0027 feature in User Guide\n  Updated AboutUs page, added image and skeletal PPP\n  Updated README contents and Ui mockup\n  ...\n","fileTypesAndContributionMap":{}}]},{"date":"2023-10-06","commitResults":[{"hash":"49a6cc6a0969a3805b3e0a43afa0f6bc73e1d030","isMergeCommit":true,"messageTitle":"Merge branch \u0027AY2324S1-CS2103T-F12-2:master\u0027 into master","messageBody":"","fileTypesAndContributionMap":{}},{"hash":"c3f0b479b049b11cf88a6ab725a1d9ba73eb840f","isMergeCommit":false,"messageTitle":"Add PPP","messageBody":"","fileTypesAndContributionMap":{"docs":{"insertions":31,"deletions":0}}},{"hash":"d7c59c71dab2d6ee5983182c28cb191eaa7a0b55","isMergeCommit":true,"messageTitle":"Merge pull request #39 from neyapraveen/add-PPP","messageBody":"Add ppp","fileTypesAndContributionMap":{}},{"hash":"df77c4f91e7ca0d0f2cdf808cfb785cf7912bfbb","isMergeCommit":true,"messageTitle":"Merge branch \u0027AY2324S1-CS2103T-F12-2:master\u0027 into master","messageBody":"","fileTypesAndContributionMap":{}},{"hash":"dd6aff44d1d5c580ec4de1c3a8196526585015e4","isMergeCommit":false,"messageTitle":"Fix delete function description in UG","messageBody":"","fileTypesAndContributionMap":{"docs":{"insertions":18,"deletions":8}}},{"hash":"d81728ee202a9ae9fc1bcd9d89c33d66d0146f45","isMergeCommit":true,"messageTitle":"Merge pull request #40 from neyapraveen/update-delete-ug2","messageBody":"Update delete ug2","fileTypesAndContributionMap":{}},{"hash":"096b7d8c1bf80eedb045bf63df11725cbd790af6","isMergeCommit":false,"messageTitle":"Update user stories, glossary, NFRs, use cases in DG","messageBody":"","fileTypesAndContributionMap":{"docs":{"insertions":90,"deletions":30}}},{"hash":"6e70025df6013717f584c3eb05355b56c37ae626","isMergeCommit":true,"messageTitle":"Merge pull request #42 from neyapraveen/update-dg","messageBody":"Update user stories, glossary, NFRs, use cases in DG","fileTypesAndContributionMap":{}},{"hash":"65ecd188c13cb8b8edd5a4ca7f3777f0f048b182","isMergeCommit":false,"messageTitle":"Update AboutUs.md","messageBody":"","fileTypesAndContributionMap":{"docs":{"insertions":5,"deletions":5}}},{"hash":"b3192e23fcccafc348d687e9d6d9045a7e79f754","isMergeCommit":true,"messageTitle":"Merge pull request #43 from neyapraveen/about-us","messageBody":"Update AboutUs.md","fileTypesAndContributionMap":{}}]},{"date":"2023-10-12","commitResults":[{"hash":"c59ccf71151fdba2f81b34120643005ffd2137b8","isMergeCommit":true,"messageTitle":"Merge branch \u0027master\u0027 of https://github.com/neyapraveen/tp","messageBody":"* \u0027master\u0027 of https://github.com/neyapraveen/tp: (21 commits)\n  fixed checkstyle error\n  Fixed checkstyle error\n  fixed checkstyle errors\n  fixed checkstyle errors\n  Fixed checkstyle errors\n  Added restrictions to fields\n  Update list feature screenshot\n  Add edit feature in DG\n  Fixed checkstyle errors\n  Edited checkstyle errors\n  Fixed error\n  Fixed some bugs\n  Edited files for Add features\n  Fixed social media link bug\n  Update AboutUs.md\n  Edited Parser and Person files\n  Edited Person class\n  Added field classes\n  Fix bug in ListCommand\n  Update success message and UG screenshot for list feature\n  ...\n","fileTypesAndContributionMap":{}},{"hash":"f8f0c7e67a5711127f81aa1ceb67b628334e9eea","isMergeCommit":false,"messageTitle":"Update delete command to delete by email","messageBody":"","fileTypesAndContributionMap":{"functional-code":{"insertions":56,"deletions":18}}},{"hash":"82a6760773fe5b3ae0265b9f440de193ee8f0520","isMergeCommit":false,"messageTitle":"Edit test cases for delete with email","messageBody":"","fileTypesAndContributionMap":{"test-code":{"insertions":45,"deletions":54}}},{"hash":"466c12cc110f06267795d9b648e33161b2f30f4c","isMergeCommit":false,"messageTitle":"Fix style","messageBody":"","fileTypesAndContributionMap":{"functional-code":{"insertions":3,"deletions":21},"test-code":{"insertions":2,"deletions":2}}},{"hash":"e4cf9a95e2e2aebf1cac1ea5e973cdaeaa6ba7f1","isMergeCommit":false,"messageTitle":"Fix style","messageBody":"","fileTypesAndContributionMap":{"functional-code":{"insertions":3,"deletions":21},"test-code":{"insertions":22,"deletions":31}}},{"hash":"3883737b8ea7feaf508a446f3e3edba58a0fbe7d","isMergeCommit":true,"messageTitle":"Merge commit \u0027466c12cc110f06267795d9b648e33161b2f30f4c\u0027 into delete-by-email-feature","messageBody":"* commit \u0027466c12cc110f06267795d9b648e33161b2f30f4c\u0027:\n  Fix style\n","fileTypesAndContributionMap":{}},{"hash":"2e8127989b25ed944561a3339579514391ff1040","isMergeCommit":false,"messageTitle":"Fix more style","messageBody":"","fileTypesAndContributionMap":{"test-code":{"insertions":1,"deletions":0}}},{"hash":"d4299ab98268cbf36fbb9507eefcd2485a446f29","isMergeCommit":false,"messageTitle":"Fix style","messageBody":"","fileTypesAndContributionMap":{"test-code":{"insertions":1,"deletions":1}}},{"hash":"86366a1d201ef218bcd095496c148eb16b10514c","isMergeCommit":false,"messageTitle":"Update documentation","messageBody":"","fileTypesAndContributionMap":{"docs":{"insertions":5,"deletions":3}}},{"hash":"f313a284fdea97069c78ca202fc50b20e28f8033","isMergeCommit":true,"messageTitle":"Merge pull request #50 from neyapraveen/update-documentation-v1.2","messageBody":"Update documentation v1.2","fileTypesAndContributionMap":{}},{"hash":"c3a5f783a3a8e956dbd9b2ddbc929a9bcb75e2d1","isMergeCommit":true,"messageTitle":"Merge branch \u0027master\u0027 into delete-by-email-feature","messageBody":"","fileTypesAndContributionMap":{}},{"hash":"ec1eb258bf94df4d3edf5dcffff217d9a2c22cf5","isMergeCommit":true,"messageTitle":"Merge pull request #49 from neyapraveen/delete-by-email-feature","messageBody":"Change to delete by email","fileTypesAndContributionMap":{}}]},{"date":"2023-10-18","commitResults":[{"hash":"ffd9fd9b4b2044b6c5fe3bfebcd02bd3bfc12dd2","isMergeCommit":true,"messageTitle":"Merge branch \u0027master\u0027 of https://github.com/neyapraveen/tp","messageBody":"* \u0027master\u0027 of https://github.com/neyapraveen/tp:\n  Update EditCommandTest and DeleteCommandTest\n  Fix checkstyle issues\n  Update tests for Add Command and resolve checkstyle issues\n  Fixed checkstyle\n  Add edit feature\n  Edited checkstyle\n  Updated image for \u0027Add\u0027 feature\n  Update documentation\n  Fix style\n  Fix more style\n  Fix style\n  Fix style\n  Edit test cases for delete with email\n  Update delete command to delete by email\n  Add edit feature in UG\n","fileTypesAndContributionMap":{}},{"hash":"a36b059f7e1e56ff03651da5334be627d9ab91ca","isMergeCommit":false,"messageTitle":"Fix bug in DeleteCommandParserTest","messageBody":"","fileTypesAndContributionMap":{"test-code":{"insertions":1,"deletions":1}}},{"hash":"73acd45f60f1128e7fa9f03e1acf5122853a1195","isMergeCommit":true,"messageTitle":"Merge pull request #60 from neyapraveen/branch-fix-deleteparsertest","messageBody":"Branch fix deleteparsertest","fileTypesAndContributionMap":{}},{"hash":"cdd991cac3d3a4b0ec7954ae340588f93a49e04e","isMergeCommit":true,"messageTitle":"Merge branch \u0027master\u0027 of https://github.com/neyapraveen/tp","messageBody":"* \u0027master\u0027 of https://github.com/neyapraveen/tp:\n  Fix bug in DeleteCommandParserTest\n","fileTypesAndContributionMap":{}},{"hash":"3d3bf6d34d4c40981b8cef2af10543e814cbe2c3","isMergeCommit":false,"messageTitle":"Change background colour","messageBody":"","fileTypesAndContributionMap":{"functional-code":{"insertions":71,"deletions":72}}},{"hash":"4033d6ab6f917c602a5ce6a0aa3079d0324c3831","isMergeCommit":false,"messageTitle":"Change border colour to yellow","messageBody":"","fileTypesAndContributionMap":{"functional-code":{"insertions":11,"deletions":9}}},{"hash":"cd75eebdd1cc4fa336d5ec9d6f739b36f620c02e","isMergeCommit":false,"messageTitle":"Make names bold","messageBody":"","fileTypesAndContributionMap":{"functional-code":{"insertions":5,"deletions":3}}},{"hash":"1aa3865ff21bc6be8960596ec48b6722809eec27","isMergeCommit":false,"messageTitle":"Change fonts","messageBody":"","fileTypesAndContributionMap":{"functional-code":{"insertions":3,"deletions":2}}}]},{"date":"2023-10-19","commitResults":[{"hash":"d29271e7e94263927c1ff75d84b09ca152527e93","isMergeCommit":false,"messageTitle":"Fix styling for social media links","messageBody":"","fileTypesAndContributionMap":{"functional-code":{"insertions":22,"deletions":4}}},{"hash":"b43af555042880107b71d12e341aa3687a687be6","isMergeCommit":false,"messageTitle":"Make index same style as name","messageBody":"","fileTypesAndContributionMap":{"functional-code":{"insertions":2,"deletions":9}}},{"hash":"0ef122df545f21d53d8ae39c20d0ec174820ede6","isMergeCommit":false,"messageTitle":"Add labels to UI","messageBody":"","fileTypesAndContributionMap":{"functional-code":{"insertions":5,"deletions":9},"other":{"insertions":1,"deletions":1}}},{"hash":"59962b426b583ac5c0f0433656512349890d43cb","isMergeCommit":false,"messageTitle":"Change colour scheme","messageBody":"","fileTypesAndContributionMap":{"functional-code":{"insertions":59,"deletions":34}}},{"hash":"976fed700239c6b70f971a9a22fd529f1d088106","isMergeCommit":false,"messageTitle":"Improve style and visibility","messageBody":"","fileTypesAndContributionMap":{"functional-code":{"insertions":16,"deletions":17}}},{"hash":"bc6eed9082106de0a4d88b990175e07e869c4208","isMergeCommit":true,"messageTitle":"Merge pull request #68 from neyapraveen/ui-improvement","messageBody":"Improve UI\r\nFix #59 ","fileTypesAndContributionMap":{}}]},{"date":"2023-10-25","commitResults":[{"hash":"d9715feb551fa77dc62538a81b3a5c9f4c6a0839","isMergeCommit":true,"messageTitle":"Merge branch \u0027master\u0027 of https://github.com/neyapraveen/tp","messageBody":"* \u0027master\u0027 of https://github.com/neyapraveen/tp:\n  Enable assertions\n  Migrate Tutorial.java to a separate folder for consistency\n  Migrate Tutorial.java to a separate folder for consistency\n  Update tutorial implementation to use Set instead of List\n","fileTypesAndContributionMap":{}},{"hash":"1d966bdd79d4c2f217fede3b55d9905f92cfb35a","isMergeCommit":false,"messageTitle":"Add hyperlink to social media links","messageBody":"","fileTypesAndContributionMap":{"functional-code":{"insertions":20,"deletions":6}}},{"hash":"2effccfd6332690cd3ca966d1ed4f4809a93ff90","isMergeCommit":false,"messageTitle":"Remove unnecessary import","messageBody":"","fileTypesAndContributionMap":{"functional-code":{"insertions":0,"deletions":1}}},{"hash":"67d8c78ec2349e7f0cdc08a30117ecf1a57f5b5e","isMergeCommit":false,"messageTitle":"Update comment","messageBody":"","fileTypesAndContributionMap":{"functional-code":{"insertions":1,"deletions":1}}},{"hash":"6578490d97f7443780a0bde2f9d894235a2774e4","isMergeCommit":false,"messageTitle":"Fix checkstyle","messageBody":"","fileTypesAndContributionMap":{"functional-code":{"insertions":2,"deletions":1}}},{"hash":"d5ae5104b9d47c63608c73ef2bbc6e5e1e6c6847","isMergeCommit":false,"messageTitle":"Add assertion","messageBody":"","fileTypesAndContributionMap":{"functional-code":{"insertions":7,"deletions":0}}},{"hash":"9d92d3a36251fb1e199011c81088221cf2e6cdff","isMergeCommit":false,"messageTitle":"Update documentation in DG","messageBody":"","fileTypesAndContributionMap":{"docs":{"insertions":38,"deletions":13}}},{"hash":"1f4d4e1a52649cfcb72576eebae1e291e23e30bd","isMergeCommit":false,"messageTitle":"Fix checkstyle","messageBody":"","fileTypesAndContributionMap":{"functional-code":{"insertions":2,"deletions":1}}},{"hash":"9633cd330be9990363d451cd5a093aa565d2dc17","isMergeCommit":false,"messageTitle":"Add test cases for PersonCard","messageBody":"","fileTypesAndContributionMap":{"functional-code":{"insertions":41,"deletions":3},"test-code":{"insertions":133,"deletions":0}}},{"hash":"d2d6ae676b29b87ff57d658e6daa44a26da4ce4d","isMergeCommit":false,"messageTitle":"Fix checkstyle","messageBody":"","fileTypesAndContributionMap":{"functional-code":{"insertions":12,"deletions":3},"test-code":{"insertions":78,"deletions":52}}},{"hash":"31d2e1a5815371f477faebd66778680f440f98f8","isMergeCommit":false,"messageTitle":"Add logging","messageBody":"","fileTypesAndContributionMap":{"functional-code":{"insertions":5,"deletions":1}}},{"hash":"065a1279072c742521cf3ac440493a9fa1694a45","isMergeCommit":false,"messageTitle":"Update comment in JavaFxInitializer.java","messageBody":"Co-authored-by: Pearlynn \u003c98682935+PearlynnT@users.noreply.github.com\u003e","fileTypesAndContributionMap":{"test-code":{"insertions":1,"deletions":1}}},{"hash":"2a7e3aa69a8bcaa9b3b138dfebffe2dba2b727f5","isMergeCommit":false,"messageTitle":"Update javadocs in JavaFxInitializer","messageBody":"Co-authored-by: Pearlynn \u003c98682935+PearlynnT@users.noreply.github.com\u003e","fileTypesAndContributionMap":{"test-code":{"insertions":1,"deletions":1}}},{"hash":"4d6b1e67c9a2ae932ca964b59bb24ba2a052936e","isMergeCommit":true,"messageTitle":"Merge pull request #80 from neyapraveen/hyperlink-social-media","messageBody":"Hyperlink social media\r\nFix #80 ","fileTypesAndContributionMap":{}},{"hash":"2b84b3be4798b98c9ce2f0bf674ff1cb8ac2bd9f","isMergeCommit":true,"messageTitle":"Merge branch \u0027master\u0027 of https://github.com/neyapraveen/tp","messageBody":"* \u0027master\u0027 of https://github.com/neyapraveen/tp:\n  Edit javadocs\n  Update javadocs in JavaFxInitializer\n  Update comment in JavaFxInitializer.java\n  Add logging\n  Fix checkstyle\n  Edit developer guide\n  Add logging\n  Add test cases for PersonCard\n  Edit UserGuide\n  Add Help Window Test class\n  Edit help command\n  Fix checkstyle\n  Update documentation in DG\n  Add assertion\n  Fix checkstyle\n  Update comment\n  Remove unnecessary import\n  Add hyperlink to social media links\n  Update UG for create group feature\n  Add create group feature\n","fileTypesAndContributionMap":{}},{"hash":"b93c3f7c7aeaed7585b75ee81ef92f788fd33176","isMergeCommit":false,"messageTitle":"Add classes for tasks","messageBody":"","fileTypesAndContributionMap":{"functional-code":{"insertions":659,"deletions":0}}},{"hash":"ed589dfb45565426c4e5cc8bd2de36ea493391c8","isMergeCommit":false,"messageTitle":"Add test cases for some task classes","messageBody":"","fileTypesAndContributionMap":{"test-code":{"insertions":51,"deletions":0}}},{"hash":"f0028e292ef2302ff46861f008bf9555e8f4c882","isMergeCommit":false,"messageTitle":"Fix checkstyle","messageBody":"","fileTypesAndContributionMap":{"functional-code":{"insertions":91,"deletions":83},"other":{"insertions":1,"deletions":1},"test-code":{"insertions":1,"deletions":0}}},{"hash":"3efcb11ce14c0442a55dc8c709380fd2c698d8c4","isMergeCommit":false,"messageTitle":"Correct javadocs","messageBody":"","fileTypesAndContributionMap":{"functional-code":{"insertions":1,"deletions":1}}},{"hash":"c4a27b80857466c9d35d4853e5e70213578720c0","isMergeCommit":true,"messageTitle":"Merge pull request #88 from neyapraveen/add-task-classes","messageBody":"Add task classes","fileTypesAndContributionMap":{}}]},{"date":"2023-10-26","commitResults":[{"hash":"89439df1605889095a709457d386fab50aea418b","isMergeCommit":false,"messageTitle":"Update social media link docs","messageBody":"","fileTypesAndContributionMap":{"docs":{"insertions":6,"deletions":0}}},{"hash":"5038b728214f8f402eb8f71f1efec40b6baf31bd","isMergeCommit":false,"messageTitle":"Add table of contents","messageBody":"","fileTypesAndContributionMap":{"docs":{"insertions":20,"deletions":2}}},{"hash":"4b7526d496267db84afc38693f461f0fe24cadb8","isMergeCommit":false,"messageTitle":"Fix formatting","messageBody":"","fileTypesAndContributionMap":{"docs":{"insertions":5,"deletions":1}}},{"hash":"d3885809bbc7d8a27e34687a25e4e49c7571511a","isMergeCommit":true,"messageTitle":"Merge pull request #90 from neyapraveen/update-documentation-1.3","messageBody":"Update documentation 1.3","fileTypesAndContributionMap":{}},{"hash":"f42d7e2c6bd297a7a644cce7b39e8312532bd439","isMergeCommit":false,"messageTitle":"Add target audience to UserGuide","messageBody":"","fileTypesAndContributionMap":{"docs":{"insertions":1,"deletions":1}}}]}],"wnchan":[{"date":"2023-10-04","commitResults":[{"hash":"8b1d36f33fc877e890dabd9d3eb4b7a7d8e20cb1","isMergeCommit":false,"messageTitle":"Updated README contents and Ui mockup","messageBody":"","fileTypesAndContributionMap":{"docs":{"insertions":19,"deletions":11}}},{"hash":"1adbc4aedbf8299eeec01312fa9520db32b39d67","isMergeCommit":false,"messageTitle":"Updated AboutUs page, added image and skeletal PPP","messageBody":"","fileTypesAndContributionMap":{"docs":{"insertions":37,"deletions":6}}},{"hash":"2fe1d5d5e6c1db7ce749c21af81f2e3b60d06f3a","isMergeCommit":false,"messageTitle":"Edited \u0027Add\u0027 feature in User Guide","messageBody":"","fileTypesAndContributionMap":{"docs":{"insertions":24,"deletions":7}}}]},{"date":"2023-10-05","commitResults":[{"hash":"16857c1ca7b1cb320b1395b0462eb2dafe2fc77c","isMergeCommit":true,"messageTitle":"Merge pull request #21 from wnchan/branch-AboutUs","messageBody":"Updated AboutsUs page, skeletal PPP and User Guide","fileTypesAndContributionMap":{}},{"hash":"aab0291119f8f9989a73f23ec940813a02663fba","isMergeCommit":true,"messageTitle":"Merge branch \u0027master\u0027 of https://github.com/wnchan/tp","messageBody":"* \u0027master\u0027 of https://github.com/wnchan/tp:\n  Edit PPP\n  Add line EOF\n  Update PPP\n  Edited \u0027Add\u0027 feature in User Guide\n  Updated AboutUs page, added image and skeletal PPP\n  Updated README contents and Ui mockup\n  update UG content for find\n","fileTypesAndContributionMap":{}},{"hash":"4387e680f7f46a3a20aad911fea3ed97e36b17dc","isMergeCommit":true,"messageTitle":"Merge branch \u0027AY2324S1-CS2103T-F12-2:master\u0027 into master","messageBody":"","fileTypesAndContributionMap":{}},{"hash":"c58d9b18e981861f4b48d72106b18935af5f7011","isMergeCommit":true,"messageTitle":"Merge branch \u0027master\u0027 of https://github.com/wnchan/tp","messageBody":"* \u0027master\u0027 of https://github.com/wnchan/tp:\n  Update profile photo\n  Update build.gradle\n  Temporarily update build.gradle\n  Revert changes to gradle.yml workflow\n  Update UG for list feature\n  Update Gradle Wrapper\n  Finalise Style\n  Add Newline at EOF\n  Add Newline at EOF\n  Fix style conventions\n  Update PPP Skeleton\n  Add Majedah\u0027s details to AboutUs page\n  Add Majedah\u0027s details to AboutUs page\n  Implement new command - Remark\n","fileTypesAndContributionMap":{}},{"hash":"832299dc0cbf3777334c027b13c803120c3b9f5f","isMergeCommit":false,"messageTitle":"Edited UserGuide","messageBody":"","fileTypesAndContributionMap":{"docs":{"insertions":3,"deletions":3}}},{"hash":"0f87c666ffe0f7cf78ec44e3e7df04d1b7e8de2d","isMergeCommit":true,"messageTitle":"Merge pull request #25 from wnchan/branch-week7wnchan","messageBody":"Edited UserGuide","fileTypesAndContributionMap":{}},{"hash":"2eaae636d66a55329c179fe5936cb56cdff4204a","isMergeCommit":true,"messageTitle":"Merge branch \u0027AY2324S1-CS2103T-F12-2:master\u0027 into master","messageBody":"","fileTypesAndContributionMap":{}},{"hash":"bf8610000cb2968fe115741b15a2b3525603cad6","isMergeCommit":true,"messageTitle":"Merge branch \u0027master\u0027 of https://github.com/wnchan/tp","messageBody":"* \u0027master\u0027 of https://github.com/wnchan/tp:\n  Edited UserGuide\n","fileTypesAndContributionMap":{}},{"hash":"0a1dbee4f4771e8a57c1dd16fce11d1caa5c56bc","isMergeCommit":false,"messageTitle":"Revert \"Edited UserGuide\"","messageBody":"","fileTypesAndContributionMap":{"docs":{"insertions":3,"deletions":3}}},{"hash":"4c8ceb246844e23b47c833a0a0d13090758cdf83","isMergeCommit":true,"messageTitle":"Merge pull request #27 from AY2324S1-CS2103T-F12-2/revert-25-branch-week7wnchan","messageBody":"Revert \"Edited UserGuide\"","fileTypesAndContributionMap":{}},{"hash":"db06e9050bb72e2c5c52701f1d824dfbafb53092","isMergeCommit":true,"messageTitle":"Merge branch \u0027AY2324S1-CS2103T-F12-2:master\u0027 into master","messageBody":"","fileTypesAndContributionMap":{}},{"hash":"befb2942c8b0e14bfe011d62c365d9d2df6945ac","isMergeCommit":true,"messageTitle":"Merge branch \u0027master\u0027 of https://github.com/wnchan/tp","messageBody":"* \u0027master\u0027 of https://github.com/wnchan/tp:\n  Revert \"Edited UserGuide\"\n  Revert \"Update About Us page, UG and PPP Skeleton\"\n","fileTypesAndContributionMap":{}},{"hash":"f94f6d2a3482049c958cc5e0fdb86fd47d4367c1","isMergeCommit":false,"messageTitle":"Edited UserGuide","messageBody":"","fileTypesAndContributionMap":{"docs":{"insertions":1,"deletions":1}}},{"hash":"9b0fb229ae3d4c8d1a73dece4261ef119bd16405","isMergeCommit":true,"messageTitle":"Merge branch \u0027master\u0027 into branch-week7wnchan","messageBody":"","fileTypesAndContributionMap":{}},{"hash":"a33d8d6d9db38f70a95ef74e5af809040be84cf7","isMergeCommit":true,"messageTitle":"Merge pull request #28 from wnchan/branch-week7wnchan","messageBody":"Edited UserGuide","fileTypesAndContributionMap":{}},{"hash":"5aa70472a6232fd744ed9adce73d39d17a6ff7a9","isMergeCommit":true,"messageTitle":"Merge branch \u0027AY2324S1-CS2103T-F12-2:master\u0027 into master","messageBody":"","fileTypesAndContributionMap":{}},{"hash":"d25ad330f1990fa69e49823a1f3323b0b63be94a","isMergeCommit":true,"messageTitle":"Merge branch \u0027master\u0027 of https://github.com/wnchan/tp","messageBody":"* \u0027master\u0027 of https://github.com/wnchan/tp:\n  Edited UserGuide\n","fileTypesAndContributionMap":{}},{"hash":"b1186d5a7d039affee78045c9e11549b65937072","isMergeCommit":true,"messageTitle":"Merge branch \u0027branch-week7wnchan\u0027 of https://github.com/wnchan/tp into branch-week7wnchan","messageBody":"* \u0027branch-week7wnchan\u0027 of https://github.com/wnchan/tp:\n  Revert \"Edited UserGuide\"\n  Revert \"Update About Us page, UG and PPP Skeleton\"\n  Update profile photo\n  Update build.gradle\n  Temporarily update build.gradle\n  Revert changes to gradle.yml workflow\n  Update UG for list feature\n  Update Gradle Wrapper\n  Finalise Style\n  Add Newline at EOF\n  Add Newline at EOF\n  Fix style conventions\n  Update PPP Skeleton\n  Add Majedah\u0027s details to AboutUs page\n  Add Majedah\u0027s details to AboutUs page\n  Implement new command - Remark\n","fileTypesAndContributionMap":{}},{"hash":"502442449759aec2c356e3a9ddc568858d7cf489","isMergeCommit":true,"messageTitle":"Merge branch \u0027AY2324S1-CS2103T-F12-2:master\u0027 into master","messageBody":"","fileTypesAndContributionMap":{}},{"hash":"83094e945099c5c11558efbc2ad269296de01410","isMergeCommit":true,"messageTitle":"Merge branch \u0027master\u0027 of https://github.com/wnchan/tp","messageBody":"* \u0027master\u0027 of https://github.com/wnchan/tp:\n  Change \"AB-3\" in website top navigation bar to \"StudentConnect\"\n  Update title and repo for site-wide settings\n  Fix error in UG\n  Update PPP skeletal and AboutUs\n  Update UG for list feature\n","fileTypesAndContributionMap":{}},{"hash":"a4a684ec5af42e6c0c9c5f59c629f368a614d90f","isMergeCommit":false,"messageTitle":"Edited some classes associated to the \"Add\" feature.","messageBody":"Edited command and parser. Files under person package and person card\nfiles still needs to be edited.\n","fileTypesAndContributionMap":{"functional-code":{"insertions":152,"deletions":83}}},{"hash":"d84293243b5f53d2a1af776a74139b449f4eee29","isMergeCommit":false,"messageTitle":"Added field classes","messageBody":"","fileTypesAndContributionMap":{"functional-code":{"insertions":196,"deletions":0}}},{"hash":"684cbd7c34b7417894c646e8208f236ad0baa1cd","isMergeCommit":false,"messageTitle":"Edited Person class","messageBody":"","fileTypesAndContributionMap":{"functional-code":{"insertions":5,"deletions":9}}}]},{"date":"2023-10-06","commitResults":[{"hash":"f9788849a70675c38d3f188cba8bd4299624d7f5","isMergeCommit":false,"messageTitle":"Edited Parser and Person files","messageBody":"","fileTypesAndContributionMap":{"functional-code":{"insertions":93,"deletions":157}}}]},{"date":"2023-10-07","commitResults":[{"hash":"3c6f2a7405a3d58556e7eebcbf8a3de94107b91f","isMergeCommit":false,"messageTitle":"Fixed social media link bug","messageBody":"","fileTypesAndContributionMap":{"functional-code":{"insertions":3,"deletions":3}}},{"hash":"060e76c1e56c41697e705ac8bdc6f89c0316397b","isMergeCommit":true,"messageTitle":"Merge branch \u0027AY2324S1-CS2103T-F12-2:master\u0027 into master","messageBody":"","fileTypesAndContributionMap":{}},{"hash":"9efbe65cb54d36c310c9a47a2cf95365db168b5a","isMergeCommit":false,"messageTitle":"Edited files for Add features","messageBody":"","fileTypesAndContributionMap":{"functional-code":{"insertions":105,"deletions":117}}},{"hash":"31596bfa32d8385d483cdb2d94d91e995535c452","isMergeCommit":true,"messageTitle":"Merge branch \u0027master\u0027 of https://github.com/wnchan/tp","messageBody":"* \u0027master\u0027 of https://github.com/wnchan/tp:\n  Update AboutUs.md\n  Update user stories, glossary, NFRs, use cases in DG\n  Fix delete function description in UG\n  Add delete.png of UI\n  Add PPP\n  Edit find feature\n  Update information in UG\n  Add photo to AboutUs\n","fileTypesAndContributionMap":{}},{"hash":"bad70ae891671f1925af7b17632109b80ed66578","isMergeCommit":false,"messageTitle":"Fixed some bugs","messageBody":"","fileTypesAndContributionMap":{"functional-code":{"insertions":3,"deletions":6}}},{"hash":"634c8a8fc31ac34a8264b6f01ca88a7341fd682b","isMergeCommit":false,"messageTitle":"Fixed error","messageBody":"","fileTypesAndContributionMap":{"functional-code":{"insertions":1,"deletions":1}}},{"hash":"2141f9c55a798fba3e765e01cdad953a19107fdb","isMergeCommit":false,"messageTitle":"Edited checkstyle errors","messageBody":"","fileTypesAndContributionMap":{"functional-code":{"insertions":46,"deletions":28}}},{"hash":"cee99e96bde9dbcb329a64c97e77f0f5daa302d9","isMergeCommit":false,"messageTitle":"Fixed checkstyle errors","messageBody":"","fileTypesAndContributionMap":{"functional-code":{"insertions":31,"deletions":24}}}]},{"date":"2023-10-12","commitResults":[{"hash":"15525629646d5141bf1c80ac9c65a8560c9c6c38","isMergeCommit":false,"messageTitle":"Added restrictions to fields","messageBody":"Name now only accepts alphabetical characters, emails only accept\n@u.nus.edu domains, social media link can accept null values, major\nonly accept a list of NUS majors, description only accept up till 150\ncharacters. Fixed some bugs pertaining to not including certain\nprefixes.\n","fileTypesAndContributionMap":{"functional-code":{"insertions":123,"deletions":20},"docs":{"insertions":11,"deletions":8}}},{"hash":"7462e5597e144bca9657cf8bea0161b93e52fb1c","isMergeCommit":true,"messageTitle":"Merge branch \u0027master\u0027 into branch-week7wnchan","messageBody":"","fileTypesAndContributionMap":{}},{"hash":"1c1839e1ff67dd31d840bd346982e2b5396ccf2e","isMergeCommit":false,"messageTitle":"Fixed checkstyle errors","messageBody":"","fileTypesAndContributionMap":{"functional-code":{"insertions":46,"deletions":46}}},{"hash":"1b9e637559d3407c24a42813c37e9062e20eb4b5","isMergeCommit":true,"messageTitle":"Merge branch \u0027branch-week7wnchan\u0027 of https://github.com/wnchan/tp into branch-week7wnchan","messageBody":"* \u0027branch-week7wnchan\u0027 of https://github.com/wnchan/tp:\n  Update list feature screenshot\n  Update AboutUs.md\n  Update user stories, glossary, NFRs, use cases in DG\n  Fix delete function description in UG\n  Add delete.png of UI\n  Add PPP\n  Edit find feature\n  Update information in UG\n  Fix bug in ListCommand\n  Add photo to AboutUs\n  Update success message and UG screenshot for list feature\n  Change \"AB-3\" in website top navigation bar to \"StudentConnect\"\n  Update title and repo for site-wide settings\n  Fix error in UG\n  Update PPP skeletal and AboutUs\n  Update UG for list feature\n","fileTypesAndContributionMap":{}},{"hash":"a9985d982ed450d3f0d20da037d8634569129f62","isMergeCommit":false,"messageTitle":"fixed checkstyle errors","messageBody":"","fileTypesAndContributionMap":{"functional-code":{"insertions":6,"deletions":6}}},{"hash":"41d79a265aa050de097be760fb0c95d32c15b9ae","isMergeCommit":false,"messageTitle":"fixed checkstyle errors","messageBody":"","fileTypesAndContributionMap":{"functional-code":{"insertions":1,"deletions":2}}},{"hash":"b3ee10613bf583e3e96370bd398444b19f9babea","isMergeCommit":false,"messageTitle":"Fixed checkstyle error","messageBody":"","fileTypesAndContributionMap":{"functional-code":{"insertions":3,"deletions":3}}},{"hash":"a0cc1811102231f97edd05a584ac8f41afa03f5a","isMergeCommit":false,"messageTitle":"fixed checkstyle error","messageBody":"","fileTypesAndContributionMap":{"functional-code":{"insertions":1,"deletions":3}}},{"hash":"9ddf44e59263e0e5d9bfb7f93ccc6745c8f58070","isMergeCommit":true,"messageTitle":"Merge pull request #33 from wnchan/branch-week7wnchan","messageBody":"Edited the \"Add\" feature","fileTypesAndContributionMap":{}},{"hash":"8b8ce99b1fd19a622f76c00062da252f1a0f528b","isMergeCommit":true,"messageTitle":"Merge branch \u0027AY2324S1-CS2103T-F12-2:master\u0027 into master","messageBody":"","fileTypesAndContributionMap":{}},{"hash":"b368be26c349ffa32c07bd61ba6878a7f17cd50d","isMergeCommit":true,"messageTitle":"Merge branch \u0027master\u0027 of https://github.com/wnchan/tp","messageBody":"* \u0027master\u0027 of https://github.com/wnchan/tp:\n  fixed checkstyle error\n  Fixed checkstyle error\n  fixed checkstyle errors\n  fixed checkstyle errors\n  Fixed checkstyle errors\n  Added restrictions to fields\n  Update list feature screenshot\n  Fixed checkstyle errors\n  Edited checkstyle errors\n  Fixed error\n  Fixed some bugs\n  Edited files for Add features\n  Fixed social media link bug\n  Edited Parser and Person files\n  Edited Person class\n  Added field classes\n  Fix bug in ListCommand\n  Update success message and UG screenshot for list feature\n  Edited some classes associated to the \"Add\" feature.\n","fileTypesAndContributionMap":{}},{"hash":"50e630fa6fc886f3aec55f001736cada8a66a782","isMergeCommit":false,"messageTitle":"Updated image for \u0027Add\u0027 feature","messageBody":"","fileTypesAndContributionMap":{"functional-code":{"insertions":1,"deletions":1}}},{"hash":"e847aaa337d86bfc6529cdd5188b0f305a57f1ea","isMergeCommit":false,"messageTitle":"Edited checkstyle","messageBody":"","fileTypesAndContributionMap":{"functional-code":{"insertions":3,"deletions":1}}},{"hash":"a91a8c53d1b0c332a47734b518e20bfc81f6d868","isMergeCommit":true,"messageTitle":"Merge pull request #53 from wnchan/branch-v1.2","messageBody":"Updated image for \u0027Add\u0027 feature","fileTypesAndContributionMap":{}}]},{"date":"2023-10-13","commitResults":[{"hash":"74b91458b12276c949ca2ab1de1a1dfdb4a9eadc","isMergeCommit":true,"messageTitle":"Merge branch \u0027master\u0027 of https://github.com/wnchan/tp","messageBody":"* \u0027master\u0027 of https://github.com/wnchan/tp:\n  Edited checkstyle\n  Updated image for \u0027Add\u0027 feature\n  Update documentation\n  Fix style\n  Fix more style\n  Fix style\n  Fix style\n  Edit test cases for delete with email\n  Update delete command to delete by email\n  Add edit feature in DG\n  Add edit feature in UG\n","fileTypesAndContributionMap":{}}]},{"date":"2023-10-18","commitResults":[{"hash":"cc9455cb1a805e39a11d11b2a83a957d75122e87","isMergeCommit":true,"messageTitle":"Merge branch \u0027master\u0027 of https://github.com/wnchan/tp","messageBody":"* \u0027master\u0027 of https://github.com/wnchan/tp:\n  Update docs\n  Update documentation\n  Fix bug in DeleteCommandParserTest\n  Update EditCommandTest and DeleteCommandTest\n  Fix checkstyle issues\n  Update tests for Add Command and resolve checkstyle issues\n  Fixed checkstyle\n  Add edit feature\n","fileTypesAndContributionMap":{}},{"hash":"929c84f9cf203189e63688b4ed332945f61f4a3a","isMergeCommit":false,"messageTitle":"Made email the unique identifier","messageBody":"Made email the field that differentiates students, changed the duplicate\nperson message, made name auto capitalise the first letter of each word\nand edited the test case affected.\n","fileTypesAndContributionMap":{"functional-code":{"insertions":25,"deletions":7},"test-code":{"insertions":10,"deletions":20}}},{"hash":"e5be5c08ecf570a57a7b0a4b928d6fba79640cbb","isMergeCommit":false,"messageTitle":"Edits for checkstyle","messageBody":"","fileTypesAndContributionMap":{"functional-code":{"insertions":4,"deletions":4}}},{"hash":"c91ba0b367d657bc8ca6a99d7d8adb98673963a1","isMergeCommit":false,"messageTitle":"Import fixes","messageBody":"","fileTypesAndContributionMap":{"test-code":{"insertions":8,"deletions":1}}},{"hash":"b8c3f96326194b45a3e5dcb25f8c4b76d2a36fb3","isMergeCommit":false,"messageTitle":"Fix order of imports","messageBody":"","fileTypesAndContributionMap":{"test-code":{"insertions":1,"deletions":1}}},{"hash":"bdb2449cef202e134f43ddab2abd63ca1e8855b9","isMergeCommit":true,"messageTitle":"Merge pull request #63 from wnchan/branch-v1.2b","messageBody":"Improved StudentConnect fields and identifier","fileTypesAndContributionMap":{}},{"hash":"700580d9cbf4842b68de5ceba368f45a914553cd","isMergeCommit":true,"messageTitle":"Merge branch \u0027master\u0027 of https://github.com/wnchan/tp","messageBody":"* \u0027master\u0027 of https://github.com/wnchan/tp:\n  Fix order of imports\n  Import fixes\n  Edits for checkstyle\n  Made email the unique identifier\n","fileTypesAndContributionMap":{}}]},{"date":"2023-10-19","commitResults":[{"hash":"c3b9723b3d5016331cf0f15eaf6c0904703cfb3c","isMergeCommit":false,"messageTitle":"Edit test files","messageBody":"","fileTypesAndContributionMap":{"functional-code":{"insertions":5,"deletions":5},"test-code":{"insertions":21,"deletions":25}}},{"hash":"530d5e01ebfb0e15684961b70b88145ebfd84912","isMergeCommit":true,"messageTitle":"Merge pull request #64 from wnchan/branch-v1.2b","messageBody":"Edit most of the test files","fileTypesAndContributionMap":{}},{"hash":"13bde4ae254daa0820743c51e63777e044e28a07","isMergeCommit":true,"messageTitle":"Merge branch \u0027master\u0027 of https://github.com/wnchan/tp","messageBody":"* \u0027master\u0027 of https://github.com/wnchan/tp:\n  Add test case\n  Add test cases\n  Fix build error\n  Add test cases\n  Improve style and visibility\n  Change colour scheme\n  Add SocialMediaLinkTest\n  Remove file\n  Fix edit command test\n  Add labels to UI\n  Make index same style as name\n  Fix checkstyle\n  Fix styling for social media links\n  Edit test files\n  Change fonts\n  Make names bold\n  Change border colour to yellow\n  Change background colour\n","fileTypesAndContributionMap":{}}]},{"date":"2023-10-22","commitResults":[{"hash":"5039cb37e8459cea149ba25c68014dd011384a43","isMergeCommit":true,"messageTitle":"Merge branch \u0027AY2324S1-CS2103T-F12-2:master\u0027 into master","messageBody":"","fileTypesAndContributionMap":{}}]},{"date":"2023-10-24","commitResults":[{"hash":"80c1600742d32edb7ff4385b469283605aa74818","isMergeCommit":true,"messageTitle":"Merge branch \u0027AY2324S1-CS2103T-F12-2:master\u0027 into master","messageBody":"","fileTypesAndContributionMap":{}},{"hash":"ab6690d258f0a126d4832a4dccce0e5008aa00c4","isMergeCommit":true,"messageTitle":"Merge branch \u0027master\u0027 of https://github.com/wnchan/tp","messageBody":"* \u0027master\u0027 of https://github.com/wnchan/tp: (23 commits)\n  Enable assertions\n  Migrate Tutorial.java to a separate folder for consistency\n  Migrate Tutorial.java to a separate folder for consistency\n  Update tutorial implementation to use Set instead of List\n  Add hash code test to TutorialTest.java\n  Fix Checkstyle\n  Update test cases\n  Update Test Cases For Tutorial\n  Update Tutorial type in JsonAdaptedPersonTest\n  Update screenshots in UG\n  Update clear feature in UG\n  Fix issue with loading tutorials\n  Fix bugs in Tutorial\n  Revert \"Update workflow\"\n  Update workflow\n  Update test cases\n  Match Tutorial Field UI\n  Add tutorial field to UG\n  Update UG Screenshots\n  Update Year Display Text\n  ...\n","fileTypesAndContributionMap":{}}]},{"date":"2023-10-25","commitResults":[{"hash":"85a258e5f263fe631a3c98a54be281f639c058a7","isMergeCommit":false,"messageTitle":"Edit help command","messageBody":"Added requirements for cs2103t groupings, style of help window and\nedited user guide\n","fileTypesAndContributionMap":{"functional-code":{"insertions":34,"deletions":14},"docs":{"insertions":12,"deletions":5}}},{"hash":"ba34e0dfdfdf34829bd61a83dadc8ca3c97e8cde","isMergeCommit":false,"messageTitle":"Add Help Window Test class","messageBody":"","fileTypesAndContributionMap":{"functional-code":{"insertions":1,"deletions":1},"test-code":{"insertions":57,"deletions":0}}},{"hash":"b209378bb1d1e2c9b14d15bfb55bf9ed0ebf4123","isMergeCommit":false,"messageTitle":"Edit UserGuide","messageBody":"","fileTypesAndContributionMap":{"docs":{"insertions":1,"deletions":1}}},{"hash":"270eb9d7fdf36654afd7a60b9451e3fc4fc661cf","isMergeCommit":false,"messageTitle":"Add logging","messageBody":"","fileTypesAndContributionMap":{"functional-code":{"insertions":1,"deletions":0}}},{"hash":"619e20368ce159c10b890a55dfdc0c28db3204af","isMergeCommit":false,"messageTitle":"Edit developer guide","messageBody":"","fileTypesAndContributionMap":{"docs":{"insertions":19,"deletions":8}}},{"hash":"634e6f8e04ce2016828f3c64091d2302568763e6","isMergeCommit":true,"messageTitle":"Merge pull request #82 from wnchan/branch-v1.3","messageBody":"Help command","fileTypesAndContributionMap":{}}]}],"maj0-0":[{"date":"2023-09-30","commitResults":[{"hash":"f4e961c47d1db4c99a7187ca4ba1a5ffe464dc78","isMergeCommit":false,"messageTitle":"Implement new command - Remark","messageBody":"Implementing a remark command allows users of the AddressBook application to add optional remarks to people in their address book and edit/remove it if required.\n","fileTypesAndContributionMap":{"functional-code":{"insertions":300,"deletions":91},"test-code":{"insertions":59,"deletions":7}}},{"hash":"b4512e9ab5edebcc38ecd0ea95af0db00dbd76e6","isMergeCommit":false,"messageTitle":"Add Majedah\u0027s details to AboutUs page","messageBody":"","fileTypesAndContributionMap":{"docs":{"insertions":51,"deletions":5}}},{"hash":"68748bf43f70371376405b15c7499bd9d11bac52","isMergeCommit":false,"messageTitle":"Add Majedah\u0027s details to AboutUs page","messageBody":"","fileTypesAndContributionMap":{"docs":{"insertions":1,"deletions":1}}}]},{"date":"2023-10-04","commitResults":[{"hash":"291ec4b7df28f06a3a420d4fe195cd46bd81bc6c","isMergeCommit":false,"messageTitle":"Update PPP Skeleton","messageBody":"","fileTypesAndContributionMap":{"docs":{"insertions":43,"deletions":47}}},{"hash":"ba2c151b931f737d2dd7e316ec08706607e410f9","isMergeCommit":false,"messageTitle":"Fix style conventions","messageBody":"","fileTypesAndContributionMap":{"functional-code":{"insertions":4,"deletions":4}}},{"hash":"38d7da6bab51cf029d13bb126b66ce5447f95763","isMergeCommit":false,"messageTitle":"Add Newline at EOF","messageBody":"","fileTypesAndContributionMap":{"functional-code":{"insertions":6,"deletions":30},"docs":{"insertions":1,"deletions":2}}},{"hash":"1721c4768e1576dcef787734fb9e1731ee99e2d2","isMergeCommit":false,"messageTitle":"Add Newline at EOF","messageBody":"","fileTypesAndContributionMap":{"docs":{"insertions":9,"deletions":9}}}]},{"date":"2023-10-05","commitResults":[{"hash":"23f66b34a92c61191d4e017d3685605a91943046","isMergeCommit":true,"messageTitle":"Merge branch \u0027AY2324S1-CS2103T-F12-2:master\u0027 into 12-update-aboutus-page","messageBody":"","fileTypesAndContributionMap":{}},{"hash":"5082261981508738d5a3c404a234693b2274aafe","isMergeCommit":false,"messageTitle":"Finalise Style","messageBody":"","fileTypesAndContributionMap":{"functional-code":{"insertions":2,"deletions":3},"test-code":{"insertions":1,"deletions":2}}},{"hash":"68208c0b71df079c23ded48bf7acbc5edce5e874","isMergeCommit":false,"messageTitle":"Update Gradle Wrapper","messageBody":"","fileTypesAndContributionMap":{"functional-code":{"insertions":525,"deletions":561},"other":{"insertions":379,"deletions":379},"docs":{"insertions":621,"deletions":354},"test-code":{"insertions":164,"deletions":267}}},{"hash":"580da745f48822e415d8c8c85ca58b21ebf25e7a","isMergeCommit":false,"messageTitle":"Update UG for list feature","messageBody":"","fileTypesAndContributionMap":{"docs":{"insertions":17,"deletions":10}}},{"hash":"8ee1a7797905da7f99f40f7cf8e46528d637ff20","isMergeCommit":true,"messageTitle":"Merge branch \u0027AY2324S1-CS2103T-F12-2:master\u0027 into 12-update-aboutus-page","messageBody":"","fileTypesAndContributionMap":{}},{"hash":"9bdc7d27f4612e64f187c9fd270d31b90967fe25","isMergeCommit":true,"messageTitle":"Merge branch \u002712-update-aboutus-page\u0027 of https://github.com/maj0-0/tp into 12-update-aboutus-page","messageBody":"# Conflicts:\n#\tdocs/UserGuide.md\n","fileTypesAndContributionMap":{}},{"hash":"17ad52d6d82fcbdeaf5b136b94013d1c00e412f1","isMergeCommit":false,"messageTitle":"Temporarily update build.gradle","messageBody":"","fileTypesAndContributionMap":{"other":{"insertions":1,"deletions":1}}},{"hash":"634dc6daf56a2f05fa7b162251d252ffca98fbf4","isMergeCommit":true,"messageTitle":"Merge branch \u0027master\u0027 into 12-update-aboutus-page","messageBody":"","fileTypesAndContributionMap":{}},{"hash":"1419a0475895e22e36ca66255e9d8ebd01ae5c4d","isMergeCommit":false,"messageTitle":"Update build.gradle","messageBody":"","fileTypesAndContributionMap":{"other":{"insertions":1,"deletions":1}}},{"hash":"7cfac867218bd7f8400642d2704a674b0da26b43","isMergeCommit":false,"messageTitle":"Update profile photo","messageBody":"","fileTypesAndContributionMap":{"other":{"insertions":1,"deletions":1}}},{"hash":"fb975baab209f62e876fe4500c50b8c637d364ff","isMergeCommit":true,"messageTitle":"Merge branch \u002712-update-aboutus-page\u0027 of https://github.com/maj0-0/tp into 12-update-aboutus-page","messageBody":"","fileTypesAndContributionMap":{}},{"hash":"096f3c9ecce38b9a42cdca10a0ca7f1ad5b3d1d6","isMergeCommit":true,"messageTitle":"Merge pull request #17 from maj0-0/12-update-aboutus-page","messageBody":"Update About Us page, UG and PPP Skeleton","fileTypesAndContributionMap":{}},{"hash":"14ff71ae1a756e95662813cc8e578ad6a73b9ac4","isMergeCommit":false,"messageTitle":"Revert \"Update About Us page, UG and PPP Skeleton\"","messageBody":"","fileTypesAndContributionMap":{"functional-code":{"insertions":596,"deletions":744},"other":{"insertions":379,"deletions":379},"docs":{"insertions":336,"deletions":657},"test-code":{"insertions":270,"deletions":218}}},{"hash":"a323d2e0f5b451eb8b4f8233dee871e8a45a3bbb","isMergeCommit":true,"messageTitle":"Merge pull request #26 from AY2324S1-CS2103T-F12-2/revert-17-12-update-aboutus-page","messageBody":"Revert \"Update About Us page, UG and PPP Skeleton\"","fileTypesAndContributionMap":{}},{"hash":"40f6bf3d17f29070fb186b08780866b74fdd5ba9","isMergeCommit":false,"messageTitle":"Update UG for list feature","messageBody":"","fileTypesAndContributionMap":{"docs":{"insertions":41,"deletions":57}}},{"hash":"a6aad82c7031da1eee715a3b05325f6fcd503856","isMergeCommit":true,"messageTitle":"Merge remote-tracking branch \u0027origin/week7-maj0-0\u0027 into week7-maj0-0","messageBody":"# Conflicts:\n#\tdocs/UserGuide.md\n","fileTypesAndContributionMap":{}},{"hash":"35e15528cb0b64461efaa1cb4e1c4c0501478fd1","isMergeCommit":false,"messageTitle":"Update PPP skeletal and AboutUs","messageBody":"","fileTypesAndContributionMap":{"docs":{"insertions":39,"deletions":4}}},{"hash":"26e6dd958f09f66c4552b1234fdb7d8cf32070bf","isMergeCommit":false,"messageTitle":"Fix error in UG","messageBody":"","fileTypesAndContributionMap":{"docs":{"insertions":39,"deletions":16}}},{"hash":"8bcb436192c7abbcac88e3fdcffb9bd4266654ee","isMergeCommit":true,"messageTitle":"Merge pull request #29 from maj0-0/week7-maj0-0","messageBody":"Update AboutUs, PPP skeletal and UG","fileTypesAndContributionMap":{}},{"hash":"38182d8f54ae65edb9a0d4381eb62a3a3c1fda3e","isMergeCommit":true,"messageTitle":"Merge branch \u0027AY2324S1-CS2103T-F12-2:master\u0027 into update-site-settings","messageBody":"","fileTypesAndContributionMap":{}},{"hash":"666e16da0442e69ab4b0aeabefbd2b87215fa908","isMergeCommit":true,"messageTitle":"Merge branch \u0027update-site-settings\u0027 of https://github.com/maj0-0/tp into update-site-settings","messageBody":"","fileTypesAndContributionMap":{}},{"hash":"5a6bf76dc439228e25f841f90c03c2d12ad6dd46","isMergeCommit":false,"messageTitle":"Update success message and UG screenshot for list feature","messageBody":"","fileTypesAndContributionMap":{"functional-code":{"insertions":8,"deletions":4},"docs":{"insertions":2,"deletions":0}}},{"hash":"984acf2147b66e2b5ca156e6917ff5e61917caa1","isMergeCommit":true,"messageTitle":"Merge branch \u0027AY2324S1-CS2103T-F12-2:master\u0027 into 1-List-Feature","messageBody":"","fileTypesAndContributionMap":{}},{"hash":"0302fd1a2c6f3146ff4b07b2639171a7f5d5acbf","isMergeCommit":false,"messageTitle":"Fix bug in ListCommand","messageBody":"","fileTypesAndContributionMap":{"functional-code":{"insertions":2,"deletions":6}}},{"hash":"7ca6f59141d633ab1636fac98f307d46f0fdeb18","isMergeCommit":true,"messageTitle":"Merge branch \u00271-List-Feature\u0027 of https://github.com/maj0-0/tp into 1-List-Feature","messageBody":"","fileTypesAndContributionMap":{}},{"hash":"ab94125048ddc180e8cf7481570fc7e4b19aff90","isMergeCommit":false,"messageTitle":"Update information in UG","messageBody":"","fileTypesAndContributionMap":{"docs":{"insertions":34,"deletions":34}}},{"hash":"a9428663365276af324da5bc7c73f1c4ae4767aa","isMergeCommit":true,"messageTitle":"Merge pull request #37 from maj0-0/adapt-ug","messageBody":"Adapt UG to better fit StudentConnect","fileTypesAndContributionMap":{}}]},{"date":"2023-10-12","commitResults":[{"hash":"698e1ce41f6a8f4552d8bd92532d20cfd9d77441","isMergeCommit":true,"messageTitle":"Merge pull request #34 from maj0-0/1-List-Feature","messageBody":"Update list feature","fileTypesAndContributionMap":{}}]},{"date":"2023-10-19","commitResults":[{"hash":"b4f879e5c633e59099aba569e9f494fbc2fecead","isMergeCommit":false,"messageTitle":"Add tutorial class","messageBody":"","fileTypesAndContributionMap":{"functional-code":{"insertions":66,"deletions":0}}},{"hash":"0cc5a9c6bb429cc7ce46cbb962496e36042cbc78","isMergeCommit":false,"messageTitle":"Update implementation for tutorial field","messageBody":"","fileTypesAndContributionMap":{"functional-code":{"insertions":130,"deletions":32}}},{"hash":"81c9755a2ee101041ddc67b5883aaf3dc7531767","isMergeCommit":true,"messageTitle":"Merge branch \u0027master\u0027 of https://github.com/maj0-0/tp into 62-Tutorial-Field","messageBody":"","fileTypesAndContributionMap":{}},{"hash":"b8ca692c3762b232eb70df2a648457c836102635","isMergeCommit":false,"messageTitle":"Fix checkstyle","messageBody":"","fileTypesAndContributionMap":{"functional-code":{"insertions":9,"deletions":5}}},{"hash":"668ee3deafe37a83ac0ce1b4fd72490cd0219ffd","isMergeCommit":false,"messageTitle":"Update Year Display Text","messageBody":"","fileTypesAndContributionMap":{"functional-code":{"insertions":1,"deletions":1}}},{"hash":"642081bb5cbd7cad2e9ed404204c2bf3ae96f51c","isMergeCommit":false,"messageTitle":"Add tutorial field to UG","messageBody":"","fileTypesAndContributionMap":{"docs":{"insertions":17,"deletions":9}}},{"hash":"275181be0a5689eafa38ce7d0275f5e28176fe88","isMergeCommit":true,"messageTitle":"Merge branch \u0027master\u0027 of https://github.com/maj0-0/tp into 62-Tutorial-Field","messageBody":"# Conflicts:\n#\tsrc/main/java/seedu/address/ui/PersonCard.java\n#\tsrc/main/resources/view/PersonListCard.fxml\n","fileTypesAndContributionMap":{}},{"hash":"76fa3cd3a4bda3a7b91320d42498b9d3fbbb0931","isMergeCommit":false,"messageTitle":"Match Tutorial Field UI","messageBody":"","fileTypesAndContributionMap":{"functional-code":{"insertions":11,"deletions":28}}},{"hash":"1e4abbac96e3da80e2b0906879a244f1490ccbbf","isMergeCommit":false,"messageTitle":"Update test cases","messageBody":"","fileTypesAndContributionMap":{"functional-code":{"insertions":55,"deletions":10},"test-code":{"insertions":37,"deletions":14}}},{"hash":"924e3b8803eea972f41eb2b451d0ca7a96fcfc15","isMergeCommit":false,"messageTitle":"Fix bugs in Tutorial","messageBody":"","fileTypesAndContributionMap":{"functional-code":{"insertions":8,"deletions":18}}},{"hash":"1f59c6744bd91b79ca4baf42f967eb0ee4b7d40c","isMergeCommit":false,"messageTitle":"Fix issue with loading tutorials","messageBody":"","fileTypesAndContributionMap":{"functional-code":{"insertions":16,"deletions":21}}},{"hash":"95697ff93598ca16d660fa989481d72f2c8b5420","isMergeCommit":false,"messageTitle":"Update clear feature in UG","messageBody":"","fileTypesAndContributionMap":{"docs":{"insertions":7,"deletions":2}}},{"hash":"aa133104c7004e5428c32cf2be8731dcc66f59c4","isMergeCommit":false,"messageTitle":"Update Tutorial type in JsonAdaptedPersonTest","messageBody":"","fileTypesAndContributionMap":{"test-code":{"insertions":3,"deletions":2}}},{"hash":"be570ef64d8bbb3d1618adea7e74fe750723fdcb","isMergeCommit":false,"messageTitle":"Update Test Cases For Tutorial","messageBody":"","fileTypesAndContributionMap":{"functional-code":{"insertions":0,"deletions":47},"test-code":{"insertions":109,"deletions":0}}},{"hash":"dd23f3ba9803d2f007dc0d94446a655e0875978a","isMergeCommit":false,"messageTitle":"Update test cases","messageBody":"","fileTypesAndContributionMap":{"other":{"insertions":2,"deletions":0},"test-code":{"insertions":107,"deletions":0}}},{"hash":"e0b99861f7ea9dd6435192f48b872b291b7c9b82","isMergeCommit":false,"messageTitle":"Fix Checkstyle","messageBody":"","fileTypesAndContributionMap":{"test-code":{"insertions":4,"deletions":2}}},{"hash":"096166eb26a4beee5358329fcea0a4418cfaf8dd","isMergeCommit":false,"messageTitle":"Add hash code test to TutorialTest.java","messageBody":"","fileTypesAndContributionMap":{"test-code":{"insertions":8,"deletions":0}}},{"hash":"46f1fe6676540ec09aa41e351bfb73c601af5d3e","isMergeCommit":true,"messageTitle":"Merge pull request #65 from maj0-0/62-Tutorial-Field","messageBody":"Add Tutorial Field","fileTypesAndContributionMap":{}}]},{"date":"2023-10-22","commitResults":[{"hash":"d63f9818f31d8fe8ec56ab083ea3bf561b9dd078","isMergeCommit":false,"messageTitle":"Update tutorial implementation to use Set instead of List","messageBody":"","fileTypesAndContributionMap":{"functional-code":{"insertions":27,"deletions":37},"test-code":{"insertions":34,"deletions":25}}}]},{"date":"2023-10-23","commitResults":[{"hash":"ce6f645f372e1d417fd6b486091cc9f811b71eb9","isMergeCommit":false,"messageTitle":"Migrate Tutorial.java to a separate folder for consistency","messageBody":"","fileTypesAndContributionMap":{"other":{"insertions":0,"deletions":0}}},{"hash":"236efcaa7059d8aed6ccef5c5a0260693de0c59a","isMergeCommit":false,"messageTitle":"Migrate Tutorial.java to a separate folder for consistency","messageBody":"","fileTypesAndContributionMap":{"functional-code":{"insertions":8,"deletions":7},"test-code":{"insertions":8,"deletions":6}}},{"hash":"bfee0ffe8339253e31ea2db675ea24705cd90213","isMergeCommit":true,"messageTitle":"Merge branch \u002762-Tutorial-Field\u0027","messageBody":"","fileTypesAndContributionMap":{}}]},{"date":"2023-10-24","commitResults":[{"hash":"c7335e324468c0981784b85021776e262c328422","isMergeCommit":true,"messageTitle":"Merge pull request #73 from maj0-0/62-Tutorial-Field","messageBody":"Update Tutorial Implementation","fileTypesAndContributionMap":{}},{"hash":"95dce7ceda8d47ce1a6c5682cddaac670f756557","isMergeCommit":false,"messageTitle":"Enable assertions","messageBody":"","fileTypesAndContributionMap":{"other":{"insertions":4,"deletions":0}}},{"hash":"0f45f32d6dc0361c9e5d9c4031a4df0681f607e2","isMergeCommit":false,"messageTitle":"Add Tutorial Field Implementation to DG","messageBody":"","fileTypesAndContributionMap":{"docs":{"insertions":65,"deletions":0}}},{"hash":"4d6b1f4ad3347367c3f280667e745e170f1f7ef5","isMergeCommit":false,"messageTitle":"Update UG with Tutorial Field Implementation","messageBody":"","fileTypesAndContributionMap":{"docs":{"insertions":52,"deletions":44}}}]},{"date":"2023-10-25","commitResults":[{"hash":"019cefe8ea255288365519db25361685bea17c11","isMergeCommit":true,"messageTitle":"Merge branch \u0027master\u0027 of https://github.com/maj0-0/tp","messageBody":"","fileTypesAndContributionMap":{}},{"hash":"07da73e27b6666060b1b558a2db41a72aeccbb44","isMergeCommit":true,"messageTitle":"Merge branch \u0027master\u0027 of https://github.com/maj0-0/tp into Update-DG","messageBody":"","fileTypesAndContributionMap":{}},{"hash":"eb74bdcfcb121879db7e53c473b16e660e958454","isMergeCommit":true,"messageTitle":"Merge branch \u0027master\u0027 into Update-DG","messageBody":"","fileTypesAndContributionMap":{}},{"hash":"8a89559c4f87c73219d68ff51a42a53581916b70","isMergeCommit":true,"messageTitle":"Merge remote-tracking branch \u0027origin/master\u0027 into Update-UG","messageBody":"# Conflicts:\n#\tdocs/UserGuide.md\n","fileTypesAndContributionMap":{}},{"hash":"727704b0aab6fc9384fb3d1d87e648abffc00f50","isMergeCommit":false,"messageTitle":"Update UG with details on Nationality and Gender","messageBody":"","fileTypesAndContributionMap":{"docs":{"insertions":18,"deletions":26}}},{"hash":"102e17e2a8b0dc3cf111fa13f9cb4b00ac6578a6","isMergeCommit":false,"messageTitle":"Fix punctuation","messageBody":"","fileTypesAndContributionMap":{"docs":{"insertions":2,"deletions":2}}},{"hash":"d9eb51fefb2ed4b77ee7275c63dddfce02e7d39e","isMergeCommit":true,"messageTitle":"Merge pull request #85 from maj0-0/Update-DG","messageBody":"Update DG for Tutorial Implementation","fileTypesAndContributionMap":{}},{"hash":"910236c44bd6a8500a15a2f1c7f1f4b986e70631","isMergeCommit":false,"messageTitle":"Update format of add feature","messageBody":"","fileTypesAndContributionMap":{"docs":{"insertions":2,"deletions":2}}},{"hash":"ab212cacbcb6005d3a1547b85eafe5f9dfbb541b","isMergeCommit":true,"messageTitle":"Merge pull request #87 from maj0-0/Update-UG","messageBody":"Update UG","fileTypesAndContributionMap":{}}]}],"PearlynnT":[{"date":"2023-09-22","commitResults":[{"hash":"ea66fcca21b602fc8028cb5c5f765658f36fa050","isMergeCommit":false,"messageTitle":"Update index.md","messageBody":"","fileTypesAndContributionMap":{"docs":{"insertions":1,"deletions":1}}}]},{"date":"2023-10-04","commitResults":[{"hash":"af182d161606238a8bbd882fd1d4e3bbb91edb45","isMergeCommit":false,"messageTitle":"update UG content for find","messageBody":"","fileTypesAndContributionMap":{"docs":{"insertions":43,"deletions":15}}}]},{"date":"2023-10-05","commitResults":[{"hash":"942cb89c6fc396921921d3ec3884c4be6c835d02","isMergeCommit":true,"messageTitle":"Merge branch \u0027master\u0027 into master","messageBody":"","fileTypesAndContributionMap":{}},{"hash":"ab60e1c1c72383ac83ffce6b90216eb6dd7036a4","isMergeCommit":false,"messageTitle":"Add line EOF","messageBody":"","fileTypesAndContributionMap":{"docs":{"insertions":1,"deletions":1}}},{"hash":"0c4e4b995f0c32c4c6393a242ab98518fe851bf7","isMergeCommit":true,"messageTitle":"Merge pull request #16 from PearlynnT/master","messageBody":"update UG content for find","fileTypesAndContributionMap":{}},{"hash":"ba38b96ba4115a8d9aa0095b004ba59c21b6d42b","isMergeCommit":false,"messageTitle":"Edit PPP","messageBody":"","fileTypesAndContributionMap":{"docs":{"insertions":2,"deletions":2}}},{"hash":"74834e71ff44b3a6d6f818bcfac018c20a9c3d15","isMergeCommit":true,"messageTitle":"Merge pull request #23 from PearlynnT/ppp","messageBody":"Edit PPP","fileTypesAndContributionMap":{}}]},{"date":"2023-10-06","commitResults":[{"hash":"f9ac93efee042ebd89d3a1425ba809e21eaa912f","isMergeCommit":false,"messageTitle":"Edit find feature","messageBody":"","fileTypesAndContributionMap":{"functional-code":{"insertions":30,"deletions":1},"test-code":{"insertions":18,"deletions":0}}},{"hash":"2454c10704099711e2fba6e3d9aaf65ab48ea70e","isMergeCommit":true,"messageTitle":"Merge pull request #38 from PearlynnT/find-feature","messageBody":"Edit find feature","fileTypesAndContributionMap":{}}]},{"date":"2023-10-12","commitResults":[{"hash":"eb4b9a425ea3a9abec268cf997186b7ac921f5cd","isMergeCommit":false,"messageTitle":"Add edit feature in UG","messageBody":"","fileTypesAndContributionMap":{"docs":{"insertions":26,"deletions":14}}},{"hash":"ebf297de203b4502c6ee13d064207563d00bd013","isMergeCommit":false,"messageTitle":"Add edit feature in DG","messageBody":"","fileTypesAndContributionMap":{"docs":{"insertions":24,"deletions":7}}},{"hash":"fb1429b8a37b426dbefe20f650271857963b2437","isMergeCommit":true,"messageTitle":"Merge pull request #48 from PearlynnT/edit-dg","messageBody":"Add edit feature in DG","fileTypesAndContributionMap":{}}]},{"date":"2023-10-13","commitResults":[{"hash":"7244036259d2e829a0cc5b12d0cfc28a76b7bb10","isMergeCommit":true,"messageTitle":"Merge pull request #46 from PearlynnT/edit-ug","messageBody":"Add edit feature in UG","fileTypesAndContributionMap":{}}]},{"date":"2023-10-15","commitResults":[{"hash":"288c43e054e01a358e9cc14ba80fdabbfd2f59e9","isMergeCommit":false,"messageTitle":"Add edit feature","messageBody":"","fileTypesAndContributionMap":{"functional-code":{"insertions":357,"deletions":161},"test-code":{"insertions":531,"deletions":393}}}]},{"date":"2023-10-16","commitResults":[{"hash":"f83246f8903b39b47dad1c40f1849f2d77272afe","isMergeCommit":true,"messageTitle":"Merge branch \u0027master\u0027 into edit-feature","messageBody":"","fileTypesAndContributionMap":{}},{"hash":"ea010e4c10045e39d0c3d59504be91f66bcdcda3","isMergeCommit":false,"messageTitle":"Fixed checkstyle","messageBody":"","fileTypesAndContributionMap":{"functional-code":{"insertions":1,"deletions":1},"docs":{"insertions":16,"deletions":26},"test-code":{"insertions":1,"deletions":1}}},{"hash":"50c54d90b99d9933aa2f32c93d3b2c46f6fe3308","isMergeCommit":true,"messageTitle":"Merge pull request #56 from PearlynnT/edit-feature","messageBody":"Add edit feature","fileTypesAndContributionMap":{}}]},{"date":"2023-10-19","commitResults":[{"hash":"a147f1c17337e0cd8b7ec9ae9a08eba4f96b81f9","isMergeCommit":false,"messageTitle":"Fix edit command test","messageBody":"","fileTypesAndContributionMap":{"test-code":{"insertions":7,"deletions":35}}},{"hash":"cc44fd89dd3659a62c5c7c20773b40a012fe68a4","isMergeCommit":false,"messageTitle":"Remove file","messageBody":"","fileTypesAndContributionMap":{"functional-code":{"insertions":0,"deletions":71}}},{"hash":"b487b38f2bacd22f9d2d679151931fc80beca158","isMergeCommit":false,"messageTitle":"Add SocialMediaLinkTest","messageBody":"","fileTypesAndContributionMap":{"test-code":{"insertions":27,"deletions":0}}},{"hash":"3e1b174deeff00f1b471b938995bfe8564ce56b7","isMergeCommit":false,"messageTitle":"Add test cases","messageBody":"","fileTypesAndContributionMap":{"functional-code":{"insertions":11,"deletions":24},"test-code":{"insertions":184,"deletions":1}}},{"hash":"7573585fa20960cf2246794a695ff3902cf5ae64","isMergeCommit":false,"messageTitle":"Fix build error","messageBody":"","fileTypesAndContributionMap":{"test-code":{"insertions":1,"deletions":1}}},{"hash":"3b28f78cc141295cd1f82c1a4483494e212ce972","isMergeCommit":false,"messageTitle":"Add test cases","messageBody":"","fileTypesAndContributionMap":{"test-code":{"insertions":45,"deletions":0}}},{"hash":"e818087553ba19bcf9bd6af4f75f4d0465ecdeb7","isMergeCommit":false,"messageTitle":"Add test case","messageBody":"","fileTypesAndContributionMap":{"test-code":{"insertions":8,"deletions":0}}},{"hash":"f923cc2ef608fb1b0ff072596abf14b82596efd0","isMergeCommit":true,"messageTitle":"Merge pull request #66 from PearlynnT/edit-test-fix","messageBody":"Fix edit command test","fileTypesAndContributionMap":{}}]}]},"authorFileTypeContributionMap":{"Bearypop":{"docs":104,"functional-code":475,"test-code":142},"neyapraveen":{"docs":190,"functional-code":868,"test-code":232,"other":1},"wnchan":{"docs":86,"functional-code":447,"test-code":91},"maj0-0":{"docs":186,"functional-code":172,"test-code":264,"other":8},"PearlynnT":{"docs":70,"functional-code":330,"test-code":771}},"authorContributionVariance":{"Bearypop":11143.285,"neyapraveen":50684.29,"wnchan":12738.784,"maj0-0":1424329.0,"PearlynnT":61139.094},"authorDisplayNameMap":{"Bearypop":"CS2103T-F12-2 LOO ..EONG","neyapraveen":"CS2103T-F12-2 DEWA..VEEN","wnchan":"CS2103T-F12-2 CHAN..NING","maj0-0":"CS2103T-F12-2 ALNA..AL M","PearlynnT":"CS2103T-F12-2 PEAR..YING"}}
