{"authorDailyContributionsMap":{"sp4ce-cowboy":[{"date":"2023-09-26","commitResults":[{"hash":"a1535c496b20701b7c9305c33b22f1f9a2fa92f6","isMergeCommit":false,"messageTitle":"Update DeveloperGuide.md","messageBody":"","fileTypesAndContributionMap":{"docs":{"insertions":34,"deletions":377}}},{"hash":"ad18099905ac1467e464284c8eb9ba869647ae9f","isMergeCommit":false,"messageTitle":"Update DeveloperGuide.md with website links","messageBody":"","fileTypesAndContributionMap":{"docs":{"insertions":7,"deletions":2}}},{"hash":"785d81975ac2d4a6bcecac4ce0dc4c28bee6e6c3","isMergeCommit":false,"messageTitle":"Update DeveloperGuide.md to include layout and title headers","messageBody":"","fileTypesAndContributionMap":{"docs":{"insertions":5,"deletions":0}}},{"hash":"eeb7e47f00a2047db8e1f1c3b5d56125e0d96f84","isMergeCommit":true,"messageTitle":"Merge pull request #23 from sp4ce-cowboy/master","messageBody":"Update DeveloperGuide.md","fileTypesAndContributionMap":{}}]},{"date":"2023-09-27","commitResults":[{"hash":"92d7f3f1a9b4839583f5ddd324d2b05b586be463","isMergeCommit":false,"messageTitle":"Update DeveloperGuide.md links to standard Markdown","messageBody":"The links on the Developer Guide page are not hyperlinked on the hosted GitHub page.\r\n\r\nInteractive hyperlinks are more user-friendly to users who will have to interact with the hosted Developer Guide website. \r\n\r\nUse standard Markdown syntax instead of GFMD syntax to ensure that the links are visibly hyperlinked.","fileTypesAndContributionMap":{"docs":{"insertions":2,"deletions":2}}},{"hash":"cec41a58f4d40e5f937296bdebf30b046cfbfdc0","isMergeCommit":true,"messageTitle":"Merge pull request #25 from sp4ce-cowboy/master","messageBody":"Update Developer Guide links","fileTypesAndContributionMap":{}}]}],"woojiahao":[],"lipwei1808":[{"date":"2023-09-27","commitResults":[{"hash":"9b21499635e8ae776d1180bbdd8996666eaf7316","isMergeCommit":true,"messageTitle":"Merge pull request #26 from lipwei1808/branch-ppp","messageBody":"Add lipwei1808 ppp, picture and UG","fileTypesAndContributionMap":{}}]}],"jamz903":[],"elhy1999":[]},"authorFileTypeContributionMap":{"sp4ce-cowboy":{"docs":30,"functional-code":0,"test-code":0},"woojiahao":{"docs":0,"functional-code":0,"test-code":0},"lipwei1808":{"docs":0,"functional-code":0,"test-code":0},"jamz903":{"docs":0,"functional-code":0,"test-code":0},"elhy1999":{"docs":0,"functional-code":0,"test-code":0}},"authorContributionVariance":{"sp4ce-cowboy":24994.584,"woojiahao":0.0,"lipwei1808":0.0,"jamz903":0.0,"elhy1999":0.0},"authorDisplayNameMap":{"sp4ce-cowboy":"CS2103-T16-3 SURE..BESH","woojiahao":"CS2103-T16-3 WOO .. HAO","lipwei1808":"CS2103-T16-3 TAN .. WEI","jamz903":"CS2103-T16-3 TOH ..AMIE","elhy1999":"CS2103-T16-3 LIU .. YUI"}}
