{"authorDailyContributionsMap":{"sp4ce-cowboy":[{"date":"2023-09-26","commitResults":[{"hash":"a1535c496b20701b7c9305c33b22f1f9a2fa92f6","isMergeCommit":false,"messageTitle":"Update DeveloperGuide.md","messageBody":"","fileTypesAndContributionMap":{"docs":{"insertions":34,"deletions":377}}},{"hash":"ad18099905ac1467e464284c8eb9ba869647ae9f","isMergeCommit":false,"messageTitle":"Update DeveloperGuide.md with website links","messageBody":"","fileTypesAndContributionMap":{"docs":{"insertions":7,"deletions":2}}},{"hash":"785d81975ac2d4a6bcecac4ce0dc4c28bee6e6c3","isMergeCommit":false,"messageTitle":"Update DeveloperGuide.md to include layout and title headers","messageBody":"","fileTypesAndContributionMap":{"docs":{"insertions":5,"deletions":0}}},{"hash":"eeb7e47f00a2047db8e1f1c3b5d56125e0d96f84","isMergeCommit":true,"messageTitle":"Merge pull request #23 from sp4ce-cowboy/master","messageBody":"Update DeveloperGuide.md","fileTypesAndContributionMap":{}}]},{"date":"2023-09-27","commitResults":[{"hash":"92d7f3f1a9b4839583f5ddd324d2b05b586be463","isMergeCommit":false,"messageTitle":"Update DeveloperGuide.md links to standard Markdown","messageBody":"The links on the Developer Guide page are not hyperlinked on the hosted GitHub page.\r\n\r\nInteractive hyperlinks are more user-friendly to users who will have to interact with the hosted Developer Guide website. \r\n\r\nUse standard Markdown syntax instead of GFMD syntax to ensure that the links are visibly hyperlinked.","fileTypesAndContributionMap":{"docs":{"insertions":2,"deletions":2}}},{"hash":"cec41a58f4d40e5f937296bdebf30b046cfbfdc0","isMergeCommit":true,"messageTitle":"Merge pull request #25 from sp4ce-cowboy/master","messageBody":"Update Developer Guide links","fileTypesAndContributionMap":{}}]},{"date":"2023-10-04","commitResults":[{"hash":"3b50770e1fba8c5231d4c0a92af8c3331f457195","isMergeCommit":false,"messageTitle":"Update AboutUs page and PPP","messageBody":"","fileTypesAndContributionMap":{"docs":{"insertions":42,"deletions":5}}},{"hash":"1dab425d60fc82489bb8d1e96282b8403b130ef5","isMergeCommit":false,"messageTitle":"Add Remark Command","messageBody":"","fileTypesAndContributionMap":{"functional-code":{"insertions":4,"deletions":0}}},{"hash":"690e1805e41ddb59e2413310b4092d2b35358840","isMergeCommit":true,"messageTitle":"Merge pull request #44 from sp4ce-cowboy/master","messageBody":"Update AboutUs page and PPP","fileTypesAndContributionMap":{}},{"hash":"88f00bdb8fb07ef2cdb616eddae97868324aa6c9","isMergeCommit":false,"messageTitle":"Remove RemarkCommand class","messageBody":"","fileTypesAndContributionMap":{"functional-code":{"insertions":0,"deletions":4}}},{"hash":"97652304630f02fa47e180cab76520addbea54b8","isMergeCommit":true,"messageTitle":"Merge pull request #47 from sp4ce-cowboy/master","messageBody":"Remove RemarkCommand class","fileTypesAndContributionMap":{}}]},{"date":"2023-10-05","commitResults":[{"hash":"e2f2805fc1054e043ff970d3b177820e5510aa9c","isMergeCommit":false,"messageTitle":"Update UG with expense deletion commands","messageBody":"","fileTypesAndContributionMap":{"docs":{"insertions":100,"deletions":0}}},{"hash":"a721d6d5e6126b244a300330e97f67d0609afe58","isMergeCommit":false,"messageTitle":"Update UG","messageBody":"","fileTypesAndContributionMap":{"docs":{"insertions":14,"deletions":14}}},{"hash":"2d96b325d7b8ad0e06fe9c024a256a1e3d361e2e","isMergeCommit":false,"messageTitle":"Update UG","messageBody":"","fileTypesAndContributionMap":{"docs":{"insertions":19,"deletions":7}}},{"hash":"9fe98a64588c463428ed7c36748753d3b9e95bdc","isMergeCommit":true,"messageTitle":"Merge pull request #48 from sp4ce-cowboy/master","messageBody":"Update UG with expense deletion commands","fileTypesAndContributionMap":{}}]},{"date":"2023-10-13","commitResults":[{"hash":"f28455f55e70feb048ffe24893516cdc025612f8","isMergeCommit":false,"messageTitle":"Add Delete command Use Case","messageBody":"","fileTypesAndContributionMap":{"docs":{"insertions":20,"deletions":0}}},{"hash":"97d7b590a76d5d3bfc14331c7c0e27378ba16161","isMergeCommit":false,"messageTitle":"Update delete expense use cases for the DG","messageBody":"","fileTypesAndContributionMap":{"docs":{"insertions":0,"deletions":1}}},{"hash":"d2e6e7d08f87bd52b7c194570940c6b389a9e742","isMergeCommit":false,"messageTitle":"Update Use Cases for Delete expense","messageBody":"","fileTypesAndContributionMap":{"docs":{"insertions":1,"deletions":0}}},{"hash":"763eea164e7139db5201d85264f2455579a41567","isMergeCommit":true,"messageTitle":"Merge pull request #59 from sp4ce-cowboy/master","messageBody":"Add Delete command Use Case","fileTypesAndContributionMap":{}}]},{"date":"2023-10-14","commitResults":[{"hash":"777c01b250285514665396b514e86d3b38f8fa0f","isMergeCommit":false,"messageTitle":"Add DeleteTransactionCommand class and UniCashMessages class","messageBody":"Currently, the old Messages class is being used and this class contains references to the original AB3 AddressBook.\n\nIt would be better to encapsulate the messages specific to our\nimplementation in its own class.\n","fileTypesAndContributionMap":{"functional-code":{"insertions":127,"deletions":1},"test-code":{"insertions":2,"deletions":1}}},{"hash":"e8c6b6306bb553760bb1ba54a6474cd50ddf450e","isMergeCommit":false,"messageTitle":"Add DeleteTransactionCommandParser","messageBody":"","fileTypesAndContributionMap":{"functional-code":{"insertions":34,"deletions":3}}},{"hash":"414d36f1a42cf007bdd3cef4ca74c7c80747c1ce","isMergeCommit":false,"messageTitle":"Update AddressBookParser to recognize DeleleTransactionCommand","messageBody":"","fileTypesAndContributionMap":{"functional-code":{"insertions":9,"deletions":4}}},{"hash":"838cbb09556d398c4df2b8d06b5c709acb6c9508","isMergeCommit":false,"messageTitle":"Update import order to conform with checkstyle","messageBody":"","fileTypesAndContributionMap":{"functional-code":{"insertions":6,"deletions":5}}},{"hash":"1cb1892e242dabaae3c23d7648bf2ac4d4fce7e1","isMergeCommit":false,"messageTitle":"Change import order to conform with checkstyle","messageBody":"","fileTypesAndContributionMap":{"functional-code":{"insertions":1,"deletions":2}}},{"hash":"77f33e1b97e67dd0e6548ca32576c8c5743fd052","isMergeCommit":false,"messageTitle":"Update import order","messageBody":"","fileTypesAndContributionMap":{"functional-code":{"insertions":1,"deletions":1}}},{"hash":"560953d59f77051667b3978e303798dd1f1da96a","isMergeCommit":false,"messageTitle":"Update import order","messageBody":"","fileTypesAndContributionMap":{"test-code":{"insertions":2,"deletions":2}}},{"hash":"eb1f29712c61f89ca59d45923819f8dc7d7ab5e9","isMergeCommit":false,"messageTitle":"Add Unit Tests for DeleteTransactionCommand","messageBody":"","fileTypesAndContributionMap":{"functional-code":{"insertions":47,"deletions":0},"test-code":{"insertions":147,"deletions":0}}},{"hash":"de88e9517b0bff9a5dc287645556c88bf0a2817c","isMergeCommit":false,"messageTitle":"Update Unit test code to conform with checkstyle","messageBody":"","fileTypesAndContributionMap":{"test-code":{"insertions":4,"deletions":4}}},{"hash":"c57905fa3451a1decfd2f80cba9fe54a255bafb0","isMergeCommit":false,"messageTitle":"Update DeleteTransactionCommand unit test","messageBody":"","fileTypesAndContributionMap":{"test-code":{"insertions":1,"deletions":1}}},{"hash":"2be77be5b3a1cbf0b71d29df1c18f934e680e1c2","isMergeCommit":false,"messageTitle":"Comment out some failing unit tests for now","messageBody":"","fileTypesAndContributionMap":{"test-code":{"insertions":6,"deletions":6}}},{"hash":"951a9f588fcebb6dbc325515e8f22b3f7424c461","isMergeCommit":false,"messageTitle":"Remove unused imports for disabled unit tests","messageBody":"","fileTypesAndContributionMap":{"test-code":{"insertions":0,"deletions":3}}},{"hash":"6abca407210add18f1c19dbd56038f883ad89fb4","isMergeCommit":false,"messageTitle":"Add unit tests for new Predicate class and AddressBookParser","messageBody":"","fileTypesAndContributionMap":{"test-code":{"insertions":98,"deletions":0}}},{"hash":"8fa8310eadbb1384068d52123b3f5d562f540229","isMergeCommit":false,"messageTitle":"Add UniCashMessagesTest class for more unit testing","messageBody":"","fileTypesAndContributionMap":{"test-code":{"insertions":55,"deletions":0}}},{"hash":"8a0c413af932baaabe975cce4b61eec0426b7422","isMergeCommit":false,"messageTitle":"Update unit tests for UniCashMessages","messageBody":"","fileTypesAndContributionMap":{"test-code":{"insertions":7,"deletions":5}}},{"hash":"fdce6ed1b0c2842a6295fec5bdec2e5b54b2a9b8","isMergeCommit":false,"messageTitle":"Update UniCashMessages unit tests to conform to checkstyle","messageBody":"","fileTypesAndContributionMap":{"test-code":{"insertions":0,"deletions":1}}},{"hash":"5d692ac6a4b504f45252ad86a78e6b3c7876da59","isMergeCommit":false,"messageTitle":"Update unit tests","messageBody":"","fileTypesAndContributionMap":{"test-code":{"insertions":1,"deletions":1}}},{"hash":"66aa6e3052aaa1bb57adc478117f86759dc529f8","isMergeCommit":false,"messageTitle":"Remove a problematic unit test in UniCashMessagesTest","messageBody":"","fileTypesAndContributionMap":{"test-code":{"insertions":1,"deletions":19}}},{"hash":"d7d1f073f12a6839efde019ebdc2fa558fedfc9e","isMergeCommit":false,"messageTitle":"Update UniCashMessagesTest","messageBody":"","fileTypesAndContributionMap":{"test-code":{"insertions":2,"deletions":9}}},{"hash":"04a3f9ce7808770fc3095e7be296a51ef266092a","isMergeCommit":false,"messageTitle":"Update UniCashMessagesTest","messageBody":"","fileTypesAndContributionMap":{"test-code":{"insertions":3,"deletions":1}}},{"hash":"0297be0c2af826bb1b8f108346198d0b6d934e20","isMergeCommit":false,"messageTitle":"Update DeleteTransactionCommandTest","messageBody":"","fileTypesAndContributionMap":{"test-code":{"insertions":0,"deletions":47}}},{"hash":"c19e02190598fc5b5a7a64ec9b4cf148cb39c96d","isMergeCommit":false,"messageTitle":"Add unit tests for DeleteTransactionCommandParser","messageBody":"","fileTypesAndContributionMap":{"test-code":{"insertions":35,"deletions":0}}},{"hash":"47ab7e52adc84bc85130c0dd9567d1ec6739b5b1","isMergeCommit":false,"messageTitle":"Remove DeleteTransactionCommandParserTest for now","messageBody":"","fileTypesAndContributionMap":{"test-code":{"insertions":0,"deletions":35}}},{"hash":"16f055a86d62b734d922d91a1b936bf1d213f1c8","isMergeCommit":false,"messageTitle":"Add DeleteTransactionCommandParserTest unit tests","messageBody":"","fileTypesAndContributionMap":{"test-code":{"insertions":56,"deletions":0}}},{"hash":"b2bdffe5c8abf859b0d9c9adfd0bb9759433335d","isMergeCommit":false,"messageTitle":"Update DeleteTransactionCommandParserTest unit tests","messageBody":"","fileTypesAndContributionMap":{"test-code":{"insertions":1,"deletions":6}}},{"hash":"86dbff1598ed3efff56f16b99ecf5d546f05531b","isMergeCommit":false,"messageTitle":"Update DeleteTransactionCommandTest","messageBody":"","fileTypesAndContributionMap":{"test-code":{"insertions":0,"deletions":1}}},{"hash":"971931978d3671b616b0be3885553b247a43310f","isMergeCommit":false,"messageTitle":"Update DeleteTransactionCommandTest","messageBody":"","fileTypesAndContributionMap":{"test-code":{"insertions":0,"deletions":12}}},{"hash":"70e956256e4c9442f8e24b5d7ba29735432227b8","isMergeCommit":false,"messageTitle":"Update unit tests","messageBody":"","fileTypesAndContributionMap":{"test-code":{"insertions":51,"deletions":3}}},{"hash":"e47496668fad0fe7375bb042bc4368f3f46027da","isMergeCommit":false,"messageTitle":"Update more unit tests","messageBody":"","fileTypesAndContributionMap":{"test-code":{"insertions":2,"deletions":1}}},{"hash":"4b86bc653297fc3df1f45f03b3e22f6b17f3b729","isMergeCommit":false,"messageTitle":"Update unit tests again","messageBody":"","fileTypesAndContributionMap":{"test-code":{"insertions":1,"deletions":0}}},{"hash":"8d481c355c44108dd30fddec31594fe933a02c19","isMergeCommit":false,"messageTitle":"Remove old formatTransactions method from Messages class","messageBody":"","fileTypesAndContributionMap":{"functional-code":{"insertions":1,"deletions":19}}},{"hash":"777c9a9bdcbed9518a9e3c8a0b2ea6f1931bf638","isMergeCommit":false,"messageTitle":"Update Messages class to remove whitespace","messageBody":"","fileTypesAndContributionMap":{"functional-code":{"insertions":0,"deletions":1}}},{"hash":"c6b319f646ab55b4ae7ed2aaf4f845d9da6eb9e1","isMergeCommit":false,"messageTitle":"Update Messages class","messageBody":"","fileTypesAndContributionMap":{"functional-code":{"insertions":0,"deletions":1}}},{"hash":"61c7131ff4238f7c8e2c4b2a44d86867f27e403c","isMergeCommit":true,"messageTitle":"Merge pull request #62 from sp4ce-cowboy/branch-AddDeleteCommand","messageBody":"Add DeleteTransaction functionality and relevant Unit Tests","fileTypesAndContributionMap":{}},{"hash":"e02bab3c63949889c91e338140b422789215df75","isMergeCommit":false,"messageTitle":"Add clear transactions command functionality","messageBody":"","fileTypesAndContributionMap":{"functional-code":{"insertions":31,"deletions":2},"test-code":{"insertions":35,"deletions":0}}},{"hash":"9992cb370bd20e7a56e30f359671b5f55780e4d6","isMergeCommit":false,"messageTitle":"Remove redundant extra line and update AddressBookParser Test","messageBody":"","fileTypesAndContributionMap":{"functional-code":{"insertions":0,"deletions":1},"test-code":{"insertions":8,"deletions":0}}},{"hash":"c560428d9f7e61287284d9fe4cad1619397f75ed","isMergeCommit":true,"messageTitle":"Merge pull request #63 from sp4ce-cowboy/branch-AddMassDeleteCommand","messageBody":"Add clear transactions command functionality","fileTypesAndContributionMap":{}}]}],"woojiahao":[{"date":"2023-09-27","commitResults":[{"hash":"df1a68d32e5bd6c8d90732e7bec5317031739f80","isMergeCommit":false,"messageTitle":"Add initial Expense model","messageBody":"","fileTypesAndContributionMap":{"functional-code":{"insertions":76,"deletions":0}}},{"hash":"3b4aac5331350febf445b9158f5bc873bd91052c","isMergeCommit":false,"messageTitle":"Add Name model for Expense","messageBody":"","fileTypesAndContributionMap":{"functional-code":{"insertions":65,"deletions":3}}},{"hash":"6976e8c30977b4ad5193e2c03b7975ec047dcbbc","isMergeCommit":false,"messageTitle":"Add Amount data class for Expense","messageBody":"","fileTypesAndContributionMap":{"functional-code":{"insertions":46,"deletions":3}}},{"hash":"3cad5132ba6b828384fe54f70ac30364c6874957","isMergeCommit":false,"messageTitle":"Add Category data class for Expense","messageBody":"","fileTypesAndContributionMap":{"functional-code":{"insertions":67,"deletions":5}}},{"hash":"bb9780309f090b6b4ace16a6489d5c49794344ae","isMergeCommit":false,"messageTitle":"Add Location data class for Expense","messageBody":"","fileTypesAndContributionMap":{"functional-code":{"insertions":62,"deletions":0}}},{"hash":"dc9027d63613f2db1998ab89f8d9ee3df204b0c5","isMergeCommit":false,"messageTitle":"Add Expense JavaDocs","messageBody":"","fileTypesAndContributionMap":{"functional-code":{"insertions":14,"deletions":0}}},{"hash":"45ed75ecdaac6711fa6290200ecedf70f45cf9e9","isMergeCommit":false,"messageTitle":"Add JavaDocs for all data class for Expense","messageBody":"","fileTypesAndContributionMap":{"functional-code":{"insertions":29,"deletions":9}}}]},{"date":"2023-09-29","commitResults":[{"hash":"8bad691c0bab2a41f0e50ba9bb962d9ae387b345","isMergeCommit":false,"messageTitle":"Add Amount data class tests","messageBody":"","fileTypesAndContributionMap":{"functional-code":{"insertions":1,"deletions":1},"test-code":{"insertions":32,"deletions":0}}},{"hash":"6d2454d2c94befb47723b365c222960b17858faf","isMergeCommit":false,"messageTitle":"Add Name data class tests","messageBody":"","fileTypesAndContributionMap":{"test-code":{"insertions":59,"deletions":0}}},{"hash":"8f18d94741cfb006a90cd1346ce42dc4499ae036","isMergeCommit":false,"messageTitle":"Add Category data class tests","messageBody":"Expanded Category behavior to allow -, _, and \u0026 in the name\n","fileTypesAndContributionMap":{"functional-code":{"insertions":2,"deletions":2},"test-code":{"insertions":63,"deletions":0}}},{"hash":"cc5252b96f359ee4ce55ea1eaa212c06386e12af","isMergeCommit":false,"messageTitle":"Fix documentation for CategoryTest","messageBody":"","fileTypesAndContributionMap":{"test-code":{"insertions":2,"deletions":2}}},{"hash":"fa0b7706f24c0ce8fdd19ffb21bd83c9c37276f0","isMergeCommit":false,"messageTitle":"Replace LocalDate with LocalDateTime","messageBody":"","fileTypesAndContributionMap":{"functional-code":{"insertions":10,"deletions":10}}},{"hash":"6af546a1f9d40e19226136e69eee25dca4a00881","isMergeCommit":false,"messageTitle":"Add Location data class tests","messageBody":"Add more permitted characters for Location like _, -, \u0026, #, ., ,, ()\n","fileTypesAndContributionMap":{"functional-code":{"insertions":3,"deletions":2},"test-code":{"insertions":66,"deletions":0}}}]},{"date":"2023-09-30","commitResults":[{"hash":"273a6c7c7cbdd183026e1618bff035c1a9a2a2f8","isMergeCommit":false,"messageTitle":"Add Expense data model tests with helpers","messageBody":"","fileTypesAndContributionMap":{"functional-code":{"insertions":2,"deletions":2},"test-code":{"insertions":184,"deletions":0}}},{"hash":"d14fa40d5388ea8d721e26a19dfe0fcf4d4a1d2c","isMergeCommit":false,"messageTitle":"Address checkstyle errors","messageBody":"","fileTypesAndContributionMap":{"test-code":{"insertions":18,"deletions":5}}}]},{"date":"2023-10-01","commitResults":[{"hash":"82813f0d5c8fd20a3cae43e25edfc939b7c28cf7","isMergeCommit":true,"messageTitle":"Merge pull request #27 from woojiahao/feat/add-expense-model","messageBody":"Add Expense model","fileTypesAndContributionMap":{}}]},{"date":"2023-10-02","commitResults":[{"hash":"881c03cf12f0da9b7e8eb5bf106de4e193393c10","isMergeCommit":false,"messageTitle":"Update README to contain project content","messageBody":"","fileTypesAndContributionMap":{"docs":{"insertions":16,"deletions":10}}},{"hash":"0a491e5ea88c931ccfda8e968750242a724dd3e1","isMergeCommit":false,"messageTitle":"Update Jekyll page configuration","messageBody":"","fileTypesAndContributionMap":{"docs":{"insertions":28,"deletions":8}}},{"hash":"0bbd5c66f90a3cae33f6ab0d274f26f7545a8aee","isMergeCommit":true,"messageTitle":"Merge pull request #29 from woojiahao/feat/project-admin-settings","messageBody":"Update project page settings","fileTypesAndContributionMap":{}}]},{"date":"2023-10-03","commitResults":[{"hash":"e48332a65ef41e0496f8335475f375e62af82f29","isMergeCommit":false,"messageTitle":"Add changes to README","messageBody":"","fileTypesAndContributionMap":{"docs":{"insertions":52,"deletions":6}}}]},{"date":"2023-10-04","commitResults":[{"hash":"e8cc72937aa3dfecaa0328366c7ee2a7edae3a2a","isMergeCommit":true,"messageTitle":"Merge pull request #30 from woojiahao/feat/about-us-jiahao","messageBody":"Add About Us","fileTypesAndContributionMap":{}}]},{"date":"2023-10-05","commitResults":[{"hash":"155d6a11f69ce909779cc2f9ac0792a2e8ae4701","isMergeCommit":false,"messageTitle":"Add Create Expense feature details","messageBody":"","fileTypesAndContributionMap":{"docs":{"insertions":185,"deletions":37}}},{"hash":"b7ee099c7d15d90451c98dc4acbe69b47d8363f4","isMergeCommit":false,"messageTitle":"Fix FAQ and add to command summary","messageBody":"","fileTypesAndContributionMap":{"docs":{"insertions":14,"deletions":21}}},{"hash":"68623f95403fa50d3621e96703127b1321894dd4","isMergeCommit":true,"messageTitle":"Merge pull request #49 from woojiahao/feat/ug-add-create-expense","messageBody":"Add Create Expense feature details","fileTypesAndContributionMap":{}}]}],"lipwei1808":[{"date":"2023-09-27","commitResults":[{"hash":"95439fba0c291743cae70356983ed59fb3651bf0","isMergeCommit":false,"messageTitle":"add lipwei1808 ppp","messageBody":"","fileTypesAndContributionMap":{"docs":{"insertions":33,"deletions":0}}},{"hash":"d04e36ab84ad374cde52b120422ec6ea4b4b6c92","isMergeCommit":false,"messageTitle":"Update overview of ppp","messageBody":"","fileTypesAndContributionMap":{"docs":{"insertions":3,"deletions":3}}},{"hash":"abab096f6208f57c27c5f0ccec2a3457397422c4","isMergeCommit":false,"messageTitle":"Update UserGuide - add income features","messageBody":"","fileTypesAndContributionMap":{"docs":{"insertions":135,"deletions":0}}},{"hash":"9b21499635e8ae776d1180bbdd8996666eaf7316","isMergeCommit":true,"messageTitle":"Merge pull request #26 from lipwei1808/branch-ppp","messageBody":"Add lipwei1808 ppp, picture and UG","fileTypesAndContributionMap":{}}]},{"date":"2023-09-28","commitResults":[{"hash":"7a6c7626214a3e352f26590222516fb1bf21e331","isMergeCommit":false,"messageTitle":"Add Income Model","messageBody":"","fileTypesAndContributionMap":{"functional-code":{"insertions":196,"deletions":0}}},{"hash":"973455cc2cde2ccaa0f34329f4acd8f9baf51679","isMergeCommit":false,"messageTitle":"Add Income Model Test","messageBody":"","fileTypesAndContributionMap":{"test-code":{"insertions":255,"deletions":0}}},{"hash":"b87422a9f547f6428d80868f1f0bbbb1ace51753","isMergeCommit":false,"messageTitle":"Removed unused imports added missing Javadoc","messageBody":"","fileTypesAndContributionMap":{"functional-code":{"insertions":7,"deletions":4},"test-code":{"insertions":0,"deletions":3}}},{"hash":"425c99832bdf0e1feff32df0c3548d3aa5177fc1","isMergeCommit":false,"messageTitle":"Fix style issues","messageBody":"","fileTypesAndContributionMap":{"test-code":{"insertions":19,"deletions":12}}},{"hash":"9e58bd632b9f280011c3504cd7cd17ea5b97afbb","isMergeCommit":false,"messageTitle":"Fix failing test cases","messageBody":"","fileTypesAndContributionMap":{"functional-code":{"insertions":3,"deletions":1},"test-code":{"insertions":4,"deletions":2}}},{"hash":"e727c780a5a51985da073b6ad33c030b4b9c1609","isMergeCommit":false,"messageTitle":"Fix style issues","messageBody":"","fileTypesAndContributionMap":{"functional-code":{"insertions":2,"deletions":2}}},{"hash":"cd56d6c4238298d6ec236941af6c6a206c8d4a4e","isMergeCommit":false,"messageTitle":"Update LocalDate to LocalDateTime","messageBody":"","fileTypesAndContributionMap":{"functional-code":{"insertions":4,"deletions":4},"test-code":{"insertions":7,"deletions":7}}}]},{"date":"2023-09-30","commitResults":[{"hash":"8ea0b6716606d8cdfdadfdcf9e3e1b74778a8cfd","isMergeCommit":true,"messageTitle":"Merge pull request #28 from lipwei1808/branch-IncomeModel","messageBody":"Add Income model","fileTypesAndContributionMap":{}}]},{"date":"2023-10-04","commitResults":[{"hash":"0ad7af7a9669aa8fd890b91c09fc8192f0fe4327","isMergeCommit":false,"messageTitle":"Updated AboutUs","messageBody":"","fileTypesAndContributionMap":{"docs":{"insertions":4,"deletions":4}}},{"hash":"548ebd274cc812ec9d8779926c62cc39ed683a05","isMergeCommit":true,"messageTitle":"Merge pull request #39 from lipwei1808/branch-lipwei-AboutUs","messageBody":"Updated AboutUs page","fileTypesAndContributionMap":{}}]},{"date":"2023-10-07","commitResults":[{"hash":"49743029316bd35267df013e36284318d6daa0bb","isMergeCommit":false,"messageTitle":"Add Use Cases for income features to DG","messageBody":"","fileTypesAndContributionMap":{"docs":{"insertions":63,"deletions":0}}}]},{"date":"2023-10-08","commitResults":[{"hash":"6989eba566d9b72cb1e3755a6f8f2e1849a51314","isMergeCommit":false,"messageTitle":"Update no of tabs","messageBody":"","fileTypesAndContributionMap":{"docs":{"insertions":2,"deletions":2}}},{"hash":"745dc647aa620930a1d90a396d6cb4ee62665b1b","isMergeCommit":false,"messageTitle":"Update ModelManager to include IncomeList","messageBody":"","fileTypesAndContributionMap":{"functional-code":{"insertions":445,"deletions":3},"test-code":{"insertions":71,"deletions":22}}},{"hash":"26f636acadc5b85f85b69e797c114033d55ab1a5","isMergeCommit":false,"messageTitle":"Add Parser for AddIncomeCommand","messageBody":"","fileTypesAndContributionMap":{"functional-code":{"insertions":236,"deletions":13},"test-code":{"insertions":9,"deletions":7}}},{"hash":"1b4c8b0bc61c1b98c7fc8a907909e0a09871f3c2","isMergeCommit":false,"messageTitle":"Add UI handling for incomes","messageBody":"","fileTypesAndContributionMap":{"functional-code":{"insertions":144,"deletions":0}}},{"hash":"678fea7ec0cf2002175b84ae6e79f02112529904","isMergeCommit":false,"messageTitle":"Add unit test for IncomeList and DateTime","messageBody":"","fileTypesAndContributionMap":{"functional-code":{"insertions":4,"deletions":4},"test-code":{"insertions":162,"deletions":0}}},{"hash":"56983f1aeae6014e54b94ee40d623292c355a4e9","isMergeCommit":false,"messageTitle":"Add Unit tests for AddIncomeCommandParser","messageBody":"","fileTypesAndContributionMap":{"functional-code":{"insertions":24,"deletions":9},"test-code":{"insertions":221,"deletions":16}}},{"hash":"bdeec287671b061510f9da105964e92c43787bc9","isMergeCommit":false,"messageTitle":"Fix style issues","messageBody":"","fileTypesAndContributionMap":{"test-code":{"insertions":36,"deletions":29}}},{"hash":"d09adae00698d7899be195a451924f67d1078a54","isMergeCommit":false,"messageTitle":"Update Unit test for ModelManager","messageBody":"","fileTypesAndContributionMap":{"functional-code":{"insertions":19,"deletions":17},"test-code":{"insertions":81,"deletions":4}}},{"hash":"cc1b7cdbcaae4f6e8e7b108233e2523cd1a73088","isMergeCommit":false,"messageTitle":"Added more tests","messageBody":"","fileTypesAndContributionMap":{"functional-code":{"insertions":11,"deletions":0},"test-code":{"insertions":47,"deletions":3}}},{"hash":"f178176c3ee6e525db50a93708e8e87a959b536a","isMergeCommit":false,"messageTitle":"Add Unit test for AddIncomeCommand and UniqueIncomeList","messageBody":"","fileTypesAndContributionMap":{"functional-code":{"insertions":15,"deletions":1},"test-code":{"insertions":386,"deletions":0}}},{"hash":"322620e83f55ad57cd8fb005b719ba78f6085142","isMergeCommit":false,"messageTitle":"Fix style issues","messageBody":"","fileTypesAndContributionMap":{"test-code":{"insertions":11,"deletions":8}}},{"hash":"f528319fa2b4bf35bc6d36245989d0ecc9b84710","isMergeCommit":false,"messageTitle":"Add equals test","messageBody":"","fileTypesAndContributionMap":{"functional-code":{"insertions":0,"deletions":11},"test-code":{"insertions":56,"deletions":8}}}]},{"date":"2023-10-11","commitResults":[{"hash":"141de6f5e0b10fa680dd94e8d7109ba10b954bcd","isMergeCommit":false,"messageTitle":"Fix typo and finetune use case","messageBody":"","fileTypesAndContributionMap":{"docs":{"insertions":3,"deletions":3}}},{"hash":"1bfc66d91ef86ff411b443575baa45631119aa36","isMergeCommit":false,"messageTitle":"Update java docs for Model","messageBody":"","fileTypesAndContributionMap":{"functional-code":{"insertions":3,"deletions":3}}},{"hash":"8e5e8a6f421120b620a59d1aec48d90432d2698c","isMergeCommit":false,"messageTitle":"Add Transaction Model","messageBody":"","fileTypesAndContributionMap":{"functional-code":{"insertions":340,"deletions":0},"test-code":{"insertions":294,"deletions":0}}}]},{"date":"2023-10-12","commitResults":[{"hash":"0624aba5304461c26c79e002b9047763b8fda756","isMergeCommit":false,"messageTitle":"Add DateTime Model","messageBody":"","fileTypesAndContributionMap":{"functional-code":{"insertions":73,"deletions":0}}},{"hash":"5cd5e8cfdf8758014dd71aaf53f9f92324a5595c","isMergeCommit":false,"messageTitle":"Add DateTime test","messageBody":"","fileTypesAndContributionMap":{"test-code":{"insertions":45,"deletions":0}}},{"hash":"6b60761b9a64c0e8202c3d183392731457993522","isMergeCommit":false,"messageTitle":"Add TransactionTest","messageBody":"","fileTypesAndContributionMap":{"functional-code":{"insertions":3,"deletions":4},"test-code":{"insertions":132,"deletions":11}}},{"hash":"27aa2e79c978a4db323284ed784c4f9c9c286302","isMergeCommit":false,"messageTitle":"Remove Income and Expense Models","messageBody":"","fileTypesAndContributionMap":{"functional-code":{"insertions":0,"deletions":541},"test-code":{"insertions":3,"deletions":679}}},{"hash":"fd10c274e1249ee0e573e0452c13daffedf98a6d","isMergeCommit":false,"messageTitle":"Add unit test for DateTime","messageBody":"","fileTypesAndContributionMap":{"functional-code":{"insertions":1,"deletions":1},"test-code":{"insertions":8,"deletions":0}}},{"hash":"5f88e52fa4b6ac2523743ec66132e5c8903878f3","isMergeCommit":false,"messageTitle":"Update Unit tests","messageBody":"","fileTypesAndContributionMap":{"functional-code":{"insertions":1,"deletions":2},"test-code":{"insertions":4,"deletions":2}}},{"hash":"b992f728011753cb8c61ec2bb155fcbe64ae78e2","isMergeCommit":false,"messageTitle":"Add more Unit tests","messageBody":"","fileTypesAndContributionMap":{"test-code":{"insertions":16,"deletions":1}}},{"hash":"6a0ffcf89bafa397827109ccf27daa0440e6d2f7","isMergeCommit":false,"messageTitle":"Add transction type","messageBody":"","fileTypesAndContributionMap":{"functional-code":{"insertions":128,"deletions":3},"test-code":{"insertions":83,"deletions":5}}},{"hash":"37baf0316da2667227414fefad7cd74f3cdf2a58","isMergeCommit":false,"messageTitle":"Add more unit tests","messageBody":"","fileTypesAndContributionMap":{"test-code":{"insertions":25,"deletions":0}}},{"hash":"9bd0d35a96ec5df0f94e4246e97448cc01a7b446","isMergeCommit":true,"messageTitle":"Merge pull request #52 from lipwei1808/branch-lipwei1808-UseCases","messageBody":"Add Use Cases for income features to DG","fileTypesAndContributionMap":{}},{"hash":"814dc90cf9d03c166b064b8687e0c32b433b0819","isMergeCommit":false,"messageTitle":"Update DateTime class to accept String","messageBody":"","fileTypesAndContributionMap":{"functional-code":{"insertions":30,"deletions":18},"test-code":{"insertions":29,"deletions":30}}},{"hash":"4eb4c3f15d21bebec73b026d3726713de21a7b41","isMergeCommit":false,"messageTitle":"Add more Unit tests for DateTime","messageBody":"","fileTypesAndContributionMap":{"functional-code":{"insertions":5,"deletions":1},"test-code":{"insertions":15,"deletions":3}}},{"hash":"f6c8daed6317b9e70711e7e3b0fd90f82da586ca","isMergeCommit":false,"messageTitle":"Add missing @Test","messageBody":"","fileTypesAndContributionMap":{"test-code":{"insertions":1,"deletions":0}}},{"hash":"9fed96ae530f0e7c8793dcd09c44ef14221a4b74","isMergeCommit":false,"messageTitle":"Fix style issues","messageBody":"","fileTypesAndContributionMap":{"test-code":{"insertions":2,"deletions":2}}},{"hash":"f70c886bf4d012afdb264530a9db2889cc7c6e3f","isMergeCommit":true,"messageTitle":"Merge pull request #58 from lipwei1808/branch-Transaction","messageBody":"Transaction Model","fileTypesAndContributionMap":{}},{"hash":"b82136d0864192ae1592979d8c190fdcdd7f5e54","isMergeCommit":true,"messageTitle":"Merge branch \u0027master\u0027 into branch-Income","messageBody":"","fileTypesAndContributionMap":{}},{"hash":"08fd5cce3d27d2df72c298eebf64bc7c46c25ee0","isMergeCommit":false,"messageTitle":"Refactor to Transactions","messageBody":"","fileTypesAndContributionMap":{"functional-code":{"insertions":455,"deletions":297},"other":{"insertions":66,"deletions":68},"test-code":{"insertions":290,"deletions":291}}},{"hash":"b9450abc9cc41a2c0ad9c56f28fddd0b1f32c608","isMergeCommit":false,"messageTitle":"Update AddTransactionCommand and TypicalTransactions","messageBody":"","fileTypesAndContributionMap":{"functional-code":{"insertions":16,"deletions":17},"other":{"insertions":11,"deletions":6},"test-code":{"insertions":32,"deletions":9}}},{"hash":"c905960f1736655924aa244fc3e2003607bf361c","isMergeCommit":false,"messageTitle":"Fix style issues","messageBody":"","fileTypesAndContributionMap":{"functional-code":{"insertions":11,"deletions":2},"test-code":{"insertions":7,"deletions":18}}}]},{"date":"2023-10-13","commitResults":[{"hash":"c0eefb7ea9f790a5770564b18240cec4730e6369","isMergeCommit":false,"messageTitle":"Fix style and most tests","messageBody":"","fileTypesAndContributionMap":{"functional-code":{"insertions":23,"deletions":6},"other":{"insertions":10,"deletions":4},"test-code":{"insertions":107,"deletions":41}}},{"hash":"35c58bbca705229ee584493054535d11c66356a9","isMergeCommit":false,"messageTitle":"Fix tests","messageBody":"","fileTypesAndContributionMap":{"functional-code":{"insertions":2,"deletions":2},"test-code":{"insertions":1,"deletions":1}}},{"hash":"577ef479875518f53dd9db5046a2bc1c7baa089f","isMergeCommit":false,"messageTitle":"Add Unit test for TransactionList","messageBody":"","fileTypesAndContributionMap":{"functional-code":{"insertions":4,"deletions":4},"other":{"insertions":3,"deletions":3},"test-code":{"insertions":154,"deletions":0}}},{"hash":"56f41d47052d3c6f5246e514641e2b687e1b0dec","isMergeCommit":false,"messageTitle":"Add more Unit tests for UniCash","messageBody":"","fileTypesAndContributionMap":{"functional-code":{"insertions":0,"deletions":1},"test-code":{"insertions":42,"deletions":3}}},{"hash":"2a89b8380514aeb14fffcf9bf7245e4009c3e1bd","isMergeCommit":false,"messageTitle":"Fix style","messageBody":"","fileTypesAndContributionMap":{"test-code":{"insertions":4,"deletions":1}}},{"hash":"c5909acddcfe6098f0ebc9a79334e46a2bed3e70","isMergeCommit":false,"messageTitle":"Update all Income references to Transaction","messageBody":"","fileTypesAndContributionMap":{"functional-code":{"insertions":12,"deletions":12},"other":{"insertions":0,"deletions":0},"test-code":{"insertions":28,"deletions":28}}},{"hash":"2fc33d9e2ad1a61ee0d2aed1a3f847db69fe554b","isMergeCommit":false,"messageTitle":"Update naming of tests","messageBody":"","fileTypesAndContributionMap":{"functional-code":{"insertions":1,"deletions":1},"test-code":{"insertions":33,"deletions":4}}},{"hash":"e1c61ab337260224fbb45244210356d3b48441d2","isMergeCommit":false,"messageTitle":"Add more unit tests","messageBody":"","fileTypesAndContributionMap":{"test-code":{"insertions":38,"deletions":4}}},{"hash":"fbcd60affde58ead4feb1f4f472baa815e52ed17","isMergeCommit":false,"messageTitle":"Update message displays","messageBody":"","fileTypesAndContributionMap":{"functional-code":{"insertions":8,"deletions":2}}}]},{"date":"2023-10-14","commitResults":[{"hash":"6579c4492dfa5489f8260f920a5f6dfdd6d6716a","isMergeCommit":true,"messageTitle":"Merge pull request #53 from lipwei1808/branch-Income","messageBody":"Add Transaction and UniCash Model","fileTypesAndContributionMap":{}}]}],"jamz903":[{"date":"2023-10-04","commitResults":[{"hash":"18b7d8b489ca016734e506a1514306c16789e8f2","isMergeCommit":false,"messageTitle":"Add personal ppp and update AboutUs","messageBody":"","fileTypesAndContributionMap":{"docs":{"insertions":43,"deletions":6}}},{"hash":"b71a82c4593130d71bb90b36c24de0cab084c73d","isMergeCommit":true,"messageTitle":"Merge pull request #37 from jamz903/about-us-jamie","messageBody":"Add personal ppp and update AboutUs","fileTypesAndContributionMap":{}},{"hash":"dabacd0dee8564eaeb4ccb565f90f308196e3ff2","isMergeCommit":true,"messageTitle":"Merge pull request #38 from jamz903/readme-update","messageBody":"Update README with new UI mockup","fileTypesAndContributionMap":{}},{"hash":"bb52899e77d758b2fe405866b4d16bf20f55567e","isMergeCommit":false,"messageTitle":"Remove traces of AB3 from UG","messageBody":"","fileTypesAndContributionMap":{"docs":{"insertions":4,"deletions":136}}},{"hash":"58a9751d2dc1abc691c4edc1aa23420633c2142c","isMergeCommit":false,"messageTitle":"Implement suggested changes to UG","messageBody":"","fileTypesAndContributionMap":{"docs":{"insertions":3,"deletions":3}}},{"hash":"7a31a8a9d7eb2dddbd53ef37f481defe4ef8e83c","isMergeCommit":true,"messageTitle":"Merge pull request #43 from jamz903/update-UG","messageBody":"Remove traces of AB3 from UG","fileTypesAndContributionMap":{}}]},{"date":"2023-10-05","commitResults":[{"hash":"509a0eb52e5f8cac09b0987753759a2dc92664a6","isMergeCommit":false,"messageTitle":"Add List, Find and Tabulate Expenditure Command Details to UG","messageBody":"","fileTypesAndContributionMap":{"docs":{"insertions":197,"deletions":9}}},{"hash":"4ca4d396faaa6b49d9e4109f0e79fd7891a69831","isMergeCommit":true,"messageTitle":"Merge remote-tracking branch \u0027origin/update-ug-jamie\u0027 into update-ug-jamie","messageBody":"# Conflicts:\n#\tdocs/UserGuide.md\n","fileTypesAndContributionMap":{}},{"hash":"c6ded5db8642a7e682d02373d3fa6738a73de3ec","isMergeCommit":true,"messageTitle":"Merge remote-tracking branch \u0027origin/update-ug-jamie\u0027 into update-ug-jamie","messageBody":"# Conflicts:\n#\tdocs/UserGuide.md\n","fileTypesAndContributionMap":{}}]},{"date":"2023-10-06","commitResults":[{"hash":"9e86671532c7c8659ac349190d2c8dae4c0bd4b6","isMergeCommit":true,"messageTitle":"Merge pull request #51 from jamz903/update-ug-jamie","messageBody":"Add List, Find and Tabulate Expenditure Command Details to UG","fileTypesAndContributionMap":{}}]},{"date":"2023-10-11","commitResults":[{"hash":"7cad62bedb4cb1549159286ee1f74005ea4ce359","isMergeCommit":false,"messageTitle":"Add Use Cases for List, Find, and Tabulate Total Expenses to DG","messageBody":"","fileTypesAndContributionMap":{"docs":{"insertions":60,"deletions":0}}},{"hash":"385f117817ccb27164497f642e3af8ca2e010ead","isMergeCommit":true,"messageTitle":"Merge branch \u0027AY2324S1-CS2103-T16-3:master\u0027 into uc-jamie","messageBody":"","fileTypesAndContributionMap":{}}]},{"date":"2023-10-12","commitResults":[{"hash":"ed1f3a5d736ac5ffe31c9d5c52cbab8605d9b204","isMergeCommit":false,"messageTitle":"Fix typo and make minor edits to use cases","messageBody":"","fileTypesAndContributionMap":{"docs":{"insertions":11,"deletions":15}}},{"hash":"34cf3265ee194762b647281249e24aabad86c2cb","isMergeCommit":true,"messageTitle":"Merge remote-tracking branch \u0027origin/uc-jamie\u0027 into uc-jamie","messageBody":"# Conflicts:\n#\tdocs/DeveloperGuide.md\n","fileTypesAndContributionMap":{}},{"hash":"fc93dc8a3a8522918f5bfd02049de090a58602ea","isMergeCommit":true,"messageTitle":"Merge pull request #56 from jamz903/uc-jamie","messageBody":"Add Use Cases for List, Find, and Tabulate Total Expenses to DG","fileTypesAndContributionMap":{}}]}],"elhy1999":[{"date":"2023-10-04","commitResults":[{"hash":"da3dea001ecea81df500e23b6f8cd0f45a297a87","isMergeCommit":false,"messageTitle":"Add elhy1999.md file for link in AboutUs.md","messageBody":"","fileTypesAndContributionMap":{"docs":{"insertions":37,"deletions":0}}},{"hash":"c1c36c722e384912e12b52ed6da7a2ba83a0966f","isMergeCommit":false,"messageTitle":"AboutUs.md: Add personal information","messageBody":"","fileTypesAndContributionMap":{"docs":{"insertions":5,"deletions":5}}},{"hash":"1a8bb09ccfcb527af16cbe79cb348dd23d8d7c62","isMergeCommit":true,"messageTitle":"Merge master to about-us-ernest","messageBody":"","fileTypesAndContributionMap":{}},{"hash":"b73eae208368138f3b8198f3e8d42caa715a6a0f","isMergeCommit":false,"messageTitle":"elhy1999.md: Add newline at EOF for checkstyle","messageBody":"","fileTypesAndContributionMap":{"docs":{"insertions":1,"deletions":1}}},{"hash":"4b659b8d5e1c5a45da864b109078bea9e41adb35","isMergeCommit":true,"messageTitle":"Merge pull request #41 from elhy1999/about-us-ernest","messageBody":"Update AboutUs.md","fileTypesAndContributionMap":{}},{"hash":"a8cce91c7771fb922a18c344ec28751e1cb89338","isMergeCommit":false,"messageTitle":"UserGuide.md: Add documentation for expense-editing feature","messageBody":"","fileTypesAndContributionMap":{"docs":{"insertions":95,"deletions":0}}},{"hash":"300bff7fe821a43cfc8addc551b7ea4b25ff495c","isMergeCommit":false,"messageTitle":"UserGuide.md: Mark \u0027Edit Expense\u0027 feature as \u0027coming soon\u0027","messageBody":"","fileTypesAndContributionMap":{"docs":{"insertions":1,"deletions":1}}},{"hash":"fc30bc09c65a229e886f5bbf149d49556c46c6e4","isMergeCommit":true,"messageTitle":"Merge pull request #42 from elhy1999/branch-ug","messageBody":"Update User Guide with \u0027Edit Expense\u0027 feature","fileTypesAndContributionMap":{}}]}]},"authorFileTypeContributionMap":{"sp4ce-cowboy":{"docs":199,"functional-code":240,"test-code":362},"woojiahao":{"docs":232,"functional-code":0,"test-code":0,"other":1},"lipwei1808":{"docs":190,"functional-code":1332,"test-code":1697},"jamz903":{"docs":283,"functional-code":0,"test-code":0},"elhy1999":{"docs":136,"functional-code":0,"test-code":0}},"authorContributionVariance":{"sp4ce-cowboy":45158.78,"woojiahao":11370.375,"lipwei1808":668371.3,"jamz903":3235.883,"elhy1999":886.4878},"authorDisplayNameMap":{"sp4ce-cowboy":"CS2103-T16-3 SURE..BESH","woojiahao":"CS2103-T16-3 WOO .. HAO","lipwei1808":"CS2103-T16-3 TAN .. WEI","jamz903":"CS2103-T16-3 TOH ..AMIE","elhy1999":"CS2103-T16-3 LIU .. YUI"}}
