{"authorDailyContributionsMap":{"chuababyy":[{"date":"2023-10-03","commitResults":[{"hash":"950e30d97b8251185a6613a6bb4e03db456937de","isMergeCommit":false,"messageTitle":"Update About Us","messageBody":"","fileTypesAndContributionMap":{"docs":{"insertions":33,"deletions":6}}},{"hash":"8172db2e1644025f0541d691803d77b01335c6e2","isMergeCommit":false,"messageTitle":"Update About Us","messageBody":"","fileTypesAndContributionMap":{"docs":{"insertions":1,"deletions":1}}},{"hash":"63c8e2b47c87fbd5d39404dde3819ea522b6df02","isMergeCommit":true,"messageTitle":"Merge pull request #13 from jellywaiyan/add-waiYan-info","messageBody":"Add wai yan info","fileTypesAndContributionMap":{}},{"hash":"754e7f821a14bdde5f133839b118ef50483d92b9","isMergeCommit":false,"messageTitle":"Change picture file name","messageBody":"","fileTypesAndContributionMap":{"docs":{"insertions":1,"deletions":1}}},{"hash":"974d01e419eaade4dbbde1979f05d3653c73ab8e","isMergeCommit":false,"messageTitle":"Update Developer Guide","messageBody":"","fileTypesAndContributionMap":{"docs":{"insertions":115,"deletions":21}}}]},{"date":"2023-10-16","commitResults":[{"hash":"0311970ae28c34f63f48ef30d0f6e385ebd4ac52","isMergeCommit":true,"messageTitle":"Merge pull request #46 from Badatprogrammiing/add-assignment","messageBody":"Add assignment","fileTypesAndContributionMap":{}},{"hash":"4b51e3b495bd87e98a99fa325750af6c16da9f7b","isMergeCommit":false,"messageTitle":"Add new feature: Delete Assignment","messageBody":"","fileTypesAndContributionMap":{"functional-code":{"insertions":167,"deletions":12},"test-code":{"insertions":5,"deletions":0}}},{"hash":"0b9a52d5c7d734282df54fc680cc715098e07fd2","isMergeCommit":false,"messageTitle":"Add new feature: Delete Assignment","messageBody":"","fileTypesAndContributionMap":{"functional-code":{"insertions":4,"deletions":4}}}]}],"seewhyjay":[{"date":"2023-10-03","commitResults":[{"hash":"2f88406017afa03b8ec3752c8a3c8a4045855f26","isMergeCommit":false,"messageTitle":"Chore: Update AboutUs and add portfolio page","messageBody":"","fileTypesAndContributionMap":{"docs":{"insertions":35,"deletions":6}}},{"hash":"e9b92c6b543aca79ddf2f338372660b1b64919f6","isMergeCommit":false,"messageTitle":"Chore: add newline to EOF of portfolio page","messageBody":"","fileTypesAndContributionMap":{"docs":{"insertions":1,"deletions":1}}},{"hash":"dbdf471f9184e233601778aa99789614a34428f2","isMergeCommit":false,"messageTitle":"Chore: rename image name to github username","messageBody":"","fileTypesAndContributionMap":{"docs":{"insertions":1,"deletions":1}}},{"hash":"bd05979710142987c5fdfb21f72af19a4e4a39cf","isMergeCommit":true,"messageTitle":"Merge pull request #11 from jrchoo/add-JiaRong-info","messageBody":"Add personal info to docs/team","fileTypesAndContributionMap":{}},{"hash":"21bf25f4bce3d9cff27c44fea5752fa5f4f08394","isMergeCommit":false,"messageTitle":"Chore: Update README","messageBody":"","fileTypesAndContributionMap":{"docs":{"insertions":19,"deletions":11}}},{"hash":"37aeffa7561ff9ea875dc022730a2547459d2f54","isMergeCommit":false,"messageTitle":"Chore: Add newline at EOF","messageBody":"","fileTypesAndContributionMap":{"docs":{"insertions":1,"deletions":1}}},{"hash":"03dd48d702f553bfed97a054a98fc11b3c2434c9","isMergeCommit":false,"messageTitle":"Chore: Rename portfolio page","messageBody":"","fileTypesAndContributionMap":{"docs":{"insertions":1,"deletions":1}}},{"hash":"aeb2c6b057cd358b00ad7976c7af3c60f9336125","isMergeCommit":true,"messageTitle":"Merge pull request #22 from seewhyjay/add-ChowYuanJing-info","messageBody":"Chore: Rename portfolio page","fileTypesAndContributionMap":{}},{"hash":"6fbb8b38b17ed9128aa1051a9988df21bc6823c8","isMergeCommit":true,"messageTitle":"Merge pull request #21 from seewhyjay/update-Readme","messageBody":"Chore: Update README","fileTypesAndContributionMap":{}},{"hash":"5616cbce7066536bd165bd93a6e8eb06347f9c2f","isMergeCommit":true,"messageTitle":"Merge pull request #25 from jellywaiyan/update-UserGuide","messageBody":"Update User Guide","fileTypesAndContributionMap":{}}]},{"date":"2023-10-12","commitResults":[{"hash":"2de6ecd99dd3ac2b87f2089ed71e1d0ed62206ce","isMergeCommit":false,"messageTitle":"Feat: Add Assignment Model","messageBody":"","fileTypesAndContributionMap":{"functional-code":{"insertions":116,"deletions":0}}},{"hash":"ae246269bc84b2d64160056582551120ea8722f0","isMergeCommit":false,"messageTitle":"Chore: Remove references to Person","messageBody":"","fileTypesAndContributionMap":{"functional-code":{"insertions":6,"deletions":8}}},{"hash":"5371e73477a05237574571d6454bf6ed74998bb6","isMergeCommit":false,"messageTitle":"Feat: Add model exceptions","messageBody":"","fileTypesAndContributionMap":{"functional-code":{"insertions":17,"deletions":0}}},{"hash":"c6e1feef18ded2200250703e2b122f4e1a409947","isMergeCommit":false,"messageTitle":"Feat: add directories for logical splitting of `internship`, `event` and `assignment`","messageBody":"","fileTypesAndContributionMap":{"functional-code":{"insertions":111,"deletions":0}}}]},{"date":"2023-10-16","commitResults":[{"hash":"a00948a9a130c7db9245e8cae8456f3dbc126c74","isMergeCommit":false,"messageTitle":"Feat: Added `list-a` command to list all assignments","messageBody":"","fileTypesAndContributionMap":{"functional-code":{"insertions":42,"deletions":0}}},{"hash":"a9bf4fe41c3c30d5f9db92f65f7285b1b7083606","isMergeCommit":true,"messageTitle":"Merge branch \u0027master\u0027 into add-assignment-list-command","messageBody":"","fileTypesAndContributionMap":{}}]}],"jellywaiyan":[{"date":"2023-10-03","commitResults":[{"hash":"cb69ea7405f6e7d3d6b58149397809a10f53dc62","isMergeCommit":false,"messageTitle":"add waiyan info","messageBody":"","fileTypesAndContributionMap":{"docs":{"insertions":32,"deletions":4}}},{"hash":"165c9f1c4877acbb0be9a1c6da7ab31468186de4","isMergeCommit":false,"messageTitle":"add new line to htetwaiyanaung.md","messageBody":"","fileTypesAndContributionMap":{"docs":{"insertions":1,"deletions":1}}},{"hash":"079c8409b78e419df76f516b7a6be3d57386f156","isMergeCommit":true,"messageTitle":"Merge pull request #16 from chuababyy/add-althea-info","messageBody":"Add althea info","fileTypesAndContributionMap":{}},{"hash":"48d946bc81cd718eb3834ad8129475a4b3007133","isMergeCommit":false,"messageTitle":"change htetwaiyanaung.png to jellywaiyan.png","messageBody":"","fileTypesAndContributionMap":{"docs":{"insertions":1,"deletions":1}}},{"hash":"5dd376afd463a7b19abc3d0e58b8c86083839cc4","isMergeCommit":false,"messageTitle":"change htetwaiyanung.md to jellywaiyan.md","messageBody":"","fileTypesAndContributionMap":{"docs":{"insertions":1,"deletions":1}}},{"hash":"19e9784051edb0e2bafb5dfee79b8e24c5fefdbb","isMergeCommit":true,"messageTitle":"Merge pull request #20 from jrchoo/add-JiaRong-info","messageBody":"Rename choojiarong.md to jrchoo.md","fileTypesAndContributionMap":{}},{"hash":"8114802b43b5812d111d47d50165c5b661ef36e0","isMergeCommit":false,"messageTitle":"Update User Guide","messageBody":"","fileTypesAndContributionMap":{"docs":{"insertions":33,"deletions":1}}},{"hash":"14ba7bac103b7bc176a3b76c5b4de1ace9ee86c5","isMergeCommit":false,"messageTitle":"Update User Guide v2","messageBody":"","fileTypesAndContributionMap":{"docs":{"insertions":14,"deletions":14}}},{"hash":"61d97f39ec0a9fb25f4dad982bf48e22ed10ee51","isMergeCommit":true,"messageTitle":"Merge pull request #29 from seewhyjay/update-Readme","messageBody":"Chore: Update _config.yml for Jekyll","fileTypesAndContributionMap":{}}]},{"date":"2023-10-16","commitResults":[{"hash":"df3e1d629eecd81ddce679c3f0304ca80ce5063f","isMergeCommit":true,"messageTitle":"Merge pull request #50 from seewhyjay/add-assignment-list-command","messageBody":"Feat: Added `list-a` command to list all assignments","fileTypesAndContributionMap":{}},{"hash":"593bbbc4d2eb72cc1c84a968e9c452d97b2b2ba2","isMergeCommit":true,"messageTitle":"Merge pull request #49 from Badatprogrammiing/modify-add-assignment","messageBody":"Modify add assignment","fileTypesAndContributionMap":{}}]}],"Badatprogrammiing":[{"date":"2023-10-03","commitResults":[{"hash":"80e5e6da6cd4cad4cd6b9416250b90cb9332c2c6","isMergeCommit":false,"messageTitle":"Add personal info","messageBody":"","fileTypesAndContributionMap":{"docs":{"insertions":31,"deletions":3}}},{"hash":"1c47b8615f43d17eff4f6d31a5bf32bdf365eb89","isMergeCommit":false,"messageTitle":"Add personal info","messageBody":"","fileTypesAndContributionMap":{"docs":{"insertions":1,"deletions":1}}},{"hash":"42208dbf92b313939b566e724ad116359c445238","isMergeCommit":false,"messageTitle":"Add personal info","messageBody":"","fileTypesAndContributionMap":{"docs":{"insertions":1,"deletions":1}}},{"hash":"48f83f4d596af1e48b2a011f860d968034c4b9c9","isMergeCommit":false,"messageTitle":"Add personal info","messageBody":"","fileTypesAndContributionMap":{"docs":{"insertions":1,"deletions":1}}},{"hash":"910946d19a015a28913752c76004f63b94a8c939","isMergeCommit":false,"messageTitle":"Add personal info","messageBody":"","fileTypesAndContributionMap":{"docs":{"insertions":2,"deletions":2}}},{"hash":"329d9ca75949e7bcb32964f876bce91fd147adf1","isMergeCommit":true,"messageTitle":"Merge pull request #17 from jellywaiyan/add-waiYan-info","messageBody":"change htetwaiyanaung.jpeg to htetwaiyanaung.png","fileTypesAndContributionMap":{}},{"hash":"5b7e424d89b3f1c52fae0da582c768c040187e91","isMergeCommit":false,"messageTitle":"Add personal info","messageBody":"","fileTypesAndContributionMap":{"docs":{"insertions":1,"deletions":1}}},{"hash":"bc24c995eece0a68d15131c2f5b059d689146578","isMergeCommit":true,"messageTitle":"Merge remote-tracking branch \u0027origin/master\u0027 into add-Terrence-Info","messageBody":"","fileTypesAndContributionMap":{}}]},{"date":"2023-10-04","commitResults":[{"hash":"c66af1d056be98b79d139593d0276ac43091c811","isMergeCommit":false,"messageTitle":"Updated NFRs","messageBody":"","fileTypesAndContributionMap":{"docs":{"insertions":5,"deletions":2}}},{"hash":"1c936e708c3fe42cc5775fd31ebd6c7988f7fcf6","isMergeCommit":true,"messageTitle":"Merge pull request #33 from Badatprogrammiing/master","messageBody":"Update NFRs","fileTypesAndContributionMap":{}}]},{"date":"2023-10-12","commitResults":[{"hash":"49de6f6a5ea276568f1fd6dd88b4fe96fa5b1255","isMergeCommit":true,"messageTitle":"Merge pull request #39 from seewhyjay/add-assignment-model","messageBody":"Add assignment model","fileTypesAndContributionMap":{}},{"hash":"68f20a53ba49418490350cd11cf341b693ebf10c","isMergeCommit":false,"messageTitle":"Add custom fields to assignment model","messageBody":"","fileTypesAndContributionMap":{"functional-code":{"insertions":245,"deletions":21}}}]},{"date":"2023-10-13","commitResults":[{"hash":"97b10ecee566f55ed2d78e41e3dde30c1161baf4","isMergeCommit":false,"messageTitle":"Fix styles","messageBody":"","fileTypesAndContributionMap":{"functional-code":{"insertions":182,"deletions":162}}},{"hash":"2b7b602d6b34c74c6c9b05cdae5e5293ad40d470","isMergeCommit":false,"messageTitle":"Create a NoDate class to represent empty date","messageBody":"","fileTypesAndContributionMap":{"functional-code":{"insertions":43,"deletions":3}}},{"hash":"617e3a073a2f85e422e13ebad36703e900b25e02","isMergeCommit":false,"messageTitle":"Remove wrong name import","messageBody":"","fileTypesAndContributionMap":{"functional-code":{"insertions":5,"deletions":1}}},{"hash":"3ee1bbe36272f222a8f825b259b12ba0d93fd9e4","isMergeCommit":false,"messageTitle":"Remove unneeded package class casting","messageBody":"","fileTypesAndContributionMap":{"functional-code":{"insertions":10,"deletions":12}}},{"hash":"6bac2295e7931ce09355f625f6d5e51d6ad50e30","isMergeCommit":false,"messageTitle":"Remove PlannedFinishDate class, instead use a generic ISO date to represent a date","messageBody":"","fileTypesAndContributionMap":{"functional-code":{"insertions":5,"deletions":70},"other":{"insertions":4,"deletions":4}}}]},{"date":"2023-10-14","commitResults":[{"hash":"4a3ed44da524c9400c000998fc75823960f041fc","isMergeCommit":true,"messageTitle":"Merge pull request #45 from Badatprogrammiing/master","messageBody":"Add custom fields to assignment model","fileTypesAndContributionMap":{}},{"hash":"a813103517fc9200b3cc921940d1513805ed637e","isMergeCommit":false,"messageTitle":"Add assignment without persistance","messageBody":"","fileTypesAndContributionMap":{"functional-code":{"insertions":417,"deletions":53},"other":{"insertions":29,"deletions":25}}},{"hash":"113376873cd3b2629cda5fa9f6b7869a446a1f25","isMergeCommit":false,"messageTitle":"Add local storage","messageBody":"","fileTypesAndContributionMap":{"functional-code":{"insertions":139,"deletions":119},"other":{"insertions":17,"deletions":17}}}]},{"date":"2023-10-15","commitResults":[{"hash":"1024596e8a29e5550817968808060d9d47cb4e49","isMergeCommit":false,"messageTitle":"Fix styles","messageBody":"","fileTypesAndContributionMap":{"functional-code":{"insertions":529,"deletions":105},"other":{"insertions":55,"deletions":38},"test-code":{"insertions":50,"deletions":37}}},{"hash":"019660f3e8505422a2ed841bd31996961d0192a3","isMergeCommit":false,"messageTitle":"Fix failing test cases","messageBody":"","fileTypesAndContributionMap":{"other":{"insertions":17,"deletions":17},"test-code":{"insertions":24,"deletions":0}}},{"hash":"9bda1f17fa44620909c4c9bd2e38f9f40323aa56","isMergeCommit":false,"messageTitle":"Fix EOF errors","messageBody":"","fileTypesAndContributionMap":{"functional-code":{"insertions":2,"deletions":2}}},{"hash":"832a2b8089889677d60fa28e922f3a637ecb2f59","isMergeCommit":false,"messageTitle":"Fix styles for test directory","messageBody":"","fileTypesAndContributionMap":{"test-code":{"insertions":11,"deletions":10}}},{"hash":"eafbd728672905ae2b12fcc79f4d391f81d6f31e","isMergeCommit":false,"messageTitle":"Add additional testcases, change the way plannedAssignmentDate is serialised","messageBody":"Unprovided planned assignment date is now stored as null instead of an empty string. Additionally, empty name string is no longer allowed.\n","fileTypesAndContributionMap":{"functional-code":{"insertions":35,"deletions":11},"test-code":{"insertions":37,"deletions":1}}}]},{"date":"2023-10-16","commitResults":[{"hash":"300792122f990fb7734b88271401dffcbf875134","isMergeCommit":false,"messageTitle":"Add additional tests","messageBody":"","fileTypesAndContributionMap":{"test-code":{"insertions":270,"deletions":0}}},{"hash":"ff66ba28c128cdf08c261a3243d303c9f865a9d1","isMergeCommit":false,"messageTitle":"Made Status optional, display complete/incomplete","messageBody":"","fileTypesAndContributionMap":{"functional-code":{"insertions":36,"deletions":6},"test-code":{"insertions":61,"deletions":17}}},{"hash":"8455ddb6545319cfcc47d01ffd328a10ba6e5e16","isMergeCommit":false,"messageTitle":"Modify tests to check for error message","messageBody":"","fileTypesAndContributionMap":{"test-code":{"insertions":20,"deletions":18}}},{"hash":"ebcbe74a540d9ac67822197ef8b97b83761f5f1d","isMergeCommit":true,"messageTitle":"Merge pull request #47 from chuababyy/master","messageBody":"Delete assignment command","fileTypesAndContributionMap":{}}]}],"jrchoo":[{"date":"2023-10-03","commitResults":[{"hash":"6e4da1b15c7cddea8486bc33b982ebcd04f6ec7e","isMergeCommit":false,"messageTitle":"Add personal info to docs/team","messageBody":"","fileTypesAndContributionMap":{"docs":{"insertions":31,"deletions":3}}},{"hash":"6339c6e984970ae482eb97e2381329b8790caab5","isMergeCommit":false,"messageTitle":"Add newline to the end of choojiarong.md","messageBody":"","fileTypesAndContributionMap":{"docs":{"insertions":2,"deletions":1}}},{"hash":"5085dfa7e4dba229c522f26411ea975dbd450464","isMergeCommit":true,"messageTitle":"Merge pull request #10 from seewhyjay/add-ChowYuanJing-info","messageBody":"Chore: Update AboutUs and add portfolio page","fileTypesAndContributionMap":{}},{"hash":"3ba7489b7a72fb70751bae98639dfd5bff70d00c","isMergeCommit":false,"messageTitle":"Fix trailing whitespace at end of choojiarong.md","messageBody":"","fileTypesAndContributionMap":{"docs":{"insertions":0,"deletions":1}}},{"hash":"b9759e03f11c43a36815d50096ca02c7c6d5a574","isMergeCommit":true,"messageTitle":"Merge branch \u0027master\u0027 into add-Terrence-Info","messageBody":"","fileTypesAndContributionMap":{}},{"hash":"293e3c2179fd4051e097ff99e7517a98b8a31f32","isMergeCommit":true,"messageTitle":"Merge pull request #15 from Badatprogrammiing/add-Terrence-Info","messageBody":"Add Personal Info","fileTypesAndContributionMap":{}},{"hash":"d4cc570d1b50173604d537603ed239e5ef885bfa","isMergeCommit":true,"messageTitle":"Merge pull request #18 from chuababyy/add-althea-info","messageBody":"Change picture file name","fileTypesAndContributionMap":{}},{"hash":"8eec74c79919e0bf85136cdea87a52aaed03d454","isMergeCommit":false,"messageTitle":"Rename choojiarong.md to jrchoo.md","messageBody":"","fileTypesAndContributionMap":{"docs":{"insertions":1,"deletions":1}}},{"hash":"5c30928586cd22a68ee1dab401517574dae18937","isMergeCommit":true,"messageTitle":"Merge pull request #19 from jellywaiyan/add-waiYan-info","messageBody":"change htetwaiyanung.md to jellywaiyan.md","fileTypesAndContributionMap":{}},{"hash":"dfcfba694415a421a2a60808ccfc7800f0af2672","isMergeCommit":true,"messageTitle":"Merge pull request #23 from Badatprogrammiing/add-Terrence-Info","messageBody":"Rename Portfolio","fileTypesAndContributionMap":{}},{"hash":"3da1283db030b9ba93f6dd46d87853f7fc7554ae","isMergeCommit":true,"messageTitle":"Merge pull request #24 from seewhyjay/update-Readme","messageBody":"Chore: Update navbar","fileTypesAndContributionMap":{}},{"hash":"f37531a11138e3dc853955600c3f3e762c791218","isMergeCommit":true,"messageTitle":"Merge pull request #26 from chuababyy/Developer-Guide","messageBody":"Update Developer Guide","fileTypesAndContributionMap":{}},{"hash":"0dc57292a49d8b5b790eb9e19eae1931a5b3234c","isMergeCommit":true,"messageTitle":"Merge pull request #32 from jrchoo/add-JiaRong-info","messageBody":"Change image jrchoo.png","fileTypesAndContributionMap":{}}]}]},"authorFileTypeContributionMap":{"chuababyy":{"docs":135,"functional-code":168,"test-code":5},"seewhyjay":{"docs":54,"functional-code":217,"test-code":0,"other":1},"jellywaiyan":{"docs":79,"functional-code":0,"test-code":0},"Badatprogrammiing":{"docs":35,"functional-code":1140,"test-code":428},"jrchoo":{"docs":34,"functional-code":0,"test-code":0}},"authorContributionVariance":{"chuababyy":2535.975,"seewhyjay":2752.9346,"jellywaiyan":415.3344,"Badatprogrammiing":70577.69,"jrchoo":61.440033},"authorDisplayNameMap":{"chuababyy":"CS2103T-T12-3 ALTH..XUAN","seewhyjay":"CS2103T-T12-3 CHOW..JING","jellywaiyan":"CS2103T-T12-3 HTET..AUNG","Badatprogrammiing":"CS2103T-T12-3 FONG..ENCE","jrchoo":"CS2103T-T12-3 CHOO..RONG"}}
