{"authorDailyContributionsMap":{"waseemingly":[{"date":"2023-09-30","commitResults":[{"hash":"6dba9718907623a7406f97a4d570caaa32dc0ece","isMergeCommit":false,"messageTitle":"Update index.md","messageBody":"","fileTypesAndContributionMap":{"docs":{"insertions":4,"deletions":4}}}]},{"date":"2023-10-03","commitResults":[{"hash":"ae86c57fd3ae7996793a72d37ce1c48e74554108","isMergeCommit":true,"messageTitle":"Merge pull request #18 from AY2324S1-CS2103T-T09-2/Mahidharah-readme-1","messageBody":"Updated aboutus.md to include Mahi\u0027s Details","fileTypesAndContributionMap":{}},{"hash":"ad2dfa9fc244e4a710c60f346c14c3b712c06a71","isMergeCommit":true,"messageTitle":"Merge branch \u0027AY2324S1-CS2103T-T09-2:master\u0027 into master","messageBody":"","fileTypesAndContributionMap":{}}]},{"date":"2023-10-04","commitResults":[{"hash":"e2af068980927089a914cc5ff015e26cca41355b","isMergeCommit":true,"messageTitle":"Merge branch \u0027AY2324S1-CS2103T-T09-2:master\u0027 into master","messageBody":"","fileTypesAndContributionMap":{}},{"hash":"b34d4913fc967a14afc6808b0cd32ac69857ab4c","isMergeCommit":false,"messageTitle":"Update README, AboutUs and Index pages","messageBody":"","fileTypesAndContributionMap":{"docs":{"insertions":57,"deletions":56}}},{"hash":"1ef851d36ae34031e1ea609737cfc7920d0409d8","isMergeCommit":true,"messageTitle":"Merge pull request #39 from waseemingly/update-readme","messageBody":"Update README, AboutUs and Index pages","fileTypesAndContributionMap":{}}]},{"date":"2023-10-17","commitResults":[{"hash":"254615d7d6a487d3722209c5e87bf254522b75f5","isMergeCommit":false,"messageTitle":"Add functionality where every user can find for contacts related to the any keyword attributing to employees","messageBody":"","fileTypesAndContributionMap":{"functional-code":{"insertions":457,"deletions":26}}}]},{"date":"2023-10-25","commitResults":[{"hash":"39b8165733186b684ba3d03ea710beaf782ad243","isMergeCommit":false,"messageTitle":"Update find command","messageBody":"","fileTypesAndContributionMap":{"functional-code":{"insertions":173,"deletions":60}}}]},{"date":"2023-10-26","commitResults":[{"hash":"8d765d91edbe218b8d4f79ced8719ebee257489a","isMergeCommit":true,"messageTitle":"Merge branch \u0027add-multilevel-find\u0027 of https://github.com/waseemingly/tp into add-multilevel-find","messageBody":"* \u0027add-multilevel-find\u0027 of https://github.com/waseemingly/tp:\n  Minor edits to get to a runnable version\n  Duplicated logic for Person into Logic for Developer, Client and Project\n  Added Classes to add developers and delete developers and made necessary changes\n  no message\n\n# Conflicts:\n#\tsrc/main/java/seedu/address/logic/commands/FindCommand.java\n","fileTypesAndContributionMap":{}},{"hash":"4565c41158d7e243b67e905c755233dbe076c96a","isMergeCommit":false,"messageTitle":"Update find command to find by clients and developers separately","messageBody":"","fileTypesAndContributionMap":{"functional-code":{"insertions":123,"deletions":111},"other":{"insertions":40,"deletions":40},"docs":{"insertions":34,"deletions":46}}},{"hash":"1c540d6e6ee64bfdfa1f782426eb52ef5fea3d81","isMergeCommit":true,"messageTitle":"Merge pull request #101 from ncmathan/Update-add","messageBody":"Implement add-developer, add-client and add-project","fileTypesAndContributionMap":{}},{"hash":"3598362d1d3ab040fb741fad971a88d099a8bd52","isMergeCommit":true,"messageTitle":"Merge branch \u0027add-multilevel-find\u0027 of https://github.com/waseemingly/tp into add-multilevel-find","messageBody":"* \u0027add-multilevel-find\u0027 of https://github.com/waseemingly/tp:\n  Replace previous iterations user stories\n  Implement tab functionality and updated add function.\n  Format changes\n  Modifications to uset guide\n\n# Conflicts:\n#\tdocs/UserGuide.md\n","fileTypesAndContributionMap":{}},{"hash":"518a9654710d0f61158833fa0290b2c89e5e2235","isMergeCommit":true,"messageTitle":"Merge branch \u0027add-multilevel-find\u0027 of https://github.com/waseemingly/tp into add-multilevel-find","messageBody":"* \u0027add-multilevel-find\u0027 of https://github.com/waseemingly/tp:\n  Implement add-developer, add-client and add-project\n\n# Conflicts:\n#\tsrc/main/java/seedu/address/logic/commands/add/AddClientCommand.java\n","fileTypesAndContributionMap":{}}]},{"date":"2023-10-27","commitResults":[{"hash":"842433a7b881c081bacabace3e94e9eb29ef36d0","isMergeCommit":true,"messageTitle":"Merge pull request #103 from Mahidharah/Branch-DevGuideAddDev+DeleteDev","messageBody":"Update UG for delete and add implemetations","fileTypesAndContributionMap":{}},{"hash":"a3e4443ed8f12b202e765c24ab8d5df2720e6bd5","isMergeCommit":true,"messageTitle":"Merge pull request #104 from emzm2023/user-guide","messageBody":"Modify edit commands in User Guide","fileTypesAndContributionMap":{}},{"hash":"0baea87e88bf9bfe94e748557642b401768faede","isMergeCommit":false,"messageTitle":"Add find project command Update developer guide for implementation of find","messageBody":"","fileTypesAndContributionMap":{"functional-code":{"insertions":362,"deletions":6},"docs":{"insertions":64,"deletions":20}}}]},{"date":"2023-10-29","commitResults":[{"hash":"25ed59ce7124639217c8046082eed887698b326a","isMergeCommit":true,"messageTitle":"Merge pull request #117 from emzm2023/master","messageBody":"Fix bug in edit project command and parser","fileTypesAndContributionMap":{}}]},{"date":"2023-10-30","commitResults":[{"hash":"b4b1c80c3d948c759490d798ad6c935b3c479ce4","isMergeCommit":false,"messageTitle":"Update messages for finding clients and projects","messageBody":"","fileTypesAndContributionMap":{"functional-code":{"insertions":21,"deletions":11},"other":{"insertions":39,"deletions":19},"test-code":{"insertions":4,"deletions":2}}},{"hash":"8171590bd0d269f17f98e5d1bc72dcc57695d94c","isMergeCommit":true,"messageTitle":"Merge pull request #122 from waseemingly/modify-find-client","messageBody":"Update messages for finding clients and projects","fileTypesAndContributionMap":{}}]}],"mingyu-wan":[{"date":"2023-10-03","commitResults":[{"hash":"f1749c50eb48b76f19eb08d636357adf6c947bcb","isMergeCommit":false,"messageTitle":"adapt aboutus","messageBody":"","fileTypesAndContributionMap":{"docs":{"insertions":60,"deletions":7}}}]},{"date":"2023-10-04","commitResults":[{"hash":"3923ce62ac5d5c855ddfee2885744b3f6c4a020c","isMergeCommit":true,"messageTitle":"Merge pull request #30 from mingyu-wan/adapt-about-us","messageBody":"Adapted AboutUs for Mingyu","fileTypesAndContributionMap":{}},{"hash":"268122814f0b4a4a6351212b272bfdc890094b9c","isMergeCommit":false,"messageTitle":"Modification of Developer Guide","messageBody":"","fileTypesAndContributionMap":{"docs":{"insertions":118,"deletions":25}}},{"hash":"620e27f7dcec73d338507a7a78a0f8cb8be14c17","isMergeCommit":true,"messageTitle":"Merge pull request #36 from mingyu-wan/adapt-developer-guide","messageBody":"Modification of Developer Guide","fileTypesAndContributionMap":{}}]},{"date":"2023-10-05","commitResults":[{"hash":"0cb466a1f7a4f82fe033847580f503654e339879","isMergeCommit":false,"messageTitle":"Modifications to adapt us","messageBody":"","fileTypesAndContributionMap":{"docs":{"insertions":20,"deletions":12}}},{"hash":"23b5196e40e8ac9abbd38893252b687659585fc3","isMergeCommit":true,"messageTitle":"Merge pull request #43 from mingyu-wan/adapt-developer-guide","messageBody":"Modifications to developer guide","fileTypesAndContributionMap":{}}]},{"date":"2023-10-10","commitResults":[{"hash":"94f5b175c1da900c75f4f753a2b83240232548de","isMergeCommit":true,"messageTitle":"Merge pull request #49 from mingyu-wan/adapt-website","messageBody":"Modifcations for website","fileTypesAndContributionMap":{}},{"hash":"9291f9e76d505a4839cc4b1823db1255698f0454","isMergeCommit":false,"messageTitle":"Remove traces of AB3","messageBody":"","fileTypesAndContributionMap":{"docs":{"insertions":54,"deletions":121}}},{"hash":"58e8f3912e2b393978a55cc6e94154aa82c5784e","isMergeCommit":true,"messageTitle":"Merge pull request #50 from mingyu-wan/adapt-website","messageBody":"Remove traces of AB3","fileTypesAndContributionMap":{}},{"hash":"78b5900257774fe8a72dbc46c8a23b89e8c51072","isMergeCommit":false,"messageTitle":"Remove traces of AB3","messageBody":"","fileTypesAndContributionMap":{"docs":{"insertions":3,"deletions":0}}}]},{"date":"2023-10-11","commitResults":[{"hash":"0c4feac388752491f146b41503fdb05593f88ea4","isMergeCommit":true,"messageTitle":"Merge pull request #51 from mingyu-wan/adapt-website","messageBody":"Remove traces of AB3","fileTypesAndContributionMap":{}},{"hash":"7655d616352bc1e9e262e6fb79774a12dc8a659a","isMergeCommit":false,"messageTitle":"Minor modification to AboutUs","messageBody":"","fileTypesAndContributionMap":{"docs":{"insertions":0,"deletions":11}}},{"hash":"921b7292f5cbc91e58ac749e01713d85a148dada","isMergeCommit":true,"messageTitle":"Merge pull request #52 from mingyu-wan/adapt-website","messageBody":"Minor modification to AboutUs","fileTypesAndContributionMap":{}}]},{"date":"2023-10-17","commitResults":[{"hash":"ceb4e9526aab916f76379342f6c68e6d58aa728c","isMergeCommit":false,"messageTitle":"Added Current User Class Modifies AddressBookParser so that user role is checked before commands all called","messageBody":"","fileTypesAndContributionMap":{"functional-code":{"insertions":35,"deletions":2}}},{"hash":"1262f609184ac24ef66b062b9f6c83e26bb422b9","isMergeCommit":false,"messageTitle":"Modify access for how different users can see different things","messageBody":"","fileTypesAndContributionMap":{"functional-code":{"insertions":61,"deletions":4},"test-code":{"insertions":0,"deletions":3}}}]},{"date":"2023-10-18","commitResults":[{"hash":"adf64a3b9f7b50c905c01740df5604b2a65f0f8d","isMergeCommit":true,"messageTitle":"Merge pull request #55 from mingyu-wan/Modifying-access-rights","messageBody":"Modify access rights","fileTypesAndContributionMap":{}},{"hash":"45b4cfd53f009434d82d51652e36355e835e9ac4","isMergeCommit":true,"messageTitle":"Merge pull request #57 from waseemingly/modify-find-command","messageBody":"Add extended functionality of find command","fileTypesAndContributionMap":{}},{"hash":"faccbf40e0ed6c859bbe01599b3c3bae0e11709d","isMergeCommit":true,"messageTitle":"Merge branch \u0027master\u0027 into editcommand-access-rights","messageBody":"","fileTypesAndContributionMap":{}},{"hash":"4826915f24b8d1ef9fa525d2a4811dc3758ee89e","isMergeCommit":true,"messageTitle":"Merge pull request #59 from emzm2023/editcommand-access-rights","messageBody":"Modify edit command to account for access rights","fileTypesAndContributionMap":{}},{"hash":"a9a067672cc637c89dcbaf8c3bbfe2ce4852c7e6","isMergeCommit":true,"messageTitle":"Merge pull request #60 from emzm2023/editcommand-access-rights","messageBody":"Resolve merge conflicts in main directory","fileTypesAndContributionMap":{}},{"hash":"eb6fd1915db2ab81405d31ba28014672035bd61b","isMergeCommit":true,"messageTitle":"Merge pull request #62 from emzm2023/currentuser-class","messageBody":"Combine CurrentUser and DummyCurrentUser class to CurrentUser class","fileTypesAndContributionMap":{}},{"hash":"43eeb67bd1ab435f0ee4c75bc06479d6fb34a43f","isMergeCommit":false,"messageTitle":"Minor changes to error thrown","messageBody":"","fileTypesAndContributionMap":{"functional-code":{"insertions":5,"deletions":6}}},{"hash":"ae2003236eb27d832fd3a957fe56c46681dc0a92","isMergeCommit":true,"messageTitle":"Merge pull request #64 from mingyu-wan/improve-access-rights","messageBody":"Minor changes to error thrown","fileTypesAndContributionMap":{}}]},{"date":"2023-10-19","commitResults":[{"hash":"4a1dc7d0f1a6361f5cc9b50653cf314fe1393a1e","isMergeCommit":false,"messageTitle":"Improvements on how restricted data is shown","messageBody":"","fileTypesAndContributionMap":{"functional-code":{"insertions":9,"deletions":5}}},{"hash":"9eddbc576b8dad8112671becc30ce8b21aa07240","isMergeCommit":true,"messageTitle":"Merge branch \u0027master\u0027 into improve-access-rights","messageBody":"","fileTypesAndContributionMap":{}},{"hash":"aae6ba47d3ea65b60530f4056417a021bb5ea823","isMergeCommit":true,"messageTitle":"Merge pull request #67 from mingyu-wan/improve-access-rights","messageBody":"Improvements on how restricted data is shown","fileTypesAndContributionMap":{}}]},{"date":"2023-10-20","commitResults":[{"hash":"2880ea689baee837863d4002cfcedb8714d51861","isMergeCommit":true,"messageTitle":"Merge pull request #70 from emzm2023/revert-access-rights","messageBody":"Revert access rights features and multi-user functionality","fileTypesAndContributionMap":{}}]},{"date":"2023-10-24","commitResults":[{"hash":"49c19c9b7e37863ce9b250f87a1ed2c516035b0d","isMergeCommit":false,"messageTitle":"Modifications to user guide","messageBody":"","fileTypesAndContributionMap":{"docs":{"insertions":31,"deletions":66},"test-code":{"insertions":0,"deletions":1}}},{"hash":"bdc9e512ecf3c5f7fdbc8c7d12854861fa4bebd8","isMergeCommit":true,"messageTitle":"Merge pull request #74 from mingyu-wan/v1.2-user-guide","messageBody":"Modifications to user guide","fileTypesAndContributionMap":{}}]},{"date":"2023-10-25","commitResults":[{"hash":"13df7ab65c310bcbc2dcc80cf0f0b14756661ac9","isMergeCommit":true,"messageTitle":"Merge pull request #78 from emzm2023/user-guide","messageBody":"Update Edit commands in User Guide","fileTypesAndContributionMap":{}},{"hash":"3c9caa544eb4c13f4a2b2a9ee51c0854a64734f4","isMergeCommit":true,"messageTitle":"Merge pull request #79 from Mahidharah/master","messageBody":"Additions to Client and Developer implementations","fileTypesAndContributionMap":{}}]},{"date":"2023-10-26","commitResults":[{"hash":"79be5bfa8c020fb52758b39089e5e890a47d2b30","isMergeCommit":false,"messageTitle":"Modifications to uset guide","messageBody":"","fileTypesAndContributionMap":{"docs":{"insertions":66,"deletions":16}}},{"hash":"a4c65caf6e9e165bf9d933a97d614f8c0cebdc61","isMergeCommit":true,"messageTitle":"Merge pull request #93 from mingyu-wan/modify-UG","messageBody":"Modifications to user guide","fileTypesAndContributionMap":{}},{"hash":"4cfe97c791bc9a88f5f275a84fc827d0086371b1","isMergeCommit":false,"messageTitle":"Format changes","messageBody":"","fileTypesAndContributionMap":{"docs":{"insertions":1,"deletions":0}}},{"hash":"4aba917d59a7fc16f32ee95b7b6676bbae82f7c9","isMergeCommit":true,"messageTitle":"Merge pull request #94 from mingyu-wan/modify-UG","messageBody":"Format changes","fileTypesAndContributionMap":{}},{"hash":"fb03a411cf181cafdea521603242cdf18dc4a633","isMergeCommit":false,"messageTitle":"Replace previous iterations user stories","messageBody":"","fileTypesAndContributionMap":{"docs":{"insertions":19,"deletions":24}}},{"hash":"3fcf4c977844532b0757ba5ab5e334631e432f04","isMergeCommit":true,"messageTitle":"Merge pull request #97 from mingyu-wan/modify-DG","messageBody":"Replace previous iterations user stories","fileTypesAndContributionMap":{}}]},{"date":"2023-10-27","commitResults":[{"hash":"d45cee18af81351f1a3799ac2f7065ab40b73f6f","isMergeCommit":false,"messageTitle":"enable assertions","messageBody":"","fileTypesAndContributionMap":{"other":{"insertions":3,"deletions":0}}},{"hash":"992ca212190d960d8e9b93a86ad50a979b3ed5df","isMergeCommit":true,"messageTitle":"Merge pull request #112 from mingyu-wan/master","messageBody":"enable assertions","fileTypesAndContributionMap":{}}]},{"date":"2023-10-28","commitResults":[{"hash":"b485db4c2b71b22de4c08afcf9c223e66ab05d1f","isMergeCommit":false,"messageTitle":"Implement list function","messageBody":"","fileTypesAndContributionMap":{"functional-code":{"insertions":101,"deletions":14},"other":{"insertions":7,"deletions":6},"test-code":{"insertions":6,"deletions":6}}},{"hash":"e1e7d3221e831a9f231149901214d3e41c3176ef","isMergeCommit":true,"messageTitle":"Merge branch \u0027master\u0027 into update-find-project","messageBody":"","fileTypesAndContributionMap":{}},{"hash":"c3c5c80bdaeddd9f32bf9942c275c70704a44a04","isMergeCommit":true,"messageTitle":"Merge pull request #106 from waseemingly/update-find-project","messageBody":"Add find project command","fileTypesAndContributionMap":{}},{"hash":"72f981c23f7833f8fc57af7e7e1337378a855826","isMergeCommit":true,"messageTitle":"Merge pull request #115 from emzm2023/edit-command","messageBody":"Edit command","fileTypesAndContributionMap":{}},{"hash":"68f40b35c1c6830f7593c0dd7501ceb8112bc26f","isMergeCommit":false,"messageTitle":"Minor edits to edit","messageBody":"","fileTypesAndContributionMap":{"functional-code":{"insertions":2,"deletions":5}}},{"hash":"2ff1358e32b57daff96fda4a044744bedd29b594","isMergeCommit":true,"messageTitle":"Merge pull request #116 from mingyu-wan/master","messageBody":"Minor edits to edit","fileTypesAndContributionMap":{}}]}],"Mahidharah":[{"date":"2023-10-03","commitResults":[{"hash":"1ecea8251c2e0ad3607d7c6ada0997e47f0fead0","isMergeCommit":false,"messageTitle":"Updated aboutus.md to include","messageBody":"","fileTypesAndContributionMap":{"docs":{"insertions":7,"deletions":7}}},{"hash":"c0ffd8791001d033ac34bb1052f76d3ac0b6f9a4","isMergeCommit":false,"messageTitle":"Created skeletal PPP for Mahi","messageBody":"Added file mahidharah.md","fileTypesAndContributionMap":{"docs":{"insertions":54,"deletions":0}}},{"hash":"ef72bf01f9472b78cbaac2da6f15206573c2ca1c","isMergeCommit":true,"messageTitle":"Merge pull request #26 from AY2324S1-CS2103T-T09-2/Mahidharah-skeletal-PPP","messageBody":"Created skeletal PPP for Mahi","fileTypesAndContributionMap":{}}]},{"date":"2023-10-24","commitResults":[{"hash":"2ddfd944d8648a974fd065d6647247fd82afafe9","isMergeCommit":true,"messageTitle":"Merge pull request #76 from ncmathan/Update-fields","messageBody":"Added subclasses of Person, Developer and Client","fileTypesAndContributionMap":{}}]},{"date":"2023-10-25","commitResults":[{"hash":"483c18b46257120c7c5724236bb1e333bc3df04c","isMergeCommit":false,"messageTitle":"Edited SampleData to include only developers and clients","messageBody":"Added new FXML files for developer and client cards\n\nAdded new ClientListCard and DeveloperListCard classes\n\nEdited a few classes to use developers and clients instead\n","fileTypesAndContributionMap":{"functional-code":{"insertions":248,"deletions":17},"docs":{"insertions":1,"deletions":1}}},{"hash":"b966773c402cf513822977312d77cc8ad15bab98","isMergeCommit":false,"messageTitle":"Revert \"Edited SampleData to include only developers and clients\"","messageBody":"This reverts commit 483c18b46257120c7c5724236bb1e333bc3df04c.\n","fileTypesAndContributionMap":{"functional-code":{"insertions":17,"deletions":248},"docs":{"insertions":1,"deletions":1}}},{"hash":"b1bf80227a0d8bc6392493babe662ba2e82c2faa","isMergeCommit":false,"messageTitle":"Revert \"Revert \"Edited SampleData to include only developers and clients\"\"","messageBody":"This reverts commit b966773c402cf513822977312d77cc8ad15bab98.\n","fileTypesAndContributionMap":{"functional-code":{"insertions":248,"deletions":17},"docs":{"insertions":1,"deletions":1}}},{"hash":"9871be651695ae6af014a5f1df984300437b673d","isMergeCommit":false,"messageTitle":"no message","messageBody":"","fileTypesAndContributionMap":{"functional-code":{"insertions":53,"deletions":31}}}]},{"date":"2023-10-26","commitResults":[{"hash":"c55eae65b0859db87b7859f82e1318bc5e1cd62d","isMergeCommit":false,"messageTitle":"Added Classes to add developers and delete developers and made necessary changes","messageBody":"","fileTypesAndContributionMap":{"functional-code":{"insertions":269,"deletions":249},"other":{"insertions":197,"deletions":197},"docs":{"insertions":49,"deletions":49},"test-code":{"insertions":121,"deletions":121}}},{"hash":"d296afb34491471be19e7fe1e9b022a379845a42","isMergeCommit":true,"messageTitle":"Merge branch \u0027master\u0027 into master","messageBody":"","fileTypesAndContributionMap":{}},{"hash":"4f9fdab876da5ffd4d6fd7fffbea4c7cd55ffc34","isMergeCommit":false,"messageTitle":"Update UserGuide.md","messageBody":"","fileTypesAndContributionMap":{"docs":{"insertions":1,"deletions":0}}},{"hash":"f18a484d8ebf9b3ca382439d1231a9b65215d2d3","isMergeCommit":false,"messageTitle":"Rename UserGuide2101 to UserGuide2101.md","messageBody":"","fileTypesAndContributionMap":{"docs":{"insertions":270,"deletions":0}}},{"hash":"5e870e0f18c3a567e811d6af0dad5fe18933bc3e","isMergeCommit":true,"messageTitle":"Merge pull request #2 from Mahidharah/Mahidharah-2101UG","messageBody":"Create UserGuide2101","fileTypesAndContributionMap":{}},{"hash":"4f6d1c8498d2a244a08a5a1b08b391b865b0ee19","isMergeCommit":false,"messageTitle":"Update UserGuide2101.md","messageBody":"","fileTypesAndContributionMap":{"docs":{"insertions":2,"deletions":2}}},{"hash":"7ab237be0eb5b69dfc6f8c015cde7f11b9669137","isMergeCommit":false,"messageTitle":"Update UserGuide2101.md","messageBody":"","fileTypesAndContributionMap":{"docs":{"insertions":2,"deletions":1}}},{"hash":"f728c5d6e86ce3f57e340b3f859930b4dac92f8c","isMergeCommit":false,"messageTitle":"Update UserGuide2101.md","messageBody":"","fileTypesAndContributionMap":{"docs":{"insertions":1,"deletions":1}}},{"hash":"82395267c85ac25f755183be44132320a333f492","isMergeCommit":false,"messageTitle":"Update UserGuide2101.md","messageBody":"","fileTypesAndContributionMap":{"docs":{"insertions":3,"deletions":2}}},{"hash":"707713103fc148eae9092846a2f4376d242c6da8","isMergeCommit":false,"messageTitle":"Update UserGuide2101.md","messageBody":"","fileTypesAndContributionMap":{"docs":{"insertions":1,"deletions":1}}},{"hash":"d44b034801206a748d77989a1cdfc04bd4ae3348","isMergeCommit":false,"messageTitle":"Update UserGuide2101.md","messageBody":"","fileTypesAndContributionMap":{"docs":{"insertions":12,"deletions":2}}},{"hash":"1e3b5cb354067b3c3055a97e4d03bcbccec6b4f8","isMergeCommit":true,"messageTitle":"Merge branch \u0027AY2324S1-CS2103T-T09-2:master\u0027 into master","messageBody":"","fileTypesAndContributionMap":{}},{"hash":"2f65c32ef3b8ade3cc180d6102b7b8be81131472","isMergeCommit":false,"messageTitle":"no message","messageBody":"","fileTypesAndContributionMap":{"docs":{"insertions":3,"deletions":2}}},{"hash":"aaa0a0ab987e0cd84345a9cf58da929ffdd67d50","isMergeCommit":true,"messageTitle":"Merge commit \u0027d44b034801206a748d77989a1cdfc04bd4ae3348\u0027 into Mahidharah-2101UG","messageBody":"* commit \u0027d44b034801206a748d77989a1cdfc04bd4ae3348\u0027:\n  Update UserGuide2101.md\n  Update UserGuide2101.md\n  Update UserGuide2101.md\n  Update UserGuide2101.md\n  Update UserGuide2101.md\n  Update UserGuide2101.md\n","fileTypesAndContributionMap":{}},{"hash":"9e4784264712226ac81901e63b24222fb1dba460","isMergeCommit":true,"messageTitle":"Merge branch \u0027Mahidharah-2101UG\u0027","messageBody":"* Mahidharah-2101UG:\n  no message\n","fileTypesAndContributionMap":{}},{"hash":"baa308cff74c7468ce06db6f540a715f01b57744","isMergeCommit":false,"messageTitle":"Added puml sequence diagram for deletedevelopercommand and edited devguide for implementations of adddevelopercomand and deletedevelopercommand","messageBody":"","fileTypesAndContributionMap":{"docs":{"insertions":112,"deletions":3}}}]}],"ncmathan":[{"date":"2023-10-05","commitResults":[{"hash":"8da5c31d234c6622b455e6f5a5d4d0ff1071640e","isMergeCommit":false,"messageTitle":"Upddate UserGuide","messageBody":"","fileTypesAndContributionMap":{"docs":{"insertions":171,"deletions":10}}},{"hash":"2ae4910aa090eae3040afad2a409b04c7ba8a903","isMergeCommit":true,"messageTitle":"Merge pull request #41 from ncmathan/update-UG","messageBody":"Update UserGuide","fileTypesAndContributionMap":{}},{"hash":"0af176689f83f5f7e336b5fd26a34c7ead982d4f","isMergeCommit":false,"messageTitle":"Update AboutUs.md Add ncmathan.md","messageBody":"","fileTypesAndContributionMap":{"docs":{"insertions":63,"deletions":0}}},{"hash":"5e5ebded95a2badfad41ef9098d168e19bbb2de4","isMergeCommit":true,"messageTitle":"Merge pull request #45 from ncmathan/update-AboutUs","messageBody":"Update AboutUs.md","fileTypesAndContributionMap":{}}]},{"date":"2023-10-14","commitResults":[{"hash":"d0d509caba9df3e8a58c5f0a5c77fb1f9e45c73f","isMergeCommit":false,"messageTitle":"Add DateJoined,Phone,Role,Salary","messageBody":"","fileTypesAndContributionMap":{"functional-code":{"insertions":6,"deletions":0}}},{"hash":"a67f4cdc9c75c20fcf9f3c27f0d787d4abe9f536","isMergeCommit":false,"messageTitle":"Add DateJoined,Phone,Role,Salary","messageBody":"","fileTypesAndContributionMap":{"functional-code":{"insertions":199,"deletions":5}}}]},{"date":"2023-10-17","commitResults":[{"hash":"344890aeef5e81f51cf487a9ef8099777f25f7b6","isMergeCommit":false,"messageTitle":"Add parameters DateJoined, Username, Password, Role, Salary. Replace tag with project. Updated Add command feature. Updated JsonAdaptedPerson and its test class","messageBody":"","fileTypesAndContributionMap":{"functional-code":{"insertions":560,"deletions":207},"other":{"insertions":14,"deletions":14},"test-code":{"insertions":183,"deletions":58}}},{"hash":"749885527024641245f18fe4bbe0289cec2344b6","isMergeCommit":true,"messageTitle":"Merge pull request #54 from ncmathan/Add-variables","messageBody":"Add parameters, update AddCommand","fileTypesAndContributionMap":{}}]},{"date":"2023-10-18","commitResults":[{"hash":"533c3935c23f6a100ee5d375fa3c4f43f8410ba4","isMergeCommit":false,"messageTitle":"Include placeholder values to make app functional","messageBody":"","fileTypesAndContributionMap":{"functional-code":{"insertions":7,"deletions":2}}},{"hash":"8fb917788fed272aeb665ce2f856fc41dbff4222","isMergeCommit":true,"messageTitle":"Merge pull request #63 from ncmathan/master","messageBody":"Include placeholder values to make app functional","fileTypesAndContributionMap":{}}]},{"date":"2023-10-19","commitResults":[{"hash":"02dbeda7ff3f60fa068387e911fb859913bf9e87","isMergeCommit":false,"messageTitle":"Add import command","messageBody":"","fileTypesAndContributionMap":{"functional-code":{"insertions":181,"deletions":9}}},{"hash":"892a2ecbfb261b49a4763768dcb1999f1ff2507e","isMergeCommit":true,"messageTitle":"Merge branch \u0027master\u0027 into import-command","messageBody":"","fileTypesAndContributionMap":{}},{"hash":"8310f8e712bc1215084a6839be506405f6f1350f","isMergeCommit":true,"messageTitle":"Merge pull request #68 from ncmathan/import-command","messageBody":"Add import command","fileTypesAndContributionMap":{}}]},{"date":"2023-10-22","commitResults":[{"hash":"0294d780986eded1d6fecac6479848c3f5d57789","isMergeCommit":true,"messageTitle":"Merge pull request #73 from emzm2023/project-class","messageBody":"Add fields Deadline, Name, and Description for Project class","fileTypesAndContributionMap":{}}]},{"date":"2023-10-24","commitResults":[{"hash":"dadd7199b3e5c8b2f13e326a739cfb7afa659016","isMergeCommit":false,"messageTitle":"Added subclasses of Person, Developer and Client","messageBody":"","fileTypesAndContributionMap":{"functional-code":{"insertions":361,"deletions":307},"other":{"insertions":15,"deletions":33},"test-code":{"insertions":44,"deletions":46}}}]},{"date":"2023-10-26","commitResults":[{"hash":"ea40f1cfb3b50d5a8de0fff4bd8ae62b0dcba5e7","isMergeCommit":false,"messageTitle":"Duplicated logic for Person into Logic for Developer, Client and Project","messageBody":"","fileTypesAndContributionMap":{"functional-code":{"insertions":1395,"deletions":265},"other":{"insertions":11,"deletions":10},"test-code":{"insertions":3,"deletions":3}}},{"hash":"deb2dff4b6184a30901b92560cdb662fba7d483c","isMergeCommit":true,"messageTitle":"Merge branch \u0027Update-fields\u0027 of https://github.com/ncmathan/tp into Update-fields","messageBody":"# Conflicts:\n#\tsrc/main/java/seedu/address/logic/Logic.java\n#\tsrc/main/java/seedu/address/logic/LogicManager.java\n#\tsrc/main/java/seedu/address/model/AddressBook.java\n#\tsrc/main/java/seedu/address/model/Model.java\n#\tsrc/main/java/seedu/address/model/ModelManager.java\n#\tsrc/main/java/seedu/address/model/ReadOnlyAddressBook.java\n#\tsrc/main/java/seedu/address/model/person/Developer.java\n#\tsrc/main/java/seedu/address/model/person/exceptions/PersonNotFoundException.java\n#\tsrc/main/java/seedu/address/storage/JsonAdaptedDeveloper.java\n#\tsrc/main/java/seedu/address/storage/JsonSerializableAddressBook.java\n#\tsrc/main/java/seedu/address/ui/ClientCard.java\n#\tsrc/main/java/seedu/address/ui/DeveloperListPanel.java\n#\tsrc/main/java/seedu/address/ui/PersonCard.java\n#\tsrc/main/resources/view/MainWindow.fxml\n","fileTypesAndContributionMap":{}},{"hash":"951ebf3c0d7bcbbba7b5c50f36f85eb171654c6c","isMergeCommit":false,"messageTitle":"Minor edits to get to a runnable version","messageBody":"","fileTypesAndContributionMap":{"functional-code":{"insertions":41,"deletions":189},"other":{"insertions":0,"deletions":3}}},{"hash":"c57774e67f29503e89aaa0df338dbfb6586b9e59","isMergeCommit":true,"messageTitle":"Merge pull request #92 from ncmathan/Update-fields","messageBody":"Update Logic and Model for Person to Developer, Client and Project","fileTypesAndContributionMap":{}},{"hash":"465eee0843f47aaa9490355e44e0e751db5aface","isMergeCommit":false,"messageTitle":"Implement tab functionality and updated add function.","messageBody":"","fileTypesAndContributionMap":{"functional-code":{"insertions":198,"deletions":27},"other":{"insertions":7,"deletions":4},"test-code":{"insertions":7,"deletions":5}}},{"hash":"d3968127cb5f2633ab58e4d84cb1a77688df0e0b","isMergeCommit":true,"messageTitle":"Merge pull request #96 from ncmathan/Update-add","messageBody":"Implement tab functionality and updated add function.","fileTypesAndContributionMap":{}},{"hash":"d1654ed75d9b23a7241b51c8ad52e537a5febf64","isMergeCommit":false,"messageTitle":"Implement add-developer, add-client and add-project","messageBody":"","fileTypesAndContributionMap":{"functional-code":{"insertions":291,"deletions":24},"other":{"insertions":2,"deletions":1},"test-code":{"insertions":1,"deletions":0}}},{"hash":"fbadbc5c948acc5a6f044907c6b63a4d661c307e","isMergeCommit":true,"messageTitle":"Merge pull request #102 from waseemingly/add-multilevel-find","messageBody":"Add multilevel find","fileTypesAndContributionMap":{}}]},{"date":"2023-10-27","commitResults":[{"hash":"ffd9fa14c1e8a5fc312abc2a46b3daa92ea0e0e2","isMergeCommit":false,"messageTitle":"Update UI and backend storage of Project","messageBody":"","fileTypesAndContributionMap":{"functional-code":{"insertions":603,"deletions":384}}},{"hash":"5c973e43af4a38b883dbee3ac9f74d314587b117","isMergeCommit":true,"messageTitle":"Merge branch \u0027Update-add\u0027 of https://github.com/ncmathan/tp into Update-add","messageBody":"","fileTypesAndContributionMap":{}},{"hash":"8486e2122482fcf9c0ac8c7f5b115549a78572e5","isMergeCommit":true,"messageTitle":"Merge pull request #110 from ncmathan/Update-UI","messageBody":"Update UI","fileTypesAndContributionMap":{}},{"hash":"9ee521831c968f0eb8649f739c38275683a043ef","isMergeCommit":false,"messageTitle":"Add implementation of import in DG","messageBody":"","fileTypesAndContributionMap":{"docs":{"insertions":30,"deletions":3}}},{"hash":"eeedc6db44778bbcf059b44dae57c355a21543a0","isMergeCommit":true,"messageTitle":"Merge pull request #109 from emzm2023/developer-guide","messageBody":"Update Developer Guide for implementation of edit commands","tags":["v1.3(trial)"],"fileTypesAndContributionMap":{}}]}],"emzm2023":[{"date":"2023-10-03","commitResults":[{"hash":"cb5190ca4972aafa81ad95bd7084d4313f883366","isMergeCommit":false,"messageTitle":"Update AboutUs.md","messageBody":"","fileTypesAndContributionMap":{"docs":{"insertions":4,"deletions":6}}},{"hash":"fa53ea19990ffbe3d3af7749121b9c6ae46c27c6","isMergeCommit":false,"messageTitle":"Add skeletal PPP","messageBody":"","fileTypesAndContributionMap":{"docs":{"insertions":52,"deletions":0}}},{"hash":"4772e557ce928a852ddadfa85345f8f6a3fbff5e","isMergeCommit":false,"messageTitle":"Update PPP","messageBody":"","fileTypesAndContributionMap":{"docs":{"insertions":2,"deletions":1}}},{"hash":"1e80a21dee1768bba450642622cb48619d001f22","isMergeCommit":false,"messageTitle":"Update DG","messageBody":"","fileTypesAndContributionMap":{"docs":{"insertions":48,"deletions":23}}}]},{"date":"2023-10-04","commitResults":[{"hash":"a7dd4e7752bc9f06d63a42c12b0b17f331cb6f4a","isMergeCommit":true,"messageTitle":"Merge branch \u0027master\u0027 into aboutus","messageBody":"","fileTypesAndContributionMap":{}},{"hash":"3b96156edd2789a651818161d43d157c8654530a","isMergeCommit":true,"messageTitle":"Merge pull request #33 from emzm2023/aboutus","messageBody":"Update AboutUs.md","fileTypesAndContributionMap":{}},{"hash":"263ddf73b6e045908de6d535aedc2ef13220b821","isMergeCommit":true,"messageTitle":"Merge pull request #32 from emzm2023/ppp","messageBody":"Add skeletal PPP for Elizabeth","fileTypesAndContributionMap":{}},{"hash":"83b544aad8d829ef5dc48823de15abb59e57e6e8","isMergeCommit":true,"messageTitle":"Merge pull request #35 from emzm2023/developer-guide","messageBody":"Update DeveloperGuide.md","fileTypesAndContributionMap":{}}]},{"date":"2023-10-18","commitResults":[{"hash":"d3ca5efb25208f8133fbc5768cecb0cc21853689","isMergeCommit":false,"messageTitle":"Modify edit command to account for access rights","messageBody":"EditCommand is generalised for all users which allows unauthorised\nusers to edit other users\u0027 details and restricted fields.\n\nModifying the edit command to account for access rights will\nresolve this and ensure that only authorised edit command calls\nare allowed.\n\nLets,\n* change EditCommand to an abstract class and create child classes\nEditOthersCommand and EditSelfCommand to account for different\nedit command syntax\n* modify EditCommandParser to return the right type of EditCommand\nand conduct checks to ensure access rights for respective edit\ncommand calls\n","fileTypesAndContributionMap":{"functional-code":{"insertions":1086,"deletions":292},"other":{"insertions":14,"deletions":14},"test-code":{"insertions":183,"deletions":58}}},{"hash":"9d4f9ee22ac118f9f54ff42da6dbba9defdc07c5","isMergeCommit":false,"messageTitle":"Resolve merge conflicts in main directory","messageBody":"","fileTypesAndContributionMap":{"functional-code":{"insertions":7,"deletions":71}}},{"hash":"2e40c03bfece1602c2b721bad3e79938e4aeee1a","isMergeCommit":false,"messageTitle":"Combine CurrentUser and DummyCurrentUser class to CurrentUser class","messageBody":"","fileTypesAndContributionMap":{"functional-code":{"insertions":12,"deletions":29}}}]},{"date":"2023-10-19","commitResults":[{"hash":"9e5794252dc6ba1d22b50626ac73430a11e2fced","isMergeCommit":false,"messageTitle":"Modify AddressBookParser to block out other commands before user login","messageBody":"","fileTypesAndContributionMap":{"functional-code":{"insertions":23,"deletions":2}}},{"hash":"c0179e89f259c53b8094c87062d560ca04f6e952","isMergeCommit":false,"messageTitle":"Modify ParseException messages","messageBody":"","fileTypesAndContributionMap":{"functional-code":{"insertions":4,"deletions":4}}},{"hash":"b52437b204bd602adff0741905321fe7aa39a282","isMergeCommit":true,"messageTitle":"Merge branch \u0027master\u0027 into pre-login-command-access","messageBody":"","fileTypesAndContributionMap":{}},{"hash":"445048185b9faf757106f89dfedd6a9b1f1f2813","isMergeCommit":true,"messageTitle":"Merge pull request #66 from emzm2023/pre-login-command-access","messageBody":" Modify AddressBookParser to block out other commands before user login","fileTypesAndContributionMap":{}}]},{"date":"2023-10-20","commitResults":[{"hash":"8f8a47b041ef76b4526e4fc5e5a460d8d7c3cb58","isMergeCommit":false,"messageTitle":"Undo changes to AddressBookParser","messageBody":"","fileTypesAndContributionMap":{"functional-code":{"insertions":4,"deletions":35}}},{"hash":"5b59d90fe83318c43cb5f0da898f1bbf8e151bea","isMergeCommit":false,"messageTitle":"Undo changes to PersonCard","messageBody":"","fileTypesAndContributionMap":{"functional-code":{"insertions":8,"deletions":31}}},{"hash":"7d4f692a4c5cb07ffe166ccc5da393946b93183d","isMergeCommit":false,"messageTitle":"Undo changes to Messages","messageBody":"","fileTypesAndContributionMap":{"functional-code":{"insertions":0,"deletions":5}}},{"hash":"bf13888d7dc80245e6796defb3bb821a20c15e53","isMergeCommit":false,"messageTitle":"Changes to EditCommand","messageBody":"","fileTypesAndContributionMap":{"functional-code":{"insertions":81,"deletions":15}}},{"hash":"e3f0050249221b9fb3ddbba9509d78810c2f815f","isMergeCommit":false,"messageTitle":"Delete CurrentUser class","messageBody":"","fileTypesAndContributionMap":{"functional-code":{"insertions":3,"deletions":34}}},{"hash":"18f2d4f2ab723a3cbcd6cc81bc81997bd6f26a4e","isMergeCommit":false,"messageTitle":"Modify EditCommand and other classes to remove access rights features","messageBody":"","fileTypesAndContributionMap":{"functional-code":{"insertions":11,"deletions":276}}},{"hash":"fd3489b95efa69cd42e96d7e3752b1e8f272a49c","isMergeCommit":false,"messageTitle":"Modify Name field for Project class","messageBody":"","fileTypesAndContributionMap":{"functional-code":{"insertions":25,"deletions":25},"other":{"insertions":17,"deletions":20},"test-code":{"insertions":14,"deletions":10}}}]},{"date":"2023-10-21","commitResults":[{"hash":"a04ee2fbbcc94d3c63d18542d37e1d5baf2e4225","isMergeCommit":false,"messageTitle":"Refactor Date and Name class to commons directory","messageBody":"","fileTypesAndContributionMap":{"functional-code":{"insertions":39,"deletions":33},"other":{"insertions":7,"deletions":8},"test-code":{"insertions":14,"deletions":12}}},{"hash":"eca87805017bdfaf7899b4634f88dbdc01e97bf0","isMergeCommit":false,"messageTitle":"Add Deadline, Description, and Name fields for Project class","messageBody":"","fileTypesAndContributionMap":{"functional-code":{"insertions":172,"deletions":13}}}]},{"date":"2023-10-25","commitResults":[{"hash":"d1397b0891bb066a4bb383ba9c56a22ebd1e3ab5","isMergeCommit":false,"messageTitle":"Update Edit commands in User Guide","messageBody":"","fileTypesAndContributionMap":{"docs":{"insertions":124,"deletions":41}}},{"hash":"cbed8ba5028b9baf98c3c9ea7a4bd1d0d83f776f","isMergeCommit":false,"messageTitle":"Make more changes to User Guide for Edit commands","messageBody":"","fileTypesAndContributionMap":{"docs":{"insertions":21,"deletions":12}}}]},{"date":"2023-10-26","commitResults":[{"hash":"b7fe6350e0e341221671eab630511881649f1339","isMergeCommit":false,"messageTitle":"Modify edit commands in User Guide","messageBody":"","fileTypesAndContributionMap":{"docs":{"insertions":9,"deletions":9}}},{"hash":"88d739ccd68f4fe8539354744bd822f60695339a","isMergeCommit":false,"messageTitle":"Remove name parameter for edit project in UG","messageBody":"","fileTypesAndContributionMap":{"docs":{"insertions":2,"deletions":3}}}]},{"date":"2023-10-27","commitResults":[{"hash":"3640ae5b2819e805e3b06e25d40aa8690a0197be","isMergeCommit":false,"messageTitle":"Create EditDeveloperCommand, EditClientCommand and EditProjectCommand classes","messageBody":"","fileTypesAndContributionMap":{"functional-code":{"insertions":793,"deletions":43},"docs":{"insertions":5,"deletions":5}}},{"hash":"fa266c9848f5e3e01843d153ec0ccc5c5f9ada8d","isMergeCommit":false,"messageTitle":"Create parser classes for each Edit Command","messageBody":"","fileTypesAndContributionMap":{"functional-code":{"insertions":132,"deletions":1}}},{"hash":"c71b9fe76ffb0907b96dccdac2b69c8558232d46","isMergeCommit":false,"messageTitle":"Modify EditDeveloperCommandParser","messageBody":"","fileTypesAndContributionMap":{"functional-code":{"insertions":13,"deletions":10}}},{"hash":"2bf1d1253e9de66a741969ee70eb1ea8914b54d7","isMergeCommit":false,"messageTitle":"Update Developer Guide for implementation of edit commands","messageBody":"","fileTypesAndContributionMap":{"docs":{"insertions":43,"deletions":0}}},{"hash":"099f8160dbfbe9cb7e4467280ca3a30e8b7db69d","isMergeCommit":true,"messageTitle":"Merge branch \u0027master\u0027 into developer-guide","messageBody":"","fileTypesAndContributionMap":{}},{"hash":"925be010b7967bca520bf03ea18ecaf5be19e59e","isMergeCommit":true,"messageTitle":"Merge pull request #111 from ncmathan/update-DG","messageBody":"Add implementation of import function in DG","fileTypesAndContributionMap":{}}]},{"date":"2023-10-28","commitResults":[{"hash":"6773b1fe9c8440db3fdcd97b4c588412477439f1","isMergeCommit":true,"messageTitle":"Merge pull request #113 from mingyu-wan/list-function-implementation","messageBody":"Implement list function","fileTypesAndContributionMap":{}},{"hash":"59fad752ed033a69ba0af0824ce3f9d123a5ddc3","isMergeCommit":false,"messageTitle":"Implement edit feature for Developer, Client, and Project classes","messageBody":"The AB3 Edit implementation covers only one Person class.\nThis cannot be used for Developer, Client, and Projects since\neach class contains different fields to be edited.\n\nLet\u0027s separate the EditCommand and EditCommandParser into\ndifferent classes accounting for Developer, Client, and Project.\n","fileTypesAndContributionMap":{"functional-code":{"insertions":357,"deletions":125},"other":{"insertions":46,"deletions":32},"test-code":{"insertions":10,"deletions":8}}},{"hash":"6bd47eef83e39315a675b259c69619fead1c0140","isMergeCommit":false,"messageTitle":"Delete EditCommand class","messageBody":"","fileTypesAndContributionMap":{"functional-code":{"insertions":2,"deletions":282},"test-code":{"insertions":0,"deletions":10}}},{"hash":"defe0d4e29aa9b1b5788209724aa68b3f1dada40","isMergeCommit":true,"messageTitle":"Merge branch \u0027master\u0027 into edit-command","messageBody":"","fileTypesAndContributionMap":{}}]},{"date":"2023-10-29","commitResults":[{"hash":"6cbfc64ef9666ace2eda17c42a0d6b1796a1b787","isMergeCommit":false,"messageTitle":"Fix bug in edit project command and parser","messageBody":"","fileTypesAndContributionMap":{"functional-code":{"insertions":3,"deletions":3}}}]}]},"authorFileTypeContributionMap":{"waseemingly":{"docs":122,"functional-code":1080,"test-code":26,"other":1},"mingyu-wan":{"docs":270,"functional-code":95,"test-code":9,"other":3},"Mahidharah":{"docs":468,"functional-code":310,"test-code":232},"ncmathan":{"docs":141,"functional-code":3026,"test-code":199,"other":3},"emzm2023":{"docs":241,"functional-code":1546,"test-code":20}},"authorContributionVariance":{"waseemingly":15077.364,"mingyu-wan":2404.8972,"Mahidharah":87434.88,"ncmathan":209349.36,"emzm2023":124553.82},"authorDisplayNameMap":{"waseemingly":"CS2103T-T09-2 MOHA..ALIK","mingyu-wan":"CS2103T-T09-2 WAN ..NGYU","Mahidharah":"CS2103T-T09-2 C MA..DRAN","ncmathan":"CS2103T-T09-2 MATH..THAN","emzm2023":"CS2103T-T09-2 ELIZ.. MIN"}}
